observation_date,series_id,tab_id,country_iso3,currency_iso3,label,value,unit,frequency,source_id,source_name,source_url,source_documentation_url,source_retrieved_at,transformation
1992-01-01,brent_oil_price,energy-industrial,,,Global price of Brent crude,18.15652174,USD_per_barrel,monthly,FRED_IMF_PCPS,IMF Primary Commodity Prices System series,https://fred.stlouisfed.org/categories/32217,https://data.imf.org/en/datasets/IMF.STA:PCPS,2026-08-31T14:34:11.595487Z,none
1992-02-01,brent_oil_price,energy-industrial,,,Global price of Brent crude,18.11,USD_per_barrel,monthly,FRED_IMF_PCPS,IMF Primary Commodity Prices System series,https://fred.stlouisfed.org/categories/32217,https://data.imf.org/en/datasets/IMF.STA:PCPS,2026-08-31T14:34:11.595487Z,none
1992-03-01,brent_oil_price,energy-industrial,,,Global price of Brent crude,17.65909091,USD_per_barrel,monthly,FRED_IMF_PCPS,IMF Primary Commodity Prices System series,https://fred.stlouisfed.org/categories/32217,https://data.imf.org/en/datasets/IMF.STA:PCPS,2026-08-31T14:34:11.595487Z,none
1992-04-01,brent_oil_price,energy-industrial,,,Global price of Brent crude,19.01590909,USD_per_barrel,monthly,FRED_IMF_PCPS,IMF Primary Commodity Prices System series,https://fred.stlouisfed.org/categories/32217,https://data.imf.org/en/datasets/IMF.STA:PCPS,2026-08-31T14:34:11.595487Z,none
1992-05-01,brent_oil_price,energy-industrial,,,Global price of Brent crude,19.98095238,USD_per_barrel,monthly,FRED_IMF_PCPS,IMF Primary Commodity Prices System series,https://fred.stlouisfed.org/categories/32217,https://data.imf.org/en/datasets/IMF.STA:PCPS,2026-08-31T14:34:11.595487Z,none
1992-06-01,brent_oil_price,energy-industrial,,,Global price of Brent crude,21.18863636,USD_per_barrel,monthly,FRED_IMF_PCPS,IMF Primary Commodity Prices System series,https://fred.stlouisfed.org/categories/32217,https://data.imf.org/en/datasets/IMF.STA:PCPS,2026-08-31T14:34:11.595487Z,none
1992-07-01,brent_oil_price,energy-industrial,,,Global price of Brent crude,20.32608696,USD_per_barrel,monthly,FRED_IMF_PCPS,IMF Primary Commodity Prices System series,https://fred.stlouisfed.org/categories/32217,https://data.imf.org/en/datasets/IMF.STA:PCPS,2026-08-31T14:34:11.595487Z,none
1992-08-01,brent_oil_price,energy-industrial,,,Global price of Brent crude,19.79285714,USD_per_barrel,monthly,FRED_IMF_PCPS,IMF Primary Commodity Prices System series,https://fred.stlouisfed.org/categories/32217,https://data.imf.org/en/datasets/IMF.STA:PCPS,2026-08-31T14:34:11.595487Z,none
1992-09-01,brent_oil_price,energy-industrial,,,Global price of Brent crude,20.28863636,USD_per_barrel,monthly,FRED_IMF_PCPS,IMF Primary Commodity Prices System series,https://fred.stlouisfed.org/categories/32217,https://data.imf.org/en/datasets/IMF.STA:PCPS,2026-08-31T14:34:11.595487Z,none
1992-10-01,brent_oil_price,energy-industrial,,,Global price of Brent crude,20.31136364,USD_per_barrel,monthly,FRED_IMF_PCPS,IMF Primary Commodity Prices System series,https://fred.stlouisfed.org/categories/32217,https://data.imf.org/en/datasets/IMF.STA:PCPS,2026-08-31T14:34:11.595487Z,none
1992-11-01,brent_oil_price,energy-industrial,,,Global price of Brent crude,19.19619048,USD_per_barrel,monthly,FRED_IMF_PCPS,IMF Primary Commodity Prices System series,https://fred.stlouisfed.org/categories/32217,https://data.imf.org/en/datasets/IMF.STA:PCPS,2026-08-31T14:34:11.595487Z,none
1992-12-01,brent_oil_price,energy-industrial,,,Global price of Brent crude,18.2726087,USD_per_barrel,monthly,FRED_IMF_PCPS,IMF Primary Commodity Prices System series,https://fred.stlouisfed.org/categories/32217,https://data.imf.org/en/datasets/IMF.STA:PCPS,2026-08-31T14:34:11.595487Z,none
1993-01-01,brent_oil_price,energy-industrial,,,Global price of Brent crude,17.50714286,USD_per_barrel,monthly,FRED_IMF_PCPS,IMF Primary Commodity Prices System series,https://fred.stlouisfed.org/categories/32217,https://data.imf.org/en/datasets/IMF.STA:PCPS,2026-08-31T14:34:11.595487Z,none
1993-02-01,brent_oil_price,energy-industrial,,,Global price of Brent crude,18.4455,USD_per_barrel,monthly,FRED_IMF_PCPS,IMF Primary Commodity Prices System series,https://fred.stlouisfed.org/categories/32217,https://data.imf.org/en/datasets/IMF.STA:PCPS,2026-08-31T14:34:11.595487Z,none
1993-03-01,brent_oil_price,energy-industrial,,,Global price of Brent crude,18.8426087,USD_per_barrel,monthly,FRED_IMF_PCPS,IMF Primary Commodity Prices System series,https://fred.stlouisfed.org/categories/32217,https://data.imf.org/en/datasets/IMF.STA:PCPS,2026-08-31T14:34:11.595487Z,none
1993-04-01,brent_oil_price,energy-industrial,,,Global price of Brent crude,18.78272727,USD_per_barrel,monthly,FRED_IMF_PCPS,IMF Primary Commodity Prices System series,https://fred.stlouisfed.org/categories/32217,https://data.imf.org/en/datasets/IMF.STA:PCPS,2026-08-31T14:34:11.595487Z,none
1993-05-01,brent_oil_price,energy-industrial,,,Global price of Brent crude,18.57809524,USD_per_barrel,monthly,FRED_IMF_PCPS,IMF Primary Commodity Prices System series,https://fred.stlouisfed.org/categories/32217,https://data.imf.org/en/datasets/IMF.STA:PCPS,2026-08-31T14:34:11.595487Z,none
1993-06-01,brent_oil_price,energy-industrial,,,Global price of Brent crude,17.63409091,USD_per_barrel,monthly,FRED_IMF_PCPS,IMF Primary Commodity Prices System series,https://fred.stlouisfed.org/categories/32217,https://data.imf.org/en/datasets/IMF.STA:PCPS,2026-08-31T14:34:11.595487Z,none
1993-07-01,brent_oil_price,energy-industrial,,,Global price of Brent crude,16.80863636,USD_per_barrel,monthly,FRED_IMF_PCPS,IMF Primary Commodity Prices System series,https://fred.stlouisfed.org/categories/32217,https://data.imf.org/en/datasets/IMF.STA:PCPS,2026-08-31T14:34:11.595487Z,none
1993-08-01,brent_oil_price,energy-industrial,,,Global price of Brent crude,16.83681818,USD_per_barrel,monthly,FRED_IMF_PCPS,IMF Primary Commodity Prices System series,https://fred.stlouisfed.org/categories/32217,https://data.imf.org/en/datasets/IMF.STA:PCPS,2026-08-31T14:34:11.595487Z,none
1993-09-01,brent_oil_price,energy-industrial,,,Global price of Brent crude,16.13954545,USD_per_barrel,monthly,FRED_IMF_PCPS,IMF Primary Commodity Prices System series,https://fred.stlouisfed.org/categories/32217,https://data.imf.org/en/datasets/IMF.STA:PCPS,2026-08-31T14:34:11.595487Z,none
1993-10-01,brent_oil_price,energy-industrial,,,Global price of Brent crude,16.64238095,USD_per_barrel,monthly,FRED_IMF_PCPS,IMF Primary Commodity Prices System series,https://fred.stlouisfed.org/categories/32217,https://data.imf.org/en/datasets/IMF.STA:PCPS,2026-08-31T14:34:11.595487Z,none
1993-11-01,brent_oil_price,energy-industrial,,,Global price of Brent crude,15.24,USD_per_barrel,monthly,FRED_IMF_PCPS,IMF Primary Commodity Prices System series,https://fred.stlouisfed.org/categories/32217,https://data.imf.org/en/datasets/IMF.STA:PCPS,2026-08-31T14:34:11.595487Z,none
1993-12-01,brent_oil_price,energy-industrial,,,Global price of Brent crude,13.55956522,USD_per_barrel,monthly,FRED_IMF_PCPS,IMF Primary Commodity Prices System series,https://fred.stlouisfed.org/categories/32217,https://data.imf.org/en/datasets/IMF.STA:PCPS,2026-08-31T14:34:11.595487Z,none
1994-01-01,brent_oil_price,energy-industrial,,,Global price of Brent crude,14.27380952,USD_per_barrel,monthly,FRED_IMF_PCPS,IMF Primary Commodity Prices System series,https://fred.stlouisfed.org/categories/32217,https://data.imf.org/en/datasets/IMF.STA:PCPS,2026-08-31T14:34:11.595487Z,none
1994-02-01,brent_oil_price,energy-industrial,,,Global price of Brent crude,13.7695,USD_per_barrel,monthly,FRED_IMF_PCPS,IMF Primary Commodity Prices System series,https://fred.stlouisfed.org/categories/32217,https://data.imf.org/en/datasets/IMF.STA:PCPS,2026-08-31T14:34:11.595487Z,none
1994-03-01,brent_oil_price,energy-industrial,,,Global price of Brent crude,13.77,USD_per_barrel,monthly,FRED_IMF_PCPS,IMF Primary Commodity Prices System series,https://fred.stlouisfed.org/categories/32217,https://data.imf.org/en/datasets/IMF.STA:PCPS,2026-08-31T14:34:11.595487Z,none
1994-04-01,brent_oil_price,energy-industrial,,,Global price of Brent crude,15.09380952,USD_per_barrel,monthly,FRED_IMF_PCPS,IMF Primary Commodity Prices System series,https://fred.stlouisfed.org/categories/32217,https://data.imf.org/en/datasets/IMF.STA:PCPS,2026-08-31T14:34:11.595487Z,none
1994-05-01,brent_oil_price,energy-industrial,,,Global price of Brent crude,16.42090909,USD_per_barrel,monthly,FRED_IMF_PCPS,IMF Primary Commodity Prices System series,https://fred.stlouisfed.org/categories/32217,https://data.imf.org/en/datasets/IMF.STA:PCPS,2026-08-31T14:34:11.595487Z,none
1994-06-01,brent_oil_price,energy-industrial,,,Global price of Brent crude,17.10545455,USD_per_barrel,monthly,FRED_IMF_PCPS,IMF Primary Commodity Prices System series,https://fred.stlouisfed.org/categories/32217,https://data.imf.org/en/datasets/IMF.STA:PCPS,2026-08-31T14:34:11.595487Z,none
1994-07-01,brent_oil_price,energy-industrial,,,Global price of Brent crude,18.1247619,USD_per_barrel,monthly,FRED_IMF_PCPS,IMF Primary Commodity Prices System series,https://fred.stlouisfed.org/categories/32217,https://data.imf.org/en/datasets/IMF.STA:PCPS,2026-08-31T14:34:11.595487Z,none
1994-08-01,brent_oil_price,energy-industrial,,,Global price of Brent crude,16.9126087,USD_per_barrel,monthly,FRED_IMF_PCPS,IMF Primary Commodity Prices System series,https://fred.stlouisfed.org/categories/32217,https://data.imf.org/en/datasets/IMF.STA:PCPS,2026-08-31T14:34:11.595487Z,none
1994-09-01,brent_oil_price,energy-industrial,,,Global price of Brent crude,16.03863636,USD_per_barrel,monthly,FRED_IMF_PCPS,IMF Primary Commodity Prices System series,https://fred.stlouisfed.org/categories/32217,https://data.imf.org/en/datasets/IMF.STA:PCPS,2026-08-31T14:34:11.595487Z,none
1994-10-01,brent_oil_price,energy-industrial,,,Global price of Brent crude,16.55095238,USD_per_barrel,monthly,FRED_IMF_PCPS,IMF Primary Commodity Prices System series,https://fred.stlouisfed.org/categories/32217,https://data.imf.org/en/datasets/IMF.STA:PCPS,2026-08-31T14:34:11.595487Z,none
1994-11-01,brent_oil_price,energy-industrial,,,Global price of Brent crude,17.41409091,USD_per_barrel,monthly,FRED_IMF_PCPS,IMF Primary Commodity Prices System series,https://fred.stlouisfed.org/categories/32217,https://data.imf.org/en/datasets/IMF.STA:PCPS,2026-08-31T14:34:11.595487Z,none
1994-12-01,brent_oil_price,energy-industrial,,,Global price of Brent crude,16.04136364,USD_per_barrel,monthly,FRED_IMF_PCPS,IMF Primary Commodity Prices System series,https://fred.stlouisfed.org/categories/32217,https://data.imf.org/en/datasets/IMF.STA:PCPS,2026-08-31T14:34:11.595487Z,none
1995-01-01,brent_oil_price,energy-industrial,,,Global price of Brent crude,16.65409091,USD_per_barrel,monthly,FRED_IMF_PCPS,IMF Primary Commodity Prices System series,https://fred.stlouisfed.org/categories/32217,https://data.imf.org/en/datasets/IMF.STA:PCPS,2026-08-31T14:34:11.595487Z,none
1995-02-01,brent_oil_price,energy-industrial,,,Global price of Brent crude,17.271,USD_per_barrel,monthly,FRED_IMF_PCPS,IMF Primary Commodity Prices System series,https://fred.stlouisfed.org/categories/32217,https://data.imf.org/en/datasets/IMF.STA:PCPS,2026-08-31T14:34:11.595487Z,none
1995-03-01,brent_oil_price,energy-industrial,,,Global price of Brent crude,17.23652174,USD_per_barrel,monthly,FRED_IMF_PCPS,IMF Primary Commodity Prices System series,https://fred.stlouisfed.org/categories/32217,https://data.imf.org/en/datasets/IMF.STA:PCPS,2026-08-31T14:34:11.595487Z,none
1995-04-01,brent_oil_price,energy-industrial,,,Global price of Brent crude,18.824,USD_per_barrel,monthly,FRED_IMF_PCPS,IMF Primary Commodity Prices System series,https://fred.stlouisfed.org/categories/32217,https://data.imf.org/en/datasets/IMF.STA:PCPS,2026-08-31T14:34:11.595487Z,none
1995-05-01,brent_oil_price,energy-industrial,,,Global price of Brent crude,18.67782609,USD_per_barrel,monthly,FRED_IMF_PCPS,IMF Primary Commodity Prices System series,https://fred.stlouisfed.org/categories/32217,https://data.imf.org/en/datasets/IMF.STA:PCPS,2026-08-31T14:34:11.595487Z,none
1995-06-01,brent_oil_price,energy-industrial,,,Global price of Brent crude,17.35318182,USD_per_barrel,monthly,FRED_IMF_PCPS,IMF Primary Commodity Prices System series,https://fred.stlouisfed.org/categories/32217,https://data.imf.org/en/datasets/IMF.STA:PCPS,2026-08-31T14:34:11.595487Z,none
1995-07-01,brent_oil_price,energy-industrial,,,Global price of Brent crude,16.08095238,USD_per_barrel,monthly,FRED_IMF_PCPS,IMF Primary Commodity Prices System series,https://fred.stlouisfed.org/categories/32217,https://data.imf.org/en/datasets/IMF.STA:PCPS,2026-08-31T14:34:11.595487Z,none
1995-08-01,brent_oil_price,energy-industrial,,,Global price of Brent crude,16.25521739,USD_per_barrel,monthly,FRED_IMF_PCPS,IMF Primary Commodity Prices System series,https://fred.stlouisfed.org/categories/32217,https://data.imf.org/en/datasets/IMF.STA:PCPS,2026-08-31T14:34:11.595487Z,none
1995-09-01,brent_oil_price,energy-industrial,,,Global price of Brent crude,16.69190476,USD_per_barrel,monthly,FRED_IMF_PCPS,IMF Primary Commodity Prices System series,https://fred.stlouisfed.org/categories/32217,https://data.imf.org/en/datasets/IMF.STA:PCPS,2026-08-31T14:34:11.595487Z,none
1995-10-01,brent_oil_price,energy-industrial,,,Global price of Brent crude,16.19363636,USD_per_barrel,monthly,FRED_IMF_PCPS,IMF Primary Commodity Prices System series,https://fred.stlouisfed.org/categories/32217,https://data.imf.org/en/datasets/IMF.STA:PCPS,2026-08-31T14:34:11.595487Z,none
1995-11-01,brent_oil_price,energy-industrial,,,Global price of Brent crude,16.91045455,USD_per_barrel,monthly,FRED_IMF_PCPS,IMF Primary Commodity Prices System series,https://fred.stlouisfed.org/categories/32217,https://data.imf.org/en/datasets/IMF.STA:PCPS,2026-08-31T14:34:11.595487Z,none
1995-12-01,brent_oil_price,energy-industrial,,,Global price of Brent crude,18.23619048,USD_per_barrel,monthly,FRED_IMF_PCPS,IMF Primary Commodity Prices System series,https://fred.stlouisfed.org/categories/32217,https://data.imf.org/en/datasets/IMF.STA:PCPS,2026-08-31T14:34:11.595487Z,none
1996-01-01,brent_oil_price,energy-industrial,,,Global price of Brent crude,18.13521739,USD_per_barrel,monthly,FRED_IMF_PCPS,IMF Primary Commodity Prices System series,https://fred.stlouisfed.org/categories/32217,https://data.imf.org/en/datasets/IMF.STA:PCPS,2026-08-31T14:34:11.595487Z,none
1996-02-01,brent_oil_price,energy-industrial,,,Global price of Brent crude,17.84619048,USD_per_barrel,monthly,FRED_IMF_PCPS,IMF Primary Commodity Prices System series,https://fred.stlouisfed.org/categories/32217,https://data.imf.org/en/datasets/IMF.STA:PCPS,2026-08-31T14:34:11.595487Z,none
1996-03-01,brent_oil_price,energy-industrial,,,Global price of Brent crude,19.80952381,USD_per_barrel,monthly,FRED_IMF_PCPS,IMF Primary Commodity Prices System series,https://fred.stlouisfed.org/categories/32217,https://data.imf.org/en/datasets/IMF.STA:PCPS,2026-08-31T14:34:11.595487Z,none
1996-04-01,brent_oil_price,energy-industrial,,,Global price of Brent crude,21.20045455,USD_per_barrel,monthly,FRED_IMF_PCPS,IMF Primary Commodity Prices System series,https://fred.stlouisfed.org/categories/32217,https://data.imf.org/en/datasets/IMF.STA:PCPS,2026-08-31T14:34:11.595487Z,none
1996-05-01,brent_oil_price,energy-industrial,,,Global price of Brent crude,19.31913043,USD_per_barrel,monthly,FRED_IMF_PCPS,IMF Primary Commodity Prices System series,https://fred.stlouisfed.org/categories/32217,https://data.imf.org/en/datasets/IMF.STA:PCPS,2026-08-31T14:34:11.595487Z,none
1996-06-01,brent_oil_price,energy-industrial,,,Global price of Brent crude,18.5775,USD_per_barrel,monthly,FRED_IMF_PCPS,IMF Primary Commodity Prices System series,https://fred.stlouisfed.org/categories/32217,https://data.imf.org/en/datasets/IMF.STA:PCPS,2026-08-31T14:34:11.595487Z,none
1996-07-01,brent_oil_price,energy-industrial,,,Global price of Brent crude,19.71478261,USD_per_barrel,monthly,FRED_IMF_PCPS,IMF Primary Commodity Prices System series,https://fred.stlouisfed.org/categories/32217,https://data.imf.org/en/datasets/IMF.STA:PCPS,2026-08-31T14:34:11.595487Z,none
1996-08-01,brent_oil_price,energy-industrial,,,Global price of Brent crude,20.60590909,USD_per_barrel,monthly,FRED_IMF_PCPS,IMF Primary Commodity Prices System series,https://fred.stlouisfed.org/categories/32217,https://data.imf.org/en/datasets/IMF.STA:PCPS,2026-08-31T14:34:11.595487Z,none
1996-09-01,brent_oil_price,energy-industrial,,,Global price of Brent crude,23.08142857,USD_per_barrel,monthly,FRED_IMF_PCPS,IMF Primary Commodity Prices System series,https://fred.stlouisfed.org/categories/32217,https://data.imf.org/en/datasets/IMF.STA:PCPS,2026-08-31T14:34:11.595487Z,none
1996-10-01,brent_oil_price,energy-industrial,,,Global price of Brent crude,24.27347826,USD_per_barrel,monthly,FRED_IMF_PCPS,IMF Primary Commodity Prices System series,https://fred.stlouisfed.org/categories/32217,https://data.imf.org/en/datasets/IMF.STA:PCPS,2026-08-31T14:34:11.595487Z,none
1996-11-01,brent_oil_price,energy-industrial,,,Global price of Brent crude,23.10238095,USD_per_barrel,monthly,FRED_IMF_PCPS,IMF Primary Commodity Prices System series,https://fred.stlouisfed.org/categories/32217,https://data.imf.org/en/datasets/IMF.STA:PCPS,2026-08-31T14:34:11.595487Z,none
1996-12-01,brent_oil_price,energy-industrial,,,Global price of Brent crude,24.03636364,USD_per_barrel,monthly,FRED_IMF_PCPS,IMF Primary Commodity Prices System series,https://fred.stlouisfed.org/categories/32217,https://data.imf.org/en/datasets/IMF.STA:PCPS,2026-08-31T14:34:11.595487Z,none
1997-01-01,brent_oil_price,energy-industrial,,,Global price of Brent crude,23.60565217,USD_per_barrel,monthly,FRED_IMF_PCPS,IMF Primary Commodity Prices System series,https://fred.stlouisfed.org/categories/32217,https://data.imf.org/en/datasets/IMF.STA:PCPS,2026-08-31T14:34:11.595487Z,none
1997-02-01,brent_oil_price,energy-industrial,,,Global price of Brent crude,20.9205,USD_per_barrel,monthly,FRED_IMF_PCPS,IMF Primary Commodity Prices System series,https://fred.stlouisfed.org/categories/32217,https://data.imf.org/en/datasets/IMF.STA:PCPS,2026-08-31T14:34:11.595487Z,none
1997-03-01,brent_oil_price,energy-industrial,,,Global price of Brent crude,19.55952381,USD_per_barrel,monthly,FRED_IMF_PCPS,IMF Primary Commodity Prices System series,https://fred.stlouisfed.org/categories/32217,https://data.imf.org/en/datasets/IMF.STA:PCPS,2026-08-31T14:34:11.595487Z,none
1997-04-01,brent_oil_price,energy-industrial,,,Global price of Brent crude,17.77545455,USD_per_barrel,monthly,FRED_IMF_PCPS,IMF Primary Commodity Prices System series,https://fred.stlouisfed.org/categories/32217,https://data.imf.org/en/datasets/IMF.STA:PCPS,2026-08-31T14:34:11.595487Z,none
1997-05-01,brent_oil_price,energy-industrial,,,Global price of Brent crude,19.24545455,USD_per_barrel,monthly,FRED_IMF_PCPS,IMF Primary Commodity Prices System series,https://fred.stlouisfed.org/categories/32217,https://data.imf.org/en/datasets/IMF.STA:PCPS,2026-08-31T14:34:11.595487Z,none
1997-06-01,brent_oil_price,energy-industrial,,,Global price of Brent crude,17.80380952,USD_per_barrel,monthly,FRED_IMF_PCPS,IMF Primary Commodity Prices System series,https://fred.stlouisfed.org/categories/32217,https://data.imf.org/en/datasets/IMF.STA:PCPS,2026-08-31T14:34:11.595487Z,none
1997-07-01,brent_oil_price,energy-industrial,,,Global price of Brent crude,18.55652174,USD_per_barrel,monthly,FRED_IMF_PCPS,IMF Primary Commodity Prices System series,https://fred.stlouisfed.org/categories/32217,https://data.imf.org/en/datasets/IMF.STA:PCPS,2026-08-31T14:34:11.595487Z,none
1997-08-01,brent_oil_price,energy-industrial,,,Global price of Brent crude,18.81571429,USD_per_barrel,monthly,FRED_IMF_PCPS,IMF Primary Commodity Prices System series,https://fred.stlouisfed.org/categories/32217,https://data.imf.org/en/datasets/IMF.STA:PCPS,2026-08-31T14:34:11.595487Z,none
1997-09-01,brent_oil_price,energy-industrial,,,Global price of Brent crude,18.58181818,USD_per_barrel,monthly,FRED_IMF_PCPS,IMF Primary Commodity Prices System series,https://fred.stlouisfed.org/categories/32217,https://data.imf.org/en/datasets/IMF.STA:PCPS,2026-08-31T14:34:11.595487Z,none
1997-10-01,brent_oil_price,energy-industrial,,,Global price of Brent crude,20.1326087,USD_per_barrel,monthly,FRED_IMF_PCPS,IMF Primary Commodity Prices System series,https://fred.stlouisfed.org/categories/32217,https://data.imf.org/en/datasets/IMF.STA:PCPS,2026-08-31T14:34:11.595487Z,none
1997-11-01,brent_oil_price,energy-industrial,,,Global price of Brent crude,19.309,USD_per_barrel,monthly,FRED_IMF_PCPS,IMF Primary Commodity Prices System series,https://fred.stlouisfed.org/categories/32217,https://data.imf.org/en/datasets/IMF.STA:PCPS,2026-08-31T14:34:11.595487Z,none
1997-12-01,brent_oil_price,energy-industrial,,,Global price of Brent crude,17.41782609,USD_per_barrel,monthly,FRED_IMF_PCPS,IMF Primary Commodity Prices System series,https://fred.stlouisfed.org/categories/32217,https://data.imf.org/en/datasets/IMF.STA:PCPS,2026-08-31T14:34:11.595487Z,none
1998-01-01,brent_oil_price,energy-industrial,,,Global price of Brent crude,15.51045455,USD_per_barrel,monthly,FRED_IMF_PCPS,IMF Primary Commodity Prices System series,https://fred.stlouisfed.org/categories/32217,https://data.imf.org/en/datasets/IMF.STA:PCPS,2026-08-31T14:34:11.595487Z,none
1998-02-01,brent_oil_price,energy-industrial,,,Global price of Brent crude,14.366,USD_per_barrel,monthly,FRED_IMF_PCPS,IMF Primary Commodity Prices System series,https://fred.stlouisfed.org/categories/32217,https://data.imf.org/en/datasets/IMF.STA:PCPS,2026-08-31T14:34:11.595487Z,none
1998-03-01,brent_oil_price,energy-industrial,,,Global price of Brent crude,13.46,USD_per_barrel,monthly,FRED_IMF_PCPS,IMF Primary Commodity Prices System series,https://fred.stlouisfed.org/categories/32217,https://data.imf.org/en/datasets/IMF.STA:PCPS,2026-08-31T14:34:11.595487Z,none
1998-04-01,brent_oil_price,energy-industrial,,,Global price of Brent crude,13.80909091,USD_per_barrel,monthly,FRED_IMF_PCPS,IMF Primary Commodity Prices System series,https://fred.stlouisfed.org/categories/32217,https://data.imf.org/en/datasets/IMF.STA:PCPS,2026-08-31T14:34:11.595487Z,none
1998-05-01,brent_oil_price,energy-industrial,,,Global price of Brent crude,14.50857143,USD_per_barrel,monthly,FRED_IMF_PCPS,IMF Primary Commodity Prices System series,https://fred.stlouisfed.org/categories/32217,https://data.imf.org/en/datasets/IMF.STA:PCPS,2026-08-31T14:34:11.595487Z,none
1998-06-01,brent_oil_price,energy-industrial,,,Global price of Brent crude,13.05954545,USD_per_barrel,monthly,FRED_IMF_PCPS,IMF Primary Commodity Prices System series,https://fred.stlouisfed.org/categories/32217,https://data.imf.org/en/datasets/IMF.STA:PCPS,2026-08-31T14:34:11.595487Z,none
1998-07-01,brent_oil_price,energy-industrial,,,Global price of Brent crude,12.52347826,USD_per_barrel,monthly,FRED_IMF_PCPS,IMF Primary Commodity Prices System series,https://fred.stlouisfed.org/categories/32217,https://data.imf.org/en/datasets/IMF.STA:PCPS,2026-08-31T14:34:11.595487Z,none
1998-08-01,brent_oil_price,energy-industrial,,,Global price of Brent crude,12.15285714,USD_per_barrel,monthly,FRED_IMF_PCPS,IMF Primary Commodity Prices System series,https://fred.stlouisfed.org/categories/32217,https://data.imf.org/en/datasets/IMF.STA:PCPS,2026-08-31T14:34:11.595487Z,none
1998-09-01,brent_oil_price,energy-industrial,,,Global price of Brent crude,13.62636364,USD_per_barrel,monthly,FRED_IMF_PCPS,IMF Primary Commodity Prices System series,https://fred.stlouisfed.org/categories/32217,https://data.imf.org/en/datasets/IMF.STA:PCPS,2026-08-31T14:34:11.595487Z,none
1998-10-01,brent_oil_price,energy-industrial,,,Global price of Brent crude,12.89636364,USD_per_barrel,monthly,FRED_IMF_PCPS,IMF Primary Commodity Prices System series,https://fred.stlouisfed.org/categories/32217,https://data.imf.org/en/datasets/IMF.STA:PCPS,2026-08-31T14:34:11.595487Z,none
1998-11-01,brent_oil_price,energy-industrial,,,Global price of Brent crude,11.44190476,USD_per_barrel,monthly,FRED_IMF_PCPS,IMF Primary Commodity Prices System series,https://fred.stlouisfed.org/categories/32217,https://data.imf.org/en/datasets/IMF.STA:PCPS,2026-08-31T14:34:11.595487Z,none
1998-12-01,brent_oil_price,energy-industrial,,,Global price of Brent crude,10.16,USD_per_barrel,monthly,FRED_IMF_PCPS,IMF Primary Commodity Prices System series,https://fred.stlouisfed.org/categories/32217,https://data.imf.org/en/datasets/IMF.STA:PCPS,2026-08-31T14:34:11.595487Z,none
1999-01-01,brent_oil_price,energy-industrial,,,Global price of Brent crude,11.18666667,USD_per_barrel,monthly,FRED_IMF_PCPS,IMF Primary Commodity Prices System series,https://fred.stlouisfed.org/categories/32217,https://data.imf.org/en/datasets/IMF.STA:PCPS,2026-08-31T14:34:11.595487Z,none
1999-02-01,brent_oil_price,energy-industrial,,,Global price of Brent crude,10.4295,USD_per_barrel,monthly,FRED_IMF_PCPS,IMF Primary Commodity Prices System series,https://fred.stlouisfed.org/categories/32217,https://data.imf.org/en/datasets/IMF.STA:PCPS,2026-08-31T14:34:11.595487Z,none
1999-03-01,brent_oil_price,energy-industrial,,,Global price of Brent crude,12.88521739,USD_per_barrel,monthly,FRED_IMF_PCPS,IMF Primary Commodity Prices System series,https://fred.stlouisfed.org/categories/32217,https://data.imf.org/en/datasets/IMF.STA:PCPS,2026-08-31T14:34:11.595487Z,none
1999-04-01,brent_oil_price,energy-industrial,,,Global price of Brent crude,15.50090909,USD_per_barrel,monthly,FRED_IMF_PCPS,IMF Primary Commodity Prices System series,https://fred.stlouisfed.org/categories/32217,https://data.imf.org/en/datasets/IMF.STA:PCPS,2026-08-31T14:34:11.595487Z,none
1999-05-01,brent_oil_price,energy-industrial,,,Global price of Brent crude,15.67,USD_per_barrel,monthly,FRED_IMF_PCPS,IMF Primary Commodity Prices System series,https://fred.stlouisfed.org/categories/32217,https://data.imf.org/en/datasets/IMF.STA:PCPS,2026-08-31T14:34:11.595487Z,none
1999-06-01,brent_oil_price,energy-industrial,,,Global price of Brent crude,16.13181818,USD_per_barrel,monthly,FRED_IMF_PCPS,IMF Primary Commodity Prices System series,https://fred.stlouisfed.org/categories/32217,https://data.imf.org/en/datasets/IMF.STA:PCPS,2026-08-31T14:34:11.595487Z,none
1999-07-01,brent_oil_price,energy-industrial,,,Global price of Brent crude,19.03227273,USD_per_barrel,monthly,FRED_IMF_PCPS,IMF Primary Commodity Prices System series,https://fred.stlouisfed.org/categories/32217,https://data.imf.org/en/datasets/IMF.STA:PCPS,2026-08-31T14:34:11.595487Z,none
1999-08-01,brent_oil_price,energy-industrial,,,Global price of Brent crude,20.59772727,USD_per_barrel,monthly,FRED_IMF_PCPS,IMF Primary Commodity Prices System series,https://fred.stlouisfed.org/categories/32217,https://data.imf.org/en/datasets/IMF.STA:PCPS,2026-08-31T14:34:11.595487Z,none
1999-09-01,brent_oil_price,energy-industrial,,,Global price of Brent crude,23.14954545,USD_per_barrel,monthly,FRED_IMF_PCPS,IMF Primary Commodity Prices System series,https://fred.stlouisfed.org/categories/32217,https://data.imf.org/en/datasets/IMF.STA:PCPS,2026-08-31T14:34:11.595487Z,none
1999-10-01,brent_oil_price,energy-industrial,,,Global price of Brent crude,22.17857143,USD_per_barrel,monthly,FRED_IMF_PCPS,IMF Primary Commodity Prices System series,https://fred.stlouisfed.org/categories/32217,https://data.imf.org/en/datasets/IMF.STA:PCPS,2026-08-31T14:34:11.595487Z,none
1999-11-01,brent_oil_price,energy-industrial,,,Global price of Brent crude,24.83727273,USD_per_barrel,monthly,FRED_IMF_PCPS,IMF Primary Commodity Prices System series,https://fred.stlouisfed.org/categories/32217,https://data.imf.org/en/datasets/IMF.STA:PCPS,2026-08-31T14:34:11.595487Z,none
1999-12-01,brent_oil_price,energy-industrial,,,Global price of Brent crude,25.69913043,USD_per_barrel,monthly,FRED_IMF_PCPS,IMF Primary Commodity Prices System series,https://fred.stlouisfed.org/categories/32217,https://data.imf.org/en/datasets/IMF.STA:PCPS,2026-08-31T14:34:11.595487Z,none
2000-01-01,brent_oil_price,energy-industrial,,,Global price of Brent crude,25.63333333,USD_per_barrel,monthly,FRED_IMF_PCPS,IMF Primary Commodity Prices System series,https://fred.stlouisfed.org/categories/32217,https://data.imf.org/en/datasets/IMF.STA:PCPS,2026-08-31T14:34:11.595487Z,none
2000-02-01,brent_oil_price,energy-industrial,,,Global price of Brent crude,28.03047619,USD_per_barrel,monthly,FRED_IMF_PCPS,IMF Primary Commodity Prices System series,https://fred.stlouisfed.org/categories/32217,https://data.imf.org/en/datasets/IMF.STA:PCPS,2026-08-31T14:34:11.595487Z,none
2000-03-01,brent_oil_price,energy-industrial,,,Global price of Brent crude,27.49434783,USD_per_barrel,monthly,FRED_IMF_PCPS,IMF Primary Commodity Prices System series,https://fred.stlouisfed.org/categories/32217,https://data.imf.org/en/datasets/IMF.STA:PCPS,2026-08-31T14:34:11.595487Z,none
2000-04-01,brent_oil_price,energy-industrial,,,Global price of Brent crude,23.1535,USD_per_barrel,monthly,FRED_IMF_PCPS,IMF Primary Commodity Prices System series,https://fred.stlouisfed.org/categories/32217,https://data.imf.org/en/datasets/IMF.STA:PCPS,2026-08-31T14:34:11.595487Z,none
2000-05-01,brent_oil_price,energy-industrial,,,Global price of Brent crude,27.80521739,USD_per_barrel,monthly,FRED_IMF_PCPS,IMF Primary Commodity Prices System series,https://fred.stlouisfed.org/categories/32217,https://data.imf.org/en/datasets/IMF.STA:PCPS,2026-08-31T14:34:11.595487Z,none
2000-06-01,brent_oil_price,energy-industrial,,,Global price of Brent crude,30.48318182,USD_per_barrel,monthly,FRED_IMF_PCPS,IMF Primary Commodity Prices System series,https://fred.stlouisfed.org/categories/32217,https://data.imf.org/en/datasets/IMF.STA:PCPS,2026-08-31T14:34:11.595487Z,none
2000-07-01,brent_oil_price,energy-industrial,,,Global price of Brent crude,28.89428571,USD_per_barrel,monthly,FRED_IMF_PCPS,IMF Primary Commodity Prices System series,https://fred.stlouisfed.org/categories/32217,https://data.imf.org/en/datasets/IMF.STA:PCPS,2026-08-31T14:34:11.595487Z,none
2000-08-01,brent_oil_price,energy-industrial,,,Global price of Brent crude,31.62913043,USD_per_barrel,monthly,FRED_IMF_PCPS,IMF Primary Commodity Prices System series,https://fred.stlouisfed.org/categories/32217,https://data.imf.org/en/datasets/IMF.STA:PCPS,2026-08-31T14:34:11.595487Z,none
2000-09-01,brent_oil_price,energy-industrial,,,Global price of Brent crude,33.36047619,USD_per_barrel,monthly,FRED_IMF_PCPS,IMF Primary Commodity Prices System series,https://fred.stlouisfed.org/categories/32217,https://data.imf.org/en/datasets/IMF.STA:PCPS,2026-08-31T14:34:11.595487Z,none
2000-10-01,brent_oil_price,energy-industrial,,,Global price of Brent crude,31.30272727,USD_per_barrel,monthly,FRED_IMF_PCPS,IMF Primary Commodity Prices System series,https://fred.stlouisfed.org/categories/32217,https://data.imf.org/en/datasets/IMF.STA:PCPS,2026-08-31T14:34:11.595487Z,none
2000-11-01,brent_oil_price,energy-industrial,,,Global price of Brent crude,32.88090909,USD_per_barrel,monthly,FRED_IMF_PCPS,IMF Primary Commodity Prices System series,https://fred.stlouisfed.org/categories/32217,https://data.imf.org/en/datasets/IMF.STA:PCPS,2026-08-31T14:34:11.595487Z,none
2000-12-01,brent_oil_price,energy-industrial,,,Global price of Brent crude,25.47571429,USD_per_barrel,monthly,FRED_IMF_PCPS,IMF Primary Commodity Prices System series,https://fred.stlouisfed.org/categories/32217,https://data.imf.org/en/datasets/IMF.STA:PCPS,2026-08-31T14:34:11.595487Z,none
2001-01-01,brent_oil_price,energy-industrial,,,Global price of Brent crude,25.79,USD_per_barrel,monthly,FRED_IMF_PCPS,IMF Primary Commodity Prices System series,https://fred.stlouisfed.org/categories/32217,https://data.imf.org/en/datasets/IMF.STA:PCPS,2026-08-31T14:34:11.595487Z,none
2001-02-01,brent_oil_price,energy-industrial,,,Global price of Brent crude,27.8965,USD_per_barrel,monthly,FRED_IMF_PCPS,IMF Primary Commodity Prices System series,https://fred.stlouisfed.org/categories/32217,https://data.imf.org/en/datasets/IMF.STA:PCPS,2026-08-31T14:34:11.595487Z,none
2001-03-01,brent_oil_price,energy-industrial,,,Global price of Brent crude,25.03454545,USD_per_barrel,monthly,FRED_IMF_PCPS,IMF Primary Commodity Prices System series,https://fred.stlouisfed.org/categories/32217,https://data.imf.org/en/datasets/IMF.STA:PCPS,2026-08-31T14:34:11.595487Z,none
2001-04-01,brent_oil_price,energy-industrial,,,Global price of Brent crude,26.01809524,USD_per_barrel,monthly,FRED_IMF_PCPS,IMF Primary Commodity Prices System series,https://fred.stlouisfed.org/categories/32217,https://data.imf.org/en/datasets/IMF.STA:PCPS,2026-08-31T14:34:11.595487Z,none
2001-05-01,brent_oil_price,energy-industrial,,,Global price of Brent crude,28.43826087,USD_per_barrel,monthly,FRED_IMF_PCPS,IMF Primary Commodity Prices System series,https://fred.stlouisfed.org/categories/32217,https://data.imf.org/en/datasets/IMF.STA:PCPS,2026-08-31T14:34:11.595487Z,none
2001-06-01,brent_oil_price,energy-industrial,,,Global price of Brent crude,28.00380952,USD_per_barrel,monthly,FRED_IMF_PCPS,IMF Primary Commodity Prices System series,https://fred.stlouisfed.org/categories/32217,https://data.imf.org/en/datasets/IMF.STA:PCPS,2026-08-31T14:34:11.595487Z,none
2001-07-01,brent_oil_price,energy-industrial,,,Global price of Brent crude,24.99136364,USD_per_barrel,monthly,FRED_IMF_PCPS,IMF Primary Commodity Prices System series,https://fred.stlouisfed.org/categories/32217,https://data.imf.org/en/datasets/IMF.STA:PCPS,2026-08-31T14:34:11.595487Z,none
2001-08-01,brent_oil_price,energy-industrial,,,Global price of Brent crude,25.73608696,USD_per_barrel,monthly,FRED_IMF_PCPS,IMF Primary Commodity Prices System series,https://fred.stlouisfed.org/categories/32217,https://data.imf.org/en/datasets/IMF.STA:PCPS,2026-08-31T14:34:11.595487Z,none
2001-09-01,brent_oil_price,energy-industrial,,,Global price of Brent crude,25.837,USD_per_barrel,monthly,FRED_IMF_PCPS,IMF Primary Commodity Prices System series,https://fred.stlouisfed.org/categories/32217,https://data.imf.org/en/datasets/IMF.STA:PCPS,2026-08-31T14:34:11.595487Z,none
2001-10-01,brent_oil_price,energy-industrial,,,Global price of Brent crude,21.0326087,USD_per_barrel,monthly,FRED_IMF_PCPS,IMF Primary Commodity Prices System series,https://fred.stlouisfed.org/categories/32217,https://data.imf.org/en/datasets/IMF.STA:PCPS,2026-08-31T14:34:11.595487Z,none
2001-11-01,brent_oil_price,energy-industrial,,,Global price of Brent crude,19.10545455,USD_per_barrel,monthly,FRED_IMF_PCPS,IMF Primary Commodity Prices System series,https://fred.stlouisfed.org/categories/32217,https://data.imf.org/en/datasets/IMF.STA:PCPS,2026-08-31T14:34:11.595487Z,none
2001-12-01,brent_oil_price,energy-industrial,,,Global price of Brent crude,18.68142857,USD_per_barrel,monthly,FRED_IMF_PCPS,IMF Primary Commodity Prices System series,https://fred.stlouisfed.org/categories/32217,https://data.imf.org/en/datasets/IMF.STA:PCPS,2026-08-31T14:34:11.595487Z,none
2002-01-01,brent_oil_price,energy-industrial,,,Global price of Brent crude,20.03304348,USD_per_barrel,monthly,FRED_IMF_PCPS,IMF Primary Commodity Prices System series,https://fred.stlouisfed.org/categories/32217,https://data.imf.org/en/datasets/IMF.STA:PCPS,2026-08-31T14:34:11.595487Z,none
2002-02-01,brent_oil_price,energy-industrial,,,Global price of Brent crude,20.545,USD_per_barrel,monthly,FRED_IMF_PCPS,IMF Primary Commodity Prices System series,https://fred.stlouisfed.org/categories/32217,https://data.imf.org/en/datasets/IMF.STA:PCPS,2026-08-31T14:34:11.595487Z,none
2002-03-01,brent_oil_price,energy-industrial,,,Global price of Brent crude,24.00095238,USD_per_barrel,monthly,FRED_IMF_PCPS,IMF Primary Commodity Prices System series,https://fred.stlouisfed.org/categories/32217,https://data.imf.org/en/datasets/IMF.STA:PCPS,2026-08-31T14:34:11.595487Z,none
2002-04-01,brent_oil_price,energy-industrial,,,Global price of Brent crude,25.94545455,USD_per_barrel,monthly,FRED_IMF_PCPS,IMF Primary Commodity Prices System series,https://fred.stlouisfed.org/categories/32217,https://data.imf.org/en/datasets/IMF.STA:PCPS,2026-08-31T14:34:11.595487Z,none
2002-05-01,brent_oil_price,energy-industrial,,,Global price of Brent crude,25.54956522,USD_per_barrel,monthly,FRED_IMF_PCPS,IMF Primary Commodity Prices System series,https://fred.stlouisfed.org/categories/32217,https://data.imf.org/en/datasets/IMF.STA:PCPS,2026-08-31T14:34:11.595487Z,none
2002-06-01,brent_oil_price,energy-industrial,,,Global price of Brent crude,24.368,USD_per_barrel,monthly,FRED_IMF_PCPS,IMF Primary Commodity Prices System series,https://fred.stlouisfed.org/categories/32217,https://data.imf.org/en/datasets/IMF.STA:PCPS,2026-08-31T14:34:11.595487Z,none
2002-07-01,brent_oil_price,energy-industrial,,,Global price of Brent crude,25.85782609,USD_per_barrel,monthly,FRED_IMF_PCPS,IMF Primary Commodity Prices System series,https://fred.stlouisfed.org/categories/32217,https://data.imf.org/en/datasets/IMF.STA:PCPS,2026-08-31T14:34:11.595487Z,none
2002-08-01,brent_oil_price,energy-industrial,,,Global price of Brent crude,26.62,USD_per_barrel,monthly,FRED_IMF_PCPS,IMF Primary Commodity Prices System series,https://fred.stlouisfed.org/categories/32217,https://data.imf.org/en/datasets/IMF.STA:PCPS,2026-08-31T14:34:11.595487Z,none
2002-09-01,brent_oil_price,energy-industrial,,,Global price of Brent crude,28.37095238,USD_per_barrel,monthly,FRED_IMF_PCPS,IMF Primary Commodity Prices System series,https://fred.stlouisfed.org/categories/32217,https://data.imf.org/en/datasets/IMF.STA:PCPS,2026-08-31T14:34:11.595487Z,none
2002-10-01,brent_oil_price,energy-industrial,,,Global price of Brent crude,27.5226087,USD_per_barrel,monthly,FRED_IMF_PCPS,IMF Primary Commodity Prices System series,https://fred.stlouisfed.org/categories/32217,https://data.imf.org/en/datasets/IMF.STA:PCPS,2026-08-31T14:34:11.595487Z,none
2002-11-01,brent_oil_price,energy-industrial,,,Global price of Brent crude,24.25047619,USD_per_barrel,monthly,FRED_IMF_PCPS,IMF Primary Commodity Prices System series,https://fred.stlouisfed.org/categories/32217,https://data.imf.org/en/datasets/IMF.STA:PCPS,2026-08-31T14:34:11.595487Z,none
2002-12-01,brent_oil_price,energy-industrial,,,Global price of Brent crude,28.31727273,USD_per_barrel,monthly,FRED_IMF_PCPS,IMF Primary Commodity Prices System series,https://fred.stlouisfed.org/categories/32217,https://data.imf.org/en/datasets/IMF.STA:PCPS,2026-08-31T14:34:11.595487Z,none
2003-01-01,brent_oil_price,energy-industrial,,,Global price of Brent crude,30.80869565,USD_per_barrel,monthly,FRED_IMF_PCPS,IMF Primary Commodity Prices System series,https://fred.stlouisfed.org/categories/32217,https://data.imf.org/en/datasets/IMF.STA:PCPS,2026-08-31T14:34:11.595487Z,none
2003-02-01,brent_oil_price,energy-industrial,,,Global price of Brent crude,32.6625,USD_per_barrel,monthly,FRED_IMF_PCPS,IMF Primary Commodity Prices System series,https://fred.stlouisfed.org/categories/32217,https://data.imf.org/en/datasets/IMF.STA:PCPS,2026-08-31T14:34:11.595487Z,none
2003-03-01,brent_oil_price,energy-industrial,,,Global price of Brent crude,30.16809524,USD_per_barrel,monthly,FRED_IMF_PCPS,IMF Primary Commodity Prices System series,https://fred.stlouisfed.org/categories/32217,https://data.imf.org/en/datasets/IMF.STA:PCPS,2026-08-31T14:34:11.595487Z,none
2003-04-01,brent_oil_price,energy-industrial,,,Global price of Brent crude,25.035,USD_per_barrel,monthly,FRED_IMF_PCPS,IMF Primary Commodity Prices System series,https://fred.stlouisfed.org/categories/32217,https://data.imf.org/en/datasets/IMF.STA:PCPS,2026-08-31T14:34:11.595487Z,none
2003-05-01,brent_oil_price,energy-industrial,,,Global price of Brent crude,25.71454545,USD_per_barrel,monthly,FRED_IMF_PCPS,IMF Primary Commodity Prices System series,https://fred.stlouisfed.org/categories/32217,https://data.imf.org/en/datasets/IMF.STA:PCPS,2026-08-31T14:34:11.595487Z,none
2003-06-01,brent_oil_price,energy-industrial,,,Global price of Brent crude,27.56666667,USD_per_barrel,monthly,FRED_IMF_PCPS,IMF Primary Commodity Prices System series,https://fred.stlouisfed.org/categories/32217,https://data.imf.org/en/datasets/IMF.STA:PCPS,2026-08-31T14:34:11.595487Z,none
2003-07-01,brent_oil_price,energy-industrial,,,Global price of Brent crude,28.50391304,USD_per_barrel,monthly,FRED_IMF_PCPS,IMF Primary Commodity Prices System series,https://fred.stlouisfed.org/categories/32217,https://data.imf.org/en/datasets/IMF.STA:PCPS,2026-08-31T14:34:11.595487Z,none
2003-08-01,brent_oil_price,energy-industrial,,,Global price of Brent crude,29.71809524,USD_per_barrel,monthly,FRED_IMF_PCPS,IMF Primary Commodity Prices System series,https://fred.stlouisfed.org/categories/32217,https://data.imf.org/en/datasets/IMF.STA:PCPS,2026-08-31T14:34:11.595487Z,none
2003-09-01,brent_oil_price,energy-industrial,,,Global price of Brent crude,27.04409091,USD_per_barrel,monthly,FRED_IMF_PCPS,IMF Primary Commodity Prices System series,https://fred.stlouisfed.org/categories/32217,https://data.imf.org/en/datasets/IMF.STA:PCPS,2026-08-31T14:34:11.595487Z,none
2003-10-01,brent_oil_price,energy-industrial,,,Global price of Brent crude,29.43565217,USD_per_barrel,monthly,FRED_IMF_PCPS,IMF Primary Commodity Prices System series,https://fred.stlouisfed.org/categories/32217,https://data.imf.org/en/datasets/IMF.STA:PCPS,2026-08-31T14:34:11.595487Z,none
2003-11-01,brent_oil_price,energy-industrial,,,Global price of Brent crude,28.9485,USD_per_barrel,monthly,FRED_IMF_PCPS,IMF Primary Commodity Prices System series,https://fred.stlouisfed.org/categories/32217,https://data.imf.org/en/datasets/IMF.STA:PCPS,2026-08-31T14:34:11.595487Z,none
2003-12-01,brent_oil_price,energy-industrial,,,Global price of Brent crude,29.74347826,USD_per_barrel,monthly,FRED_IMF_PCPS,IMF Primary Commodity Prices System series,https://fred.stlouisfed.org/categories/32217,https://data.imf.org/en/datasets/IMF.STA:PCPS,2026-08-31T14:34:11.595487Z,none
2004-01-01,brent_oil_price,energy-industrial,,,Global price of Brent crude,30.98181818,USD_per_barrel,monthly,FRED_IMF_PCPS,IMF Primary Commodity Prices System series,https://fred.stlouisfed.org/categories/32217,https://data.imf.org/en/datasets/IMF.STA:PCPS,2026-08-31T14:34:11.595487Z,none
2004-02-01,brent_oil_price,energy-industrial,,,Global price of Brent crude,30.795,USD_per_barrel,monthly,FRED_IMF_PCPS,IMF Primary Commodity Prices System series,https://fred.stlouisfed.org/categories/32217,https://data.imf.org/en/datasets/IMF.STA:PCPS,2026-08-31T14:34:11.595487Z,none
2004-03-01,brent_oil_price,energy-industrial,,,Global price of Brent crude,33.42434783,USD_per_barrel,monthly,FRED_IMF_PCPS,IMF Primary Commodity Prices System series,https://fred.stlouisfed.org/categories/32217,https://data.imf.org/en/datasets/IMF.STA:PCPS,2026-08-31T14:34:11.595487Z,none
2004-04-01,brent_oil_price,energy-industrial,,,Global price of Brent crude,33.35772727,USD_per_barrel,monthly,FRED_IMF_PCPS,IMF Primary Commodity Prices System series,https://fred.stlouisfed.org/categories/32217,https://data.imf.org/en/datasets/IMF.STA:PCPS,2026-08-31T14:34:11.595487Z,none
2004-05-01,brent_oil_price,energy-industrial,,,Global price of Brent crude,37.58904762,USD_per_barrel,monthly,FRED_IMF_PCPS,IMF Primary Commodity Prices System series,https://fred.stlouisfed.org/categories/32217,https://data.imf.org/en/datasets/IMF.STA:PCPS,2026-08-31T14:34:11.595487Z,none
2004-06-01,brent_oil_price,energy-industrial,,,Global price of Brent crude,35.43772727,USD_per_barrel,monthly,FRED_IMF_PCPS,IMF Primary Commodity Prices System series,https://fred.stlouisfed.org/categories/32217,https://data.imf.org/en/datasets/IMF.STA:PCPS,2026-08-31T14:34:11.595487Z,none
2004-07-01,brent_oil_price,energy-industrial,,,Global price of Brent crude,38.22681818,USD_per_barrel,monthly,FRED_IMF_PCPS,IMF Primary Commodity Prices System series,https://fred.stlouisfed.org/categories/32217,https://data.imf.org/en/datasets/IMF.STA:PCPS,2026-08-31T14:34:11.595487Z,none
2004-08-01,brent_oil_price,energy-industrial,,,Global price of Brent crude,42.22409091,USD_per_barrel,monthly,FRED_IMF_PCPS,IMF Primary Commodity Prices System series,https://fred.stlouisfed.org/categories/32217,https://data.imf.org/en/datasets/IMF.STA:PCPS,2026-08-31T14:34:11.595487Z,none
2004-09-01,brent_oil_price,energy-industrial,,,Global price of Brent crude,43.31590909,USD_per_barrel,monthly,FRED_IMF_PCPS,IMF Primary Commodity Prices System series,https://fred.stlouisfed.org/categories/32217,https://data.imf.org/en/datasets/IMF.STA:PCPS,2026-08-31T14:34:11.595487Z,none
2004-10-01,brent_oil_price,energy-industrial,,,Global price of Brent crude,49.73619048,USD_per_barrel,monthly,FRED_IMF_PCPS,IMF Primary Commodity Prices System series,https://fred.stlouisfed.org/categories/32217,https://data.imf.org/en/datasets/IMF.STA:PCPS,2026-08-31T14:34:11.595487Z,none
2004-11-01,brent_oil_price,energy-industrial,,,Global price of Brent crude,43.74863636,USD_per_barrel,monthly,FRED_IMF_PCPS,IMF Primary Commodity Prices System series,https://fred.stlouisfed.org/categories/32217,https://data.imf.org/en/datasets/IMF.STA:PCPS,2026-08-31T14:34:11.595487Z,none
2004-12-01,brent_oil_price,energy-industrial,,,Global price of Brent crude,39.96565217,USD_per_barrel,monthly,FRED_IMF_PCPS,IMF Primary Commodity Prices System series,https://fred.stlouisfed.org/categories/32217,https://data.imf.org/en/datasets/IMF.STA:PCPS,2026-08-31T14:34:11.595487Z,none
2005-01-01,brent_oil_price,energy-industrial,,,Global price of Brent crude,44.1747619,USD_per_barrel,monthly,FRED_IMF_PCPS,IMF Primary Commodity Prices System series,https://fred.stlouisfed.org/categories/32217,https://data.imf.org/en/datasets/IMF.STA:PCPS,2026-08-31T14:34:11.595487Z,none
2005-02-01,brent_oil_price,energy-industrial,,,Global price of Brent crude,45.721,USD_per_barrel,monthly,FRED_IMF_PCPS,IMF Primary Commodity Prices System series,https://fred.stlouisfed.org/categories/32217,https://data.imf.org/en/datasets/IMF.STA:PCPS,2026-08-31T14:34:11.595487Z,none
2005-03-01,brent_oil_price,energy-industrial,,,Global price of Brent crude,53.22913043,USD_per_barrel,monthly,FRED_IMF_PCPS,IMF Primary Commodity Prices System series,https://fred.stlouisfed.org/categories/32217,https://data.imf.org/en/datasets/IMF.STA:PCPS,2026-08-31T14:34:11.595487Z,none
2005-04-01,brent_oil_price,energy-industrial,,,Global price of Brent crude,52.60428571,USD_per_barrel,monthly,FRED_IMF_PCPS,IMF Primary Commodity Prices System series,https://fred.stlouisfed.org/categories/32217,https://data.imf.org/en/datasets/IMF.STA:PCPS,2026-08-31T14:34:11.595487Z,none
2005-05-01,brent_oil_price,energy-industrial,,,Global price of Brent crude,49.28545455,USD_per_barrel,monthly,FRED_IMF_PCPS,IMF Primary Commodity Prices System series,https://fred.stlouisfed.org/categories/32217,https://data.imf.org/en/datasets/IMF.STA:PCPS,2026-08-31T14:34:11.595487Z,none
2005-06-01,brent_oil_price,energy-industrial,,,Global price of Brent crude,54.83909091,USD_per_barrel,monthly,FRED_IMF_PCPS,IMF Primary Commodity Prices System series,https://fred.stlouisfed.org/categories/32217,https://data.imf.org/en/datasets/IMF.STA:PCPS,2026-08-31T14:34:11.595487Z,none
2005-07-01,brent_oil_price,energy-industrial,,,Global price of Brent crude,57.62571429,USD_per_barrel,monthly,FRED_IMF_PCPS,IMF Primary Commodity Prices System series,https://fred.stlouisfed.org/categories/32217,https://data.imf.org/en/datasets/IMF.STA:PCPS,2026-08-31T14:34:11.595487Z,none
2005-08-01,brent_oil_price,energy-industrial,,,Global price of Brent crude,63.95043478,USD_per_barrel,monthly,FRED_IMF_PCPS,IMF Primary Commodity Prices System series,https://fred.stlouisfed.org/categories/32217,https://data.imf.org/en/datasets/IMF.STA:PCPS,2026-08-31T14:34:11.595487Z,none
2005-09-01,brent_oil_price,energy-industrial,,,Global price of Brent crude,63.26136364,USD_per_barrel,monthly,FRED_IMF_PCPS,IMF Primary Commodity Prices System series,https://fred.stlouisfed.org/categories/32217,https://data.imf.org/en/datasets/IMF.STA:PCPS,2026-08-31T14:34:11.595487Z,none
2005-10-01,brent_oil_price,energy-industrial,,,Global price of Brent crude,58.90857143,USD_per_barrel,monthly,FRED_IMF_PCPS,IMF Primary Commodity Prices System series,https://fred.stlouisfed.org/categories/32217,https://data.imf.org/en/datasets/IMF.STA:PCPS,2026-08-31T14:34:11.595487Z,none
2005-11-01,brent_oil_price,energy-industrial,,,Global price of Brent crude,55.44954545,USD_per_barrel,monthly,FRED_IMF_PCPS,IMF Primary Commodity Prices System series,https://fred.stlouisfed.org/categories/32217,https://data.imf.org/en/datasets/IMF.STA:PCPS,2026-08-31T14:34:11.595487Z,none
2005-12-01,brent_oil_price,energy-industrial,,,Global price of Brent crude,57.15681818,USD_per_barrel,monthly,FRED_IMF_PCPS,IMF Primary Commodity Prices System series,https://fred.stlouisfed.org/categories/32217,https://data.imf.org/en/datasets/IMF.STA:PCPS,2026-08-31T14:34:11.595487Z,none
2006-01-01,brent_oil_price,energy-industrial,,,Global price of Brent crude,63.31181818,USD_per_barrel,monthly,FRED_IMF_PCPS,IMF Primary Commodity Prices System series,https://fred.stlouisfed.org/categories/32217,https://data.imf.org/en/datasets/IMF.STA:PCPS,2026-08-31T14:34:11.595487Z,none
2006-02-01,brent_oil_price,energy-industrial,,,Global price of Brent crude,60.8055,USD_per_barrel,monthly,FRED_IMF_PCPS,IMF Primary Commodity Prices System series,https://fred.stlouisfed.org/categories/32217,https://data.imf.org/en/datasets/IMF.STA:PCPS,2026-08-31T14:34:11.595487Z,none
2006-03-01,brent_oil_price,energy-industrial,,,Global price of Brent crude,62.74695652,USD_per_barrel,monthly,FRED_IMF_PCPS,IMF Primary Commodity Prices System series,https://fred.stlouisfed.org/categories/32217,https://data.imf.org/en/datasets/IMF.STA:PCPS,2026-08-31T14:34:11.595487Z,none
2006-04-01,brent_oil_price,energy-industrial,,,Global price of Brent crude,70.34,USD_per_barrel,monthly,FRED_IMF_PCPS,IMF Primary Commodity Prices System series,https://fred.stlouisfed.org/categories/32217,https://data.imf.org/en/datasets/IMF.STA:PCPS,2026-08-31T14:34:11.595487Z,none
2006-05-01,brent_oil_price,energy-industrial,,,Global price of Brent crude,70.51,USD_per_barrel,monthly,FRED_IMF_PCPS,IMF Primary Commodity Prices System series,https://fred.stlouisfed.org/categories/32217,https://data.imf.org/en/datasets/IMF.STA:PCPS,2026-08-31T14:34:11.595487Z,none
2006-06-01,brent_oil_price,energy-industrial,,,Global price of Brent crude,69.23272727,USD_per_barrel,monthly,FRED_IMF_PCPS,IMF Primary Commodity Prices System series,https://fred.stlouisfed.org/categories/32217,https://data.imf.org/en/datasets/IMF.STA:PCPS,2026-08-31T14:34:11.595487Z,none
2006-07-01,brent_oil_price,energy-industrial,,,Global price of Brent crude,74.04095238,USD_per_barrel,monthly,FRED_IMF_PCPS,IMF Primary Commodity Prices System series,https://fred.stlouisfed.org/categories/32217,https://data.imf.org/en/datasets/IMF.STA:PCPS,2026-08-31T14:34:11.595487Z,none
2006-08-01,brent_oil_price,energy-industrial,,,Global price of Brent crude,73.50043478,USD_per_barrel,monthly,FRED_IMF_PCPS,IMF Primary Commodity Prices System series,https://fred.stlouisfed.org/categories/32217,https://data.imf.org/en/datasets/IMF.STA:PCPS,2026-08-31T14:34:11.595487Z,none
2006-09-01,brent_oil_price,energy-industrial,,,Global price of Brent crude,62.52714286,USD_per_barrel,monthly,FRED_IMF_PCPS,IMF Primary Commodity Prices System series,https://fred.stlouisfed.org/categories/32217,https://data.imf.org/en/datasets/IMF.STA:PCPS,2026-08-31T14:34:11.595487Z,none
2006-10-01,brent_oil_price,energy-industrial,,,Global price of Brent crude,58.75818182,USD_per_barrel,monthly,FRED_IMF_PCPS,IMF Primary Commodity Prices System series,https://fred.stlouisfed.org/categories/32217,https://data.imf.org/en/datasets/IMF.STA:PCPS,2026-08-31T14:34:11.595487Z,none
2006-11-01,brent_oil_price,energy-industrial,,,Global price of Brent crude,59.22272727,USD_per_barrel,monthly,FRED_IMF_PCPS,IMF Primary Commodity Prices System series,https://fred.stlouisfed.org/categories/32217,https://data.imf.org/en/datasets/IMF.STA:PCPS,2026-08-31T14:34:11.595487Z,none
2006-12-01,brent_oil_price,energy-industrial,,,Global price of Brent crude,62.26047619,USD_per_barrel,monthly,FRED_IMF_PCPS,IMF Primary Commodity Prices System series,https://fred.stlouisfed.org/categories/32217,https://data.imf.org/en/datasets/IMF.STA:PCPS,2026-08-31T14:34:11.595487Z,none
2007-01-01,brent_oil_price,energy-industrial,,,Global price of Brent crude,54.50304348,USD_per_barrel,monthly,FRED_IMF_PCPS,IMF Primary Commodity Prices System series,https://fred.stlouisfed.org/categories/32217,https://data.imf.org/en/datasets/IMF.STA:PCPS,2026-08-31T14:34:11.595487Z,none
2007-02-01,brent_oil_price,energy-industrial,,,Global price of Brent crude,57.9695,USD_per_barrel,monthly,FRED_IMF_PCPS,IMF Primary Commodity Prices System series,https://fred.stlouisfed.org/categories/32217,https://data.imf.org/en/datasets/IMF.STA:PCPS,2026-08-31T14:34:11.595487Z,none
2007-03-01,brent_oil_price,energy-industrial,,,Global price of Brent crude,62.35727273,USD_per_barrel,monthly,FRED_IMF_PCPS,IMF Primary Commodity Prices System series,https://fred.stlouisfed.org/categories/32217,https://data.imf.org/en/datasets/IMF.STA:PCPS,2026-08-31T14:34:11.595487Z,none
2007-04-01,brent_oil_price,energy-industrial,,,Global price of Brent crude,67.69047619,USD_per_barrel,monthly,FRED_IMF_PCPS,IMF Primary Commodity Prices System series,https://fred.stlouisfed.org/categories/32217,https://data.imf.org/en/datasets/IMF.STA:PCPS,2026-08-31T14:34:11.595487Z,none
2007-05-01,brent_oil_price,energy-industrial,,,Global price of Brent crude,67.71782609,USD_per_barrel,monthly,FRED_IMF_PCPS,IMF Primary Commodity Prices System series,https://fred.stlouisfed.org/categories/32217,https://data.imf.org/en/datasets/IMF.STA:PCPS,2026-08-31T14:34:11.595487Z,none
2007-06-01,brent_oil_price,energy-industrial,,,Global price of Brent crude,70.61904762,USD_per_barrel,monthly,FRED_IMF_PCPS,IMF Primary Commodity Prices System series,https://fred.stlouisfed.org/categories/32217,https://data.imf.org/en/datasets/IMF.STA:PCPS,2026-08-31T14:34:11.595487Z,none
2007-07-01,brent_oil_price,energy-industrial,,,Global price of Brent crude,76.13318182,USD_per_barrel,monthly,FRED_IMF_PCPS,IMF Primary Commodity Prices System series,https://fred.stlouisfed.org/categories/32217,https://data.imf.org/en/datasets/IMF.STA:PCPS,2026-08-31T14:34:11.595487Z,none
2007-08-01,brent_oil_price,energy-industrial,,,Global price of Brent crude,71.31304348,USD_per_barrel,monthly,FRED_IMF_PCPS,IMF Primary Commodity Prices System series,https://fred.stlouisfed.org/categories/32217,https://data.imf.org/en/datasets/IMF.STA:PCPS,2026-08-31T14:34:11.595487Z,none
2007-09-01,brent_oil_price,energy-industrial,,,Global price of Brent crude,76.772,USD_per_barrel,monthly,FRED_IMF_PCPS,IMF Primary Commodity Prices System series,https://fred.stlouisfed.org/categories/32217,https://data.imf.org/en/datasets/IMF.STA:PCPS,2026-08-31T14:34:11.595487Z,none
2007-10-01,brent_oil_price,energy-industrial,,,Global price of Brent crude,82.5073913,USD_per_barrel,monthly,FRED_IMF_PCPS,IMF Primary Commodity Prices System series,https://fred.stlouisfed.org/categories/32217,https://data.imf.org/en/datasets/IMF.STA:PCPS,2026-08-31T14:34:11.595487Z,none
2007-11-01,brent_oil_price,energy-industrial,,,Global price of Brent crude,92.73136364,USD_per_barrel,monthly,FRED_IMF_PCPS,IMF Primary Commodity Prices System series,https://fred.stlouisfed.org/categories/32217,https://data.imf.org/en/datasets/IMF.STA:PCPS,2026-08-31T14:34:11.595487Z,none
2007-12-01,brent_oil_price,energy-industrial,,,Global price of Brent crude,91.51952381,USD_per_barrel,monthly,FRED_IMF_PCPS,IMF Primary Commodity Prices System series,https://fred.stlouisfed.org/categories/32217,https://data.imf.org/en/datasets/IMF.STA:PCPS,2026-08-31T14:34:11.595487Z,none
2008-01-01,brent_oil_price,energy-industrial,,,Global price of Brent crude,92.09173913,USD_per_barrel,monthly,FRED_IMF_PCPS,IMF Primary Commodity Prices System series,https://fred.stlouisfed.org/categories/32217,https://data.imf.org/en/datasets/IMF.STA:PCPS,2026-08-31T14:34:11.595487Z,none
2008-02-01,brent_oil_price,energy-industrial,,,Global price of Brent crude,94.72238095,USD_per_barrel,monthly,FRED_IMF_PCPS,IMF Primary Commodity Prices System series,https://fred.stlouisfed.org/categories/32217,https://data.imf.org/en/datasets/IMF.STA:PCPS,2026-08-31T14:34:11.595487Z,none
2008-03-01,brent_oil_price,energy-industrial,,,Global price of Brent crude,103.16190476,USD_per_barrel,monthly,FRED_IMF_PCPS,IMF Primary Commodity Prices System series,https://fred.stlouisfed.org/categories/32217,https://data.imf.org/en/datasets/IMF.STA:PCPS,2026-08-31T14:34:11.595487Z,none
2008-04-01,brent_oil_price,energy-industrial,,,Global price of Brent crude,110.03318182,USD_per_barrel,monthly,FRED_IMF_PCPS,IMF Primary Commodity Prices System series,https://fred.stlouisfed.org/categories/32217,https://data.imf.org/en/datasets/IMF.STA:PCPS,2026-08-31T14:34:11.595487Z,none
2008-05-01,brent_oil_price,energy-industrial,,,Global price of Brent crude,123.86227273,USD_per_barrel,monthly,FRED_IMF_PCPS,IMF Primary Commodity Prices System series,https://fred.stlouisfed.org/categories/32217,https://data.imf.org/en/datasets/IMF.STA:PCPS,2026-08-31T14:34:11.595487Z,none
2008-06-01,brent_oil_price,energy-industrial,,,Global price of Brent crude,132.76047619,USD_per_barrel,monthly,FRED_IMF_PCPS,IMF Primary Commodity Prices System series,https://fred.stlouisfed.org/categories/32217,https://data.imf.org/en/datasets/IMF.STA:PCPS,2026-08-31T14:34:11.595487Z,none
2008-07-01,brent_oil_price,energy-industrial,,,Global price of Brent crude,133.58521739,USD_per_barrel,monthly,FRED_IMF_PCPS,IMF Primary Commodity Prices System series,https://fred.stlouisfed.org/categories/32217,https://data.imf.org/en/datasets/IMF.STA:PCPS,2026-08-31T14:34:11.595487Z,none
2008-08-01,brent_oil_price,energy-industrial,,,Global price of Brent crude,113.80047619,USD_per_barrel,monthly,FRED_IMF_PCPS,IMF Primary Commodity Prices System series,https://fred.stlouisfed.org/categories/32217,https://data.imf.org/en/datasets/IMF.STA:PCPS,2026-08-31T14:34:11.595487Z,none
2008-09-01,brent_oil_price,energy-industrial,,,Global price of Brent crude,98.75545455,USD_per_barrel,monthly,FRED_IMF_PCPS,IMF Primary Commodity Prices System series,https://fred.stlouisfed.org/categories/32217,https://data.imf.org/en/datasets/IMF.STA:PCPS,2026-08-31T14:34:11.595487Z,none
2008-10-01,brent_oil_price,energy-industrial,,,Global price of Brent crude,71.96347826,USD_per_barrel,monthly,FRED_IMF_PCPS,IMF Primary Commodity Prices System series,https://fred.stlouisfed.org/categories/32217,https://data.imf.org/en/datasets/IMF.STA:PCPS,2026-08-31T14:34:11.595487Z,none
2008-11-01,brent_oil_price,energy-industrial,,,Global price of Brent crude,52.7135,USD_per_barrel,monthly,FRED_IMF_PCPS,IMF Primary Commodity Prices System series,https://fred.stlouisfed.org/categories/32217,https://data.imf.org/en/datasets/IMF.STA:PCPS,2026-08-31T14:34:11.595487Z,none
2008-12-01,brent_oil_price,energy-industrial,,,Global price of Brent crude,40.51173913,USD_per_barrel,monthly,FRED_IMF_PCPS,IMF Primary Commodity Prices System series,https://fred.stlouisfed.org/categories/32217,https://data.imf.org/en/datasets/IMF.STA:PCPS,2026-08-31T14:34:11.595487Z,none
2009-01-01,brent_oil_price,energy-industrial,,,Global price of Brent crude,43.17454545,USD_per_barrel,monthly,FRED_IMF_PCPS,IMF Primary Commodity Prices System series,https://fred.stlouisfed.org/categories/32217,https://data.imf.org/en/datasets/IMF.STA:PCPS,2026-08-31T14:34:11.595487Z,none
2009-02-01,brent_oil_price,energy-industrial,,,Global price of Brent crude,42.9105,USD_per_barrel,monthly,FRED_IMF_PCPS,IMF Primary Commodity Prices System series,https://fred.stlouisfed.org/categories/32217,https://data.imf.org/en/datasets/IMF.STA:PCPS,2026-08-31T14:34:11.595487Z,none
2009-03-01,brent_oil_price,energy-industrial,,,Global price of Brent crude,46.58272727,USD_per_barrel,monthly,FRED_IMF_PCPS,IMF Primary Commodity Prices System series,https://fred.stlouisfed.org/categories/32217,https://data.imf.org/en/datasets/IMF.STA:PCPS,2026-08-31T14:34:11.595487Z,none
2009-04-01,brent_oil_price,energy-industrial,,,Global price of Brent crude,50.51909091,USD_per_barrel,monthly,FRED_IMF_PCPS,IMF Primary Commodity Prices System series,https://fred.stlouisfed.org/categories/32217,https://data.imf.org/en/datasets/IMF.STA:PCPS,2026-08-31T14:34:11.595487Z,none
2009-05-01,brent_oil_price,energy-industrial,,,Global price of Brent crude,57.50142857,USD_per_barrel,monthly,FRED_IMF_PCPS,IMF Primary Commodity Prices System series,https://fred.stlouisfed.org/categories/32217,https://data.imf.org/en/datasets/IMF.STA:PCPS,2026-08-31T14:34:11.595487Z,none
2009-06-01,brent_oil_price,energy-industrial,,,Global price of Brent crude,68.58,USD_per_barrel,monthly,FRED_IMF_PCPS,IMF Primary Commodity Prices System series,https://fred.stlouisfed.org/categories/32217,https://data.imf.org/en/datasets/IMF.STA:PCPS,2026-08-31T14:34:11.595487Z,none
2009-07-01,brent_oil_price,energy-industrial,,,Global price of Brent crude,64.90434783,USD_per_barrel,monthly,FRED_IMF_PCPS,IMF Primary Commodity Prices System series,https://fred.stlouisfed.org/categories/32217,https://data.imf.org/en/datasets/IMF.STA:PCPS,2026-08-31T14:34:11.595487Z,none
2009-08-01,brent_oil_price,energy-industrial,,,Global price of Brent crude,72.59190476,USD_per_barrel,monthly,FRED_IMF_PCPS,IMF Primary Commodity Prices System series,https://fred.stlouisfed.org/categories/32217,https://data.imf.org/en/datasets/IMF.STA:PCPS,2026-08-31T14:34:11.595487Z,none
2009-09-01,brent_oil_price,energy-industrial,,,Global price of Brent crude,67.51318182,USD_per_barrel,monthly,FRED_IMF_PCPS,IMF Primary Commodity Prices System series,https://fred.stlouisfed.org/categories/32217,https://data.imf.org/en/datasets/IMF.STA:PCPS,2026-08-31T14:34:11.595487Z,none
2009-10-01,brent_oil_price,energy-industrial,,,Global price of Brent crude,72.96863636,USD_per_barrel,monthly,FRED_IMF_PCPS,IMF Primary Commodity Prices System series,https://fred.stlouisfed.org/categories/32217,https://data.imf.org/en/datasets/IMF.STA:PCPS,2026-08-31T14:34:11.595487Z,none
2009-11-01,brent_oil_price,energy-industrial,,,Global price of Brent crude,76.93666667,USD_per_barrel,monthly,FRED_IMF_PCPS,IMF Primary Commodity Prices System series,https://fred.stlouisfed.org/categories/32217,https://data.imf.org/en/datasets/IMF.STA:PCPS,2026-08-31T14:34:11.595487Z,none
2009-12-01,brent_oil_price,energy-industrial,,,Global price of Brent crude,74.78956522,USD_per_barrel,monthly,FRED_IMF_PCPS,IMF Primary Commodity Prices System series,https://fred.stlouisfed.org/categories/32217,https://data.imf.org/en/datasets/IMF.STA:PCPS,2026-08-31T14:34:11.595487Z,none
2010-01-01,brent_oil_price,energy-industrial,,,Global price of Brent crude,76.60238095,USD_per_barrel,monthly,FRED_IMF_PCPS,IMF Primary Commodity Prices System series,https://fred.stlouisfed.org/categories/32217,https://data.imf.org/en/datasets/IMF.STA:PCPS,2026-08-31T14:34:11.595487Z,none
2010-02-01,brent_oil_price,energy-industrial,,,Global price of Brent crude,73.903,USD_per_barrel,monthly,FRED_IMF_PCPS,IMF Primary Commodity Prices System series,https://fred.stlouisfed.org/categories/32217,https://data.imf.org/en/datasets/IMF.STA:PCPS,2026-08-31T14:34:11.595487Z,none
2010-03-01,brent_oil_price,energy-industrial,,,Global price of Brent crude,79.51913043,USD_per_barrel,monthly,FRED_IMF_PCPS,IMF Primary Commodity Prices System series,https://fred.stlouisfed.org/categories/32217,https://data.imf.org/en/datasets/IMF.STA:PCPS,2026-08-31T14:34:11.595487Z,none
2010-04-01,brent_oil_price,energy-industrial,,,Global price of Brent crude,85.15636364,USD_per_barrel,monthly,FRED_IMF_PCPS,IMF Primary Commodity Prices System series,https://fred.stlouisfed.org/categories/32217,https://data.imf.org/en/datasets/IMF.STA:PCPS,2026-08-31T14:34:11.595487Z,none
2010-05-01,brent_oil_price,energy-industrial,,,Global price of Brent crude,76.13238095,USD_per_barrel,monthly,FRED_IMF_PCPS,IMF Primary Commodity Prices System series,https://fred.stlouisfed.org/categories/32217,https://data.imf.org/en/datasets/IMF.STA:PCPS,2026-08-31T14:34:11.595487Z,none
2010-06-01,brent_oil_price,energy-industrial,,,Global price of Brent crude,75.24636364,USD_per_barrel,monthly,FRED_IMF_PCPS,IMF Primary Commodity Prices System series,https://fred.stlouisfed.org/categories/32217,https://data.imf.org/en/datasets/IMF.STA:PCPS,2026-08-31T14:34:11.595487Z,none
2010-07-01,brent_oil_price,energy-industrial,,,Global price of Brent crude,75.195,USD_per_barrel,monthly,FRED_IMF_PCPS,IMF Primary Commodity Prices System series,https://fred.stlouisfed.org/categories/32217,https://data.imf.org/en/datasets/IMF.STA:PCPS,2026-08-31T14:34:11.595487Z,none
2010-08-01,brent_oil_price,energy-industrial,,,Global price of Brent crude,76.89181818,USD_per_barrel,monthly,FRED_IMF_PCPS,IMF Primary Commodity Prices System series,https://fred.stlouisfed.org/categories/32217,https://data.imf.org/en/datasets/IMF.STA:PCPS,2026-08-31T14:34:11.595487Z,none
2010-09-01,brent_oil_price,energy-industrial,,,Global price of Brent crude,77.93818182,USD_per_barrel,monthly,FRED_IMF_PCPS,IMF Primary Commodity Prices System series,https://fred.stlouisfed.org/categories/32217,https://data.imf.org/en/datasets/IMF.STA:PCPS,2026-08-31T14:34:11.595487Z,none
2010-10-01,brent_oil_price,energy-industrial,,,Global price of Brent crude,83.33857143,USD_per_barrel,monthly,FRED_IMF_PCPS,IMF Primary Commodity Prices System series,https://fred.stlouisfed.org/categories/32217,https://data.imf.org/en/datasets/IMF.STA:PCPS,2026-08-31T14:34:11.595487Z,none
2010-11-01,brent_oil_price,energy-industrial,,,Global price of Brent crude,85.80090909,USD_per_barrel,monthly,FRED_IMF_PCPS,IMF Primary Commodity Prices System series,https://fred.stlouisfed.org/categories/32217,https://data.imf.org/en/datasets/IMF.STA:PCPS,2026-08-31T14:34:11.595487Z,none
2010-12-01,brent_oil_price,energy-industrial,,,Global price of Brent crude,91.96,USD_per_barrel,monthly,FRED_IMF_PCPS,IMF Primary Commodity Prices System series,https://fred.stlouisfed.org/categories/32217,https://data.imf.org/en/datasets/IMF.STA:PCPS,2026-08-31T14:34:11.595487Z,none
2011-01-01,brent_oil_price,energy-industrial,,,Global price of Brent crude,96.95238095,USD_per_barrel,monthly,FRED_IMF_PCPS,IMF Primary Commodity Prices System series,https://fred.stlouisfed.org/categories/32217,https://data.imf.org/en/datasets/IMF.STA:PCPS,2026-08-31T14:34:11.595487Z,none
2011-02-01,brent_oil_price,energy-industrial,,,Global price of Brent crude,104.2385,USD_per_barrel,monthly,FRED_IMF_PCPS,IMF Primary Commodity Prices System series,https://fred.stlouisfed.org/categories/32217,https://data.imf.org/en/datasets/IMF.STA:PCPS,2026-08-31T14:34:11.595487Z,none
2011-03-01,brent_oil_price,energy-industrial,,,Global price of Brent crude,114.9173913,USD_per_barrel,monthly,FRED_IMF_PCPS,IMF Primary Commodity Prices System series,https://fred.stlouisfed.org/categories/32217,https://data.imf.org/en/datasets/IMF.STA:PCPS,2026-08-31T14:34:11.595487Z,none
2011-04-01,brent_oil_price,energy-industrial,,,Global price of Brent crude,123.32571429,USD_per_barrel,monthly,FRED_IMF_PCPS,IMF Primary Commodity Prices System series,https://fred.stlouisfed.org/categories/32217,https://data.imf.org/en/datasets/IMF.STA:PCPS,2026-08-31T14:34:11.595487Z,none
2011-05-01,brent_oil_price,energy-industrial,,,Global price of Brent crude,114.92954545,USD_per_barrel,monthly,FRED_IMF_PCPS,IMF Primary Commodity Prices System series,https://fred.stlouisfed.org/categories/32217,https://data.imf.org/en/datasets/IMF.STA:PCPS,2026-08-31T14:34:11.595487Z,none
2011-06-01,brent_oil_price,energy-industrial,,,Global price of Brent crude,114.37045455,USD_per_barrel,monthly,FRED_IMF_PCPS,IMF Primary Commodity Prices System series,https://fred.stlouisfed.org/categories/32217,https://data.imf.org/en/datasets/IMF.STA:PCPS,2026-08-31T14:34:11.595487Z,none
2011-07-01,brent_oil_price,energy-industrial,,,Global price of Brent crude,117.48333333,USD_per_barrel,monthly,FRED_IMF_PCPS,IMF Primary Commodity Prices System series,https://fred.stlouisfed.org/categories/32217,https://data.imf.org/en/datasets/IMF.STA:PCPS,2026-08-31T14:34:11.595487Z,none
2011-08-01,brent_oil_price,energy-industrial,,,Global price of Brent crude,110.35478261,USD_per_barrel,monthly,FRED_IMF_PCPS,IMF Primary Commodity Prices System series,https://fred.stlouisfed.org/categories/32217,https://data.imf.org/en/datasets/IMF.STA:PCPS,2026-08-31T14:34:11.595487Z,none
2011-09-01,brent_oil_price,energy-industrial,,,Global price of Brent crude,111.96272727,USD_per_barrel,monthly,FRED_IMF_PCPS,IMF Primary Commodity Prices System series,https://fred.stlouisfed.org/categories/32217,https://data.imf.org/en/datasets/IMF.STA:PCPS,2026-08-31T14:34:11.595487Z,none
2011-10-01,brent_oil_price,energy-industrial,,,Global price of Brent crude,110.42952381,USD_per_barrel,monthly,FRED_IMF_PCPS,IMF Primary Commodity Prices System series,https://fred.stlouisfed.org/categories/32217,https://data.imf.org/en/datasets/IMF.STA:PCPS,2026-08-31T14:34:11.595487Z,none
2011-11-01,brent_oil_price,energy-industrial,,,Global price of Brent crude,111.15863636,USD_per_barrel,monthly,FRED_IMF_PCPS,IMF Primary Commodity Prices System series,https://fred.stlouisfed.org/categories/32217,https://data.imf.org/en/datasets/IMF.STA:PCPS,2026-08-31T14:34:11.595487Z,none
2011-12-01,brent_oil_price,energy-industrial,,,Global price of Brent crude,108.34772727,USD_per_barrel,monthly,FRED_IMF_PCPS,IMF Primary Commodity Prices System series,https://fred.stlouisfed.org/categories/32217,https://data.imf.org/en/datasets/IMF.STA:PCPS,2026-08-31T14:34:11.595487Z,none
2012-01-01,brent_oil_price,energy-industrial,,,Global price of Brent crude,111.415,USD_per_barrel,monthly,FRED_IMF_PCPS,IMF Primary Commodity Prices System series,https://fred.stlouisfed.org/categories/32217,https://data.imf.org/en/datasets/IMF.STA:PCPS,2026-08-31T14:34:11.595487Z,none
2012-02-01,brent_oil_price,energy-industrial,,,Global price of Brent crude,119.16571429,USD_per_barrel,monthly,FRED_IMF_PCPS,IMF Primary Commodity Prices System series,https://fred.stlouisfed.org/categories/32217,https://data.imf.org/en/datasets/IMF.STA:PCPS,2026-08-31T14:34:11.595487Z,none
2012-03-01,brent_oil_price,energy-industrial,,,Global price of Brent crude,124.70318182,USD_per_barrel,monthly,FRED_IMF_PCPS,IMF Primary Commodity Prices System series,https://fred.stlouisfed.org/categories/32217,https://data.imf.org/en/datasets/IMF.STA:PCPS,2026-08-31T14:34:11.595487Z,none
2012-04-01,brent_oil_price,energy-industrial,,,Global price of Brent crude,120.47,USD_per_barrel,monthly,FRED_IMF_PCPS,IMF Primary Commodity Prices System series,https://fred.stlouisfed.org/categories/32217,https://data.imf.org/en/datasets/IMF.STA:PCPS,2026-08-31T14:34:11.595487Z,none
2012-05-01,brent_oil_price,energy-industrial,,,Global price of Brent crude,110.82217391,USD_per_barrel,monthly,FRED_IMF_PCPS,IMF Primary Commodity Prices System series,https://fred.stlouisfed.org/categories/32217,https://data.imf.org/en/datasets/IMF.STA:PCPS,2026-08-31T14:34:11.595487Z,none
2012-06-01,brent_oil_price,energy-industrial,,,Global price of Brent crude,95.88904762,USD_per_barrel,monthly,FRED_IMF_PCPS,IMF Primary Commodity Prices System series,https://fred.stlouisfed.org/categories/32217,https://data.imf.org/en/datasets/IMF.STA:PCPS,2026-08-31T14:34:11.595487Z,none
2012-07-01,brent_oil_price,energy-industrial,,,Global price of Brent crude,102.97954545,USD_per_barrel,monthly,FRED_IMF_PCPS,IMF Primary Commodity Prices System series,https://fred.stlouisfed.org/categories/32217,https://data.imf.org/en/datasets/IMF.STA:PCPS,2026-08-31T14:34:11.595487Z,none
2012-08-01,brent_oil_price,energy-industrial,,,Global price of Brent crude,113.78043478,USD_per_barrel,monthly,FRED_IMF_PCPS,IMF Primary Commodity Prices System series,https://fred.stlouisfed.org/categories/32217,https://data.imf.org/en/datasets/IMF.STA:PCPS,2026-08-31T14:34:11.595487Z,none
2012-09-01,brent_oil_price,energy-industrial,,,Global price of Brent crude,113.6415,USD_per_barrel,monthly,FRED_IMF_PCPS,IMF Primary Commodity Prices System series,https://fred.stlouisfed.org/categories/32217,https://data.imf.org/en/datasets/IMF.STA:PCPS,2026-08-31T14:34:11.595487Z,none
2012-10-01,brent_oil_price,energy-industrial,,,Global price of Brent crude,111.7926087,USD_per_barrel,monthly,FRED_IMF_PCPS,IMF Primary Commodity Prices System series,https://fred.stlouisfed.org/categories/32217,https://data.imf.org/en/datasets/IMF.STA:PCPS,2026-08-31T14:34:11.595487Z,none
2012-11-01,brent_oil_price,energy-industrial,,,Global price of Brent crude,109.91181818,USD_per_barrel,monthly,FRED_IMF_PCPS,IMF Primary Commodity Prices System series,https://fred.stlouisfed.org/categories/32217,https://data.imf.org/en/datasets/IMF.STA:PCPS,2026-08-31T14:34:11.595487Z,none
2012-12-01,brent_oil_price,energy-industrial,,,Global price of Brent crude,109.56904762,USD_per_barrel,monthly,FRED_IMF_PCPS,IMF Primary Commodity Prices System series,https://fred.stlouisfed.org/categories/32217,https://data.imf.org/en/datasets/IMF.STA:PCPS,2026-08-31T14:34:11.595487Z,none
2013-01-01,brent_oil_price,energy-industrial,,,Global price of Brent crude,112.52782609,USD_per_barrel,monthly,FRED_IMF_PCPS,IMF Primary Commodity Prices System series,https://fred.stlouisfed.org/categories/32217,https://data.imf.org/en/datasets/IMF.STA:PCPS,2026-08-31T14:34:11.595487Z,none
2013-02-01,brent_oil_price,energy-industrial,,,Global price of Brent crude,116.488,USD_per_barrel,monthly,FRED_IMF_PCPS,IMF Primary Commodity Prices System series,https://fred.stlouisfed.org/categories/32217,https://data.imf.org/en/datasets/IMF.STA:PCPS,2026-08-31T14:34:11.595487Z,none
2013-03-01,brent_oil_price,energy-industrial,,,Global price of Brent crude,109.58571429,USD_per_barrel,monthly,FRED_IMF_PCPS,IMF Primary Commodity Prices System series,https://fred.stlouisfed.org/categories/32217,https://data.imf.org/en/datasets/IMF.STA:PCPS,2026-08-31T14:34:11.595487Z,none
2013-04-01,brent_oil_price,energy-industrial,,,Global price of Brent crude,102.96,USD_per_barrel,monthly,FRED_IMF_PCPS,IMF Primary Commodity Prices System series,https://fred.stlouisfed.org/categories/32217,https://data.imf.org/en/datasets/IMF.STA:PCPS,2026-08-31T14:34:11.595487Z,none
2013-05-01,brent_oil_price,energy-industrial,,,Global price of Brent crude,102.98043478,USD_per_barrel,monthly,FRED_IMF_PCPS,IMF Primary Commodity Prices System series,https://fred.stlouisfed.org/categories/32217,https://data.imf.org/en/datasets/IMF.STA:PCPS,2026-08-31T14:34:11.595487Z,none
2013-06-01,brent_oil_price,energy-industrial,,,Global price of Brent crude,103.3585,USD_per_barrel,monthly,FRED_IMF_PCPS,IMF Primary Commodity Prices System series,https://fred.stlouisfed.org/categories/32217,https://data.imf.org/en/datasets/IMF.STA:PCPS,2026-08-31T14:34:11.595487Z,none
2013-07-01,brent_oil_price,energy-industrial,,,Global price of Brent crude,107.77956522,USD_per_barrel,monthly,FRED_IMF_PCPS,IMF Primary Commodity Prices System series,https://fred.stlouisfed.org/categories/32217,https://data.imf.org/en/datasets/IMF.STA:PCPS,2026-08-31T14:34:11.595487Z,none
2013-08-01,brent_oil_price,energy-industrial,,,Global price of Brent crude,111.05818182,USD_per_barrel,monthly,FRED_IMF_PCPS,IMF Primary Commodity Prices System series,https://fred.stlouisfed.org/categories/32217,https://data.imf.org/en/datasets/IMF.STA:PCPS,2026-08-31T14:34:11.595487Z,none
2013-09-01,brent_oil_price,energy-industrial,,,Global price of Brent crude,111.96285714,USD_per_barrel,monthly,FRED_IMF_PCPS,IMF Primary Commodity Prices System series,https://fred.stlouisfed.org/categories/32217,https://data.imf.org/en/datasets/IMF.STA:PCPS,2026-08-31T14:34:11.595487Z,none
2013-10-01,brent_oil_price,energy-industrial,,,Global price of Brent crude,109.61869565,USD_per_barrel,monthly,FRED_IMF_PCPS,IMF Primary Commodity Prices System series,https://fred.stlouisfed.org/categories/32217,https://data.imf.org/en/datasets/IMF.STA:PCPS,2026-08-31T14:34:11.595487Z,none
2013-11-01,brent_oil_price,energy-industrial,,,Global price of Brent crude,108.15047619,USD_per_barrel,monthly,FRED_IMF_PCPS,IMF Primary Commodity Prices System series,https://fred.stlouisfed.org/categories/32217,https://data.imf.org/en/datasets/IMF.STA:PCPS,2026-08-31T14:34:11.595487Z,none
2013-12-01,brent_oil_price,energy-industrial,,,Global price of Brent crude,111.07045455,USD_per_barrel,monthly,FRED_IMF_PCPS,IMF Primary Commodity Prices System series,https://fred.stlouisfed.org/categories/32217,https://data.imf.org/en/datasets/IMF.STA:PCPS,2026-08-31T14:34:11.595487Z,none
2014-01-01,brent_oil_price,energy-industrial,,,Global price of Brent crude,107.92695652,USD_per_barrel,monthly,FRED_IMF_PCPS,IMF Primary Commodity Prices System series,https://fred.stlouisfed.org/categories/32217,https://data.imf.org/en/datasets/IMF.STA:PCPS,2026-08-31T14:34:11.595487Z,none
2014-02-01,brent_oil_price,energy-industrial,,,Global price of Brent crude,108.838,USD_per_barrel,monthly,FRED_IMF_PCPS,IMF Primary Commodity Prices System series,https://fred.stlouisfed.org/categories/32217,https://data.imf.org/en/datasets/IMF.STA:PCPS,2026-08-31T14:34:11.595487Z,none
2014-03-01,brent_oil_price,energy-industrial,,,Global price of Brent crude,107.86809524,USD_per_barrel,monthly,FRED_IMF_PCPS,IMF Primary Commodity Prices System series,https://fred.stlouisfed.org/categories/32217,https://data.imf.org/en/datasets/IMF.STA:PCPS,2026-08-31T14:34:11.595487Z,none
2014-04-01,brent_oil_price,energy-industrial,,,Global price of Brent crude,108.00363636,USD_per_barrel,monthly,FRED_IMF_PCPS,IMF Primary Commodity Prices System series,https://fred.stlouisfed.org/categories/32217,https://data.imf.org/en/datasets/IMF.STA:PCPS,2026-08-31T14:34:11.595487Z,none
2014-05-01,brent_oil_price,energy-industrial,,,Global price of Brent crude,109.83227273,USD_per_barrel,monthly,FRED_IMF_PCPS,IMF Primary Commodity Prices System series,https://fred.stlouisfed.org/categories/32217,https://data.imf.org/en/datasets/IMF.STA:PCPS,2026-08-31T14:34:11.595487Z,none
2014-06-01,brent_oil_price,energy-industrial,,,Global price of Brent crude,112.24095238,USD_per_barrel,monthly,FRED_IMF_PCPS,IMF Primary Commodity Prices System series,https://fred.stlouisfed.org/categories/32217,https://data.imf.org/en/datasets/IMF.STA:PCPS,2026-08-31T14:34:11.595487Z,none
2014-07-01,brent_oil_price,energy-industrial,,,Global price of Brent crude,107.4626087,USD_per_barrel,monthly,FRED_IMF_PCPS,IMF Primary Commodity Prices System series,https://fred.stlouisfed.org/categories/32217,https://data.imf.org/en/datasets/IMF.STA:PCPS,2026-08-31T14:34:11.595487Z,none
2014-08-01,brent_oil_price,energy-industrial,,,Global price of Brent crude,102.40190476,USD_per_barrel,monthly,FRED_IMF_PCPS,IMF Primary Commodity Prices System series,https://fred.stlouisfed.org/categories/32217,https://data.imf.org/en/datasets/IMF.STA:PCPS,2026-08-31T14:34:11.595487Z,none
2014-09-01,brent_oil_price,energy-industrial,,,Global price of Brent crude,97.85272727,USD_per_barrel,monthly,FRED_IMF_PCPS,IMF Primary Commodity Prices System series,https://fred.stlouisfed.org/categories/32217,https://data.imf.org/en/datasets/IMF.STA:PCPS,2026-08-31T14:34:11.595487Z,none
2014-10-01,brent_oil_price,energy-industrial,,,Global price of Brent crude,87.58478261,USD_per_barrel,monthly,FRED_IMF_PCPS,IMF Primary Commodity Prices System series,https://fred.stlouisfed.org/categories/32217,https://data.imf.org/en/datasets/IMF.STA:PCPS,2026-08-31T14:34:11.595487Z,none
2014-11-01,brent_oil_price,energy-industrial,,,Global price of Brent crude,79.2295,USD_per_barrel,monthly,FRED_IMF_PCPS,IMF Primary Commodity Prices System series,https://fred.stlouisfed.org/categories/32217,https://data.imf.org/en/datasets/IMF.STA:PCPS,2026-08-31T14:34:11.595487Z,none
2014-12-01,brent_oil_price,energy-industrial,,,Global price of Brent crude,62.90391304,USD_per_barrel,monthly,FRED_IMF_PCPS,IMF Primary Commodity Prices System series,https://fred.stlouisfed.org/categories/32217,https://data.imf.org/en/datasets/IMF.STA:PCPS,2026-08-31T14:34:11.595487Z,none
2015-01-01,brent_oil_price,energy-industrial,,,Global price of Brent crude,48.93318182,USD_per_barrel,monthly,FRED_IMF_PCPS,IMF Primary Commodity Prices System series,https://fred.stlouisfed.org/categories/32217,https://data.imf.org/en/datasets/IMF.STA:PCPS,2026-08-31T14:34:11.595487Z,none
2015-02-01,brent_oil_price,energy-industrial,,,Global price of Brent crude,58.254,USD_per_barrel,monthly,FRED_IMF_PCPS,IMF Primary Commodity Prices System series,https://fred.stlouisfed.org/categories/32217,https://data.imf.org/en/datasets/IMF.STA:PCPS,2026-08-31T14:34:11.595487Z,none
2015-03-01,brent_oil_price,energy-industrial,,,Global price of Brent crude,56.52454545,USD_per_barrel,monthly,FRED_IMF_PCPS,IMF Primary Commodity Prices System series,https://fred.stlouisfed.org/categories/32217,https://data.imf.org/en/datasets/IMF.STA:PCPS,2026-08-31T14:34:11.595487Z,none
2015-04-01,brent_oil_price,energy-industrial,,,Global price of Brent crude,59.82636364,USD_per_barrel,monthly,FRED_IMF_PCPS,IMF Primary Commodity Prices System series,https://fred.stlouisfed.org/categories/32217,https://data.imf.org/en/datasets/IMF.STA:PCPS,2026-08-31T14:34:11.595487Z,none
2015-05-01,brent_oil_price,energy-industrial,,,Global price of Brent crude,65.19380952,USD_per_barrel,monthly,FRED_IMF_PCPS,IMF Primary Commodity Prices System series,https://fred.stlouisfed.org/categories/32217,https://data.imf.org/en/datasets/IMF.STA:PCPS,2026-08-31T14:34:11.595487Z,none
2015-06-01,brent_oil_price,energy-industrial,,,Global price of Brent crude,62.62,USD_per_barrel,monthly,FRED_IMF_PCPS,IMF Primary Commodity Prices System series,https://fred.stlouisfed.org/categories/32217,https://data.imf.org/en/datasets/IMF.STA:PCPS,2026-08-31T14:34:11.595487Z,none
2015-07-01,brent_oil_price,energy-industrial,,,Global price of Brent crude,56.82956522,USD_per_barrel,monthly,FRED_IMF_PCPS,IMF Primary Commodity Prices System series,https://fred.stlouisfed.org/categories/32217,https://data.imf.org/en/datasets/IMF.STA:PCPS,2026-08-31T14:34:11.595487Z,none
2015-08-01,brent_oil_price,energy-industrial,,,Global price of Brent crude,47.53380952,USD_per_barrel,monthly,FRED_IMF_PCPS,IMF Primary Commodity Prices System series,https://fred.stlouisfed.org/categories/32217,https://data.imf.org/en/datasets/IMF.STA:PCPS,2026-08-31T14:34:11.595487Z,none
2015-09-01,brent_oil_price,energy-industrial,,,Global price of Brent crude,48.03045455,USD_per_barrel,monthly,FRED_IMF_PCPS,IMF Primary Commodity Prices System series,https://fred.stlouisfed.org/categories/32217,https://data.imf.org/en/datasets/IMF.STA:PCPS,2026-08-31T14:34:11.595487Z,none
2015-10-01,brent_oil_price,energy-industrial,,,Global price of Brent crude,48.90636364,USD_per_barrel,monthly,FRED_IMF_PCPS,IMF Primary Commodity Prices System series,https://fred.stlouisfed.org/categories/32217,https://data.imf.org/en/datasets/IMF.STA:PCPS,2026-08-31T14:34:11.595487Z,none
2015-11-01,brent_oil_price,energy-industrial,,,Global price of Brent crude,45.0952381,USD_per_barrel,monthly,FRED_IMF_PCPS,IMF Primary Commodity Prices System series,https://fred.stlouisfed.org/categories/32217,https://data.imf.org/en/datasets/IMF.STA:PCPS,2026-08-31T14:34:11.595487Z,none
2015-12-01,brent_oil_price,energy-industrial,,,Global price of Brent crude,38.52521739,USD_per_barrel,monthly,FRED_IMF_PCPS,IMF Primary Commodity Prices System series,https://fred.stlouisfed.org/categories/32217,https://data.imf.org/en/datasets/IMF.STA:PCPS,2026-08-31T14:34:11.595487Z,none
2016-01-01,brent_oil_price,energy-industrial,,,Global price of Brent crude,32.0452381,USD_per_barrel,monthly,FRED_IMF_PCPS,IMF Primary Commodity Prices System series,https://fred.stlouisfed.org/categories/32217,https://data.imf.org/en/datasets/IMF.STA:PCPS,2026-08-31T14:34:11.595487Z,none
2016-02-01,brent_oil_price,energy-industrial,,,Global price of Brent crude,33.76238095,USD_per_barrel,monthly,FRED_IMF_PCPS,IMF Primary Commodity Prices System series,https://fred.stlouisfed.org/categories/32217,https://data.imf.org/en/datasets/IMF.STA:PCPS,2026-08-31T14:34:11.595487Z,none
2016-03-01,brent_oil_price,energy-industrial,,,Global price of Brent crude,39.79217391,USD_per_barrel,monthly,FRED_IMF_PCPS,IMF Primary Commodity Prices System series,https://fred.stlouisfed.org/categories/32217,https://data.imf.org/en/datasets/IMF.STA:PCPS,2026-08-31T14:34:11.595487Z,none
2016-04-01,brent_oil_price,energy-industrial,,,Global price of Brent crude,43.33047619,USD_per_barrel,monthly,FRED_IMF_PCPS,IMF Primary Commodity Prices System series,https://fred.stlouisfed.org/categories/32217,https://data.imf.org/en/datasets/IMF.STA:PCPS,2026-08-31T14:34:11.595487Z,none
2016-05-01,brent_oil_price,energy-industrial,,,Global price of Brent crude,47.735,USD_per_barrel,monthly,FRED_IMF_PCPS,IMF Primary Commodity Prices System series,https://fred.stlouisfed.org/categories/32217,https://data.imf.org/en/datasets/IMF.STA:PCPS,2026-08-31T14:34:11.595487Z,none
2016-06-01,brent_oil_price,energy-industrial,,,Global price of Brent crude,49.87727273,USD_per_barrel,monthly,FRED_IMF_PCPS,IMF Primary Commodity Prices System series,https://fred.stlouisfed.org/categories/32217,https://data.imf.org/en/datasets/IMF.STA:PCPS,2026-08-31T14:34:11.595487Z,none
2016-07-01,brent_oil_price,energy-industrial,,,Global price of Brent crude,46.59857143,USD_per_barrel,monthly,FRED_IMF_PCPS,IMF Primary Commodity Prices System series,https://fred.stlouisfed.org/categories/32217,https://data.imf.org/en/datasets/IMF.STA:PCPS,2026-08-31T14:34:11.595487Z,none
2016-08-01,brent_oil_price,energy-industrial,,,Global price of Brent crude,47.05217391,USD_per_barrel,monthly,FRED_IMF_PCPS,IMF Primary Commodity Prices System series,https://fred.stlouisfed.org/categories/32217,https://data.imf.org/en/datasets/IMF.STA:PCPS,2026-08-31T14:34:11.595487Z,none
2016-09-01,brent_oil_price,energy-industrial,,,Global price of Brent crude,47.37681818,USD_per_barrel,monthly,FRED_IMF_PCPS,IMF Primary Commodity Prices System series,https://fred.stlouisfed.org/categories/32217,https://data.imf.org/en/datasets/IMF.STA:PCPS,2026-08-31T14:34:11.595487Z,none
2016-10-01,brent_oil_price,energy-industrial,,,Global price of Brent crude,51.41380952,USD_per_barrel,monthly,FRED_IMF_PCPS,IMF Primary Commodity Prices System series,https://fred.stlouisfed.org/categories/32217,https://data.imf.org/en/datasets/IMF.STA:PCPS,2026-08-31T14:34:11.595487Z,none
2016-11-01,brent_oil_price,energy-industrial,,,Global price of Brent crude,46.94227273,USD_per_barrel,monthly,FRED_IMF_PCPS,IMF Primary Commodity Prices System series,https://fred.stlouisfed.org/categories/32217,https://data.imf.org/en/datasets/IMF.STA:PCPS,2026-08-31T14:34:11.595487Z,none
2016-12-01,brent_oil_price,energy-industrial,,,Global price of Brent crude,55.02272727,USD_per_barrel,monthly,FRED_IMF_PCPS,IMF Primary Commodity Prices System series,https://fred.stlouisfed.org/categories/32217,https://data.imf.org/en/datasets/IMF.STA:PCPS,2026-08-31T14:34:11.595487Z,none
2017-01-01,brent_oil_price,energy-industrial,,,Global price of Brent crude,55.71090909,USD_per_barrel,monthly,FRED_IMF_PCPS,IMF Primary Commodity Prices System series,https://fred.stlouisfed.org/categories/32217,https://data.imf.org/en/datasets/IMF.STA:PCPS,2026-08-31T14:34:11.595487Z,none
2017-02-01,brent_oil_price,energy-industrial,,,Global price of Brent crude,56.096,USD_per_barrel,monthly,FRED_IMF_PCPS,IMF Primary Commodity Prices System series,https://fred.stlouisfed.org/categories/32217,https://data.imf.org/en/datasets/IMF.STA:PCPS,2026-08-31T14:34:11.595487Z,none
2017-03-01,brent_oil_price,energy-industrial,,,Global price of Brent crude,52.65521739,USD_per_barrel,monthly,FRED_IMF_PCPS,IMF Primary Commodity Prices System series,https://fred.stlouisfed.org/categories/32217,https://data.imf.org/en/datasets/IMF.STA:PCPS,2026-08-31T14:34:11.595487Z,none
2017-04-01,brent_oil_price,energy-industrial,,,Global price of Brent crude,53.978,USD_per_barrel,monthly,FRED_IMF_PCPS,IMF Primary Commodity Prices System series,https://fred.stlouisfed.org/categories/32217,https://data.imf.org/en/datasets/IMF.STA:PCPS,2026-08-31T14:34:11.595487Z,none
2017-05-01,brent_oil_price,energy-industrial,,,Global price of Brent crude,51.37434783,USD_per_barrel,monthly,FRED_IMF_PCPS,IMF Primary Commodity Prices System series,https://fred.stlouisfed.org/categories/32217,https://data.imf.org/en/datasets/IMF.STA:PCPS,2026-08-31T14:34:11.595487Z,none
2017-06-01,brent_oil_price,energy-industrial,,,Global price of Brent crude,47.65272727,USD_per_barrel,monthly,FRED_IMF_PCPS,IMF Primary Commodity Prices System series,https://fred.stlouisfed.org/categories/32217,https://data.imf.org/en/datasets/IMF.STA:PCPS,2026-08-31T14:34:11.595487Z,none
2017-07-01,brent_oil_price,energy-industrial,,,Global price of Brent crude,49.25333333,USD_per_barrel,monthly,FRED_IMF_PCPS,IMF Primary Commodity Prices System series,https://fred.stlouisfed.org/categories/32217,https://data.imf.org/en/datasets/IMF.STA:PCPS,2026-08-31T14:34:11.595487Z,none
2017-08-01,brent_oil_price,energy-industrial,,,Global price of Brent crude,51.92782609,USD_per_barrel,monthly,FRED_IMF_PCPS,IMF Primary Commodity Prices System series,https://fred.stlouisfed.org/categories/32217,https://data.imf.org/en/datasets/IMF.STA:PCPS,2026-08-31T14:34:11.595487Z,none
2017-09-01,brent_oil_price,energy-industrial,,,Global price of Brent crude,55.55761905,USD_per_barrel,monthly,FRED_IMF_PCPS,IMF Primary Commodity Prices System series,https://fred.stlouisfed.org/categories/32217,https://data.imf.org/en/datasets/IMF.STA:PCPS,2026-08-31T14:34:11.595487Z,none
2017-10-01,brent_oil_price,energy-industrial,,,Global price of Brent crude,57.53636364,USD_per_barrel,monthly,FRED_IMF_PCPS,IMF Primary Commodity Prices System series,https://fred.stlouisfed.org/categories/32217,https://data.imf.org/en/datasets/IMF.STA:PCPS,2026-08-31T14:34:11.595487Z,none
2017-11-01,brent_oil_price,energy-industrial,,,Global price of Brent crude,62.83636364,USD_per_barrel,monthly,FRED_IMF_PCPS,IMF Primary Commodity Prices System series,https://fred.stlouisfed.org/categories/32217,https://data.imf.org/en/datasets/IMF.STA:PCPS,2026-08-31T14:34:11.595487Z,none
2017-12-01,brent_oil_price,energy-industrial,,,Global price of Brent crude,64.06428571,USD_per_barrel,monthly,FRED_IMF_PCPS,IMF Primary Commodity Prices System series,https://fred.stlouisfed.org/categories/32217,https://data.imf.org/en/datasets/IMF.STA:PCPS,2026-08-31T14:34:11.595487Z,none
2018-01-01,brent_oil_price,energy-industrial,,,Global price of Brent crude,68.88913043,USD_per_barrel,monthly,FRED_IMF_PCPS,IMF Primary Commodity Prices System series,https://fred.stlouisfed.org/categories/32217,https://data.imf.org/en/datasets/IMF.STA:PCPS,2026-08-31T14:34:11.595487Z,none
2018-02-01,brent_oil_price,energy-industrial,,,Global price of Brent crude,65.6965,USD_per_barrel,monthly,FRED_IMF_PCPS,IMF Primary Commodity Prices System series,https://fred.stlouisfed.org/categories/32217,https://data.imf.org/en/datasets/IMF.STA:PCPS,2026-08-31T14:34:11.595487Z,none
2018-03-01,brent_oil_price,energy-industrial,,,Global price of Brent crude,66.89181818,USD_per_barrel,monthly,FRED_IMF_PCPS,IMF Primary Commodity Prices System series,https://fred.stlouisfed.org/categories/32217,https://data.imf.org/en/datasets/IMF.STA:PCPS,2026-08-31T14:34:11.595487Z,none
2018-04-01,brent_oil_price,energy-industrial,,,Global price of Brent crude,71.93285714,USD_per_barrel,monthly,FRED_IMF_PCPS,IMF Primary Commodity Prices System series,https://fred.stlouisfed.org/categories/32217,https://data.imf.org/en/datasets/IMF.STA:PCPS,2026-08-31T14:34:11.595487Z,none
2018-05-01,brent_oil_price,energy-industrial,,,Global price of Brent crude,76.93434783,USD_per_barrel,monthly,FRED_IMF_PCPS,IMF Primary Commodity Prices System series,https://fred.stlouisfed.org/categories/32217,https://data.imf.org/en/datasets/IMF.STA:PCPS,2026-08-31T14:34:11.595487Z,none
2018-06-01,brent_oil_price,energy-industrial,,,Global price of Brent crude,75.80285714,USD_per_barrel,monthly,FRED_IMF_PCPS,IMF Primary Commodity Prices System series,https://fred.stlouisfed.org/categories/32217,https://data.imf.org/en/datasets/IMF.STA:PCPS,2026-08-31T14:34:11.595487Z,none
2018-07-01,brent_oil_price,energy-industrial,,,Global price of Brent crude,75.22909091,USD_per_barrel,monthly,FRED_IMF_PCPS,IMF Primary Commodity Prices System series,https://fred.stlouisfed.org/categories/32217,https://data.imf.org/en/datasets/IMF.STA:PCPS,2026-08-31T14:34:11.595487Z,none
2018-08-01,brent_oil_price,energy-industrial,,,Global price of Brent crude,73.85130435,USD_per_barrel,monthly,FRED_IMF_PCPS,IMF Primary Commodity Prices System series,https://fred.stlouisfed.org/categories/32217,https://data.imf.org/en/datasets/IMF.STA:PCPS,2026-08-31T14:34:11.595487Z,none
2018-09-01,brent_oil_price,energy-industrial,,,Global price of Brent crude,79.163,USD_per_barrel,monthly,FRED_IMF_PCPS,IMF Primary Commodity Prices System series,https://fred.stlouisfed.org/categories/32217,https://data.imf.org/en/datasets/IMF.STA:PCPS,2026-08-31T14:34:11.595487Z,none
2018-10-01,brent_oil_price,energy-industrial,,,Global price of Brent crude,80.78347826,USD_per_barrel,monthly,FRED_IMF_PCPS,IMF Primary Commodity Prices System series,https://fred.stlouisfed.org/categories/32217,https://data.imf.org/en/datasets/IMF.STA:PCPS,2026-08-31T14:34:11.595487Z,none
2018-11-01,brent_oil_price,energy-industrial,,,Global price of Brent crude,66.22863636,USD_per_barrel,monthly,FRED_IMF_PCPS,IMF Primary Commodity Prices System series,https://fred.stlouisfed.org/categories/32217,https://data.imf.org/en/datasets/IMF.STA:PCPS,2026-08-31T14:34:11.595487Z,none
2018-12-01,brent_oil_price,energy-industrial,,,Global price of Brent crude,57.94809524,USD_per_barrel,monthly,FRED_IMF_PCPS,IMF Primary Commodity Prices System series,https://fred.stlouisfed.org/categories/32217,https://data.imf.org/en/datasets/IMF.STA:PCPS,2026-08-31T14:34:11.595487Z,none
2019-01-01,brent_oil_price,energy-industrial,,,Global price of Brent crude,59.94478261,USD_per_barrel,monthly,FRED_IMF_PCPS,IMF Primary Commodity Prices System series,https://fred.stlouisfed.org/categories/32217,https://data.imf.org/en/datasets/IMF.STA:PCPS,2026-08-31T14:34:11.595487Z,none
2019-02-01,brent_oil_price,energy-industrial,,,Global price of Brent crude,64.384,USD_per_barrel,monthly,FRED_IMF_PCPS,IMF Primary Commodity Prices System series,https://fred.stlouisfed.org/categories/32217,https://data.imf.org/en/datasets/IMF.STA:PCPS,2026-08-31T14:34:11.595487Z,none
2019-03-01,brent_oil_price,energy-industrial,,,Global price of Brent crude,66.94190476,USD_per_barrel,monthly,FRED_IMF_PCPS,IMF Primary Commodity Prices System series,https://fred.stlouisfed.org/categories/32217,https://data.imf.org/en/datasets/IMF.STA:PCPS,2026-08-31T14:34:11.595487Z,none
2019-04-01,brent_oil_price,energy-industrial,,,Global price of Brent crude,71.47590909,USD_per_barrel,monthly,FRED_IMF_PCPS,IMF Primary Commodity Prices System series,https://fred.stlouisfed.org/categories/32217,https://data.imf.org/en/datasets/IMF.STA:PCPS,2026-08-31T14:34:11.595487Z,none
2019-05-01,brent_oil_price,energy-industrial,,,Global price of Brent crude,70.38913043,USD_per_barrel,monthly,FRED_IMF_PCPS,IMF Primary Commodity Prices System series,https://fred.stlouisfed.org/categories/32217,https://data.imf.org/en/datasets/IMF.STA:PCPS,2026-08-31T14:34:11.595487Z,none
2019-06-01,brent_oil_price,energy-industrial,,,Global price of Brent crude,63.2085,USD_per_barrel,monthly,FRED_IMF_PCPS,IMF Primary Commodity Prices System series,https://fred.stlouisfed.org/categories/32217,https://data.imf.org/en/datasets/IMF.STA:PCPS,2026-08-31T14:34:11.595487Z,none
2019-07-01,brent_oil_price,energy-industrial,,,Global price of Brent crude,64.32217391,USD_per_barrel,monthly,FRED_IMF_PCPS,IMF Primary Commodity Prices System series,https://fred.stlouisfed.org/categories/32217,https://data.imf.org/en/datasets/IMF.STA:PCPS,2026-08-31T14:34:11.595487Z,none
2019-08-01,brent_oil_price,energy-industrial,,,Global price of Brent crude,59.61818182,USD_per_barrel,monthly,FRED_IMF_PCPS,IMF Primary Commodity Prices System series,https://fred.stlouisfed.org/categories/32217,https://data.imf.org/en/datasets/IMF.STA:PCPS,2026-08-31T14:34:11.595487Z,none
2019-09-01,brent_oil_price,energy-industrial,,,Global price of Brent crude,62.43095238,USD_per_barrel,monthly,FRED_IMF_PCPS,IMF Primary Commodity Prices System series,https://fred.stlouisfed.org/categories/32217,https://data.imf.org/en/datasets/IMF.STA:PCPS,2026-08-31T14:34:11.595487Z,none
2019-10-01,brent_oil_price,energy-industrial,,,Global price of Brent crude,59.63130435,USD_per_barrel,monthly,FRED_IMF_PCPS,IMF Primary Commodity Prices System series,https://fred.stlouisfed.org/categories/32217,https://data.imf.org/en/datasets/IMF.STA:PCPS,2026-08-31T14:34:11.595487Z,none
2019-11-01,brent_oil_price,energy-industrial,,,Global price of Brent crude,62.68666667,USD_per_barrel,monthly,FRED_IMF_PCPS,IMF Primary Commodity Prices System series,https://fred.stlouisfed.org/categories/32217,https://data.imf.org/en/datasets/IMF.STA:PCPS,2026-08-31T14:34:11.595487Z,none
2019-12-01,brent_oil_price,energy-industrial,,,Global price of Brent crude,65.34818182,USD_per_barrel,monthly,FRED_IMF_PCPS,IMF Primary Commodity Prices System series,https://fred.stlouisfed.org/categories/32217,https://data.imf.org/en/datasets/IMF.STA:PCPS,2026-08-31T14:34:11.595487Z,none
2020-01-01,brent_oil_price,energy-industrial,,,Global price of Brent crude,63.89869565,USD_per_barrel,monthly,FRED_IMF_PCPS,IMF Primary Commodity Prices System series,https://fred.stlouisfed.org/categories/32217,https://data.imf.org/en/datasets/IMF.STA:PCPS,2026-08-31T14:34:11.595487Z,none
2020-02-01,brent_oil_price,energy-industrial,,,Global price of Brent crude,55.691,USD_per_barrel,monthly,FRED_IMF_PCPS,IMF Primary Commodity Prices System series,https://fred.stlouisfed.org/categories/32217,https://data.imf.org/en/datasets/IMF.STA:PCPS,2026-08-31T14:34:11.595487Z,none
2020-03-01,brent_oil_price,energy-industrial,,,Global price of Brent crude,33.94727273,USD_per_barrel,monthly,FRED_IMF_PCPS,IMF Primary Commodity Prices System series,https://fred.stlouisfed.org/categories/32217,https://data.imf.org/en/datasets/IMF.STA:PCPS,2026-08-31T14:34:11.595487Z,none
2020-04-01,brent_oil_price,energy-industrial,,,Global price of Brent crude,26.84863636,USD_per_barrel,monthly,FRED_IMF_PCPS,IMF Primary Commodity Prices System series,https://fred.stlouisfed.org/categories/32217,https://data.imf.org/en/datasets/IMF.STA:PCPS,2026-08-31T14:34:11.595487Z,none
2020-05-01,brent_oil_price,energy-industrial,,,Global price of Brent crude,32.42238095,USD_per_barrel,monthly,FRED_IMF_PCPS,IMF Primary Commodity Prices System series,https://fred.stlouisfed.org/categories/32217,https://data.imf.org/en/datasets/IMF.STA:PCPS,2026-08-31T14:34:11.595487Z,none
2020-06-01,brent_oil_price,energy-industrial,,,Global price of Brent crude,40.86045455,USD_per_barrel,monthly,FRED_IMF_PCPS,IMF Primary Commodity Prices System series,https://fred.stlouisfed.org/categories/32217,https://data.imf.org/en/datasets/IMF.STA:PCPS,2026-08-31T14:34:11.595487Z,none
2020-07-01,brent_oil_price,energy-industrial,,,Global price of Brent crude,43.29565217,USD_per_barrel,monthly,FRED_IMF_PCPS,IMF Primary Commodity Prices System series,https://fred.stlouisfed.org/categories/32217,https://data.imf.org/en/datasets/IMF.STA:PCPS,2026-08-31T14:34:11.595487Z,none
2020-08-01,brent_oil_price,energy-industrial,,,Global price of Brent crude,45.08142857,USD_per_barrel,monthly,FRED_IMF_PCPS,IMF Primary Commodity Prices System series,https://fred.stlouisfed.org/categories/32217,https://data.imf.org/en/datasets/IMF.STA:PCPS,2026-08-31T14:34:11.595487Z,none
2020-09-01,brent_oil_price,energy-industrial,,,Global price of Brent crude,41.92681818,USD_per_barrel,monthly,FRED_IMF_PCPS,IMF Primary Commodity Prices System series,https://fred.stlouisfed.org/categories/32217,https://data.imf.org/en/datasets/IMF.STA:PCPS,2026-08-31T14:34:11.595487Z,none
2020-10-01,brent_oil_price,energy-industrial,,,Global price of Brent crude,41.60681818,USD_per_barrel,monthly,FRED_IMF_PCPS,IMF Primary Commodity Prices System series,https://fred.stlouisfed.org/categories/32217,https://data.imf.org/en/datasets/IMF.STA:PCPS,2026-08-31T14:34:11.595487Z,none
2020-11-01,brent_oil_price,energy-industrial,,,Global price of Brent crude,44.05,USD_per_barrel,monthly,FRED_IMF_PCPS,IMF Primary Commodity Prices System series,https://fred.stlouisfed.org/categories/32217,https://data.imf.org/en/datasets/IMF.STA:PCPS,2026-08-31T14:34:11.595487Z,none
2020-12-01,brent_oil_price,energy-industrial,,,Global price of Brent crude,50.37695652,USD_per_barrel,monthly,FRED_IMF_PCPS,IMF Primary Commodity Prices System series,https://fred.stlouisfed.org/categories/32217,https://data.imf.org/en/datasets/IMF.STA:PCPS,2026-08-31T14:34:11.595487Z,none
2021-01-01,brent_oil_price,energy-industrial,,,Global price of Brent crude,55.2247619,USD_per_barrel,monthly,FRED_IMF_PCPS,IMF Primary Commodity Prices System series,https://fred.stlouisfed.org/categories/32217,https://data.imf.org/en/datasets/IMF.STA:PCPS,2026-08-31T14:34:11.595487Z,none
2021-02-01,brent_oil_price,energy-industrial,,,Global price of Brent crude,62.3625,USD_per_barrel,monthly,FRED_IMF_PCPS,IMF Primary Commodity Prices System series,https://fred.stlouisfed.org/categories/32217,https://data.imf.org/en/datasets/IMF.STA:PCPS,2026-08-31T14:34:11.595487Z,none
2021-03-01,brent_oil_price,energy-industrial,,,Global price of Brent crude,65.79608696,USD_per_barrel,monthly,FRED_IMF_PCPS,IMF Primary Commodity Prices System series,https://fred.stlouisfed.org/categories/32217,https://data.imf.org/en/datasets/IMF.STA:PCPS,2026-08-31T14:34:11.595487Z,none
2021-04-01,brent_oil_price,energy-industrial,,,Global price of Brent crude,65.53181818,USD_per_barrel,monthly,FRED_IMF_PCPS,IMF Primary Commodity Prices System series,https://fred.stlouisfed.org/categories/32217,https://data.imf.org/en/datasets/IMF.STA:PCPS,2026-08-31T14:34:11.595487Z,none
2021-05-01,brent_oil_price,energy-industrial,,,Global price of Brent crude,68.3752381,USD_per_barrel,monthly,FRED_IMF_PCPS,IMF Primary Commodity Prices System series,https://fred.stlouisfed.org/categories/32217,https://data.imf.org/en/datasets/IMF.STA:PCPS,2026-08-31T14:34:11.595487Z,none
2021-06-01,brent_oil_price,energy-industrial,,,Global price of Brent crude,73.51272727,USD_per_barrel,monthly,FRED_IMF_PCPS,IMF Primary Commodity Prices System series,https://fred.stlouisfed.org/categories/32217,https://data.imf.org/en/datasets/IMF.STA:PCPS,2026-08-31T14:34:11.595487Z,none
2021-07-01,brent_oil_price,energy-industrial,,,Global price of Brent crude,74.40318182,USD_per_barrel,monthly,FRED_IMF_PCPS,IMF Primary Commodity Prices System series,https://fred.stlouisfed.org/categories/32217,https://data.imf.org/en/datasets/IMF.STA:PCPS,2026-08-31T14:34:11.595487Z,none
2021-08-01,brent_oil_price,energy-industrial,,,Global price of Brent crude,70.58818182,USD_per_barrel,monthly,FRED_IMF_PCPS,IMF Primary Commodity Prices System series,https://fred.stlouisfed.org/categories/32217,https://data.imf.org/en/datasets/IMF.STA:PCPS,2026-08-31T14:34:11.595487Z,none
2021-09-01,brent_oil_price,energy-industrial,,,Global price of Brent crude,74.74954545,USD_per_barrel,monthly,FRED_IMF_PCPS,IMF Primary Commodity Prices System series,https://fred.stlouisfed.org/categories/32217,https://data.imf.org/en/datasets/IMF.STA:PCPS,2026-08-31T14:34:11.595487Z,none
2021-10-01,brent_oil_price,energy-industrial,,,Global price of Brent crude,83.8652381,USD_per_barrel,monthly,FRED_IMF_PCPS,IMF Primary Commodity Prices System series,https://fred.stlouisfed.org/categories/32217,https://data.imf.org/en/datasets/IMF.STA:PCPS,2026-08-31T14:34:11.595487Z,none
2021-11-01,brent_oil_price,energy-industrial,,,Global price of Brent crude,80.89045455,USD_per_barrel,monthly,FRED_IMF_PCPS,IMF Primary Commodity Prices System series,https://fred.stlouisfed.org/categories/32217,https://data.imf.org/en/datasets/IMF.STA:PCPS,2026-08-31T14:34:11.595487Z,none
2021-12-01,brent_oil_price,energy-industrial,,,Global price of Brent crude,74.67826087,USD_per_barrel,monthly,FRED_IMF_PCPS,IMF Primary Commodity Prices System series,https://fred.stlouisfed.org/categories/32217,https://data.imf.org/en/datasets/IMF.STA:PCPS,2026-08-31T14:34:11.595487Z,none
2022-01-01,brent_oil_price,energy-industrial,,,Global price of Brent crude,85.62238095,USD_per_barrel,monthly,FRED_IMF_PCPS,IMF Primary Commodity Prices System series,https://fred.stlouisfed.org/categories/32217,https://data.imf.org/en/datasets/IMF.STA:PCPS,2026-08-31T14:34:11.595487Z,none
2022-02-01,brent_oil_price,energy-industrial,,,Global price of Brent crude,94.267,USD_per_barrel,monthly,FRED_IMF_PCPS,IMF Primary Commodity Prices System series,https://fred.stlouisfed.org/categories/32217,https://data.imf.org/en/datasets/IMF.STA:PCPS,2026-08-31T14:34:11.595487Z,none
2022-03-01,brent_oil_price,energy-industrial,,,Global price of Brent crude,112.44,USD_per_barrel,monthly,FRED_IMF_PCPS,IMF Primary Commodity Prices System series,https://fred.stlouisfed.org/categories/32217,https://data.imf.org/en/datasets/IMF.STA:PCPS,2026-08-31T14:34:11.595487Z,none
2022-04-01,brent_oil_price,energy-industrial,,,Global price of Brent crude,106.15571429,USD_per_barrel,monthly,FRED_IMF_PCPS,IMF Primary Commodity Prices System series,https://fred.stlouisfed.org/categories/32217,https://data.imf.org/en/datasets/IMF.STA:PCPS,2026-08-31T14:34:11.595487Z,none
2022-05-01,brent_oil_price,energy-industrial,,,Global price of Brent crude,112.11363636,USD_per_barrel,monthly,FRED_IMF_PCPS,IMF Primary Commodity Prices System series,https://fred.stlouisfed.org/categories/32217,https://data.imf.org/en/datasets/IMF.STA:PCPS,2026-08-31T14:34:11.595487Z,none
2022-06-01,brent_oil_price,energy-industrial,,,Global price of Brent crude,117.69272727,USD_per_barrel,monthly,FRED_IMF_PCPS,IMF Primary Commodity Prices System series,https://fred.stlouisfed.org/categories/32217,https://data.imf.org/en/datasets/IMF.STA:PCPS,2026-08-31T14:34:11.595487Z,none
2022-07-01,brent_oil_price,energy-industrial,,,Global price of Brent crude,105.25285714,USD_per_barrel,monthly,FRED_IMF_PCPS,IMF Primary Commodity Prices System series,https://fred.stlouisfed.org/categories/32217,https://data.imf.org/en/datasets/IMF.STA:PCPS,2026-08-31T14:34:11.595487Z,none
2022-08-01,brent_oil_price,energy-industrial,,,Global price of Brent crude,97.64304348,USD_per_barrel,monthly,FRED_IMF_PCPS,IMF Primary Commodity Prices System series,https://fred.stlouisfed.org/categories/32217,https://data.imf.org/en/datasets/IMF.STA:PCPS,2026-08-31T14:34:11.595487Z,none
2022-09-01,brent_oil_price,energy-industrial,,,Global price of Brent crude,90.60818182,USD_per_barrel,monthly,FRED_IMF_PCPS,IMF Primary Commodity Prices System series,https://fred.stlouisfed.org/categories/32217,https://data.imf.org/en/datasets/IMF.STA:PCPS,2026-08-31T14:34:11.595487Z,none
2022-10-01,brent_oil_price,energy-industrial,,,Global price of Brent crude,93.71857143,USD_per_barrel,monthly,FRED_IMF_PCPS,IMF Primary Commodity Prices System series,https://fred.stlouisfed.org/categories/32217,https://data.imf.org/en/datasets/IMF.STA:PCPS,2026-08-31T14:34:11.595487Z,none
2022-11-01,brent_oil_price,energy-industrial,,,Global price of Brent crude,90.93863636,USD_per_barrel,monthly,FRED_IMF_PCPS,IMF Primary Commodity Prices System series,https://fred.stlouisfed.org/categories/32217,https://data.imf.org/en/datasets/IMF.STA:PCPS,2026-08-31T14:34:11.595487Z,none
2022-12-01,brent_oil_price,energy-industrial,,,Global price of Brent crude,81.50318182,USD_per_barrel,monthly,FRED_IMF_PCPS,IMF Primary Commodity Prices System series,https://fred.stlouisfed.org/categories/32217,https://data.imf.org/en/datasets/IMF.STA:PCPS,2026-08-31T14:34:11.595487Z,none
2023-01-01,brent_oil_price,energy-industrial,,,Global price of Brent crude,84.08181818,USD_per_barrel,monthly,FRED_IMF_PCPS,IMF Primary Commodity Prices System series,https://fred.stlouisfed.org/categories/32217,https://data.imf.org/en/datasets/IMF.STA:PCPS,2026-08-31T14:34:11.595487Z,none
2023-02-01,brent_oil_price,energy-industrial,,,Global price of Brent crude,83.6325,USD_per_barrel,monthly,FRED_IMF_PCPS,IMF Primary Commodity Prices System series,https://fred.stlouisfed.org/categories/32217,https://data.imf.org/en/datasets/IMF.STA:PCPS,2026-08-31T14:34:11.595487Z,none
2023-03-01,brent_oil_price,energy-industrial,,,Global price of Brent crude,79.25652174,USD_per_barrel,monthly,FRED_IMF_PCPS,IMF Primary Commodity Prices System series,https://fred.stlouisfed.org/categories/32217,https://data.imf.org/en/datasets/IMF.STA:PCPS,2026-08-31T14:34:11.595487Z,none
2023-04-01,brent_oil_price,energy-industrial,,,Global price of Brent crude,83.536,USD_per_barrel,monthly,FRED_IMF_PCPS,IMF Primary Commodity Prices System series,https://fred.stlouisfed.org/categories/32217,https://data.imf.org/en/datasets/IMF.STA:PCPS,2026-08-31T14:34:11.595487Z,none
2023-05-01,brent_oil_price,energy-industrial,,,Global price of Brent crude,75.7473913,USD_per_barrel,monthly,FRED_IMF_PCPS,IMF Primary Commodity Prices System series,https://fred.stlouisfed.org/categories/32217,https://data.imf.org/en/datasets/IMF.STA:PCPS,2026-08-31T14:34:11.595487Z,none
2023-06-01,brent_oil_price,energy-industrial,,,Global price of Brent crude,74.975,USD_per_barrel,monthly,FRED_IMF_PCPS,IMF Primary Commodity Prices System series,https://fred.stlouisfed.org/categories/32217,https://data.imf.org/en/datasets/IMF.STA:PCPS,2026-08-31T14:34:11.595487Z,none
2023-07-01,brent_oil_price,energy-industrial,,,Global price of Brent crude,80.10904762,USD_per_barrel,monthly,FRED_IMF_PCPS,IMF Primary Commodity Prices System series,https://fred.stlouisfed.org/categories/32217,https://data.imf.org/en/datasets/IMF.STA:PCPS,2026-08-31T14:34:11.595487Z,none
2023-08-01,brent_oil_price,energy-industrial,,,Global price of Brent crude,85.16826087,USD_per_barrel,monthly,FRED_IMF_PCPS,IMF Primary Commodity Prices System series,https://fred.stlouisfed.org/categories/32217,https://data.imf.org/en/datasets/IMF.STA:PCPS,2026-08-31T14:34:11.595487Z,none
2023-09-01,brent_oil_price,energy-industrial,,,Global price of Brent crude,92.67333333,USD_per_barrel,monthly,FRED_IMF_PCPS,IMF Primary Commodity Prices System series,https://fred.stlouisfed.org/categories/32217,https://data.imf.org/en/datasets/IMF.STA:PCPS,2026-08-31T14:34:11.595487Z,none
2023-10-01,brent_oil_price,energy-industrial,,,Global price of Brent crude,88.94772727,USD_per_barrel,monthly,FRED_IMF_PCPS,IMF Primary Commodity Prices System series,https://fred.stlouisfed.org/categories/32217,https://data.imf.org/en/datasets/IMF.STA:PCPS,2026-08-31T14:34:11.595487Z,none
2023-11-01,brent_oil_price,energy-industrial,,,Global price of Brent crude,82.18636364,USD_per_barrel,monthly,FRED_IMF_PCPS,IMF Primary Commodity Prices System series,https://fred.stlouisfed.org/categories/32217,https://data.imf.org/en/datasets/IMF.STA:PCPS,2026-08-31T14:34:11.595487Z,none
2023-12-01,brent_oil_price,energy-industrial,,,Global price of Brent crude,77.54095238,USD_per_barrel,monthly,FRED_IMF_PCPS,IMF Primary Commodity Prices System series,https://fred.stlouisfed.org/categories/32217,https://data.imf.org/en/datasets/IMF.STA:PCPS,2026-08-31T14:34:11.595487Z,none
2024-01-01,brent_oil_price,energy-industrial,,,Global price of Brent crude,79.11,USD_per_barrel,monthly,FRED_IMF_PCPS,IMF Primary Commodity Prices System series,https://fred.stlouisfed.org/categories/32217,https://data.imf.org/en/datasets/IMF.STA:PCPS,2026-08-31T14:34:11.595487Z,none
2024-02-01,brent_oil_price,energy-industrial,,,Global price of Brent crude,81.79571429,USD_per_barrel,monthly,FRED_IMF_PCPS,IMF Primary Commodity Prices System series,https://fred.stlouisfed.org/categories/32217,https://data.imf.org/en/datasets/IMF.STA:PCPS,2026-08-31T14:34:11.595487Z,none
2024-03-01,brent_oil_price,energy-industrial,,,Global price of Brent crude,84.96142857,USD_per_barrel,monthly,FRED_IMF_PCPS,IMF Primary Commodity Prices System series,https://fred.stlouisfed.org/categories/32217,https://data.imf.org/en/datasets/IMF.STA:PCPS,2026-08-31T14:34:11.595487Z,none
2024-04-01,brent_oil_price,energy-industrial,,,Global price of Brent crude,88.97454545,USD_per_barrel,monthly,FRED_IMF_PCPS,IMF Primary Commodity Prices System series,https://fred.stlouisfed.org/categories/32217,https://data.imf.org/en/datasets/IMF.STA:PCPS,2026-08-31T14:34:11.595487Z,none
2024-05-01,brent_oil_price,energy-industrial,,,Global price of Brent crude,83.05391304,USD_per_barrel,monthly,FRED_IMF_PCPS,IMF Primary Commodity Prices System series,https://fred.stlouisfed.org/categories/32217,https://data.imf.org/en/datasets/IMF.STA:PCPS,2026-08-31T14:34:11.595487Z,none
2024-06-01,brent_oil_price,energy-industrial,,,Global price of Brent crude,82.9175,USD_per_barrel,monthly,FRED_IMF_PCPS,IMF Primary Commodity Prices System series,https://fred.stlouisfed.org/categories/32217,https://data.imf.org/en/datasets/IMF.STA:PCPS,2026-08-31T14:34:11.595487Z,none
2024-07-01,brent_oil_price,energy-industrial,,,Global price of Brent crude,84.04869565,USD_per_barrel,monthly,FRED_IMF_PCPS,IMF Primary Commodity Prices System series,https://fred.stlouisfed.org/categories/32217,https://data.imf.org/en/datasets/IMF.STA:PCPS,2026-08-31T14:34:11.595487Z,none
2024-08-01,brent_oil_price,energy-industrial,,,Global price of Brent crude,79.01863636,USD_per_barrel,monthly,FRED_IMF_PCPS,IMF Primary Commodity Prices System series,https://fred.stlouisfed.org/categories/32217,https://data.imf.org/en/datasets/IMF.STA:PCPS,2026-08-31T14:34:11.595487Z,none
2024-09-01,brent_oil_price,energy-industrial,,,Global price of Brent crude,73.05761905,USD_per_barrel,monthly,FRED_IMF_PCPS,IMF Primary Commodity Prices System series,https://fred.stlouisfed.org/categories/32217,https://data.imf.org/en/datasets/IMF.STA:PCPS,2026-08-31T14:34:11.595487Z,none
2024-10-01,brent_oil_price,energy-industrial,,,Global price of Brent crude,75.26652174,USD_per_barrel,monthly,FRED_IMF_PCPS,IMF Primary Commodity Prices System series,https://fred.stlouisfed.org/categories/32217,https://data.imf.org/en/datasets/IMF.STA:PCPS,2026-08-31T14:34:11.595487Z,none
2024-11-01,brent_oil_price,energy-industrial,,,Global price of Brent crude,73.50857143,USD_per_barrel,monthly,FRED_IMF_PCPS,IMF Primary Commodity Prices System series,https://fred.stlouisfed.org/categories/32217,https://data.imf.org/en/datasets/IMF.STA:PCPS,2026-08-31T14:34:11.595487Z,none
2024-12-01,brent_oil_price,energy-industrial,,,Global price of Brent crude,73.22772727,USD_per_barrel,monthly,FRED_IMF_PCPS,IMF Primary Commodity Prices System series,https://fred.stlouisfed.org/categories/32217,https://data.imf.org/en/datasets/IMF.STA:PCPS,2026-08-31T14:34:11.595487Z,none
2025-01-01,brent_oil_price,energy-industrial,,,Global price of Brent crude,78.19391304,USD_per_barrel,monthly,FRED_IMF_PCPS,IMF Primary Commodity Prices System series,https://fred.stlouisfed.org/categories/32217,https://data.imf.org/en/datasets/IMF.STA:PCPS,2026-08-31T14:34:11.595487Z,none
2025-02-01,brent_oil_price,energy-industrial,,,Global price of Brent crude,75.193,USD_per_barrel,monthly,FRED_IMF_PCPS,IMF Primary Commodity Prices System series,https://fred.stlouisfed.org/categories/32217,https://data.imf.org/en/datasets/IMF.STA:PCPS,2026-08-31T14:34:11.595487Z,none
2025-03-01,brent_oil_price,energy-industrial,,,Global price of Brent crude,71.74142857,USD_per_barrel,monthly,FRED_IMF_PCPS,IMF Primary Commodity Prices System series,https://fred.stlouisfed.org/categories/32217,https://data.imf.org/en/datasets/IMF.STA:PCPS,2026-08-31T14:34:11.595487Z,none
2025-04-01,brent_oil_price,energy-industrial,,,Global price of Brent crude,66.92727273,USD_per_barrel,monthly,FRED_IMF_PCPS,IMF Primary Commodity Prices System series,https://fred.stlouisfed.org/categories/32217,https://data.imf.org/en/datasets/IMF.STA:PCPS,2026-08-31T14:34:11.595487Z,none
2025-05-01,brent_oil_price,energy-industrial,,,Global price of Brent crude,64.09272727,USD_per_barrel,monthly,FRED_IMF_PCPS,IMF Primary Commodity Prices System series,https://fred.stlouisfed.org/categories/32217,https://data.imf.org/en/datasets/IMF.STA:PCPS,2026-08-31T14:34:11.595487Z,none
2025-06-01,brent_oil_price,energy-industrial,,,Global price of Brent crude,69.84666667,USD_per_barrel,monthly,FRED_IMF_PCPS,IMF Primary Commodity Prices System series,https://fred.stlouisfed.org/categories/32217,https://data.imf.org/en/datasets/IMF.STA:PCPS,2026-08-31T14:34:11.595487Z,none
2025-07-01,brent_oil_price,energy-industrial,,,Global price of Brent crude,69.56478261,USD_per_barrel,monthly,FRED_IMF_PCPS,IMF Primary Commodity Prices System series,https://fred.stlouisfed.org/categories/32217,https://data.imf.org/en/datasets/IMF.STA:PCPS,2026-08-31T14:34:11.595487Z,none
2025-08-01,brent_oil_price,energy-industrial,,,Global price of Brent crude,67.24428571,USD_per_barrel,monthly,FRED_IMF_PCPS,IMF Primary Commodity Prices System series,https://fred.stlouisfed.org/categories/32217,https://data.imf.org/en/datasets/IMF.STA:PCPS,2026-08-31T14:34:11.595487Z,none
2025-09-01,brent_oil_price,energy-industrial,,,Global price of Brent crude,67.60909091,USD_per_barrel,monthly,FRED_IMF_PCPS,IMF Primary Commodity Prices System series,https://fred.stlouisfed.org/categories/32217,https://data.imf.org/en/datasets/IMF.STA:PCPS,2026-08-31T14:34:11.595487Z,none
2025-10-01,brent_oil_price,energy-industrial,,,Global price of Brent crude,63.98130435,USD_per_barrel,monthly,FRED_IMF_PCPS,IMF Primary Commodity Prices System series,https://fred.stlouisfed.org/categories/32217,https://data.imf.org/en/datasets/IMF.STA:PCPS,2026-08-31T14:34:11.595487Z,none
2025-11-01,brent_oil_price,energy-industrial,,,Global price of Brent crude,63.6935,USD_per_barrel,monthly,FRED_IMF_PCPS,IMF Primary Commodity Prices System series,https://fred.stlouisfed.org/categories/32217,https://data.imf.org/en/datasets/IMF.STA:PCPS,2026-08-31T14:34:11.595487Z,none
2025-12-01,brent_oil_price,energy-industrial,,,Global price of Brent crude,61.81090909,USD_per_barrel,monthly,FRED_IMF_PCPS,IMF Primary Commodity Prices System series,https://fred.stlouisfed.org/categories/32217,https://data.imf.org/en/datasets/IMF.STA:PCPS,2026-08-31T14:34:11.595487Z,none
2026-01-01,brent_oil_price,energy-industrial,,,Global price of Brent crude,64.59409091,USD_per_barrel,monthly,FRED_IMF_PCPS,IMF Primary Commodity Prices System series,https://fred.stlouisfed.org/categories/32217,https://data.imf.org/en/datasets/IMF.STA:PCPS,2026-08-31T14:34:11.595487Z,none
2026-02-01,brent_oil_price,energy-industrial,,,Global price of Brent crude,69.4095,USD_per_barrel,monthly,FRED_IMF_PCPS,IMF Primary Commodity Prices System series,https://fred.stlouisfed.org/categories/32217,https://data.imf.org/en/datasets/IMF.STA:PCPS,2026-08-31T14:34:11.595487Z,none
2026-03-01,brent_oil_price,energy-industrial,,,Global price of Brent crude,99.405,USD_per_barrel,monthly,FRED_IMF_PCPS,IMF Primary Commodity Prices System series,https://fred.stlouisfed.org/categories/32217,https://data.imf.org/en/datasets/IMF.STA:PCPS,2026-08-31T14:34:11.595487Z,none
2026-04-01,brent_oil_price,energy-industrial,,,Global price of Brent crude,102.81363636,USD_per_barrel,monthly,FRED_IMF_PCPS,IMF Primary Commodity Prices System series,https://fred.stlouisfed.org/categories/32217,https://data.imf.org/en/datasets/IMF.STA:PCPS,2026-08-31T14:34:11.595487Z,none
2026-05-01,brent_oil_price,energy-industrial,,,Global price of Brent crude,103.84238095,USD_per_barrel,monthly,FRED_IMF_PCPS,IMF Primary Commodity Prices System series,https://fred.stlouisfed.org/categories/32217,https://data.imf.org/en/datasets/IMF.STA:PCPS,2026-08-31T14:34:11.595487Z,none
2026-06-01,brent_oil_price,energy-industrial,,,Global price of Brent crude,84.48772727,USD_per_barrel,monthly,FRED_IMF_PCPS,IMF Primary Commodity Prices System series,https://fred.stlouisfed.org/categories/32217,https://data.imf.org/en/datasets/IMF.STA:PCPS,2026-08-31T14:34:11.595487Z,none
2026-07-01,brent_oil_price,energy-industrial,,,Global price of Brent crude,83.73409091,USD_per_barrel,monthly,FRED_IMF_PCPS,IMF Primary Commodity Prices System series,https://fred.stlouisfed.org/categories/32217,https://data.imf.org/en/datasets/IMF.STA:PCPS,2026-08-31T14:34:11.595487Z,none
