observation_date,series_id,tab_id,country_iso3,currency_iso3,label,value,unit,frequency,source_id,source_name,source_url,source_documentation_url,source_retrieved_at,transformation
1994-01-31,chn_inflation,china,CHN,CNY,China inflation,21.10001082,percent,monthly,IMF_CPI,Consumer Price Index (CPI),https://api.imf.org/external/sdmx/3.0/data/dataflow/IMF.STA/CPI/latest/,https://data.imf.org/Datasets/CPI,2026-08-31T14:35:13.815354Z,none
1994-02-28,chn_inflation,china,CHN,CNY,China inflation,23.2000118,percent,monthly,IMF_CPI,Consumer Price Index (CPI),https://api.imf.org/external/sdmx/3.0/data/dataflow/IMF.STA/CPI/latest/,https://data.imf.org/Datasets/CPI,2026-08-31T14:35:13.815354Z,none
1994-03-31,chn_inflation,china,CHN,CNY,China inflation,22.39997303,percent,monthly,IMF_CPI,Consumer Price Index (CPI),https://api.imf.org/external/sdmx/3.0/data/dataflow/IMF.STA/CPI/latest/,https://data.imf.org/Datasets/CPI,2026-08-31T14:35:13.815354Z,none
1994-04-30,chn_inflation,china,CHN,CNY,China inflation,21.70001961,percent,monthly,IMF_CPI,Consumer Price Index (CPI),https://api.imf.org/external/sdmx/3.0/data/dataflow/IMF.STA/CPI/latest/,https://data.imf.org/Datasets/CPI,2026-08-31T14:35:13.815354Z,none
1994-05-31,chn_inflation,china,CHN,CNY,China inflation,21.30001248,percent,monthly,IMF_CPI,Consumer Price Index (CPI),https://api.imf.org/external/sdmx/3.0/data/dataflow/IMF.STA/CPI/latest/,https://data.imf.org/Datasets/CPI,2026-08-31T14:35:13.815354Z,none
1994-06-30,chn_inflation,china,CHN,CNY,China inflation,22.59999561,percent,monthly,IMF_CPI,Consumer Price Index (CPI),https://api.imf.org/external/sdmx/3.0/data/dataflow/IMF.STA/CPI/latest/,https://data.imf.org/Datasets/CPI,2026-08-31T14:35:13.815354Z,none
1994-07-31,chn_inflation,china,CHN,CNY,China inflation,24.00000407,percent,monthly,IMF_CPI,Consumer Price Index (CPI),https://api.imf.org/external/sdmx/3.0/data/dataflow/IMF.STA/CPI/latest/,https://data.imf.org/Datasets/CPI,2026-08-31T14:35:13.815354Z,none
1994-08-31,chn_inflation,china,CHN,CNY,China inflation,25.80000359,percent,monthly,IMF_CPI,Consumer Price Index (CPI),https://api.imf.org/external/sdmx/3.0/data/dataflow/IMF.STA/CPI/latest/,https://data.imf.org/Datasets/CPI,2026-08-31T14:35:13.815354Z,none
1994-09-30,chn_inflation,china,CHN,CNY,China inflation,27.30000226,percent,monthly,IMF_CPI,Consumer Price Index (CPI),https://api.imf.org/external/sdmx/3.0/data/dataflow/IMF.STA/CPI/latest/,https://data.imf.org/Datasets/CPI,2026-08-31T14:35:13.815354Z,none
1994-10-31,chn_inflation,china,CHN,CNY,China inflation,27.70000072,percent,monthly,IMF_CPI,Consumer Price Index (CPI),https://api.imf.org/external/sdmx/3.0/data/dataflow/IMF.STA/CPI/latest/,https://data.imf.org/Datasets/CPI,2026-08-31T14:35:13.815354Z,none
1994-11-30,chn_inflation,china,CHN,CNY,China inflation,27.50000239,percent,monthly,IMF_CPI,Consumer Price Index (CPI),https://api.imf.org/external/sdmx/3.0/data/dataflow/IMF.STA/CPI/latest/,https://data.imf.org/Datasets/CPI,2026-08-31T14:35:13.815354Z,none
1994-12-31,chn_inflation,china,CHN,CNY,China inflation,25.50000869,percent,monthly,IMF_CPI,Consumer Price Index (CPI),https://api.imf.org/external/sdmx/3.0/data/dataflow/IMF.STA/CPI/latest/,https://data.imf.org/Datasets/CPI,2026-08-31T14:35:13.815354Z,none
1995-01-31,chn_inflation,china,CHN,CNY,China inflation,24.1000039,percent,monthly,IMF_CPI,Consumer Price Index (CPI),https://api.imf.org/external/sdmx/3.0/data/dataflow/IMF.STA/CPI/latest/,https://data.imf.org/Datasets/CPI,2026-08-31T14:35:13.815354Z,none
1995-02-28,chn_inflation,china,CHN,CNY,China inflation,22.39999146,percent,monthly,IMF_CPI,Consumer Price Index (CPI),https://api.imf.org/external/sdmx/3.0/data/dataflow/IMF.STA/CPI/latest/,https://data.imf.org/Datasets/CPI,2026-08-31T14:35:13.815354Z,none
1995-03-31,chn_inflation,china,CHN,CNY,China inflation,21.30001521,percent,monthly,IMF_CPI,Consumer Price Index (CPI),https://api.imf.org/external/sdmx/3.0/data/dataflow/IMF.STA/CPI/latest/,https://data.imf.org/Datasets/CPI,2026-08-31T14:35:13.815354Z,none
1995-04-30,chn_inflation,china,CHN,CNY,China inflation,20.69999907,percent,monthly,IMF_CPI,Consumer Price Index (CPI),https://api.imf.org/external/sdmx/3.0/data/dataflow/IMF.STA/CPI/latest/,https://data.imf.org/Datasets/CPI,2026-08-31T14:35:13.815354Z,none
1995-05-31,chn_inflation,china,CHN,CNY,China inflation,20.29999131,percent,monthly,IMF_CPI,Consumer Price Index (CPI),https://api.imf.org/external/sdmx/3.0/data/dataflow/IMF.STA/CPI/latest/,https://data.imf.org/Datasets/CPI,2026-08-31T14:35:13.815354Z,none
1995-06-30,chn_inflation,china,CHN,CNY,China inflation,18.20000853,percent,monthly,IMF_CPI,Consumer Price Index (CPI),https://api.imf.org/external/sdmx/3.0/data/dataflow/IMF.STA/CPI/latest/,https://data.imf.org/Datasets/CPI,2026-08-31T14:35:13.815354Z,none
1995-07-31,chn_inflation,china,CHN,CNY,China inflation,16.6999888,percent,monthly,IMF_CPI,Consumer Price Index (CPI),https://api.imf.org/external/sdmx/3.0/data/dataflow/IMF.STA/CPI/latest/,https://data.imf.org/Datasets/CPI,2026-08-31T14:35:13.815354Z,none
1995-08-31,chn_inflation,china,CHN,CNY,China inflation,14.50000198,percent,monthly,IMF_CPI,Consumer Price Index (CPI),https://api.imf.org/external/sdmx/3.0/data/dataflow/IMF.STA/CPI/latest/,https://data.imf.org/Datasets/CPI,2026-08-31T14:35:13.815354Z,none
1995-09-30,chn_inflation,china,CHN,CNY,China inflation,13.19999802,percent,monthly,IMF_CPI,Consumer Price Index (CPI),https://api.imf.org/external/sdmx/3.0/data/dataflow/IMF.STA/CPI/latest/,https://data.imf.org/Datasets/CPI,2026-08-31T14:35:13.815354Z,none
1995-10-31,chn_inflation,china,CHN,CNY,China inflation,12.09999385,percent,monthly,IMF_CPI,Consumer Price Index (CPI),https://api.imf.org/external/sdmx/3.0/data/dataflow/IMF.STA/CPI/latest/,https://data.imf.org/Datasets/CPI,2026-08-31T14:35:13.815354Z,none
1995-11-30,chn_inflation,china,CHN,CNY,China inflation,11.20000524,percent,monthly,IMF_CPI,Consumer Price Index (CPI),https://api.imf.org/external/sdmx/3.0/data/dataflow/IMF.STA/CPI/latest/,https://data.imf.org/Datasets/CPI,2026-08-31T14:35:13.815354Z,none
1995-12-31,chn_inflation,china,CHN,CNY,China inflation,10.09999464,percent,monthly,IMF_CPI,Consumer Price Index (CPI),https://api.imf.org/external/sdmx/3.0/data/dataflow/IMF.STA/CPI/latest/,https://data.imf.org/Datasets/CPI,2026-08-31T14:35:13.815354Z,none
1996-01-31,chn_inflation,china,CHN,CNY,China inflation,8.9999842,percent,monthly,IMF_CPI,Consumer Price Index (CPI),https://api.imf.org/external/sdmx/3.0/data/dataflow/IMF.STA/CPI/latest/,https://data.imf.org/Datasets/CPI,2026-08-31T14:35:13.815354Z,none
1996-02-29,chn_inflation,china,CHN,CNY,China inflation,9.30001459,percent,monthly,IMF_CPI,Consumer Price Index (CPI),https://api.imf.org/external/sdmx/3.0/data/dataflow/IMF.STA/CPI/latest/,https://data.imf.org/Datasets/CPI,2026-08-31T14:35:13.815354Z,none
1996-03-31,chn_inflation,china,CHN,CNY,China inflation,9.80000557,percent,monthly,IMF_CPI,Consumer Price Index (CPI),https://api.imf.org/external/sdmx/3.0/data/dataflow/IMF.STA/CPI/latest/,https://data.imf.org/Datasets/CPI,2026-08-31T14:35:13.815354Z,none
1996-04-30,chn_inflation,china,CHN,CNY,China inflation,9.6999942,percent,monthly,IMF_CPI,Consumer Price Index (CPI),https://api.imf.org/external/sdmx/3.0/data/dataflow/IMF.STA/CPI/latest/,https://data.imf.org/Datasets/CPI,2026-08-31T14:35:13.815354Z,none
1996-05-31,chn_inflation,china,CHN,CNY,China inflation,8.90000631,percent,monthly,IMF_CPI,Consumer Price Index (CPI),https://api.imf.org/external/sdmx/3.0/data/dataflow/IMF.STA/CPI/latest/,https://data.imf.org/Datasets/CPI,2026-08-31T14:35:13.815354Z,none
1996-06-30,chn_inflation,china,CHN,CNY,China inflation,8.60000851,percent,monthly,IMF_CPI,Consumer Price Index (CPI),https://api.imf.org/external/sdmx/3.0/data/dataflow/IMF.STA/CPI/latest/,https://data.imf.org/Datasets/CPI,2026-08-31T14:35:13.815354Z,none
1996-07-31,chn_inflation,china,CHN,CNY,China inflation,8.29999777,percent,monthly,IMF_CPI,Consumer Price Index (CPI),https://api.imf.org/external/sdmx/3.0/data/dataflow/IMF.STA/CPI/latest/,https://data.imf.org/Datasets/CPI,2026-08-31T14:35:13.815354Z,none
1996-08-31,chn_inflation,china,CHN,CNY,China inflation,8.10000517,percent,monthly,IMF_CPI,Consumer Price Index (CPI),https://api.imf.org/external/sdmx/3.0/data/dataflow/IMF.STA/CPI/latest/,https://data.imf.org/Datasets/CPI,2026-08-31T14:35:13.815354Z,none
1996-09-30,chn_inflation,china,CHN,CNY,China inflation,7.40000057,percent,monthly,IMF_CPI,Consumer Price Index (CPI),https://api.imf.org/external/sdmx/3.0/data/dataflow/IMF.STA/CPI/latest/,https://data.imf.org/Datasets/CPI,2026-08-31T14:35:13.815354Z,none
1996-10-31,chn_inflation,china,CHN,CNY,China inflation,7.00001683,percent,monthly,IMF_CPI,Consumer Price Index (CPI),https://api.imf.org/external/sdmx/3.0/data/dataflow/IMF.STA/CPI/latest/,https://data.imf.org/Datasets/CPI,2026-08-31T14:35:13.815354Z,none
1996-11-30,chn_inflation,china,CHN,CNY,China inflation,6.8999999,percent,monthly,IMF_CPI,Consumer Price Index (CPI),https://api.imf.org/external/sdmx/3.0/data/dataflow/IMF.STA/CPI/latest/,https://data.imf.org/Datasets/CPI,2026-08-31T14:35:13.815354Z,none
1996-12-31,chn_inflation,china,CHN,CNY,China inflation,7.00001157,percent,monthly,IMF_CPI,Consumer Price Index (CPI),https://api.imf.org/external/sdmx/3.0/data/dataflow/IMF.STA/CPI/latest/,https://data.imf.org/Datasets/CPI,2026-08-31T14:35:13.815354Z,none
1997-01-31,chn_inflation,china,CHN,CNY,China inflation,5.90001166,percent,monthly,IMF_CPI,Consumer Price Index (CPI),https://api.imf.org/external/sdmx/3.0/data/dataflow/IMF.STA/CPI/latest/,https://data.imf.org/Datasets/CPI,2026-08-31T14:35:13.815354Z,none
1997-02-28,chn_inflation,china,CHN,CNY,China inflation,5.59999792,percent,monthly,IMF_CPI,Consumer Price Index (CPI),https://api.imf.org/external/sdmx/3.0/data/dataflow/IMF.STA/CPI/latest/,https://data.imf.org/Datasets/CPI,2026-08-31T14:35:13.815354Z,none
1997-03-31,chn_inflation,china,CHN,CNY,China inflation,3.99999418,percent,monthly,IMF_CPI,Consumer Price Index (CPI),https://api.imf.org/external/sdmx/3.0/data/dataflow/IMF.STA/CPI/latest/,https://data.imf.org/Datasets/CPI,2026-08-31T14:35:13.815354Z,none
1997-04-30,chn_inflation,china,CHN,CNY,China inflation,3.20000991,percent,monthly,IMF_CPI,Consumer Price Index (CPI),https://api.imf.org/external/sdmx/3.0/data/dataflow/IMF.STA/CPI/latest/,https://data.imf.org/Datasets/CPI,2026-08-31T14:35:13.815354Z,none
1997-05-31,chn_inflation,china,CHN,CNY,China inflation,2.79998362,percent,monthly,IMF_CPI,Consumer Price Index (CPI),https://api.imf.org/external/sdmx/3.0/data/dataflow/IMF.STA/CPI/latest/,https://data.imf.org/Datasets/CPI,2026-08-31T14:35:13.815354Z,none
1997-06-30,chn_inflation,china,CHN,CNY,China inflation,2.79998793,percent,monthly,IMF_CPI,Consumer Price Index (CPI),https://api.imf.org/external/sdmx/3.0/data/dataflow/IMF.STA/CPI/latest/,https://data.imf.org/Datasets/CPI,2026-08-31T14:35:13.815354Z,none
1997-07-31,chn_inflation,china,CHN,CNY,China inflation,2.70000883,percent,monthly,IMF_CPI,Consumer Price Index (CPI),https://api.imf.org/external/sdmx/3.0/data/dataflow/IMF.STA/CPI/latest/,https://data.imf.org/Datasets/CPI,2026-08-31T14:35:13.815354Z,none
1997-08-31,chn_inflation,china,CHN,CNY,China inflation,1.89999117,percent,monthly,IMF_CPI,Consumer Price Index (CPI),https://api.imf.org/external/sdmx/3.0/data/dataflow/IMF.STA/CPI/latest/,https://data.imf.org/Datasets/CPI,2026-08-31T14:35:13.815354Z,none
1997-09-30,chn_inflation,china,CHN,CNY,China inflation,1.80000593,percent,monthly,IMF_CPI,Consumer Price Index (CPI),https://api.imf.org/external/sdmx/3.0/data/dataflow/IMF.STA/CPI/latest/,https://data.imf.org/Datasets/CPI,2026-08-31T14:35:13.815354Z,none
1997-10-31,chn_inflation,china,CHN,CNY,China inflation,1.49998789,percent,monthly,IMF_CPI,Consumer Price Index (CPI),https://api.imf.org/external/sdmx/3.0/data/dataflow/IMF.STA/CPI/latest/,https://data.imf.org/Datasets/CPI,2026-08-31T14:35:13.815354Z,none
1997-11-30,chn_inflation,china,CHN,CNY,China inflation,1.09999639,percent,monthly,IMF_CPI,Consumer Price Index (CPI),https://api.imf.org/external/sdmx/3.0/data/dataflow/IMF.STA/CPI/latest/,https://data.imf.org/Datasets/CPI,2026-08-31T14:35:13.815354Z,none
1997-12-31,chn_inflation,china,CHN,CNY,China inflation,0.39998978,percent,monthly,IMF_CPI,Consumer Price Index (CPI),https://api.imf.org/external/sdmx/3.0/data/dataflow/IMF.STA/CPI/latest/,https://data.imf.org/Datasets/CPI,2026-08-31T14:35:13.815354Z,none
1998-01-31,chn_inflation,china,CHN,CNY,China inflation,0.29998899,percent,monthly,IMF_CPI,Consumer Price Index (CPI),https://api.imf.org/external/sdmx/3.0/data/dataflow/IMF.STA/CPI/latest/,https://data.imf.org/Datasets/CPI,2026-08-31T14:35:13.815354Z,none
1998-02-28,chn_inflation,china,CHN,CNY,China inflation,-0.10001381,percent,monthly,IMF_CPI,Consumer Price Index (CPI),https://api.imf.org/external/sdmx/3.0/data/dataflow/IMF.STA/CPI/latest/,https://data.imf.org/Datasets/CPI,2026-08-31T14:35:13.815354Z,none
1998-03-31,chn_inflation,china,CHN,CNY,China inflation,0.6999988,percent,monthly,IMF_CPI,Consumer Price Index (CPI),https://api.imf.org/external/sdmx/3.0/data/dataflow/IMF.STA/CPI/latest/,https://data.imf.org/Datasets/CPI,2026-08-31T14:35:13.815354Z,none
1998-04-30,chn_inflation,china,CHN,CNY,China inflation,-0.3000203,percent,monthly,IMF_CPI,Consumer Price Index (CPI),https://api.imf.org/external/sdmx/3.0/data/dataflow/IMF.STA/CPI/latest/,https://data.imf.org/Datasets/CPI,2026-08-31T14:35:13.815354Z,none
1998-05-31,chn_inflation,china,CHN,CNY,China inflation,-0.99999058,percent,monthly,IMF_CPI,Consumer Price Index (CPI),https://api.imf.org/external/sdmx/3.0/data/dataflow/IMF.STA/CPI/latest/,https://data.imf.org/Datasets/CPI,2026-08-31T14:35:13.815354Z,none
1998-06-30,chn_inflation,china,CHN,CNY,China inflation,-1.30000211,percent,monthly,IMF_CPI,Consumer Price Index (CPI),https://api.imf.org/external/sdmx/3.0/data/dataflow/IMF.STA/CPI/latest/,https://data.imf.org/Datasets/CPI,2026-08-31T14:35:13.815354Z,none
1998-07-31,chn_inflation,china,CHN,CNY,China inflation,-1.39999867,percent,monthly,IMF_CPI,Consumer Price Index (CPI),https://api.imf.org/external/sdmx/3.0/data/dataflow/IMF.STA/CPI/latest/,https://data.imf.org/Datasets/CPI,2026-08-31T14:35:13.815354Z,none
1998-08-31,chn_inflation,china,CHN,CNY,China inflation,-1.40000056,percent,monthly,IMF_CPI,Consumer Price Index (CPI),https://api.imf.org/external/sdmx/3.0/data/dataflow/IMF.STA/CPI/latest/,https://data.imf.org/Datasets/CPI,2026-08-31T14:35:13.815354Z,none
1998-09-30,chn_inflation,china,CHN,CNY,China inflation,-1.49999977,percent,monthly,IMF_CPI,Consumer Price Index (CPI),https://api.imf.org/external/sdmx/3.0/data/dataflow/IMF.STA/CPI/latest/,https://data.imf.org/Datasets/CPI,2026-08-31T14:35:13.815354Z,none
1998-10-31,chn_inflation,china,CHN,CNY,China inflation,-1.09999157,percent,monthly,IMF_CPI,Consumer Price Index (CPI),https://api.imf.org/external/sdmx/3.0/data/dataflow/IMF.STA/CPI/latest/,https://data.imf.org/Datasets/CPI,2026-08-31T14:35:13.815354Z,none
1998-11-30,chn_inflation,china,CHN,CNY,China inflation,-1.20000237,percent,monthly,IMF_CPI,Consumer Price Index (CPI),https://api.imf.org/external/sdmx/3.0/data/dataflow/IMF.STA/CPI/latest/,https://data.imf.org/Datasets/CPI,2026-08-31T14:35:13.815354Z,none
1998-12-31,chn_inflation,china,CHN,CNY,China inflation,-0.99999594,percent,monthly,IMF_CPI,Consumer Price Index (CPI),https://api.imf.org/external/sdmx/3.0/data/dataflow/IMF.STA/CPI/latest/,https://data.imf.org/Datasets/CPI,2026-08-31T14:35:13.815354Z,none
1999-01-31,chn_inflation,china,CHN,CNY,China inflation,-1.19999516,percent,monthly,IMF_CPI,Consumer Price Index (CPI),https://api.imf.org/external/sdmx/3.0/data/dataflow/IMF.STA/CPI/latest/,https://data.imf.org/Datasets/CPI,2026-08-31T14:35:13.815354Z,none
1999-02-28,chn_inflation,china,CHN,CNY,China inflation,-1.29998465,percent,monthly,IMF_CPI,Consumer Price Index (CPI),https://api.imf.org/external/sdmx/3.0/data/dataflow/IMF.STA/CPI/latest/,https://data.imf.org/Datasets/CPI,2026-08-31T14:35:13.815354Z,none
1999-03-31,chn_inflation,china,CHN,CNY,China inflation,-1.79999599,percent,monthly,IMF_CPI,Consumer Price Index (CPI),https://api.imf.org/external/sdmx/3.0/data/dataflow/IMF.STA/CPI/latest/,https://data.imf.org/Datasets/CPI,2026-08-31T14:35:13.815354Z,none
1999-04-30,chn_inflation,china,CHN,CNY,China inflation,-2.1999967,percent,monthly,IMF_CPI,Consumer Price Index (CPI),https://api.imf.org/external/sdmx/3.0/data/dataflow/IMF.STA/CPI/latest/,https://data.imf.org/Datasets/CPI,2026-08-31T14:35:13.815354Z,none
1999-05-31,chn_inflation,china,CHN,CNY,China inflation,-2.20000933,percent,monthly,IMF_CPI,Consumer Price Index (CPI),https://api.imf.org/external/sdmx/3.0/data/dataflow/IMF.STA/CPI/latest/,https://data.imf.org/Datasets/CPI,2026-08-31T14:35:13.815354Z,none
1999-06-30,chn_inflation,china,CHN,CNY,China inflation,-2.10000044,percent,monthly,IMF_CPI,Consumer Price Index (CPI),https://api.imf.org/external/sdmx/3.0/data/dataflow/IMF.STA/CPI/latest/,https://data.imf.org/Datasets/CPI,2026-08-31T14:35:13.815354Z,none
1999-07-31,chn_inflation,china,CHN,CNY,China inflation,-1.40000484,percent,monthly,IMF_CPI,Consumer Price Index (CPI),https://api.imf.org/external/sdmx/3.0/data/dataflow/IMF.STA/CPI/latest/,https://data.imf.org/Datasets/CPI,2026-08-31T14:35:13.815354Z,none
1999-08-31,chn_inflation,china,CHN,CNY,China inflation,-1.30000388,percent,monthly,IMF_CPI,Consumer Price Index (CPI),https://api.imf.org/external/sdmx/3.0/data/dataflow/IMF.STA/CPI/latest/,https://data.imf.org/Datasets/CPI,2026-08-31T14:35:13.815354Z,none
1999-09-30,chn_inflation,china,CHN,CNY,China inflation,-0.79999762,percent,monthly,IMF_CPI,Consumer Price Index (CPI),https://api.imf.org/external/sdmx/3.0/data/dataflow/IMF.STA/CPI/latest/,https://data.imf.org/Datasets/CPI,2026-08-31T14:35:13.815354Z,none
1999-10-31,chn_inflation,china,CHN,CNY,China inflation,-0.59999953,percent,monthly,IMF_CPI,Consumer Price Index (CPI),https://api.imf.org/external/sdmx/3.0/data/dataflow/IMF.STA/CPI/latest/,https://data.imf.org/Datasets/CPI,2026-08-31T14:35:13.815354Z,none
1999-11-30,chn_inflation,china,CHN,CNY,China inflation,-0.9000018,percent,monthly,IMF_CPI,Consumer Price Index (CPI),https://api.imf.org/external/sdmx/3.0/data/dataflow/IMF.STA/CPI/latest/,https://data.imf.org/Datasets/CPI,2026-08-31T14:35:13.815354Z,none
1999-12-31,chn_inflation,china,CHN,CNY,China inflation,-1.00000205,percent,monthly,IMF_CPI,Consumer Price Index (CPI),https://api.imf.org/external/sdmx/3.0/data/dataflow/IMF.STA/CPI/latest/,https://data.imf.org/Datasets/CPI,2026-08-31T14:35:13.815354Z,none
2000-01-31,chn_inflation,china,CHN,CNY,China inflation,-0.19999586,percent,monthly,IMF_CPI,Consumer Price Index (CPI),https://api.imf.org/external/sdmx/3.0/data/dataflow/IMF.STA/CPI/latest/,https://data.imf.org/Datasets/CPI,2026-08-31T14:35:13.815354Z,none
2000-02-29,chn_inflation,china,CHN,CNY,China inflation,0.69999242,percent,monthly,IMF_CPI,Consumer Price Index (CPI),https://api.imf.org/external/sdmx/3.0/data/dataflow/IMF.STA/CPI/latest/,https://data.imf.org/Datasets/CPI,2026-08-31T14:35:13.815354Z,none
2000-03-31,chn_inflation,china,CHN,CNY,China inflation,-0.20000336,percent,monthly,IMF_CPI,Consumer Price Index (CPI),https://api.imf.org/external/sdmx/3.0/data/dataflow/IMF.STA/CPI/latest/,https://data.imf.org/Datasets/CPI,2026-08-31T14:35:13.815354Z,none
2000-04-30,chn_inflation,china,CHN,CNY,China inflation,-0.29998821,percent,monthly,IMF_CPI,Consumer Price Index (CPI),https://api.imf.org/external/sdmx/3.0/data/dataflow/IMF.STA/CPI/latest/,https://data.imf.org/Datasets/CPI,2026-08-31T14:35:13.815354Z,none
2000-05-31,chn_inflation,china,CHN,CNY,China inflation,0.10001244,percent,monthly,IMF_CPI,Consumer Price Index (CPI),https://api.imf.org/external/sdmx/3.0/data/dataflow/IMF.STA/CPI/latest/,https://data.imf.org/Datasets/CPI,2026-08-31T14:35:13.815354Z,none
2000-06-30,chn_inflation,china,CHN,CNY,China inflation,0.50000299,percent,monthly,IMF_CPI,Consumer Price Index (CPI),https://api.imf.org/external/sdmx/3.0/data/dataflow/IMF.STA/CPI/latest/,https://data.imf.org/Datasets/CPI,2026-08-31T14:35:13.815354Z,none
2000-07-31,chn_inflation,china,CHN,CNY,China inflation,0.50000423,percent,monthly,IMF_CPI,Consumer Price Index (CPI),https://api.imf.org/external/sdmx/3.0/data/dataflow/IMF.STA/CPI/latest/,https://data.imf.org/Datasets/CPI,2026-08-31T14:35:13.815354Z,none
2000-08-31,chn_inflation,china,CHN,CNY,China inflation,0.30000661,percent,monthly,IMF_CPI,Consumer Price Index (CPI),https://api.imf.org/external/sdmx/3.0/data/dataflow/IMF.STA/CPI/latest/,https://data.imf.org/Datasets/CPI,2026-08-31T14:35:13.815354Z,none
2000-09-30,chn_inflation,china,CHN,CNY,China inflation,0,percent,monthly,IMF_CPI,Consumer Price Index (CPI),https://api.imf.org/external/sdmx/3.0/data/dataflow/IMF.STA/CPI/latest/,https://data.imf.org/Datasets/CPI,2026-08-31T14:35:13.815354Z,none
2000-10-31,chn_inflation,china,CHN,CNY,China inflation,0,percent,monthly,IMF_CPI,Consumer Price Index (CPI),https://api.imf.org/external/sdmx/3.0/data/dataflow/IMF.STA/CPI/latest/,https://data.imf.org/Datasets/CPI,2026-08-31T14:35:13.815354Z,none
2000-11-30,chn_inflation,china,CHN,CNY,China inflation,1.3000038,percent,monthly,IMF_CPI,Consumer Price Index (CPI),https://api.imf.org/external/sdmx/3.0/data/dataflow/IMF.STA/CPI/latest/,https://data.imf.org/Datasets/CPI,2026-08-31T14:35:13.815354Z,none
2000-12-31,chn_inflation,china,CHN,CNY,China inflation,1.50001083,percent,monthly,IMF_CPI,Consumer Price Index (CPI),https://api.imf.org/external/sdmx/3.0/data/dataflow/IMF.STA/CPI/latest/,https://data.imf.org/Datasets/CPI,2026-08-31T14:35:13.815354Z,none
2001-01-31,chn_inflation,china,CHN,CNY,China inflation,1.19998968,percent,monthly,IMF_CPI,Consumer Price Index (CPI),https://api.imf.org/external/sdmx/3.0/data/dataflow/IMF.STA/CPI/latest/,https://data.imf.org/Datasets/CPI,2026-08-31T14:35:13.815354Z,none
2001-02-28,chn_inflation,china,CHN,CNY,China inflation,0,percent,monthly,IMF_CPI,Consumer Price Index (CPI),https://api.imf.org/external/sdmx/3.0/data/dataflow/IMF.STA/CPI/latest/,https://data.imf.org/Datasets/CPI,2026-08-31T14:35:13.815354Z,none
2001-03-31,chn_inflation,china,CHN,CNY,China inflation,0.80001108,percent,monthly,IMF_CPI,Consumer Price Index (CPI),https://api.imf.org/external/sdmx/3.0/data/dataflow/IMF.STA/CPI/latest/,https://data.imf.org/Datasets/CPI,2026-08-31T14:35:13.815354Z,none
2001-04-30,chn_inflation,china,CHN,CNY,China inflation,1.59998493,percent,monthly,IMF_CPI,Consumer Price Index (CPI),https://api.imf.org/external/sdmx/3.0/data/dataflow/IMF.STA/CPI/latest/,https://data.imf.org/Datasets/CPI,2026-08-31T14:35:13.815354Z,none
2001-05-31,chn_inflation,china,CHN,CNY,China inflation,1.6999942,percent,monthly,IMF_CPI,Consumer Price Index (CPI),https://api.imf.org/external/sdmx/3.0/data/dataflow/IMF.STA/CPI/latest/,https://data.imf.org/Datasets/CPI,2026-08-31T14:35:13.815354Z,none
2001-06-30,chn_inflation,china,CHN,CNY,China inflation,1.39999752,percent,monthly,IMF_CPI,Consumer Price Index (CPI),https://api.imf.org/external/sdmx/3.0/data/dataflow/IMF.STA/CPI/latest/,https://data.imf.org/Datasets/CPI,2026-08-31T14:35:13.815354Z,none
2001-07-31,chn_inflation,china,CHN,CNY,China inflation,1.49998925,percent,monthly,IMF_CPI,Consumer Price Index (CPI),https://api.imf.org/external/sdmx/3.0/data/dataflow/IMF.STA/CPI/latest/,https://data.imf.org/Datasets/CPI,2026-08-31T14:35:13.815354Z,none
2001-08-31,chn_inflation,china,CHN,CNY,China inflation,0.99999437,percent,monthly,IMF_CPI,Consumer Price Index (CPI),https://api.imf.org/external/sdmx/3.0/data/dataflow/IMF.STA/CPI/latest/,https://data.imf.org/Datasets/CPI,2026-08-31T14:35:13.815354Z,none
2001-09-30,chn_inflation,china,CHN,CNY,China inflation,-0.10001225,percent,monthly,IMF_CPI,Consumer Price Index (CPI),https://api.imf.org/external/sdmx/3.0/data/dataflow/IMF.STA/CPI/latest/,https://data.imf.org/Datasets/CPI,2026-08-31T14:35:13.815354Z,none
2001-10-31,chn_inflation,china,CHN,CNY,China inflation,0.19999357,percent,monthly,IMF_CPI,Consumer Price Index (CPI),https://api.imf.org/external/sdmx/3.0/data/dataflow/IMF.STA/CPI/latest/,https://data.imf.org/Datasets/CPI,2026-08-31T14:35:13.815354Z,none
2001-11-30,chn_inflation,china,CHN,CNY,China inflation,-0.30000294,percent,monthly,IMF_CPI,Consumer Price Index (CPI),https://api.imf.org/external/sdmx/3.0/data/dataflow/IMF.STA/CPI/latest/,https://data.imf.org/Datasets/CPI,2026-08-31T14:35:13.815354Z,none
2001-12-31,chn_inflation,china,CHN,CNY,China inflation,-0.30000144,percent,monthly,IMF_CPI,Consumer Price Index (CPI),https://api.imf.org/external/sdmx/3.0/data/dataflow/IMF.STA/CPI/latest/,https://data.imf.org/Datasets/CPI,2026-08-31T14:35:13.815354Z,none
2002-01-31,chn_inflation,china,CHN,CNY,China inflation,-1.01188682,percent,monthly,IMF_CPI,Consumer Price Index (CPI),https://api.imf.org/external/sdmx/3.0/data/dataflow/IMF.STA/CPI/latest/,https://data.imf.org/Datasets/CPI,2026-08-31T14:35:13.815354Z,none
2002-02-28,chn_inflation,china,CHN,CNY,China inflation,-0.02298927,percent,monthly,IMF_CPI,Consumer Price Index (CPI),https://api.imf.org/external/sdmx/3.0/data/dataflow/IMF.STA/CPI/latest/,https://data.imf.org/Datasets/CPI,2026-08-31T14:35:13.815354Z,none
2002-03-31,chn_inflation,china,CHN,CNY,China inflation,-0.72707295,percent,monthly,IMF_CPI,Consumer Price Index (CPI),https://api.imf.org/external/sdmx/3.0/data/dataflow/IMF.STA/CPI/latest/,https://data.imf.org/Datasets/CPI,2026-08-31T14:35:13.815354Z,none
2002-04-30,chn_inflation,china,CHN,CNY,China inflation,-1.22243539,percent,monthly,IMF_CPI,Consumer Price Index (CPI),https://api.imf.org/external/sdmx/3.0/data/dataflow/IMF.STA/CPI/latest/,https://data.imf.org/Datasets/CPI,2026-08-31T14:35:13.815354Z,none
2002-05-31,chn_inflation,china,CHN,CNY,China inflation,-1.02388565,percent,monthly,IMF_CPI,Consumer Price Index (CPI),https://api.imf.org/external/sdmx/3.0/data/dataflow/IMF.STA/CPI/latest/,https://data.imf.org/Datasets/CPI,2026-08-31T14:35:13.815354Z,none
2002-06-30,chn_inflation,china,CHN,CNY,China inflation,-0.72334984,percent,monthly,IMF_CPI,Consumer Price Index (CPI),https://api.imf.org/external/sdmx/3.0/data/dataflow/IMF.STA/CPI/latest/,https://data.imf.org/Datasets/CPI,2026-08-31T14:35:13.815354Z,none
2002-07-31,chn_inflation,china,CHN,CNY,China inflation,-0.92290386,percent,monthly,IMF_CPI,Consumer Price Index (CPI),https://api.imf.org/external/sdmx/3.0/data/dataflow/IMF.STA/CPI/latest/,https://data.imf.org/Datasets/CPI,2026-08-31T14:35:13.815354Z,none
2002-08-31,chn_inflation,china,CHN,CNY,China inflation,-0.72493735,percent,monthly,IMF_CPI,Consumer Price Index (CPI),https://api.imf.org/external/sdmx/3.0/data/dataflow/IMF.STA/CPI/latest/,https://data.imf.org/Datasets/CPI,2026-08-31T14:35:13.815354Z,none
2002-09-30,chn_inflation,china,CHN,CNY,China inflation,-0.62654631,percent,monthly,IMF_CPI,Consumer Price Index (CPI),https://api.imf.org/external/sdmx/3.0/data/dataflow/IMF.STA/CPI/latest/,https://data.imf.org/Datasets/CPI,2026-08-31T14:35:13.815354Z,none
2002-10-31,chn_inflation,china,CHN,CNY,China inflation,-0.72563336,percent,monthly,IMF_CPI,Consumer Price Index (CPI),https://api.imf.org/external/sdmx/3.0/data/dataflow/IMF.STA/CPI/latest/,https://data.imf.org/Datasets/CPI,2026-08-31T14:35:13.815354Z,none
2002-11-30,chn_inflation,china,CHN,CNY,China inflation,-0.62616053,percent,monthly,IMF_CPI,Consumer Price Index (CPI),https://api.imf.org/external/sdmx/3.0/data/dataflow/IMF.STA/CPI/latest/,https://data.imf.org/Datasets/CPI,2026-08-31T14:35:13.815354Z,none
2002-12-31,chn_inflation,china,CHN,CNY,China inflation,-0.42761391,percent,monthly,IMF_CPI,Consumer Price Index (CPI),https://api.imf.org/external/sdmx/3.0/data/dataflow/IMF.STA/CPI/latest/,https://data.imf.org/Datasets/CPI,2026-08-31T14:35:13.815354Z,none
2003-01-31,chn_inflation,china,CHN,CNY,China inflation,0.36659154,percent,monthly,IMF_CPI,Consumer Price Index (CPI),https://api.imf.org/external/sdmx/3.0/data/dataflow/IMF.STA/CPI/latest/,https://data.imf.org/Datasets/CPI,2026-08-31T14:35:13.815354Z,none
2003-02-28,chn_inflation,china,CHN,CNY,China inflation,0.16802639,percent,monthly,IMF_CPI,Consumer Price Index (CPI),https://api.imf.org/external/sdmx/3.0/data/dataflow/IMF.STA/CPI/latest/,https://data.imf.org/Datasets/CPI,2026-08-31T14:35:13.815354Z,none
2003-03-31,chn_inflation,china,CHN,CNY,China inflation,0.87844345,percent,monthly,IMF_CPI,Consumer Price Index (CPI),https://api.imf.org/external/sdmx/3.0/data/dataflow/IMF.STA/CPI/latest/,https://data.imf.org/Datasets/CPI,2026-08-31T14:35:13.815354Z,none
2003-04-30,chn_inflation,china,CHN,CNY,China inflation,0.97962165,percent,monthly,IMF_CPI,Consumer Price Index (CPI),https://api.imf.org/external/sdmx/3.0/data/dataflow/IMF.STA/CPI/latest/,https://data.imf.org/Datasets/CPI,2026-08-31T14:35:13.815354Z,none
2003-05-31,chn_inflation,china,CHN,CNY,China inflation,0.57448817,percent,monthly,IMF_CPI,Consumer Price Index (CPI),https://api.imf.org/external/sdmx/3.0/data/dataflow/IMF.STA/CPI/latest/,https://data.imf.org/Datasets/CPI,2026-08-31T14:35:13.815354Z,none
2003-06-30,chn_inflation,china,CHN,CNY,China inflation,0.27002676,percent,monthly,IMF_CPI,Consumer Price Index (CPI),https://api.imf.org/external/sdmx/3.0/data/dataflow/IMF.STA/CPI/latest/,https://data.imf.org/Datasets/CPI,2026-08-31T14:35:13.815354Z,none
2003-07-31,chn_inflation,china,CHN,CNY,China inflation,0.47199017,percent,monthly,IMF_CPI,Consumer Price Index (CPI),https://api.imf.org/external/sdmx/3.0/data/dataflow/IMF.STA/CPI/latest/,https://data.imf.org/Datasets/CPI,2026-08-31T14:35:13.815354Z,none
2003-08-31,chn_inflation,china,CHN,CNY,China inflation,0.87266004,percent,monthly,IMF_CPI,Consumer Price Index (CPI),https://api.imf.org/external/sdmx/3.0/data/dataflow/IMF.STA/CPI/latest/,https://data.imf.org/Datasets/CPI,2026-08-31T14:35:13.815354Z,none
2003-09-30,chn_inflation,china,CHN,CNY,China inflation,1.07241266,percent,monthly,IMF_CPI,Consumer Price Index (CPI),https://api.imf.org/external/sdmx/3.0/data/dataflow/IMF.STA/CPI/latest/,https://data.imf.org/Datasets/CPI,2026-08-31T14:35:13.815354Z,none
2003-10-31,chn_inflation,china,CHN,CNY,China inflation,1.7785058,percent,monthly,IMF_CPI,Consumer Price Index (CPI),https://api.imf.org/external/sdmx/3.0/data/dataflow/IMF.STA/CPI/latest/,https://data.imf.org/Datasets/CPI,2026-08-31T14:35:13.815354Z,none
2003-11-30,chn_inflation,china,CHN,CNY,China inflation,2.89920762,percent,monthly,IMF_CPI,Consumer Price Index (CPI),https://api.imf.org/external/sdmx/3.0/data/dataflow/IMF.STA/CPI/latest/,https://data.imf.org/Datasets/CPI,2026-08-31T14:35:13.815354Z,none
2003-12-31,chn_inflation,china,CHN,CNY,China inflation,3.20696279,percent,monthly,IMF_CPI,Consumer Price Index (CPI),https://api.imf.org/external/sdmx/3.0/data/dataflow/IMF.STA/CPI/latest/,https://data.imf.org/Datasets/CPI,2026-08-31T14:35:13.815354Z,none
2004-01-31,chn_inflation,china,CHN,CNY,China inflation,3.20696248,percent,monthly,IMF_CPI,Consumer Price Index (CPI),https://api.imf.org/external/sdmx/3.0/data/dataflow/IMF.STA/CPI/latest/,https://data.imf.org/Datasets/CPI,2026-08-31T14:35:13.815354Z,none
2004-02-29,chn_inflation,china,CHN,CNY,China inflation,2.08181785,percent,monthly,IMF_CPI,Consumer Price Index (CPI),https://api.imf.org/external/sdmx/3.0/data/dataflow/IMF.STA/CPI/latest/,https://data.imf.org/Datasets/CPI,2026-08-31T14:35:13.815354Z,none
2004-03-31,chn_inflation,china,CHN,CNY,China inflation,3.00609659,percent,monthly,IMF_CPI,Consumer Price Index (CPI),https://api.imf.org/external/sdmx/3.0/data/dataflow/IMF.STA/CPI/latest/,https://data.imf.org/Datasets/CPI,2026-08-31T14:35:13.815354Z,none
2004-04-30,chn_inflation,china,CHN,CNY,China inflation,3.72859629,percent,monthly,IMF_CPI,Consumer Price Index (CPI),https://api.imf.org/external/sdmx/3.0/data/dataflow/IMF.STA/CPI/latest/,https://data.imf.org/Datasets/CPI,2026-08-31T14:35:13.815354Z,none
2004-05-31,chn_inflation,china,CHN,CNY,China inflation,4.35533866,percent,monthly,IMF_CPI,Consumer Price Index (CPI),https://api.imf.org/external/sdmx/3.0/data/dataflow/IMF.STA/CPI/latest/,https://data.imf.org/Datasets/CPI,2026-08-31T14:35:13.815354Z,none
2004-06-30,chn_inflation,china,CHN,CNY,China inflation,4.8834657,percent,monthly,IMF_CPI,Consumer Price Index (CPI),https://api.imf.org/external/sdmx/3.0/data/dataflow/IMF.STA/CPI/latest/,https://data.imf.org/Datasets/CPI,2026-08-31T14:35:13.815354Z,none
2004-07-31,chn_inflation,china,CHN,CNY,China inflation,5.19969069,percent,monthly,IMF_CPI,Consumer Price Index (CPI),https://api.imf.org/external/sdmx/3.0/data/dataflow/IMF.STA/CPI/latest/,https://data.imf.org/Datasets/CPI,2026-08-31T14:35:13.815354Z,none
2004-08-31,chn_inflation,china,CHN,CNY,China inflation,5.19969182,percent,monthly,IMF_CPI,Consumer Price Index (CPI),https://api.imf.org/external/sdmx/3.0/data/dataflow/IMF.STA/CPI/latest/,https://data.imf.org/Datasets/CPI,2026-08-31T14:35:13.815354Z,none
2004-09-30,chn_inflation,china,CHN,CNY,China inflation,5.09573698,percent,monthly,IMF_CPI,Consumer Price Index (CPI),https://api.imf.org/external/sdmx/3.0/data/dataflow/IMF.STA/CPI/latest/,https://data.imf.org/Datasets/CPI,2026-08-31T14:35:13.815354Z,none
2004-10-31,chn_inflation,china,CHN,CNY,China inflation,4.15831908,percent,monthly,IMF_CPI,Consumer Price Index (CPI),https://api.imf.org/external/sdmx/3.0/data/dataflow/IMF.STA/CPI/latest/,https://data.imf.org/Datasets/CPI,2026-08-31T14:35:13.815354Z,none
2004-11-30,chn_inflation,china,CHN,CNY,China inflation,2.81766053,percent,monthly,IMF_CPI,Consumer Price Index (CPI),https://api.imf.org/external/sdmx/3.0/data/dataflow/IMF.STA/CPI/latest/,https://data.imf.org/Datasets/CPI,2026-08-31T14:35:13.815354Z,none
2004-12-31,chn_inflation,china,CHN,CNY,China inflation,2.30664556,percent,monthly,IMF_CPI,Consumer Price Index (CPI),https://api.imf.org/external/sdmx/3.0/data/dataflow/IMF.STA/CPI/latest/,https://data.imf.org/Datasets/CPI,2026-08-31T14:35:13.815354Z,none
2005-01-31,chn_inflation,china,CHN,CNY,China inflation,1.80067141,percent,monthly,IMF_CPI,Consumer Price Index (CPI),https://api.imf.org/external/sdmx/3.0/data/dataflow/IMF.STA/CPI/latest/,https://data.imf.org/Datasets/CPI,2026-08-31T14:35:13.815354Z,none
2005-02-28,chn_inflation,china,CHN,CNY,China inflation,3.84077221,percent,monthly,IMF_CPI,Consumer Price Index (CPI),https://api.imf.org/external/sdmx/3.0/data/dataflow/IMF.STA/CPI/latest/,https://data.imf.org/Datasets/CPI,2026-08-31T14:35:13.815354Z,none
2005-03-31,chn_inflation,china,CHN,CNY,China inflation,2.59840903,percent,monthly,IMF_CPI,Consumer Price Index (CPI),https://api.imf.org/external/sdmx/3.0/data/dataflow/IMF.STA/CPI/latest/,https://data.imf.org/Datasets/CPI,2026-08-31T14:35:13.815354Z,none
2005-04-30,chn_inflation,china,CHN,CNY,China inflation,1.78170901,percent,monthly,IMF_CPI,Consumer Price Index (CPI),https://api.imf.org/external/sdmx/3.0/data/dataflow/IMF.STA/CPI/latest/,https://data.imf.org/Datasets/CPI,2026-08-31T14:35:13.815354Z,none
2005-05-31,chn_inflation,china,CHN,CNY,China inflation,1.67982749,percent,monthly,IMF_CPI,Consumer Price Index (CPI),https://api.imf.org/external/sdmx/3.0/data/dataflow/IMF.STA/CPI/latest/,https://data.imf.org/Datasets/CPI,2026-08-31T14:35:13.815354Z,none
2005-06-30,chn_inflation,china,CHN,CNY,China inflation,1.57741817,percent,monthly,IMF_CPI,Consumer Price Index (CPI),https://api.imf.org/external/sdmx/3.0/data/dataflow/IMF.STA/CPI/latest/,https://data.imf.org/Datasets/CPI,2026-08-31T14:35:13.815354Z,none
2005-07-31,chn_inflation,china,CHN,CNY,China inflation,1.78097989,percent,monthly,IMF_CPI,Consumer Price Index (CPI),https://api.imf.org/external/sdmx/3.0/data/dataflow/IMF.STA/CPI/latest/,https://data.imf.org/Datasets/CPI,2026-08-31T14:35:13.815354Z,none
2005-08-31,chn_inflation,china,CHN,CNY,China inflation,1.27562141,percent,monthly,IMF_CPI,Consumer Price Index (CPI),https://api.imf.org/external/sdmx/3.0/data/dataflow/IMF.STA/CPI/latest/,https://data.imf.org/Datasets/CPI,2026-08-31T14:35:13.815354Z,none
2005-09-30,chn_inflation,china,CHN,CNY,China inflation,0.87491752,percent,monthly,IMF_CPI,Consumer Price Index (CPI),https://api.imf.org/external/sdmx/3.0/data/dataflow/IMF.STA/CPI/latest/,https://data.imf.org/Datasets/CPI,2026-08-31T14:35:13.815354Z,none
2005-10-31,chn_inflation,china,CHN,CNY,China inflation,1.27842096,percent,monthly,IMF_CPI,Consumer Price Index (CPI),https://api.imf.org/external/sdmx/3.0/data/dataflow/IMF.STA/CPI/latest/,https://data.imf.org/Datasets/CPI,2026-08-31T14:35:13.815354Z,none
2005-11-30,chn_inflation,china,CHN,CNY,China inflation,1.27841522,percent,monthly,IMF_CPI,Consumer Price Index (CPI),https://api.imf.org/external/sdmx/3.0/data/dataflow/IMF.STA/CPI/latest/,https://data.imf.org/Datasets/CPI,2026-08-31T14:35:13.815354Z,none
2005-12-31,chn_inflation,china,CHN,CNY,China inflation,1.58195666,percent,monthly,IMF_CPI,Consumer Price Index (CPI),https://api.imf.org/external/sdmx/3.0/data/dataflow/IMF.STA/CPI/latest/,https://data.imf.org/Datasets/CPI,2026-08-31T14:35:13.815354Z,none
2006-01-31,chn_inflation,china,CHN,CNY,China inflation,2.28878195,percent,monthly,IMF_CPI,Consumer Price Index (CPI),https://api.imf.org/external/sdmx/3.0/data/dataflow/IMF.STA/CPI/latest/,https://data.imf.org/Datasets/CPI,2026-08-31T14:35:13.815354Z,none
2006-02-28,chn_inflation,china,CHN,CNY,China inflation,0.98253623,percent,monthly,IMF_CPI,Consumer Price Index (CPI),https://api.imf.org/external/sdmx/3.0/data/dataflow/IMF.STA/CPI/latest/,https://data.imf.org/Datasets/CPI,2026-08-31T14:35:13.815354Z,none
2006-03-31,chn_inflation,china,CHN,CNY,China inflation,0.98254717,percent,monthly,IMF_CPI,Consumer Price Index (CPI),https://api.imf.org/external/sdmx/3.0/data/dataflow/IMF.STA/CPI/latest/,https://data.imf.org/Datasets/CPI,2026-08-31T14:35:13.815354Z,none
2006-04-30,chn_inflation,china,CHN,CNY,China inflation,1.48897785,percent,monthly,IMF_CPI,Consumer Price Index (CPI),https://api.imf.org/external/sdmx/3.0/data/dataflow/IMF.STA/CPI/latest/,https://data.imf.org/Datasets/CPI,2026-08-31T14:35:13.815354Z,none
2006-05-31,chn_inflation,china,CHN,CNY,China inflation,1.5906667,percent,monthly,IMF_CPI,Consumer Price Index (CPI),https://api.imf.org/external/sdmx/3.0/data/dataflow/IMF.STA/CPI/latest/,https://data.imf.org/Datasets/CPI,2026-08-31T14:35:13.815354Z,none
2006-06-30,chn_inflation,china,CHN,CNY,China inflation,1.89790129,percent,monthly,IMF_CPI,Consumer Price Index (CPI),https://api.imf.org/external/sdmx/3.0/data/dataflow/IMF.STA/CPI/latest/,https://data.imf.org/Datasets/CPI,2026-08-31T14:35:13.815354Z,none
2006-07-31,chn_inflation,china,CHN,CNY,China inflation,1.5922082,percent,monthly,IMF_CPI,Consumer Price Index (CPI),https://api.imf.org/external/sdmx/3.0/data/dataflow/IMF.STA/CPI/latest/,https://data.imf.org/Datasets/CPI,2026-08-31T14:35:13.815354Z,none
2006-08-31,chn_inflation,china,CHN,CNY,China inflation,1.69359882,percent,monthly,IMF_CPI,Consumer Price Index (CPI),https://api.imf.org/external/sdmx/3.0/data/dataflow/IMF.STA/CPI/latest/,https://data.imf.org/Datasets/CPI,2026-08-31T14:35:13.815354Z,none
2006-09-30,chn_inflation,china,CHN,CNY,China inflation,1.49162472,percent,monthly,IMF_CPI,Consumer Price Index (CPI),https://api.imf.org/external/sdmx/3.0/data/dataflow/IMF.STA/CPI/latest/,https://data.imf.org/Datasets/CPI,2026-08-31T14:35:13.815354Z,none
2006-10-31,chn_inflation,china,CHN,CNY,China inflation,1.18835372,percent,monthly,IMF_CPI,Consumer Price Index (CPI),https://api.imf.org/external/sdmx/3.0/data/dataflow/IMF.STA/CPI/latest/,https://data.imf.org/Datasets/CPI,2026-08-31T14:35:13.815354Z,none
2006-11-30,chn_inflation,china,CHN,CNY,China inflation,1.797315,percent,monthly,IMF_CPI,Consumer Price Index (CPI),https://api.imf.org/external/sdmx/3.0/data/dataflow/IMF.STA/CPI/latest/,https://data.imf.org/Datasets/CPI,2026-08-31T14:35:13.815354Z,none
2006-12-31,chn_inflation,china,CHN,CNY,China inflation,2.81122307,percent,monthly,IMF_CPI,Consumer Price Index (CPI),https://api.imf.org/external/sdmx/3.0/data/dataflow/IMF.STA/CPI/latest/,https://data.imf.org/Datasets/CPI,2026-08-31T14:35:13.815354Z,none
2007-01-31,chn_inflation,china,CHN,CNY,China inflation,2.20229307,percent,monthly,IMF_CPI,Consumer Price Index (CPI),https://api.imf.org/external/sdmx/3.0/data/dataflow/IMF.STA/CPI/latest/,https://data.imf.org/Datasets/CPI,2026-08-31T14:35:13.815354Z,none
2007-02-28,chn_inflation,china,CHN,CNY,China inflation,2.71076002,percent,monthly,IMF_CPI,Consumer Price Index (CPI),https://api.imf.org/external/sdmx/3.0/data/dataflow/IMF.STA/CPI/latest/,https://data.imf.org/Datasets/CPI,2026-08-31T14:35:13.815354Z,none
2007-03-31,chn_inflation,china,CHN,CNY,China inflation,3.33260761,percent,monthly,IMF_CPI,Consumer Price Index (CPI),https://api.imf.org/external/sdmx/3.0/data/dataflow/IMF.STA/CPI/latest/,https://data.imf.org/Datasets/CPI,2026-08-31T14:35:13.815354Z,none
2007-04-30,chn_inflation,china,CHN,CNY,China inflation,3.02321939,percent,monthly,IMF_CPI,Consumer Price Index (CPI),https://api.imf.org/external/sdmx/3.0/data/dataflow/IMF.STA/CPI/latest/,https://data.imf.org/Datasets/CPI,2026-08-31T14:35:13.815354Z,none
2007-05-31,chn_inflation,china,CHN,CNY,China inflation,3.43574285,percent,monthly,IMF_CPI,Consumer Price Index (CPI),https://api.imf.org/external/sdmx/3.0/data/dataflow/IMF.STA/CPI/latest/,https://data.imf.org/Datasets/CPI,2026-08-31T14:35:13.815354Z,none
2007-06-30,chn_inflation,china,CHN,CNY,China inflation,4.37134436,percent,monthly,IMF_CPI,Consumer Price Index (CPI),https://api.imf.org/external/sdmx/3.0/data/dataflow/IMF.STA/CPI/latest/,https://data.imf.org/Datasets/CPI,2026-08-31T14:35:13.815354Z,none
2007-07-31,chn_inflation,china,CHN,CNY,China inflation,5.62757122,percent,monthly,IMF_CPI,Consumer Price Index (CPI),https://api.imf.org/external/sdmx/3.0/data/dataflow/IMF.STA/CPI/latest/,https://data.imf.org/Datasets/CPI,2026-08-31T14:35:13.815354Z,none
2007-08-31,chn_inflation,china,CHN,CNY,China inflation,6.57535497,percent,monthly,IMF_CPI,Consumer Price Index (CPI),https://api.imf.org/external/sdmx/3.0/data/dataflow/IMF.STA/CPI/latest/,https://data.imf.org/Datasets/CPI,2026-08-31T14:35:13.815354Z,none
2007-09-30,chn_inflation,china,CHN,CNY,China inflation,6.36327951,percent,monthly,IMF_CPI,Consumer Price Index (CPI),https://api.imf.org/external/sdmx/3.0/data/dataflow/IMF.STA/CPI/latest/,https://data.imf.org/Datasets/CPI,2026-08-31T14:35:13.815354Z,none
2007-10-31,chn_inflation,china,CHN,CNY,China inflation,6.57580182,percent,monthly,IMF_CPI,Consumer Price Index (CPI),https://api.imf.org/external/sdmx/3.0/data/dataflow/IMF.STA/CPI/latest/,https://data.imf.org/Datasets/CPI,2026-08-31T14:35:13.815354Z,none
2007-11-30,chn_inflation,china,CHN,CNY,China inflation,7.00082541,percent,monthly,IMF_CPI,Consumer Price Index (CPI),https://api.imf.org/external/sdmx/3.0/data/dataflow/IMF.STA/CPI/latest/,https://data.imf.org/Datasets/CPI,2026-08-31T14:35:13.815354Z,none
2007-12-31,chn_inflation,china,CHN,CNY,China inflation,6.57871908,percent,monthly,IMF_CPI,Consumer Price Index (CPI),https://api.imf.org/external/sdmx/3.0/data/dataflow/IMF.STA/CPI/latest/,https://data.imf.org/Datasets/CPI,2026-08-31T14:35:13.815354Z,none
2008-01-31,chn_inflation,china,CHN,CNY,China inflation,7.10792142,percent,monthly,IMF_CPI,Consumer Price Index (CPI),https://api.imf.org/external/sdmx/3.0/data/dataflow/IMF.STA/CPI/latest/,https://data.imf.org/Datasets/CPI,2026-08-31T14:35:13.815354Z,none
2008-02-29,chn_inflation,china,CHN,CNY,China inflation,8.80466525,percent,monthly,IMF_CPI,Consumer Price Index (CPI),https://api.imf.org/external/sdmx/3.0/data/dataflow/IMF.STA/CPI/latest/,https://data.imf.org/Datasets/CPI,2026-08-31T14:35:13.815354Z,none
2008-03-31,chn_inflation,china,CHN,CNY,China inflation,8.36814037,percent,monthly,IMF_CPI,Consumer Price Index (CPI),https://api.imf.org/external/sdmx/3.0/data/dataflow/IMF.STA/CPI/latest/,https://data.imf.org/Datasets/CPI,2026-08-31T14:35:13.815354Z,none
2008-04-30,chn_inflation,china,CHN,CNY,China inflation,8.58510124,percent,monthly,IMF_CPI,Consumer Price Index (CPI),https://api.imf.org/external/sdmx/3.0/data/dataflow/IMF.STA/CPI/latest/,https://data.imf.org/Datasets/CPI,2026-08-31T14:35:13.815354Z,none
2008-05-31,chn_inflation,china,CHN,CNY,China inflation,7.82727105,percent,monthly,IMF_CPI,Consumer Price Index (CPI),https://api.imf.org/external/sdmx/3.0/data/dataflow/IMF.STA/CPI/latest/,https://data.imf.org/Datasets/CPI,2026-08-31T14:35:13.815354Z,none
2008-06-30,chn_inflation,china,CHN,CNY,China inflation,7.18288611,percent,monthly,IMF_CPI,Consumer Price Index (CPI),https://api.imf.org/external/sdmx/3.0/data/dataflow/IMF.STA/CPI/latest/,https://data.imf.org/Datasets/CPI,2026-08-31T14:35:13.815354Z,none
2008-07-31,chn_inflation,china,CHN,CNY,China inflation,6.3330641,percent,monthly,IMF_CPI,Consumer Price Index (CPI),https://api.imf.org/external/sdmx/3.0/data/dataflow/IMF.STA/CPI/latest/,https://data.imf.org/Datasets/CPI,2026-08-31T14:35:13.815354Z,none
2008-08-31,chn_inflation,china,CHN,CNY,China inflation,4.9671408,percent,monthly,IMF_CPI,Consumer Price Index (CPI),https://api.imf.org/external/sdmx/3.0/data/dataflow/IMF.STA/CPI/latest/,https://data.imf.org/Datasets/CPI,2026-08-31T14:35:13.815354Z,none
2008-09-30,chn_inflation,china,CHN,CNY,China inflation,4.65317326,percent,monthly,IMF_CPI,Consumer Price Index (CPI),https://api.imf.org/external/sdmx/3.0/data/dataflow/IMF.STA/CPI/latest/,https://data.imf.org/Datasets/CPI,2026-08-31T14:35:13.815354Z,none
2008-10-31,chn_inflation,china,CHN,CNY,China inflation,4.02712922,percent,monthly,IMF_CPI,Consumer Price Index (CPI),https://api.imf.org/external/sdmx/3.0/data/dataflow/IMF.STA/CPI/latest/,https://data.imf.org/Datasets/CPI,2026-08-31T14:35:13.815354Z,none
2008-11-30,chn_inflation,china,CHN,CNY,China inflation,2.47757563,percent,monthly,IMF_CPI,Consumer Price Index (CPI),https://api.imf.org/external/sdmx/3.0/data/dataflow/IMF.STA/CPI/latest/,https://data.imf.org/Datasets/CPI,2026-08-31T14:35:13.815354Z,none
2008-12-31,chn_inflation,china,CHN,CNY,China inflation,1.26003598,percent,monthly,IMF_CPI,Consumer Price Index (CPI),https://api.imf.org/external/sdmx/3.0/data/dataflow/IMF.STA/CPI/latest/,https://data.imf.org/Datasets/CPI,2026-08-31T14:35:13.815354Z,none
2009-01-31,chn_inflation,china,CHN,CNY,China inflation,0.95984102,percent,monthly,IMF_CPI,Consumer Price Index (CPI),https://api.imf.org/external/sdmx/3.0/data/dataflow/IMF.STA/CPI/latest/,https://data.imf.org/Datasets/CPI,2026-08-31T14:35:13.815354Z,none
2009-02-28,chn_inflation,china,CHN,CNY,China inflation,-1.59858206,percent,monthly,IMF_CPI,Consumer Price Index (CPI),https://api.imf.org/external/sdmx/3.0/data/dataflow/IMF.STA/CPI/latest/,https://data.imf.org/Datasets/CPI,2026-08-31T14:35:13.815354Z,none
2009-03-31,chn_inflation,china,CHN,CNY,China inflation,-1.20219823,percent,monthly,IMF_CPI,Consumer Price Index (CPI),https://api.imf.org/external/sdmx/3.0/data/dataflow/IMF.STA/CPI/latest/,https://data.imf.org/Datasets/CPI,2026-08-31T14:35:13.815354Z,none
2009-04-30,chn_inflation,china,CHN,CNY,China inflation,-1.49830042,percent,monthly,IMF_CPI,Consumer Price Index (CPI),https://api.imf.org/external/sdmx/3.0/data/dataflow/IMF.STA/CPI/latest/,https://data.imf.org/Datasets/CPI,2026-08-31T14:35:13.815354Z,none
2009-05-31,chn_inflation,china,CHN,CNY,China inflation,-1.39940452,percent,monthly,IMF_CPI,Consumer Price Index (CPI),https://api.imf.org/external/sdmx/3.0/data/dataflow/IMF.STA/CPI/latest/,https://data.imf.org/Datasets/CPI,2026-08-31T14:35:13.815354Z,none
2009-06-30,chn_inflation,china,CHN,CNY,China inflation,-1.69580946,percent,monthly,IMF_CPI,Consumer Price Index (CPI),https://api.imf.org/external/sdmx/3.0/data/dataflow/IMF.STA/CPI/latest/,https://data.imf.org/Datasets/CPI,2026-08-31T14:35:13.815354Z,none
2009-07-31,chn_inflation,china,CHN,CNY,China inflation,-1.79401125,percent,monthly,IMF_CPI,Consumer Price Index (CPI),https://api.imf.org/external/sdmx/3.0/data/dataflow/IMF.STA/CPI/latest/,https://data.imf.org/Datasets/CPI,2026-08-31T14:35:13.815354Z,none
2009-08-31,chn_inflation,china,CHN,CNY,China inflation,-1.20418585,percent,monthly,IMF_CPI,Consumer Price Index (CPI),https://api.imf.org/external/sdmx/3.0/data/dataflow/IMF.STA/CPI/latest/,https://data.imf.org/Datasets/CPI,2026-08-31T14:35:13.815354Z,none
2009-09-30,chn_inflation,china,CHN,CNY,China inflation,-0.80901544,percent,monthly,IMF_CPI,Consumer Price Index (CPI),https://api.imf.org/external/sdmx/3.0/data/dataflow/IMF.STA/CPI/latest/,https://data.imf.org/Datasets/CPI,2026-08-31T14:35:13.815354Z,none
2009-10-31,chn_inflation,china,CHN,CNY,China inflation,-0.60758109,percent,monthly,IMF_CPI,Consumer Price Index (CPI),https://api.imf.org/external/sdmx/3.0/data/dataflow/IMF.STA/CPI/latest/,https://data.imf.org/Datasets/CPI,2026-08-31T14:35:13.815354Z,none
2009-11-30,chn_inflation,china,CHN,CNY,China inflation,0.4954769,percent,monthly,IMF_CPI,Consumer Price Index (CPI),https://api.imf.org/external/sdmx/3.0/data/dataflow/IMF.STA/CPI/latest/,https://data.imf.org/Datasets/CPI,2026-08-31T14:35:13.815354Z,none
2009-12-31,chn_inflation,china,CHN,CNY,China inflation,1.70391707,percent,monthly,IMF_CPI,Consumer Price Index (CPI),https://api.imf.org/external/sdmx/3.0/data/dataflow/IMF.STA/CPI/latest/,https://data.imf.org/Datasets/CPI,2026-08-31T14:35:13.815354Z,none
2010-01-31,chn_inflation,china,CHN,CNY,China inflation,1.39559002,percent,monthly,IMF_CPI,Consumer Price Index (CPI),https://api.imf.org/external/sdmx/3.0/data/dataflow/IMF.STA/CPI/latest/,https://data.imf.org/Datasets/CPI,2026-08-31T14:35:13.815354Z,none
2010-02-28,chn_inflation,china,CHN,CNY,China inflation,2.6182209,percent,monthly,IMF_CPI,Consumer Price Index (CPI),https://api.imf.org/external/sdmx/3.0/data/dataflow/IMF.STA/CPI/latest/,https://data.imf.org/Datasets/CPI,2026-08-31T14:35:13.815354Z,none
2010-03-31,chn_inflation,china,CHN,CNY,China inflation,2.20122945,percent,monthly,IMF_CPI,Consumer Price Index (CPI),https://api.imf.org/external/sdmx/3.0/data/dataflow/IMF.STA/CPI/latest/,https://data.imf.org/Datasets/CPI,2026-08-31T14:35:13.815354Z,none
2010-04-30,chn_inflation,china,CHN,CNY,China inflation,2.61501812,percent,monthly,IMF_CPI,Consumer Price Index (CPI),https://api.imf.org/external/sdmx/3.0/data/dataflow/IMF.STA/CPI/latest/,https://data.imf.org/Datasets/CPI,2026-08-31T14:35:13.815354Z,none
2010-05-31,chn_inflation,china,CHN,CNY,China inflation,2.82317389,percent,monthly,IMF_CPI,Consumer Price Index (CPI),https://api.imf.org/external/sdmx/3.0/data/dataflow/IMF.STA/CPI/latest/,https://data.imf.org/Datasets/CPI,2026-08-31T14:35:13.815354Z,none
2010-06-30,chn_inflation,china,CHN,CNY,China inflation,2.71633661,percent,monthly,IMF_CPI,Consumer Price Index (CPI),https://api.imf.org/external/sdmx/3.0/data/dataflow/IMF.STA/CPI/latest/,https://data.imf.org/Datasets/CPI,2026-08-31T14:35:13.815354Z,none
2010-07-31,chn_inflation,china,CHN,CNY,China inflation,3.12922266,percent,monthly,IMF_CPI,Consumer Price Index (CPI),https://api.imf.org/external/sdmx/3.0/data/dataflow/IMF.STA/CPI/latest/,https://data.imf.org/Datasets/CPI,2026-08-31T14:35:13.815354Z,none
2010-08-31,chn_inflation,china,CHN,CNY,China inflation,3.22819621,percent,monthly,IMF_CPI,Consumer Price Index (CPI),https://api.imf.org/external/sdmx/3.0/data/dataflow/IMF.STA/CPI/latest/,https://data.imf.org/Datasets/CPI,2026-08-31T14:35:13.815354Z,none
2010-09-30,chn_inflation,china,CHN,CNY,China inflation,3.43492567,percent,monthly,IMF_CPI,Consumer Price Index (CPI),https://api.imf.org/external/sdmx/3.0/data/dataflow/IMF.STA/CPI/latest/,https://data.imf.org/Datasets/CPI,2026-08-31T14:35:13.815354Z,none
2010-10-31,chn_inflation,china,CHN,CNY,China inflation,4.26314584,percent,monthly,IMF_CPI,Consumer Price Index (CPI),https://api.imf.org/external/sdmx/3.0/data/dataflow/IMF.STA/CPI/latest/,https://data.imf.org/Datasets/CPI,2026-08-31T14:35:13.815354Z,none
2010-11-30,chn_inflation,china,CHN,CNY,China inflation,5.09209011,percent,monthly,IMF_CPI,Consumer Price Index (CPI),https://api.imf.org/external/sdmx/3.0/data/dataflow/IMF.STA/CPI/latest/,https://data.imf.org/Datasets/CPI,2026-08-31T14:35:13.815354Z,none
2010-12-31,chn_inflation,china,CHN,CNY,China inflation,4.57133615,percent,monthly,IMF_CPI,Consumer Price Index (CPI),https://api.imf.org/external/sdmx/3.0/data/dataflow/IMF.STA/CPI/latest/,https://data.imf.org/Datasets/CPI,2026-08-31T14:35:13.815354Z,none
2011-01-31,chn_inflation,china,CHN,CNY,China inflation,4.99549106,percent,monthly,IMF_CPI,Consumer Price Index (CPI),https://api.imf.org/external/sdmx/3.0/data/dataflow/IMF.STA/CPI/latest/,https://data.imf.org/Datasets/CPI,2026-08-31T14:35:13.815354Z,none
2011-02-28,chn_inflation,china,CHN,CNY,China inflation,5.07083561,percent,monthly,IMF_CPI,Consumer Price Index (CPI),https://api.imf.org/external/sdmx/3.0/data/dataflow/IMF.STA/CPI/latest/,https://data.imf.org/Datasets/CPI,2026-08-31T14:35:13.815354Z,none
2011-03-31,chn_inflation,china,CHN,CNY,China inflation,5.60458672,percent,monthly,IMF_CPI,Consumer Price Index (CPI),https://api.imf.org/external/sdmx/3.0/data/dataflow/IMF.STA/CPI/latest/,https://data.imf.org/Datasets/CPI,2026-08-31T14:35:13.815354Z,none
2011-04-30,chn_inflation,china,CHN,CNY,China inflation,5.49550661,percent,monthly,IMF_CPI,Consumer Price Index (CPI),https://api.imf.org/external/sdmx/3.0/data/dataflow/IMF.STA/CPI/latest/,https://data.imf.org/Datasets/CPI,2026-08-31T14:35:13.815354Z,none
2011-05-31,chn_inflation,china,CHN,CNY,China inflation,5.7048247,percent,monthly,IMF_CPI,Consumer Price Index (CPI),https://api.imf.org/external/sdmx/3.0/data/dataflow/IMF.STA/CPI/latest/,https://data.imf.org/Datasets/CPI,2026-08-31T14:35:13.815354Z,none
2011-06-30,chn_inflation,china,CHN,CNY,China inflation,6.66670823,percent,monthly,IMF_CPI,Consumer Price Index (CPI),https://api.imf.org/external/sdmx/3.0/data/dataflow/IMF.STA/CPI/latest/,https://data.imf.org/Datasets/CPI,2026-08-31T14:35:13.815354Z,none
2011-07-31,chn_inflation,china,CHN,CNY,China inflation,6.70570469,percent,monthly,IMF_CPI,Consumer Price Index (CPI),https://api.imf.org/external/sdmx/3.0/data/dataflow/IMF.STA/CPI/latest/,https://data.imf.org/Datasets/CPI,2026-08-31T14:35:13.815354Z,none
2011-08-31,chn_inflation,china,CHN,CNY,China inflation,6.37436925,percent,monthly,IMF_CPI,Consumer Price Index (CPI),https://api.imf.org/external/sdmx/3.0/data/dataflow/IMF.STA/CPI/latest/,https://data.imf.org/Datasets/CPI,2026-08-31T14:35:13.815354Z,none
2011-09-30,chn_inflation,china,CHN,CNY,China inflation,6.2380671,percent,monthly,IMF_CPI,Consumer Price Index (CPI),https://api.imf.org/external/sdmx/3.0/data/dataflow/IMF.STA/CPI/latest/,https://data.imf.org/Datasets/CPI,2026-08-31T14:35:13.815354Z,none
2011-10-31,chn_inflation,china,CHN,CNY,China inflation,5.59621039,percent,monthly,IMF_CPI,Consumer Price Index (CPI),https://api.imf.org/external/sdmx/3.0/data/dataflow/IMF.STA/CPI/latest/,https://data.imf.org/Datasets/CPI,2026-08-31T14:35:13.815354Z,none
2011-11-30,chn_inflation,china,CHN,CNY,China inflation,4.25281161,percent,monthly,IMF_CPI,Consumer Price Index (CPI),https://api.imf.org/external/sdmx/3.0/data/dataflow/IMF.STA/CPI/latest/,https://data.imf.org/Datasets/CPI,2026-08-31T14:35:13.815354Z,none
2011-12-31,chn_inflation,china,CHN,CNY,China inflation,4.02731541,percent,monthly,IMF_CPI,Consumer Price Index (CPI),https://api.imf.org/external/sdmx/3.0/data/dataflow/IMF.STA/CPI/latest/,https://data.imf.org/Datasets/CPI,2026-08-31T14:35:13.815354Z,none
2012-01-31,chn_inflation,china,CHN,CNY,China inflation,4.54105354,percent,monthly,IMF_CPI,Consumer Price Index (CPI),https://api.imf.org/external/sdmx/3.0/data/dataflow/IMF.STA/CPI/latest/,https://data.imf.org/Datasets/CPI,2026-08-31T14:35:13.815354Z,none
2012-02-29,chn_inflation,china,CHN,CNY,China inflation,3.12604952,percent,monthly,IMF_CPI,Consumer Price Index (CPI),https://api.imf.org/external/sdmx/3.0/data/dataflow/IMF.STA/CPI/latest/,https://data.imf.org/Datasets/CPI,2026-08-31T14:35:13.815354Z,none
2012-03-31,chn_inflation,china,CHN,CNY,China inflation,3.52464692,percent,monthly,IMF_CPI,Consumer Price Index (CPI),https://api.imf.org/external/sdmx/3.0/data/dataflow/IMF.STA/CPI/latest/,https://data.imf.org/Datasets/CPI,2026-08-31T14:35:13.815354Z,none
2012-04-30,chn_inflation,china,CHN,CNY,China inflation,3.32514188,percent,monthly,IMF_CPI,Consumer Price Index (CPI),https://api.imf.org/external/sdmx/3.0/data/dataflow/IMF.STA/CPI/latest/,https://data.imf.org/Datasets/CPI,2026-08-31T14:35:13.815354Z,none
2012-05-31,chn_inflation,china,CHN,CNY,China inflation,2.93525266,percent,monthly,IMF_CPI,Consumer Price Index (CPI),https://api.imf.org/external/sdmx/3.0/data/dataflow/IMF.STA/CPI/latest/,https://data.imf.org/Datasets/CPI,2026-08-31T14:35:13.815354Z,none
2012-06-30,chn_inflation,china,CHN,CNY,China inflation,2.05557228,percent,monthly,IMF_CPI,Consumer Price Index (CPI),https://api.imf.org/external/sdmx/3.0/data/dataflow/IMF.STA/CPI/latest/,https://data.imf.org/Datasets/CPI,2026-08-31T14:35:13.815354Z,none
2012-07-31,chn_inflation,china,CHN,CNY,China inflation,1.70453967,percent,monthly,IMF_CPI,Consumer Price Index (CPI),https://api.imf.org/external/sdmx/3.0/data/dataflow/IMF.STA/CPI/latest/,https://data.imf.org/Datasets/CPI,2026-08-31T14:35:13.815354Z,none
2012-08-31,chn_inflation,china,CHN,CNY,China inflation,2.07806532,percent,monthly,IMF_CPI,Consumer Price Index (CPI),https://api.imf.org/external/sdmx/3.0/data/dataflow/IMF.STA/CPI/latest/,https://data.imf.org/Datasets/CPI,2026-08-31T14:35:13.815354Z,none
2012-09-30,chn_inflation,china,CHN,CNY,China inflation,1.91021702,percent,monthly,IMF_CPI,Consumer Price Index (CPI),https://api.imf.org/external/sdmx/3.0/data/dataflow/IMF.STA/CPI/latest/,https://data.imf.org/Datasets/CPI,2026-08-31T14:35:13.815354Z,none
2012-10-31,chn_inflation,china,CHN,CNY,China inflation,1.70814143,percent,monthly,IMF_CPI,Consumer Price Index (CPI),https://api.imf.org/external/sdmx/3.0/data/dataflow/IMF.STA/CPI/latest/,https://data.imf.org/Datasets/CPI,2026-08-31T14:35:13.815354Z,none
2012-11-30,chn_inflation,china,CHN,CNY,China inflation,2.06961949,percent,monthly,IMF_CPI,Consumer Price Index (CPI),https://api.imf.org/external/sdmx/3.0/data/dataflow/IMF.STA/CPI/latest/,https://data.imf.org/Datasets/CPI,2026-08-31T14:35:13.815354Z,none
2012-12-31,chn_inflation,china,CHN,CNY,China inflation,2.53130537,percent,monthly,IMF_CPI,Consumer Price Index (CPI),https://api.imf.org/external/sdmx/3.0/data/dataflow/IMF.STA/CPI/latest/,https://data.imf.org/Datasets/CPI,2026-08-31T14:35:13.815354Z,none
2013-01-31,chn_inflation,china,CHN,CNY,China inflation,2.02484101,percent,monthly,IMF_CPI,Consumer Price Index (CPI),https://api.imf.org/external/sdmx/3.0/data/dataflow/IMF.STA/CPI/latest/,https://data.imf.org/Datasets/CPI,2026-08-31T14:35:13.815354Z,none
2013-02-28,chn_inflation,china,CHN,CNY,China inflation,3.24214318,percent,monthly,IMF_CPI,Consumer Price Index (CPI),https://api.imf.org/external/sdmx/3.0/data/dataflow/IMF.STA/CPI/latest/,https://data.imf.org/Datasets/CPI,2026-08-31T14:35:13.815354Z,none
2013-03-31,chn_inflation,china,CHN,CNY,China inflation,2.12491118,percent,monthly,IMF_CPI,Consumer Price Index (CPI),https://api.imf.org/external/sdmx/3.0/data/dataflow/IMF.STA/CPI/latest/,https://data.imf.org/Datasets/CPI,2026-08-31T14:35:13.815354Z,none
2013-04-30,chn_inflation,china,CHN,CNY,China inflation,2.42138288,percent,monthly,IMF_CPI,Consumer Price Index (CPI),https://api.imf.org/external/sdmx/3.0/data/dataflow/IMF.STA/CPI/latest/,https://data.imf.org/Datasets/CPI,2026-08-31T14:35:13.815354Z,none
2013-05-31,chn_inflation,china,CHN,CNY,China inflation,2.09099051,percent,monthly,IMF_CPI,Consumer Price Index (CPI),https://api.imf.org/external/sdmx/3.0/data/dataflow/IMF.STA/CPI/latest/,https://data.imf.org/Datasets/CPI,2026-08-31T14:35:13.815354Z,none
2013-06-30,chn_inflation,china,CHN,CNY,China inflation,2.66187309,percent,monthly,IMF_CPI,Consumer Price Index (CPI),https://api.imf.org/external/sdmx/3.0/data/dataflow/IMF.STA/CPI/latest/,https://data.imf.org/Datasets/CPI,2026-08-31T14:35:13.815354Z,none
2013-07-31,chn_inflation,china,CHN,CNY,China inflation,2.6677024,percent,monthly,IMF_CPI,Consumer Price Index (CPI),https://api.imf.org/external/sdmx/3.0/data/dataflow/IMF.STA/CPI/latest/,https://data.imf.org/Datasets/CPI,2026-08-31T14:35:13.815354Z,none
2013-08-31,chn_inflation,china,CHN,CNY,China inflation,2.51534998,percent,monthly,IMF_CPI,Consumer Price Index (CPI),https://api.imf.org/external/sdmx/3.0/data/dataflow/IMF.STA/CPI/latest/,https://data.imf.org/Datasets/CPI,2026-08-31T14:35:13.815354Z,none
2013-09-30,chn_inflation,china,CHN,CNY,China inflation,3.01619873,percent,monthly,IMF_CPI,Consumer Price Index (CPI),https://api.imf.org/external/sdmx/3.0/data/dataflow/IMF.STA/CPI/latest/,https://data.imf.org/Datasets/CPI,2026-08-31T14:35:13.815354Z,none
2013-10-31,chn_inflation,china,CHN,CNY,China inflation,3.22748733,percent,monthly,IMF_CPI,Consumer Price Index (CPI),https://api.imf.org/external/sdmx/3.0/data/dataflow/IMF.STA/CPI/latest/,https://data.imf.org/Datasets/CPI,2026-08-31T14:35:13.815354Z,none
2013-11-30,chn_inflation,china,CHN,CNY,China inflation,2.95200074,percent,monthly,IMF_CPI,Consumer Price Index (CPI),https://api.imf.org/external/sdmx/3.0/data/dataflow/IMF.STA/CPI/latest/,https://data.imf.org/Datasets/CPI,2026-08-31T14:35:13.815354Z,none
2013-12-31,chn_inflation,china,CHN,CNY,China inflation,2.50659679,percent,monthly,IMF_CPI,Consumer Price Index (CPI),https://api.imf.org/external/sdmx/3.0/data/dataflow/IMF.STA/CPI/latest/,https://data.imf.org/Datasets/CPI,2026-08-31T14:35:13.815354Z,none
2014-01-31,chn_inflation,china,CHN,CNY,China inflation,2.50700087,percent,monthly,IMF_CPI,Consumer Price Index (CPI),https://api.imf.org/external/sdmx/3.0/data/dataflow/IMF.STA/CPI/latest/,https://data.imf.org/Datasets/CPI,2026-08-31T14:35:13.815354Z,none
2014-02-28,chn_inflation,china,CHN,CNY,China inflation,1.90622084,percent,monthly,IMF_CPI,Consumer Price Index (CPI),https://api.imf.org/external/sdmx/3.0/data/dataflow/IMF.STA/CPI/latest/,https://data.imf.org/Datasets/CPI,2026-08-31T14:35:13.815354Z,none
2014-03-31,chn_inflation,china,CHN,CNY,China inflation,2.31199234,percent,monthly,IMF_CPI,Consumer Price Index (CPI),https://api.imf.org/external/sdmx/3.0/data/dataflow/IMF.STA/CPI/latest/,https://data.imf.org/Datasets/CPI,2026-08-31T14:35:13.815354Z,none
2014-04-30,chn_inflation,china,CHN,CNY,China inflation,1.69588325,percent,monthly,IMF_CPI,Consumer Price Index (CPI),https://api.imf.org/external/sdmx/3.0/data/dataflow/IMF.STA/CPI/latest/,https://data.imf.org/Datasets/CPI,2026-08-31T14:35:13.815354Z,none
2014-05-31,chn_inflation,china,CHN,CNY,China inflation,2.41284044,percent,monthly,IMF_CPI,Consumer Price Index (CPI),https://api.imf.org/external/sdmx/3.0/data/dataflow/IMF.STA/CPI/latest/,https://data.imf.org/Datasets/CPI,2026-08-31T14:35:13.815354Z,none
2014-06-30,chn_inflation,china,CHN,CNY,China inflation,2.30865536,percent,monthly,IMF_CPI,Consumer Price Index (CPI),https://api.imf.org/external/sdmx/3.0/data/dataflow/IMF.STA/CPI/latest/,https://data.imf.org/Datasets/CPI,2026-08-31T14:35:13.815354Z,none
2014-07-31,chn_inflation,china,CHN,CNY,China inflation,2.20758661,percent,monthly,IMF_CPI,Consumer Price Index (CPI),https://api.imf.org/external/sdmx/3.0/data/dataflow/IMF.STA/CPI/latest/,https://data.imf.org/Datasets/CPI,2026-08-31T14:35:13.815354Z,none
2014-08-31,chn_inflation,china,CHN,CNY,China inflation,1.90314664,percent,monthly,IMF_CPI,Consumer Price Index (CPI),https://api.imf.org/external/sdmx/3.0/data/dataflow/IMF.STA/CPI/latest/,https://data.imf.org/Datasets/CPI,2026-08-31T14:35:13.815354Z,none
2014-09-30,chn_inflation,china,CHN,CNY,China inflation,1.61110099,percent,monthly,IMF_CPI,Consumer Price Index (CPI),https://api.imf.org/external/sdmx/3.0/data/dataflow/IMF.STA/CPI/latest/,https://data.imf.org/Datasets/CPI,2026-08-31T14:35:13.815354Z,none
2014-10-31,chn_inflation,china,CHN,CNY,China inflation,1.50918127,percent,monthly,IMF_CPI,Consumer Price Index (CPI),https://api.imf.org/external/sdmx/3.0/data/dataflow/IMF.STA/CPI/latest/,https://data.imf.org/Datasets/CPI,2026-08-31T14:35:13.815354Z,none
2014-11-30,chn_inflation,china,CHN,CNY,China inflation,1.30296665,percent,monthly,IMF_CPI,Consumer Price Index (CPI),https://api.imf.org/external/sdmx/3.0/data/dataflow/IMF.STA/CPI/latest/,https://data.imf.org/Datasets/CPI,2026-08-31T14:35:13.815354Z,none
2014-12-31,chn_inflation,china,CHN,CNY,China inflation,1.40969696,percent,monthly,IMF_CPI,Consumer Price Index (CPI),https://api.imf.org/external/sdmx/3.0/data/dataflow/IMF.STA/CPI/latest/,https://data.imf.org/Datasets/CPI,2026-08-31T14:35:13.815354Z,none
2015-01-31,chn_inflation,china,CHN,CNY,China inflation,0.70993538,percent,monthly,IMF_CPI,Consumer Price Index (CPI),https://api.imf.org/external/sdmx/3.0/data/dataflow/IMF.STA/CPI/latest/,https://data.imf.org/Datasets/CPI,2026-08-31T14:35:13.815354Z,none
2015-02-28,chn_inflation,china,CHN,CNY,China inflation,1.41271828,percent,monthly,IMF_CPI,Consumer Price Index (CPI),https://api.imf.org/external/sdmx/3.0/data/dataflow/IMF.STA/CPI/latest/,https://data.imf.org/Datasets/CPI,2026-08-31T14:35:13.815354Z,none
2015-03-31,chn_inflation,china,CHN,CNY,China inflation,1.31844981,percent,monthly,IMF_CPI,Consumer Price Index (CPI),https://api.imf.org/external/sdmx/3.0/data/dataflow/IMF.STA/CPI/latest/,https://data.imf.org/Datasets/CPI,2026-08-31T14:35:13.815354Z,none
2015-04-30,chn_inflation,china,CHN,CNY,China inflation,1.52749986,percent,monthly,IMF_CPI,Consumer Price Index (CPI),https://api.imf.org/external/sdmx/3.0/data/dataflow/IMF.STA/CPI/latest/,https://data.imf.org/Datasets/CPI,2026-08-31T14:35:13.815354Z,none
2015-05-31,chn_inflation,china,CHN,CNY,China inflation,1.22075447,percent,monthly,IMF_CPI,Consumer Price Index (CPI),https://api.imf.org/external/sdmx/3.0/data/dataflow/IMF.STA/CPI/latest/,https://data.imf.org/Datasets/CPI,2026-08-31T14:35:13.815354Z,none
2015-06-30,chn_inflation,china,CHN,CNY,China inflation,1.3238317,percent,monthly,IMF_CPI,Consumer Price Index (CPI),https://api.imf.org/external/sdmx/3.0/data/dataflow/IMF.STA/CPI/latest/,https://data.imf.org/Datasets/CPI,2026-08-31T14:35:13.815354Z,none
2015-07-31,chn_inflation,china,CHN,CNY,China inflation,1.73115666,percent,monthly,IMF_CPI,Consumer Price Index (CPI),https://api.imf.org/external/sdmx/3.0/data/dataflow/IMF.STA/CPI/latest/,https://data.imf.org/Datasets/CPI,2026-08-31T14:35:13.815354Z,none
2015-08-31,chn_inflation,china,CHN,CNY,China inflation,2.03251931,percent,monthly,IMF_CPI,Consumer Price Index (CPI),https://api.imf.org/external/sdmx/3.0/data/dataflow/IMF.STA/CPI/latest/,https://data.imf.org/Datasets/CPI,2026-08-31T14:35:13.815354Z,none
2015-09-30,chn_inflation,china,CHN,CNY,China inflation,1.61780181,percent,monthly,IMF_CPI,Consumer Price Index (CPI),https://api.imf.org/external/sdmx/3.0/data/dataflow/IMF.STA/CPI/latest/,https://data.imf.org/Datasets/CPI,2026-08-31T14:35:13.815354Z,none
2015-10-31,chn_inflation,china,CHN,CNY,China inflation,1.21334854,percent,monthly,IMF_CPI,Consumer Price Index (CPI),https://api.imf.org/external/sdmx/3.0/data/dataflow/IMF.STA/CPI/latest/,https://data.imf.org/Datasets/CPI,2026-08-31T14:35:13.815354Z,none
2015-11-30,chn_inflation,china,CHN,CNY,China inflation,1.52129173,percent,monthly,IMF_CPI,Consumer Price Index (CPI),https://api.imf.org/external/sdmx/3.0/data/dataflow/IMF.STA/CPI/latest/,https://data.imf.org/Datasets/CPI,2026-08-31T14:35:13.815354Z,none
2015-12-31,chn_inflation,china,CHN,CNY,China inflation,1.6161562,percent,monthly,IMF_CPI,Consumer Price Index (CPI),https://api.imf.org/external/sdmx/3.0/data/dataflow/IMF.STA/CPI/latest/,https://data.imf.org/Datasets/CPI,2026-08-31T14:35:13.815354Z,none
2016-01-31,chn_inflation,china,CHN,CNY,China inflation,1.81269693,percent,monthly,IMF_CPI,Consumer Price Index (CPI),https://api.imf.org/external/sdmx/3.0/data/dataflow/IMF.STA/CPI/latest/,https://data.imf.org/Datasets/CPI,2026-08-31T14:35:13.815354Z,none
2016-02-29,chn_inflation,china,CHN,CNY,China inflation,2.18905585,percent,monthly,IMF_CPI,Consumer Price Index (CPI),https://api.imf.org/external/sdmx/3.0/data/dataflow/IMF.STA/CPI/latest/,https://data.imf.org/Datasets/CPI,2026-08-31T14:35:13.815354Z,none
2016-03-31,chn_inflation,china,CHN,CNY,China inflation,2.30230465,percent,monthly,IMF_CPI,Consumer Price Index (CPI),https://api.imf.org/external/sdmx/3.0/data/dataflow/IMF.STA/CPI/latest/,https://data.imf.org/Datasets/CPI,2026-08-31T14:35:13.815354Z,none
2016-04-30,chn_inflation,china,CHN,CNY,China inflation,2.30691172,percent,monthly,IMF_CPI,Consumer Price Index (CPI),https://api.imf.org/external/sdmx/3.0/data/dataflow/IMF.STA/CPI/latest/,https://data.imf.org/Datasets/CPI,2026-08-31T14:35:13.815354Z,none
2016-05-31,chn_inflation,china,CHN,CNY,China inflation,2.11055282,percent,monthly,IMF_CPI,Consumer Price Index (CPI),https://api.imf.org/external/sdmx/3.0/data/dataflow/IMF.STA/CPI/latest/,https://data.imf.org/Datasets/CPI,2026-08-31T14:35:13.815354Z,none
2016-06-30,chn_inflation,china,CHN,CNY,China inflation,1.90954565,percent,monthly,IMF_CPI,Consumer Price Index (CPI),https://api.imf.org/external/sdmx/3.0/data/dataflow/IMF.STA/CPI/latest/,https://data.imf.org/Datasets/CPI,2026-08-31T14:35:13.815354Z,none
2016-07-31,chn_inflation,china,CHN,CNY,China inflation,1.70170878,percent,monthly,IMF_CPI,Consumer Price Index (CPI),https://api.imf.org/external/sdmx/3.0/data/dataflow/IMF.STA/CPI/latest/,https://data.imf.org/Datasets/CPI,2026-08-31T14:35:13.815354Z,none
2016-08-31,chn_inflation,china,CHN,CNY,China inflation,1.29482342,percent,monthly,IMF_CPI,Consumer Price Index (CPI),https://api.imf.org/external/sdmx/3.0/data/dataflow/IMF.STA/CPI/latest/,https://data.imf.org/Datasets/CPI,2026-08-31T14:35:13.815354Z,none
2016-09-30,chn_inflation,china,CHN,CNY,China inflation,1.89054521,percent,monthly,IMF_CPI,Consumer Price Index (CPI),https://api.imf.org/external/sdmx/3.0/data/dataflow/IMF.STA/CPI/latest/,https://data.imf.org/Datasets/CPI,2026-08-31T14:35:13.815354Z,none
2016-10-31,chn_inflation,china,CHN,CNY,China inflation,2.19781457,percent,monthly,IMF_CPI,Consumer Price Index (CPI),https://api.imf.org/external/sdmx/3.0/data/dataflow/IMF.STA/CPI/latest/,https://data.imf.org/Datasets/CPI,2026-08-31T14:35:13.815354Z,none
2016-11-30,chn_inflation,china,CHN,CNY,China inflation,2.29770459,percent,monthly,IMF_CPI,Consumer Price Index (CPI),https://api.imf.org/external/sdmx/3.0/data/dataflow/IMF.STA/CPI/latest/,https://data.imf.org/Datasets/CPI,2026-08-31T14:35:13.815354Z,none
2016-12-31,chn_inflation,china,CHN,CNY,China inflation,1.98807056,percent,monthly,IMF_CPI,Consumer Price Index (CPI),https://api.imf.org/external/sdmx/3.0/data/dataflow/IMF.STA/CPI/latest/,https://data.imf.org/Datasets/CPI,2026-08-31T14:35:13.815354Z,none
2017-01-31,chn_inflation,china,CHN,CNY,China inflation,2.57170532,percent,monthly,IMF_CPI,Consumer Price Index (CPI),https://api.imf.org/external/sdmx/3.0/data/dataflow/IMF.STA/CPI/latest/,https://data.imf.org/Datasets/CPI,2026-08-31T14:35:13.815354Z,none
2017-02-28,chn_inflation,china,CHN,CNY,China inflation,0.7789653,percent,monthly,IMF_CPI,Consumer Price Index (CPI),https://api.imf.org/external/sdmx/3.0/data/dataflow/IMF.STA/CPI/latest/,https://data.imf.org/Datasets/CPI,2026-08-31T14:35:13.815354Z,none
2017-03-31,chn_inflation,china,CHN,CNY,China inflation,0.97847313,percent,monthly,IMF_CPI,Consumer Price Index (CPI),https://api.imf.org/external/sdmx/3.0/data/dataflow/IMF.STA/CPI/latest/,https://data.imf.org/Datasets/CPI,2026-08-31T14:35:13.815354Z,none
2017-04-30,chn_inflation,china,CHN,CNY,China inflation,1.17647226,percent,monthly,IMF_CPI,Consumer Price Index (CPI),https://api.imf.org/external/sdmx/3.0/data/dataflow/IMF.STA/CPI/latest/,https://data.imf.org/Datasets/CPI,2026-08-31T14:35:13.815354Z,none
2017-05-31,chn_inflation,china,CHN,CNY,China inflation,1.67322421,percent,monthly,IMF_CPI,Consumer Price Index (CPI),https://api.imf.org/external/sdmx/3.0/data/dataflow/IMF.STA/CPI/latest/,https://data.imf.org/Datasets/CPI,2026-08-31T14:35:13.815354Z,none
2017-06-30,chn_inflation,china,CHN,CNY,China inflation,1.67652449,percent,monthly,IMF_CPI,Consumer Price Index (CPI),https://api.imf.org/external/sdmx/3.0/data/dataflow/IMF.STA/CPI/latest/,https://data.imf.org/Datasets/CPI,2026-08-31T14:35:13.815354Z,none
2017-07-31,chn_inflation,china,CHN,CNY,China inflation,1.37795645,percent,monthly,IMF_CPI,Consumer Price Index (CPI),https://api.imf.org/external/sdmx/3.0/data/dataflow/IMF.STA/CPI/latest/,https://data.imf.org/Datasets/CPI,2026-08-31T14:35:13.815354Z,none
2017-08-31,chn_inflation,china,CHN,CNY,China inflation,1.7699084,percent,monthly,IMF_CPI,Consumer Price Index (CPI),https://api.imf.org/external/sdmx/3.0/data/dataflow/IMF.STA/CPI/latest/,https://data.imf.org/Datasets/CPI,2026-08-31T14:35:13.815354Z,none
2017-09-30,chn_inflation,china,CHN,CNY,China inflation,1.66015219,percent,monthly,IMF_CPI,Consumer Price Index (CPI),https://api.imf.org/external/sdmx/3.0/data/dataflow/IMF.STA/CPI/latest/,https://data.imf.org/Datasets/CPI,2026-08-31T14:35:13.815354Z,none
2017-10-31,chn_inflation,china,CHN,CNY,China inflation,1.85728034,percent,monthly,IMF_CPI,Consumer Price Index (CPI),https://api.imf.org/external/sdmx/3.0/data/dataflow/IMF.STA/CPI/latest/,https://data.imf.org/Datasets/CPI,2026-08-31T14:35:13.815354Z,none
2017-11-30,chn_inflation,china,CHN,CNY,China inflation,1.75782037,percent,monthly,IMF_CPI,Consumer Price Index (CPI),https://api.imf.org/external/sdmx/3.0/data/dataflow/IMF.STA/CPI/latest/,https://data.imf.org/Datasets/CPI,2026-08-31T14:35:13.815354Z,none
2017-12-31,chn_inflation,china,CHN,CNY,China inflation,1.85184984,percent,monthly,IMF_CPI,Consumer Price Index (CPI),https://api.imf.org/external/sdmx/3.0/data/dataflow/IMF.STA/CPI/latest/,https://data.imf.org/Datasets/CPI,2026-08-31T14:35:13.815354Z,none
2018-01-31,chn_inflation,china,CHN,CNY,China inflation,1.44648488,percent,monthly,IMF_CPI,Consumer Price Index (CPI),https://api.imf.org/external/sdmx/3.0/data/dataflow/IMF.STA/CPI/latest/,https://data.imf.org/Datasets/CPI,2026-08-31T14:35:13.815354Z,none
2018-02-28,chn_inflation,china,CHN,CNY,China inflation,2.89854932,percent,monthly,IMF_CPI,Consumer Price Index (CPI),https://api.imf.org/external/sdmx/3.0/data/dataflow/IMF.STA/CPI/latest/,https://data.imf.org/Datasets/CPI,2026-08-31T14:35:13.815354Z,none
2018-03-31,chn_inflation,china,CHN,CNY,China inflation,2.03488388,percent,monthly,IMF_CPI,Consumer Price Index (CPI),https://api.imf.org/external/sdmx/3.0/data/dataflow/IMF.STA/CPI/latest/,https://data.imf.org/Datasets/CPI,2026-08-31T14:35:13.815354Z,none
2018-04-30,chn_inflation,china,CHN,CNY,China inflation,1.84109416,percent,monthly,IMF_CPI,Consumer Price Index (CPI),https://api.imf.org/external/sdmx/3.0/data/dataflow/IMF.STA/CPI/latest/,https://data.imf.org/Datasets/CPI,2026-08-31T14:35:13.815354Z,none
2018-05-31,chn_inflation,china,CHN,CNY,China inflation,1.5488925,percent,monthly,IMF_CPI,Consumer Price Index (CPI),https://api.imf.org/external/sdmx/3.0/data/dataflow/IMF.STA/CPI/latest/,https://data.imf.org/Datasets/CPI,2026-08-31T14:35:13.815354Z,none
2018-06-30,chn_inflation,china,CHN,CNY,China inflation,1.74588567,percent,monthly,IMF_CPI,Consumer Price Index (CPI),https://api.imf.org/external/sdmx/3.0/data/dataflow/IMF.STA/CPI/latest/,https://data.imf.org/Datasets/CPI,2026-08-31T14:35:13.815354Z,none
2018-07-31,chn_inflation,china,CHN,CNY,China inflation,2.13592334,percent,monthly,IMF_CPI,Consumer Price Index (CPI),https://api.imf.org/external/sdmx/3.0/data/dataflow/IMF.STA/CPI/latest/,https://data.imf.org/Datasets/CPI,2026-08-31T14:35:13.815354Z,none
2018-08-31,chn_inflation,china,CHN,CNY,China inflation,2.31884377,percent,monthly,IMF_CPI,Consumer Price Index (CPI),https://api.imf.org/external/sdmx/3.0/data/dataflow/IMF.STA/CPI/latest/,https://data.imf.org/Datasets/CPI,2026-08-31T14:35:13.815354Z,none
2018-09-30,chn_inflation,china,CHN,CNY,China inflation,2.40154129,percent,monthly,IMF_CPI,Consumer Price Index (CPI),https://api.imf.org/external/sdmx/3.0/data/dataflow/IMF.STA/CPI/latest/,https://data.imf.org/Datasets/CPI,2026-08-31T14:35:13.815354Z,none
2018-10-31,chn_inflation,china,CHN,CNY,China inflation,2.49519586,percent,monthly,IMF_CPI,Consumer Price Index (CPI),https://api.imf.org/external/sdmx/3.0/data/dataflow/IMF.STA/CPI/latest/,https://data.imf.org/Datasets/CPI,2026-08-31T14:35:13.815354Z,none
2018-11-30,chn_inflation,china,CHN,CNY,China inflation,2.11131464,percent,monthly,IMF_CPI,Consumer Price Index (CPI),https://api.imf.org/external/sdmx/3.0/data/dataflow/IMF.STA/CPI/latest/,https://data.imf.org/Datasets/CPI,2026-08-31T14:35:13.815354Z,none
2018-12-31,chn_inflation,china,CHN,CNY,China inflation,1.91387468,percent,monthly,IMF_CPI,Consumer Price Index (CPI),https://api.imf.org/external/sdmx/3.0/data/dataflow/IMF.STA/CPI/latest/,https://data.imf.org/Datasets/CPI,2026-08-31T14:35:13.815354Z,none
2019-01-31,chn_inflation,china,CHN,CNY,China inflation,1.71102355,percent,monthly,IMF_CPI,Consumer Price Index (CPI),https://api.imf.org/external/sdmx/3.0/data/dataflow/IMF.STA/CPI/latest/,https://data.imf.org/Datasets/CPI,2026-08-31T14:35:13.815354Z,none
2019-02-28,chn_inflation,china,CHN,CNY,China inflation,1.50234252,percent,monthly,IMF_CPI,Consumer Price Index (CPI),https://api.imf.org/external/sdmx/3.0/data/dataflow/IMF.STA/CPI/latest/,https://data.imf.org/Datasets/CPI,2026-08-31T14:35:13.815354Z,none
2019-03-31,chn_inflation,china,CHN,CNY,China inflation,2.27920548,percent,monthly,IMF_CPI,Consumer Price Index (CPI),https://api.imf.org/external/sdmx/3.0/data/dataflow/IMF.STA/CPI/latest/,https://data.imf.org/Datasets/CPI,2026-08-31T14:35:13.815354Z,none
2019-04-30,chn_inflation,china,CHN,CNY,China inflation,2.56897735,percent,monthly,IMF_CPI,Consumer Price Index (CPI),https://api.imf.org/external/sdmx/3.0/data/dataflow/IMF.STA/CPI/latest/,https://data.imf.org/Datasets/CPI,2026-08-31T14:35:13.815354Z,none
2019-05-31,chn_inflation,china,CHN,CNY,China inflation,2.76453515,percent,monthly,IMF_CPI,Consumer Price Index (CPI),https://api.imf.org/external/sdmx/3.0/data/dataflow/IMF.STA/CPI/latest/,https://data.imf.org/Datasets/CPI,2026-08-31T14:35:13.815354Z,none
2019-06-30,chn_inflation,china,CHN,CNY,China inflation,2.66920525,percent,monthly,IMF_CPI,Consumer Price Index (CPI),https://api.imf.org/external/sdmx/3.0/data/dataflow/IMF.STA/CPI/latest/,https://data.imf.org/Datasets/CPI,2026-08-31T14:35:13.815354Z,none
2019-07-31,chn_inflation,china,CHN,CNY,China inflation,2.75664081,percent,monthly,IMF_CPI,Consumer Price Index (CPI),https://api.imf.org/external/sdmx/3.0/data/dataflow/IMF.STA/CPI/latest/,https://data.imf.org/Datasets/CPI,2026-08-31T14:35:13.815354Z,none
2019-08-31,chn_inflation,china,CHN,CNY,China inflation,2.83285973,percent,monthly,IMF_CPI,Consumer Price Index (CPI),https://api.imf.org/external/sdmx/3.0/data/dataflow/IMF.STA/CPI/latest/,https://data.imf.org/Datasets/CPI,2026-08-31T14:35:13.815354Z,none
2019-09-30,chn_inflation,china,CHN,CNY,China inflation,3.00187682,percent,monthly,IMF_CPI,Consumer Price Index (CPI),https://api.imf.org/external/sdmx/3.0/data/dataflow/IMF.STA/CPI/latest/,https://data.imf.org/Datasets/CPI,2026-08-31T14:35:13.815354Z,none
2019-10-31,chn_inflation,china,CHN,CNY,China inflation,3.74531647,percent,monthly,IMF_CPI,Consumer Price Index (CPI),https://api.imf.org/external/sdmx/3.0/data/dataflow/IMF.STA/CPI/latest/,https://data.imf.org/Datasets/CPI,2026-08-31T14:35:13.815354Z,none
2019-11-30,chn_inflation,china,CHN,CNY,China inflation,4.5112845,percent,monthly,IMF_CPI,Consumer Price Index (CPI),https://api.imf.org/external/sdmx/3.0/data/dataflow/IMF.STA/CPI/latest/,https://data.imf.org/Datasets/CPI,2026-08-31T14:35:13.815354Z,none
2019-12-31,chn_inflation,china,CHN,CNY,China inflation,4.41315079,percent,monthly,IMF_CPI,Consumer Price Index (CPI),https://api.imf.org/external/sdmx/3.0/data/dataflow/IMF.STA/CPI/latest/,https://data.imf.org/Datasets/CPI,2026-08-31T14:35:13.815354Z,none
2020-01-31,chn_inflation,china,CHN,CNY,China inflation,5.42053499,percent,monthly,IMF_CPI,Consumer Price Index (CPI),https://api.imf.org/external/sdmx/3.0/data/dataflow/IMF.STA/CPI/latest/,https://data.imf.org/Datasets/CPI,2026-08-31T14:35:13.815354Z,none
2020-02-29,chn_inflation,china,CHN,CNY,China inflation,5.1804338,percent,monthly,IMF_CPI,Consumer Price Index (CPI),https://api.imf.org/external/sdmx/3.0/data/dataflow/IMF.STA/CPI/latest/,https://data.imf.org/Datasets/CPI,2026-08-31T14:35:13.815354Z,none
2020-03-31,chn_inflation,china,CHN,CNY,China inflation,4.27114834,percent,monthly,IMF_CPI,Consumer Price Index (CPI),https://api.imf.org/external/sdmx/3.0/data/dataflow/IMF.STA/CPI/latest/,https://data.imf.org/Datasets/CPI,2026-08-31T14:35:13.815354Z,none
2020-04-30,chn_inflation,china,CHN,CNY,China inflation,3.24675681,percent,monthly,IMF_CPI,Consumer Price Index (CPI),https://api.imf.org/external/sdmx/3.0/data/dataflow/IMF.STA/CPI/latest/,https://data.imf.org/Datasets/CPI,2026-08-31T14:35:13.815354Z,none
2020-05-31,chn_inflation,china,CHN,CNY,China inflation,2.4118685,percent,monthly,IMF_CPI,Consumer Price Index (CPI),https://api.imf.org/external/sdmx/3.0/data/dataflow/IMF.STA/CPI/latest/,https://data.imf.org/Datasets/CPI,2026-08-31T14:35:13.815354Z,none
2020-06-30,chn_inflation,china,CHN,CNY,China inflation,2.50695946,percent,monthly,IMF_CPI,Consumer Price Index (CPI),https://api.imf.org/external/sdmx/3.0/data/dataflow/IMF.STA/CPI/latest/,https://data.imf.org/Datasets/CPI,2026-08-31T14:35:13.815354Z,none
2020-07-31,chn_inflation,china,CHN,CNY,China inflation,1.75764037,percent,monthly,IMF_CPI,Consumer Price Index (CPI),https://api.imf.org/external/sdmx/3.0/data/dataflow/IMF.STA/CPI/latest/,https://data.imf.org/Datasets/CPI,2026-08-31T14:35:13.815354Z,none
2020-08-31,chn_inflation,china,CHN,CNY,China inflation,2.38751643,percent,monthly,IMF_CPI,Consumer Price Index (CPI),https://api.imf.org/external/sdmx/3.0/data/dataflow/IMF.STA/CPI/latest/,https://data.imf.org/Datasets/CPI,2026-08-31T14:35:13.815354Z,none
2020-09-30,chn_inflation,china,CHN,CNY,China inflation,1.7304374,percent,monthly,IMF_CPI,Consumer Price Index (CPI),https://api.imf.org/external/sdmx/3.0/data/dataflow/IMF.STA/CPI/latest/,https://data.imf.org/Datasets/CPI,2026-08-31T14:35:13.815354Z,none
2020-10-31,chn_inflation,china,CHN,CNY,China inflation,0.54151196,percent,monthly,IMF_CPI,Consumer Price Index (CPI),https://api.imf.org/external/sdmx/3.0/data/dataflow/IMF.STA/CPI/latest/,https://data.imf.org/Datasets/CPI,2026-08-31T14:35:13.815354Z,none
2020-11-30,chn_inflation,china,CHN,CNY,China inflation,-0.44964507,percent,monthly,IMF_CPI,Consumer Price Index (CPI),https://api.imf.org/external/sdmx/3.0/data/dataflow/IMF.STA/CPI/latest/,https://data.imf.org/Datasets/CPI,2026-08-31T14:35:13.815354Z,none
2020-12-31,chn_inflation,china,CHN,CNY,China inflation,0.26978704,percent,monthly,IMF_CPI,Consumer Price Index (CPI),https://api.imf.org/external/sdmx/3.0/data/dataflow/IMF.STA/CPI/latest/,https://data.imf.org/Datasets/CPI,2026-08-31T14:35:13.815354Z,none
2021-01-31,chn_inflation,china,CHN,CNY,China inflation,-0.22160889,percent,monthly,IMF_CPI,Consumer Price Index (CPI),https://api.imf.org/external/sdmx/3.0/data/dataflow/IMF.STA/CPI/latest/,https://data.imf.org/Datasets/CPI,2026-08-31T14:35:13.815354Z,none
2021-02-28,chn_inflation,china,CHN,CNY,China inflation,-0.42283506,percent,monthly,IMF_CPI,Consumer Price Index (CPI),https://api.imf.org/external/sdmx/3.0/data/dataflow/IMF.STA/CPI/latest/,https://data.imf.org/Datasets/CPI,2026-08-31T14:35:13.815354Z,none
2021-03-31,chn_inflation,china,CHN,CNY,China inflation,0.32192411,percent,monthly,IMF_CPI,Consumer Price Index (CPI),https://api.imf.org/external/sdmx/3.0/data/dataflow/IMF.STA/CPI/latest/,https://data.imf.org/Datasets/CPI,2026-08-31T14:35:13.815354Z,none
2021-04-30,chn_inflation,china,CHN,CNY,China inflation,0.92264545,percent,monthly,IMF_CPI,Consumer Price Index (CPI),https://api.imf.org/external/sdmx/3.0/data/dataflow/IMF.STA/CPI/latest/,https://data.imf.org/Datasets/CPI,2026-08-31T14:35:13.815354Z,none
2021-05-31,chn_inflation,china,CHN,CNY,China inflation,1.64435509,percent,monthly,IMF_CPI,Consumer Price Index (CPI),https://api.imf.org/external/sdmx/3.0/data/dataflow/IMF.STA/CPI/latest/,https://data.imf.org/Datasets/CPI,2026-08-31T14:35:13.815354Z,none
2021-06-30,chn_inflation,china,CHN,CNY,China inflation,1.24020259,percent,monthly,IMF_CPI,Consumer Price Index (CPI),https://api.imf.org/external/sdmx/3.0/data/dataflow/IMF.STA/CPI/latest/,https://data.imf.org/Datasets/CPI,2026-08-31T14:35:13.815354Z,none
2021-07-31,chn_inflation,china,CHN,CNY,China inflation,1.91255902,percent,monthly,IMF_CPI,Consumer Price Index (CPI),https://api.imf.org/external/sdmx/3.0/data/dataflow/IMF.STA/CPI/latest/,https://data.imf.org/Datasets/CPI,2026-08-31T14:35:13.815354Z,none
2021-08-31,chn_inflation,china,CHN,CNY,China inflation,0.64157503,percent,monthly,IMF_CPI,Consumer Price Index (CPI),https://api.imf.org/external/sdmx/3.0/data/dataflow/IMF.STA/CPI/latest/,https://data.imf.org/Datasets/CPI,2026-08-31T14:35:13.815354Z,none
2021-09-30,chn_inflation,china,CHN,CNY,China inflation,0.46136332,percent,monthly,IMF_CPI,Consumer Price Index (CPI),https://api.imf.org/external/sdmx/3.0/data/dataflow/IMF.STA/CPI/latest/,https://data.imf.org/Datasets/CPI,2026-08-31T14:35:13.815354Z,none
2021-10-31,chn_inflation,china,CHN,CNY,China inflation,1.4328466,percent,monthly,IMF_CPI,Consumer Price Index (CPI),https://api.imf.org/external/sdmx/3.0/data/dataflow/IMF.STA/CPI/latest/,https://data.imf.org/Datasets/CPI,2026-08-31T14:35:13.815354Z,none
2021-11-30,chn_inflation,china,CHN,CNY,China inflation,2.47730057,percent,monthly,IMF_CPI,Consumer Price Index (CPI),https://api.imf.org/external/sdmx/3.0/data/dataflow/IMF.STA/CPI/latest/,https://data.imf.org/Datasets/CPI,2026-08-31T14:35:13.815354Z,none
2021-12-31,chn_inflation,china,CHN,CNY,China inflation,1.44190565,percent,monthly,IMF_CPI,Consumer Price Index (CPI),https://api.imf.org/external/sdmx/3.0/data/dataflow/IMF.STA/CPI/latest/,https://data.imf.org/Datasets/CPI,2026-08-31T14:35:13.815354Z,none
2022-01-31,chn_inflation,china,CHN,CNY,China inflation,0.99108028,percent,monthly,IMF_CPI,Consumer Price Index (CPI),https://api.imf.org/external/sdmx/3.0/data/dataflow/IMF.STA/CPI/latest/,https://data.imf.org/Datasets/CPI,2026-08-31T14:35:13.815354Z,none
2022-02-28,chn_inflation,china,CHN,CNY,China inflation,0.98522167,percent,monthly,IMF_CPI,Consumer Price Index (CPI),https://api.imf.org/external/sdmx/3.0/data/dataflow/IMF.STA/CPI/latest/,https://data.imf.org/Datasets/CPI,2026-08-31T14:35:13.815354Z,none
2022-03-31,chn_inflation,china,CHN,CNY,China inflation,1.48514851,percent,monthly,IMF_CPI,Consumer Price Index (CPI),https://api.imf.org/external/sdmx/3.0/data/dataflow/IMF.STA/CPI/latest/,https://data.imf.org/Datasets/CPI,2026-08-31T14:35:13.815354Z,none
2022-04-30,chn_inflation,china,CHN,CNY,China inflation,2.18470705,percent,monthly,IMF_CPI,Consumer Price Index (CPI),https://api.imf.org/external/sdmx/3.0/data/dataflow/IMF.STA/CPI/latest/,https://data.imf.org/Datasets/CPI,2026-08-31T14:35:13.815354Z,none
2022-05-31,chn_inflation,china,CHN,CNY,China inflation,2.08747515,percent,monthly,IMF_CPI,Consumer Price Index (CPI),https://api.imf.org/external/sdmx/3.0/data/dataflow/IMF.STA/CPI/latest/,https://data.imf.org/Datasets/CPI,2026-08-31T14:35:13.815354Z,none
2022-06-30,chn_inflation,china,CHN,CNY,China inflation,2.49500998,percent,monthly,IMF_CPI,Consumer Price Index (CPI),https://api.imf.org/external/sdmx/3.0/data/dataflow/IMF.STA/CPI/latest/,https://data.imf.org/Datasets/CPI,2026-08-31T14:35:13.815354Z,none
2022-07-31,chn_inflation,china,CHN,CNY,China inflation,2.68656716,percent,monthly,IMF_CPI,Consumer Price Index (CPI),https://api.imf.org/external/sdmx/3.0/data/dataflow/IMF.STA/CPI/latest/,https://data.imf.org/Datasets/CPI,2026-08-31T14:35:13.815354Z,none
2022-08-31,chn_inflation,china,CHN,CNY,China inflation,2.48508946,percent,monthly,IMF_CPI,Consumer Price Index (CPI),https://api.imf.org/external/sdmx/3.0/data/dataflow/IMF.STA/CPI/latest/,https://data.imf.org/Datasets/CPI,2026-08-31T14:35:13.815354Z,none
2022-09-30,chn_inflation,china,CHN,CNY,China inflation,2.7833002,percent,monthly,IMF_CPI,Consumer Price Index (CPI),https://api.imf.org/external/sdmx/3.0/data/dataflow/IMF.STA/CPI/latest/,https://data.imf.org/Datasets/CPI,2026-08-31T14:35:13.815354Z,none
2022-10-31,chn_inflation,china,CHN,CNY,China inflation,2.17176703,percent,monthly,IMF_CPI,Consumer Price Index (CPI),https://api.imf.org/external/sdmx/3.0/data/dataflow/IMF.STA/CPI/latest/,https://data.imf.org/Datasets/CPI,2026-08-31T14:35:13.815354Z,none
2022-11-30,chn_inflation,china,CHN,CNY,China inflation,1.57325467,percent,monthly,IMF_CPI,Consumer Price Index (CPI),https://api.imf.org/external/sdmx/3.0/data/dataflow/IMF.STA/CPI/latest/,https://data.imf.org/Datasets/CPI,2026-08-31T14:35:13.815354Z,none
2022-12-31,chn_inflation,china,CHN,CNY,China inflation,1.77514793,percent,monthly,IMF_CPI,Consumer Price Index (CPI),https://api.imf.org/external/sdmx/3.0/data/dataflow/IMF.STA/CPI/latest/,https://data.imf.org/Datasets/CPI,2026-08-31T14:35:13.815354Z,none
2023-01-31,chn_inflation,china,CHN,CNY,China inflation,2.06084396,percent,monthly,IMF_CPI,Consumer Price Index (CPI),https://api.imf.org/external/sdmx/3.0/data/dataflow/IMF.STA/CPI/latest/,https://data.imf.org/Datasets/CPI,2026-08-31T14:35:13.815354Z,none
2023-02-28,chn_inflation,china,CHN,CNY,China inflation,0.97560976,percent,monthly,IMF_CPI,Consumer Price Index (CPI),https://api.imf.org/external/sdmx/3.0/data/dataflow/IMF.STA/CPI/latest/,https://data.imf.org/Datasets/CPI,2026-08-31T14:35:13.815354Z,none
2023-03-31,chn_inflation,china,CHN,CNY,China inflation,0.68292683,percent,monthly,IMF_CPI,Consumer Price Index (CPI),https://api.imf.org/external/sdmx/3.0/data/dataflow/IMF.STA/CPI/latest/,https://data.imf.org/Datasets/CPI,2026-08-31T14:35:13.815354Z,none
2023-04-30,chn_inflation,china,CHN,CNY,China inflation,0.09718173,percent,monthly,IMF_CPI,Consumer Price Index (CPI),https://api.imf.org/external/sdmx/3.0/data/dataflow/IMF.STA/CPI/latest/,https://data.imf.org/Datasets/CPI,2026-08-31T14:35:13.815354Z,none
2023-05-31,chn_inflation,china,CHN,CNY,China inflation,0.19474197,percent,monthly,IMF_CPI,Consumer Price Index (CPI),https://api.imf.org/external/sdmx/3.0/data/dataflow/IMF.STA/CPI/latest/,https://data.imf.org/Datasets/CPI,2026-08-31T14:35:13.815354Z,none
2023-06-30,chn_inflation,china,CHN,CNY,China inflation,0,percent,monthly,IMF_CPI,Consumer Price Index (CPI),https://api.imf.org/external/sdmx/3.0/data/dataflow/IMF.STA/CPI/latest/,https://data.imf.org/Datasets/CPI,2026-08-31T14:35:13.815354Z,none
2023-07-31,chn_inflation,china,CHN,CNY,China inflation,-0.29069767,percent,monthly,IMF_CPI,Consumer Price Index (CPI),https://api.imf.org/external/sdmx/3.0/data/dataflow/IMF.STA/CPI/latest/,https://data.imf.org/Datasets/CPI,2026-08-31T14:35:13.815354Z,none
2023-08-31,chn_inflation,china,CHN,CNY,China inflation,0.09699321,percent,monthly,IMF_CPI,Consumer Price Index (CPI),https://api.imf.org/external/sdmx/3.0/data/dataflow/IMF.STA/CPI/latest/,https://data.imf.org/Datasets/CPI,2026-08-31T14:35:13.815354Z,none
2023-09-30,chn_inflation,china,CHN,CNY,China inflation,0,percent,monthly,IMF_CPI,Consumer Price Index (CPI),https://api.imf.org/external/sdmx/3.0/data/dataflow/IMF.STA/CPI/latest/,https://data.imf.org/Datasets/CPI,2026-08-31T14:35:13.815354Z,none
2023-10-31,chn_inflation,china,CHN,CNY,China inflation,-0.19323671,percent,monthly,IMF_CPI,Consumer Price Index (CPI),https://api.imf.org/external/sdmx/3.0/data/dataflow/IMF.STA/CPI/latest/,https://data.imf.org/Datasets/CPI,2026-08-31T14:35:13.815354Z,none
2023-11-30,chn_inflation,china,CHN,CNY,China inflation,-0.48402711,percent,monthly,IMF_CPI,Consumer Price Index (CPI),https://api.imf.org/external/sdmx/3.0/data/dataflow/IMF.STA/CPI/latest/,https://data.imf.org/Datasets/CPI,2026-08-31T14:35:13.815354Z,none
2023-12-31,chn_inflation,china,CHN,CNY,China inflation,-0.29069767,percent,monthly,IMF_CPI,Consumer Price Index (CPI),https://api.imf.org/external/sdmx/3.0/data/dataflow/IMF.STA/CPI/latest/,https://data.imf.org/Datasets/CPI,2026-08-31T14:35:13.815354Z,none
2024-01-31,chn_inflation,china,CHN,CNY,China inflation,-0.86538462,percent,monthly,IMF_CPI,Consumer Price Index (CPI),https://api.imf.org/external/sdmx/3.0/data/dataflow/IMF.STA/CPI/latest/,https://data.imf.org/Datasets/CPI,2026-08-31T14:35:13.815354Z,none
2024-02-29,chn_inflation,china,CHN,CNY,China inflation,0.6763285,percent,monthly,IMF_CPI,Consumer Price Index (CPI),https://api.imf.org/external/sdmx/3.0/data/dataflow/IMF.STA/CPI/latest/,https://data.imf.org/Datasets/CPI,2026-08-31T14:35:13.815354Z,none
2024-03-31,chn_inflation,china,CHN,CNY,China inflation,0.09689922,percent,monthly,IMF_CPI,Consumer Price Index (CPI),https://api.imf.org/external/sdmx/3.0/data/dataflow/IMF.STA/CPI/latest/,https://data.imf.org/Datasets/CPI,2026-08-31T14:35:13.815354Z,none
2024-04-30,chn_inflation,china,CHN,CNY,China inflation,0.19417476,percent,monthly,IMF_CPI,Consumer Price Index (CPI),https://api.imf.org/external/sdmx/3.0/data/dataflow/IMF.STA/CPI/latest/,https://data.imf.org/Datasets/CPI,2026-08-31T14:35:13.815354Z,none
2024-05-31,chn_inflation,china,CHN,CNY,China inflation,0.29154519,percent,monthly,IMF_CPI,Consumer Price Index (CPI),https://api.imf.org/external/sdmx/3.0/data/dataflow/IMF.STA/CPI/latest/,https://data.imf.org/Datasets/CPI,2026-08-31T14:35:13.815354Z,none
2024-06-30,chn_inflation,china,CHN,CNY,China inflation,0.19474197,percent,monthly,IMF_CPI,Consumer Price Index (CPI),https://api.imf.org/external/sdmx/3.0/data/dataflow/IMF.STA/CPI/latest/,https://data.imf.org/Datasets/CPI,2026-08-31T14:35:13.815354Z,none
2024-07-31,chn_inflation,china,CHN,CNY,China inflation,0.48590865,percent,monthly,IMF_CPI,Consumer Price Index (CPI),https://api.imf.org/external/sdmx/3.0/data/dataflow/IMF.STA/CPI/latest/,https://data.imf.org/Datasets/CPI,2026-08-31T14:35:13.815354Z,none
2024-08-31,chn_inflation,china,CHN,CNY,China inflation,0.58139535,percent,monthly,IMF_CPI,Consumer Price Index (CPI),https://api.imf.org/external/sdmx/3.0/data/dataflow/IMF.STA/CPI/latest/,https://data.imf.org/Datasets/CPI,2026-08-31T14:35:13.815354Z,none
2024-09-30,chn_inflation,china,CHN,CNY,China inflation,0.3868472,percent,monthly,IMF_CPI,Consumer Price Index (CPI),https://api.imf.org/external/sdmx/3.0/data/dataflow/IMF.STA/CPI/latest/,https://data.imf.org/Datasets/CPI,2026-08-31T14:35:13.815354Z,none
2024-10-31,chn_inflation,china,CHN,CNY,China inflation,0.29041626,percent,monthly,IMF_CPI,Consumer Price Index (CPI),https://api.imf.org/external/sdmx/3.0/data/dataflow/IMF.STA/CPI/latest/,https://data.imf.org/Datasets/CPI,2026-08-31T14:35:13.815354Z,none
2024-11-30,chn_inflation,china,CHN,CNY,China inflation,0.19455253,percent,monthly,IMF_CPI,Consumer Price Index (CPI),https://api.imf.org/external/sdmx/3.0/data/dataflow/IMF.STA/CPI/latest/,https://data.imf.org/Datasets/CPI,2026-08-31T14:35:13.815354Z,none
2024-12-31,chn_inflation,china,CHN,CNY,China inflation,0.09718173,percent,monthly,IMF_CPI,Consumer Price Index (CPI),https://api.imf.org/external/sdmx/3.0/data/dataflow/IMF.STA/CPI/latest/,https://data.imf.org/Datasets/CPI,2026-08-31T14:35:13.815354Z,none
2025-01-31,chn_inflation,china,CHN,CNY,China inflation,0.48496605,percent,monthly,IMF_CPI,Consumer Price Index (CPI),https://api.imf.org/external/sdmx/3.0/data/dataflow/IMF.STA/CPI/latest/,https://data.imf.org/Datasets/CPI,2026-08-31T14:35:13.815354Z,none
2025-02-28,chn_inflation,china,CHN,CNY,China inflation,-0.76775432,percent,monthly,IMF_CPI,Consumer Price Index (CPI),https://api.imf.org/external/sdmx/3.0/data/dataflow/IMF.STA/CPI/latest/,https://data.imf.org/Datasets/CPI,2026-08-31T14:35:13.815354Z,none
2025-03-31,chn_inflation,china,CHN,CNY,China inflation,-0.09680542,percent,monthly,IMF_CPI,Consumer Price Index (CPI),https://api.imf.org/external/sdmx/3.0/data/dataflow/IMF.STA/CPI/latest/,https://data.imf.org/Datasets/CPI,2026-08-31T14:35:13.815354Z,none
2025-04-30,chn_inflation,china,CHN,CNY,China inflation,-0.0746124,percent,monthly,IMF_CPI,Consumer Price Index (CPI),https://api.imf.org/external/sdmx/3.0/data/dataflow/IMF.STA/CPI/latest/,https://data.imf.org/Datasets/CPI,2026-08-31T14:35:13.815354Z,none
2025-05-31,chn_inflation,china,CHN,CNY,China inflation,-0.07403101,percent,monthly,IMF_CPI,Consumer Price Index (CPI),https://api.imf.org/external/sdmx/3.0/data/dataflow/IMF.STA/CPI/latest/,https://data.imf.org/Datasets/CPI,2026-08-31T14:35:13.815354Z,none
2025-06-30,chn_inflation,china,CHN,CNY,China inflation,0.1101069,percent,monthly,IMF_CPI,Consumer Price Index (CPI),https://api.imf.org/external/sdmx/3.0/data/dataflow/IMF.STA/CPI/latest/,https://data.imf.org/Datasets/CPI,2026-08-31T14:35:13.815354Z,none
2025-07-31,chn_inflation,china,CHN,CNY,China inflation,0.01779497,percent,monthly,IMF_CPI,Consumer Price Index (CPI),https://api.imf.org/external/sdmx/3.0/data/dataflow/IMF.STA/CPI/latest/,https://data.imf.org/Datasets/CPI,2026-08-31T14:35:13.815354Z,none
2025-08-31,chn_inflation,china,CHN,CNY,China inflation,-0.36406551,percent,monthly,IMF_CPI,Consumer Price Index (CPI),https://api.imf.org/external/sdmx/3.0/data/dataflow/IMF.STA/CPI/latest/,https://data.imf.org/Datasets/CPI,2026-08-31T14:35:13.815354Z,none
2025-09-30,chn_inflation,china,CHN,CNY,China inflation,-0.27071291,percent,monthly,IMF_CPI,Consumer Price Index (CPI),https://api.imf.org/external/sdmx/3.0/data/dataflow/IMF.STA/CPI/latest/,https://data.imf.org/Datasets/CPI,2026-08-31T14:35:13.815354Z,none
2025-10-31,chn_inflation,china,CHN,CNY,China inflation,0.23127413,percent,monthly,IMF_CPI,Consumer Price Index (CPI),https://api.imf.org/external/sdmx/3.0/data/dataflow/IMF.STA/CPI/latest/,https://data.imf.org/Datasets/CPI,2026-08-31T14:35:13.815354Z,none
2025-11-30,chn_inflation,china,CHN,CNY,China inflation,0.71582524,percent,monthly,IMF_CPI,Consumer Price Index (CPI),https://api.imf.org/external/sdmx/3.0/data/dataflow/IMF.STA/CPI/latest/,https://data.imf.org/Datasets/CPI,2026-08-31T14:35:13.815354Z,none
2025-12-31,chn_inflation,china,CHN,CNY,China inflation,0.81805825,percent,monthly,IMF_CPI,Consumer Price Index (CPI),https://api.imf.org/external/sdmx/3.0/data/dataflow/IMF.STA/CPI/latest/,https://data.imf.org/Datasets/CPI,2026-08-31T14:35:13.815354Z,none
2026-01-31,chn_inflation,china,CHN,CNY,China inflation,0.22905405,percent,monthly,IMF_CPI,Consumer Price Index (CPI),https://api.imf.org/external/sdmx/3.0/data/dataflow/IMF.STA/CPI/latest/,https://data.imf.org/Datasets/CPI,2026-08-31T14:35:13.815354Z,none
2026-02-28,chn_inflation,china,CHN,CNY,China inflation,1.33191489,percent,monthly,IMF_CPI,Consumer Price Index (CPI),https://api.imf.org/external/sdmx/3.0/data/dataflow/IMF.STA/CPI/latest/,https://data.imf.org/Datasets/CPI,2026-08-31T14:35:13.815354Z,none
2026-03-31,chn_inflation,china,CHN,CNY,China inflation,1.03178295,percent,monthly,IMF_CPI,Consumer Price Index (CPI),https://api.imf.org/external/sdmx/3.0/data/dataflow/IMF.STA/CPI/latest/,https://data.imf.org/Datasets/CPI,2026-08-31T14:35:13.815354Z,none
2026-04-30,chn_inflation,china,CHN,CNY,China inflation,1.20002327,percent,monthly,IMF_CPI,Consumer Price Index (CPI),https://api.imf.org/external/sdmx/3.0/data/dataflow/IMF.STA/CPI/latest/,https://data.imf.org/Datasets/CPI,2026-08-31T14:35:13.815354Z,none
2026-05-31,chn_inflation,china,CHN,CNY,China inflation,1.19991932,percent,monthly,IMF_CPI,Consumer Price Index (CPI),https://api.imf.org/external/sdmx/3.0/data/dataflow/IMF.STA/CPI/latest/,https://data.imf.org/Datasets/CPI,2026-08-31T14:35:13.815354Z,none
2026-06-30,chn_inflation,china,CHN,CNY,China inflation,1.00006504,percent,monthly,IMF_CPI,Consumer Price Index (CPI),https://api.imf.org/external/sdmx/3.0/data/dataflow/IMF.STA/CPI/latest/,https://data.imf.org/Datasets/CPI,2026-08-31T14:35:13.815354Z,none
