observation_date,series_id,tab_id,country_iso3,currency_iso3,label,value,unit,frequency,source_id,source_name,source_url,source_documentation_url,source_retrieved_at,transformation
1996-01-31,china_policy_rate,china,CHN,,China policy-rate proxy,12.06,percent_per_annum,monthly,BIS_CBPOL,Central bank policy rates,https://stats.bis.org/api/v1/data/WS_CBPOL/,https://www.bis.org/statistics/cbpol/cbpol_doc.pdf,2026-08-31T14:34:21.955240Z,none
1996-02-29,china_policy_rate,china,CHN,,China policy-rate proxy,12.06,percent_per_annum,monthly,BIS_CBPOL,Central bank policy rates,https://stats.bis.org/api/v1/data/WS_CBPOL/,https://www.bis.org/statistics/cbpol/cbpol_doc.pdf,2026-08-31T14:34:21.955240Z,none
1996-03-31,china_policy_rate,china,CHN,,China policy-rate proxy,12.06,percent_per_annum,monthly,BIS_CBPOL,Central bank policy rates,https://stats.bis.org/api/v1/data/WS_CBPOL/,https://www.bis.org/statistics/cbpol/cbpol_doc.pdf,2026-08-31T14:34:21.955240Z,none
1996-04-30,china_policy_rate,china,CHN,,China policy-rate proxy,12.06,percent_per_annum,monthly,BIS_CBPOL,Central bank policy rates,https://stats.bis.org/api/v1/data/WS_CBPOL/,https://www.bis.org/statistics/cbpol/cbpol_doc.pdf,2026-08-31T14:34:21.955240Z,none
1996-05-31,china_policy_rate,china,CHN,,China policy-rate proxy,10.98,percent_per_annum,monthly,BIS_CBPOL,Central bank policy rates,https://stats.bis.org/api/v1/data/WS_CBPOL/,https://www.bis.org/statistics/cbpol/cbpol_doc.pdf,2026-08-31T14:34:21.955240Z,none
1996-06-30,china_policy_rate,china,CHN,,China policy-rate proxy,10.98,percent_per_annum,monthly,BIS_CBPOL,Central bank policy rates,https://stats.bis.org/api/v1/data/WS_CBPOL/,https://www.bis.org/statistics/cbpol/cbpol_doc.pdf,2026-08-31T14:34:21.955240Z,none
1996-07-31,china_policy_rate,china,CHN,,China policy-rate proxy,10.98,percent_per_annum,monthly,BIS_CBPOL,Central bank policy rates,https://stats.bis.org/api/v1/data/WS_CBPOL/,https://www.bis.org/statistics/cbpol/cbpol_doc.pdf,2026-08-31T14:34:21.955240Z,none
1996-08-31,china_policy_rate,china,CHN,,China policy-rate proxy,10.08,percent_per_annum,monthly,BIS_CBPOL,Central bank policy rates,https://stats.bis.org/api/v1/data/WS_CBPOL/,https://www.bis.org/statistics/cbpol/cbpol_doc.pdf,2026-08-31T14:34:21.955240Z,none
1996-09-30,china_policy_rate,china,CHN,,China policy-rate proxy,10.08,percent_per_annum,monthly,BIS_CBPOL,Central bank policy rates,https://stats.bis.org/api/v1/data/WS_CBPOL/,https://www.bis.org/statistics/cbpol/cbpol_doc.pdf,2026-08-31T14:34:21.955240Z,none
1996-10-31,china_policy_rate,china,CHN,,China policy-rate proxy,10.08,percent_per_annum,monthly,BIS_CBPOL,Central bank policy rates,https://stats.bis.org/api/v1/data/WS_CBPOL/,https://www.bis.org/statistics/cbpol/cbpol_doc.pdf,2026-08-31T14:34:21.955240Z,none
1996-11-30,china_policy_rate,china,CHN,,China policy-rate proxy,10.08,percent_per_annum,monthly,BIS_CBPOL,Central bank policy rates,https://stats.bis.org/api/v1/data/WS_CBPOL/,https://www.bis.org/statistics/cbpol/cbpol_doc.pdf,2026-08-31T14:34:21.955240Z,none
1996-12-31,china_policy_rate,china,CHN,,China policy-rate proxy,10.08,percent_per_annum,monthly,BIS_CBPOL,Central bank policy rates,https://stats.bis.org/api/v1/data/WS_CBPOL/,https://www.bis.org/statistics/cbpol/cbpol_doc.pdf,2026-08-31T14:34:21.955240Z,none
1997-01-31,china_policy_rate,china,CHN,,China policy-rate proxy,10.08,percent_per_annum,monthly,BIS_CBPOL,Central bank policy rates,https://stats.bis.org/api/v1/data/WS_CBPOL/,https://www.bis.org/statistics/cbpol/cbpol_doc.pdf,2026-08-31T14:34:21.955240Z,none
1997-02-28,china_policy_rate,china,CHN,,China policy-rate proxy,10.08,percent_per_annum,monthly,BIS_CBPOL,Central bank policy rates,https://stats.bis.org/api/v1/data/WS_CBPOL/,https://www.bis.org/statistics/cbpol/cbpol_doc.pdf,2026-08-31T14:34:21.955240Z,none
1997-03-31,china_policy_rate,china,CHN,,China policy-rate proxy,10.08,percent_per_annum,monthly,BIS_CBPOL,Central bank policy rates,https://stats.bis.org/api/v1/data/WS_CBPOL/,https://www.bis.org/statistics/cbpol/cbpol_doc.pdf,2026-08-31T14:34:21.955240Z,none
1997-04-30,china_policy_rate,china,CHN,,China policy-rate proxy,10.08,percent_per_annum,monthly,BIS_CBPOL,Central bank policy rates,https://stats.bis.org/api/v1/data/WS_CBPOL/,https://www.bis.org/statistics/cbpol/cbpol_doc.pdf,2026-08-31T14:34:21.955240Z,none
1997-05-31,china_policy_rate,china,CHN,,China policy-rate proxy,10.08,percent_per_annum,monthly,BIS_CBPOL,Central bank policy rates,https://stats.bis.org/api/v1/data/WS_CBPOL/,https://www.bis.org/statistics/cbpol/cbpol_doc.pdf,2026-08-31T14:34:21.955240Z,none
1997-06-30,china_policy_rate,china,CHN,,China policy-rate proxy,10.08,percent_per_annum,monthly,BIS_CBPOL,Central bank policy rates,https://stats.bis.org/api/v1/data/WS_CBPOL/,https://www.bis.org/statistics/cbpol/cbpol_doc.pdf,2026-08-31T14:34:21.955240Z,none
1997-07-31,china_policy_rate,china,CHN,,China policy-rate proxy,10.08,percent_per_annum,monthly,BIS_CBPOL,Central bank policy rates,https://stats.bis.org/api/v1/data/WS_CBPOL/,https://www.bis.org/statistics/cbpol/cbpol_doc.pdf,2026-08-31T14:34:21.955240Z,none
1997-08-31,china_policy_rate,china,CHN,,China policy-rate proxy,10.08,percent_per_annum,monthly,BIS_CBPOL,Central bank policy rates,https://stats.bis.org/api/v1/data/WS_CBPOL/,https://www.bis.org/statistics/cbpol/cbpol_doc.pdf,2026-08-31T14:34:21.955240Z,none
1997-09-30,china_policy_rate,china,CHN,,China policy-rate proxy,10.08,percent_per_annum,monthly,BIS_CBPOL,Central bank policy rates,https://stats.bis.org/api/v1/data/WS_CBPOL/,https://www.bis.org/statistics/cbpol/cbpol_doc.pdf,2026-08-31T14:34:21.955240Z,none
1997-10-31,china_policy_rate,china,CHN,,China policy-rate proxy,8.64,percent_per_annum,monthly,BIS_CBPOL,Central bank policy rates,https://stats.bis.org/api/v1/data/WS_CBPOL/,https://www.bis.org/statistics/cbpol/cbpol_doc.pdf,2026-08-31T14:34:21.955240Z,none
1997-11-30,china_policy_rate,china,CHN,,China policy-rate proxy,8.64,percent_per_annum,monthly,BIS_CBPOL,Central bank policy rates,https://stats.bis.org/api/v1/data/WS_CBPOL/,https://www.bis.org/statistics/cbpol/cbpol_doc.pdf,2026-08-31T14:34:21.955240Z,none
1997-12-31,china_policy_rate,china,CHN,,China policy-rate proxy,8.64,percent_per_annum,monthly,BIS_CBPOL,Central bank policy rates,https://stats.bis.org/api/v1/data/WS_CBPOL/,https://www.bis.org/statistics/cbpol/cbpol_doc.pdf,2026-08-31T14:34:21.955240Z,none
1998-01-31,china_policy_rate,china,CHN,,China policy-rate proxy,8.64,percent_per_annum,monthly,BIS_CBPOL,Central bank policy rates,https://stats.bis.org/api/v1/data/WS_CBPOL/,https://www.bis.org/statistics/cbpol/cbpol_doc.pdf,2026-08-31T14:34:21.955240Z,none
1998-02-28,china_policy_rate,china,CHN,,China policy-rate proxy,8.64,percent_per_annum,monthly,BIS_CBPOL,Central bank policy rates,https://stats.bis.org/api/v1/data/WS_CBPOL/,https://www.bis.org/statistics/cbpol/cbpol_doc.pdf,2026-08-31T14:34:21.955240Z,none
1998-03-31,china_policy_rate,china,CHN,,China policy-rate proxy,7.92,percent_per_annum,monthly,BIS_CBPOL,Central bank policy rates,https://stats.bis.org/api/v1/data/WS_CBPOL/,https://www.bis.org/statistics/cbpol/cbpol_doc.pdf,2026-08-31T14:34:21.955240Z,none
1998-04-30,china_policy_rate,china,CHN,,China policy-rate proxy,7.92,percent_per_annum,monthly,BIS_CBPOL,Central bank policy rates,https://stats.bis.org/api/v1/data/WS_CBPOL/,https://www.bis.org/statistics/cbpol/cbpol_doc.pdf,2026-08-31T14:34:21.955240Z,none
1998-05-31,china_policy_rate,china,CHN,,China policy-rate proxy,7.92,percent_per_annum,monthly,BIS_CBPOL,Central bank policy rates,https://stats.bis.org/api/v1/data/WS_CBPOL/,https://www.bis.org/statistics/cbpol/cbpol_doc.pdf,2026-08-31T14:34:21.955240Z,none
1998-06-30,china_policy_rate,china,CHN,,China policy-rate proxy,7.92,percent_per_annum,monthly,BIS_CBPOL,Central bank policy rates,https://stats.bis.org/api/v1/data/WS_CBPOL/,https://www.bis.org/statistics/cbpol/cbpol_doc.pdf,2026-08-31T14:34:21.955240Z,none
1998-07-31,china_policy_rate,china,CHN,,China policy-rate proxy,6.93,percent_per_annum,monthly,BIS_CBPOL,Central bank policy rates,https://stats.bis.org/api/v1/data/WS_CBPOL/,https://www.bis.org/statistics/cbpol/cbpol_doc.pdf,2026-08-31T14:34:21.955240Z,none
1998-08-31,china_policy_rate,china,CHN,,China policy-rate proxy,6.93,percent_per_annum,monthly,BIS_CBPOL,Central bank policy rates,https://stats.bis.org/api/v1/data/WS_CBPOL/,https://www.bis.org/statistics/cbpol/cbpol_doc.pdf,2026-08-31T14:34:21.955240Z,none
1998-09-30,china_policy_rate,china,CHN,,China policy-rate proxy,6.93,percent_per_annum,monthly,BIS_CBPOL,Central bank policy rates,https://stats.bis.org/api/v1/data/WS_CBPOL/,https://www.bis.org/statistics/cbpol/cbpol_doc.pdf,2026-08-31T14:34:21.955240Z,none
1998-10-31,china_policy_rate,china,CHN,,China policy-rate proxy,6.93,percent_per_annum,monthly,BIS_CBPOL,Central bank policy rates,https://stats.bis.org/api/v1/data/WS_CBPOL/,https://www.bis.org/statistics/cbpol/cbpol_doc.pdf,2026-08-31T14:34:21.955240Z,none
1998-11-30,china_policy_rate,china,CHN,,China policy-rate proxy,6.93,percent_per_annum,monthly,BIS_CBPOL,Central bank policy rates,https://stats.bis.org/api/v1/data/WS_CBPOL/,https://www.bis.org/statistics/cbpol/cbpol_doc.pdf,2026-08-31T14:34:21.955240Z,none
1998-12-31,china_policy_rate,china,CHN,,China policy-rate proxy,6.39,percent_per_annum,monthly,BIS_CBPOL,Central bank policy rates,https://stats.bis.org/api/v1/data/WS_CBPOL/,https://www.bis.org/statistics/cbpol/cbpol_doc.pdf,2026-08-31T14:34:21.955240Z,none
1999-01-31,china_policy_rate,china,CHN,,China policy-rate proxy,6.39,percent_per_annum,monthly,BIS_CBPOL,Central bank policy rates,https://stats.bis.org/api/v1/data/WS_CBPOL/,https://www.bis.org/statistics/cbpol/cbpol_doc.pdf,2026-08-31T14:34:21.955240Z,none
1999-02-28,china_policy_rate,china,CHN,,China policy-rate proxy,6.39,percent_per_annum,monthly,BIS_CBPOL,Central bank policy rates,https://stats.bis.org/api/v1/data/WS_CBPOL/,https://www.bis.org/statistics/cbpol/cbpol_doc.pdf,2026-08-31T14:34:21.955240Z,none
1999-03-31,china_policy_rate,china,CHN,,China policy-rate proxy,6.39,percent_per_annum,monthly,BIS_CBPOL,Central bank policy rates,https://stats.bis.org/api/v1/data/WS_CBPOL/,https://www.bis.org/statistics/cbpol/cbpol_doc.pdf,2026-08-31T14:34:21.955240Z,none
1999-04-30,china_policy_rate,china,CHN,,China policy-rate proxy,6.39,percent_per_annum,monthly,BIS_CBPOL,Central bank policy rates,https://stats.bis.org/api/v1/data/WS_CBPOL/,https://www.bis.org/statistics/cbpol/cbpol_doc.pdf,2026-08-31T14:34:21.955240Z,none
1999-05-31,china_policy_rate,china,CHN,,China policy-rate proxy,6.39,percent_per_annum,monthly,BIS_CBPOL,Central bank policy rates,https://stats.bis.org/api/v1/data/WS_CBPOL/,https://www.bis.org/statistics/cbpol/cbpol_doc.pdf,2026-08-31T14:34:21.955240Z,none
1999-06-30,china_policy_rate,china,CHN,,China policy-rate proxy,5.85,percent_per_annum,monthly,BIS_CBPOL,Central bank policy rates,https://stats.bis.org/api/v1/data/WS_CBPOL/,https://www.bis.org/statistics/cbpol/cbpol_doc.pdf,2026-08-31T14:34:21.955240Z,none
1999-07-31,china_policy_rate,china,CHN,,China policy-rate proxy,5.85,percent_per_annum,monthly,BIS_CBPOL,Central bank policy rates,https://stats.bis.org/api/v1/data/WS_CBPOL/,https://www.bis.org/statistics/cbpol/cbpol_doc.pdf,2026-08-31T14:34:21.955240Z,none
1999-08-31,china_policy_rate,china,CHN,,China policy-rate proxy,5.85,percent_per_annum,monthly,BIS_CBPOL,Central bank policy rates,https://stats.bis.org/api/v1/data/WS_CBPOL/,https://www.bis.org/statistics/cbpol/cbpol_doc.pdf,2026-08-31T14:34:21.955240Z,none
1999-09-30,china_policy_rate,china,CHN,,China policy-rate proxy,5.85,percent_per_annum,monthly,BIS_CBPOL,Central bank policy rates,https://stats.bis.org/api/v1/data/WS_CBPOL/,https://www.bis.org/statistics/cbpol/cbpol_doc.pdf,2026-08-31T14:34:21.955240Z,none
1999-10-31,china_policy_rate,china,CHN,,China policy-rate proxy,5.85,percent_per_annum,monthly,BIS_CBPOL,Central bank policy rates,https://stats.bis.org/api/v1/data/WS_CBPOL/,https://www.bis.org/statistics/cbpol/cbpol_doc.pdf,2026-08-31T14:34:21.955240Z,none
1999-11-30,china_policy_rate,china,CHN,,China policy-rate proxy,5.85,percent_per_annum,monthly,BIS_CBPOL,Central bank policy rates,https://stats.bis.org/api/v1/data/WS_CBPOL/,https://www.bis.org/statistics/cbpol/cbpol_doc.pdf,2026-08-31T14:34:21.955240Z,none
1999-12-31,china_policy_rate,china,CHN,,China policy-rate proxy,5.85,percent_per_annum,monthly,BIS_CBPOL,Central bank policy rates,https://stats.bis.org/api/v1/data/WS_CBPOL/,https://www.bis.org/statistics/cbpol/cbpol_doc.pdf,2026-08-31T14:34:21.955240Z,none
2000-01-31,china_policy_rate,china,CHN,,China policy-rate proxy,5.85,percent_per_annum,monthly,BIS_CBPOL,Central bank policy rates,https://stats.bis.org/api/v1/data/WS_CBPOL/,https://www.bis.org/statistics/cbpol/cbpol_doc.pdf,2026-08-31T14:34:21.955240Z,none
2000-02-29,china_policy_rate,china,CHN,,China policy-rate proxy,5.85,percent_per_annum,monthly,BIS_CBPOL,Central bank policy rates,https://stats.bis.org/api/v1/data/WS_CBPOL/,https://www.bis.org/statistics/cbpol/cbpol_doc.pdf,2026-08-31T14:34:21.955240Z,none
2000-03-31,china_policy_rate,china,CHN,,China policy-rate proxy,5.85,percent_per_annum,monthly,BIS_CBPOL,Central bank policy rates,https://stats.bis.org/api/v1/data/WS_CBPOL/,https://www.bis.org/statistics/cbpol/cbpol_doc.pdf,2026-08-31T14:34:21.955240Z,none
2000-04-30,china_policy_rate,china,CHN,,China policy-rate proxy,5.85,percent_per_annum,monthly,BIS_CBPOL,Central bank policy rates,https://stats.bis.org/api/v1/data/WS_CBPOL/,https://www.bis.org/statistics/cbpol/cbpol_doc.pdf,2026-08-31T14:34:21.955240Z,none
2000-05-31,china_policy_rate,china,CHN,,China policy-rate proxy,5.85,percent_per_annum,monthly,BIS_CBPOL,Central bank policy rates,https://stats.bis.org/api/v1/data/WS_CBPOL/,https://www.bis.org/statistics/cbpol/cbpol_doc.pdf,2026-08-31T14:34:21.955240Z,none
2000-06-30,china_policy_rate,china,CHN,,China policy-rate proxy,5.85,percent_per_annum,monthly,BIS_CBPOL,Central bank policy rates,https://stats.bis.org/api/v1/data/WS_CBPOL/,https://www.bis.org/statistics/cbpol/cbpol_doc.pdf,2026-08-31T14:34:21.955240Z,none
2000-07-31,china_policy_rate,china,CHN,,China policy-rate proxy,5.85,percent_per_annum,monthly,BIS_CBPOL,Central bank policy rates,https://stats.bis.org/api/v1/data/WS_CBPOL/,https://www.bis.org/statistics/cbpol/cbpol_doc.pdf,2026-08-31T14:34:21.955240Z,none
2000-08-31,china_policy_rate,china,CHN,,China policy-rate proxy,5.85,percent_per_annum,monthly,BIS_CBPOL,Central bank policy rates,https://stats.bis.org/api/v1/data/WS_CBPOL/,https://www.bis.org/statistics/cbpol/cbpol_doc.pdf,2026-08-31T14:34:21.955240Z,none
2000-09-30,china_policy_rate,china,CHN,,China policy-rate proxy,5.85,percent_per_annum,monthly,BIS_CBPOL,Central bank policy rates,https://stats.bis.org/api/v1/data/WS_CBPOL/,https://www.bis.org/statistics/cbpol/cbpol_doc.pdf,2026-08-31T14:34:21.955240Z,none
2000-10-31,china_policy_rate,china,CHN,,China policy-rate proxy,5.85,percent_per_annum,monthly,BIS_CBPOL,Central bank policy rates,https://stats.bis.org/api/v1/data/WS_CBPOL/,https://www.bis.org/statistics/cbpol/cbpol_doc.pdf,2026-08-31T14:34:21.955240Z,none
2000-11-30,china_policy_rate,china,CHN,,China policy-rate proxy,5.85,percent_per_annum,monthly,BIS_CBPOL,Central bank policy rates,https://stats.bis.org/api/v1/data/WS_CBPOL/,https://www.bis.org/statistics/cbpol/cbpol_doc.pdf,2026-08-31T14:34:21.955240Z,none
2000-12-31,china_policy_rate,china,CHN,,China policy-rate proxy,5.85,percent_per_annum,monthly,BIS_CBPOL,Central bank policy rates,https://stats.bis.org/api/v1/data/WS_CBPOL/,https://www.bis.org/statistics/cbpol/cbpol_doc.pdf,2026-08-31T14:34:21.955240Z,none
2001-01-31,china_policy_rate,china,CHN,,China policy-rate proxy,5.85,percent_per_annum,monthly,BIS_CBPOL,Central bank policy rates,https://stats.bis.org/api/v1/data/WS_CBPOL/,https://www.bis.org/statistics/cbpol/cbpol_doc.pdf,2026-08-31T14:34:21.955240Z,none
2001-02-28,china_policy_rate,china,CHN,,China policy-rate proxy,5.85,percent_per_annum,monthly,BIS_CBPOL,Central bank policy rates,https://stats.bis.org/api/v1/data/WS_CBPOL/,https://www.bis.org/statistics/cbpol/cbpol_doc.pdf,2026-08-31T14:34:21.955240Z,none
2001-03-31,china_policy_rate,china,CHN,,China policy-rate proxy,5.85,percent_per_annum,monthly,BIS_CBPOL,Central bank policy rates,https://stats.bis.org/api/v1/data/WS_CBPOL/,https://www.bis.org/statistics/cbpol/cbpol_doc.pdf,2026-08-31T14:34:21.955240Z,none
2001-04-30,china_policy_rate,china,CHN,,China policy-rate proxy,5.85,percent_per_annum,monthly,BIS_CBPOL,Central bank policy rates,https://stats.bis.org/api/v1/data/WS_CBPOL/,https://www.bis.org/statistics/cbpol/cbpol_doc.pdf,2026-08-31T14:34:21.955240Z,none
2001-05-31,china_policy_rate,china,CHN,,China policy-rate proxy,5.85,percent_per_annum,monthly,BIS_CBPOL,Central bank policy rates,https://stats.bis.org/api/v1/data/WS_CBPOL/,https://www.bis.org/statistics/cbpol/cbpol_doc.pdf,2026-08-31T14:34:21.955240Z,none
2001-06-30,china_policy_rate,china,CHN,,China policy-rate proxy,5.85,percent_per_annum,monthly,BIS_CBPOL,Central bank policy rates,https://stats.bis.org/api/v1/data/WS_CBPOL/,https://www.bis.org/statistics/cbpol/cbpol_doc.pdf,2026-08-31T14:34:21.955240Z,none
2001-07-31,china_policy_rate,china,CHN,,China policy-rate proxy,5.85,percent_per_annum,monthly,BIS_CBPOL,Central bank policy rates,https://stats.bis.org/api/v1/data/WS_CBPOL/,https://www.bis.org/statistics/cbpol/cbpol_doc.pdf,2026-08-31T14:34:21.955240Z,none
2001-08-31,china_policy_rate,china,CHN,,China policy-rate proxy,5.85,percent_per_annum,monthly,BIS_CBPOL,Central bank policy rates,https://stats.bis.org/api/v1/data/WS_CBPOL/,https://www.bis.org/statistics/cbpol/cbpol_doc.pdf,2026-08-31T14:34:21.955240Z,none
2001-09-30,china_policy_rate,china,CHN,,China policy-rate proxy,5.85,percent_per_annum,monthly,BIS_CBPOL,Central bank policy rates,https://stats.bis.org/api/v1/data/WS_CBPOL/,https://www.bis.org/statistics/cbpol/cbpol_doc.pdf,2026-08-31T14:34:21.955240Z,none
2001-10-31,china_policy_rate,china,CHN,,China policy-rate proxy,5.85,percent_per_annum,monthly,BIS_CBPOL,Central bank policy rates,https://stats.bis.org/api/v1/data/WS_CBPOL/,https://www.bis.org/statistics/cbpol/cbpol_doc.pdf,2026-08-31T14:34:21.955240Z,none
2001-11-30,china_policy_rate,china,CHN,,China policy-rate proxy,5.85,percent_per_annum,monthly,BIS_CBPOL,Central bank policy rates,https://stats.bis.org/api/v1/data/WS_CBPOL/,https://www.bis.org/statistics/cbpol/cbpol_doc.pdf,2026-08-31T14:34:21.955240Z,none
2001-12-31,china_policy_rate,china,CHN,,China policy-rate proxy,5.85,percent_per_annum,monthly,BIS_CBPOL,Central bank policy rates,https://stats.bis.org/api/v1/data/WS_CBPOL/,https://www.bis.org/statistics/cbpol/cbpol_doc.pdf,2026-08-31T14:34:21.955240Z,none
2002-01-31,china_policy_rate,china,CHN,,China policy-rate proxy,5.85,percent_per_annum,monthly,BIS_CBPOL,Central bank policy rates,https://stats.bis.org/api/v1/data/WS_CBPOL/,https://www.bis.org/statistics/cbpol/cbpol_doc.pdf,2026-08-31T14:34:21.955240Z,none
2002-02-28,china_policy_rate,china,CHN,,China policy-rate proxy,5.31,percent_per_annum,monthly,BIS_CBPOL,Central bank policy rates,https://stats.bis.org/api/v1/data/WS_CBPOL/,https://www.bis.org/statistics/cbpol/cbpol_doc.pdf,2026-08-31T14:34:21.955240Z,none
2002-03-31,china_policy_rate,china,CHN,,China policy-rate proxy,5.31,percent_per_annum,monthly,BIS_CBPOL,Central bank policy rates,https://stats.bis.org/api/v1/data/WS_CBPOL/,https://www.bis.org/statistics/cbpol/cbpol_doc.pdf,2026-08-31T14:34:21.955240Z,none
2002-04-30,china_policy_rate,china,CHN,,China policy-rate proxy,5.31,percent_per_annum,monthly,BIS_CBPOL,Central bank policy rates,https://stats.bis.org/api/v1/data/WS_CBPOL/,https://www.bis.org/statistics/cbpol/cbpol_doc.pdf,2026-08-31T14:34:21.955240Z,none
2002-05-31,china_policy_rate,china,CHN,,China policy-rate proxy,5.31,percent_per_annum,monthly,BIS_CBPOL,Central bank policy rates,https://stats.bis.org/api/v1/data/WS_CBPOL/,https://www.bis.org/statistics/cbpol/cbpol_doc.pdf,2026-08-31T14:34:21.955240Z,none
2002-06-30,china_policy_rate,china,CHN,,China policy-rate proxy,5.31,percent_per_annum,monthly,BIS_CBPOL,Central bank policy rates,https://stats.bis.org/api/v1/data/WS_CBPOL/,https://www.bis.org/statistics/cbpol/cbpol_doc.pdf,2026-08-31T14:34:21.955240Z,none
2002-07-31,china_policy_rate,china,CHN,,China policy-rate proxy,5.31,percent_per_annum,monthly,BIS_CBPOL,Central bank policy rates,https://stats.bis.org/api/v1/data/WS_CBPOL/,https://www.bis.org/statistics/cbpol/cbpol_doc.pdf,2026-08-31T14:34:21.955240Z,none
2002-08-31,china_policy_rate,china,CHN,,China policy-rate proxy,5.31,percent_per_annum,monthly,BIS_CBPOL,Central bank policy rates,https://stats.bis.org/api/v1/data/WS_CBPOL/,https://www.bis.org/statistics/cbpol/cbpol_doc.pdf,2026-08-31T14:34:21.955240Z,none
2002-09-30,china_policy_rate,china,CHN,,China policy-rate proxy,5.31,percent_per_annum,monthly,BIS_CBPOL,Central bank policy rates,https://stats.bis.org/api/v1/data/WS_CBPOL/,https://www.bis.org/statistics/cbpol/cbpol_doc.pdf,2026-08-31T14:34:21.955240Z,none
2002-10-31,china_policy_rate,china,CHN,,China policy-rate proxy,5.31,percent_per_annum,monthly,BIS_CBPOL,Central bank policy rates,https://stats.bis.org/api/v1/data/WS_CBPOL/,https://www.bis.org/statistics/cbpol/cbpol_doc.pdf,2026-08-31T14:34:21.955240Z,none
2002-11-30,china_policy_rate,china,CHN,,China policy-rate proxy,5.31,percent_per_annum,monthly,BIS_CBPOL,Central bank policy rates,https://stats.bis.org/api/v1/data/WS_CBPOL/,https://www.bis.org/statistics/cbpol/cbpol_doc.pdf,2026-08-31T14:34:21.955240Z,none
2002-12-31,china_policy_rate,china,CHN,,China policy-rate proxy,5.31,percent_per_annum,monthly,BIS_CBPOL,Central bank policy rates,https://stats.bis.org/api/v1/data/WS_CBPOL/,https://www.bis.org/statistics/cbpol/cbpol_doc.pdf,2026-08-31T14:34:21.955240Z,none
2003-01-31,china_policy_rate,china,CHN,,China policy-rate proxy,5.31,percent_per_annum,monthly,BIS_CBPOL,Central bank policy rates,https://stats.bis.org/api/v1/data/WS_CBPOL/,https://www.bis.org/statistics/cbpol/cbpol_doc.pdf,2026-08-31T14:34:21.955240Z,none
2003-02-28,china_policy_rate,china,CHN,,China policy-rate proxy,5.31,percent_per_annum,monthly,BIS_CBPOL,Central bank policy rates,https://stats.bis.org/api/v1/data/WS_CBPOL/,https://www.bis.org/statistics/cbpol/cbpol_doc.pdf,2026-08-31T14:34:21.955240Z,none
2003-03-31,china_policy_rate,china,CHN,,China policy-rate proxy,5.31,percent_per_annum,monthly,BIS_CBPOL,Central bank policy rates,https://stats.bis.org/api/v1/data/WS_CBPOL/,https://www.bis.org/statistics/cbpol/cbpol_doc.pdf,2026-08-31T14:34:21.955240Z,none
2003-04-30,china_policy_rate,china,CHN,,China policy-rate proxy,5.31,percent_per_annum,monthly,BIS_CBPOL,Central bank policy rates,https://stats.bis.org/api/v1/data/WS_CBPOL/,https://www.bis.org/statistics/cbpol/cbpol_doc.pdf,2026-08-31T14:34:21.955240Z,none
2003-05-31,china_policy_rate,china,CHN,,China policy-rate proxy,5.31,percent_per_annum,monthly,BIS_CBPOL,Central bank policy rates,https://stats.bis.org/api/v1/data/WS_CBPOL/,https://www.bis.org/statistics/cbpol/cbpol_doc.pdf,2026-08-31T14:34:21.955240Z,none
2003-06-30,china_policy_rate,china,CHN,,China policy-rate proxy,5.31,percent_per_annum,monthly,BIS_CBPOL,Central bank policy rates,https://stats.bis.org/api/v1/data/WS_CBPOL/,https://www.bis.org/statistics/cbpol/cbpol_doc.pdf,2026-08-31T14:34:21.955240Z,none
2003-07-31,china_policy_rate,china,CHN,,China policy-rate proxy,5.31,percent_per_annum,monthly,BIS_CBPOL,Central bank policy rates,https://stats.bis.org/api/v1/data/WS_CBPOL/,https://www.bis.org/statistics/cbpol/cbpol_doc.pdf,2026-08-31T14:34:21.955240Z,none
2003-08-31,china_policy_rate,china,CHN,,China policy-rate proxy,5.31,percent_per_annum,monthly,BIS_CBPOL,Central bank policy rates,https://stats.bis.org/api/v1/data/WS_CBPOL/,https://www.bis.org/statistics/cbpol/cbpol_doc.pdf,2026-08-31T14:34:21.955240Z,none
2003-09-30,china_policy_rate,china,CHN,,China policy-rate proxy,5.31,percent_per_annum,monthly,BIS_CBPOL,Central bank policy rates,https://stats.bis.org/api/v1/data/WS_CBPOL/,https://www.bis.org/statistics/cbpol/cbpol_doc.pdf,2026-08-31T14:34:21.955240Z,none
2003-10-31,china_policy_rate,china,CHN,,China policy-rate proxy,5.31,percent_per_annum,monthly,BIS_CBPOL,Central bank policy rates,https://stats.bis.org/api/v1/data/WS_CBPOL/,https://www.bis.org/statistics/cbpol/cbpol_doc.pdf,2026-08-31T14:34:21.955240Z,none
2003-11-30,china_policy_rate,china,CHN,,China policy-rate proxy,5.31,percent_per_annum,monthly,BIS_CBPOL,Central bank policy rates,https://stats.bis.org/api/v1/data/WS_CBPOL/,https://www.bis.org/statistics/cbpol/cbpol_doc.pdf,2026-08-31T14:34:21.955240Z,none
2003-12-31,china_policy_rate,china,CHN,,China policy-rate proxy,5.31,percent_per_annum,monthly,BIS_CBPOL,Central bank policy rates,https://stats.bis.org/api/v1/data/WS_CBPOL/,https://www.bis.org/statistics/cbpol/cbpol_doc.pdf,2026-08-31T14:34:21.955240Z,none
2004-01-31,china_policy_rate,china,CHN,,China policy-rate proxy,5.31,percent_per_annum,monthly,BIS_CBPOL,Central bank policy rates,https://stats.bis.org/api/v1/data/WS_CBPOL/,https://www.bis.org/statistics/cbpol/cbpol_doc.pdf,2026-08-31T14:34:21.955240Z,none
2004-02-29,china_policy_rate,china,CHN,,China policy-rate proxy,5.31,percent_per_annum,monthly,BIS_CBPOL,Central bank policy rates,https://stats.bis.org/api/v1/data/WS_CBPOL/,https://www.bis.org/statistics/cbpol/cbpol_doc.pdf,2026-08-31T14:34:21.955240Z,none
2004-03-31,china_policy_rate,china,CHN,,China policy-rate proxy,5.31,percent_per_annum,monthly,BIS_CBPOL,Central bank policy rates,https://stats.bis.org/api/v1/data/WS_CBPOL/,https://www.bis.org/statistics/cbpol/cbpol_doc.pdf,2026-08-31T14:34:21.955240Z,none
2004-04-30,china_policy_rate,china,CHN,,China policy-rate proxy,5.31,percent_per_annum,monthly,BIS_CBPOL,Central bank policy rates,https://stats.bis.org/api/v1/data/WS_CBPOL/,https://www.bis.org/statistics/cbpol/cbpol_doc.pdf,2026-08-31T14:34:21.955240Z,none
2004-05-31,china_policy_rate,china,CHN,,China policy-rate proxy,5.31,percent_per_annum,monthly,BIS_CBPOL,Central bank policy rates,https://stats.bis.org/api/v1/data/WS_CBPOL/,https://www.bis.org/statistics/cbpol/cbpol_doc.pdf,2026-08-31T14:34:21.955240Z,none
2004-06-30,china_policy_rate,china,CHN,,China policy-rate proxy,5.31,percent_per_annum,monthly,BIS_CBPOL,Central bank policy rates,https://stats.bis.org/api/v1/data/WS_CBPOL/,https://www.bis.org/statistics/cbpol/cbpol_doc.pdf,2026-08-31T14:34:21.955240Z,none
2004-07-31,china_policy_rate,china,CHN,,China policy-rate proxy,5.31,percent_per_annum,monthly,BIS_CBPOL,Central bank policy rates,https://stats.bis.org/api/v1/data/WS_CBPOL/,https://www.bis.org/statistics/cbpol/cbpol_doc.pdf,2026-08-31T14:34:21.955240Z,none
2004-08-31,china_policy_rate,china,CHN,,China policy-rate proxy,5.31,percent_per_annum,monthly,BIS_CBPOL,Central bank policy rates,https://stats.bis.org/api/v1/data/WS_CBPOL/,https://www.bis.org/statistics/cbpol/cbpol_doc.pdf,2026-08-31T14:34:21.955240Z,none
2004-09-30,china_policy_rate,china,CHN,,China policy-rate proxy,5.31,percent_per_annum,monthly,BIS_CBPOL,Central bank policy rates,https://stats.bis.org/api/v1/data/WS_CBPOL/,https://www.bis.org/statistics/cbpol/cbpol_doc.pdf,2026-08-31T14:34:21.955240Z,none
2004-10-31,china_policy_rate,china,CHN,,China policy-rate proxy,5.58,percent_per_annum,monthly,BIS_CBPOL,Central bank policy rates,https://stats.bis.org/api/v1/data/WS_CBPOL/,https://www.bis.org/statistics/cbpol/cbpol_doc.pdf,2026-08-31T14:34:21.955240Z,none
2004-11-30,china_policy_rate,china,CHN,,China policy-rate proxy,5.58,percent_per_annum,monthly,BIS_CBPOL,Central bank policy rates,https://stats.bis.org/api/v1/data/WS_CBPOL/,https://www.bis.org/statistics/cbpol/cbpol_doc.pdf,2026-08-31T14:34:21.955240Z,none
2004-12-31,china_policy_rate,china,CHN,,China policy-rate proxy,5.58,percent_per_annum,monthly,BIS_CBPOL,Central bank policy rates,https://stats.bis.org/api/v1/data/WS_CBPOL/,https://www.bis.org/statistics/cbpol/cbpol_doc.pdf,2026-08-31T14:34:21.955240Z,none
2005-01-31,china_policy_rate,china,CHN,,China policy-rate proxy,5.58,percent_per_annum,monthly,BIS_CBPOL,Central bank policy rates,https://stats.bis.org/api/v1/data/WS_CBPOL/,https://www.bis.org/statistics/cbpol/cbpol_doc.pdf,2026-08-31T14:34:21.955240Z,none
2005-02-28,china_policy_rate,china,CHN,,China policy-rate proxy,5.58,percent_per_annum,monthly,BIS_CBPOL,Central bank policy rates,https://stats.bis.org/api/v1/data/WS_CBPOL/,https://www.bis.org/statistics/cbpol/cbpol_doc.pdf,2026-08-31T14:34:21.955240Z,none
2005-03-31,china_policy_rate,china,CHN,,China policy-rate proxy,5.58,percent_per_annum,monthly,BIS_CBPOL,Central bank policy rates,https://stats.bis.org/api/v1/data/WS_CBPOL/,https://www.bis.org/statistics/cbpol/cbpol_doc.pdf,2026-08-31T14:34:21.955240Z,none
2005-04-30,china_policy_rate,china,CHN,,China policy-rate proxy,5.58,percent_per_annum,monthly,BIS_CBPOL,Central bank policy rates,https://stats.bis.org/api/v1/data/WS_CBPOL/,https://www.bis.org/statistics/cbpol/cbpol_doc.pdf,2026-08-31T14:34:21.955240Z,none
2005-05-31,china_policy_rate,china,CHN,,China policy-rate proxy,5.58,percent_per_annum,monthly,BIS_CBPOL,Central bank policy rates,https://stats.bis.org/api/v1/data/WS_CBPOL/,https://www.bis.org/statistics/cbpol/cbpol_doc.pdf,2026-08-31T14:34:21.955240Z,none
2005-06-30,china_policy_rate,china,CHN,,China policy-rate proxy,5.58,percent_per_annum,monthly,BIS_CBPOL,Central bank policy rates,https://stats.bis.org/api/v1/data/WS_CBPOL/,https://www.bis.org/statistics/cbpol/cbpol_doc.pdf,2026-08-31T14:34:21.955240Z,none
2005-07-31,china_policy_rate,china,CHN,,China policy-rate proxy,5.58,percent_per_annum,monthly,BIS_CBPOL,Central bank policy rates,https://stats.bis.org/api/v1/data/WS_CBPOL/,https://www.bis.org/statistics/cbpol/cbpol_doc.pdf,2026-08-31T14:34:21.955240Z,none
2005-08-31,china_policy_rate,china,CHN,,China policy-rate proxy,5.58,percent_per_annum,monthly,BIS_CBPOL,Central bank policy rates,https://stats.bis.org/api/v1/data/WS_CBPOL/,https://www.bis.org/statistics/cbpol/cbpol_doc.pdf,2026-08-31T14:34:21.955240Z,none
2005-09-30,china_policy_rate,china,CHN,,China policy-rate proxy,5.58,percent_per_annum,monthly,BIS_CBPOL,Central bank policy rates,https://stats.bis.org/api/v1/data/WS_CBPOL/,https://www.bis.org/statistics/cbpol/cbpol_doc.pdf,2026-08-31T14:34:21.955240Z,none
2005-10-31,china_policy_rate,china,CHN,,China policy-rate proxy,5.58,percent_per_annum,monthly,BIS_CBPOL,Central bank policy rates,https://stats.bis.org/api/v1/data/WS_CBPOL/,https://www.bis.org/statistics/cbpol/cbpol_doc.pdf,2026-08-31T14:34:21.955240Z,none
2005-11-30,china_policy_rate,china,CHN,,China policy-rate proxy,5.58,percent_per_annum,monthly,BIS_CBPOL,Central bank policy rates,https://stats.bis.org/api/v1/data/WS_CBPOL/,https://www.bis.org/statistics/cbpol/cbpol_doc.pdf,2026-08-31T14:34:21.955240Z,none
2005-12-31,china_policy_rate,china,CHN,,China policy-rate proxy,5.58,percent_per_annum,monthly,BIS_CBPOL,Central bank policy rates,https://stats.bis.org/api/v1/data/WS_CBPOL/,https://www.bis.org/statistics/cbpol/cbpol_doc.pdf,2026-08-31T14:34:21.955240Z,none
2006-01-31,china_policy_rate,china,CHN,,China policy-rate proxy,5.58,percent_per_annum,monthly,BIS_CBPOL,Central bank policy rates,https://stats.bis.org/api/v1/data/WS_CBPOL/,https://www.bis.org/statistics/cbpol/cbpol_doc.pdf,2026-08-31T14:34:21.955240Z,none
2006-02-28,china_policy_rate,china,CHN,,China policy-rate proxy,5.58,percent_per_annum,monthly,BIS_CBPOL,Central bank policy rates,https://stats.bis.org/api/v1/data/WS_CBPOL/,https://www.bis.org/statistics/cbpol/cbpol_doc.pdf,2026-08-31T14:34:21.955240Z,none
2006-03-31,china_policy_rate,china,CHN,,China policy-rate proxy,5.58,percent_per_annum,monthly,BIS_CBPOL,Central bank policy rates,https://stats.bis.org/api/v1/data/WS_CBPOL/,https://www.bis.org/statistics/cbpol/cbpol_doc.pdf,2026-08-31T14:34:21.955240Z,none
2006-04-30,china_policy_rate,china,CHN,,China policy-rate proxy,5.85,percent_per_annum,monthly,BIS_CBPOL,Central bank policy rates,https://stats.bis.org/api/v1/data/WS_CBPOL/,https://www.bis.org/statistics/cbpol/cbpol_doc.pdf,2026-08-31T14:34:21.955240Z,none
2006-05-31,china_policy_rate,china,CHN,,China policy-rate proxy,5.85,percent_per_annum,monthly,BIS_CBPOL,Central bank policy rates,https://stats.bis.org/api/v1/data/WS_CBPOL/,https://www.bis.org/statistics/cbpol/cbpol_doc.pdf,2026-08-31T14:34:21.955240Z,none
2006-06-30,china_policy_rate,china,CHN,,China policy-rate proxy,5.85,percent_per_annum,monthly,BIS_CBPOL,Central bank policy rates,https://stats.bis.org/api/v1/data/WS_CBPOL/,https://www.bis.org/statistics/cbpol/cbpol_doc.pdf,2026-08-31T14:34:21.955240Z,none
2006-07-31,china_policy_rate,china,CHN,,China policy-rate proxy,5.85,percent_per_annum,monthly,BIS_CBPOL,Central bank policy rates,https://stats.bis.org/api/v1/data/WS_CBPOL/,https://www.bis.org/statistics/cbpol/cbpol_doc.pdf,2026-08-31T14:34:21.955240Z,none
2006-08-31,china_policy_rate,china,CHN,,China policy-rate proxy,6.12,percent_per_annum,monthly,BIS_CBPOL,Central bank policy rates,https://stats.bis.org/api/v1/data/WS_CBPOL/,https://www.bis.org/statistics/cbpol/cbpol_doc.pdf,2026-08-31T14:34:21.955240Z,none
2006-09-30,china_policy_rate,china,CHN,,China policy-rate proxy,6.12,percent_per_annum,monthly,BIS_CBPOL,Central bank policy rates,https://stats.bis.org/api/v1/data/WS_CBPOL/,https://www.bis.org/statistics/cbpol/cbpol_doc.pdf,2026-08-31T14:34:21.955240Z,none
2006-10-31,china_policy_rate,china,CHN,,China policy-rate proxy,6.12,percent_per_annum,monthly,BIS_CBPOL,Central bank policy rates,https://stats.bis.org/api/v1/data/WS_CBPOL/,https://www.bis.org/statistics/cbpol/cbpol_doc.pdf,2026-08-31T14:34:21.955240Z,none
2006-11-30,china_policy_rate,china,CHN,,China policy-rate proxy,6.12,percent_per_annum,monthly,BIS_CBPOL,Central bank policy rates,https://stats.bis.org/api/v1/data/WS_CBPOL/,https://www.bis.org/statistics/cbpol/cbpol_doc.pdf,2026-08-31T14:34:21.955240Z,none
2006-12-31,china_policy_rate,china,CHN,,China policy-rate proxy,6.12,percent_per_annum,monthly,BIS_CBPOL,Central bank policy rates,https://stats.bis.org/api/v1/data/WS_CBPOL/,https://www.bis.org/statistics/cbpol/cbpol_doc.pdf,2026-08-31T14:34:21.955240Z,none
2007-01-31,china_policy_rate,china,CHN,,China policy-rate proxy,6.12,percent_per_annum,monthly,BIS_CBPOL,Central bank policy rates,https://stats.bis.org/api/v1/data/WS_CBPOL/,https://www.bis.org/statistics/cbpol/cbpol_doc.pdf,2026-08-31T14:34:21.955240Z,none
2007-02-28,china_policy_rate,china,CHN,,China policy-rate proxy,6.12,percent_per_annum,monthly,BIS_CBPOL,Central bank policy rates,https://stats.bis.org/api/v1/data/WS_CBPOL/,https://www.bis.org/statistics/cbpol/cbpol_doc.pdf,2026-08-31T14:34:21.955240Z,none
2007-03-31,china_policy_rate,china,CHN,,China policy-rate proxy,6.39,percent_per_annum,monthly,BIS_CBPOL,Central bank policy rates,https://stats.bis.org/api/v1/data/WS_CBPOL/,https://www.bis.org/statistics/cbpol/cbpol_doc.pdf,2026-08-31T14:34:21.955240Z,none
2007-04-30,china_policy_rate,china,CHN,,China policy-rate proxy,6.39,percent_per_annum,monthly,BIS_CBPOL,Central bank policy rates,https://stats.bis.org/api/v1/data/WS_CBPOL/,https://www.bis.org/statistics/cbpol/cbpol_doc.pdf,2026-08-31T14:34:21.955240Z,none
2007-05-31,china_policy_rate,china,CHN,,China policy-rate proxy,6.57,percent_per_annum,monthly,BIS_CBPOL,Central bank policy rates,https://stats.bis.org/api/v1/data/WS_CBPOL/,https://www.bis.org/statistics/cbpol/cbpol_doc.pdf,2026-08-31T14:34:21.955240Z,none
2007-06-30,china_policy_rate,china,CHN,,China policy-rate proxy,6.57,percent_per_annum,monthly,BIS_CBPOL,Central bank policy rates,https://stats.bis.org/api/v1/data/WS_CBPOL/,https://www.bis.org/statistics/cbpol/cbpol_doc.pdf,2026-08-31T14:34:21.955240Z,none
2007-07-31,china_policy_rate,china,CHN,,China policy-rate proxy,6.84,percent_per_annum,monthly,BIS_CBPOL,Central bank policy rates,https://stats.bis.org/api/v1/data/WS_CBPOL/,https://www.bis.org/statistics/cbpol/cbpol_doc.pdf,2026-08-31T14:34:21.955240Z,none
2007-08-31,china_policy_rate,china,CHN,,China policy-rate proxy,7.02,percent_per_annum,monthly,BIS_CBPOL,Central bank policy rates,https://stats.bis.org/api/v1/data/WS_CBPOL/,https://www.bis.org/statistics/cbpol/cbpol_doc.pdf,2026-08-31T14:34:21.955240Z,none
2007-09-30,china_policy_rate,china,CHN,,China policy-rate proxy,7.29,percent_per_annum,monthly,BIS_CBPOL,Central bank policy rates,https://stats.bis.org/api/v1/data/WS_CBPOL/,https://www.bis.org/statistics/cbpol/cbpol_doc.pdf,2026-08-31T14:34:21.955240Z,none
2007-10-31,china_policy_rate,china,CHN,,China policy-rate proxy,7.29,percent_per_annum,monthly,BIS_CBPOL,Central bank policy rates,https://stats.bis.org/api/v1/data/WS_CBPOL/,https://www.bis.org/statistics/cbpol/cbpol_doc.pdf,2026-08-31T14:34:21.955240Z,none
2007-11-30,china_policy_rate,china,CHN,,China policy-rate proxy,7.29,percent_per_annum,monthly,BIS_CBPOL,Central bank policy rates,https://stats.bis.org/api/v1/data/WS_CBPOL/,https://www.bis.org/statistics/cbpol/cbpol_doc.pdf,2026-08-31T14:34:21.955240Z,none
2007-12-31,china_policy_rate,china,CHN,,China policy-rate proxy,7.47,percent_per_annum,monthly,BIS_CBPOL,Central bank policy rates,https://stats.bis.org/api/v1/data/WS_CBPOL/,https://www.bis.org/statistics/cbpol/cbpol_doc.pdf,2026-08-31T14:34:21.955240Z,none
2008-01-31,china_policy_rate,china,CHN,,China policy-rate proxy,7.47,percent_per_annum,monthly,BIS_CBPOL,Central bank policy rates,https://stats.bis.org/api/v1/data/WS_CBPOL/,https://www.bis.org/statistics/cbpol/cbpol_doc.pdf,2026-08-31T14:34:21.955240Z,none
2008-02-29,china_policy_rate,china,CHN,,China policy-rate proxy,7.47,percent_per_annum,monthly,BIS_CBPOL,Central bank policy rates,https://stats.bis.org/api/v1/data/WS_CBPOL/,https://www.bis.org/statistics/cbpol/cbpol_doc.pdf,2026-08-31T14:34:21.955240Z,none
2008-03-31,china_policy_rate,china,CHN,,China policy-rate proxy,7.47,percent_per_annum,monthly,BIS_CBPOL,Central bank policy rates,https://stats.bis.org/api/v1/data/WS_CBPOL/,https://www.bis.org/statistics/cbpol/cbpol_doc.pdf,2026-08-31T14:34:21.955240Z,none
2008-04-30,china_policy_rate,china,CHN,,China policy-rate proxy,7.47,percent_per_annum,monthly,BIS_CBPOL,Central bank policy rates,https://stats.bis.org/api/v1/data/WS_CBPOL/,https://www.bis.org/statistics/cbpol/cbpol_doc.pdf,2026-08-31T14:34:21.955240Z,none
2008-05-31,china_policy_rate,china,CHN,,China policy-rate proxy,7.47,percent_per_annum,monthly,BIS_CBPOL,Central bank policy rates,https://stats.bis.org/api/v1/data/WS_CBPOL/,https://www.bis.org/statistics/cbpol/cbpol_doc.pdf,2026-08-31T14:34:21.955240Z,none
2008-06-30,china_policy_rate,china,CHN,,China policy-rate proxy,7.47,percent_per_annum,monthly,BIS_CBPOL,Central bank policy rates,https://stats.bis.org/api/v1/data/WS_CBPOL/,https://www.bis.org/statistics/cbpol/cbpol_doc.pdf,2026-08-31T14:34:21.955240Z,none
2008-07-31,china_policy_rate,china,CHN,,China policy-rate proxy,7.47,percent_per_annum,monthly,BIS_CBPOL,Central bank policy rates,https://stats.bis.org/api/v1/data/WS_CBPOL/,https://www.bis.org/statistics/cbpol/cbpol_doc.pdf,2026-08-31T14:34:21.955240Z,none
2008-08-31,china_policy_rate,china,CHN,,China policy-rate proxy,7.47,percent_per_annum,monthly,BIS_CBPOL,Central bank policy rates,https://stats.bis.org/api/v1/data/WS_CBPOL/,https://www.bis.org/statistics/cbpol/cbpol_doc.pdf,2026-08-31T14:34:21.955240Z,none
2008-09-30,china_policy_rate,china,CHN,,China policy-rate proxy,7.2,percent_per_annum,monthly,BIS_CBPOL,Central bank policy rates,https://stats.bis.org/api/v1/data/WS_CBPOL/,https://www.bis.org/statistics/cbpol/cbpol_doc.pdf,2026-08-31T14:34:21.955240Z,none
2008-10-31,china_policy_rate,china,CHN,,China policy-rate proxy,6.66,percent_per_annum,monthly,BIS_CBPOL,Central bank policy rates,https://stats.bis.org/api/v1/data/WS_CBPOL/,https://www.bis.org/statistics/cbpol/cbpol_doc.pdf,2026-08-31T14:34:21.955240Z,none
2008-11-30,china_policy_rate,china,CHN,,China policy-rate proxy,5.58,percent_per_annum,monthly,BIS_CBPOL,Central bank policy rates,https://stats.bis.org/api/v1/data/WS_CBPOL/,https://www.bis.org/statistics/cbpol/cbpol_doc.pdf,2026-08-31T14:34:21.955240Z,none
2008-12-31,china_policy_rate,china,CHN,,China policy-rate proxy,5.31,percent_per_annum,monthly,BIS_CBPOL,Central bank policy rates,https://stats.bis.org/api/v1/data/WS_CBPOL/,https://www.bis.org/statistics/cbpol/cbpol_doc.pdf,2026-08-31T14:34:21.955240Z,none
2009-01-31,china_policy_rate,china,CHN,,China policy-rate proxy,5.31,percent_per_annum,monthly,BIS_CBPOL,Central bank policy rates,https://stats.bis.org/api/v1/data/WS_CBPOL/,https://www.bis.org/statistics/cbpol/cbpol_doc.pdf,2026-08-31T14:34:21.955240Z,none
2009-02-28,china_policy_rate,china,CHN,,China policy-rate proxy,5.31,percent_per_annum,monthly,BIS_CBPOL,Central bank policy rates,https://stats.bis.org/api/v1/data/WS_CBPOL/,https://www.bis.org/statistics/cbpol/cbpol_doc.pdf,2026-08-31T14:34:21.955240Z,none
2009-03-31,china_policy_rate,china,CHN,,China policy-rate proxy,5.31,percent_per_annum,monthly,BIS_CBPOL,Central bank policy rates,https://stats.bis.org/api/v1/data/WS_CBPOL/,https://www.bis.org/statistics/cbpol/cbpol_doc.pdf,2026-08-31T14:34:21.955240Z,none
2009-04-30,china_policy_rate,china,CHN,,China policy-rate proxy,5.31,percent_per_annum,monthly,BIS_CBPOL,Central bank policy rates,https://stats.bis.org/api/v1/data/WS_CBPOL/,https://www.bis.org/statistics/cbpol/cbpol_doc.pdf,2026-08-31T14:34:21.955240Z,none
2009-05-31,china_policy_rate,china,CHN,,China policy-rate proxy,5.31,percent_per_annum,monthly,BIS_CBPOL,Central bank policy rates,https://stats.bis.org/api/v1/data/WS_CBPOL/,https://www.bis.org/statistics/cbpol/cbpol_doc.pdf,2026-08-31T14:34:21.955240Z,none
2009-06-30,china_policy_rate,china,CHN,,China policy-rate proxy,5.31,percent_per_annum,monthly,BIS_CBPOL,Central bank policy rates,https://stats.bis.org/api/v1/data/WS_CBPOL/,https://www.bis.org/statistics/cbpol/cbpol_doc.pdf,2026-08-31T14:34:21.955240Z,none
2009-07-31,china_policy_rate,china,CHN,,China policy-rate proxy,5.31,percent_per_annum,monthly,BIS_CBPOL,Central bank policy rates,https://stats.bis.org/api/v1/data/WS_CBPOL/,https://www.bis.org/statistics/cbpol/cbpol_doc.pdf,2026-08-31T14:34:21.955240Z,none
2009-08-31,china_policy_rate,china,CHN,,China policy-rate proxy,5.31,percent_per_annum,monthly,BIS_CBPOL,Central bank policy rates,https://stats.bis.org/api/v1/data/WS_CBPOL/,https://www.bis.org/statistics/cbpol/cbpol_doc.pdf,2026-08-31T14:34:21.955240Z,none
2009-09-30,china_policy_rate,china,CHN,,China policy-rate proxy,5.31,percent_per_annum,monthly,BIS_CBPOL,Central bank policy rates,https://stats.bis.org/api/v1/data/WS_CBPOL/,https://www.bis.org/statistics/cbpol/cbpol_doc.pdf,2026-08-31T14:34:21.955240Z,none
2009-10-31,china_policy_rate,china,CHN,,China policy-rate proxy,5.31,percent_per_annum,monthly,BIS_CBPOL,Central bank policy rates,https://stats.bis.org/api/v1/data/WS_CBPOL/,https://www.bis.org/statistics/cbpol/cbpol_doc.pdf,2026-08-31T14:34:21.955240Z,none
2009-11-30,china_policy_rate,china,CHN,,China policy-rate proxy,5.31,percent_per_annum,monthly,BIS_CBPOL,Central bank policy rates,https://stats.bis.org/api/v1/data/WS_CBPOL/,https://www.bis.org/statistics/cbpol/cbpol_doc.pdf,2026-08-31T14:34:21.955240Z,none
2009-12-31,china_policy_rate,china,CHN,,China policy-rate proxy,5.31,percent_per_annum,monthly,BIS_CBPOL,Central bank policy rates,https://stats.bis.org/api/v1/data/WS_CBPOL/,https://www.bis.org/statistics/cbpol/cbpol_doc.pdf,2026-08-31T14:34:21.955240Z,none
2010-01-31,china_policy_rate,china,CHN,,China policy-rate proxy,5.31,percent_per_annum,monthly,BIS_CBPOL,Central bank policy rates,https://stats.bis.org/api/v1/data/WS_CBPOL/,https://www.bis.org/statistics/cbpol/cbpol_doc.pdf,2026-08-31T14:34:21.955240Z,none
2010-02-28,china_policy_rate,china,CHN,,China policy-rate proxy,5.31,percent_per_annum,monthly,BIS_CBPOL,Central bank policy rates,https://stats.bis.org/api/v1/data/WS_CBPOL/,https://www.bis.org/statistics/cbpol/cbpol_doc.pdf,2026-08-31T14:34:21.955240Z,none
2010-03-31,china_policy_rate,china,CHN,,China policy-rate proxy,5.31,percent_per_annum,monthly,BIS_CBPOL,Central bank policy rates,https://stats.bis.org/api/v1/data/WS_CBPOL/,https://www.bis.org/statistics/cbpol/cbpol_doc.pdf,2026-08-31T14:34:21.955240Z,none
2010-04-30,china_policy_rate,china,CHN,,China policy-rate proxy,5.31,percent_per_annum,monthly,BIS_CBPOL,Central bank policy rates,https://stats.bis.org/api/v1/data/WS_CBPOL/,https://www.bis.org/statistics/cbpol/cbpol_doc.pdf,2026-08-31T14:34:21.955240Z,none
2010-05-31,china_policy_rate,china,CHN,,China policy-rate proxy,5.31,percent_per_annum,monthly,BIS_CBPOL,Central bank policy rates,https://stats.bis.org/api/v1/data/WS_CBPOL/,https://www.bis.org/statistics/cbpol/cbpol_doc.pdf,2026-08-31T14:34:21.955240Z,none
2010-06-30,china_policy_rate,china,CHN,,China policy-rate proxy,5.31,percent_per_annum,monthly,BIS_CBPOL,Central bank policy rates,https://stats.bis.org/api/v1/data/WS_CBPOL/,https://www.bis.org/statistics/cbpol/cbpol_doc.pdf,2026-08-31T14:34:21.955240Z,none
2010-07-31,china_policy_rate,china,CHN,,China policy-rate proxy,5.31,percent_per_annum,monthly,BIS_CBPOL,Central bank policy rates,https://stats.bis.org/api/v1/data/WS_CBPOL/,https://www.bis.org/statistics/cbpol/cbpol_doc.pdf,2026-08-31T14:34:21.955240Z,none
2010-08-31,china_policy_rate,china,CHN,,China policy-rate proxy,5.31,percent_per_annum,monthly,BIS_CBPOL,Central bank policy rates,https://stats.bis.org/api/v1/data/WS_CBPOL/,https://www.bis.org/statistics/cbpol/cbpol_doc.pdf,2026-08-31T14:34:21.955240Z,none
2010-09-30,china_policy_rate,china,CHN,,China policy-rate proxy,5.31,percent_per_annum,monthly,BIS_CBPOL,Central bank policy rates,https://stats.bis.org/api/v1/data/WS_CBPOL/,https://www.bis.org/statistics/cbpol/cbpol_doc.pdf,2026-08-31T14:34:21.955240Z,none
2010-10-31,china_policy_rate,china,CHN,,China policy-rate proxy,5.56,percent_per_annum,monthly,BIS_CBPOL,Central bank policy rates,https://stats.bis.org/api/v1/data/WS_CBPOL/,https://www.bis.org/statistics/cbpol/cbpol_doc.pdf,2026-08-31T14:34:21.955240Z,none
2010-11-30,china_policy_rate,china,CHN,,China policy-rate proxy,5.56,percent_per_annum,monthly,BIS_CBPOL,Central bank policy rates,https://stats.bis.org/api/v1/data/WS_CBPOL/,https://www.bis.org/statistics/cbpol/cbpol_doc.pdf,2026-08-31T14:34:21.955240Z,none
2010-12-31,china_policy_rate,china,CHN,,China policy-rate proxy,5.81,percent_per_annum,monthly,BIS_CBPOL,Central bank policy rates,https://stats.bis.org/api/v1/data/WS_CBPOL/,https://www.bis.org/statistics/cbpol/cbpol_doc.pdf,2026-08-31T14:34:21.955240Z,none
2011-01-31,china_policy_rate,china,CHN,,China policy-rate proxy,5.81,percent_per_annum,monthly,BIS_CBPOL,Central bank policy rates,https://stats.bis.org/api/v1/data/WS_CBPOL/,https://www.bis.org/statistics/cbpol/cbpol_doc.pdf,2026-08-31T14:34:21.955240Z,none
2011-02-28,china_policy_rate,china,CHN,,China policy-rate proxy,6.06,percent_per_annum,monthly,BIS_CBPOL,Central bank policy rates,https://stats.bis.org/api/v1/data/WS_CBPOL/,https://www.bis.org/statistics/cbpol/cbpol_doc.pdf,2026-08-31T14:34:21.955240Z,none
2011-03-31,china_policy_rate,china,CHN,,China policy-rate proxy,6.06,percent_per_annum,monthly,BIS_CBPOL,Central bank policy rates,https://stats.bis.org/api/v1/data/WS_CBPOL/,https://www.bis.org/statistics/cbpol/cbpol_doc.pdf,2026-08-31T14:34:21.955240Z,none
2011-04-30,china_policy_rate,china,CHN,,China policy-rate proxy,6.31,percent_per_annum,monthly,BIS_CBPOL,Central bank policy rates,https://stats.bis.org/api/v1/data/WS_CBPOL/,https://www.bis.org/statistics/cbpol/cbpol_doc.pdf,2026-08-31T14:34:21.955240Z,none
2011-05-31,china_policy_rate,china,CHN,,China policy-rate proxy,6.31,percent_per_annum,monthly,BIS_CBPOL,Central bank policy rates,https://stats.bis.org/api/v1/data/WS_CBPOL/,https://www.bis.org/statistics/cbpol/cbpol_doc.pdf,2026-08-31T14:34:21.955240Z,none
2011-06-30,china_policy_rate,china,CHN,,China policy-rate proxy,6.31,percent_per_annum,monthly,BIS_CBPOL,Central bank policy rates,https://stats.bis.org/api/v1/data/WS_CBPOL/,https://www.bis.org/statistics/cbpol/cbpol_doc.pdf,2026-08-31T14:34:21.955240Z,none
2011-07-31,china_policy_rate,china,CHN,,China policy-rate proxy,6.56,percent_per_annum,monthly,BIS_CBPOL,Central bank policy rates,https://stats.bis.org/api/v1/data/WS_CBPOL/,https://www.bis.org/statistics/cbpol/cbpol_doc.pdf,2026-08-31T14:34:21.955240Z,none
2011-08-31,china_policy_rate,china,CHN,,China policy-rate proxy,6.56,percent_per_annum,monthly,BIS_CBPOL,Central bank policy rates,https://stats.bis.org/api/v1/data/WS_CBPOL/,https://www.bis.org/statistics/cbpol/cbpol_doc.pdf,2026-08-31T14:34:21.955240Z,none
2011-09-30,china_policy_rate,china,CHN,,China policy-rate proxy,6.56,percent_per_annum,monthly,BIS_CBPOL,Central bank policy rates,https://stats.bis.org/api/v1/data/WS_CBPOL/,https://www.bis.org/statistics/cbpol/cbpol_doc.pdf,2026-08-31T14:34:21.955240Z,none
2011-10-31,china_policy_rate,china,CHN,,China policy-rate proxy,6.56,percent_per_annum,monthly,BIS_CBPOL,Central bank policy rates,https://stats.bis.org/api/v1/data/WS_CBPOL/,https://www.bis.org/statistics/cbpol/cbpol_doc.pdf,2026-08-31T14:34:21.955240Z,none
2011-11-30,china_policy_rate,china,CHN,,China policy-rate proxy,6.56,percent_per_annum,monthly,BIS_CBPOL,Central bank policy rates,https://stats.bis.org/api/v1/data/WS_CBPOL/,https://www.bis.org/statistics/cbpol/cbpol_doc.pdf,2026-08-31T14:34:21.955240Z,none
2011-12-31,china_policy_rate,china,CHN,,China policy-rate proxy,6.56,percent_per_annum,monthly,BIS_CBPOL,Central bank policy rates,https://stats.bis.org/api/v1/data/WS_CBPOL/,https://www.bis.org/statistics/cbpol/cbpol_doc.pdf,2026-08-31T14:34:21.955240Z,none
2012-01-31,china_policy_rate,china,CHN,,China policy-rate proxy,6.56,percent_per_annum,monthly,BIS_CBPOL,Central bank policy rates,https://stats.bis.org/api/v1/data/WS_CBPOL/,https://www.bis.org/statistics/cbpol/cbpol_doc.pdf,2026-08-31T14:34:21.955240Z,none
2012-02-29,china_policy_rate,china,CHN,,China policy-rate proxy,6.56,percent_per_annum,monthly,BIS_CBPOL,Central bank policy rates,https://stats.bis.org/api/v1/data/WS_CBPOL/,https://www.bis.org/statistics/cbpol/cbpol_doc.pdf,2026-08-31T14:34:21.955240Z,none
2012-03-31,china_policy_rate,china,CHN,,China policy-rate proxy,6.56,percent_per_annum,monthly,BIS_CBPOL,Central bank policy rates,https://stats.bis.org/api/v1/data/WS_CBPOL/,https://www.bis.org/statistics/cbpol/cbpol_doc.pdf,2026-08-31T14:34:21.955240Z,none
2012-04-30,china_policy_rate,china,CHN,,China policy-rate proxy,6.56,percent_per_annum,monthly,BIS_CBPOL,Central bank policy rates,https://stats.bis.org/api/v1/data/WS_CBPOL/,https://www.bis.org/statistics/cbpol/cbpol_doc.pdf,2026-08-31T14:34:21.955240Z,none
2012-05-31,china_policy_rate,china,CHN,,China policy-rate proxy,6.56,percent_per_annum,monthly,BIS_CBPOL,Central bank policy rates,https://stats.bis.org/api/v1/data/WS_CBPOL/,https://www.bis.org/statistics/cbpol/cbpol_doc.pdf,2026-08-31T14:34:21.955240Z,none
2012-06-30,china_policy_rate,china,CHN,,China policy-rate proxy,6.31,percent_per_annum,monthly,BIS_CBPOL,Central bank policy rates,https://stats.bis.org/api/v1/data/WS_CBPOL/,https://www.bis.org/statistics/cbpol/cbpol_doc.pdf,2026-08-31T14:34:21.955240Z,none
2012-07-31,china_policy_rate,china,CHN,,China policy-rate proxy,6,percent_per_annum,monthly,BIS_CBPOL,Central bank policy rates,https://stats.bis.org/api/v1/data/WS_CBPOL/,https://www.bis.org/statistics/cbpol/cbpol_doc.pdf,2026-08-31T14:34:21.955240Z,none
2012-08-31,china_policy_rate,china,CHN,,China policy-rate proxy,6,percent_per_annum,monthly,BIS_CBPOL,Central bank policy rates,https://stats.bis.org/api/v1/data/WS_CBPOL/,https://www.bis.org/statistics/cbpol/cbpol_doc.pdf,2026-08-31T14:34:21.955240Z,none
2012-09-30,china_policy_rate,china,CHN,,China policy-rate proxy,6,percent_per_annum,monthly,BIS_CBPOL,Central bank policy rates,https://stats.bis.org/api/v1/data/WS_CBPOL/,https://www.bis.org/statistics/cbpol/cbpol_doc.pdf,2026-08-31T14:34:21.955240Z,none
2012-10-31,china_policy_rate,china,CHN,,China policy-rate proxy,6,percent_per_annum,monthly,BIS_CBPOL,Central bank policy rates,https://stats.bis.org/api/v1/data/WS_CBPOL/,https://www.bis.org/statistics/cbpol/cbpol_doc.pdf,2026-08-31T14:34:21.955240Z,none
2012-11-30,china_policy_rate,china,CHN,,China policy-rate proxy,6,percent_per_annum,monthly,BIS_CBPOL,Central bank policy rates,https://stats.bis.org/api/v1/data/WS_CBPOL/,https://www.bis.org/statistics/cbpol/cbpol_doc.pdf,2026-08-31T14:34:21.955240Z,none
2012-12-31,china_policy_rate,china,CHN,,China policy-rate proxy,6,percent_per_annum,monthly,BIS_CBPOL,Central bank policy rates,https://stats.bis.org/api/v1/data/WS_CBPOL/,https://www.bis.org/statistics/cbpol/cbpol_doc.pdf,2026-08-31T14:34:21.955240Z,none
2013-01-31,china_policy_rate,china,CHN,,China policy-rate proxy,6,percent_per_annum,monthly,BIS_CBPOL,Central bank policy rates,https://stats.bis.org/api/v1/data/WS_CBPOL/,https://www.bis.org/statistics/cbpol/cbpol_doc.pdf,2026-08-31T14:34:21.955240Z,none
2013-02-28,china_policy_rate,china,CHN,,China policy-rate proxy,6,percent_per_annum,monthly,BIS_CBPOL,Central bank policy rates,https://stats.bis.org/api/v1/data/WS_CBPOL/,https://www.bis.org/statistics/cbpol/cbpol_doc.pdf,2026-08-31T14:34:21.955240Z,none
2013-03-31,china_policy_rate,china,CHN,,China policy-rate proxy,6,percent_per_annum,monthly,BIS_CBPOL,Central bank policy rates,https://stats.bis.org/api/v1/data/WS_CBPOL/,https://www.bis.org/statistics/cbpol/cbpol_doc.pdf,2026-08-31T14:34:21.955240Z,none
2013-04-30,china_policy_rate,china,CHN,,China policy-rate proxy,6,percent_per_annum,monthly,BIS_CBPOL,Central bank policy rates,https://stats.bis.org/api/v1/data/WS_CBPOL/,https://www.bis.org/statistics/cbpol/cbpol_doc.pdf,2026-08-31T14:34:21.955240Z,none
2013-05-31,china_policy_rate,china,CHN,,China policy-rate proxy,6,percent_per_annum,monthly,BIS_CBPOL,Central bank policy rates,https://stats.bis.org/api/v1/data/WS_CBPOL/,https://www.bis.org/statistics/cbpol/cbpol_doc.pdf,2026-08-31T14:34:21.955240Z,none
2013-06-30,china_policy_rate,china,CHN,,China policy-rate proxy,6,percent_per_annum,monthly,BIS_CBPOL,Central bank policy rates,https://stats.bis.org/api/v1/data/WS_CBPOL/,https://www.bis.org/statistics/cbpol/cbpol_doc.pdf,2026-08-31T14:34:21.955240Z,none
2013-07-31,china_policy_rate,china,CHN,,China policy-rate proxy,6,percent_per_annum,monthly,BIS_CBPOL,Central bank policy rates,https://stats.bis.org/api/v1/data/WS_CBPOL/,https://www.bis.org/statistics/cbpol/cbpol_doc.pdf,2026-08-31T14:34:21.955240Z,none
2013-08-31,china_policy_rate,china,CHN,,China policy-rate proxy,6,percent_per_annum,monthly,BIS_CBPOL,Central bank policy rates,https://stats.bis.org/api/v1/data/WS_CBPOL/,https://www.bis.org/statistics/cbpol/cbpol_doc.pdf,2026-08-31T14:34:21.955240Z,none
2013-09-30,china_policy_rate,china,CHN,,China policy-rate proxy,6,percent_per_annum,monthly,BIS_CBPOL,Central bank policy rates,https://stats.bis.org/api/v1/data/WS_CBPOL/,https://www.bis.org/statistics/cbpol/cbpol_doc.pdf,2026-08-31T14:34:21.955240Z,none
2013-10-31,china_policy_rate,china,CHN,,China policy-rate proxy,6,percent_per_annum,monthly,BIS_CBPOL,Central bank policy rates,https://stats.bis.org/api/v1/data/WS_CBPOL/,https://www.bis.org/statistics/cbpol/cbpol_doc.pdf,2026-08-31T14:34:21.955240Z,none
2013-11-30,china_policy_rate,china,CHN,,China policy-rate proxy,6,percent_per_annum,monthly,BIS_CBPOL,Central bank policy rates,https://stats.bis.org/api/v1/data/WS_CBPOL/,https://www.bis.org/statistics/cbpol/cbpol_doc.pdf,2026-08-31T14:34:21.955240Z,none
2013-12-31,china_policy_rate,china,CHN,,China policy-rate proxy,6,percent_per_annum,monthly,BIS_CBPOL,Central bank policy rates,https://stats.bis.org/api/v1/data/WS_CBPOL/,https://www.bis.org/statistics/cbpol/cbpol_doc.pdf,2026-08-31T14:34:21.955240Z,none
2014-01-31,china_policy_rate,china,CHN,,China policy-rate proxy,6,percent_per_annum,monthly,BIS_CBPOL,Central bank policy rates,https://stats.bis.org/api/v1/data/WS_CBPOL/,https://www.bis.org/statistics/cbpol/cbpol_doc.pdf,2026-08-31T14:34:21.955240Z,none
2014-02-28,china_policy_rate,china,CHN,,China policy-rate proxy,6,percent_per_annum,monthly,BIS_CBPOL,Central bank policy rates,https://stats.bis.org/api/v1/data/WS_CBPOL/,https://www.bis.org/statistics/cbpol/cbpol_doc.pdf,2026-08-31T14:34:21.955240Z,none
2014-03-31,china_policy_rate,china,CHN,,China policy-rate proxy,6,percent_per_annum,monthly,BIS_CBPOL,Central bank policy rates,https://stats.bis.org/api/v1/data/WS_CBPOL/,https://www.bis.org/statistics/cbpol/cbpol_doc.pdf,2026-08-31T14:34:21.955240Z,none
2014-04-30,china_policy_rate,china,CHN,,China policy-rate proxy,6,percent_per_annum,monthly,BIS_CBPOL,Central bank policy rates,https://stats.bis.org/api/v1/data/WS_CBPOL/,https://www.bis.org/statistics/cbpol/cbpol_doc.pdf,2026-08-31T14:34:21.955240Z,none
2014-05-31,china_policy_rate,china,CHN,,China policy-rate proxy,6,percent_per_annum,monthly,BIS_CBPOL,Central bank policy rates,https://stats.bis.org/api/v1/data/WS_CBPOL/,https://www.bis.org/statistics/cbpol/cbpol_doc.pdf,2026-08-31T14:34:21.955240Z,none
2014-06-30,china_policy_rate,china,CHN,,China policy-rate proxy,6,percent_per_annum,monthly,BIS_CBPOL,Central bank policy rates,https://stats.bis.org/api/v1/data/WS_CBPOL/,https://www.bis.org/statistics/cbpol/cbpol_doc.pdf,2026-08-31T14:34:21.955240Z,none
2014-07-31,china_policy_rate,china,CHN,,China policy-rate proxy,6,percent_per_annum,monthly,BIS_CBPOL,Central bank policy rates,https://stats.bis.org/api/v1/data/WS_CBPOL/,https://www.bis.org/statistics/cbpol/cbpol_doc.pdf,2026-08-31T14:34:21.955240Z,none
2014-08-31,china_policy_rate,china,CHN,,China policy-rate proxy,6,percent_per_annum,monthly,BIS_CBPOL,Central bank policy rates,https://stats.bis.org/api/v1/data/WS_CBPOL/,https://www.bis.org/statistics/cbpol/cbpol_doc.pdf,2026-08-31T14:34:21.955240Z,none
2014-09-30,china_policy_rate,china,CHN,,China policy-rate proxy,6,percent_per_annum,monthly,BIS_CBPOL,Central bank policy rates,https://stats.bis.org/api/v1/data/WS_CBPOL/,https://www.bis.org/statistics/cbpol/cbpol_doc.pdf,2026-08-31T14:34:21.955240Z,none
2014-10-31,china_policy_rate,china,CHN,,China policy-rate proxy,6,percent_per_annum,monthly,BIS_CBPOL,Central bank policy rates,https://stats.bis.org/api/v1/data/WS_CBPOL/,https://www.bis.org/statistics/cbpol/cbpol_doc.pdf,2026-08-31T14:34:21.955240Z,none
2014-11-30,china_policy_rate,china,CHN,,China policy-rate proxy,5.6,percent_per_annum,monthly,BIS_CBPOL,Central bank policy rates,https://stats.bis.org/api/v1/data/WS_CBPOL/,https://www.bis.org/statistics/cbpol/cbpol_doc.pdf,2026-08-31T14:34:21.955240Z,none
2014-12-31,china_policy_rate,china,CHN,,China policy-rate proxy,5.6,percent_per_annum,monthly,BIS_CBPOL,Central bank policy rates,https://stats.bis.org/api/v1/data/WS_CBPOL/,https://www.bis.org/statistics/cbpol/cbpol_doc.pdf,2026-08-31T14:34:21.955240Z,none
2015-01-31,china_policy_rate,china,CHN,,China policy-rate proxy,5.6,percent_per_annum,monthly,BIS_CBPOL,Central bank policy rates,https://stats.bis.org/api/v1/data/WS_CBPOL/,https://www.bis.org/statistics/cbpol/cbpol_doc.pdf,2026-08-31T14:34:21.955240Z,none
2015-02-28,china_policy_rate,china,CHN,,China policy-rate proxy,5.6,percent_per_annum,monthly,BIS_CBPOL,Central bank policy rates,https://stats.bis.org/api/v1/data/WS_CBPOL/,https://www.bis.org/statistics/cbpol/cbpol_doc.pdf,2026-08-31T14:34:21.955240Z,none
2015-03-31,china_policy_rate,china,CHN,,China policy-rate proxy,5.35,percent_per_annum,monthly,BIS_CBPOL,Central bank policy rates,https://stats.bis.org/api/v1/data/WS_CBPOL/,https://www.bis.org/statistics/cbpol/cbpol_doc.pdf,2026-08-31T14:34:21.955240Z,none
2015-04-30,china_policy_rate,china,CHN,,China policy-rate proxy,5.35,percent_per_annum,monthly,BIS_CBPOL,Central bank policy rates,https://stats.bis.org/api/v1/data/WS_CBPOL/,https://www.bis.org/statistics/cbpol/cbpol_doc.pdf,2026-08-31T14:34:21.955240Z,none
2015-05-31,china_policy_rate,china,CHN,,China policy-rate proxy,5.1,percent_per_annum,monthly,BIS_CBPOL,Central bank policy rates,https://stats.bis.org/api/v1/data/WS_CBPOL/,https://www.bis.org/statistics/cbpol/cbpol_doc.pdf,2026-08-31T14:34:21.955240Z,none
2015-06-30,china_policy_rate,china,CHN,,China policy-rate proxy,4.85,percent_per_annum,monthly,BIS_CBPOL,Central bank policy rates,https://stats.bis.org/api/v1/data/WS_CBPOL/,https://www.bis.org/statistics/cbpol/cbpol_doc.pdf,2026-08-31T14:34:21.955240Z,none
2015-07-31,china_policy_rate,china,CHN,,China policy-rate proxy,4.85,percent_per_annum,monthly,BIS_CBPOL,Central bank policy rates,https://stats.bis.org/api/v1/data/WS_CBPOL/,https://www.bis.org/statistics/cbpol/cbpol_doc.pdf,2026-08-31T14:34:21.955240Z,none
2015-08-31,china_policy_rate,china,CHN,,China policy-rate proxy,4.6,percent_per_annum,monthly,BIS_CBPOL,Central bank policy rates,https://stats.bis.org/api/v1/data/WS_CBPOL/,https://www.bis.org/statistics/cbpol/cbpol_doc.pdf,2026-08-31T14:34:21.955240Z,none
2015-09-30,china_policy_rate,china,CHN,,China policy-rate proxy,4.6,percent_per_annum,monthly,BIS_CBPOL,Central bank policy rates,https://stats.bis.org/api/v1/data/WS_CBPOL/,https://www.bis.org/statistics/cbpol/cbpol_doc.pdf,2026-08-31T14:34:21.955240Z,none
2015-10-31,china_policy_rate,china,CHN,,China policy-rate proxy,4.35,percent_per_annum,monthly,BIS_CBPOL,Central bank policy rates,https://stats.bis.org/api/v1/data/WS_CBPOL/,https://www.bis.org/statistics/cbpol/cbpol_doc.pdf,2026-08-31T14:34:21.955240Z,none
2015-11-30,china_policy_rate,china,CHN,,China policy-rate proxy,4.35,percent_per_annum,monthly,BIS_CBPOL,Central bank policy rates,https://stats.bis.org/api/v1/data/WS_CBPOL/,https://www.bis.org/statistics/cbpol/cbpol_doc.pdf,2026-08-31T14:34:21.955240Z,none
2015-12-31,china_policy_rate,china,CHN,,China policy-rate proxy,4.35,percent_per_annum,monthly,BIS_CBPOL,Central bank policy rates,https://stats.bis.org/api/v1/data/WS_CBPOL/,https://www.bis.org/statistics/cbpol/cbpol_doc.pdf,2026-08-31T14:34:21.955240Z,none
2016-01-31,china_policy_rate,china,CHN,,China policy-rate proxy,4.35,percent_per_annum,monthly,BIS_CBPOL,Central bank policy rates,https://stats.bis.org/api/v1/data/WS_CBPOL/,https://www.bis.org/statistics/cbpol/cbpol_doc.pdf,2026-08-31T14:34:21.955240Z,none
2016-02-29,china_policy_rate,china,CHN,,China policy-rate proxy,4.35,percent_per_annum,monthly,BIS_CBPOL,Central bank policy rates,https://stats.bis.org/api/v1/data/WS_CBPOL/,https://www.bis.org/statistics/cbpol/cbpol_doc.pdf,2026-08-31T14:34:21.955240Z,none
2016-03-31,china_policy_rate,china,CHN,,China policy-rate proxy,4.35,percent_per_annum,monthly,BIS_CBPOL,Central bank policy rates,https://stats.bis.org/api/v1/data/WS_CBPOL/,https://www.bis.org/statistics/cbpol/cbpol_doc.pdf,2026-08-31T14:34:21.955240Z,none
2016-04-30,china_policy_rate,china,CHN,,China policy-rate proxy,4.35,percent_per_annum,monthly,BIS_CBPOL,Central bank policy rates,https://stats.bis.org/api/v1/data/WS_CBPOL/,https://www.bis.org/statistics/cbpol/cbpol_doc.pdf,2026-08-31T14:34:21.955240Z,none
2016-05-31,china_policy_rate,china,CHN,,China policy-rate proxy,4.35,percent_per_annum,monthly,BIS_CBPOL,Central bank policy rates,https://stats.bis.org/api/v1/data/WS_CBPOL/,https://www.bis.org/statistics/cbpol/cbpol_doc.pdf,2026-08-31T14:34:21.955240Z,none
2016-06-30,china_policy_rate,china,CHN,,China policy-rate proxy,4.35,percent_per_annum,monthly,BIS_CBPOL,Central bank policy rates,https://stats.bis.org/api/v1/data/WS_CBPOL/,https://www.bis.org/statistics/cbpol/cbpol_doc.pdf,2026-08-31T14:34:21.955240Z,none
2016-07-31,china_policy_rate,china,CHN,,China policy-rate proxy,4.35,percent_per_annum,monthly,BIS_CBPOL,Central bank policy rates,https://stats.bis.org/api/v1/data/WS_CBPOL/,https://www.bis.org/statistics/cbpol/cbpol_doc.pdf,2026-08-31T14:34:21.955240Z,none
2016-08-31,china_policy_rate,china,CHN,,China policy-rate proxy,4.35,percent_per_annum,monthly,BIS_CBPOL,Central bank policy rates,https://stats.bis.org/api/v1/data/WS_CBPOL/,https://www.bis.org/statistics/cbpol/cbpol_doc.pdf,2026-08-31T14:34:21.955240Z,none
2016-09-30,china_policy_rate,china,CHN,,China policy-rate proxy,4.35,percent_per_annum,monthly,BIS_CBPOL,Central bank policy rates,https://stats.bis.org/api/v1/data/WS_CBPOL/,https://www.bis.org/statistics/cbpol/cbpol_doc.pdf,2026-08-31T14:34:21.955240Z,none
2016-10-31,china_policy_rate,china,CHN,,China policy-rate proxy,4.35,percent_per_annum,monthly,BIS_CBPOL,Central bank policy rates,https://stats.bis.org/api/v1/data/WS_CBPOL/,https://www.bis.org/statistics/cbpol/cbpol_doc.pdf,2026-08-31T14:34:21.955240Z,none
2016-11-30,china_policy_rate,china,CHN,,China policy-rate proxy,4.35,percent_per_annum,monthly,BIS_CBPOL,Central bank policy rates,https://stats.bis.org/api/v1/data/WS_CBPOL/,https://www.bis.org/statistics/cbpol/cbpol_doc.pdf,2026-08-31T14:34:21.955240Z,none
2016-12-31,china_policy_rate,china,CHN,,China policy-rate proxy,4.35,percent_per_annum,monthly,BIS_CBPOL,Central bank policy rates,https://stats.bis.org/api/v1/data/WS_CBPOL/,https://www.bis.org/statistics/cbpol/cbpol_doc.pdf,2026-08-31T14:34:21.955240Z,none
2017-01-31,china_policy_rate,china,CHN,,China policy-rate proxy,4.35,percent_per_annum,monthly,BIS_CBPOL,Central bank policy rates,https://stats.bis.org/api/v1/data/WS_CBPOL/,https://www.bis.org/statistics/cbpol/cbpol_doc.pdf,2026-08-31T14:34:21.955240Z,none
2017-02-28,china_policy_rate,china,CHN,,China policy-rate proxy,4.35,percent_per_annum,monthly,BIS_CBPOL,Central bank policy rates,https://stats.bis.org/api/v1/data/WS_CBPOL/,https://www.bis.org/statistics/cbpol/cbpol_doc.pdf,2026-08-31T14:34:21.955240Z,none
2017-03-31,china_policy_rate,china,CHN,,China policy-rate proxy,4.35,percent_per_annum,monthly,BIS_CBPOL,Central bank policy rates,https://stats.bis.org/api/v1/data/WS_CBPOL/,https://www.bis.org/statistics/cbpol/cbpol_doc.pdf,2026-08-31T14:34:21.955240Z,none
2017-04-30,china_policy_rate,china,CHN,,China policy-rate proxy,4.35,percent_per_annum,monthly,BIS_CBPOL,Central bank policy rates,https://stats.bis.org/api/v1/data/WS_CBPOL/,https://www.bis.org/statistics/cbpol/cbpol_doc.pdf,2026-08-31T14:34:21.955240Z,none
2017-05-31,china_policy_rate,china,CHN,,China policy-rate proxy,4.35,percent_per_annum,monthly,BIS_CBPOL,Central bank policy rates,https://stats.bis.org/api/v1/data/WS_CBPOL/,https://www.bis.org/statistics/cbpol/cbpol_doc.pdf,2026-08-31T14:34:21.955240Z,none
2017-06-30,china_policy_rate,china,CHN,,China policy-rate proxy,4.35,percent_per_annum,monthly,BIS_CBPOL,Central bank policy rates,https://stats.bis.org/api/v1/data/WS_CBPOL/,https://www.bis.org/statistics/cbpol/cbpol_doc.pdf,2026-08-31T14:34:21.955240Z,none
2017-07-31,china_policy_rate,china,CHN,,China policy-rate proxy,4.35,percent_per_annum,monthly,BIS_CBPOL,Central bank policy rates,https://stats.bis.org/api/v1/data/WS_CBPOL/,https://www.bis.org/statistics/cbpol/cbpol_doc.pdf,2026-08-31T14:34:21.955240Z,none
2017-08-31,china_policy_rate,china,CHN,,China policy-rate proxy,4.35,percent_per_annum,monthly,BIS_CBPOL,Central bank policy rates,https://stats.bis.org/api/v1/data/WS_CBPOL/,https://www.bis.org/statistics/cbpol/cbpol_doc.pdf,2026-08-31T14:34:21.955240Z,none
2017-09-30,china_policy_rate,china,CHN,,China policy-rate proxy,4.35,percent_per_annum,monthly,BIS_CBPOL,Central bank policy rates,https://stats.bis.org/api/v1/data/WS_CBPOL/,https://www.bis.org/statistics/cbpol/cbpol_doc.pdf,2026-08-31T14:34:21.955240Z,none
2017-10-31,china_policy_rate,china,CHN,,China policy-rate proxy,4.35,percent_per_annum,monthly,BIS_CBPOL,Central bank policy rates,https://stats.bis.org/api/v1/data/WS_CBPOL/,https://www.bis.org/statistics/cbpol/cbpol_doc.pdf,2026-08-31T14:34:21.955240Z,none
2017-11-30,china_policy_rate,china,CHN,,China policy-rate proxy,4.35,percent_per_annum,monthly,BIS_CBPOL,Central bank policy rates,https://stats.bis.org/api/v1/data/WS_CBPOL/,https://www.bis.org/statistics/cbpol/cbpol_doc.pdf,2026-08-31T14:34:21.955240Z,none
2017-12-31,china_policy_rate,china,CHN,,China policy-rate proxy,4.35,percent_per_annum,monthly,BIS_CBPOL,Central bank policy rates,https://stats.bis.org/api/v1/data/WS_CBPOL/,https://www.bis.org/statistics/cbpol/cbpol_doc.pdf,2026-08-31T14:34:21.955240Z,none
2018-01-31,china_policy_rate,china,CHN,,China policy-rate proxy,4.35,percent_per_annum,monthly,BIS_CBPOL,Central bank policy rates,https://stats.bis.org/api/v1/data/WS_CBPOL/,https://www.bis.org/statistics/cbpol/cbpol_doc.pdf,2026-08-31T14:34:21.955240Z,none
2018-02-28,china_policy_rate,china,CHN,,China policy-rate proxy,4.35,percent_per_annum,monthly,BIS_CBPOL,Central bank policy rates,https://stats.bis.org/api/v1/data/WS_CBPOL/,https://www.bis.org/statistics/cbpol/cbpol_doc.pdf,2026-08-31T14:34:21.955240Z,none
2018-03-31,china_policy_rate,china,CHN,,China policy-rate proxy,4.35,percent_per_annum,monthly,BIS_CBPOL,Central bank policy rates,https://stats.bis.org/api/v1/data/WS_CBPOL/,https://www.bis.org/statistics/cbpol/cbpol_doc.pdf,2026-08-31T14:34:21.955240Z,none
2018-04-30,china_policy_rate,china,CHN,,China policy-rate proxy,4.35,percent_per_annum,monthly,BIS_CBPOL,Central bank policy rates,https://stats.bis.org/api/v1/data/WS_CBPOL/,https://www.bis.org/statistics/cbpol/cbpol_doc.pdf,2026-08-31T14:34:21.955240Z,none
2018-05-31,china_policy_rate,china,CHN,,China policy-rate proxy,4.35,percent_per_annum,monthly,BIS_CBPOL,Central bank policy rates,https://stats.bis.org/api/v1/data/WS_CBPOL/,https://www.bis.org/statistics/cbpol/cbpol_doc.pdf,2026-08-31T14:34:21.955240Z,none
2018-06-30,china_policy_rate,china,CHN,,China policy-rate proxy,4.35,percent_per_annum,monthly,BIS_CBPOL,Central bank policy rates,https://stats.bis.org/api/v1/data/WS_CBPOL/,https://www.bis.org/statistics/cbpol/cbpol_doc.pdf,2026-08-31T14:34:21.955240Z,none
2018-07-31,china_policy_rate,china,CHN,,China policy-rate proxy,4.35,percent_per_annum,monthly,BIS_CBPOL,Central bank policy rates,https://stats.bis.org/api/v1/data/WS_CBPOL/,https://www.bis.org/statistics/cbpol/cbpol_doc.pdf,2026-08-31T14:34:21.955240Z,none
2018-08-31,china_policy_rate,china,CHN,,China policy-rate proxy,4.35,percent_per_annum,monthly,BIS_CBPOL,Central bank policy rates,https://stats.bis.org/api/v1/data/WS_CBPOL/,https://www.bis.org/statistics/cbpol/cbpol_doc.pdf,2026-08-31T14:34:21.955240Z,none
2018-09-30,china_policy_rate,china,CHN,,China policy-rate proxy,4.35,percent_per_annum,monthly,BIS_CBPOL,Central bank policy rates,https://stats.bis.org/api/v1/data/WS_CBPOL/,https://www.bis.org/statistics/cbpol/cbpol_doc.pdf,2026-08-31T14:34:21.955240Z,none
2018-10-31,china_policy_rate,china,CHN,,China policy-rate proxy,4.35,percent_per_annum,monthly,BIS_CBPOL,Central bank policy rates,https://stats.bis.org/api/v1/data/WS_CBPOL/,https://www.bis.org/statistics/cbpol/cbpol_doc.pdf,2026-08-31T14:34:21.955240Z,none
2018-11-30,china_policy_rate,china,CHN,,China policy-rate proxy,4.35,percent_per_annum,monthly,BIS_CBPOL,Central bank policy rates,https://stats.bis.org/api/v1/data/WS_CBPOL/,https://www.bis.org/statistics/cbpol/cbpol_doc.pdf,2026-08-31T14:34:21.955240Z,none
2018-12-31,china_policy_rate,china,CHN,,China policy-rate proxy,4.35,percent_per_annum,monthly,BIS_CBPOL,Central bank policy rates,https://stats.bis.org/api/v1/data/WS_CBPOL/,https://www.bis.org/statistics/cbpol/cbpol_doc.pdf,2026-08-31T14:34:21.955240Z,none
2019-01-31,china_policy_rate,china,CHN,,China policy-rate proxy,4.35,percent_per_annum,monthly,BIS_CBPOL,Central bank policy rates,https://stats.bis.org/api/v1/data/WS_CBPOL/,https://www.bis.org/statistics/cbpol/cbpol_doc.pdf,2026-08-31T14:34:21.955240Z,none
2019-02-28,china_policy_rate,china,CHN,,China policy-rate proxy,4.35,percent_per_annum,monthly,BIS_CBPOL,Central bank policy rates,https://stats.bis.org/api/v1/data/WS_CBPOL/,https://www.bis.org/statistics/cbpol/cbpol_doc.pdf,2026-08-31T14:34:21.955240Z,none
2019-03-31,china_policy_rate,china,CHN,,China policy-rate proxy,4.35,percent_per_annum,monthly,BIS_CBPOL,Central bank policy rates,https://stats.bis.org/api/v1/data/WS_CBPOL/,https://www.bis.org/statistics/cbpol/cbpol_doc.pdf,2026-08-31T14:34:21.955240Z,none
2019-04-30,china_policy_rate,china,CHN,,China policy-rate proxy,4.35,percent_per_annum,monthly,BIS_CBPOL,Central bank policy rates,https://stats.bis.org/api/v1/data/WS_CBPOL/,https://www.bis.org/statistics/cbpol/cbpol_doc.pdf,2026-08-31T14:34:21.955240Z,none
2019-05-31,china_policy_rate,china,CHN,,China policy-rate proxy,4.35,percent_per_annum,monthly,BIS_CBPOL,Central bank policy rates,https://stats.bis.org/api/v1/data/WS_CBPOL/,https://www.bis.org/statistics/cbpol/cbpol_doc.pdf,2026-08-31T14:34:21.955240Z,none
2019-06-30,china_policy_rate,china,CHN,,China policy-rate proxy,4.35,percent_per_annum,monthly,BIS_CBPOL,Central bank policy rates,https://stats.bis.org/api/v1/data/WS_CBPOL/,https://www.bis.org/statistics/cbpol/cbpol_doc.pdf,2026-08-31T14:34:21.955240Z,none
2019-07-31,china_policy_rate,china,CHN,,China policy-rate proxy,4.35,percent_per_annum,monthly,BIS_CBPOL,Central bank policy rates,https://stats.bis.org/api/v1/data/WS_CBPOL/,https://www.bis.org/statistics/cbpol/cbpol_doc.pdf,2026-08-31T14:34:21.955240Z,none
2019-08-31,china_policy_rate,china,CHN,,China policy-rate proxy,4.25,percent_per_annum,monthly,BIS_CBPOL,Central bank policy rates,https://stats.bis.org/api/v1/data/WS_CBPOL/,https://www.bis.org/statistics/cbpol/cbpol_doc.pdf,2026-08-31T14:34:21.955240Z,none
2019-09-30,china_policy_rate,china,CHN,,China policy-rate proxy,4.2,percent_per_annum,monthly,BIS_CBPOL,Central bank policy rates,https://stats.bis.org/api/v1/data/WS_CBPOL/,https://www.bis.org/statistics/cbpol/cbpol_doc.pdf,2026-08-31T14:34:21.955240Z,none
2019-10-31,china_policy_rate,china,CHN,,China policy-rate proxy,4.2,percent_per_annum,monthly,BIS_CBPOL,Central bank policy rates,https://stats.bis.org/api/v1/data/WS_CBPOL/,https://www.bis.org/statistics/cbpol/cbpol_doc.pdf,2026-08-31T14:34:21.955240Z,none
2019-11-30,china_policy_rate,china,CHN,,China policy-rate proxy,4.15,percent_per_annum,monthly,BIS_CBPOL,Central bank policy rates,https://stats.bis.org/api/v1/data/WS_CBPOL/,https://www.bis.org/statistics/cbpol/cbpol_doc.pdf,2026-08-31T14:34:21.955240Z,none
2019-12-31,china_policy_rate,china,CHN,,China policy-rate proxy,4.15,percent_per_annum,monthly,BIS_CBPOL,Central bank policy rates,https://stats.bis.org/api/v1/data/WS_CBPOL/,https://www.bis.org/statistics/cbpol/cbpol_doc.pdf,2026-08-31T14:34:21.955240Z,none
2020-01-31,china_policy_rate,china,CHN,,China policy-rate proxy,4.15,percent_per_annum,monthly,BIS_CBPOL,Central bank policy rates,https://stats.bis.org/api/v1/data/WS_CBPOL/,https://www.bis.org/statistics/cbpol/cbpol_doc.pdf,2026-08-31T14:34:21.955240Z,none
2020-02-29,china_policy_rate,china,CHN,,China policy-rate proxy,4.05,percent_per_annum,monthly,BIS_CBPOL,Central bank policy rates,https://stats.bis.org/api/v1/data/WS_CBPOL/,https://www.bis.org/statistics/cbpol/cbpol_doc.pdf,2026-08-31T14:34:21.955240Z,none
2020-03-31,china_policy_rate,china,CHN,,China policy-rate proxy,4.05,percent_per_annum,monthly,BIS_CBPOL,Central bank policy rates,https://stats.bis.org/api/v1/data/WS_CBPOL/,https://www.bis.org/statistics/cbpol/cbpol_doc.pdf,2026-08-31T14:34:21.955240Z,none
2020-04-30,china_policy_rate,china,CHN,,China policy-rate proxy,3.85,percent_per_annum,monthly,BIS_CBPOL,Central bank policy rates,https://stats.bis.org/api/v1/data/WS_CBPOL/,https://www.bis.org/statistics/cbpol/cbpol_doc.pdf,2026-08-31T14:34:21.955240Z,none
2020-05-31,china_policy_rate,china,CHN,,China policy-rate proxy,3.85,percent_per_annum,monthly,BIS_CBPOL,Central bank policy rates,https://stats.bis.org/api/v1/data/WS_CBPOL/,https://www.bis.org/statistics/cbpol/cbpol_doc.pdf,2026-08-31T14:34:21.955240Z,none
2020-06-30,china_policy_rate,china,CHN,,China policy-rate proxy,3.85,percent_per_annum,monthly,BIS_CBPOL,Central bank policy rates,https://stats.bis.org/api/v1/data/WS_CBPOL/,https://www.bis.org/statistics/cbpol/cbpol_doc.pdf,2026-08-31T14:34:21.955240Z,none
2020-07-31,china_policy_rate,china,CHN,,China policy-rate proxy,3.85,percent_per_annum,monthly,BIS_CBPOL,Central bank policy rates,https://stats.bis.org/api/v1/data/WS_CBPOL/,https://www.bis.org/statistics/cbpol/cbpol_doc.pdf,2026-08-31T14:34:21.955240Z,none
2020-08-31,china_policy_rate,china,CHN,,China policy-rate proxy,3.85,percent_per_annum,monthly,BIS_CBPOL,Central bank policy rates,https://stats.bis.org/api/v1/data/WS_CBPOL/,https://www.bis.org/statistics/cbpol/cbpol_doc.pdf,2026-08-31T14:34:21.955240Z,none
2020-09-30,china_policy_rate,china,CHN,,China policy-rate proxy,3.85,percent_per_annum,monthly,BIS_CBPOL,Central bank policy rates,https://stats.bis.org/api/v1/data/WS_CBPOL/,https://www.bis.org/statistics/cbpol/cbpol_doc.pdf,2026-08-31T14:34:21.955240Z,none
2020-10-31,china_policy_rate,china,CHN,,China policy-rate proxy,3.85,percent_per_annum,monthly,BIS_CBPOL,Central bank policy rates,https://stats.bis.org/api/v1/data/WS_CBPOL/,https://www.bis.org/statistics/cbpol/cbpol_doc.pdf,2026-08-31T14:34:21.955240Z,none
2020-11-30,china_policy_rate,china,CHN,,China policy-rate proxy,3.85,percent_per_annum,monthly,BIS_CBPOL,Central bank policy rates,https://stats.bis.org/api/v1/data/WS_CBPOL/,https://www.bis.org/statistics/cbpol/cbpol_doc.pdf,2026-08-31T14:34:21.955240Z,none
2020-12-31,china_policy_rate,china,CHN,,China policy-rate proxy,3.85,percent_per_annum,monthly,BIS_CBPOL,Central bank policy rates,https://stats.bis.org/api/v1/data/WS_CBPOL/,https://www.bis.org/statistics/cbpol/cbpol_doc.pdf,2026-08-31T14:34:21.955240Z,none
2021-01-31,china_policy_rate,china,CHN,,China policy-rate proxy,3.85,percent_per_annum,monthly,BIS_CBPOL,Central bank policy rates,https://stats.bis.org/api/v1/data/WS_CBPOL/,https://www.bis.org/statistics/cbpol/cbpol_doc.pdf,2026-08-31T14:34:21.955240Z,none
2021-02-28,china_policy_rate,china,CHN,,China policy-rate proxy,3.85,percent_per_annum,monthly,BIS_CBPOL,Central bank policy rates,https://stats.bis.org/api/v1/data/WS_CBPOL/,https://www.bis.org/statistics/cbpol/cbpol_doc.pdf,2026-08-31T14:34:21.955240Z,none
2021-03-31,china_policy_rate,china,CHN,,China policy-rate proxy,3.85,percent_per_annum,monthly,BIS_CBPOL,Central bank policy rates,https://stats.bis.org/api/v1/data/WS_CBPOL/,https://www.bis.org/statistics/cbpol/cbpol_doc.pdf,2026-08-31T14:34:21.955240Z,none
2021-04-30,china_policy_rate,china,CHN,,China policy-rate proxy,3.85,percent_per_annum,monthly,BIS_CBPOL,Central bank policy rates,https://stats.bis.org/api/v1/data/WS_CBPOL/,https://www.bis.org/statistics/cbpol/cbpol_doc.pdf,2026-08-31T14:34:21.955240Z,none
2021-05-31,china_policy_rate,china,CHN,,China policy-rate proxy,3.85,percent_per_annum,monthly,BIS_CBPOL,Central bank policy rates,https://stats.bis.org/api/v1/data/WS_CBPOL/,https://www.bis.org/statistics/cbpol/cbpol_doc.pdf,2026-08-31T14:34:21.955240Z,none
2021-06-30,china_policy_rate,china,CHN,,China policy-rate proxy,3.85,percent_per_annum,monthly,BIS_CBPOL,Central bank policy rates,https://stats.bis.org/api/v1/data/WS_CBPOL/,https://www.bis.org/statistics/cbpol/cbpol_doc.pdf,2026-08-31T14:34:21.955240Z,none
2021-07-31,china_policy_rate,china,CHN,,China policy-rate proxy,3.85,percent_per_annum,monthly,BIS_CBPOL,Central bank policy rates,https://stats.bis.org/api/v1/data/WS_CBPOL/,https://www.bis.org/statistics/cbpol/cbpol_doc.pdf,2026-08-31T14:34:21.955240Z,none
2021-08-31,china_policy_rate,china,CHN,,China policy-rate proxy,3.85,percent_per_annum,monthly,BIS_CBPOL,Central bank policy rates,https://stats.bis.org/api/v1/data/WS_CBPOL/,https://www.bis.org/statistics/cbpol/cbpol_doc.pdf,2026-08-31T14:34:21.955240Z,none
2021-09-30,china_policy_rate,china,CHN,,China policy-rate proxy,3.85,percent_per_annum,monthly,BIS_CBPOL,Central bank policy rates,https://stats.bis.org/api/v1/data/WS_CBPOL/,https://www.bis.org/statistics/cbpol/cbpol_doc.pdf,2026-08-31T14:34:21.955240Z,none
2021-10-31,china_policy_rate,china,CHN,,China policy-rate proxy,3.85,percent_per_annum,monthly,BIS_CBPOL,Central bank policy rates,https://stats.bis.org/api/v1/data/WS_CBPOL/,https://www.bis.org/statistics/cbpol/cbpol_doc.pdf,2026-08-31T14:34:21.955240Z,none
2021-11-30,china_policy_rate,china,CHN,,China policy-rate proxy,3.85,percent_per_annum,monthly,BIS_CBPOL,Central bank policy rates,https://stats.bis.org/api/v1/data/WS_CBPOL/,https://www.bis.org/statistics/cbpol/cbpol_doc.pdf,2026-08-31T14:34:21.955240Z,none
2021-12-31,china_policy_rate,china,CHN,,China policy-rate proxy,3.8,percent_per_annum,monthly,BIS_CBPOL,Central bank policy rates,https://stats.bis.org/api/v1/data/WS_CBPOL/,https://www.bis.org/statistics/cbpol/cbpol_doc.pdf,2026-08-31T14:34:21.955240Z,none
2022-01-31,china_policy_rate,china,CHN,,China policy-rate proxy,3.7,percent_per_annum,monthly,BIS_CBPOL,Central bank policy rates,https://stats.bis.org/api/v1/data/WS_CBPOL/,https://www.bis.org/statistics/cbpol/cbpol_doc.pdf,2026-08-31T14:34:21.955240Z,none
2022-02-28,china_policy_rate,china,CHN,,China policy-rate proxy,3.7,percent_per_annum,monthly,BIS_CBPOL,Central bank policy rates,https://stats.bis.org/api/v1/data/WS_CBPOL/,https://www.bis.org/statistics/cbpol/cbpol_doc.pdf,2026-08-31T14:34:21.955240Z,none
2022-03-31,china_policy_rate,china,CHN,,China policy-rate proxy,3.7,percent_per_annum,monthly,BIS_CBPOL,Central bank policy rates,https://stats.bis.org/api/v1/data/WS_CBPOL/,https://www.bis.org/statistics/cbpol/cbpol_doc.pdf,2026-08-31T14:34:21.955240Z,none
2022-04-30,china_policy_rate,china,CHN,,China policy-rate proxy,3.7,percent_per_annum,monthly,BIS_CBPOL,Central bank policy rates,https://stats.bis.org/api/v1/data/WS_CBPOL/,https://www.bis.org/statistics/cbpol/cbpol_doc.pdf,2026-08-31T14:34:21.955240Z,none
2022-05-31,china_policy_rate,china,CHN,,China policy-rate proxy,3.7,percent_per_annum,monthly,BIS_CBPOL,Central bank policy rates,https://stats.bis.org/api/v1/data/WS_CBPOL/,https://www.bis.org/statistics/cbpol/cbpol_doc.pdf,2026-08-31T14:34:21.955240Z,none
2022-06-30,china_policy_rate,china,CHN,,China policy-rate proxy,3.7,percent_per_annum,monthly,BIS_CBPOL,Central bank policy rates,https://stats.bis.org/api/v1/data/WS_CBPOL/,https://www.bis.org/statistics/cbpol/cbpol_doc.pdf,2026-08-31T14:34:21.955240Z,none
2022-07-31,china_policy_rate,china,CHN,,China policy-rate proxy,3.7,percent_per_annum,monthly,BIS_CBPOL,Central bank policy rates,https://stats.bis.org/api/v1/data/WS_CBPOL/,https://www.bis.org/statistics/cbpol/cbpol_doc.pdf,2026-08-31T14:34:21.955240Z,none
2022-08-31,china_policy_rate,china,CHN,,China policy-rate proxy,3.65,percent_per_annum,monthly,BIS_CBPOL,Central bank policy rates,https://stats.bis.org/api/v1/data/WS_CBPOL/,https://www.bis.org/statistics/cbpol/cbpol_doc.pdf,2026-08-31T14:34:21.955240Z,none
2022-09-30,china_policy_rate,china,CHN,,China policy-rate proxy,3.65,percent_per_annum,monthly,BIS_CBPOL,Central bank policy rates,https://stats.bis.org/api/v1/data/WS_CBPOL/,https://www.bis.org/statistics/cbpol/cbpol_doc.pdf,2026-08-31T14:34:21.955240Z,none
2022-10-31,china_policy_rate,china,CHN,,China policy-rate proxy,3.65,percent_per_annum,monthly,BIS_CBPOL,Central bank policy rates,https://stats.bis.org/api/v1/data/WS_CBPOL/,https://www.bis.org/statistics/cbpol/cbpol_doc.pdf,2026-08-31T14:34:21.955240Z,none
2022-11-30,china_policy_rate,china,CHN,,China policy-rate proxy,3.65,percent_per_annum,monthly,BIS_CBPOL,Central bank policy rates,https://stats.bis.org/api/v1/data/WS_CBPOL/,https://www.bis.org/statistics/cbpol/cbpol_doc.pdf,2026-08-31T14:34:21.955240Z,none
2022-12-31,china_policy_rate,china,CHN,,China policy-rate proxy,3.65,percent_per_annum,monthly,BIS_CBPOL,Central bank policy rates,https://stats.bis.org/api/v1/data/WS_CBPOL/,https://www.bis.org/statistics/cbpol/cbpol_doc.pdf,2026-08-31T14:34:21.955240Z,none
2023-01-31,china_policy_rate,china,CHN,,China policy-rate proxy,3.65,percent_per_annum,monthly,BIS_CBPOL,Central bank policy rates,https://stats.bis.org/api/v1/data/WS_CBPOL/,https://www.bis.org/statistics/cbpol/cbpol_doc.pdf,2026-08-31T14:34:21.955240Z,none
2023-02-28,china_policy_rate,china,CHN,,China policy-rate proxy,3.65,percent_per_annum,monthly,BIS_CBPOL,Central bank policy rates,https://stats.bis.org/api/v1/data/WS_CBPOL/,https://www.bis.org/statistics/cbpol/cbpol_doc.pdf,2026-08-31T14:34:21.955240Z,none
2023-03-31,china_policy_rate,china,CHN,,China policy-rate proxy,3.65,percent_per_annum,monthly,BIS_CBPOL,Central bank policy rates,https://stats.bis.org/api/v1/data/WS_CBPOL/,https://www.bis.org/statistics/cbpol/cbpol_doc.pdf,2026-08-31T14:34:21.955240Z,none
2023-04-30,china_policy_rate,china,CHN,,China policy-rate proxy,3.65,percent_per_annum,monthly,BIS_CBPOL,Central bank policy rates,https://stats.bis.org/api/v1/data/WS_CBPOL/,https://www.bis.org/statistics/cbpol/cbpol_doc.pdf,2026-08-31T14:34:21.955240Z,none
2023-05-31,china_policy_rate,china,CHN,,China policy-rate proxy,3.65,percent_per_annum,monthly,BIS_CBPOL,Central bank policy rates,https://stats.bis.org/api/v1/data/WS_CBPOL/,https://www.bis.org/statistics/cbpol/cbpol_doc.pdf,2026-08-31T14:34:21.955240Z,none
2023-06-30,china_policy_rate,china,CHN,,China policy-rate proxy,3.55,percent_per_annum,monthly,BIS_CBPOL,Central bank policy rates,https://stats.bis.org/api/v1/data/WS_CBPOL/,https://www.bis.org/statistics/cbpol/cbpol_doc.pdf,2026-08-31T14:34:21.955240Z,none
2023-07-31,china_policy_rate,china,CHN,,China policy-rate proxy,3.55,percent_per_annum,monthly,BIS_CBPOL,Central bank policy rates,https://stats.bis.org/api/v1/data/WS_CBPOL/,https://www.bis.org/statistics/cbpol/cbpol_doc.pdf,2026-08-31T14:34:21.955240Z,none
2023-08-31,china_policy_rate,china,CHN,,China policy-rate proxy,3.45,percent_per_annum,monthly,BIS_CBPOL,Central bank policy rates,https://stats.bis.org/api/v1/data/WS_CBPOL/,https://www.bis.org/statistics/cbpol/cbpol_doc.pdf,2026-08-31T14:34:21.955240Z,none
2023-09-30,china_policy_rate,china,CHN,,China policy-rate proxy,3.45,percent_per_annum,monthly,BIS_CBPOL,Central bank policy rates,https://stats.bis.org/api/v1/data/WS_CBPOL/,https://www.bis.org/statistics/cbpol/cbpol_doc.pdf,2026-08-31T14:34:21.955240Z,none
2023-10-31,china_policy_rate,china,CHN,,China policy-rate proxy,3.45,percent_per_annum,monthly,BIS_CBPOL,Central bank policy rates,https://stats.bis.org/api/v1/data/WS_CBPOL/,https://www.bis.org/statistics/cbpol/cbpol_doc.pdf,2026-08-31T14:34:21.955240Z,none
2023-11-30,china_policy_rate,china,CHN,,China policy-rate proxy,3.45,percent_per_annum,monthly,BIS_CBPOL,Central bank policy rates,https://stats.bis.org/api/v1/data/WS_CBPOL/,https://www.bis.org/statistics/cbpol/cbpol_doc.pdf,2026-08-31T14:34:21.955240Z,none
2023-12-31,china_policy_rate,china,CHN,,China policy-rate proxy,3.45,percent_per_annum,monthly,BIS_CBPOL,Central bank policy rates,https://stats.bis.org/api/v1/data/WS_CBPOL/,https://www.bis.org/statistics/cbpol/cbpol_doc.pdf,2026-08-31T14:34:21.955240Z,none
2024-01-31,china_policy_rate,china,CHN,,China policy-rate proxy,3.45,percent_per_annum,monthly,BIS_CBPOL,Central bank policy rates,https://stats.bis.org/api/v1/data/WS_CBPOL/,https://www.bis.org/statistics/cbpol/cbpol_doc.pdf,2026-08-31T14:34:21.955240Z,none
2024-02-29,china_policy_rate,china,CHN,,China policy-rate proxy,3.45,percent_per_annum,monthly,BIS_CBPOL,Central bank policy rates,https://stats.bis.org/api/v1/data/WS_CBPOL/,https://www.bis.org/statistics/cbpol/cbpol_doc.pdf,2026-08-31T14:34:21.955240Z,none
2024-03-31,china_policy_rate,china,CHN,,China policy-rate proxy,3.45,percent_per_annum,monthly,BIS_CBPOL,Central bank policy rates,https://stats.bis.org/api/v1/data/WS_CBPOL/,https://www.bis.org/statistics/cbpol/cbpol_doc.pdf,2026-08-31T14:34:21.955240Z,none
2024-04-30,china_policy_rate,china,CHN,,China policy-rate proxy,3.45,percent_per_annum,monthly,BIS_CBPOL,Central bank policy rates,https://stats.bis.org/api/v1/data/WS_CBPOL/,https://www.bis.org/statistics/cbpol/cbpol_doc.pdf,2026-08-31T14:34:21.955240Z,none
2024-05-31,china_policy_rate,china,CHN,,China policy-rate proxy,3.45,percent_per_annum,monthly,BIS_CBPOL,Central bank policy rates,https://stats.bis.org/api/v1/data/WS_CBPOL/,https://www.bis.org/statistics/cbpol/cbpol_doc.pdf,2026-08-31T14:34:21.955240Z,none
2024-06-30,china_policy_rate,china,CHN,,China policy-rate proxy,3.45,percent_per_annum,monthly,BIS_CBPOL,Central bank policy rates,https://stats.bis.org/api/v1/data/WS_CBPOL/,https://www.bis.org/statistics/cbpol/cbpol_doc.pdf,2026-08-31T14:34:21.955240Z,none
2024-07-31,china_policy_rate,china,CHN,,China policy-rate proxy,3.35,percent_per_annum,monthly,BIS_CBPOL,Central bank policy rates,https://stats.bis.org/api/v1/data/WS_CBPOL/,https://www.bis.org/statistics/cbpol/cbpol_doc.pdf,2026-08-31T14:34:21.955240Z,none
2024-08-31,china_policy_rate,china,CHN,,China policy-rate proxy,3.35,percent_per_annum,monthly,BIS_CBPOL,Central bank policy rates,https://stats.bis.org/api/v1/data/WS_CBPOL/,https://www.bis.org/statistics/cbpol/cbpol_doc.pdf,2026-08-31T14:34:21.955240Z,none
2024-09-30,china_policy_rate,china,CHN,,China policy-rate proxy,3.35,percent_per_annum,monthly,BIS_CBPOL,Central bank policy rates,https://stats.bis.org/api/v1/data/WS_CBPOL/,https://www.bis.org/statistics/cbpol/cbpol_doc.pdf,2026-08-31T14:34:21.955240Z,none
2024-10-31,china_policy_rate,china,CHN,,China policy-rate proxy,3.1,percent_per_annum,monthly,BIS_CBPOL,Central bank policy rates,https://stats.bis.org/api/v1/data/WS_CBPOL/,https://www.bis.org/statistics/cbpol/cbpol_doc.pdf,2026-08-31T14:34:21.955240Z,none
2024-11-30,china_policy_rate,china,CHN,,China policy-rate proxy,3.1,percent_per_annum,monthly,BIS_CBPOL,Central bank policy rates,https://stats.bis.org/api/v1/data/WS_CBPOL/,https://www.bis.org/statistics/cbpol/cbpol_doc.pdf,2026-08-31T14:34:21.955240Z,none
2024-12-31,china_policy_rate,china,CHN,,China policy-rate proxy,3.1,percent_per_annum,monthly,BIS_CBPOL,Central bank policy rates,https://stats.bis.org/api/v1/data/WS_CBPOL/,https://www.bis.org/statistics/cbpol/cbpol_doc.pdf,2026-08-31T14:34:21.955240Z,none
2025-01-31,china_policy_rate,china,CHN,,China policy-rate proxy,3.1,percent_per_annum,monthly,BIS_CBPOL,Central bank policy rates,https://stats.bis.org/api/v1/data/WS_CBPOL/,https://www.bis.org/statistics/cbpol/cbpol_doc.pdf,2026-08-31T14:34:21.955240Z,none
2025-02-28,china_policy_rate,china,CHN,,China policy-rate proxy,3.1,percent_per_annum,monthly,BIS_CBPOL,Central bank policy rates,https://stats.bis.org/api/v1/data/WS_CBPOL/,https://www.bis.org/statistics/cbpol/cbpol_doc.pdf,2026-08-31T14:34:21.955240Z,none
2025-03-31,china_policy_rate,china,CHN,,China policy-rate proxy,3.1,percent_per_annum,monthly,BIS_CBPOL,Central bank policy rates,https://stats.bis.org/api/v1/data/WS_CBPOL/,https://www.bis.org/statistics/cbpol/cbpol_doc.pdf,2026-08-31T14:34:21.955240Z,none
2025-04-30,china_policy_rate,china,CHN,,China policy-rate proxy,3.1,percent_per_annum,monthly,BIS_CBPOL,Central bank policy rates,https://stats.bis.org/api/v1/data/WS_CBPOL/,https://www.bis.org/statistics/cbpol/cbpol_doc.pdf,2026-08-31T14:34:21.955240Z,none
2025-05-31,china_policy_rate,china,CHN,,China policy-rate proxy,3,percent_per_annum,monthly,BIS_CBPOL,Central bank policy rates,https://stats.bis.org/api/v1/data/WS_CBPOL/,https://www.bis.org/statistics/cbpol/cbpol_doc.pdf,2026-08-31T14:34:21.955240Z,none
2025-06-30,china_policy_rate,china,CHN,,China policy-rate proxy,3,percent_per_annum,monthly,BIS_CBPOL,Central bank policy rates,https://stats.bis.org/api/v1/data/WS_CBPOL/,https://www.bis.org/statistics/cbpol/cbpol_doc.pdf,2026-08-31T14:34:21.955240Z,none
2025-07-31,china_policy_rate,china,CHN,,China policy-rate proxy,3,percent_per_annum,monthly,BIS_CBPOL,Central bank policy rates,https://stats.bis.org/api/v1/data/WS_CBPOL/,https://www.bis.org/statistics/cbpol/cbpol_doc.pdf,2026-08-31T14:34:21.955240Z,none
2025-08-31,china_policy_rate,china,CHN,,China policy-rate proxy,3,percent_per_annum,monthly,BIS_CBPOL,Central bank policy rates,https://stats.bis.org/api/v1/data/WS_CBPOL/,https://www.bis.org/statistics/cbpol/cbpol_doc.pdf,2026-08-31T14:34:21.955240Z,none
2025-09-30,china_policy_rate,china,CHN,,China policy-rate proxy,3,percent_per_annum,monthly,BIS_CBPOL,Central bank policy rates,https://stats.bis.org/api/v1/data/WS_CBPOL/,https://www.bis.org/statistics/cbpol/cbpol_doc.pdf,2026-08-31T14:34:21.955240Z,none
2025-10-31,china_policy_rate,china,CHN,,China policy-rate proxy,3,percent_per_annum,monthly,BIS_CBPOL,Central bank policy rates,https://stats.bis.org/api/v1/data/WS_CBPOL/,https://www.bis.org/statistics/cbpol/cbpol_doc.pdf,2026-08-31T14:34:21.955240Z,none
2025-11-30,china_policy_rate,china,CHN,,China policy-rate proxy,3,percent_per_annum,monthly,BIS_CBPOL,Central bank policy rates,https://stats.bis.org/api/v1/data/WS_CBPOL/,https://www.bis.org/statistics/cbpol/cbpol_doc.pdf,2026-08-31T14:34:21.955240Z,none
2025-12-31,china_policy_rate,china,CHN,,China policy-rate proxy,3,percent_per_annum,monthly,BIS_CBPOL,Central bank policy rates,https://stats.bis.org/api/v1/data/WS_CBPOL/,https://www.bis.org/statistics/cbpol/cbpol_doc.pdf,2026-08-31T14:34:21.955240Z,none
2026-01-31,china_policy_rate,china,CHN,,China policy-rate proxy,3,percent_per_annum,monthly,BIS_CBPOL,Central bank policy rates,https://stats.bis.org/api/v1/data/WS_CBPOL/,https://www.bis.org/statistics/cbpol/cbpol_doc.pdf,2026-08-31T14:34:21.955240Z,none
2026-02-28,china_policy_rate,china,CHN,,China policy-rate proxy,3,percent_per_annum,monthly,BIS_CBPOL,Central bank policy rates,https://stats.bis.org/api/v1/data/WS_CBPOL/,https://www.bis.org/statistics/cbpol/cbpol_doc.pdf,2026-08-31T14:34:21.955240Z,none
2026-03-31,china_policy_rate,china,CHN,,China policy-rate proxy,3,percent_per_annum,monthly,BIS_CBPOL,Central bank policy rates,https://stats.bis.org/api/v1/data/WS_CBPOL/,https://www.bis.org/statistics/cbpol/cbpol_doc.pdf,2026-08-31T14:34:21.955240Z,none
2026-04-30,china_policy_rate,china,CHN,,China policy-rate proxy,3,percent_per_annum,monthly,BIS_CBPOL,Central bank policy rates,https://stats.bis.org/api/v1/data/WS_CBPOL/,https://www.bis.org/statistics/cbpol/cbpol_doc.pdf,2026-08-31T14:34:21.955240Z,none
2026-05-31,china_policy_rate,china,CHN,,China policy-rate proxy,3,percent_per_annum,monthly,BIS_CBPOL,Central bank policy rates,https://stats.bis.org/api/v1/data/WS_CBPOL/,https://www.bis.org/statistics/cbpol/cbpol_doc.pdf,2026-08-31T14:34:21.955240Z,none
2026-06-30,china_policy_rate,china,CHN,,China policy-rate proxy,3,percent_per_annum,monthly,BIS_CBPOL,Central bank policy rates,https://stats.bis.org/api/v1/data/WS_CBPOL/,https://www.bis.org/statistics/cbpol/cbpol_doc.pdf,2026-08-31T14:34:21.955240Z,none
1994-01-31,chn_inflation,china,CHN,CNY,China inflation,21.10001082,percent,monthly,IMF_CPI,Consumer Price Index (CPI),https://api.imf.org/external/sdmx/3.0/data/dataflow/IMF.STA/CPI/latest/,https://data.imf.org/Datasets/CPI,2026-08-31T14:35:13.815354Z,none
1994-02-28,chn_inflation,china,CHN,CNY,China inflation,23.2000118,percent,monthly,IMF_CPI,Consumer Price Index (CPI),https://api.imf.org/external/sdmx/3.0/data/dataflow/IMF.STA/CPI/latest/,https://data.imf.org/Datasets/CPI,2026-08-31T14:35:13.815354Z,none
1994-03-31,chn_inflation,china,CHN,CNY,China inflation,22.39997303,percent,monthly,IMF_CPI,Consumer Price Index (CPI),https://api.imf.org/external/sdmx/3.0/data/dataflow/IMF.STA/CPI/latest/,https://data.imf.org/Datasets/CPI,2026-08-31T14:35:13.815354Z,none
1994-04-30,chn_inflation,china,CHN,CNY,China inflation,21.70001961,percent,monthly,IMF_CPI,Consumer Price Index (CPI),https://api.imf.org/external/sdmx/3.0/data/dataflow/IMF.STA/CPI/latest/,https://data.imf.org/Datasets/CPI,2026-08-31T14:35:13.815354Z,none
1994-05-31,chn_inflation,china,CHN,CNY,China inflation,21.30001248,percent,monthly,IMF_CPI,Consumer Price Index (CPI),https://api.imf.org/external/sdmx/3.0/data/dataflow/IMF.STA/CPI/latest/,https://data.imf.org/Datasets/CPI,2026-08-31T14:35:13.815354Z,none
1994-06-30,chn_inflation,china,CHN,CNY,China inflation,22.59999561,percent,monthly,IMF_CPI,Consumer Price Index (CPI),https://api.imf.org/external/sdmx/3.0/data/dataflow/IMF.STA/CPI/latest/,https://data.imf.org/Datasets/CPI,2026-08-31T14:35:13.815354Z,none
1994-07-31,chn_inflation,china,CHN,CNY,China inflation,24.00000407,percent,monthly,IMF_CPI,Consumer Price Index (CPI),https://api.imf.org/external/sdmx/3.0/data/dataflow/IMF.STA/CPI/latest/,https://data.imf.org/Datasets/CPI,2026-08-31T14:35:13.815354Z,none
1994-08-31,chn_inflation,china,CHN,CNY,China inflation,25.80000359,percent,monthly,IMF_CPI,Consumer Price Index (CPI),https://api.imf.org/external/sdmx/3.0/data/dataflow/IMF.STA/CPI/latest/,https://data.imf.org/Datasets/CPI,2026-08-31T14:35:13.815354Z,none
1994-09-30,chn_inflation,china,CHN,CNY,China inflation,27.30000226,percent,monthly,IMF_CPI,Consumer Price Index (CPI),https://api.imf.org/external/sdmx/3.0/data/dataflow/IMF.STA/CPI/latest/,https://data.imf.org/Datasets/CPI,2026-08-31T14:35:13.815354Z,none
1994-10-31,chn_inflation,china,CHN,CNY,China inflation,27.70000072,percent,monthly,IMF_CPI,Consumer Price Index (CPI),https://api.imf.org/external/sdmx/3.0/data/dataflow/IMF.STA/CPI/latest/,https://data.imf.org/Datasets/CPI,2026-08-31T14:35:13.815354Z,none
1994-11-30,chn_inflation,china,CHN,CNY,China inflation,27.50000239,percent,monthly,IMF_CPI,Consumer Price Index (CPI),https://api.imf.org/external/sdmx/3.0/data/dataflow/IMF.STA/CPI/latest/,https://data.imf.org/Datasets/CPI,2026-08-31T14:35:13.815354Z,none
1994-12-31,chn_inflation,china,CHN,CNY,China inflation,25.50000869,percent,monthly,IMF_CPI,Consumer Price Index (CPI),https://api.imf.org/external/sdmx/3.0/data/dataflow/IMF.STA/CPI/latest/,https://data.imf.org/Datasets/CPI,2026-08-31T14:35:13.815354Z,none
1995-01-31,chn_inflation,china,CHN,CNY,China inflation,24.1000039,percent,monthly,IMF_CPI,Consumer Price Index (CPI),https://api.imf.org/external/sdmx/3.0/data/dataflow/IMF.STA/CPI/latest/,https://data.imf.org/Datasets/CPI,2026-08-31T14:35:13.815354Z,none
1995-02-28,chn_inflation,china,CHN,CNY,China inflation,22.39999146,percent,monthly,IMF_CPI,Consumer Price Index (CPI),https://api.imf.org/external/sdmx/3.0/data/dataflow/IMF.STA/CPI/latest/,https://data.imf.org/Datasets/CPI,2026-08-31T14:35:13.815354Z,none
1995-03-31,chn_inflation,china,CHN,CNY,China inflation,21.30001521,percent,monthly,IMF_CPI,Consumer Price Index (CPI),https://api.imf.org/external/sdmx/3.0/data/dataflow/IMF.STA/CPI/latest/,https://data.imf.org/Datasets/CPI,2026-08-31T14:35:13.815354Z,none
1995-04-30,chn_inflation,china,CHN,CNY,China inflation,20.69999907,percent,monthly,IMF_CPI,Consumer Price Index (CPI),https://api.imf.org/external/sdmx/3.0/data/dataflow/IMF.STA/CPI/latest/,https://data.imf.org/Datasets/CPI,2026-08-31T14:35:13.815354Z,none
1995-05-31,chn_inflation,china,CHN,CNY,China inflation,20.29999131,percent,monthly,IMF_CPI,Consumer Price Index (CPI),https://api.imf.org/external/sdmx/3.0/data/dataflow/IMF.STA/CPI/latest/,https://data.imf.org/Datasets/CPI,2026-08-31T14:35:13.815354Z,none
1995-06-30,chn_inflation,china,CHN,CNY,China inflation,18.20000853,percent,monthly,IMF_CPI,Consumer Price Index (CPI),https://api.imf.org/external/sdmx/3.0/data/dataflow/IMF.STA/CPI/latest/,https://data.imf.org/Datasets/CPI,2026-08-31T14:35:13.815354Z,none
1995-07-31,chn_inflation,china,CHN,CNY,China inflation,16.6999888,percent,monthly,IMF_CPI,Consumer Price Index (CPI),https://api.imf.org/external/sdmx/3.0/data/dataflow/IMF.STA/CPI/latest/,https://data.imf.org/Datasets/CPI,2026-08-31T14:35:13.815354Z,none
1995-08-31,chn_inflation,china,CHN,CNY,China inflation,14.50000198,percent,monthly,IMF_CPI,Consumer Price Index (CPI),https://api.imf.org/external/sdmx/3.0/data/dataflow/IMF.STA/CPI/latest/,https://data.imf.org/Datasets/CPI,2026-08-31T14:35:13.815354Z,none
1995-09-30,chn_inflation,china,CHN,CNY,China inflation,13.19999802,percent,monthly,IMF_CPI,Consumer Price Index (CPI),https://api.imf.org/external/sdmx/3.0/data/dataflow/IMF.STA/CPI/latest/,https://data.imf.org/Datasets/CPI,2026-08-31T14:35:13.815354Z,none
1995-10-31,chn_inflation,china,CHN,CNY,China inflation,12.09999385,percent,monthly,IMF_CPI,Consumer Price Index (CPI),https://api.imf.org/external/sdmx/3.0/data/dataflow/IMF.STA/CPI/latest/,https://data.imf.org/Datasets/CPI,2026-08-31T14:35:13.815354Z,none
1995-11-30,chn_inflation,china,CHN,CNY,China inflation,11.20000524,percent,monthly,IMF_CPI,Consumer Price Index (CPI),https://api.imf.org/external/sdmx/3.0/data/dataflow/IMF.STA/CPI/latest/,https://data.imf.org/Datasets/CPI,2026-08-31T14:35:13.815354Z,none
1995-12-31,chn_inflation,china,CHN,CNY,China inflation,10.09999464,percent,monthly,IMF_CPI,Consumer Price Index (CPI),https://api.imf.org/external/sdmx/3.0/data/dataflow/IMF.STA/CPI/latest/,https://data.imf.org/Datasets/CPI,2026-08-31T14:35:13.815354Z,none
1996-01-31,chn_inflation,china,CHN,CNY,China inflation,8.9999842,percent,monthly,IMF_CPI,Consumer Price Index (CPI),https://api.imf.org/external/sdmx/3.0/data/dataflow/IMF.STA/CPI/latest/,https://data.imf.org/Datasets/CPI,2026-08-31T14:35:13.815354Z,none
1996-02-29,chn_inflation,china,CHN,CNY,China inflation,9.30001459,percent,monthly,IMF_CPI,Consumer Price Index (CPI),https://api.imf.org/external/sdmx/3.0/data/dataflow/IMF.STA/CPI/latest/,https://data.imf.org/Datasets/CPI,2026-08-31T14:35:13.815354Z,none
1996-03-31,chn_inflation,china,CHN,CNY,China inflation,9.80000557,percent,monthly,IMF_CPI,Consumer Price Index (CPI),https://api.imf.org/external/sdmx/3.0/data/dataflow/IMF.STA/CPI/latest/,https://data.imf.org/Datasets/CPI,2026-08-31T14:35:13.815354Z,none
1996-04-30,chn_inflation,china,CHN,CNY,China inflation,9.6999942,percent,monthly,IMF_CPI,Consumer Price Index (CPI),https://api.imf.org/external/sdmx/3.0/data/dataflow/IMF.STA/CPI/latest/,https://data.imf.org/Datasets/CPI,2026-08-31T14:35:13.815354Z,none
1996-05-31,chn_inflation,china,CHN,CNY,China inflation,8.90000631,percent,monthly,IMF_CPI,Consumer Price Index (CPI),https://api.imf.org/external/sdmx/3.0/data/dataflow/IMF.STA/CPI/latest/,https://data.imf.org/Datasets/CPI,2026-08-31T14:35:13.815354Z,none
1996-06-30,chn_inflation,china,CHN,CNY,China inflation,8.60000851,percent,monthly,IMF_CPI,Consumer Price Index (CPI),https://api.imf.org/external/sdmx/3.0/data/dataflow/IMF.STA/CPI/latest/,https://data.imf.org/Datasets/CPI,2026-08-31T14:35:13.815354Z,none
1996-07-31,chn_inflation,china,CHN,CNY,China inflation,8.29999777,percent,monthly,IMF_CPI,Consumer Price Index (CPI),https://api.imf.org/external/sdmx/3.0/data/dataflow/IMF.STA/CPI/latest/,https://data.imf.org/Datasets/CPI,2026-08-31T14:35:13.815354Z,none
1996-08-31,chn_inflation,china,CHN,CNY,China inflation,8.10000517,percent,monthly,IMF_CPI,Consumer Price Index (CPI),https://api.imf.org/external/sdmx/3.0/data/dataflow/IMF.STA/CPI/latest/,https://data.imf.org/Datasets/CPI,2026-08-31T14:35:13.815354Z,none
1996-09-30,chn_inflation,china,CHN,CNY,China inflation,7.40000057,percent,monthly,IMF_CPI,Consumer Price Index (CPI),https://api.imf.org/external/sdmx/3.0/data/dataflow/IMF.STA/CPI/latest/,https://data.imf.org/Datasets/CPI,2026-08-31T14:35:13.815354Z,none
1996-10-31,chn_inflation,china,CHN,CNY,China inflation,7.00001683,percent,monthly,IMF_CPI,Consumer Price Index (CPI),https://api.imf.org/external/sdmx/3.0/data/dataflow/IMF.STA/CPI/latest/,https://data.imf.org/Datasets/CPI,2026-08-31T14:35:13.815354Z,none
1996-11-30,chn_inflation,china,CHN,CNY,China inflation,6.8999999,percent,monthly,IMF_CPI,Consumer Price Index (CPI),https://api.imf.org/external/sdmx/3.0/data/dataflow/IMF.STA/CPI/latest/,https://data.imf.org/Datasets/CPI,2026-08-31T14:35:13.815354Z,none
1996-12-31,chn_inflation,china,CHN,CNY,China inflation,7.00001157,percent,monthly,IMF_CPI,Consumer Price Index (CPI),https://api.imf.org/external/sdmx/3.0/data/dataflow/IMF.STA/CPI/latest/,https://data.imf.org/Datasets/CPI,2026-08-31T14:35:13.815354Z,none
1997-01-31,chn_inflation,china,CHN,CNY,China inflation,5.90001166,percent,monthly,IMF_CPI,Consumer Price Index (CPI),https://api.imf.org/external/sdmx/3.0/data/dataflow/IMF.STA/CPI/latest/,https://data.imf.org/Datasets/CPI,2026-08-31T14:35:13.815354Z,none
1997-02-28,chn_inflation,china,CHN,CNY,China inflation,5.59999792,percent,monthly,IMF_CPI,Consumer Price Index (CPI),https://api.imf.org/external/sdmx/3.0/data/dataflow/IMF.STA/CPI/latest/,https://data.imf.org/Datasets/CPI,2026-08-31T14:35:13.815354Z,none
1997-03-31,chn_inflation,china,CHN,CNY,China inflation,3.99999418,percent,monthly,IMF_CPI,Consumer Price Index (CPI),https://api.imf.org/external/sdmx/3.0/data/dataflow/IMF.STA/CPI/latest/,https://data.imf.org/Datasets/CPI,2026-08-31T14:35:13.815354Z,none
1997-04-30,chn_inflation,china,CHN,CNY,China inflation,3.20000991,percent,monthly,IMF_CPI,Consumer Price Index (CPI),https://api.imf.org/external/sdmx/3.0/data/dataflow/IMF.STA/CPI/latest/,https://data.imf.org/Datasets/CPI,2026-08-31T14:35:13.815354Z,none
1997-05-31,chn_inflation,china,CHN,CNY,China inflation,2.79998362,percent,monthly,IMF_CPI,Consumer Price Index (CPI),https://api.imf.org/external/sdmx/3.0/data/dataflow/IMF.STA/CPI/latest/,https://data.imf.org/Datasets/CPI,2026-08-31T14:35:13.815354Z,none
1997-06-30,chn_inflation,china,CHN,CNY,China inflation,2.79998793,percent,monthly,IMF_CPI,Consumer Price Index (CPI),https://api.imf.org/external/sdmx/3.0/data/dataflow/IMF.STA/CPI/latest/,https://data.imf.org/Datasets/CPI,2026-08-31T14:35:13.815354Z,none
1997-07-31,chn_inflation,china,CHN,CNY,China inflation,2.70000883,percent,monthly,IMF_CPI,Consumer Price Index (CPI),https://api.imf.org/external/sdmx/3.0/data/dataflow/IMF.STA/CPI/latest/,https://data.imf.org/Datasets/CPI,2026-08-31T14:35:13.815354Z,none
1997-08-31,chn_inflation,china,CHN,CNY,China inflation,1.89999117,percent,monthly,IMF_CPI,Consumer Price Index (CPI),https://api.imf.org/external/sdmx/3.0/data/dataflow/IMF.STA/CPI/latest/,https://data.imf.org/Datasets/CPI,2026-08-31T14:35:13.815354Z,none
1997-09-30,chn_inflation,china,CHN,CNY,China inflation,1.80000593,percent,monthly,IMF_CPI,Consumer Price Index (CPI),https://api.imf.org/external/sdmx/3.0/data/dataflow/IMF.STA/CPI/latest/,https://data.imf.org/Datasets/CPI,2026-08-31T14:35:13.815354Z,none
1997-10-31,chn_inflation,china,CHN,CNY,China inflation,1.49998789,percent,monthly,IMF_CPI,Consumer Price Index (CPI),https://api.imf.org/external/sdmx/3.0/data/dataflow/IMF.STA/CPI/latest/,https://data.imf.org/Datasets/CPI,2026-08-31T14:35:13.815354Z,none
1997-11-30,chn_inflation,china,CHN,CNY,China inflation,1.09999639,percent,monthly,IMF_CPI,Consumer Price Index (CPI),https://api.imf.org/external/sdmx/3.0/data/dataflow/IMF.STA/CPI/latest/,https://data.imf.org/Datasets/CPI,2026-08-31T14:35:13.815354Z,none
1997-12-31,chn_inflation,china,CHN,CNY,China inflation,0.39998978,percent,monthly,IMF_CPI,Consumer Price Index (CPI),https://api.imf.org/external/sdmx/3.0/data/dataflow/IMF.STA/CPI/latest/,https://data.imf.org/Datasets/CPI,2026-08-31T14:35:13.815354Z,none
1998-01-31,chn_inflation,china,CHN,CNY,China inflation,0.29998899,percent,monthly,IMF_CPI,Consumer Price Index (CPI),https://api.imf.org/external/sdmx/3.0/data/dataflow/IMF.STA/CPI/latest/,https://data.imf.org/Datasets/CPI,2026-08-31T14:35:13.815354Z,none
1998-02-28,chn_inflation,china,CHN,CNY,China inflation,-0.10001381,percent,monthly,IMF_CPI,Consumer Price Index (CPI),https://api.imf.org/external/sdmx/3.0/data/dataflow/IMF.STA/CPI/latest/,https://data.imf.org/Datasets/CPI,2026-08-31T14:35:13.815354Z,none
1998-03-31,chn_inflation,china,CHN,CNY,China inflation,0.6999988,percent,monthly,IMF_CPI,Consumer Price Index (CPI),https://api.imf.org/external/sdmx/3.0/data/dataflow/IMF.STA/CPI/latest/,https://data.imf.org/Datasets/CPI,2026-08-31T14:35:13.815354Z,none
1998-04-30,chn_inflation,china,CHN,CNY,China inflation,-0.3000203,percent,monthly,IMF_CPI,Consumer Price Index (CPI),https://api.imf.org/external/sdmx/3.0/data/dataflow/IMF.STA/CPI/latest/,https://data.imf.org/Datasets/CPI,2026-08-31T14:35:13.815354Z,none
1998-05-31,chn_inflation,china,CHN,CNY,China inflation,-0.99999058,percent,monthly,IMF_CPI,Consumer Price Index (CPI),https://api.imf.org/external/sdmx/3.0/data/dataflow/IMF.STA/CPI/latest/,https://data.imf.org/Datasets/CPI,2026-08-31T14:35:13.815354Z,none
1998-06-30,chn_inflation,china,CHN,CNY,China inflation,-1.30000211,percent,monthly,IMF_CPI,Consumer Price Index (CPI),https://api.imf.org/external/sdmx/3.0/data/dataflow/IMF.STA/CPI/latest/,https://data.imf.org/Datasets/CPI,2026-08-31T14:35:13.815354Z,none
1998-07-31,chn_inflation,china,CHN,CNY,China inflation,-1.39999867,percent,monthly,IMF_CPI,Consumer Price Index (CPI),https://api.imf.org/external/sdmx/3.0/data/dataflow/IMF.STA/CPI/latest/,https://data.imf.org/Datasets/CPI,2026-08-31T14:35:13.815354Z,none
1998-08-31,chn_inflation,china,CHN,CNY,China inflation,-1.40000056,percent,monthly,IMF_CPI,Consumer Price Index (CPI),https://api.imf.org/external/sdmx/3.0/data/dataflow/IMF.STA/CPI/latest/,https://data.imf.org/Datasets/CPI,2026-08-31T14:35:13.815354Z,none
1998-09-30,chn_inflation,china,CHN,CNY,China inflation,-1.49999977,percent,monthly,IMF_CPI,Consumer Price Index (CPI),https://api.imf.org/external/sdmx/3.0/data/dataflow/IMF.STA/CPI/latest/,https://data.imf.org/Datasets/CPI,2026-08-31T14:35:13.815354Z,none
1998-10-31,chn_inflation,china,CHN,CNY,China inflation,-1.09999157,percent,monthly,IMF_CPI,Consumer Price Index (CPI),https://api.imf.org/external/sdmx/3.0/data/dataflow/IMF.STA/CPI/latest/,https://data.imf.org/Datasets/CPI,2026-08-31T14:35:13.815354Z,none
1998-11-30,chn_inflation,china,CHN,CNY,China inflation,-1.20000237,percent,monthly,IMF_CPI,Consumer Price Index (CPI),https://api.imf.org/external/sdmx/3.0/data/dataflow/IMF.STA/CPI/latest/,https://data.imf.org/Datasets/CPI,2026-08-31T14:35:13.815354Z,none
1998-12-31,chn_inflation,china,CHN,CNY,China inflation,-0.99999594,percent,monthly,IMF_CPI,Consumer Price Index (CPI),https://api.imf.org/external/sdmx/3.0/data/dataflow/IMF.STA/CPI/latest/,https://data.imf.org/Datasets/CPI,2026-08-31T14:35:13.815354Z,none
1999-01-31,chn_inflation,china,CHN,CNY,China inflation,-1.19999516,percent,monthly,IMF_CPI,Consumer Price Index (CPI),https://api.imf.org/external/sdmx/3.0/data/dataflow/IMF.STA/CPI/latest/,https://data.imf.org/Datasets/CPI,2026-08-31T14:35:13.815354Z,none
1999-02-28,chn_inflation,china,CHN,CNY,China inflation,-1.29998465,percent,monthly,IMF_CPI,Consumer Price Index (CPI),https://api.imf.org/external/sdmx/3.0/data/dataflow/IMF.STA/CPI/latest/,https://data.imf.org/Datasets/CPI,2026-08-31T14:35:13.815354Z,none
1999-03-31,chn_inflation,china,CHN,CNY,China inflation,-1.79999599,percent,monthly,IMF_CPI,Consumer Price Index (CPI),https://api.imf.org/external/sdmx/3.0/data/dataflow/IMF.STA/CPI/latest/,https://data.imf.org/Datasets/CPI,2026-08-31T14:35:13.815354Z,none
1999-04-30,chn_inflation,china,CHN,CNY,China inflation,-2.1999967,percent,monthly,IMF_CPI,Consumer Price Index (CPI),https://api.imf.org/external/sdmx/3.0/data/dataflow/IMF.STA/CPI/latest/,https://data.imf.org/Datasets/CPI,2026-08-31T14:35:13.815354Z,none
1999-05-31,chn_inflation,china,CHN,CNY,China inflation,-2.20000933,percent,monthly,IMF_CPI,Consumer Price Index (CPI),https://api.imf.org/external/sdmx/3.0/data/dataflow/IMF.STA/CPI/latest/,https://data.imf.org/Datasets/CPI,2026-08-31T14:35:13.815354Z,none
1999-06-30,chn_inflation,china,CHN,CNY,China inflation,-2.10000044,percent,monthly,IMF_CPI,Consumer Price Index (CPI),https://api.imf.org/external/sdmx/3.0/data/dataflow/IMF.STA/CPI/latest/,https://data.imf.org/Datasets/CPI,2026-08-31T14:35:13.815354Z,none
1999-07-31,chn_inflation,china,CHN,CNY,China inflation,-1.40000484,percent,monthly,IMF_CPI,Consumer Price Index (CPI),https://api.imf.org/external/sdmx/3.0/data/dataflow/IMF.STA/CPI/latest/,https://data.imf.org/Datasets/CPI,2026-08-31T14:35:13.815354Z,none
1999-08-31,chn_inflation,china,CHN,CNY,China inflation,-1.30000388,percent,monthly,IMF_CPI,Consumer Price Index (CPI),https://api.imf.org/external/sdmx/3.0/data/dataflow/IMF.STA/CPI/latest/,https://data.imf.org/Datasets/CPI,2026-08-31T14:35:13.815354Z,none
1999-09-30,chn_inflation,china,CHN,CNY,China inflation,-0.79999762,percent,monthly,IMF_CPI,Consumer Price Index (CPI),https://api.imf.org/external/sdmx/3.0/data/dataflow/IMF.STA/CPI/latest/,https://data.imf.org/Datasets/CPI,2026-08-31T14:35:13.815354Z,none
1999-10-31,chn_inflation,china,CHN,CNY,China inflation,-0.59999953,percent,monthly,IMF_CPI,Consumer Price Index (CPI),https://api.imf.org/external/sdmx/3.0/data/dataflow/IMF.STA/CPI/latest/,https://data.imf.org/Datasets/CPI,2026-08-31T14:35:13.815354Z,none
1999-11-30,chn_inflation,china,CHN,CNY,China inflation,-0.9000018,percent,monthly,IMF_CPI,Consumer Price Index (CPI),https://api.imf.org/external/sdmx/3.0/data/dataflow/IMF.STA/CPI/latest/,https://data.imf.org/Datasets/CPI,2026-08-31T14:35:13.815354Z,none
1999-12-31,chn_inflation,china,CHN,CNY,China inflation,-1.00000205,percent,monthly,IMF_CPI,Consumer Price Index (CPI),https://api.imf.org/external/sdmx/3.0/data/dataflow/IMF.STA/CPI/latest/,https://data.imf.org/Datasets/CPI,2026-08-31T14:35:13.815354Z,none
2000-01-31,chn_inflation,china,CHN,CNY,China inflation,-0.19999586,percent,monthly,IMF_CPI,Consumer Price Index (CPI),https://api.imf.org/external/sdmx/3.0/data/dataflow/IMF.STA/CPI/latest/,https://data.imf.org/Datasets/CPI,2026-08-31T14:35:13.815354Z,none
2000-02-29,chn_inflation,china,CHN,CNY,China inflation,0.69999242,percent,monthly,IMF_CPI,Consumer Price Index (CPI),https://api.imf.org/external/sdmx/3.0/data/dataflow/IMF.STA/CPI/latest/,https://data.imf.org/Datasets/CPI,2026-08-31T14:35:13.815354Z,none
2000-03-31,chn_inflation,china,CHN,CNY,China inflation,-0.20000336,percent,monthly,IMF_CPI,Consumer Price Index (CPI),https://api.imf.org/external/sdmx/3.0/data/dataflow/IMF.STA/CPI/latest/,https://data.imf.org/Datasets/CPI,2026-08-31T14:35:13.815354Z,none
2000-04-30,chn_inflation,china,CHN,CNY,China inflation,-0.29998821,percent,monthly,IMF_CPI,Consumer Price Index (CPI),https://api.imf.org/external/sdmx/3.0/data/dataflow/IMF.STA/CPI/latest/,https://data.imf.org/Datasets/CPI,2026-08-31T14:35:13.815354Z,none
2000-05-31,chn_inflation,china,CHN,CNY,China inflation,0.10001244,percent,monthly,IMF_CPI,Consumer Price Index (CPI),https://api.imf.org/external/sdmx/3.0/data/dataflow/IMF.STA/CPI/latest/,https://data.imf.org/Datasets/CPI,2026-08-31T14:35:13.815354Z,none
2000-06-30,chn_inflation,china,CHN,CNY,China inflation,0.50000299,percent,monthly,IMF_CPI,Consumer Price Index (CPI),https://api.imf.org/external/sdmx/3.0/data/dataflow/IMF.STA/CPI/latest/,https://data.imf.org/Datasets/CPI,2026-08-31T14:35:13.815354Z,none
2000-07-31,chn_inflation,china,CHN,CNY,China inflation,0.50000423,percent,monthly,IMF_CPI,Consumer Price Index (CPI),https://api.imf.org/external/sdmx/3.0/data/dataflow/IMF.STA/CPI/latest/,https://data.imf.org/Datasets/CPI,2026-08-31T14:35:13.815354Z,none
2000-08-31,chn_inflation,china,CHN,CNY,China inflation,0.30000661,percent,monthly,IMF_CPI,Consumer Price Index (CPI),https://api.imf.org/external/sdmx/3.0/data/dataflow/IMF.STA/CPI/latest/,https://data.imf.org/Datasets/CPI,2026-08-31T14:35:13.815354Z,none
2000-09-30,chn_inflation,china,CHN,CNY,China inflation,0,percent,monthly,IMF_CPI,Consumer Price Index (CPI),https://api.imf.org/external/sdmx/3.0/data/dataflow/IMF.STA/CPI/latest/,https://data.imf.org/Datasets/CPI,2026-08-31T14:35:13.815354Z,none
2000-10-31,chn_inflation,china,CHN,CNY,China inflation,0,percent,monthly,IMF_CPI,Consumer Price Index (CPI),https://api.imf.org/external/sdmx/3.0/data/dataflow/IMF.STA/CPI/latest/,https://data.imf.org/Datasets/CPI,2026-08-31T14:35:13.815354Z,none
2000-11-30,chn_inflation,china,CHN,CNY,China inflation,1.3000038,percent,monthly,IMF_CPI,Consumer Price Index (CPI),https://api.imf.org/external/sdmx/3.0/data/dataflow/IMF.STA/CPI/latest/,https://data.imf.org/Datasets/CPI,2026-08-31T14:35:13.815354Z,none
2000-12-31,chn_inflation,china,CHN,CNY,China inflation,1.50001083,percent,monthly,IMF_CPI,Consumer Price Index (CPI),https://api.imf.org/external/sdmx/3.0/data/dataflow/IMF.STA/CPI/latest/,https://data.imf.org/Datasets/CPI,2026-08-31T14:35:13.815354Z,none
2001-01-31,chn_inflation,china,CHN,CNY,China inflation,1.19998968,percent,monthly,IMF_CPI,Consumer Price Index (CPI),https://api.imf.org/external/sdmx/3.0/data/dataflow/IMF.STA/CPI/latest/,https://data.imf.org/Datasets/CPI,2026-08-31T14:35:13.815354Z,none
2001-02-28,chn_inflation,china,CHN,CNY,China inflation,0,percent,monthly,IMF_CPI,Consumer Price Index (CPI),https://api.imf.org/external/sdmx/3.0/data/dataflow/IMF.STA/CPI/latest/,https://data.imf.org/Datasets/CPI,2026-08-31T14:35:13.815354Z,none
2001-03-31,chn_inflation,china,CHN,CNY,China inflation,0.80001108,percent,monthly,IMF_CPI,Consumer Price Index (CPI),https://api.imf.org/external/sdmx/3.0/data/dataflow/IMF.STA/CPI/latest/,https://data.imf.org/Datasets/CPI,2026-08-31T14:35:13.815354Z,none
2001-04-30,chn_inflation,china,CHN,CNY,China inflation,1.59998493,percent,monthly,IMF_CPI,Consumer Price Index (CPI),https://api.imf.org/external/sdmx/3.0/data/dataflow/IMF.STA/CPI/latest/,https://data.imf.org/Datasets/CPI,2026-08-31T14:35:13.815354Z,none
2001-05-31,chn_inflation,china,CHN,CNY,China inflation,1.6999942,percent,monthly,IMF_CPI,Consumer Price Index (CPI),https://api.imf.org/external/sdmx/3.0/data/dataflow/IMF.STA/CPI/latest/,https://data.imf.org/Datasets/CPI,2026-08-31T14:35:13.815354Z,none
2001-06-30,chn_inflation,china,CHN,CNY,China inflation,1.39999752,percent,monthly,IMF_CPI,Consumer Price Index (CPI),https://api.imf.org/external/sdmx/3.0/data/dataflow/IMF.STA/CPI/latest/,https://data.imf.org/Datasets/CPI,2026-08-31T14:35:13.815354Z,none
2001-07-31,chn_inflation,china,CHN,CNY,China inflation,1.49998925,percent,monthly,IMF_CPI,Consumer Price Index (CPI),https://api.imf.org/external/sdmx/3.0/data/dataflow/IMF.STA/CPI/latest/,https://data.imf.org/Datasets/CPI,2026-08-31T14:35:13.815354Z,none
2001-08-31,chn_inflation,china,CHN,CNY,China inflation,0.99999437,percent,monthly,IMF_CPI,Consumer Price Index (CPI),https://api.imf.org/external/sdmx/3.0/data/dataflow/IMF.STA/CPI/latest/,https://data.imf.org/Datasets/CPI,2026-08-31T14:35:13.815354Z,none
2001-09-30,chn_inflation,china,CHN,CNY,China inflation,-0.10001225,percent,monthly,IMF_CPI,Consumer Price Index (CPI),https://api.imf.org/external/sdmx/3.0/data/dataflow/IMF.STA/CPI/latest/,https://data.imf.org/Datasets/CPI,2026-08-31T14:35:13.815354Z,none
2001-10-31,chn_inflation,china,CHN,CNY,China inflation,0.19999357,percent,monthly,IMF_CPI,Consumer Price Index (CPI),https://api.imf.org/external/sdmx/3.0/data/dataflow/IMF.STA/CPI/latest/,https://data.imf.org/Datasets/CPI,2026-08-31T14:35:13.815354Z,none
2001-11-30,chn_inflation,china,CHN,CNY,China inflation,-0.30000294,percent,monthly,IMF_CPI,Consumer Price Index (CPI),https://api.imf.org/external/sdmx/3.0/data/dataflow/IMF.STA/CPI/latest/,https://data.imf.org/Datasets/CPI,2026-08-31T14:35:13.815354Z,none
2001-12-31,chn_inflation,china,CHN,CNY,China inflation,-0.30000144,percent,monthly,IMF_CPI,Consumer Price Index (CPI),https://api.imf.org/external/sdmx/3.0/data/dataflow/IMF.STA/CPI/latest/,https://data.imf.org/Datasets/CPI,2026-08-31T14:35:13.815354Z,none
2002-01-31,chn_inflation,china,CHN,CNY,China inflation,-1.01188682,percent,monthly,IMF_CPI,Consumer Price Index (CPI),https://api.imf.org/external/sdmx/3.0/data/dataflow/IMF.STA/CPI/latest/,https://data.imf.org/Datasets/CPI,2026-08-31T14:35:13.815354Z,none
2002-02-28,chn_inflation,china,CHN,CNY,China inflation,-0.02298927,percent,monthly,IMF_CPI,Consumer Price Index (CPI),https://api.imf.org/external/sdmx/3.0/data/dataflow/IMF.STA/CPI/latest/,https://data.imf.org/Datasets/CPI,2026-08-31T14:35:13.815354Z,none
2002-03-31,chn_inflation,china,CHN,CNY,China inflation,-0.72707295,percent,monthly,IMF_CPI,Consumer Price Index (CPI),https://api.imf.org/external/sdmx/3.0/data/dataflow/IMF.STA/CPI/latest/,https://data.imf.org/Datasets/CPI,2026-08-31T14:35:13.815354Z,none
2002-04-30,chn_inflation,china,CHN,CNY,China inflation,-1.22243539,percent,monthly,IMF_CPI,Consumer Price Index (CPI),https://api.imf.org/external/sdmx/3.0/data/dataflow/IMF.STA/CPI/latest/,https://data.imf.org/Datasets/CPI,2026-08-31T14:35:13.815354Z,none
2002-05-31,chn_inflation,china,CHN,CNY,China inflation,-1.02388565,percent,monthly,IMF_CPI,Consumer Price Index (CPI),https://api.imf.org/external/sdmx/3.0/data/dataflow/IMF.STA/CPI/latest/,https://data.imf.org/Datasets/CPI,2026-08-31T14:35:13.815354Z,none
2002-06-30,chn_inflation,china,CHN,CNY,China inflation,-0.72334984,percent,monthly,IMF_CPI,Consumer Price Index (CPI),https://api.imf.org/external/sdmx/3.0/data/dataflow/IMF.STA/CPI/latest/,https://data.imf.org/Datasets/CPI,2026-08-31T14:35:13.815354Z,none
2002-07-31,chn_inflation,china,CHN,CNY,China inflation,-0.92290386,percent,monthly,IMF_CPI,Consumer Price Index (CPI),https://api.imf.org/external/sdmx/3.0/data/dataflow/IMF.STA/CPI/latest/,https://data.imf.org/Datasets/CPI,2026-08-31T14:35:13.815354Z,none
2002-08-31,chn_inflation,china,CHN,CNY,China inflation,-0.72493735,percent,monthly,IMF_CPI,Consumer Price Index (CPI),https://api.imf.org/external/sdmx/3.0/data/dataflow/IMF.STA/CPI/latest/,https://data.imf.org/Datasets/CPI,2026-08-31T14:35:13.815354Z,none
2002-09-30,chn_inflation,china,CHN,CNY,China inflation,-0.62654631,percent,monthly,IMF_CPI,Consumer Price Index (CPI),https://api.imf.org/external/sdmx/3.0/data/dataflow/IMF.STA/CPI/latest/,https://data.imf.org/Datasets/CPI,2026-08-31T14:35:13.815354Z,none
2002-10-31,chn_inflation,china,CHN,CNY,China inflation,-0.72563336,percent,monthly,IMF_CPI,Consumer Price Index (CPI),https://api.imf.org/external/sdmx/3.0/data/dataflow/IMF.STA/CPI/latest/,https://data.imf.org/Datasets/CPI,2026-08-31T14:35:13.815354Z,none
2002-11-30,chn_inflation,china,CHN,CNY,China inflation,-0.62616053,percent,monthly,IMF_CPI,Consumer Price Index (CPI),https://api.imf.org/external/sdmx/3.0/data/dataflow/IMF.STA/CPI/latest/,https://data.imf.org/Datasets/CPI,2026-08-31T14:35:13.815354Z,none
2002-12-31,chn_inflation,china,CHN,CNY,China inflation,-0.42761391,percent,monthly,IMF_CPI,Consumer Price Index (CPI),https://api.imf.org/external/sdmx/3.0/data/dataflow/IMF.STA/CPI/latest/,https://data.imf.org/Datasets/CPI,2026-08-31T14:35:13.815354Z,none
2003-01-31,chn_inflation,china,CHN,CNY,China inflation,0.36659154,percent,monthly,IMF_CPI,Consumer Price Index (CPI),https://api.imf.org/external/sdmx/3.0/data/dataflow/IMF.STA/CPI/latest/,https://data.imf.org/Datasets/CPI,2026-08-31T14:35:13.815354Z,none
2003-02-28,chn_inflation,china,CHN,CNY,China inflation,0.16802639,percent,monthly,IMF_CPI,Consumer Price Index (CPI),https://api.imf.org/external/sdmx/3.0/data/dataflow/IMF.STA/CPI/latest/,https://data.imf.org/Datasets/CPI,2026-08-31T14:35:13.815354Z,none
2003-03-31,chn_inflation,china,CHN,CNY,China inflation,0.87844345,percent,monthly,IMF_CPI,Consumer Price Index (CPI),https://api.imf.org/external/sdmx/3.0/data/dataflow/IMF.STA/CPI/latest/,https://data.imf.org/Datasets/CPI,2026-08-31T14:35:13.815354Z,none
2003-04-30,chn_inflation,china,CHN,CNY,China inflation,0.97962165,percent,monthly,IMF_CPI,Consumer Price Index (CPI),https://api.imf.org/external/sdmx/3.0/data/dataflow/IMF.STA/CPI/latest/,https://data.imf.org/Datasets/CPI,2026-08-31T14:35:13.815354Z,none
2003-05-31,chn_inflation,china,CHN,CNY,China inflation,0.57448817,percent,monthly,IMF_CPI,Consumer Price Index (CPI),https://api.imf.org/external/sdmx/3.0/data/dataflow/IMF.STA/CPI/latest/,https://data.imf.org/Datasets/CPI,2026-08-31T14:35:13.815354Z,none
2003-06-30,chn_inflation,china,CHN,CNY,China inflation,0.27002676,percent,monthly,IMF_CPI,Consumer Price Index (CPI),https://api.imf.org/external/sdmx/3.0/data/dataflow/IMF.STA/CPI/latest/,https://data.imf.org/Datasets/CPI,2026-08-31T14:35:13.815354Z,none
2003-07-31,chn_inflation,china,CHN,CNY,China inflation,0.47199017,percent,monthly,IMF_CPI,Consumer Price Index (CPI),https://api.imf.org/external/sdmx/3.0/data/dataflow/IMF.STA/CPI/latest/,https://data.imf.org/Datasets/CPI,2026-08-31T14:35:13.815354Z,none
2003-08-31,chn_inflation,china,CHN,CNY,China inflation,0.87266004,percent,monthly,IMF_CPI,Consumer Price Index (CPI),https://api.imf.org/external/sdmx/3.0/data/dataflow/IMF.STA/CPI/latest/,https://data.imf.org/Datasets/CPI,2026-08-31T14:35:13.815354Z,none
2003-09-30,chn_inflation,china,CHN,CNY,China inflation,1.07241266,percent,monthly,IMF_CPI,Consumer Price Index (CPI),https://api.imf.org/external/sdmx/3.0/data/dataflow/IMF.STA/CPI/latest/,https://data.imf.org/Datasets/CPI,2026-08-31T14:35:13.815354Z,none
2003-10-31,chn_inflation,china,CHN,CNY,China inflation,1.7785058,percent,monthly,IMF_CPI,Consumer Price Index (CPI),https://api.imf.org/external/sdmx/3.0/data/dataflow/IMF.STA/CPI/latest/,https://data.imf.org/Datasets/CPI,2026-08-31T14:35:13.815354Z,none
2003-11-30,chn_inflation,china,CHN,CNY,China inflation,2.89920762,percent,monthly,IMF_CPI,Consumer Price Index (CPI),https://api.imf.org/external/sdmx/3.0/data/dataflow/IMF.STA/CPI/latest/,https://data.imf.org/Datasets/CPI,2026-08-31T14:35:13.815354Z,none
2003-12-31,chn_inflation,china,CHN,CNY,China inflation,3.20696279,percent,monthly,IMF_CPI,Consumer Price Index (CPI),https://api.imf.org/external/sdmx/3.0/data/dataflow/IMF.STA/CPI/latest/,https://data.imf.org/Datasets/CPI,2026-08-31T14:35:13.815354Z,none
2004-01-31,chn_inflation,china,CHN,CNY,China inflation,3.20696248,percent,monthly,IMF_CPI,Consumer Price Index (CPI),https://api.imf.org/external/sdmx/3.0/data/dataflow/IMF.STA/CPI/latest/,https://data.imf.org/Datasets/CPI,2026-08-31T14:35:13.815354Z,none
2004-02-29,chn_inflation,china,CHN,CNY,China inflation,2.08181785,percent,monthly,IMF_CPI,Consumer Price Index (CPI),https://api.imf.org/external/sdmx/3.0/data/dataflow/IMF.STA/CPI/latest/,https://data.imf.org/Datasets/CPI,2026-08-31T14:35:13.815354Z,none
2004-03-31,chn_inflation,china,CHN,CNY,China inflation,3.00609659,percent,monthly,IMF_CPI,Consumer Price Index (CPI),https://api.imf.org/external/sdmx/3.0/data/dataflow/IMF.STA/CPI/latest/,https://data.imf.org/Datasets/CPI,2026-08-31T14:35:13.815354Z,none
2004-04-30,chn_inflation,china,CHN,CNY,China inflation,3.72859629,percent,monthly,IMF_CPI,Consumer Price Index (CPI),https://api.imf.org/external/sdmx/3.0/data/dataflow/IMF.STA/CPI/latest/,https://data.imf.org/Datasets/CPI,2026-08-31T14:35:13.815354Z,none
2004-05-31,chn_inflation,china,CHN,CNY,China inflation,4.35533866,percent,monthly,IMF_CPI,Consumer Price Index (CPI),https://api.imf.org/external/sdmx/3.0/data/dataflow/IMF.STA/CPI/latest/,https://data.imf.org/Datasets/CPI,2026-08-31T14:35:13.815354Z,none
2004-06-30,chn_inflation,china,CHN,CNY,China inflation,4.8834657,percent,monthly,IMF_CPI,Consumer Price Index (CPI),https://api.imf.org/external/sdmx/3.0/data/dataflow/IMF.STA/CPI/latest/,https://data.imf.org/Datasets/CPI,2026-08-31T14:35:13.815354Z,none
2004-07-31,chn_inflation,china,CHN,CNY,China inflation,5.19969069,percent,monthly,IMF_CPI,Consumer Price Index (CPI),https://api.imf.org/external/sdmx/3.0/data/dataflow/IMF.STA/CPI/latest/,https://data.imf.org/Datasets/CPI,2026-08-31T14:35:13.815354Z,none
2004-08-31,chn_inflation,china,CHN,CNY,China inflation,5.19969182,percent,monthly,IMF_CPI,Consumer Price Index (CPI),https://api.imf.org/external/sdmx/3.0/data/dataflow/IMF.STA/CPI/latest/,https://data.imf.org/Datasets/CPI,2026-08-31T14:35:13.815354Z,none
2004-09-30,chn_inflation,china,CHN,CNY,China inflation,5.09573698,percent,monthly,IMF_CPI,Consumer Price Index (CPI),https://api.imf.org/external/sdmx/3.0/data/dataflow/IMF.STA/CPI/latest/,https://data.imf.org/Datasets/CPI,2026-08-31T14:35:13.815354Z,none
2004-10-31,chn_inflation,china,CHN,CNY,China inflation,4.15831908,percent,monthly,IMF_CPI,Consumer Price Index (CPI),https://api.imf.org/external/sdmx/3.0/data/dataflow/IMF.STA/CPI/latest/,https://data.imf.org/Datasets/CPI,2026-08-31T14:35:13.815354Z,none
2004-11-30,chn_inflation,china,CHN,CNY,China inflation,2.81766053,percent,monthly,IMF_CPI,Consumer Price Index (CPI),https://api.imf.org/external/sdmx/3.0/data/dataflow/IMF.STA/CPI/latest/,https://data.imf.org/Datasets/CPI,2026-08-31T14:35:13.815354Z,none
2004-12-31,chn_inflation,china,CHN,CNY,China inflation,2.30664556,percent,monthly,IMF_CPI,Consumer Price Index (CPI),https://api.imf.org/external/sdmx/3.0/data/dataflow/IMF.STA/CPI/latest/,https://data.imf.org/Datasets/CPI,2026-08-31T14:35:13.815354Z,none
2005-01-31,chn_inflation,china,CHN,CNY,China inflation,1.80067141,percent,monthly,IMF_CPI,Consumer Price Index (CPI),https://api.imf.org/external/sdmx/3.0/data/dataflow/IMF.STA/CPI/latest/,https://data.imf.org/Datasets/CPI,2026-08-31T14:35:13.815354Z,none
2005-02-28,chn_inflation,china,CHN,CNY,China inflation,3.84077221,percent,monthly,IMF_CPI,Consumer Price Index (CPI),https://api.imf.org/external/sdmx/3.0/data/dataflow/IMF.STA/CPI/latest/,https://data.imf.org/Datasets/CPI,2026-08-31T14:35:13.815354Z,none
2005-03-31,chn_inflation,china,CHN,CNY,China inflation,2.59840903,percent,monthly,IMF_CPI,Consumer Price Index (CPI),https://api.imf.org/external/sdmx/3.0/data/dataflow/IMF.STA/CPI/latest/,https://data.imf.org/Datasets/CPI,2026-08-31T14:35:13.815354Z,none
2005-04-30,chn_inflation,china,CHN,CNY,China inflation,1.78170901,percent,monthly,IMF_CPI,Consumer Price Index (CPI),https://api.imf.org/external/sdmx/3.0/data/dataflow/IMF.STA/CPI/latest/,https://data.imf.org/Datasets/CPI,2026-08-31T14:35:13.815354Z,none
2005-05-31,chn_inflation,china,CHN,CNY,China inflation,1.67982749,percent,monthly,IMF_CPI,Consumer Price Index (CPI),https://api.imf.org/external/sdmx/3.0/data/dataflow/IMF.STA/CPI/latest/,https://data.imf.org/Datasets/CPI,2026-08-31T14:35:13.815354Z,none
2005-06-30,chn_inflation,china,CHN,CNY,China inflation,1.57741817,percent,monthly,IMF_CPI,Consumer Price Index (CPI),https://api.imf.org/external/sdmx/3.0/data/dataflow/IMF.STA/CPI/latest/,https://data.imf.org/Datasets/CPI,2026-08-31T14:35:13.815354Z,none
2005-07-31,chn_inflation,china,CHN,CNY,China inflation,1.78097989,percent,monthly,IMF_CPI,Consumer Price Index (CPI),https://api.imf.org/external/sdmx/3.0/data/dataflow/IMF.STA/CPI/latest/,https://data.imf.org/Datasets/CPI,2026-08-31T14:35:13.815354Z,none
2005-08-31,chn_inflation,china,CHN,CNY,China inflation,1.27562141,percent,monthly,IMF_CPI,Consumer Price Index (CPI),https://api.imf.org/external/sdmx/3.0/data/dataflow/IMF.STA/CPI/latest/,https://data.imf.org/Datasets/CPI,2026-08-31T14:35:13.815354Z,none
2005-09-30,chn_inflation,china,CHN,CNY,China inflation,0.87491752,percent,monthly,IMF_CPI,Consumer Price Index (CPI),https://api.imf.org/external/sdmx/3.0/data/dataflow/IMF.STA/CPI/latest/,https://data.imf.org/Datasets/CPI,2026-08-31T14:35:13.815354Z,none
2005-10-31,chn_inflation,china,CHN,CNY,China inflation,1.27842096,percent,monthly,IMF_CPI,Consumer Price Index (CPI),https://api.imf.org/external/sdmx/3.0/data/dataflow/IMF.STA/CPI/latest/,https://data.imf.org/Datasets/CPI,2026-08-31T14:35:13.815354Z,none
2005-11-30,chn_inflation,china,CHN,CNY,China inflation,1.27841522,percent,monthly,IMF_CPI,Consumer Price Index (CPI),https://api.imf.org/external/sdmx/3.0/data/dataflow/IMF.STA/CPI/latest/,https://data.imf.org/Datasets/CPI,2026-08-31T14:35:13.815354Z,none
2005-12-31,chn_inflation,china,CHN,CNY,China inflation,1.58195666,percent,monthly,IMF_CPI,Consumer Price Index (CPI),https://api.imf.org/external/sdmx/3.0/data/dataflow/IMF.STA/CPI/latest/,https://data.imf.org/Datasets/CPI,2026-08-31T14:35:13.815354Z,none
2006-01-31,chn_inflation,china,CHN,CNY,China inflation,2.28878195,percent,monthly,IMF_CPI,Consumer Price Index (CPI),https://api.imf.org/external/sdmx/3.0/data/dataflow/IMF.STA/CPI/latest/,https://data.imf.org/Datasets/CPI,2026-08-31T14:35:13.815354Z,none
2006-02-28,chn_inflation,china,CHN,CNY,China inflation,0.98253623,percent,monthly,IMF_CPI,Consumer Price Index (CPI),https://api.imf.org/external/sdmx/3.0/data/dataflow/IMF.STA/CPI/latest/,https://data.imf.org/Datasets/CPI,2026-08-31T14:35:13.815354Z,none
2006-03-31,chn_inflation,china,CHN,CNY,China inflation,0.98254717,percent,monthly,IMF_CPI,Consumer Price Index (CPI),https://api.imf.org/external/sdmx/3.0/data/dataflow/IMF.STA/CPI/latest/,https://data.imf.org/Datasets/CPI,2026-08-31T14:35:13.815354Z,none
2006-04-30,chn_inflation,china,CHN,CNY,China inflation,1.48897785,percent,monthly,IMF_CPI,Consumer Price Index (CPI),https://api.imf.org/external/sdmx/3.0/data/dataflow/IMF.STA/CPI/latest/,https://data.imf.org/Datasets/CPI,2026-08-31T14:35:13.815354Z,none
2006-05-31,chn_inflation,china,CHN,CNY,China inflation,1.5906667,percent,monthly,IMF_CPI,Consumer Price Index (CPI),https://api.imf.org/external/sdmx/3.0/data/dataflow/IMF.STA/CPI/latest/,https://data.imf.org/Datasets/CPI,2026-08-31T14:35:13.815354Z,none
2006-06-30,chn_inflation,china,CHN,CNY,China inflation,1.89790129,percent,monthly,IMF_CPI,Consumer Price Index (CPI),https://api.imf.org/external/sdmx/3.0/data/dataflow/IMF.STA/CPI/latest/,https://data.imf.org/Datasets/CPI,2026-08-31T14:35:13.815354Z,none
2006-07-31,chn_inflation,china,CHN,CNY,China inflation,1.5922082,percent,monthly,IMF_CPI,Consumer Price Index (CPI),https://api.imf.org/external/sdmx/3.0/data/dataflow/IMF.STA/CPI/latest/,https://data.imf.org/Datasets/CPI,2026-08-31T14:35:13.815354Z,none
2006-08-31,chn_inflation,china,CHN,CNY,China inflation,1.69359882,percent,monthly,IMF_CPI,Consumer Price Index (CPI),https://api.imf.org/external/sdmx/3.0/data/dataflow/IMF.STA/CPI/latest/,https://data.imf.org/Datasets/CPI,2026-08-31T14:35:13.815354Z,none
2006-09-30,chn_inflation,china,CHN,CNY,China inflation,1.49162472,percent,monthly,IMF_CPI,Consumer Price Index (CPI),https://api.imf.org/external/sdmx/3.0/data/dataflow/IMF.STA/CPI/latest/,https://data.imf.org/Datasets/CPI,2026-08-31T14:35:13.815354Z,none
2006-10-31,chn_inflation,china,CHN,CNY,China inflation,1.18835372,percent,monthly,IMF_CPI,Consumer Price Index (CPI),https://api.imf.org/external/sdmx/3.0/data/dataflow/IMF.STA/CPI/latest/,https://data.imf.org/Datasets/CPI,2026-08-31T14:35:13.815354Z,none
2006-11-30,chn_inflation,china,CHN,CNY,China inflation,1.797315,percent,monthly,IMF_CPI,Consumer Price Index (CPI),https://api.imf.org/external/sdmx/3.0/data/dataflow/IMF.STA/CPI/latest/,https://data.imf.org/Datasets/CPI,2026-08-31T14:35:13.815354Z,none
2006-12-31,chn_inflation,china,CHN,CNY,China inflation,2.81122307,percent,monthly,IMF_CPI,Consumer Price Index (CPI),https://api.imf.org/external/sdmx/3.0/data/dataflow/IMF.STA/CPI/latest/,https://data.imf.org/Datasets/CPI,2026-08-31T14:35:13.815354Z,none
2007-01-31,chn_inflation,china,CHN,CNY,China inflation,2.20229307,percent,monthly,IMF_CPI,Consumer Price Index (CPI),https://api.imf.org/external/sdmx/3.0/data/dataflow/IMF.STA/CPI/latest/,https://data.imf.org/Datasets/CPI,2026-08-31T14:35:13.815354Z,none
2007-02-28,chn_inflation,china,CHN,CNY,China inflation,2.71076002,percent,monthly,IMF_CPI,Consumer Price Index (CPI),https://api.imf.org/external/sdmx/3.0/data/dataflow/IMF.STA/CPI/latest/,https://data.imf.org/Datasets/CPI,2026-08-31T14:35:13.815354Z,none
2007-03-31,chn_inflation,china,CHN,CNY,China inflation,3.33260761,percent,monthly,IMF_CPI,Consumer Price Index (CPI),https://api.imf.org/external/sdmx/3.0/data/dataflow/IMF.STA/CPI/latest/,https://data.imf.org/Datasets/CPI,2026-08-31T14:35:13.815354Z,none
2007-04-30,chn_inflation,china,CHN,CNY,China inflation,3.02321939,percent,monthly,IMF_CPI,Consumer Price Index (CPI),https://api.imf.org/external/sdmx/3.0/data/dataflow/IMF.STA/CPI/latest/,https://data.imf.org/Datasets/CPI,2026-08-31T14:35:13.815354Z,none
2007-05-31,chn_inflation,china,CHN,CNY,China inflation,3.43574285,percent,monthly,IMF_CPI,Consumer Price Index (CPI),https://api.imf.org/external/sdmx/3.0/data/dataflow/IMF.STA/CPI/latest/,https://data.imf.org/Datasets/CPI,2026-08-31T14:35:13.815354Z,none
2007-06-30,chn_inflation,china,CHN,CNY,China inflation,4.37134436,percent,monthly,IMF_CPI,Consumer Price Index (CPI),https://api.imf.org/external/sdmx/3.0/data/dataflow/IMF.STA/CPI/latest/,https://data.imf.org/Datasets/CPI,2026-08-31T14:35:13.815354Z,none
2007-07-31,chn_inflation,china,CHN,CNY,China inflation,5.62757122,percent,monthly,IMF_CPI,Consumer Price Index (CPI),https://api.imf.org/external/sdmx/3.0/data/dataflow/IMF.STA/CPI/latest/,https://data.imf.org/Datasets/CPI,2026-08-31T14:35:13.815354Z,none
2007-08-31,chn_inflation,china,CHN,CNY,China inflation,6.57535497,percent,monthly,IMF_CPI,Consumer Price Index (CPI),https://api.imf.org/external/sdmx/3.0/data/dataflow/IMF.STA/CPI/latest/,https://data.imf.org/Datasets/CPI,2026-08-31T14:35:13.815354Z,none
2007-09-30,chn_inflation,china,CHN,CNY,China inflation,6.36327951,percent,monthly,IMF_CPI,Consumer Price Index (CPI),https://api.imf.org/external/sdmx/3.0/data/dataflow/IMF.STA/CPI/latest/,https://data.imf.org/Datasets/CPI,2026-08-31T14:35:13.815354Z,none
2007-10-31,chn_inflation,china,CHN,CNY,China inflation,6.57580182,percent,monthly,IMF_CPI,Consumer Price Index (CPI),https://api.imf.org/external/sdmx/3.0/data/dataflow/IMF.STA/CPI/latest/,https://data.imf.org/Datasets/CPI,2026-08-31T14:35:13.815354Z,none
2007-11-30,chn_inflation,china,CHN,CNY,China inflation,7.00082541,percent,monthly,IMF_CPI,Consumer Price Index (CPI),https://api.imf.org/external/sdmx/3.0/data/dataflow/IMF.STA/CPI/latest/,https://data.imf.org/Datasets/CPI,2026-08-31T14:35:13.815354Z,none
2007-12-31,chn_inflation,china,CHN,CNY,China inflation,6.57871908,percent,monthly,IMF_CPI,Consumer Price Index (CPI),https://api.imf.org/external/sdmx/3.0/data/dataflow/IMF.STA/CPI/latest/,https://data.imf.org/Datasets/CPI,2026-08-31T14:35:13.815354Z,none
2008-01-31,chn_inflation,china,CHN,CNY,China inflation,7.10792142,percent,monthly,IMF_CPI,Consumer Price Index (CPI),https://api.imf.org/external/sdmx/3.0/data/dataflow/IMF.STA/CPI/latest/,https://data.imf.org/Datasets/CPI,2026-08-31T14:35:13.815354Z,none
2008-02-29,chn_inflation,china,CHN,CNY,China inflation,8.80466525,percent,monthly,IMF_CPI,Consumer Price Index (CPI),https://api.imf.org/external/sdmx/3.0/data/dataflow/IMF.STA/CPI/latest/,https://data.imf.org/Datasets/CPI,2026-08-31T14:35:13.815354Z,none
2008-03-31,chn_inflation,china,CHN,CNY,China inflation,8.36814037,percent,monthly,IMF_CPI,Consumer Price Index (CPI),https://api.imf.org/external/sdmx/3.0/data/dataflow/IMF.STA/CPI/latest/,https://data.imf.org/Datasets/CPI,2026-08-31T14:35:13.815354Z,none
2008-04-30,chn_inflation,china,CHN,CNY,China inflation,8.58510124,percent,monthly,IMF_CPI,Consumer Price Index (CPI),https://api.imf.org/external/sdmx/3.0/data/dataflow/IMF.STA/CPI/latest/,https://data.imf.org/Datasets/CPI,2026-08-31T14:35:13.815354Z,none
2008-05-31,chn_inflation,china,CHN,CNY,China inflation,7.82727105,percent,monthly,IMF_CPI,Consumer Price Index (CPI),https://api.imf.org/external/sdmx/3.0/data/dataflow/IMF.STA/CPI/latest/,https://data.imf.org/Datasets/CPI,2026-08-31T14:35:13.815354Z,none
2008-06-30,chn_inflation,china,CHN,CNY,China inflation,7.18288611,percent,monthly,IMF_CPI,Consumer Price Index (CPI),https://api.imf.org/external/sdmx/3.0/data/dataflow/IMF.STA/CPI/latest/,https://data.imf.org/Datasets/CPI,2026-08-31T14:35:13.815354Z,none
2008-07-31,chn_inflation,china,CHN,CNY,China inflation,6.3330641,percent,monthly,IMF_CPI,Consumer Price Index (CPI),https://api.imf.org/external/sdmx/3.0/data/dataflow/IMF.STA/CPI/latest/,https://data.imf.org/Datasets/CPI,2026-08-31T14:35:13.815354Z,none
2008-08-31,chn_inflation,china,CHN,CNY,China inflation,4.9671408,percent,monthly,IMF_CPI,Consumer Price Index (CPI),https://api.imf.org/external/sdmx/3.0/data/dataflow/IMF.STA/CPI/latest/,https://data.imf.org/Datasets/CPI,2026-08-31T14:35:13.815354Z,none
2008-09-30,chn_inflation,china,CHN,CNY,China inflation,4.65317326,percent,monthly,IMF_CPI,Consumer Price Index (CPI),https://api.imf.org/external/sdmx/3.0/data/dataflow/IMF.STA/CPI/latest/,https://data.imf.org/Datasets/CPI,2026-08-31T14:35:13.815354Z,none
2008-10-31,chn_inflation,china,CHN,CNY,China inflation,4.02712922,percent,monthly,IMF_CPI,Consumer Price Index (CPI),https://api.imf.org/external/sdmx/3.0/data/dataflow/IMF.STA/CPI/latest/,https://data.imf.org/Datasets/CPI,2026-08-31T14:35:13.815354Z,none
2008-11-30,chn_inflation,china,CHN,CNY,China inflation,2.47757563,percent,monthly,IMF_CPI,Consumer Price Index (CPI),https://api.imf.org/external/sdmx/3.0/data/dataflow/IMF.STA/CPI/latest/,https://data.imf.org/Datasets/CPI,2026-08-31T14:35:13.815354Z,none
2008-12-31,chn_inflation,china,CHN,CNY,China inflation,1.26003598,percent,monthly,IMF_CPI,Consumer Price Index (CPI),https://api.imf.org/external/sdmx/3.0/data/dataflow/IMF.STA/CPI/latest/,https://data.imf.org/Datasets/CPI,2026-08-31T14:35:13.815354Z,none
2009-01-31,chn_inflation,china,CHN,CNY,China inflation,0.95984102,percent,monthly,IMF_CPI,Consumer Price Index (CPI),https://api.imf.org/external/sdmx/3.0/data/dataflow/IMF.STA/CPI/latest/,https://data.imf.org/Datasets/CPI,2026-08-31T14:35:13.815354Z,none
2009-02-28,chn_inflation,china,CHN,CNY,China inflation,-1.59858206,percent,monthly,IMF_CPI,Consumer Price Index (CPI),https://api.imf.org/external/sdmx/3.0/data/dataflow/IMF.STA/CPI/latest/,https://data.imf.org/Datasets/CPI,2026-08-31T14:35:13.815354Z,none
2009-03-31,chn_inflation,china,CHN,CNY,China inflation,-1.20219823,percent,monthly,IMF_CPI,Consumer Price Index (CPI),https://api.imf.org/external/sdmx/3.0/data/dataflow/IMF.STA/CPI/latest/,https://data.imf.org/Datasets/CPI,2026-08-31T14:35:13.815354Z,none
2009-04-30,chn_inflation,china,CHN,CNY,China inflation,-1.49830042,percent,monthly,IMF_CPI,Consumer Price Index (CPI),https://api.imf.org/external/sdmx/3.0/data/dataflow/IMF.STA/CPI/latest/,https://data.imf.org/Datasets/CPI,2026-08-31T14:35:13.815354Z,none
2009-05-31,chn_inflation,china,CHN,CNY,China inflation,-1.39940452,percent,monthly,IMF_CPI,Consumer Price Index (CPI),https://api.imf.org/external/sdmx/3.0/data/dataflow/IMF.STA/CPI/latest/,https://data.imf.org/Datasets/CPI,2026-08-31T14:35:13.815354Z,none
2009-06-30,chn_inflation,china,CHN,CNY,China inflation,-1.69580946,percent,monthly,IMF_CPI,Consumer Price Index (CPI),https://api.imf.org/external/sdmx/3.0/data/dataflow/IMF.STA/CPI/latest/,https://data.imf.org/Datasets/CPI,2026-08-31T14:35:13.815354Z,none
2009-07-31,chn_inflation,china,CHN,CNY,China inflation,-1.79401125,percent,monthly,IMF_CPI,Consumer Price Index (CPI),https://api.imf.org/external/sdmx/3.0/data/dataflow/IMF.STA/CPI/latest/,https://data.imf.org/Datasets/CPI,2026-08-31T14:35:13.815354Z,none
2009-08-31,chn_inflation,china,CHN,CNY,China inflation,-1.20418585,percent,monthly,IMF_CPI,Consumer Price Index (CPI),https://api.imf.org/external/sdmx/3.0/data/dataflow/IMF.STA/CPI/latest/,https://data.imf.org/Datasets/CPI,2026-08-31T14:35:13.815354Z,none
2009-09-30,chn_inflation,china,CHN,CNY,China inflation,-0.80901544,percent,monthly,IMF_CPI,Consumer Price Index (CPI),https://api.imf.org/external/sdmx/3.0/data/dataflow/IMF.STA/CPI/latest/,https://data.imf.org/Datasets/CPI,2026-08-31T14:35:13.815354Z,none
2009-10-31,chn_inflation,china,CHN,CNY,China inflation,-0.60758109,percent,monthly,IMF_CPI,Consumer Price Index (CPI),https://api.imf.org/external/sdmx/3.0/data/dataflow/IMF.STA/CPI/latest/,https://data.imf.org/Datasets/CPI,2026-08-31T14:35:13.815354Z,none
2009-11-30,chn_inflation,china,CHN,CNY,China inflation,0.4954769,percent,monthly,IMF_CPI,Consumer Price Index (CPI),https://api.imf.org/external/sdmx/3.0/data/dataflow/IMF.STA/CPI/latest/,https://data.imf.org/Datasets/CPI,2026-08-31T14:35:13.815354Z,none
2009-12-31,chn_inflation,china,CHN,CNY,China inflation,1.70391707,percent,monthly,IMF_CPI,Consumer Price Index (CPI),https://api.imf.org/external/sdmx/3.0/data/dataflow/IMF.STA/CPI/latest/,https://data.imf.org/Datasets/CPI,2026-08-31T14:35:13.815354Z,none
2010-01-31,chn_inflation,china,CHN,CNY,China inflation,1.39559002,percent,monthly,IMF_CPI,Consumer Price Index (CPI),https://api.imf.org/external/sdmx/3.0/data/dataflow/IMF.STA/CPI/latest/,https://data.imf.org/Datasets/CPI,2026-08-31T14:35:13.815354Z,none
2010-02-28,chn_inflation,china,CHN,CNY,China inflation,2.6182209,percent,monthly,IMF_CPI,Consumer Price Index (CPI),https://api.imf.org/external/sdmx/3.0/data/dataflow/IMF.STA/CPI/latest/,https://data.imf.org/Datasets/CPI,2026-08-31T14:35:13.815354Z,none
2010-03-31,chn_inflation,china,CHN,CNY,China inflation,2.20122945,percent,monthly,IMF_CPI,Consumer Price Index (CPI),https://api.imf.org/external/sdmx/3.0/data/dataflow/IMF.STA/CPI/latest/,https://data.imf.org/Datasets/CPI,2026-08-31T14:35:13.815354Z,none
2010-04-30,chn_inflation,china,CHN,CNY,China inflation,2.61501812,percent,monthly,IMF_CPI,Consumer Price Index (CPI),https://api.imf.org/external/sdmx/3.0/data/dataflow/IMF.STA/CPI/latest/,https://data.imf.org/Datasets/CPI,2026-08-31T14:35:13.815354Z,none
2010-05-31,chn_inflation,china,CHN,CNY,China inflation,2.82317389,percent,monthly,IMF_CPI,Consumer Price Index (CPI),https://api.imf.org/external/sdmx/3.0/data/dataflow/IMF.STA/CPI/latest/,https://data.imf.org/Datasets/CPI,2026-08-31T14:35:13.815354Z,none
2010-06-30,chn_inflation,china,CHN,CNY,China inflation,2.71633661,percent,monthly,IMF_CPI,Consumer Price Index (CPI),https://api.imf.org/external/sdmx/3.0/data/dataflow/IMF.STA/CPI/latest/,https://data.imf.org/Datasets/CPI,2026-08-31T14:35:13.815354Z,none
2010-07-31,chn_inflation,china,CHN,CNY,China inflation,3.12922266,percent,monthly,IMF_CPI,Consumer Price Index (CPI),https://api.imf.org/external/sdmx/3.0/data/dataflow/IMF.STA/CPI/latest/,https://data.imf.org/Datasets/CPI,2026-08-31T14:35:13.815354Z,none
2010-08-31,chn_inflation,china,CHN,CNY,China inflation,3.22819621,percent,monthly,IMF_CPI,Consumer Price Index (CPI),https://api.imf.org/external/sdmx/3.0/data/dataflow/IMF.STA/CPI/latest/,https://data.imf.org/Datasets/CPI,2026-08-31T14:35:13.815354Z,none
2010-09-30,chn_inflation,china,CHN,CNY,China inflation,3.43492567,percent,monthly,IMF_CPI,Consumer Price Index (CPI),https://api.imf.org/external/sdmx/3.0/data/dataflow/IMF.STA/CPI/latest/,https://data.imf.org/Datasets/CPI,2026-08-31T14:35:13.815354Z,none
2010-10-31,chn_inflation,china,CHN,CNY,China inflation,4.26314584,percent,monthly,IMF_CPI,Consumer Price Index (CPI),https://api.imf.org/external/sdmx/3.0/data/dataflow/IMF.STA/CPI/latest/,https://data.imf.org/Datasets/CPI,2026-08-31T14:35:13.815354Z,none
2010-11-30,chn_inflation,china,CHN,CNY,China inflation,5.09209011,percent,monthly,IMF_CPI,Consumer Price Index (CPI),https://api.imf.org/external/sdmx/3.0/data/dataflow/IMF.STA/CPI/latest/,https://data.imf.org/Datasets/CPI,2026-08-31T14:35:13.815354Z,none
2010-12-31,chn_inflation,china,CHN,CNY,China inflation,4.57133615,percent,monthly,IMF_CPI,Consumer Price Index (CPI),https://api.imf.org/external/sdmx/3.0/data/dataflow/IMF.STA/CPI/latest/,https://data.imf.org/Datasets/CPI,2026-08-31T14:35:13.815354Z,none
2011-01-31,chn_inflation,china,CHN,CNY,China inflation,4.99549106,percent,monthly,IMF_CPI,Consumer Price Index (CPI),https://api.imf.org/external/sdmx/3.0/data/dataflow/IMF.STA/CPI/latest/,https://data.imf.org/Datasets/CPI,2026-08-31T14:35:13.815354Z,none
2011-02-28,chn_inflation,china,CHN,CNY,China inflation,5.07083561,percent,monthly,IMF_CPI,Consumer Price Index (CPI),https://api.imf.org/external/sdmx/3.0/data/dataflow/IMF.STA/CPI/latest/,https://data.imf.org/Datasets/CPI,2026-08-31T14:35:13.815354Z,none
2011-03-31,chn_inflation,china,CHN,CNY,China inflation,5.60458672,percent,monthly,IMF_CPI,Consumer Price Index (CPI),https://api.imf.org/external/sdmx/3.0/data/dataflow/IMF.STA/CPI/latest/,https://data.imf.org/Datasets/CPI,2026-08-31T14:35:13.815354Z,none
2011-04-30,chn_inflation,china,CHN,CNY,China inflation,5.49550661,percent,monthly,IMF_CPI,Consumer Price Index (CPI),https://api.imf.org/external/sdmx/3.0/data/dataflow/IMF.STA/CPI/latest/,https://data.imf.org/Datasets/CPI,2026-08-31T14:35:13.815354Z,none
2011-05-31,chn_inflation,china,CHN,CNY,China inflation,5.7048247,percent,monthly,IMF_CPI,Consumer Price Index (CPI),https://api.imf.org/external/sdmx/3.0/data/dataflow/IMF.STA/CPI/latest/,https://data.imf.org/Datasets/CPI,2026-08-31T14:35:13.815354Z,none
2011-06-30,chn_inflation,china,CHN,CNY,China inflation,6.66670823,percent,monthly,IMF_CPI,Consumer Price Index (CPI),https://api.imf.org/external/sdmx/3.0/data/dataflow/IMF.STA/CPI/latest/,https://data.imf.org/Datasets/CPI,2026-08-31T14:35:13.815354Z,none
2011-07-31,chn_inflation,china,CHN,CNY,China inflation,6.70570469,percent,monthly,IMF_CPI,Consumer Price Index (CPI),https://api.imf.org/external/sdmx/3.0/data/dataflow/IMF.STA/CPI/latest/,https://data.imf.org/Datasets/CPI,2026-08-31T14:35:13.815354Z,none
2011-08-31,chn_inflation,china,CHN,CNY,China inflation,6.37436925,percent,monthly,IMF_CPI,Consumer Price Index (CPI),https://api.imf.org/external/sdmx/3.0/data/dataflow/IMF.STA/CPI/latest/,https://data.imf.org/Datasets/CPI,2026-08-31T14:35:13.815354Z,none
2011-09-30,chn_inflation,china,CHN,CNY,China inflation,6.2380671,percent,monthly,IMF_CPI,Consumer Price Index (CPI),https://api.imf.org/external/sdmx/3.0/data/dataflow/IMF.STA/CPI/latest/,https://data.imf.org/Datasets/CPI,2026-08-31T14:35:13.815354Z,none
2011-10-31,chn_inflation,china,CHN,CNY,China inflation,5.59621039,percent,monthly,IMF_CPI,Consumer Price Index (CPI),https://api.imf.org/external/sdmx/3.0/data/dataflow/IMF.STA/CPI/latest/,https://data.imf.org/Datasets/CPI,2026-08-31T14:35:13.815354Z,none
2011-11-30,chn_inflation,china,CHN,CNY,China inflation,4.25281161,percent,monthly,IMF_CPI,Consumer Price Index (CPI),https://api.imf.org/external/sdmx/3.0/data/dataflow/IMF.STA/CPI/latest/,https://data.imf.org/Datasets/CPI,2026-08-31T14:35:13.815354Z,none
2011-12-31,chn_inflation,china,CHN,CNY,China inflation,4.02731541,percent,monthly,IMF_CPI,Consumer Price Index (CPI),https://api.imf.org/external/sdmx/3.0/data/dataflow/IMF.STA/CPI/latest/,https://data.imf.org/Datasets/CPI,2026-08-31T14:35:13.815354Z,none
2012-01-31,chn_inflation,china,CHN,CNY,China inflation,4.54105354,percent,monthly,IMF_CPI,Consumer Price Index (CPI),https://api.imf.org/external/sdmx/3.0/data/dataflow/IMF.STA/CPI/latest/,https://data.imf.org/Datasets/CPI,2026-08-31T14:35:13.815354Z,none
2012-02-29,chn_inflation,china,CHN,CNY,China inflation,3.12604952,percent,monthly,IMF_CPI,Consumer Price Index (CPI),https://api.imf.org/external/sdmx/3.0/data/dataflow/IMF.STA/CPI/latest/,https://data.imf.org/Datasets/CPI,2026-08-31T14:35:13.815354Z,none
2012-03-31,chn_inflation,china,CHN,CNY,China inflation,3.52464692,percent,monthly,IMF_CPI,Consumer Price Index (CPI),https://api.imf.org/external/sdmx/3.0/data/dataflow/IMF.STA/CPI/latest/,https://data.imf.org/Datasets/CPI,2026-08-31T14:35:13.815354Z,none
2012-04-30,chn_inflation,china,CHN,CNY,China inflation,3.32514188,percent,monthly,IMF_CPI,Consumer Price Index (CPI),https://api.imf.org/external/sdmx/3.0/data/dataflow/IMF.STA/CPI/latest/,https://data.imf.org/Datasets/CPI,2026-08-31T14:35:13.815354Z,none
2012-05-31,chn_inflation,china,CHN,CNY,China inflation,2.93525266,percent,monthly,IMF_CPI,Consumer Price Index (CPI),https://api.imf.org/external/sdmx/3.0/data/dataflow/IMF.STA/CPI/latest/,https://data.imf.org/Datasets/CPI,2026-08-31T14:35:13.815354Z,none
2012-06-30,chn_inflation,china,CHN,CNY,China inflation,2.05557228,percent,monthly,IMF_CPI,Consumer Price Index (CPI),https://api.imf.org/external/sdmx/3.0/data/dataflow/IMF.STA/CPI/latest/,https://data.imf.org/Datasets/CPI,2026-08-31T14:35:13.815354Z,none
2012-07-31,chn_inflation,china,CHN,CNY,China inflation,1.70453967,percent,monthly,IMF_CPI,Consumer Price Index (CPI),https://api.imf.org/external/sdmx/3.0/data/dataflow/IMF.STA/CPI/latest/,https://data.imf.org/Datasets/CPI,2026-08-31T14:35:13.815354Z,none
2012-08-31,chn_inflation,china,CHN,CNY,China inflation,2.07806532,percent,monthly,IMF_CPI,Consumer Price Index (CPI),https://api.imf.org/external/sdmx/3.0/data/dataflow/IMF.STA/CPI/latest/,https://data.imf.org/Datasets/CPI,2026-08-31T14:35:13.815354Z,none
2012-09-30,chn_inflation,china,CHN,CNY,China inflation,1.91021702,percent,monthly,IMF_CPI,Consumer Price Index (CPI),https://api.imf.org/external/sdmx/3.0/data/dataflow/IMF.STA/CPI/latest/,https://data.imf.org/Datasets/CPI,2026-08-31T14:35:13.815354Z,none
2012-10-31,chn_inflation,china,CHN,CNY,China inflation,1.70814143,percent,monthly,IMF_CPI,Consumer Price Index (CPI),https://api.imf.org/external/sdmx/3.0/data/dataflow/IMF.STA/CPI/latest/,https://data.imf.org/Datasets/CPI,2026-08-31T14:35:13.815354Z,none
2012-11-30,chn_inflation,china,CHN,CNY,China inflation,2.06961949,percent,monthly,IMF_CPI,Consumer Price Index (CPI),https://api.imf.org/external/sdmx/3.0/data/dataflow/IMF.STA/CPI/latest/,https://data.imf.org/Datasets/CPI,2026-08-31T14:35:13.815354Z,none
2012-12-31,chn_inflation,china,CHN,CNY,China inflation,2.53130537,percent,monthly,IMF_CPI,Consumer Price Index (CPI),https://api.imf.org/external/sdmx/3.0/data/dataflow/IMF.STA/CPI/latest/,https://data.imf.org/Datasets/CPI,2026-08-31T14:35:13.815354Z,none
2013-01-31,chn_inflation,china,CHN,CNY,China inflation,2.02484101,percent,monthly,IMF_CPI,Consumer Price Index (CPI),https://api.imf.org/external/sdmx/3.0/data/dataflow/IMF.STA/CPI/latest/,https://data.imf.org/Datasets/CPI,2026-08-31T14:35:13.815354Z,none
2013-02-28,chn_inflation,china,CHN,CNY,China inflation,3.24214318,percent,monthly,IMF_CPI,Consumer Price Index (CPI),https://api.imf.org/external/sdmx/3.0/data/dataflow/IMF.STA/CPI/latest/,https://data.imf.org/Datasets/CPI,2026-08-31T14:35:13.815354Z,none
2013-03-31,chn_inflation,china,CHN,CNY,China inflation,2.12491118,percent,monthly,IMF_CPI,Consumer Price Index (CPI),https://api.imf.org/external/sdmx/3.0/data/dataflow/IMF.STA/CPI/latest/,https://data.imf.org/Datasets/CPI,2026-08-31T14:35:13.815354Z,none
2013-04-30,chn_inflation,china,CHN,CNY,China inflation,2.42138288,percent,monthly,IMF_CPI,Consumer Price Index (CPI),https://api.imf.org/external/sdmx/3.0/data/dataflow/IMF.STA/CPI/latest/,https://data.imf.org/Datasets/CPI,2026-08-31T14:35:13.815354Z,none
2013-05-31,chn_inflation,china,CHN,CNY,China inflation,2.09099051,percent,monthly,IMF_CPI,Consumer Price Index (CPI),https://api.imf.org/external/sdmx/3.0/data/dataflow/IMF.STA/CPI/latest/,https://data.imf.org/Datasets/CPI,2026-08-31T14:35:13.815354Z,none
2013-06-30,chn_inflation,china,CHN,CNY,China inflation,2.66187309,percent,monthly,IMF_CPI,Consumer Price Index (CPI),https://api.imf.org/external/sdmx/3.0/data/dataflow/IMF.STA/CPI/latest/,https://data.imf.org/Datasets/CPI,2026-08-31T14:35:13.815354Z,none
2013-07-31,chn_inflation,china,CHN,CNY,China inflation,2.6677024,percent,monthly,IMF_CPI,Consumer Price Index (CPI),https://api.imf.org/external/sdmx/3.0/data/dataflow/IMF.STA/CPI/latest/,https://data.imf.org/Datasets/CPI,2026-08-31T14:35:13.815354Z,none
2013-08-31,chn_inflation,china,CHN,CNY,China inflation,2.51534998,percent,monthly,IMF_CPI,Consumer Price Index (CPI),https://api.imf.org/external/sdmx/3.0/data/dataflow/IMF.STA/CPI/latest/,https://data.imf.org/Datasets/CPI,2026-08-31T14:35:13.815354Z,none
2013-09-30,chn_inflation,china,CHN,CNY,China inflation,3.01619873,percent,monthly,IMF_CPI,Consumer Price Index (CPI),https://api.imf.org/external/sdmx/3.0/data/dataflow/IMF.STA/CPI/latest/,https://data.imf.org/Datasets/CPI,2026-08-31T14:35:13.815354Z,none
2013-10-31,chn_inflation,china,CHN,CNY,China inflation,3.22748733,percent,monthly,IMF_CPI,Consumer Price Index (CPI),https://api.imf.org/external/sdmx/3.0/data/dataflow/IMF.STA/CPI/latest/,https://data.imf.org/Datasets/CPI,2026-08-31T14:35:13.815354Z,none
2013-11-30,chn_inflation,china,CHN,CNY,China inflation,2.95200074,percent,monthly,IMF_CPI,Consumer Price Index (CPI),https://api.imf.org/external/sdmx/3.0/data/dataflow/IMF.STA/CPI/latest/,https://data.imf.org/Datasets/CPI,2026-08-31T14:35:13.815354Z,none
2013-12-31,chn_inflation,china,CHN,CNY,China inflation,2.50659679,percent,monthly,IMF_CPI,Consumer Price Index (CPI),https://api.imf.org/external/sdmx/3.0/data/dataflow/IMF.STA/CPI/latest/,https://data.imf.org/Datasets/CPI,2026-08-31T14:35:13.815354Z,none
2014-01-31,chn_inflation,china,CHN,CNY,China inflation,2.50700087,percent,monthly,IMF_CPI,Consumer Price Index (CPI),https://api.imf.org/external/sdmx/3.0/data/dataflow/IMF.STA/CPI/latest/,https://data.imf.org/Datasets/CPI,2026-08-31T14:35:13.815354Z,none
2014-02-28,chn_inflation,china,CHN,CNY,China inflation,1.90622084,percent,monthly,IMF_CPI,Consumer Price Index (CPI),https://api.imf.org/external/sdmx/3.0/data/dataflow/IMF.STA/CPI/latest/,https://data.imf.org/Datasets/CPI,2026-08-31T14:35:13.815354Z,none
2014-03-31,chn_inflation,china,CHN,CNY,China inflation,2.31199234,percent,monthly,IMF_CPI,Consumer Price Index (CPI),https://api.imf.org/external/sdmx/3.0/data/dataflow/IMF.STA/CPI/latest/,https://data.imf.org/Datasets/CPI,2026-08-31T14:35:13.815354Z,none
2014-04-30,chn_inflation,china,CHN,CNY,China inflation,1.69588325,percent,monthly,IMF_CPI,Consumer Price Index (CPI),https://api.imf.org/external/sdmx/3.0/data/dataflow/IMF.STA/CPI/latest/,https://data.imf.org/Datasets/CPI,2026-08-31T14:35:13.815354Z,none
2014-05-31,chn_inflation,china,CHN,CNY,China inflation,2.41284044,percent,monthly,IMF_CPI,Consumer Price Index (CPI),https://api.imf.org/external/sdmx/3.0/data/dataflow/IMF.STA/CPI/latest/,https://data.imf.org/Datasets/CPI,2026-08-31T14:35:13.815354Z,none
2014-06-30,chn_inflation,china,CHN,CNY,China inflation,2.30865536,percent,monthly,IMF_CPI,Consumer Price Index (CPI),https://api.imf.org/external/sdmx/3.0/data/dataflow/IMF.STA/CPI/latest/,https://data.imf.org/Datasets/CPI,2026-08-31T14:35:13.815354Z,none
2014-07-31,chn_inflation,china,CHN,CNY,China inflation,2.20758661,percent,monthly,IMF_CPI,Consumer Price Index (CPI),https://api.imf.org/external/sdmx/3.0/data/dataflow/IMF.STA/CPI/latest/,https://data.imf.org/Datasets/CPI,2026-08-31T14:35:13.815354Z,none
2014-08-31,chn_inflation,china,CHN,CNY,China inflation,1.90314664,percent,monthly,IMF_CPI,Consumer Price Index (CPI),https://api.imf.org/external/sdmx/3.0/data/dataflow/IMF.STA/CPI/latest/,https://data.imf.org/Datasets/CPI,2026-08-31T14:35:13.815354Z,none
2014-09-30,chn_inflation,china,CHN,CNY,China inflation,1.61110099,percent,monthly,IMF_CPI,Consumer Price Index (CPI),https://api.imf.org/external/sdmx/3.0/data/dataflow/IMF.STA/CPI/latest/,https://data.imf.org/Datasets/CPI,2026-08-31T14:35:13.815354Z,none
2014-10-31,chn_inflation,china,CHN,CNY,China inflation,1.50918127,percent,monthly,IMF_CPI,Consumer Price Index (CPI),https://api.imf.org/external/sdmx/3.0/data/dataflow/IMF.STA/CPI/latest/,https://data.imf.org/Datasets/CPI,2026-08-31T14:35:13.815354Z,none
2014-11-30,chn_inflation,china,CHN,CNY,China inflation,1.30296665,percent,monthly,IMF_CPI,Consumer Price Index (CPI),https://api.imf.org/external/sdmx/3.0/data/dataflow/IMF.STA/CPI/latest/,https://data.imf.org/Datasets/CPI,2026-08-31T14:35:13.815354Z,none
2014-12-31,chn_inflation,china,CHN,CNY,China inflation,1.40969696,percent,monthly,IMF_CPI,Consumer Price Index (CPI),https://api.imf.org/external/sdmx/3.0/data/dataflow/IMF.STA/CPI/latest/,https://data.imf.org/Datasets/CPI,2026-08-31T14:35:13.815354Z,none
2015-01-31,chn_inflation,china,CHN,CNY,China inflation,0.70993538,percent,monthly,IMF_CPI,Consumer Price Index (CPI),https://api.imf.org/external/sdmx/3.0/data/dataflow/IMF.STA/CPI/latest/,https://data.imf.org/Datasets/CPI,2026-08-31T14:35:13.815354Z,none
2015-02-28,chn_inflation,china,CHN,CNY,China inflation,1.41271828,percent,monthly,IMF_CPI,Consumer Price Index (CPI),https://api.imf.org/external/sdmx/3.0/data/dataflow/IMF.STA/CPI/latest/,https://data.imf.org/Datasets/CPI,2026-08-31T14:35:13.815354Z,none
2015-03-31,chn_inflation,china,CHN,CNY,China inflation,1.31844981,percent,monthly,IMF_CPI,Consumer Price Index (CPI),https://api.imf.org/external/sdmx/3.0/data/dataflow/IMF.STA/CPI/latest/,https://data.imf.org/Datasets/CPI,2026-08-31T14:35:13.815354Z,none
2015-04-30,chn_inflation,china,CHN,CNY,China inflation,1.52749986,percent,monthly,IMF_CPI,Consumer Price Index (CPI),https://api.imf.org/external/sdmx/3.0/data/dataflow/IMF.STA/CPI/latest/,https://data.imf.org/Datasets/CPI,2026-08-31T14:35:13.815354Z,none
2015-05-31,chn_inflation,china,CHN,CNY,China inflation,1.22075447,percent,monthly,IMF_CPI,Consumer Price Index (CPI),https://api.imf.org/external/sdmx/3.0/data/dataflow/IMF.STA/CPI/latest/,https://data.imf.org/Datasets/CPI,2026-08-31T14:35:13.815354Z,none
2015-06-30,chn_inflation,china,CHN,CNY,China inflation,1.3238317,percent,monthly,IMF_CPI,Consumer Price Index (CPI),https://api.imf.org/external/sdmx/3.0/data/dataflow/IMF.STA/CPI/latest/,https://data.imf.org/Datasets/CPI,2026-08-31T14:35:13.815354Z,none
2015-07-31,chn_inflation,china,CHN,CNY,China inflation,1.73115666,percent,monthly,IMF_CPI,Consumer Price Index (CPI),https://api.imf.org/external/sdmx/3.0/data/dataflow/IMF.STA/CPI/latest/,https://data.imf.org/Datasets/CPI,2026-08-31T14:35:13.815354Z,none
2015-08-31,chn_inflation,china,CHN,CNY,China inflation,2.03251931,percent,monthly,IMF_CPI,Consumer Price Index (CPI),https://api.imf.org/external/sdmx/3.0/data/dataflow/IMF.STA/CPI/latest/,https://data.imf.org/Datasets/CPI,2026-08-31T14:35:13.815354Z,none
2015-09-30,chn_inflation,china,CHN,CNY,China inflation,1.61780181,percent,monthly,IMF_CPI,Consumer Price Index (CPI),https://api.imf.org/external/sdmx/3.0/data/dataflow/IMF.STA/CPI/latest/,https://data.imf.org/Datasets/CPI,2026-08-31T14:35:13.815354Z,none
2015-10-31,chn_inflation,china,CHN,CNY,China inflation,1.21334854,percent,monthly,IMF_CPI,Consumer Price Index (CPI),https://api.imf.org/external/sdmx/3.0/data/dataflow/IMF.STA/CPI/latest/,https://data.imf.org/Datasets/CPI,2026-08-31T14:35:13.815354Z,none
2015-11-30,chn_inflation,china,CHN,CNY,China inflation,1.52129173,percent,monthly,IMF_CPI,Consumer Price Index (CPI),https://api.imf.org/external/sdmx/3.0/data/dataflow/IMF.STA/CPI/latest/,https://data.imf.org/Datasets/CPI,2026-08-31T14:35:13.815354Z,none
2015-12-31,chn_inflation,china,CHN,CNY,China inflation,1.6161562,percent,monthly,IMF_CPI,Consumer Price Index (CPI),https://api.imf.org/external/sdmx/3.0/data/dataflow/IMF.STA/CPI/latest/,https://data.imf.org/Datasets/CPI,2026-08-31T14:35:13.815354Z,none
2016-01-31,chn_inflation,china,CHN,CNY,China inflation,1.81269693,percent,monthly,IMF_CPI,Consumer Price Index (CPI),https://api.imf.org/external/sdmx/3.0/data/dataflow/IMF.STA/CPI/latest/,https://data.imf.org/Datasets/CPI,2026-08-31T14:35:13.815354Z,none
2016-02-29,chn_inflation,china,CHN,CNY,China inflation,2.18905585,percent,monthly,IMF_CPI,Consumer Price Index (CPI),https://api.imf.org/external/sdmx/3.0/data/dataflow/IMF.STA/CPI/latest/,https://data.imf.org/Datasets/CPI,2026-08-31T14:35:13.815354Z,none
2016-03-31,chn_inflation,china,CHN,CNY,China inflation,2.30230465,percent,monthly,IMF_CPI,Consumer Price Index (CPI),https://api.imf.org/external/sdmx/3.0/data/dataflow/IMF.STA/CPI/latest/,https://data.imf.org/Datasets/CPI,2026-08-31T14:35:13.815354Z,none
2016-04-30,chn_inflation,china,CHN,CNY,China inflation,2.30691172,percent,monthly,IMF_CPI,Consumer Price Index (CPI),https://api.imf.org/external/sdmx/3.0/data/dataflow/IMF.STA/CPI/latest/,https://data.imf.org/Datasets/CPI,2026-08-31T14:35:13.815354Z,none
2016-05-31,chn_inflation,china,CHN,CNY,China inflation,2.11055282,percent,monthly,IMF_CPI,Consumer Price Index (CPI),https://api.imf.org/external/sdmx/3.0/data/dataflow/IMF.STA/CPI/latest/,https://data.imf.org/Datasets/CPI,2026-08-31T14:35:13.815354Z,none
2016-06-30,chn_inflation,china,CHN,CNY,China inflation,1.90954565,percent,monthly,IMF_CPI,Consumer Price Index (CPI),https://api.imf.org/external/sdmx/3.0/data/dataflow/IMF.STA/CPI/latest/,https://data.imf.org/Datasets/CPI,2026-08-31T14:35:13.815354Z,none
2016-07-31,chn_inflation,china,CHN,CNY,China inflation,1.70170878,percent,monthly,IMF_CPI,Consumer Price Index (CPI),https://api.imf.org/external/sdmx/3.0/data/dataflow/IMF.STA/CPI/latest/,https://data.imf.org/Datasets/CPI,2026-08-31T14:35:13.815354Z,none
2016-08-31,chn_inflation,china,CHN,CNY,China inflation,1.29482342,percent,monthly,IMF_CPI,Consumer Price Index (CPI),https://api.imf.org/external/sdmx/3.0/data/dataflow/IMF.STA/CPI/latest/,https://data.imf.org/Datasets/CPI,2026-08-31T14:35:13.815354Z,none
2016-09-30,chn_inflation,china,CHN,CNY,China inflation,1.89054521,percent,monthly,IMF_CPI,Consumer Price Index (CPI),https://api.imf.org/external/sdmx/3.0/data/dataflow/IMF.STA/CPI/latest/,https://data.imf.org/Datasets/CPI,2026-08-31T14:35:13.815354Z,none
2016-10-31,chn_inflation,china,CHN,CNY,China inflation,2.19781457,percent,monthly,IMF_CPI,Consumer Price Index (CPI),https://api.imf.org/external/sdmx/3.0/data/dataflow/IMF.STA/CPI/latest/,https://data.imf.org/Datasets/CPI,2026-08-31T14:35:13.815354Z,none
2016-11-30,chn_inflation,china,CHN,CNY,China inflation,2.29770459,percent,monthly,IMF_CPI,Consumer Price Index (CPI),https://api.imf.org/external/sdmx/3.0/data/dataflow/IMF.STA/CPI/latest/,https://data.imf.org/Datasets/CPI,2026-08-31T14:35:13.815354Z,none
2016-12-31,chn_inflation,china,CHN,CNY,China inflation,1.98807056,percent,monthly,IMF_CPI,Consumer Price Index (CPI),https://api.imf.org/external/sdmx/3.0/data/dataflow/IMF.STA/CPI/latest/,https://data.imf.org/Datasets/CPI,2026-08-31T14:35:13.815354Z,none
2017-01-31,chn_inflation,china,CHN,CNY,China inflation,2.57170532,percent,monthly,IMF_CPI,Consumer Price Index (CPI),https://api.imf.org/external/sdmx/3.0/data/dataflow/IMF.STA/CPI/latest/,https://data.imf.org/Datasets/CPI,2026-08-31T14:35:13.815354Z,none
2017-02-28,chn_inflation,china,CHN,CNY,China inflation,0.7789653,percent,monthly,IMF_CPI,Consumer Price Index (CPI),https://api.imf.org/external/sdmx/3.0/data/dataflow/IMF.STA/CPI/latest/,https://data.imf.org/Datasets/CPI,2026-08-31T14:35:13.815354Z,none
2017-03-31,chn_inflation,china,CHN,CNY,China inflation,0.97847313,percent,monthly,IMF_CPI,Consumer Price Index (CPI),https://api.imf.org/external/sdmx/3.0/data/dataflow/IMF.STA/CPI/latest/,https://data.imf.org/Datasets/CPI,2026-08-31T14:35:13.815354Z,none
2017-04-30,chn_inflation,china,CHN,CNY,China inflation,1.17647226,percent,monthly,IMF_CPI,Consumer Price Index (CPI),https://api.imf.org/external/sdmx/3.0/data/dataflow/IMF.STA/CPI/latest/,https://data.imf.org/Datasets/CPI,2026-08-31T14:35:13.815354Z,none
2017-05-31,chn_inflation,china,CHN,CNY,China inflation,1.67322421,percent,monthly,IMF_CPI,Consumer Price Index (CPI),https://api.imf.org/external/sdmx/3.0/data/dataflow/IMF.STA/CPI/latest/,https://data.imf.org/Datasets/CPI,2026-08-31T14:35:13.815354Z,none
2017-06-30,chn_inflation,china,CHN,CNY,China inflation,1.67652449,percent,monthly,IMF_CPI,Consumer Price Index (CPI),https://api.imf.org/external/sdmx/3.0/data/dataflow/IMF.STA/CPI/latest/,https://data.imf.org/Datasets/CPI,2026-08-31T14:35:13.815354Z,none
2017-07-31,chn_inflation,china,CHN,CNY,China inflation,1.37795645,percent,monthly,IMF_CPI,Consumer Price Index (CPI),https://api.imf.org/external/sdmx/3.0/data/dataflow/IMF.STA/CPI/latest/,https://data.imf.org/Datasets/CPI,2026-08-31T14:35:13.815354Z,none
2017-08-31,chn_inflation,china,CHN,CNY,China inflation,1.7699084,percent,monthly,IMF_CPI,Consumer Price Index (CPI),https://api.imf.org/external/sdmx/3.0/data/dataflow/IMF.STA/CPI/latest/,https://data.imf.org/Datasets/CPI,2026-08-31T14:35:13.815354Z,none
2017-09-30,chn_inflation,china,CHN,CNY,China inflation,1.66015219,percent,monthly,IMF_CPI,Consumer Price Index (CPI),https://api.imf.org/external/sdmx/3.0/data/dataflow/IMF.STA/CPI/latest/,https://data.imf.org/Datasets/CPI,2026-08-31T14:35:13.815354Z,none
2017-10-31,chn_inflation,china,CHN,CNY,China inflation,1.85728034,percent,monthly,IMF_CPI,Consumer Price Index (CPI),https://api.imf.org/external/sdmx/3.0/data/dataflow/IMF.STA/CPI/latest/,https://data.imf.org/Datasets/CPI,2026-08-31T14:35:13.815354Z,none
2017-11-30,chn_inflation,china,CHN,CNY,China inflation,1.75782037,percent,monthly,IMF_CPI,Consumer Price Index (CPI),https://api.imf.org/external/sdmx/3.0/data/dataflow/IMF.STA/CPI/latest/,https://data.imf.org/Datasets/CPI,2026-08-31T14:35:13.815354Z,none
2017-12-31,chn_inflation,china,CHN,CNY,China inflation,1.85184984,percent,monthly,IMF_CPI,Consumer Price Index (CPI),https://api.imf.org/external/sdmx/3.0/data/dataflow/IMF.STA/CPI/latest/,https://data.imf.org/Datasets/CPI,2026-08-31T14:35:13.815354Z,none
2018-01-31,chn_inflation,china,CHN,CNY,China inflation,1.44648488,percent,monthly,IMF_CPI,Consumer Price Index (CPI),https://api.imf.org/external/sdmx/3.0/data/dataflow/IMF.STA/CPI/latest/,https://data.imf.org/Datasets/CPI,2026-08-31T14:35:13.815354Z,none
2018-02-28,chn_inflation,china,CHN,CNY,China inflation,2.89854932,percent,monthly,IMF_CPI,Consumer Price Index (CPI),https://api.imf.org/external/sdmx/3.0/data/dataflow/IMF.STA/CPI/latest/,https://data.imf.org/Datasets/CPI,2026-08-31T14:35:13.815354Z,none
2018-03-31,chn_inflation,china,CHN,CNY,China inflation,2.03488388,percent,monthly,IMF_CPI,Consumer Price Index (CPI),https://api.imf.org/external/sdmx/3.0/data/dataflow/IMF.STA/CPI/latest/,https://data.imf.org/Datasets/CPI,2026-08-31T14:35:13.815354Z,none
2018-04-30,chn_inflation,china,CHN,CNY,China inflation,1.84109416,percent,monthly,IMF_CPI,Consumer Price Index (CPI),https://api.imf.org/external/sdmx/3.0/data/dataflow/IMF.STA/CPI/latest/,https://data.imf.org/Datasets/CPI,2026-08-31T14:35:13.815354Z,none
2018-05-31,chn_inflation,china,CHN,CNY,China inflation,1.5488925,percent,monthly,IMF_CPI,Consumer Price Index (CPI),https://api.imf.org/external/sdmx/3.0/data/dataflow/IMF.STA/CPI/latest/,https://data.imf.org/Datasets/CPI,2026-08-31T14:35:13.815354Z,none
2018-06-30,chn_inflation,china,CHN,CNY,China inflation,1.74588567,percent,monthly,IMF_CPI,Consumer Price Index (CPI),https://api.imf.org/external/sdmx/3.0/data/dataflow/IMF.STA/CPI/latest/,https://data.imf.org/Datasets/CPI,2026-08-31T14:35:13.815354Z,none
2018-07-31,chn_inflation,china,CHN,CNY,China inflation,2.13592334,percent,monthly,IMF_CPI,Consumer Price Index (CPI),https://api.imf.org/external/sdmx/3.0/data/dataflow/IMF.STA/CPI/latest/,https://data.imf.org/Datasets/CPI,2026-08-31T14:35:13.815354Z,none
2018-08-31,chn_inflation,china,CHN,CNY,China inflation,2.31884377,percent,monthly,IMF_CPI,Consumer Price Index (CPI),https://api.imf.org/external/sdmx/3.0/data/dataflow/IMF.STA/CPI/latest/,https://data.imf.org/Datasets/CPI,2026-08-31T14:35:13.815354Z,none
2018-09-30,chn_inflation,china,CHN,CNY,China inflation,2.40154129,percent,monthly,IMF_CPI,Consumer Price Index (CPI),https://api.imf.org/external/sdmx/3.0/data/dataflow/IMF.STA/CPI/latest/,https://data.imf.org/Datasets/CPI,2026-08-31T14:35:13.815354Z,none
2018-10-31,chn_inflation,china,CHN,CNY,China inflation,2.49519586,percent,monthly,IMF_CPI,Consumer Price Index (CPI),https://api.imf.org/external/sdmx/3.0/data/dataflow/IMF.STA/CPI/latest/,https://data.imf.org/Datasets/CPI,2026-08-31T14:35:13.815354Z,none
2018-11-30,chn_inflation,china,CHN,CNY,China inflation,2.11131464,percent,monthly,IMF_CPI,Consumer Price Index (CPI),https://api.imf.org/external/sdmx/3.0/data/dataflow/IMF.STA/CPI/latest/,https://data.imf.org/Datasets/CPI,2026-08-31T14:35:13.815354Z,none
2018-12-31,chn_inflation,china,CHN,CNY,China inflation,1.91387468,percent,monthly,IMF_CPI,Consumer Price Index (CPI),https://api.imf.org/external/sdmx/3.0/data/dataflow/IMF.STA/CPI/latest/,https://data.imf.org/Datasets/CPI,2026-08-31T14:35:13.815354Z,none
2019-01-31,chn_inflation,china,CHN,CNY,China inflation,1.71102355,percent,monthly,IMF_CPI,Consumer Price Index (CPI),https://api.imf.org/external/sdmx/3.0/data/dataflow/IMF.STA/CPI/latest/,https://data.imf.org/Datasets/CPI,2026-08-31T14:35:13.815354Z,none
2019-02-28,chn_inflation,china,CHN,CNY,China inflation,1.50234252,percent,monthly,IMF_CPI,Consumer Price Index (CPI),https://api.imf.org/external/sdmx/3.0/data/dataflow/IMF.STA/CPI/latest/,https://data.imf.org/Datasets/CPI,2026-08-31T14:35:13.815354Z,none
2019-03-31,chn_inflation,china,CHN,CNY,China inflation,2.27920548,percent,monthly,IMF_CPI,Consumer Price Index (CPI),https://api.imf.org/external/sdmx/3.0/data/dataflow/IMF.STA/CPI/latest/,https://data.imf.org/Datasets/CPI,2026-08-31T14:35:13.815354Z,none
2019-04-30,chn_inflation,china,CHN,CNY,China inflation,2.56897735,percent,monthly,IMF_CPI,Consumer Price Index (CPI),https://api.imf.org/external/sdmx/3.0/data/dataflow/IMF.STA/CPI/latest/,https://data.imf.org/Datasets/CPI,2026-08-31T14:35:13.815354Z,none
2019-05-31,chn_inflation,china,CHN,CNY,China inflation,2.76453515,percent,monthly,IMF_CPI,Consumer Price Index (CPI),https://api.imf.org/external/sdmx/3.0/data/dataflow/IMF.STA/CPI/latest/,https://data.imf.org/Datasets/CPI,2026-08-31T14:35:13.815354Z,none
2019-06-30,chn_inflation,china,CHN,CNY,China inflation,2.66920525,percent,monthly,IMF_CPI,Consumer Price Index (CPI),https://api.imf.org/external/sdmx/3.0/data/dataflow/IMF.STA/CPI/latest/,https://data.imf.org/Datasets/CPI,2026-08-31T14:35:13.815354Z,none
2019-07-31,chn_inflation,china,CHN,CNY,China inflation,2.75664081,percent,monthly,IMF_CPI,Consumer Price Index (CPI),https://api.imf.org/external/sdmx/3.0/data/dataflow/IMF.STA/CPI/latest/,https://data.imf.org/Datasets/CPI,2026-08-31T14:35:13.815354Z,none
2019-08-31,chn_inflation,china,CHN,CNY,China inflation,2.83285973,percent,monthly,IMF_CPI,Consumer Price Index (CPI),https://api.imf.org/external/sdmx/3.0/data/dataflow/IMF.STA/CPI/latest/,https://data.imf.org/Datasets/CPI,2026-08-31T14:35:13.815354Z,none
2019-09-30,chn_inflation,china,CHN,CNY,China inflation,3.00187682,percent,monthly,IMF_CPI,Consumer Price Index (CPI),https://api.imf.org/external/sdmx/3.0/data/dataflow/IMF.STA/CPI/latest/,https://data.imf.org/Datasets/CPI,2026-08-31T14:35:13.815354Z,none
2019-10-31,chn_inflation,china,CHN,CNY,China inflation,3.74531647,percent,monthly,IMF_CPI,Consumer Price Index (CPI),https://api.imf.org/external/sdmx/3.0/data/dataflow/IMF.STA/CPI/latest/,https://data.imf.org/Datasets/CPI,2026-08-31T14:35:13.815354Z,none
2019-11-30,chn_inflation,china,CHN,CNY,China inflation,4.5112845,percent,monthly,IMF_CPI,Consumer Price Index (CPI),https://api.imf.org/external/sdmx/3.0/data/dataflow/IMF.STA/CPI/latest/,https://data.imf.org/Datasets/CPI,2026-08-31T14:35:13.815354Z,none
2019-12-31,chn_inflation,china,CHN,CNY,China inflation,4.41315079,percent,monthly,IMF_CPI,Consumer Price Index (CPI),https://api.imf.org/external/sdmx/3.0/data/dataflow/IMF.STA/CPI/latest/,https://data.imf.org/Datasets/CPI,2026-08-31T14:35:13.815354Z,none
2020-01-31,chn_inflation,china,CHN,CNY,China inflation,5.42053499,percent,monthly,IMF_CPI,Consumer Price Index (CPI),https://api.imf.org/external/sdmx/3.0/data/dataflow/IMF.STA/CPI/latest/,https://data.imf.org/Datasets/CPI,2026-08-31T14:35:13.815354Z,none
2020-02-29,chn_inflation,china,CHN,CNY,China inflation,5.1804338,percent,monthly,IMF_CPI,Consumer Price Index (CPI),https://api.imf.org/external/sdmx/3.0/data/dataflow/IMF.STA/CPI/latest/,https://data.imf.org/Datasets/CPI,2026-08-31T14:35:13.815354Z,none
2020-03-31,chn_inflation,china,CHN,CNY,China inflation,4.27114834,percent,monthly,IMF_CPI,Consumer Price Index (CPI),https://api.imf.org/external/sdmx/3.0/data/dataflow/IMF.STA/CPI/latest/,https://data.imf.org/Datasets/CPI,2026-08-31T14:35:13.815354Z,none
2020-04-30,chn_inflation,china,CHN,CNY,China inflation,3.24675681,percent,monthly,IMF_CPI,Consumer Price Index (CPI),https://api.imf.org/external/sdmx/3.0/data/dataflow/IMF.STA/CPI/latest/,https://data.imf.org/Datasets/CPI,2026-08-31T14:35:13.815354Z,none
2020-05-31,chn_inflation,china,CHN,CNY,China inflation,2.4118685,percent,monthly,IMF_CPI,Consumer Price Index (CPI),https://api.imf.org/external/sdmx/3.0/data/dataflow/IMF.STA/CPI/latest/,https://data.imf.org/Datasets/CPI,2026-08-31T14:35:13.815354Z,none
2020-06-30,chn_inflation,china,CHN,CNY,China inflation,2.50695946,percent,monthly,IMF_CPI,Consumer Price Index (CPI),https://api.imf.org/external/sdmx/3.0/data/dataflow/IMF.STA/CPI/latest/,https://data.imf.org/Datasets/CPI,2026-08-31T14:35:13.815354Z,none
2020-07-31,chn_inflation,china,CHN,CNY,China inflation,1.75764037,percent,monthly,IMF_CPI,Consumer Price Index (CPI),https://api.imf.org/external/sdmx/3.0/data/dataflow/IMF.STA/CPI/latest/,https://data.imf.org/Datasets/CPI,2026-08-31T14:35:13.815354Z,none
2020-08-31,chn_inflation,china,CHN,CNY,China inflation,2.38751643,percent,monthly,IMF_CPI,Consumer Price Index (CPI),https://api.imf.org/external/sdmx/3.0/data/dataflow/IMF.STA/CPI/latest/,https://data.imf.org/Datasets/CPI,2026-08-31T14:35:13.815354Z,none
2020-09-30,chn_inflation,china,CHN,CNY,China inflation,1.7304374,percent,monthly,IMF_CPI,Consumer Price Index (CPI),https://api.imf.org/external/sdmx/3.0/data/dataflow/IMF.STA/CPI/latest/,https://data.imf.org/Datasets/CPI,2026-08-31T14:35:13.815354Z,none
2020-10-31,chn_inflation,china,CHN,CNY,China inflation,0.54151196,percent,monthly,IMF_CPI,Consumer Price Index (CPI),https://api.imf.org/external/sdmx/3.0/data/dataflow/IMF.STA/CPI/latest/,https://data.imf.org/Datasets/CPI,2026-08-31T14:35:13.815354Z,none
2020-11-30,chn_inflation,china,CHN,CNY,China inflation,-0.44964507,percent,monthly,IMF_CPI,Consumer Price Index (CPI),https://api.imf.org/external/sdmx/3.0/data/dataflow/IMF.STA/CPI/latest/,https://data.imf.org/Datasets/CPI,2026-08-31T14:35:13.815354Z,none
2020-12-31,chn_inflation,china,CHN,CNY,China inflation,0.26978704,percent,monthly,IMF_CPI,Consumer Price Index (CPI),https://api.imf.org/external/sdmx/3.0/data/dataflow/IMF.STA/CPI/latest/,https://data.imf.org/Datasets/CPI,2026-08-31T14:35:13.815354Z,none
2021-01-31,chn_inflation,china,CHN,CNY,China inflation,-0.22160889,percent,monthly,IMF_CPI,Consumer Price Index (CPI),https://api.imf.org/external/sdmx/3.0/data/dataflow/IMF.STA/CPI/latest/,https://data.imf.org/Datasets/CPI,2026-08-31T14:35:13.815354Z,none
2021-02-28,chn_inflation,china,CHN,CNY,China inflation,-0.42283506,percent,monthly,IMF_CPI,Consumer Price Index (CPI),https://api.imf.org/external/sdmx/3.0/data/dataflow/IMF.STA/CPI/latest/,https://data.imf.org/Datasets/CPI,2026-08-31T14:35:13.815354Z,none
2021-03-31,chn_inflation,china,CHN,CNY,China inflation,0.32192411,percent,monthly,IMF_CPI,Consumer Price Index (CPI),https://api.imf.org/external/sdmx/3.0/data/dataflow/IMF.STA/CPI/latest/,https://data.imf.org/Datasets/CPI,2026-08-31T14:35:13.815354Z,none
2021-04-30,chn_inflation,china,CHN,CNY,China inflation,0.92264545,percent,monthly,IMF_CPI,Consumer Price Index (CPI),https://api.imf.org/external/sdmx/3.0/data/dataflow/IMF.STA/CPI/latest/,https://data.imf.org/Datasets/CPI,2026-08-31T14:35:13.815354Z,none
2021-05-31,chn_inflation,china,CHN,CNY,China inflation,1.64435509,percent,monthly,IMF_CPI,Consumer Price Index (CPI),https://api.imf.org/external/sdmx/3.0/data/dataflow/IMF.STA/CPI/latest/,https://data.imf.org/Datasets/CPI,2026-08-31T14:35:13.815354Z,none
2021-06-30,chn_inflation,china,CHN,CNY,China inflation,1.24020259,percent,monthly,IMF_CPI,Consumer Price Index (CPI),https://api.imf.org/external/sdmx/3.0/data/dataflow/IMF.STA/CPI/latest/,https://data.imf.org/Datasets/CPI,2026-08-31T14:35:13.815354Z,none
2021-07-31,chn_inflation,china,CHN,CNY,China inflation,1.91255902,percent,monthly,IMF_CPI,Consumer Price Index (CPI),https://api.imf.org/external/sdmx/3.0/data/dataflow/IMF.STA/CPI/latest/,https://data.imf.org/Datasets/CPI,2026-08-31T14:35:13.815354Z,none
2021-08-31,chn_inflation,china,CHN,CNY,China inflation,0.64157503,percent,monthly,IMF_CPI,Consumer Price Index (CPI),https://api.imf.org/external/sdmx/3.0/data/dataflow/IMF.STA/CPI/latest/,https://data.imf.org/Datasets/CPI,2026-08-31T14:35:13.815354Z,none
2021-09-30,chn_inflation,china,CHN,CNY,China inflation,0.46136332,percent,monthly,IMF_CPI,Consumer Price Index (CPI),https://api.imf.org/external/sdmx/3.0/data/dataflow/IMF.STA/CPI/latest/,https://data.imf.org/Datasets/CPI,2026-08-31T14:35:13.815354Z,none
2021-10-31,chn_inflation,china,CHN,CNY,China inflation,1.4328466,percent,monthly,IMF_CPI,Consumer Price Index (CPI),https://api.imf.org/external/sdmx/3.0/data/dataflow/IMF.STA/CPI/latest/,https://data.imf.org/Datasets/CPI,2026-08-31T14:35:13.815354Z,none
2021-11-30,chn_inflation,china,CHN,CNY,China inflation,2.47730057,percent,monthly,IMF_CPI,Consumer Price Index (CPI),https://api.imf.org/external/sdmx/3.0/data/dataflow/IMF.STA/CPI/latest/,https://data.imf.org/Datasets/CPI,2026-08-31T14:35:13.815354Z,none
2021-12-31,chn_inflation,china,CHN,CNY,China inflation,1.44190565,percent,monthly,IMF_CPI,Consumer Price Index (CPI),https://api.imf.org/external/sdmx/3.0/data/dataflow/IMF.STA/CPI/latest/,https://data.imf.org/Datasets/CPI,2026-08-31T14:35:13.815354Z,none
2022-01-31,chn_inflation,china,CHN,CNY,China inflation,0.99108028,percent,monthly,IMF_CPI,Consumer Price Index (CPI),https://api.imf.org/external/sdmx/3.0/data/dataflow/IMF.STA/CPI/latest/,https://data.imf.org/Datasets/CPI,2026-08-31T14:35:13.815354Z,none
2022-02-28,chn_inflation,china,CHN,CNY,China inflation,0.98522167,percent,monthly,IMF_CPI,Consumer Price Index (CPI),https://api.imf.org/external/sdmx/3.0/data/dataflow/IMF.STA/CPI/latest/,https://data.imf.org/Datasets/CPI,2026-08-31T14:35:13.815354Z,none
2022-03-31,chn_inflation,china,CHN,CNY,China inflation,1.48514851,percent,monthly,IMF_CPI,Consumer Price Index (CPI),https://api.imf.org/external/sdmx/3.0/data/dataflow/IMF.STA/CPI/latest/,https://data.imf.org/Datasets/CPI,2026-08-31T14:35:13.815354Z,none
2022-04-30,chn_inflation,china,CHN,CNY,China inflation,2.18470705,percent,monthly,IMF_CPI,Consumer Price Index (CPI),https://api.imf.org/external/sdmx/3.0/data/dataflow/IMF.STA/CPI/latest/,https://data.imf.org/Datasets/CPI,2026-08-31T14:35:13.815354Z,none
2022-05-31,chn_inflation,china,CHN,CNY,China inflation,2.08747515,percent,monthly,IMF_CPI,Consumer Price Index (CPI),https://api.imf.org/external/sdmx/3.0/data/dataflow/IMF.STA/CPI/latest/,https://data.imf.org/Datasets/CPI,2026-08-31T14:35:13.815354Z,none
2022-06-30,chn_inflation,china,CHN,CNY,China inflation,2.49500998,percent,monthly,IMF_CPI,Consumer Price Index (CPI),https://api.imf.org/external/sdmx/3.0/data/dataflow/IMF.STA/CPI/latest/,https://data.imf.org/Datasets/CPI,2026-08-31T14:35:13.815354Z,none
2022-07-31,chn_inflation,china,CHN,CNY,China inflation,2.68656716,percent,monthly,IMF_CPI,Consumer Price Index (CPI),https://api.imf.org/external/sdmx/3.0/data/dataflow/IMF.STA/CPI/latest/,https://data.imf.org/Datasets/CPI,2026-08-31T14:35:13.815354Z,none
2022-08-31,chn_inflation,china,CHN,CNY,China inflation,2.48508946,percent,monthly,IMF_CPI,Consumer Price Index (CPI),https://api.imf.org/external/sdmx/3.0/data/dataflow/IMF.STA/CPI/latest/,https://data.imf.org/Datasets/CPI,2026-08-31T14:35:13.815354Z,none
2022-09-30,chn_inflation,china,CHN,CNY,China inflation,2.7833002,percent,monthly,IMF_CPI,Consumer Price Index (CPI),https://api.imf.org/external/sdmx/3.0/data/dataflow/IMF.STA/CPI/latest/,https://data.imf.org/Datasets/CPI,2026-08-31T14:35:13.815354Z,none
2022-10-31,chn_inflation,china,CHN,CNY,China inflation,2.17176703,percent,monthly,IMF_CPI,Consumer Price Index (CPI),https://api.imf.org/external/sdmx/3.0/data/dataflow/IMF.STA/CPI/latest/,https://data.imf.org/Datasets/CPI,2026-08-31T14:35:13.815354Z,none
2022-11-30,chn_inflation,china,CHN,CNY,China inflation,1.57325467,percent,monthly,IMF_CPI,Consumer Price Index (CPI),https://api.imf.org/external/sdmx/3.0/data/dataflow/IMF.STA/CPI/latest/,https://data.imf.org/Datasets/CPI,2026-08-31T14:35:13.815354Z,none
2022-12-31,chn_inflation,china,CHN,CNY,China inflation,1.77514793,percent,monthly,IMF_CPI,Consumer Price Index (CPI),https://api.imf.org/external/sdmx/3.0/data/dataflow/IMF.STA/CPI/latest/,https://data.imf.org/Datasets/CPI,2026-08-31T14:35:13.815354Z,none
2023-01-31,chn_inflation,china,CHN,CNY,China inflation,2.06084396,percent,monthly,IMF_CPI,Consumer Price Index (CPI),https://api.imf.org/external/sdmx/3.0/data/dataflow/IMF.STA/CPI/latest/,https://data.imf.org/Datasets/CPI,2026-08-31T14:35:13.815354Z,none
2023-02-28,chn_inflation,china,CHN,CNY,China inflation,0.97560976,percent,monthly,IMF_CPI,Consumer Price Index (CPI),https://api.imf.org/external/sdmx/3.0/data/dataflow/IMF.STA/CPI/latest/,https://data.imf.org/Datasets/CPI,2026-08-31T14:35:13.815354Z,none
2023-03-31,chn_inflation,china,CHN,CNY,China inflation,0.68292683,percent,monthly,IMF_CPI,Consumer Price Index (CPI),https://api.imf.org/external/sdmx/3.0/data/dataflow/IMF.STA/CPI/latest/,https://data.imf.org/Datasets/CPI,2026-08-31T14:35:13.815354Z,none
2023-04-30,chn_inflation,china,CHN,CNY,China inflation,0.09718173,percent,monthly,IMF_CPI,Consumer Price Index (CPI),https://api.imf.org/external/sdmx/3.0/data/dataflow/IMF.STA/CPI/latest/,https://data.imf.org/Datasets/CPI,2026-08-31T14:35:13.815354Z,none
2023-05-31,chn_inflation,china,CHN,CNY,China inflation,0.19474197,percent,monthly,IMF_CPI,Consumer Price Index (CPI),https://api.imf.org/external/sdmx/3.0/data/dataflow/IMF.STA/CPI/latest/,https://data.imf.org/Datasets/CPI,2026-08-31T14:35:13.815354Z,none
2023-06-30,chn_inflation,china,CHN,CNY,China inflation,0,percent,monthly,IMF_CPI,Consumer Price Index (CPI),https://api.imf.org/external/sdmx/3.0/data/dataflow/IMF.STA/CPI/latest/,https://data.imf.org/Datasets/CPI,2026-08-31T14:35:13.815354Z,none
2023-07-31,chn_inflation,china,CHN,CNY,China inflation,-0.29069767,percent,monthly,IMF_CPI,Consumer Price Index (CPI),https://api.imf.org/external/sdmx/3.0/data/dataflow/IMF.STA/CPI/latest/,https://data.imf.org/Datasets/CPI,2026-08-31T14:35:13.815354Z,none
2023-08-31,chn_inflation,china,CHN,CNY,China inflation,0.09699321,percent,monthly,IMF_CPI,Consumer Price Index (CPI),https://api.imf.org/external/sdmx/3.0/data/dataflow/IMF.STA/CPI/latest/,https://data.imf.org/Datasets/CPI,2026-08-31T14:35:13.815354Z,none
2023-09-30,chn_inflation,china,CHN,CNY,China inflation,0,percent,monthly,IMF_CPI,Consumer Price Index (CPI),https://api.imf.org/external/sdmx/3.0/data/dataflow/IMF.STA/CPI/latest/,https://data.imf.org/Datasets/CPI,2026-08-31T14:35:13.815354Z,none
2023-10-31,chn_inflation,china,CHN,CNY,China inflation,-0.19323671,percent,monthly,IMF_CPI,Consumer Price Index (CPI),https://api.imf.org/external/sdmx/3.0/data/dataflow/IMF.STA/CPI/latest/,https://data.imf.org/Datasets/CPI,2026-08-31T14:35:13.815354Z,none
2023-11-30,chn_inflation,china,CHN,CNY,China inflation,-0.48402711,percent,monthly,IMF_CPI,Consumer Price Index (CPI),https://api.imf.org/external/sdmx/3.0/data/dataflow/IMF.STA/CPI/latest/,https://data.imf.org/Datasets/CPI,2026-08-31T14:35:13.815354Z,none
2023-12-31,chn_inflation,china,CHN,CNY,China inflation,-0.29069767,percent,monthly,IMF_CPI,Consumer Price Index (CPI),https://api.imf.org/external/sdmx/3.0/data/dataflow/IMF.STA/CPI/latest/,https://data.imf.org/Datasets/CPI,2026-08-31T14:35:13.815354Z,none
2024-01-31,chn_inflation,china,CHN,CNY,China inflation,-0.86538462,percent,monthly,IMF_CPI,Consumer Price Index (CPI),https://api.imf.org/external/sdmx/3.0/data/dataflow/IMF.STA/CPI/latest/,https://data.imf.org/Datasets/CPI,2026-08-31T14:35:13.815354Z,none
2024-02-29,chn_inflation,china,CHN,CNY,China inflation,0.6763285,percent,monthly,IMF_CPI,Consumer Price Index (CPI),https://api.imf.org/external/sdmx/3.0/data/dataflow/IMF.STA/CPI/latest/,https://data.imf.org/Datasets/CPI,2026-08-31T14:35:13.815354Z,none
2024-03-31,chn_inflation,china,CHN,CNY,China inflation,0.09689922,percent,monthly,IMF_CPI,Consumer Price Index (CPI),https://api.imf.org/external/sdmx/3.0/data/dataflow/IMF.STA/CPI/latest/,https://data.imf.org/Datasets/CPI,2026-08-31T14:35:13.815354Z,none
2024-04-30,chn_inflation,china,CHN,CNY,China inflation,0.19417476,percent,monthly,IMF_CPI,Consumer Price Index (CPI),https://api.imf.org/external/sdmx/3.0/data/dataflow/IMF.STA/CPI/latest/,https://data.imf.org/Datasets/CPI,2026-08-31T14:35:13.815354Z,none
2024-05-31,chn_inflation,china,CHN,CNY,China inflation,0.29154519,percent,monthly,IMF_CPI,Consumer Price Index (CPI),https://api.imf.org/external/sdmx/3.0/data/dataflow/IMF.STA/CPI/latest/,https://data.imf.org/Datasets/CPI,2026-08-31T14:35:13.815354Z,none
2024-06-30,chn_inflation,china,CHN,CNY,China inflation,0.19474197,percent,monthly,IMF_CPI,Consumer Price Index (CPI),https://api.imf.org/external/sdmx/3.0/data/dataflow/IMF.STA/CPI/latest/,https://data.imf.org/Datasets/CPI,2026-08-31T14:35:13.815354Z,none
2024-07-31,chn_inflation,china,CHN,CNY,China inflation,0.48590865,percent,monthly,IMF_CPI,Consumer Price Index (CPI),https://api.imf.org/external/sdmx/3.0/data/dataflow/IMF.STA/CPI/latest/,https://data.imf.org/Datasets/CPI,2026-08-31T14:35:13.815354Z,none
2024-08-31,chn_inflation,china,CHN,CNY,China inflation,0.58139535,percent,monthly,IMF_CPI,Consumer Price Index (CPI),https://api.imf.org/external/sdmx/3.0/data/dataflow/IMF.STA/CPI/latest/,https://data.imf.org/Datasets/CPI,2026-08-31T14:35:13.815354Z,none
2024-09-30,chn_inflation,china,CHN,CNY,China inflation,0.3868472,percent,monthly,IMF_CPI,Consumer Price Index (CPI),https://api.imf.org/external/sdmx/3.0/data/dataflow/IMF.STA/CPI/latest/,https://data.imf.org/Datasets/CPI,2026-08-31T14:35:13.815354Z,none
2024-10-31,chn_inflation,china,CHN,CNY,China inflation,0.29041626,percent,monthly,IMF_CPI,Consumer Price Index (CPI),https://api.imf.org/external/sdmx/3.0/data/dataflow/IMF.STA/CPI/latest/,https://data.imf.org/Datasets/CPI,2026-08-31T14:35:13.815354Z,none
2024-11-30,chn_inflation,china,CHN,CNY,China inflation,0.19455253,percent,monthly,IMF_CPI,Consumer Price Index (CPI),https://api.imf.org/external/sdmx/3.0/data/dataflow/IMF.STA/CPI/latest/,https://data.imf.org/Datasets/CPI,2026-08-31T14:35:13.815354Z,none
2024-12-31,chn_inflation,china,CHN,CNY,China inflation,0.09718173,percent,monthly,IMF_CPI,Consumer Price Index (CPI),https://api.imf.org/external/sdmx/3.0/data/dataflow/IMF.STA/CPI/latest/,https://data.imf.org/Datasets/CPI,2026-08-31T14:35:13.815354Z,none
2025-01-31,chn_inflation,china,CHN,CNY,China inflation,0.48496605,percent,monthly,IMF_CPI,Consumer Price Index (CPI),https://api.imf.org/external/sdmx/3.0/data/dataflow/IMF.STA/CPI/latest/,https://data.imf.org/Datasets/CPI,2026-08-31T14:35:13.815354Z,none
2025-02-28,chn_inflation,china,CHN,CNY,China inflation,-0.76775432,percent,monthly,IMF_CPI,Consumer Price Index (CPI),https://api.imf.org/external/sdmx/3.0/data/dataflow/IMF.STA/CPI/latest/,https://data.imf.org/Datasets/CPI,2026-08-31T14:35:13.815354Z,none
2025-03-31,chn_inflation,china,CHN,CNY,China inflation,-0.09680542,percent,monthly,IMF_CPI,Consumer Price Index (CPI),https://api.imf.org/external/sdmx/3.0/data/dataflow/IMF.STA/CPI/latest/,https://data.imf.org/Datasets/CPI,2026-08-31T14:35:13.815354Z,none
2025-04-30,chn_inflation,china,CHN,CNY,China inflation,-0.0746124,percent,monthly,IMF_CPI,Consumer Price Index (CPI),https://api.imf.org/external/sdmx/3.0/data/dataflow/IMF.STA/CPI/latest/,https://data.imf.org/Datasets/CPI,2026-08-31T14:35:13.815354Z,none
2025-05-31,chn_inflation,china,CHN,CNY,China inflation,-0.07403101,percent,monthly,IMF_CPI,Consumer Price Index (CPI),https://api.imf.org/external/sdmx/3.0/data/dataflow/IMF.STA/CPI/latest/,https://data.imf.org/Datasets/CPI,2026-08-31T14:35:13.815354Z,none
2025-06-30,chn_inflation,china,CHN,CNY,China inflation,0.1101069,percent,monthly,IMF_CPI,Consumer Price Index (CPI),https://api.imf.org/external/sdmx/3.0/data/dataflow/IMF.STA/CPI/latest/,https://data.imf.org/Datasets/CPI,2026-08-31T14:35:13.815354Z,none
2025-07-31,chn_inflation,china,CHN,CNY,China inflation,0.01779497,percent,monthly,IMF_CPI,Consumer Price Index (CPI),https://api.imf.org/external/sdmx/3.0/data/dataflow/IMF.STA/CPI/latest/,https://data.imf.org/Datasets/CPI,2026-08-31T14:35:13.815354Z,none
2025-08-31,chn_inflation,china,CHN,CNY,China inflation,-0.36406551,percent,monthly,IMF_CPI,Consumer Price Index (CPI),https://api.imf.org/external/sdmx/3.0/data/dataflow/IMF.STA/CPI/latest/,https://data.imf.org/Datasets/CPI,2026-08-31T14:35:13.815354Z,none
2025-09-30,chn_inflation,china,CHN,CNY,China inflation,-0.27071291,percent,monthly,IMF_CPI,Consumer Price Index (CPI),https://api.imf.org/external/sdmx/3.0/data/dataflow/IMF.STA/CPI/latest/,https://data.imf.org/Datasets/CPI,2026-08-31T14:35:13.815354Z,none
2025-10-31,chn_inflation,china,CHN,CNY,China inflation,0.23127413,percent,monthly,IMF_CPI,Consumer Price Index (CPI),https://api.imf.org/external/sdmx/3.0/data/dataflow/IMF.STA/CPI/latest/,https://data.imf.org/Datasets/CPI,2026-08-31T14:35:13.815354Z,none
2025-11-30,chn_inflation,china,CHN,CNY,China inflation,0.71582524,percent,monthly,IMF_CPI,Consumer Price Index (CPI),https://api.imf.org/external/sdmx/3.0/data/dataflow/IMF.STA/CPI/latest/,https://data.imf.org/Datasets/CPI,2026-08-31T14:35:13.815354Z,none
2025-12-31,chn_inflation,china,CHN,CNY,China inflation,0.81805825,percent,monthly,IMF_CPI,Consumer Price Index (CPI),https://api.imf.org/external/sdmx/3.0/data/dataflow/IMF.STA/CPI/latest/,https://data.imf.org/Datasets/CPI,2026-08-31T14:35:13.815354Z,none
2026-01-31,chn_inflation,china,CHN,CNY,China inflation,0.22905405,percent,monthly,IMF_CPI,Consumer Price Index (CPI),https://api.imf.org/external/sdmx/3.0/data/dataflow/IMF.STA/CPI/latest/,https://data.imf.org/Datasets/CPI,2026-08-31T14:35:13.815354Z,none
2026-02-28,chn_inflation,china,CHN,CNY,China inflation,1.33191489,percent,monthly,IMF_CPI,Consumer Price Index (CPI),https://api.imf.org/external/sdmx/3.0/data/dataflow/IMF.STA/CPI/latest/,https://data.imf.org/Datasets/CPI,2026-08-31T14:35:13.815354Z,none
2026-03-31,chn_inflation,china,CHN,CNY,China inflation,1.03178295,percent,monthly,IMF_CPI,Consumer Price Index (CPI),https://api.imf.org/external/sdmx/3.0/data/dataflow/IMF.STA/CPI/latest/,https://data.imf.org/Datasets/CPI,2026-08-31T14:35:13.815354Z,none
2026-04-30,chn_inflation,china,CHN,CNY,China inflation,1.20002327,percent,monthly,IMF_CPI,Consumer Price Index (CPI),https://api.imf.org/external/sdmx/3.0/data/dataflow/IMF.STA/CPI/latest/,https://data.imf.org/Datasets/CPI,2026-08-31T14:35:13.815354Z,none
2026-05-31,chn_inflation,china,CHN,CNY,China inflation,1.19991932,percent,monthly,IMF_CPI,Consumer Price Index (CPI),https://api.imf.org/external/sdmx/3.0/data/dataflow/IMF.STA/CPI/latest/,https://data.imf.org/Datasets/CPI,2026-08-31T14:35:13.815354Z,none
2026-06-30,chn_inflation,china,CHN,CNY,China inflation,1.00006504,percent,monthly,IMF_CPI,Consumer Price Index (CPI),https://api.imf.org/external/sdmx/3.0/data/dataflow/IMF.STA/CPI/latest/,https://data.imf.org/Datasets/CPI,2026-08-31T14:35:13.815354Z,none
2024-01-02,cny_fx,china,CHN,CNY,CNY per US dollar,7.077,LCU_per_USD,daily,CFETS_CNY_PARITY,USD/CNY Central Parity Rate - Historical Data,https://www.chinamoney.com.cn/ags/ms/cm-u-bk-ccpr/CcprHisNew,https://www.chinamoney.com.cn/english/bmkcpr/index.html?tab=2,2026-08-31T14:36:24.455076Z,none
2024-01-03,cny_fx,china,CHN,CNY,CNY per US dollar,7.1002,LCU_per_USD,daily,CFETS_CNY_PARITY,USD/CNY Central Parity Rate - Historical Data,https://www.chinamoney.com.cn/ags/ms/cm-u-bk-ccpr/CcprHisNew,https://www.chinamoney.com.cn/english/bmkcpr/index.html?tab=2,2026-08-31T14:36:24.455076Z,none
2024-01-04,cny_fx,china,CHN,CNY,CNY per US dollar,7.0997,LCU_per_USD,daily,CFETS_CNY_PARITY,USD/CNY Central Parity Rate - Historical Data,https://www.chinamoney.com.cn/ags/ms/cm-u-bk-ccpr/CcprHisNew,https://www.chinamoney.com.cn/english/bmkcpr/index.html?tab=2,2026-08-31T14:36:24.455076Z,none
2024-01-05,cny_fx,china,CHN,CNY,CNY per US dollar,7.1029,LCU_per_USD,daily,CFETS_CNY_PARITY,USD/CNY Central Parity Rate - Historical Data,https://www.chinamoney.com.cn/ags/ms/cm-u-bk-ccpr/CcprHisNew,https://www.chinamoney.com.cn/english/bmkcpr/index.html?tab=2,2026-08-31T14:36:24.455076Z,none
2024-01-08,cny_fx,china,CHN,CNY,CNY per US dollar,7.1006,LCU_per_USD,daily,CFETS_CNY_PARITY,USD/CNY Central Parity Rate - Historical Data,https://www.chinamoney.com.cn/ags/ms/cm-u-bk-ccpr/CcprHisNew,https://www.chinamoney.com.cn/english/bmkcpr/index.html?tab=2,2026-08-31T14:36:24.455076Z,none
2024-01-09,cny_fx,china,CHN,CNY,CNY per US dollar,7.101,LCU_per_USD,daily,CFETS_CNY_PARITY,USD/CNY Central Parity Rate - Historical Data,https://www.chinamoney.com.cn/ags/ms/cm-u-bk-ccpr/CcprHisNew,https://www.chinamoney.com.cn/english/bmkcpr/index.html?tab=2,2026-08-31T14:36:24.455076Z,none
2024-01-10,cny_fx,china,CHN,CNY,CNY per US dollar,7.1055,LCU_per_USD,daily,CFETS_CNY_PARITY,USD/CNY Central Parity Rate - Historical Data,https://www.chinamoney.com.cn/ags/ms/cm-u-bk-ccpr/CcprHisNew,https://www.chinamoney.com.cn/english/bmkcpr/index.html?tab=2,2026-08-31T14:36:24.455076Z,none
2024-01-11,cny_fx,china,CHN,CNY,CNY per US dollar,7.1087,LCU_per_USD,daily,CFETS_CNY_PARITY,USD/CNY Central Parity Rate - Historical Data,https://www.chinamoney.com.cn/ags/ms/cm-u-bk-ccpr/CcprHisNew,https://www.chinamoney.com.cn/english/bmkcpr/index.html?tab=2,2026-08-31T14:36:24.455076Z,none
2024-01-12,cny_fx,china,CHN,CNY,CNY per US dollar,7.105,LCU_per_USD,daily,CFETS_CNY_PARITY,USD/CNY Central Parity Rate - Historical Data,https://www.chinamoney.com.cn/ags/ms/cm-u-bk-ccpr/CcprHisNew,https://www.chinamoney.com.cn/english/bmkcpr/index.html?tab=2,2026-08-31T14:36:24.455076Z,none
2024-01-15,cny_fx,china,CHN,CNY,CNY per US dollar,7.1084,LCU_per_USD,daily,CFETS_CNY_PARITY,USD/CNY Central Parity Rate - Historical Data,https://www.chinamoney.com.cn/ags/ms/cm-u-bk-ccpr/CcprHisNew,https://www.chinamoney.com.cn/english/bmkcpr/index.html?tab=2,2026-08-31T14:36:24.455076Z,none
2024-01-16,cny_fx,china,CHN,CNY,CNY per US dollar,7.1134,LCU_per_USD,daily,CFETS_CNY_PARITY,USD/CNY Central Parity Rate - Historical Data,https://www.chinamoney.com.cn/ags/ms/cm-u-bk-ccpr/CcprHisNew,https://www.chinamoney.com.cn/english/bmkcpr/index.html?tab=2,2026-08-31T14:36:24.455076Z,none
2024-01-17,cny_fx,china,CHN,CNY,CNY per US dollar,7.1168,LCU_per_USD,daily,CFETS_CNY_PARITY,USD/CNY Central Parity Rate - Historical Data,https://www.chinamoney.com.cn/ags/ms/cm-u-bk-ccpr/CcprHisNew,https://www.chinamoney.com.cn/english/bmkcpr/index.html?tab=2,2026-08-31T14:36:24.455076Z,none
2024-01-18,cny_fx,china,CHN,CNY,CNY per US dollar,7.1174,LCU_per_USD,daily,CFETS_CNY_PARITY,USD/CNY Central Parity Rate - Historical Data,https://www.chinamoney.com.cn/ags/ms/cm-u-bk-ccpr/CcprHisNew,https://www.chinamoney.com.cn/english/bmkcpr/index.html?tab=2,2026-08-31T14:36:24.455076Z,none
2024-01-19,cny_fx,china,CHN,CNY,CNY per US dollar,7.1167,LCU_per_USD,daily,CFETS_CNY_PARITY,USD/CNY Central Parity Rate - Historical Data,https://www.chinamoney.com.cn/ags/ms/cm-u-bk-ccpr/CcprHisNew,https://www.chinamoney.com.cn/english/bmkcpr/index.html?tab=2,2026-08-31T14:36:24.455076Z,none
2024-01-22,cny_fx,china,CHN,CNY,CNY per US dollar,7.1105,LCU_per_USD,daily,CFETS_CNY_PARITY,USD/CNY Central Parity Rate - Historical Data,https://www.chinamoney.com.cn/ags/ms/cm-u-bk-ccpr/CcprHisNew,https://www.chinamoney.com.cn/english/bmkcpr/index.html?tab=2,2026-08-31T14:36:24.455076Z,none
2024-01-23,cny_fx,china,CHN,CNY,CNY per US dollar,7.1117,LCU_per_USD,daily,CFETS_CNY_PARITY,USD/CNY Central Parity Rate - Historical Data,https://www.chinamoney.com.cn/ags/ms/cm-u-bk-ccpr/CcprHisNew,https://www.chinamoney.com.cn/english/bmkcpr/index.html?tab=2,2026-08-31T14:36:24.455076Z,none
2024-01-24,cny_fx,china,CHN,CNY,CNY per US dollar,7.1053,LCU_per_USD,daily,CFETS_CNY_PARITY,USD/CNY Central Parity Rate - Historical Data,https://www.chinamoney.com.cn/ags/ms/cm-u-bk-ccpr/CcprHisNew,https://www.chinamoney.com.cn/english/bmkcpr/index.html?tab=2,2026-08-31T14:36:24.455076Z,none
2024-01-25,cny_fx,china,CHN,CNY,CNY per US dollar,7.1044,LCU_per_USD,daily,CFETS_CNY_PARITY,USD/CNY Central Parity Rate - Historical Data,https://www.chinamoney.com.cn/ags/ms/cm-u-bk-ccpr/CcprHisNew,https://www.chinamoney.com.cn/english/bmkcpr/index.html?tab=2,2026-08-31T14:36:24.455076Z,none
2024-01-26,cny_fx,china,CHN,CNY,CNY per US dollar,7.1074,LCU_per_USD,daily,CFETS_CNY_PARITY,USD/CNY Central Parity Rate - Historical Data,https://www.chinamoney.com.cn/ags/ms/cm-u-bk-ccpr/CcprHisNew,https://www.chinamoney.com.cn/english/bmkcpr/index.html?tab=2,2026-08-31T14:36:24.455076Z,none
2024-01-29,cny_fx,china,CHN,CNY,CNY per US dollar,7.1097,LCU_per_USD,daily,CFETS_CNY_PARITY,USD/CNY Central Parity Rate - Historical Data,https://www.chinamoney.com.cn/ags/ms/cm-u-bk-ccpr/CcprHisNew,https://www.chinamoney.com.cn/english/bmkcpr/index.html?tab=2,2026-08-31T14:36:24.455076Z,none
2024-01-30,cny_fx,china,CHN,CNY,CNY per US dollar,7.1055,LCU_per_USD,daily,CFETS_CNY_PARITY,USD/CNY Central Parity Rate - Historical Data,https://www.chinamoney.com.cn/ags/ms/cm-u-bk-ccpr/CcprHisNew,https://www.chinamoney.com.cn/english/bmkcpr/index.html?tab=2,2026-08-31T14:36:24.455076Z,none
2024-01-31,cny_fx,china,CHN,CNY,CNY per US dollar,7.1039,LCU_per_USD,daily,CFETS_CNY_PARITY,USD/CNY Central Parity Rate - Historical Data,https://www.chinamoney.com.cn/ags/ms/cm-u-bk-ccpr/CcprHisNew,https://www.chinamoney.com.cn/english/bmkcpr/index.html?tab=2,2026-08-31T14:36:24.455076Z,none
2024-02-01,cny_fx,china,CHN,CNY,CNY per US dollar,7.1049,LCU_per_USD,daily,CFETS_CNY_PARITY,USD/CNY Central Parity Rate - Historical Data,https://www.chinamoney.com.cn/ags/ms/cm-u-bk-ccpr/CcprHisNew,https://www.chinamoney.com.cn/english/bmkcpr/index.html?tab=2,2026-08-31T14:36:24.730202Z,none
2024-02-02,cny_fx,china,CHN,CNY,CNY per US dollar,7.1006,LCU_per_USD,daily,CFETS_CNY_PARITY,USD/CNY Central Parity Rate - Historical Data,https://www.chinamoney.com.cn/ags/ms/cm-u-bk-ccpr/CcprHisNew,https://www.chinamoney.com.cn/english/bmkcpr/index.html?tab=2,2026-08-31T14:36:24.730202Z,none
2024-02-05,cny_fx,china,CHN,CNY,CNY per US dollar,7.107,LCU_per_USD,daily,CFETS_CNY_PARITY,USD/CNY Central Parity Rate - Historical Data,https://www.chinamoney.com.cn/ags/ms/cm-u-bk-ccpr/CcprHisNew,https://www.chinamoney.com.cn/english/bmkcpr/index.html?tab=2,2026-08-31T14:36:24.730202Z,none
2024-02-06,cny_fx,china,CHN,CNY,CNY per US dollar,7.1082,LCU_per_USD,daily,CFETS_CNY_PARITY,USD/CNY Central Parity Rate - Historical Data,https://www.chinamoney.com.cn/ags/ms/cm-u-bk-ccpr/CcprHisNew,https://www.chinamoney.com.cn/english/bmkcpr/index.html?tab=2,2026-08-31T14:36:24.730202Z,none
2024-02-07,cny_fx,china,CHN,CNY,CNY per US dollar,7.1049,LCU_per_USD,daily,CFETS_CNY_PARITY,USD/CNY Central Parity Rate - Historical Data,https://www.chinamoney.com.cn/ags/ms/cm-u-bk-ccpr/CcprHisNew,https://www.chinamoney.com.cn/english/bmkcpr/index.html?tab=2,2026-08-31T14:36:24.730202Z,none
2024-02-08,cny_fx,china,CHN,CNY,CNY per US dollar,7.1063,LCU_per_USD,daily,CFETS_CNY_PARITY,USD/CNY Central Parity Rate - Historical Data,https://www.chinamoney.com.cn/ags/ms/cm-u-bk-ccpr/CcprHisNew,https://www.chinamoney.com.cn/english/bmkcpr/index.html?tab=2,2026-08-31T14:36:24.730202Z,none
2024-02-09,cny_fx,china,CHN,CNY,CNY per US dollar,7.1036,LCU_per_USD,daily,CFETS_CNY_PARITY,USD/CNY Central Parity Rate - Historical Data,https://www.chinamoney.com.cn/ags/ms/cm-u-bk-ccpr/CcprHisNew,https://www.chinamoney.com.cn/english/bmkcpr/index.html?tab=2,2026-08-31T14:36:24.730202Z,none
2024-02-19,cny_fx,china,CHN,CNY,CNY per US dollar,7.1032,LCU_per_USD,daily,CFETS_CNY_PARITY,USD/CNY Central Parity Rate - Historical Data,https://www.chinamoney.com.cn/ags/ms/cm-u-bk-ccpr/CcprHisNew,https://www.chinamoney.com.cn/english/bmkcpr/index.html?tab=2,2026-08-31T14:36:24.730202Z,none
2024-02-20,cny_fx,china,CHN,CNY,CNY per US dollar,7.1068,LCU_per_USD,daily,CFETS_CNY_PARITY,USD/CNY Central Parity Rate - Historical Data,https://www.chinamoney.com.cn/ags/ms/cm-u-bk-ccpr/CcprHisNew,https://www.chinamoney.com.cn/english/bmkcpr/index.html?tab=2,2026-08-31T14:36:24.730202Z,none
2024-02-21,cny_fx,china,CHN,CNY,CNY per US dollar,7.103,LCU_per_USD,daily,CFETS_CNY_PARITY,USD/CNY Central Parity Rate - Historical Data,https://www.chinamoney.com.cn/ags/ms/cm-u-bk-ccpr/CcprHisNew,https://www.chinamoney.com.cn/english/bmkcpr/index.html?tab=2,2026-08-31T14:36:24.730202Z,none
2024-02-22,cny_fx,china,CHN,CNY,CNY per US dollar,7.1018,LCU_per_USD,daily,CFETS_CNY_PARITY,USD/CNY Central Parity Rate - Historical Data,https://www.chinamoney.com.cn/ags/ms/cm-u-bk-ccpr/CcprHisNew,https://www.chinamoney.com.cn/english/bmkcpr/index.html?tab=2,2026-08-31T14:36:24.730202Z,none
2024-02-23,cny_fx,china,CHN,CNY,CNY per US dollar,7.1064,LCU_per_USD,daily,CFETS_CNY_PARITY,USD/CNY Central Parity Rate - Historical Data,https://www.chinamoney.com.cn/ags/ms/cm-u-bk-ccpr/CcprHisNew,https://www.chinamoney.com.cn/english/bmkcpr/index.html?tab=2,2026-08-31T14:36:24.730202Z,none
2024-02-26,cny_fx,china,CHN,CNY,CNY per US dollar,7.108,LCU_per_USD,daily,CFETS_CNY_PARITY,USD/CNY Central Parity Rate - Historical Data,https://www.chinamoney.com.cn/ags/ms/cm-u-bk-ccpr/CcprHisNew,https://www.chinamoney.com.cn/english/bmkcpr/index.html?tab=2,2026-08-31T14:36:24.730202Z,none
2024-02-27,cny_fx,china,CHN,CNY,CNY per US dollar,7.1057,LCU_per_USD,daily,CFETS_CNY_PARITY,USD/CNY Central Parity Rate - Historical Data,https://www.chinamoney.com.cn/ags/ms/cm-u-bk-ccpr/CcprHisNew,https://www.chinamoney.com.cn/english/bmkcpr/index.html?tab=2,2026-08-31T14:36:24.730202Z,none
2024-02-28,cny_fx,china,CHN,CNY,CNY per US dollar,7.1075,LCU_per_USD,daily,CFETS_CNY_PARITY,USD/CNY Central Parity Rate - Historical Data,https://www.chinamoney.com.cn/ags/ms/cm-u-bk-ccpr/CcprHisNew,https://www.chinamoney.com.cn/english/bmkcpr/index.html?tab=2,2026-08-31T14:36:24.730202Z,none
2024-02-29,cny_fx,china,CHN,CNY,CNY per US dollar,7.1036,LCU_per_USD,daily,CFETS_CNY_PARITY,USD/CNY Central Parity Rate - Historical Data,https://www.chinamoney.com.cn/ags/ms/cm-u-bk-ccpr/CcprHisNew,https://www.chinamoney.com.cn/english/bmkcpr/index.html?tab=2,2026-08-31T14:36:24.730202Z,none
2024-03-01,cny_fx,china,CHN,CNY,CNY per US dollar,7.1059,LCU_per_USD,daily,CFETS_CNY_PARITY,USD/CNY Central Parity Rate - Historical Data,https://www.chinamoney.com.cn/ags/ms/cm-u-bk-ccpr/CcprHisNew,https://www.chinamoney.com.cn/english/bmkcpr/index.html?tab=2,2026-08-31T14:36:24.977777Z,none
2024-03-04,cny_fx,china,CHN,CNY,CNY per US dollar,7.102,LCU_per_USD,daily,CFETS_CNY_PARITY,USD/CNY Central Parity Rate - Historical Data,https://www.chinamoney.com.cn/ags/ms/cm-u-bk-ccpr/CcprHisNew,https://www.chinamoney.com.cn/english/bmkcpr/index.html?tab=2,2026-08-31T14:36:24.977777Z,none
2024-03-05,cny_fx,china,CHN,CNY,CNY per US dollar,7.1027,LCU_per_USD,daily,CFETS_CNY_PARITY,USD/CNY Central Parity Rate - Historical Data,https://www.chinamoney.com.cn/ags/ms/cm-u-bk-ccpr/CcprHisNew,https://www.chinamoney.com.cn/english/bmkcpr/index.html?tab=2,2026-08-31T14:36:24.977777Z,none
2024-03-06,cny_fx,china,CHN,CNY,CNY per US dollar,7.1016,LCU_per_USD,daily,CFETS_CNY_PARITY,USD/CNY Central Parity Rate - Historical Data,https://www.chinamoney.com.cn/ags/ms/cm-u-bk-ccpr/CcprHisNew,https://www.chinamoney.com.cn/english/bmkcpr/index.html?tab=2,2026-08-31T14:36:24.977777Z,none
2024-03-07,cny_fx,china,CHN,CNY,CNY per US dollar,7.1002,LCU_per_USD,daily,CFETS_CNY_PARITY,USD/CNY Central Parity Rate - Historical Data,https://www.chinamoney.com.cn/ags/ms/cm-u-bk-ccpr/CcprHisNew,https://www.chinamoney.com.cn/english/bmkcpr/index.html?tab=2,2026-08-31T14:36:24.977777Z,none
2024-03-08,cny_fx,china,CHN,CNY,CNY per US dollar,7.0978,LCU_per_USD,daily,CFETS_CNY_PARITY,USD/CNY Central Parity Rate - Historical Data,https://www.chinamoney.com.cn/ags/ms/cm-u-bk-ccpr/CcprHisNew,https://www.chinamoney.com.cn/english/bmkcpr/index.html?tab=2,2026-08-31T14:36:24.977777Z,none
2024-03-11,cny_fx,china,CHN,CNY,CNY per US dollar,7.0969,LCU_per_USD,daily,CFETS_CNY_PARITY,USD/CNY Central Parity Rate - Historical Data,https://www.chinamoney.com.cn/ags/ms/cm-u-bk-ccpr/CcprHisNew,https://www.chinamoney.com.cn/english/bmkcpr/index.html?tab=2,2026-08-31T14:36:24.977777Z,none
2024-03-12,cny_fx,china,CHN,CNY,CNY per US dollar,7.0963,LCU_per_USD,daily,CFETS_CNY_PARITY,USD/CNY Central Parity Rate - Historical Data,https://www.chinamoney.com.cn/ags/ms/cm-u-bk-ccpr/CcprHisNew,https://www.chinamoney.com.cn/english/bmkcpr/index.html?tab=2,2026-08-31T14:36:24.977777Z,none
2024-03-13,cny_fx,china,CHN,CNY,CNY per US dollar,7.093,LCU_per_USD,daily,CFETS_CNY_PARITY,USD/CNY Central Parity Rate - Historical Data,https://www.chinamoney.com.cn/ags/ms/cm-u-bk-ccpr/CcprHisNew,https://www.chinamoney.com.cn/english/bmkcpr/index.html?tab=2,2026-08-31T14:36:24.977777Z,none
2024-03-14,cny_fx,china,CHN,CNY,CNY per US dollar,7.0974,LCU_per_USD,daily,CFETS_CNY_PARITY,USD/CNY Central Parity Rate - Historical Data,https://www.chinamoney.com.cn/ags/ms/cm-u-bk-ccpr/CcprHisNew,https://www.chinamoney.com.cn/english/bmkcpr/index.html?tab=2,2026-08-31T14:36:24.977777Z,none
2024-03-15,cny_fx,china,CHN,CNY,CNY per US dollar,7.0975,LCU_per_USD,daily,CFETS_CNY_PARITY,USD/CNY Central Parity Rate - Historical Data,https://www.chinamoney.com.cn/ags/ms/cm-u-bk-ccpr/CcprHisNew,https://www.chinamoney.com.cn/english/bmkcpr/index.html?tab=2,2026-08-31T14:36:24.977777Z,none
2024-03-18,cny_fx,china,CHN,CNY,CNY per US dollar,7.0943,LCU_per_USD,daily,CFETS_CNY_PARITY,USD/CNY Central Parity Rate - Historical Data,https://www.chinamoney.com.cn/ags/ms/cm-u-bk-ccpr/CcprHisNew,https://www.chinamoney.com.cn/english/bmkcpr/index.html?tab=2,2026-08-31T14:36:24.977777Z,none
2024-03-19,cny_fx,china,CHN,CNY,CNY per US dollar,7.0985,LCU_per_USD,daily,CFETS_CNY_PARITY,USD/CNY Central Parity Rate - Historical Data,https://www.chinamoney.com.cn/ags/ms/cm-u-bk-ccpr/CcprHisNew,https://www.chinamoney.com.cn/english/bmkcpr/index.html?tab=2,2026-08-31T14:36:24.977777Z,none
2024-03-20,cny_fx,china,CHN,CNY,CNY per US dollar,7.0968,LCU_per_USD,daily,CFETS_CNY_PARITY,USD/CNY Central Parity Rate - Historical Data,https://www.chinamoney.com.cn/ags/ms/cm-u-bk-ccpr/CcprHisNew,https://www.chinamoney.com.cn/english/bmkcpr/index.html?tab=2,2026-08-31T14:36:24.977777Z,none
2024-03-21,cny_fx,china,CHN,CNY,CNY per US dollar,7.0942,LCU_per_USD,daily,CFETS_CNY_PARITY,USD/CNY Central Parity Rate - Historical Data,https://www.chinamoney.com.cn/ags/ms/cm-u-bk-ccpr/CcprHisNew,https://www.chinamoney.com.cn/english/bmkcpr/index.html?tab=2,2026-08-31T14:36:24.977777Z,none
2024-03-22,cny_fx,china,CHN,CNY,CNY per US dollar,7.1004,LCU_per_USD,daily,CFETS_CNY_PARITY,USD/CNY Central Parity Rate - Historical Data,https://www.chinamoney.com.cn/ags/ms/cm-u-bk-ccpr/CcprHisNew,https://www.chinamoney.com.cn/english/bmkcpr/index.html?tab=2,2026-08-31T14:36:24.977777Z,none
2024-03-25,cny_fx,china,CHN,CNY,CNY per US dollar,7.0996,LCU_per_USD,daily,CFETS_CNY_PARITY,USD/CNY Central Parity Rate - Historical Data,https://www.chinamoney.com.cn/ags/ms/cm-u-bk-ccpr/CcprHisNew,https://www.chinamoney.com.cn/english/bmkcpr/index.html?tab=2,2026-08-31T14:36:24.977777Z,none
2024-03-26,cny_fx,china,CHN,CNY,CNY per US dollar,7.0943,LCU_per_USD,daily,CFETS_CNY_PARITY,USD/CNY Central Parity Rate - Historical Data,https://www.chinamoney.com.cn/ags/ms/cm-u-bk-ccpr/CcprHisNew,https://www.chinamoney.com.cn/english/bmkcpr/index.html?tab=2,2026-08-31T14:36:24.977777Z,none
2024-03-27,cny_fx,china,CHN,CNY,CNY per US dollar,7.0946,LCU_per_USD,daily,CFETS_CNY_PARITY,USD/CNY Central Parity Rate - Historical Data,https://www.chinamoney.com.cn/ags/ms/cm-u-bk-ccpr/CcprHisNew,https://www.chinamoney.com.cn/english/bmkcpr/index.html?tab=2,2026-08-31T14:36:24.977777Z,none
2024-03-28,cny_fx,china,CHN,CNY,CNY per US dollar,7.0948,LCU_per_USD,daily,CFETS_CNY_PARITY,USD/CNY Central Parity Rate - Historical Data,https://www.chinamoney.com.cn/ags/ms/cm-u-bk-ccpr/CcprHisNew,https://www.chinamoney.com.cn/english/bmkcpr/index.html?tab=2,2026-08-31T14:36:24.977777Z,none
2024-03-29,cny_fx,china,CHN,CNY,CNY per US dollar,7.095,LCU_per_USD,daily,CFETS_CNY_PARITY,USD/CNY Central Parity Rate - Historical Data,https://www.chinamoney.com.cn/ags/ms/cm-u-bk-ccpr/CcprHisNew,https://www.chinamoney.com.cn/english/bmkcpr/index.html?tab=2,2026-08-31T14:36:24.977777Z,none
2024-04-01,cny_fx,china,CHN,CNY,CNY per US dollar,7.0938,LCU_per_USD,daily,CFETS_CNY_PARITY,USD/CNY Central Parity Rate - Historical Data,https://www.chinamoney.com.cn/ags/ms/cm-u-bk-ccpr/CcprHisNew,https://www.chinamoney.com.cn/english/bmkcpr/index.html?tab=2,2026-08-31T14:36:25.231765Z,none
2024-04-02,cny_fx,china,CHN,CNY,CNY per US dollar,7.0957,LCU_per_USD,daily,CFETS_CNY_PARITY,USD/CNY Central Parity Rate - Historical Data,https://www.chinamoney.com.cn/ags/ms/cm-u-bk-ccpr/CcprHisNew,https://www.chinamoney.com.cn/english/bmkcpr/index.html?tab=2,2026-08-31T14:36:25.231765Z,none
2024-04-03,cny_fx,china,CHN,CNY,CNY per US dollar,7.0949,LCU_per_USD,daily,CFETS_CNY_PARITY,USD/CNY Central Parity Rate - Historical Data,https://www.chinamoney.com.cn/ags/ms/cm-u-bk-ccpr/CcprHisNew,https://www.chinamoney.com.cn/english/bmkcpr/index.html?tab=2,2026-08-31T14:36:25.231765Z,none
2024-04-08,cny_fx,china,CHN,CNY,CNY per US dollar,7.0947,LCU_per_USD,daily,CFETS_CNY_PARITY,USD/CNY Central Parity Rate - Historical Data,https://www.chinamoney.com.cn/ags/ms/cm-u-bk-ccpr/CcprHisNew,https://www.chinamoney.com.cn/english/bmkcpr/index.html?tab=2,2026-08-31T14:36:25.231765Z,none
2024-04-09,cny_fx,china,CHN,CNY,CNY per US dollar,7.0956,LCU_per_USD,daily,CFETS_CNY_PARITY,USD/CNY Central Parity Rate - Historical Data,https://www.chinamoney.com.cn/ags/ms/cm-u-bk-ccpr/CcprHisNew,https://www.chinamoney.com.cn/english/bmkcpr/index.html?tab=2,2026-08-31T14:36:25.231765Z,none
2024-04-10,cny_fx,china,CHN,CNY,CNY per US dollar,7.0959,LCU_per_USD,daily,CFETS_CNY_PARITY,USD/CNY Central Parity Rate - Historical Data,https://www.chinamoney.com.cn/ags/ms/cm-u-bk-ccpr/CcprHisNew,https://www.chinamoney.com.cn/english/bmkcpr/index.html?tab=2,2026-08-31T14:36:25.231765Z,none
2024-04-11,cny_fx,china,CHN,CNY,CNY per US dollar,7.0968,LCU_per_USD,daily,CFETS_CNY_PARITY,USD/CNY Central Parity Rate - Historical Data,https://www.chinamoney.com.cn/ags/ms/cm-u-bk-ccpr/CcprHisNew,https://www.chinamoney.com.cn/english/bmkcpr/index.html?tab=2,2026-08-31T14:36:25.231765Z,none
2024-04-12,cny_fx,china,CHN,CNY,CNY per US dollar,7.0967,LCU_per_USD,daily,CFETS_CNY_PARITY,USD/CNY Central Parity Rate - Historical Data,https://www.chinamoney.com.cn/ags/ms/cm-u-bk-ccpr/CcprHisNew,https://www.chinamoney.com.cn/english/bmkcpr/index.html?tab=2,2026-08-31T14:36:25.231765Z,none
2024-04-15,cny_fx,china,CHN,CNY,CNY per US dollar,7.0979,LCU_per_USD,daily,CFETS_CNY_PARITY,USD/CNY Central Parity Rate - Historical Data,https://www.chinamoney.com.cn/ags/ms/cm-u-bk-ccpr/CcprHisNew,https://www.chinamoney.com.cn/english/bmkcpr/index.html?tab=2,2026-08-31T14:36:25.231765Z,none
2024-04-16,cny_fx,china,CHN,CNY,CNY per US dollar,7.1028,LCU_per_USD,daily,CFETS_CNY_PARITY,USD/CNY Central Parity Rate - Historical Data,https://www.chinamoney.com.cn/ags/ms/cm-u-bk-ccpr/CcprHisNew,https://www.chinamoney.com.cn/english/bmkcpr/index.html?tab=2,2026-08-31T14:36:25.231765Z,none
2024-04-17,cny_fx,china,CHN,CNY,CNY per US dollar,7.1025,LCU_per_USD,daily,CFETS_CNY_PARITY,USD/CNY Central Parity Rate - Historical Data,https://www.chinamoney.com.cn/ags/ms/cm-u-bk-ccpr/CcprHisNew,https://www.chinamoney.com.cn/english/bmkcpr/index.html?tab=2,2026-08-31T14:36:25.231765Z,none
2024-04-18,cny_fx,china,CHN,CNY,CNY per US dollar,7.102,LCU_per_USD,daily,CFETS_CNY_PARITY,USD/CNY Central Parity Rate - Historical Data,https://www.chinamoney.com.cn/ags/ms/cm-u-bk-ccpr/CcprHisNew,https://www.chinamoney.com.cn/english/bmkcpr/index.html?tab=2,2026-08-31T14:36:25.231765Z,none
2024-04-19,cny_fx,china,CHN,CNY,CNY per US dollar,7.1046,LCU_per_USD,daily,CFETS_CNY_PARITY,USD/CNY Central Parity Rate - Historical Data,https://www.chinamoney.com.cn/ags/ms/cm-u-bk-ccpr/CcprHisNew,https://www.chinamoney.com.cn/english/bmkcpr/index.html?tab=2,2026-08-31T14:36:25.231765Z,none
2024-04-22,cny_fx,china,CHN,CNY,CNY per US dollar,7.1043,LCU_per_USD,daily,CFETS_CNY_PARITY,USD/CNY Central Parity Rate - Historical Data,https://www.chinamoney.com.cn/ags/ms/cm-u-bk-ccpr/CcprHisNew,https://www.chinamoney.com.cn/english/bmkcpr/index.html?tab=2,2026-08-31T14:36:25.231765Z,none
2024-04-23,cny_fx,china,CHN,CNY,CNY per US dollar,7.1059,LCU_per_USD,daily,CFETS_CNY_PARITY,USD/CNY Central Parity Rate - Historical Data,https://www.chinamoney.com.cn/ags/ms/cm-u-bk-ccpr/CcprHisNew,https://www.chinamoney.com.cn/english/bmkcpr/index.html?tab=2,2026-08-31T14:36:25.231765Z,none
2024-04-24,cny_fx,china,CHN,CNY,CNY per US dollar,7.1048,LCU_per_USD,daily,CFETS_CNY_PARITY,USD/CNY Central Parity Rate - Historical Data,https://www.chinamoney.com.cn/ags/ms/cm-u-bk-ccpr/CcprHisNew,https://www.chinamoney.com.cn/english/bmkcpr/index.html?tab=2,2026-08-31T14:36:25.231765Z,none
2024-04-25,cny_fx,china,CHN,CNY,CNY per US dollar,7.1058,LCU_per_USD,daily,CFETS_CNY_PARITY,USD/CNY Central Parity Rate - Historical Data,https://www.chinamoney.com.cn/ags/ms/cm-u-bk-ccpr/CcprHisNew,https://www.chinamoney.com.cn/english/bmkcpr/index.html?tab=2,2026-08-31T14:36:25.231765Z,none
2024-04-26,cny_fx,china,CHN,CNY,CNY per US dollar,7.1056,LCU_per_USD,daily,CFETS_CNY_PARITY,USD/CNY Central Parity Rate - Historical Data,https://www.chinamoney.com.cn/ags/ms/cm-u-bk-ccpr/CcprHisNew,https://www.chinamoney.com.cn/english/bmkcpr/index.html?tab=2,2026-08-31T14:36:25.231765Z,none
2024-04-29,cny_fx,china,CHN,CNY,CNY per US dollar,7.1066,LCU_per_USD,daily,CFETS_CNY_PARITY,USD/CNY Central Parity Rate - Historical Data,https://www.chinamoney.com.cn/ags/ms/cm-u-bk-ccpr/CcprHisNew,https://www.chinamoney.com.cn/english/bmkcpr/index.html?tab=2,2026-08-31T14:36:25.231765Z,none
2024-04-30,cny_fx,china,CHN,CNY,CNY per US dollar,7.1063,LCU_per_USD,daily,CFETS_CNY_PARITY,USD/CNY Central Parity Rate - Historical Data,https://www.chinamoney.com.cn/ags/ms/cm-u-bk-ccpr/CcprHisNew,https://www.chinamoney.com.cn/english/bmkcpr/index.html?tab=2,2026-08-31T14:36:25.231765Z,none
2024-05-06,cny_fx,china,CHN,CNY,CNY per US dollar,7.0994,LCU_per_USD,daily,CFETS_CNY_PARITY,USD/CNY Central Parity Rate - Historical Data,https://www.chinamoney.com.cn/ags/ms/cm-u-bk-ccpr/CcprHisNew,https://www.chinamoney.com.cn/english/bmkcpr/index.html?tab=2,2026-08-31T14:36:25.489614Z,none
2024-05-07,cny_fx,china,CHN,CNY,CNY per US dollar,7.1002,LCU_per_USD,daily,CFETS_CNY_PARITY,USD/CNY Central Parity Rate - Historical Data,https://www.chinamoney.com.cn/ags/ms/cm-u-bk-ccpr/CcprHisNew,https://www.chinamoney.com.cn/english/bmkcpr/index.html?tab=2,2026-08-31T14:36:25.489614Z,none
2024-05-08,cny_fx,china,CHN,CNY,CNY per US dollar,7.1016,LCU_per_USD,daily,CFETS_CNY_PARITY,USD/CNY Central Parity Rate - Historical Data,https://www.chinamoney.com.cn/ags/ms/cm-u-bk-ccpr/CcprHisNew,https://www.chinamoney.com.cn/english/bmkcpr/index.html?tab=2,2026-08-31T14:36:25.489614Z,none
2024-05-09,cny_fx,china,CHN,CNY,CNY per US dollar,7.1028,LCU_per_USD,daily,CFETS_CNY_PARITY,USD/CNY Central Parity Rate - Historical Data,https://www.chinamoney.com.cn/ags/ms/cm-u-bk-ccpr/CcprHisNew,https://www.chinamoney.com.cn/english/bmkcpr/index.html?tab=2,2026-08-31T14:36:25.489614Z,none
2024-05-10,cny_fx,china,CHN,CNY,CNY per US dollar,7.1011,LCU_per_USD,daily,CFETS_CNY_PARITY,USD/CNY Central Parity Rate - Historical Data,https://www.chinamoney.com.cn/ags/ms/cm-u-bk-ccpr/CcprHisNew,https://www.chinamoney.com.cn/english/bmkcpr/index.html?tab=2,2026-08-31T14:36:25.489614Z,none
2024-05-13,cny_fx,china,CHN,CNY,CNY per US dollar,7.103,LCU_per_USD,daily,CFETS_CNY_PARITY,USD/CNY Central Parity Rate - Historical Data,https://www.chinamoney.com.cn/ags/ms/cm-u-bk-ccpr/CcprHisNew,https://www.chinamoney.com.cn/english/bmkcpr/index.html?tab=2,2026-08-31T14:36:25.489614Z,none
2024-05-14,cny_fx,china,CHN,CNY,CNY per US dollar,7.1053,LCU_per_USD,daily,CFETS_CNY_PARITY,USD/CNY Central Parity Rate - Historical Data,https://www.chinamoney.com.cn/ags/ms/cm-u-bk-ccpr/CcprHisNew,https://www.chinamoney.com.cn/english/bmkcpr/index.html?tab=2,2026-08-31T14:36:25.489614Z,none
2024-05-15,cny_fx,china,CHN,CNY,CNY per US dollar,7.1049,LCU_per_USD,daily,CFETS_CNY_PARITY,USD/CNY Central Parity Rate - Historical Data,https://www.chinamoney.com.cn/ags/ms/cm-u-bk-ccpr/CcprHisNew,https://www.chinamoney.com.cn/english/bmkcpr/index.html?tab=2,2026-08-31T14:36:25.489614Z,none
2024-05-16,cny_fx,china,CHN,CNY,CNY per US dollar,7.102,LCU_per_USD,daily,CFETS_CNY_PARITY,USD/CNY Central Parity Rate - Historical Data,https://www.chinamoney.com.cn/ags/ms/cm-u-bk-ccpr/CcprHisNew,https://www.chinamoney.com.cn/english/bmkcpr/index.html?tab=2,2026-08-31T14:36:25.489614Z,none
2024-05-17,cny_fx,china,CHN,CNY,CNY per US dollar,7.1045,LCU_per_USD,daily,CFETS_CNY_PARITY,USD/CNY Central Parity Rate - Historical Data,https://www.chinamoney.com.cn/ags/ms/cm-u-bk-ccpr/CcprHisNew,https://www.chinamoney.com.cn/english/bmkcpr/index.html?tab=2,2026-08-31T14:36:25.489614Z,none
2024-05-20,cny_fx,china,CHN,CNY,CNY per US dollar,7.1042,LCU_per_USD,daily,CFETS_CNY_PARITY,USD/CNY Central Parity Rate - Historical Data,https://www.chinamoney.com.cn/ags/ms/cm-u-bk-ccpr/CcprHisNew,https://www.chinamoney.com.cn/english/bmkcpr/index.html?tab=2,2026-08-31T14:36:25.489614Z,none
2024-05-21,cny_fx,china,CHN,CNY,CNY per US dollar,7.1069,LCU_per_USD,daily,CFETS_CNY_PARITY,USD/CNY Central Parity Rate - Historical Data,https://www.chinamoney.com.cn/ags/ms/cm-u-bk-ccpr/CcprHisNew,https://www.chinamoney.com.cn/english/bmkcpr/index.html?tab=2,2026-08-31T14:36:25.489614Z,none
2024-05-22,cny_fx,china,CHN,CNY,CNY per US dollar,7.1077,LCU_per_USD,daily,CFETS_CNY_PARITY,USD/CNY Central Parity Rate - Historical Data,https://www.chinamoney.com.cn/ags/ms/cm-u-bk-ccpr/CcprHisNew,https://www.chinamoney.com.cn/english/bmkcpr/index.html?tab=2,2026-08-31T14:36:25.489614Z,none
2024-05-23,cny_fx,china,CHN,CNY,CNY per US dollar,7.1098,LCU_per_USD,daily,CFETS_CNY_PARITY,USD/CNY Central Parity Rate - Historical Data,https://www.chinamoney.com.cn/ags/ms/cm-u-bk-ccpr/CcprHisNew,https://www.chinamoney.com.cn/english/bmkcpr/index.html?tab=2,2026-08-31T14:36:25.489614Z,none
2024-05-24,cny_fx,china,CHN,CNY,CNY per US dollar,7.1102,LCU_per_USD,daily,CFETS_CNY_PARITY,USD/CNY Central Parity Rate - Historical Data,https://www.chinamoney.com.cn/ags/ms/cm-u-bk-ccpr/CcprHisNew,https://www.chinamoney.com.cn/english/bmkcpr/index.html?tab=2,2026-08-31T14:36:25.489614Z,none
2024-05-27,cny_fx,china,CHN,CNY,CNY per US dollar,7.1091,LCU_per_USD,daily,CFETS_CNY_PARITY,USD/CNY Central Parity Rate - Historical Data,https://www.chinamoney.com.cn/ags/ms/cm-u-bk-ccpr/CcprHisNew,https://www.chinamoney.com.cn/english/bmkcpr/index.html?tab=2,2026-08-31T14:36:25.489614Z,none
2024-05-28,cny_fx,china,CHN,CNY,CNY per US dollar,7.1101,LCU_per_USD,daily,CFETS_CNY_PARITY,USD/CNY Central Parity Rate - Historical Data,https://www.chinamoney.com.cn/ags/ms/cm-u-bk-ccpr/CcprHisNew,https://www.chinamoney.com.cn/english/bmkcpr/index.html?tab=2,2026-08-31T14:36:25.489614Z,none
2024-05-29,cny_fx,china,CHN,CNY,CNY per US dollar,7.1106,LCU_per_USD,daily,CFETS_CNY_PARITY,USD/CNY Central Parity Rate - Historical Data,https://www.chinamoney.com.cn/ags/ms/cm-u-bk-ccpr/CcprHisNew,https://www.chinamoney.com.cn/english/bmkcpr/index.html?tab=2,2026-08-31T14:36:25.489614Z,none
2024-05-30,cny_fx,china,CHN,CNY,CNY per US dollar,7.1111,LCU_per_USD,daily,CFETS_CNY_PARITY,USD/CNY Central Parity Rate - Historical Data,https://www.chinamoney.com.cn/ags/ms/cm-u-bk-ccpr/CcprHisNew,https://www.chinamoney.com.cn/english/bmkcpr/index.html?tab=2,2026-08-31T14:36:25.489614Z,none
2024-05-31,cny_fx,china,CHN,CNY,CNY per US dollar,7.1088,LCU_per_USD,daily,CFETS_CNY_PARITY,USD/CNY Central Parity Rate - Historical Data,https://www.chinamoney.com.cn/ags/ms/cm-u-bk-ccpr/CcprHisNew,https://www.chinamoney.com.cn/english/bmkcpr/index.html?tab=2,2026-08-31T14:36:25.489614Z,none
2024-06-03,cny_fx,china,CHN,CNY,CNY per US dollar,7.1086,LCU_per_USD,daily,CFETS_CNY_PARITY,USD/CNY Central Parity Rate - Historical Data,https://www.chinamoney.com.cn/ags/ms/cm-u-bk-ccpr/CcprHisNew,https://www.chinamoney.com.cn/english/bmkcpr/index.html?tab=2,2026-08-31T14:36:25.724740Z,none
2024-06-04,cny_fx,china,CHN,CNY,CNY per US dollar,7.1083,LCU_per_USD,daily,CFETS_CNY_PARITY,USD/CNY Central Parity Rate - Historical Data,https://www.chinamoney.com.cn/ags/ms/cm-u-bk-ccpr/CcprHisNew,https://www.chinamoney.com.cn/english/bmkcpr/index.html?tab=2,2026-08-31T14:36:25.724740Z,none
2024-06-05,cny_fx,china,CHN,CNY,CNY per US dollar,7.1097,LCU_per_USD,daily,CFETS_CNY_PARITY,USD/CNY Central Parity Rate - Historical Data,https://www.chinamoney.com.cn/ags/ms/cm-u-bk-ccpr/CcprHisNew,https://www.chinamoney.com.cn/english/bmkcpr/index.html?tab=2,2026-08-31T14:36:25.724740Z,none
2024-06-06,cny_fx,china,CHN,CNY,CNY per US dollar,7.1108,LCU_per_USD,daily,CFETS_CNY_PARITY,USD/CNY Central Parity Rate - Historical Data,https://www.chinamoney.com.cn/ags/ms/cm-u-bk-ccpr/CcprHisNew,https://www.chinamoney.com.cn/english/bmkcpr/index.html?tab=2,2026-08-31T14:36:25.724740Z,none
2024-06-07,cny_fx,china,CHN,CNY,CNY per US dollar,7.1106,LCU_per_USD,daily,CFETS_CNY_PARITY,USD/CNY Central Parity Rate - Historical Data,https://www.chinamoney.com.cn/ags/ms/cm-u-bk-ccpr/CcprHisNew,https://www.chinamoney.com.cn/english/bmkcpr/index.html?tab=2,2026-08-31T14:36:25.724740Z,none
2024-06-11,cny_fx,china,CHN,CNY,CNY per US dollar,7.1135,LCU_per_USD,daily,CFETS_CNY_PARITY,USD/CNY Central Parity Rate - Historical Data,https://www.chinamoney.com.cn/ags/ms/cm-u-bk-ccpr/CcprHisNew,https://www.chinamoney.com.cn/english/bmkcpr/index.html?tab=2,2026-08-31T14:36:25.724740Z,none
2024-06-12,cny_fx,china,CHN,CNY,CNY per US dollar,7.1133,LCU_per_USD,daily,CFETS_CNY_PARITY,USD/CNY Central Parity Rate - Historical Data,https://www.chinamoney.com.cn/ags/ms/cm-u-bk-ccpr/CcprHisNew,https://www.chinamoney.com.cn/english/bmkcpr/index.html?tab=2,2026-08-31T14:36:25.724740Z,none
2024-06-13,cny_fx,china,CHN,CNY,CNY per US dollar,7.1122,LCU_per_USD,daily,CFETS_CNY_PARITY,USD/CNY Central Parity Rate - Historical Data,https://www.chinamoney.com.cn/ags/ms/cm-u-bk-ccpr/CcprHisNew,https://www.chinamoney.com.cn/english/bmkcpr/index.html?tab=2,2026-08-31T14:36:25.724740Z,none
2024-06-14,cny_fx,china,CHN,CNY,CNY per US dollar,7.1151,LCU_per_USD,daily,CFETS_CNY_PARITY,USD/CNY Central Parity Rate - Historical Data,https://www.chinamoney.com.cn/ags/ms/cm-u-bk-ccpr/CcprHisNew,https://www.chinamoney.com.cn/english/bmkcpr/index.html?tab=2,2026-08-31T14:36:25.724740Z,none
2024-06-17,cny_fx,china,CHN,CNY,CNY per US dollar,7.1149,LCU_per_USD,daily,CFETS_CNY_PARITY,USD/CNY Central Parity Rate - Historical Data,https://www.chinamoney.com.cn/ags/ms/cm-u-bk-ccpr/CcprHisNew,https://www.chinamoney.com.cn/english/bmkcpr/index.html?tab=2,2026-08-31T14:36:25.724740Z,none
2024-06-18,cny_fx,china,CHN,CNY,CNY per US dollar,7.1148,LCU_per_USD,daily,CFETS_CNY_PARITY,USD/CNY Central Parity Rate - Historical Data,https://www.chinamoney.com.cn/ags/ms/cm-u-bk-ccpr/CcprHisNew,https://www.chinamoney.com.cn/english/bmkcpr/index.html?tab=2,2026-08-31T14:36:25.724740Z,none
2024-06-19,cny_fx,china,CHN,CNY,CNY per US dollar,7.1159,LCU_per_USD,daily,CFETS_CNY_PARITY,USD/CNY Central Parity Rate - Historical Data,https://www.chinamoney.com.cn/ags/ms/cm-u-bk-ccpr/CcprHisNew,https://www.chinamoney.com.cn/english/bmkcpr/index.html?tab=2,2026-08-31T14:36:25.724740Z,none
2024-06-20,cny_fx,china,CHN,CNY,CNY per US dollar,7.1192,LCU_per_USD,daily,CFETS_CNY_PARITY,USD/CNY Central Parity Rate - Historical Data,https://www.chinamoney.com.cn/ags/ms/cm-u-bk-ccpr/CcprHisNew,https://www.chinamoney.com.cn/english/bmkcpr/index.html?tab=2,2026-08-31T14:36:25.724740Z,none
2024-06-21,cny_fx,china,CHN,CNY,CNY per US dollar,7.1196,LCU_per_USD,daily,CFETS_CNY_PARITY,USD/CNY Central Parity Rate - Historical Data,https://www.chinamoney.com.cn/ags/ms/cm-u-bk-ccpr/CcprHisNew,https://www.chinamoney.com.cn/english/bmkcpr/index.html?tab=2,2026-08-31T14:36:25.724740Z,none
2024-06-24,cny_fx,china,CHN,CNY,CNY per US dollar,7.1201,LCU_per_USD,daily,CFETS_CNY_PARITY,USD/CNY Central Parity Rate - Historical Data,https://www.chinamoney.com.cn/ags/ms/cm-u-bk-ccpr/CcprHisNew,https://www.chinamoney.com.cn/english/bmkcpr/index.html?tab=2,2026-08-31T14:36:25.724740Z,none
2024-06-25,cny_fx,china,CHN,CNY,CNY per US dollar,7.1225,LCU_per_USD,daily,CFETS_CNY_PARITY,USD/CNY Central Parity Rate - Historical Data,https://www.chinamoney.com.cn/ags/ms/cm-u-bk-ccpr/CcprHisNew,https://www.chinamoney.com.cn/english/bmkcpr/index.html?tab=2,2026-08-31T14:36:25.724740Z,none
2024-06-26,cny_fx,china,CHN,CNY,CNY per US dollar,7.1248,LCU_per_USD,daily,CFETS_CNY_PARITY,USD/CNY Central Parity Rate - Historical Data,https://www.chinamoney.com.cn/ags/ms/cm-u-bk-ccpr/CcprHisNew,https://www.chinamoney.com.cn/english/bmkcpr/index.html?tab=2,2026-08-31T14:36:25.724740Z,none
2024-06-27,cny_fx,china,CHN,CNY,CNY per US dollar,7.127,LCU_per_USD,daily,CFETS_CNY_PARITY,USD/CNY Central Parity Rate - Historical Data,https://www.chinamoney.com.cn/ags/ms/cm-u-bk-ccpr/CcprHisNew,https://www.chinamoney.com.cn/english/bmkcpr/index.html?tab=2,2026-08-31T14:36:25.724740Z,none
2024-06-28,cny_fx,china,CHN,CNY,CNY per US dollar,7.1268,LCU_per_USD,daily,CFETS_CNY_PARITY,USD/CNY Central Parity Rate - Historical Data,https://www.chinamoney.com.cn/ags/ms/cm-u-bk-ccpr/CcprHisNew,https://www.chinamoney.com.cn/english/bmkcpr/index.html?tab=2,2026-08-31T14:36:25.724740Z,none
2024-07-01,cny_fx,china,CHN,CNY,CNY per US dollar,7.1265,LCU_per_USD,daily,CFETS_CNY_PARITY,USD/CNY Central Parity Rate - Historical Data,https://www.chinamoney.com.cn/ags/ms/cm-u-bk-ccpr/CcprHisNew,https://www.chinamoney.com.cn/english/bmkcpr/index.html?tab=2,2026-08-31T14:36:25.976427Z,none
2024-07-02,cny_fx,china,CHN,CNY,CNY per US dollar,7.1291,LCU_per_USD,daily,CFETS_CNY_PARITY,USD/CNY Central Parity Rate - Historical Data,https://www.chinamoney.com.cn/ags/ms/cm-u-bk-ccpr/CcprHisNew,https://www.chinamoney.com.cn/english/bmkcpr/index.html?tab=2,2026-08-31T14:36:25.976427Z,none
2024-07-03,cny_fx,china,CHN,CNY,CNY per US dollar,7.1312,LCU_per_USD,daily,CFETS_CNY_PARITY,USD/CNY Central Parity Rate - Historical Data,https://www.chinamoney.com.cn/ags/ms/cm-u-bk-ccpr/CcprHisNew,https://www.chinamoney.com.cn/english/bmkcpr/index.html?tab=2,2026-08-31T14:36:25.976427Z,none
2024-07-04,cny_fx,china,CHN,CNY,CNY per US dollar,7.1305,LCU_per_USD,daily,CFETS_CNY_PARITY,USD/CNY Central Parity Rate - Historical Data,https://www.chinamoney.com.cn/ags/ms/cm-u-bk-ccpr/CcprHisNew,https://www.chinamoney.com.cn/english/bmkcpr/index.html?tab=2,2026-08-31T14:36:25.976427Z,none
2024-07-05,cny_fx,china,CHN,CNY,CNY per US dollar,7.1289,LCU_per_USD,daily,CFETS_CNY_PARITY,USD/CNY Central Parity Rate - Historical Data,https://www.chinamoney.com.cn/ags/ms/cm-u-bk-ccpr/CcprHisNew,https://www.chinamoney.com.cn/english/bmkcpr/index.html?tab=2,2026-08-31T14:36:25.976427Z,none
2024-07-08,cny_fx,china,CHN,CNY,CNY per US dollar,7.1286,LCU_per_USD,daily,CFETS_CNY_PARITY,USD/CNY Central Parity Rate - Historical Data,https://www.chinamoney.com.cn/ags/ms/cm-u-bk-ccpr/CcprHisNew,https://www.chinamoney.com.cn/english/bmkcpr/index.html?tab=2,2026-08-31T14:36:25.976427Z,none
2024-07-09,cny_fx,china,CHN,CNY,CNY per US dollar,7.131,LCU_per_USD,daily,CFETS_CNY_PARITY,USD/CNY Central Parity Rate - Historical Data,https://www.chinamoney.com.cn/ags/ms/cm-u-bk-ccpr/CcprHisNew,https://www.chinamoney.com.cn/english/bmkcpr/index.html?tab=2,2026-08-31T14:36:25.976427Z,none
2024-07-10,cny_fx,china,CHN,CNY,CNY per US dollar,7.1342,LCU_per_USD,daily,CFETS_CNY_PARITY,USD/CNY Central Parity Rate - Historical Data,https://www.chinamoney.com.cn/ags/ms/cm-u-bk-ccpr/CcprHisNew,https://www.chinamoney.com.cn/english/bmkcpr/index.html?tab=2,2026-08-31T14:36:25.976427Z,none
2024-07-11,cny_fx,china,CHN,CNY,CNY per US dollar,7.1339,LCU_per_USD,daily,CFETS_CNY_PARITY,USD/CNY Central Parity Rate - Historical Data,https://www.chinamoney.com.cn/ags/ms/cm-u-bk-ccpr/CcprHisNew,https://www.chinamoney.com.cn/english/bmkcpr/index.html?tab=2,2026-08-31T14:36:25.976427Z,none
2024-07-12,cny_fx,china,CHN,CNY,CNY per US dollar,7.1315,LCU_per_USD,daily,CFETS_CNY_PARITY,USD/CNY Central Parity Rate - Historical Data,https://www.chinamoney.com.cn/ags/ms/cm-u-bk-ccpr/CcprHisNew,https://www.chinamoney.com.cn/english/bmkcpr/index.html?tab=2,2026-08-31T14:36:25.976427Z,none
2024-07-15,cny_fx,china,CHN,CNY,CNY per US dollar,7.1313,LCU_per_USD,daily,CFETS_CNY_PARITY,USD/CNY Central Parity Rate - Historical Data,https://www.chinamoney.com.cn/ags/ms/cm-u-bk-ccpr/CcprHisNew,https://www.chinamoney.com.cn/english/bmkcpr/index.html?tab=2,2026-08-31T14:36:25.976427Z,none
2024-07-16,cny_fx,china,CHN,CNY,CNY per US dollar,7.1328,LCU_per_USD,daily,CFETS_CNY_PARITY,USD/CNY Central Parity Rate - Historical Data,https://www.chinamoney.com.cn/ags/ms/cm-u-bk-ccpr/CcprHisNew,https://www.chinamoney.com.cn/english/bmkcpr/index.html?tab=2,2026-08-31T14:36:25.976427Z,none
2024-07-17,cny_fx,china,CHN,CNY,CNY per US dollar,7.1318,LCU_per_USD,daily,CFETS_CNY_PARITY,USD/CNY Central Parity Rate - Historical Data,https://www.chinamoney.com.cn/ags/ms/cm-u-bk-ccpr/CcprHisNew,https://www.chinamoney.com.cn/english/bmkcpr/index.html?tab=2,2026-08-31T14:36:25.976427Z,none
2024-07-18,cny_fx,china,CHN,CNY,CNY per US dollar,7.1285,LCU_per_USD,daily,CFETS_CNY_PARITY,USD/CNY Central Parity Rate - Historical Data,https://www.chinamoney.com.cn/ags/ms/cm-u-bk-ccpr/CcprHisNew,https://www.chinamoney.com.cn/english/bmkcpr/index.html?tab=2,2026-08-31T14:36:25.976427Z,none
2024-07-19,cny_fx,china,CHN,CNY,CNY per US dollar,7.1315,LCU_per_USD,daily,CFETS_CNY_PARITY,USD/CNY Central Parity Rate - Historical Data,https://www.chinamoney.com.cn/ags/ms/cm-u-bk-ccpr/CcprHisNew,https://www.chinamoney.com.cn/english/bmkcpr/index.html?tab=2,2026-08-31T14:36:25.976427Z,none
2024-07-22,cny_fx,china,CHN,CNY,CNY per US dollar,7.1335,LCU_per_USD,daily,CFETS_CNY_PARITY,USD/CNY Central Parity Rate - Historical Data,https://www.chinamoney.com.cn/ags/ms/cm-u-bk-ccpr/CcprHisNew,https://www.chinamoney.com.cn/english/bmkcpr/index.html?tab=2,2026-08-31T14:36:25.976427Z,none
2024-07-23,cny_fx,china,CHN,CNY,CNY per US dollar,7.1334,LCU_per_USD,daily,CFETS_CNY_PARITY,USD/CNY Central Parity Rate - Historical Data,https://www.chinamoney.com.cn/ags/ms/cm-u-bk-ccpr/CcprHisNew,https://www.chinamoney.com.cn/english/bmkcpr/index.html?tab=2,2026-08-31T14:36:25.976427Z,none
2024-07-24,cny_fx,china,CHN,CNY,CNY per US dollar,7.1358,LCU_per_USD,daily,CFETS_CNY_PARITY,USD/CNY Central Parity Rate - Historical Data,https://www.chinamoney.com.cn/ags/ms/cm-u-bk-ccpr/CcprHisNew,https://www.chinamoney.com.cn/english/bmkcpr/index.html?tab=2,2026-08-31T14:36:25.976427Z,none
2024-07-25,cny_fx,china,CHN,CNY,CNY per US dollar,7.1321,LCU_per_USD,daily,CFETS_CNY_PARITY,USD/CNY Central Parity Rate - Historical Data,https://www.chinamoney.com.cn/ags/ms/cm-u-bk-ccpr/CcprHisNew,https://www.chinamoney.com.cn/english/bmkcpr/index.html?tab=2,2026-08-31T14:36:25.976427Z,none
2024-07-26,cny_fx,china,CHN,CNY,CNY per US dollar,7.127,LCU_per_USD,daily,CFETS_CNY_PARITY,USD/CNY Central Parity Rate - Historical Data,https://www.chinamoney.com.cn/ags/ms/cm-u-bk-ccpr/CcprHisNew,https://www.chinamoney.com.cn/english/bmkcpr/index.html?tab=2,2026-08-31T14:36:25.976427Z,none
2024-07-29,cny_fx,china,CHN,CNY,CNY per US dollar,7.1316,LCU_per_USD,daily,CFETS_CNY_PARITY,USD/CNY Central Parity Rate - Historical Data,https://www.chinamoney.com.cn/ags/ms/cm-u-bk-ccpr/CcprHisNew,https://www.chinamoney.com.cn/english/bmkcpr/index.html?tab=2,2026-08-31T14:36:25.976427Z,none
2024-07-30,cny_fx,china,CHN,CNY,CNY per US dollar,7.1364,LCU_per_USD,daily,CFETS_CNY_PARITY,USD/CNY Central Parity Rate - Historical Data,https://www.chinamoney.com.cn/ags/ms/cm-u-bk-ccpr/CcprHisNew,https://www.chinamoney.com.cn/english/bmkcpr/index.html?tab=2,2026-08-31T14:36:25.976427Z,none
2024-07-31,cny_fx,china,CHN,CNY,CNY per US dollar,7.1346,LCU_per_USD,daily,CFETS_CNY_PARITY,USD/CNY Central Parity Rate - Historical Data,https://www.chinamoney.com.cn/ags/ms/cm-u-bk-ccpr/CcprHisNew,https://www.chinamoney.com.cn/english/bmkcpr/index.html?tab=2,2026-08-31T14:36:25.976427Z,none
2024-08-01,cny_fx,china,CHN,CNY,CNY per US dollar,7.1323,LCU_per_USD,daily,CFETS_CNY_PARITY,USD/CNY Central Parity Rate - Historical Data,https://www.chinamoney.com.cn/ags/ms/cm-u-bk-ccpr/CcprHisNew,https://www.chinamoney.com.cn/english/bmkcpr/index.html?tab=2,2026-08-31T14:36:26.219919Z,none
2024-08-02,cny_fx,china,CHN,CNY,CNY per US dollar,7.1376,LCU_per_USD,daily,CFETS_CNY_PARITY,USD/CNY Central Parity Rate - Historical Data,https://www.chinamoney.com.cn/ags/ms/cm-u-bk-ccpr/CcprHisNew,https://www.chinamoney.com.cn/english/bmkcpr/index.html?tab=2,2026-08-31T14:36:26.219919Z,none
2024-08-05,cny_fx,china,CHN,CNY,CNY per US dollar,7.1345,LCU_per_USD,daily,CFETS_CNY_PARITY,USD/CNY Central Parity Rate - Historical Data,https://www.chinamoney.com.cn/ags/ms/cm-u-bk-ccpr/CcprHisNew,https://www.chinamoney.com.cn/english/bmkcpr/index.html?tab=2,2026-08-31T14:36:26.219919Z,none
2024-08-06,cny_fx,china,CHN,CNY,CNY per US dollar,7.1318,LCU_per_USD,daily,CFETS_CNY_PARITY,USD/CNY Central Parity Rate - Historical Data,https://www.chinamoney.com.cn/ags/ms/cm-u-bk-ccpr/CcprHisNew,https://www.chinamoney.com.cn/english/bmkcpr/index.html?tab=2,2026-08-31T14:36:26.219919Z,none
2024-08-07,cny_fx,china,CHN,CNY,CNY per US dollar,7.1386,LCU_per_USD,daily,CFETS_CNY_PARITY,USD/CNY Central Parity Rate - Historical Data,https://www.chinamoney.com.cn/ags/ms/cm-u-bk-ccpr/CcprHisNew,https://www.chinamoney.com.cn/english/bmkcpr/index.html?tab=2,2026-08-31T14:36:26.219919Z,none
2024-08-08,cny_fx,china,CHN,CNY,CNY per US dollar,7.146,LCU_per_USD,daily,CFETS_CNY_PARITY,USD/CNY Central Parity Rate - Historical Data,https://www.chinamoney.com.cn/ags/ms/cm-u-bk-ccpr/CcprHisNew,https://www.chinamoney.com.cn/english/bmkcpr/index.html?tab=2,2026-08-31T14:36:26.219919Z,none
2024-08-09,cny_fx,china,CHN,CNY,CNY per US dollar,7.1449,LCU_per_USD,daily,CFETS_CNY_PARITY,USD/CNY Central Parity Rate - Historical Data,https://www.chinamoney.com.cn/ags/ms/cm-u-bk-ccpr/CcprHisNew,https://www.chinamoney.com.cn/english/bmkcpr/index.html?tab=2,2026-08-31T14:36:26.219919Z,none
2024-08-12,cny_fx,china,CHN,CNY,CNY per US dollar,7.1458,LCU_per_USD,daily,CFETS_CNY_PARITY,USD/CNY Central Parity Rate - Historical Data,https://www.chinamoney.com.cn/ags/ms/cm-u-bk-ccpr/CcprHisNew,https://www.chinamoney.com.cn/english/bmkcpr/index.html?tab=2,2026-08-31T14:36:26.219919Z,none
2024-08-13,cny_fx,china,CHN,CNY,CNY per US dollar,7.1479,LCU_per_USD,daily,CFETS_CNY_PARITY,USD/CNY Central Parity Rate - Historical Data,https://www.chinamoney.com.cn/ags/ms/cm-u-bk-ccpr/CcprHisNew,https://www.chinamoney.com.cn/english/bmkcpr/index.html?tab=2,2026-08-31T14:36:26.219919Z,none
2024-08-14,cny_fx,china,CHN,CNY,CNY per US dollar,7.1415,LCU_per_USD,daily,CFETS_CNY_PARITY,USD/CNY Central Parity Rate - Historical Data,https://www.chinamoney.com.cn/ags/ms/cm-u-bk-ccpr/CcprHisNew,https://www.chinamoney.com.cn/english/bmkcpr/index.html?tab=2,2026-08-31T14:36:26.219919Z,none
2024-08-15,cny_fx,china,CHN,CNY,CNY per US dollar,7.1399,LCU_per_USD,daily,CFETS_CNY_PARITY,USD/CNY Central Parity Rate - Historical Data,https://www.chinamoney.com.cn/ags/ms/cm-u-bk-ccpr/CcprHisNew,https://www.chinamoney.com.cn/english/bmkcpr/index.html?tab=2,2026-08-31T14:36:26.219919Z,none
2024-08-16,cny_fx,china,CHN,CNY,CNY per US dollar,7.1464,LCU_per_USD,daily,CFETS_CNY_PARITY,USD/CNY Central Parity Rate - Historical Data,https://www.chinamoney.com.cn/ags/ms/cm-u-bk-ccpr/CcprHisNew,https://www.chinamoney.com.cn/english/bmkcpr/index.html?tab=2,2026-08-31T14:36:26.219919Z,none
2024-08-19,cny_fx,china,CHN,CNY,CNY per US dollar,7.1415,LCU_per_USD,daily,CFETS_CNY_PARITY,USD/CNY Central Parity Rate - Historical Data,https://www.chinamoney.com.cn/ags/ms/cm-u-bk-ccpr/CcprHisNew,https://www.chinamoney.com.cn/english/bmkcpr/index.html?tab=2,2026-08-31T14:36:26.219919Z,none
2024-08-20,cny_fx,china,CHN,CNY,CNY per US dollar,7.1325,LCU_per_USD,daily,CFETS_CNY_PARITY,USD/CNY Central Parity Rate - Historical Data,https://www.chinamoney.com.cn/ags/ms/cm-u-bk-ccpr/CcprHisNew,https://www.chinamoney.com.cn/english/bmkcpr/index.html?tab=2,2026-08-31T14:36:26.219919Z,none
2024-08-21,cny_fx,china,CHN,CNY,CNY per US dollar,7.1307,LCU_per_USD,daily,CFETS_CNY_PARITY,USD/CNY Central Parity Rate - Historical Data,https://www.chinamoney.com.cn/ags/ms/cm-u-bk-ccpr/CcprHisNew,https://www.chinamoney.com.cn/english/bmkcpr/index.html?tab=2,2026-08-31T14:36:26.219919Z,none
2024-08-22,cny_fx,china,CHN,CNY,CNY per US dollar,7.1228,LCU_per_USD,daily,CFETS_CNY_PARITY,USD/CNY Central Parity Rate - Historical Data,https://www.chinamoney.com.cn/ags/ms/cm-u-bk-ccpr/CcprHisNew,https://www.chinamoney.com.cn/english/bmkcpr/index.html?tab=2,2026-08-31T14:36:26.219919Z,none
2024-08-23,cny_fx,china,CHN,CNY,CNY per US dollar,7.1358,LCU_per_USD,daily,CFETS_CNY_PARITY,USD/CNY Central Parity Rate - Historical Data,https://www.chinamoney.com.cn/ags/ms/cm-u-bk-ccpr/CcprHisNew,https://www.chinamoney.com.cn/english/bmkcpr/index.html?tab=2,2026-08-31T14:36:26.219919Z,none
2024-08-26,cny_fx,china,CHN,CNY,CNY per US dollar,7.1139,LCU_per_USD,daily,CFETS_CNY_PARITY,USD/CNY Central Parity Rate - Historical Data,https://www.chinamoney.com.cn/ags/ms/cm-u-bk-ccpr/CcprHisNew,https://www.chinamoney.com.cn/english/bmkcpr/index.html?tab=2,2026-08-31T14:36:26.219919Z,none
2024-08-27,cny_fx,china,CHN,CNY,CNY per US dollar,7.1249,LCU_per_USD,daily,CFETS_CNY_PARITY,USD/CNY Central Parity Rate - Historical Data,https://www.chinamoney.com.cn/ags/ms/cm-u-bk-ccpr/CcprHisNew,https://www.chinamoney.com.cn/english/bmkcpr/index.html?tab=2,2026-08-31T14:36:26.219919Z,none
2024-08-28,cny_fx,china,CHN,CNY,CNY per US dollar,7.1216,LCU_per_USD,daily,CFETS_CNY_PARITY,USD/CNY Central Parity Rate - Historical Data,https://www.chinamoney.com.cn/ags/ms/cm-u-bk-ccpr/CcprHisNew,https://www.chinamoney.com.cn/english/bmkcpr/index.html?tab=2,2026-08-31T14:36:26.219919Z,none
2024-08-29,cny_fx,china,CHN,CNY,CNY per US dollar,7.1299,LCU_per_USD,daily,CFETS_CNY_PARITY,USD/CNY Central Parity Rate - Historical Data,https://www.chinamoney.com.cn/ags/ms/cm-u-bk-ccpr/CcprHisNew,https://www.chinamoney.com.cn/english/bmkcpr/index.html?tab=2,2026-08-31T14:36:26.219919Z,none
2024-08-30,cny_fx,china,CHN,CNY,CNY per US dollar,7.1124,LCU_per_USD,daily,CFETS_CNY_PARITY,USD/CNY Central Parity Rate - Historical Data,https://www.chinamoney.com.cn/ags/ms/cm-u-bk-ccpr/CcprHisNew,https://www.chinamoney.com.cn/english/bmkcpr/index.html?tab=2,2026-08-31T14:36:26.219919Z,none
2024-09-02,cny_fx,china,CHN,CNY,CNY per US dollar,7.1027,LCU_per_USD,daily,CFETS_CNY_PARITY,USD/CNY Central Parity Rate - Historical Data,https://www.chinamoney.com.cn/ags/ms/cm-u-bk-ccpr/CcprHisNew,https://www.chinamoney.com.cn/english/bmkcpr/index.html?tab=2,2026-08-31T14:36:26.460435Z,none
2024-09-03,cny_fx,china,CHN,CNY,CNY per US dollar,7.1112,LCU_per_USD,daily,CFETS_CNY_PARITY,USD/CNY Central Parity Rate - Historical Data,https://www.chinamoney.com.cn/ags/ms/cm-u-bk-ccpr/CcprHisNew,https://www.chinamoney.com.cn/english/bmkcpr/index.html?tab=2,2026-08-31T14:36:26.460435Z,none
2024-09-04,cny_fx,china,CHN,CNY,CNY per US dollar,7.1148,LCU_per_USD,daily,CFETS_CNY_PARITY,USD/CNY Central Parity Rate - Historical Data,https://www.chinamoney.com.cn/ags/ms/cm-u-bk-ccpr/CcprHisNew,https://www.chinamoney.com.cn/english/bmkcpr/index.html?tab=2,2026-08-31T14:36:26.460435Z,none
2024-09-05,cny_fx,china,CHN,CNY,CNY per US dollar,7.0989,LCU_per_USD,daily,CFETS_CNY_PARITY,USD/CNY Central Parity Rate - Historical Data,https://www.chinamoney.com.cn/ags/ms/cm-u-bk-ccpr/CcprHisNew,https://www.chinamoney.com.cn/english/bmkcpr/index.html?tab=2,2026-08-31T14:36:26.460435Z,none
2024-09-06,cny_fx,china,CHN,CNY,CNY per US dollar,7.0925,LCU_per_USD,daily,CFETS_CNY_PARITY,USD/CNY Central Parity Rate - Historical Data,https://www.chinamoney.com.cn/ags/ms/cm-u-bk-ccpr/CcprHisNew,https://www.chinamoney.com.cn/english/bmkcpr/index.html?tab=2,2026-08-31T14:36:26.460435Z,none
2024-09-09,cny_fx,china,CHN,CNY,CNY per US dollar,7.0989,LCU_per_USD,daily,CFETS_CNY_PARITY,USD/CNY Central Parity Rate - Historical Data,https://www.chinamoney.com.cn/ags/ms/cm-u-bk-ccpr/CcprHisNew,https://www.chinamoney.com.cn/english/bmkcpr/index.html?tab=2,2026-08-31T14:36:26.460435Z,none
2024-09-10,cny_fx,china,CHN,CNY,CNY per US dollar,7.1136,LCU_per_USD,daily,CFETS_CNY_PARITY,USD/CNY Central Parity Rate - Historical Data,https://www.chinamoney.com.cn/ags/ms/cm-u-bk-ccpr/CcprHisNew,https://www.chinamoney.com.cn/english/bmkcpr/index.html?tab=2,2026-08-31T14:36:26.460435Z,none
2024-09-11,cny_fx,china,CHN,CNY,CNY per US dollar,7.1182,LCU_per_USD,daily,CFETS_CNY_PARITY,USD/CNY Central Parity Rate - Historical Data,https://www.chinamoney.com.cn/ags/ms/cm-u-bk-ccpr/CcprHisNew,https://www.chinamoney.com.cn/english/bmkcpr/index.html?tab=2,2026-08-31T14:36:26.460435Z,none
2024-09-12,cny_fx,china,CHN,CNY,CNY per US dollar,7.1214,LCU_per_USD,daily,CFETS_CNY_PARITY,USD/CNY Central Parity Rate - Historical Data,https://www.chinamoney.com.cn/ags/ms/cm-u-bk-ccpr/CcprHisNew,https://www.chinamoney.com.cn/english/bmkcpr/index.html?tab=2,2026-08-31T14:36:26.460435Z,none
2024-09-13,cny_fx,china,CHN,CNY,CNY per US dollar,7.103,LCU_per_USD,daily,CFETS_CNY_PARITY,USD/CNY Central Parity Rate - Historical Data,https://www.chinamoney.com.cn/ags/ms/cm-u-bk-ccpr/CcprHisNew,https://www.chinamoney.com.cn/english/bmkcpr/index.html?tab=2,2026-08-31T14:36:26.460435Z,none
2024-09-18,cny_fx,china,CHN,CNY,CNY per US dollar,7.087,LCU_per_USD,daily,CFETS_CNY_PARITY,USD/CNY Central Parity Rate - Historical Data,https://www.chinamoney.com.cn/ags/ms/cm-u-bk-ccpr/CcprHisNew,https://www.chinamoney.com.cn/english/bmkcpr/index.html?tab=2,2026-08-31T14:36:26.460435Z,none
2024-09-19,cny_fx,china,CHN,CNY,CNY per US dollar,7.0983,LCU_per_USD,daily,CFETS_CNY_PARITY,USD/CNY Central Parity Rate - Historical Data,https://www.chinamoney.com.cn/ags/ms/cm-u-bk-ccpr/CcprHisNew,https://www.chinamoney.com.cn/english/bmkcpr/index.html?tab=2,2026-08-31T14:36:26.460435Z,none
2024-09-20,cny_fx,china,CHN,CNY,CNY per US dollar,7.0644,LCU_per_USD,daily,CFETS_CNY_PARITY,USD/CNY Central Parity Rate - Historical Data,https://www.chinamoney.com.cn/ags/ms/cm-u-bk-ccpr/CcprHisNew,https://www.chinamoney.com.cn/english/bmkcpr/index.html?tab=2,2026-08-31T14:36:26.460435Z,none
2024-09-23,cny_fx,china,CHN,CNY,CNY per US dollar,7.0531,LCU_per_USD,daily,CFETS_CNY_PARITY,USD/CNY Central Parity Rate - Historical Data,https://www.chinamoney.com.cn/ags/ms/cm-u-bk-ccpr/CcprHisNew,https://www.chinamoney.com.cn/english/bmkcpr/index.html?tab=2,2026-08-31T14:36:26.460435Z,none
2024-09-24,cny_fx,china,CHN,CNY,CNY per US dollar,7.051,LCU_per_USD,daily,CFETS_CNY_PARITY,USD/CNY Central Parity Rate - Historical Data,https://www.chinamoney.com.cn/ags/ms/cm-u-bk-ccpr/CcprHisNew,https://www.chinamoney.com.cn/english/bmkcpr/index.html?tab=2,2026-08-31T14:36:26.460435Z,none
2024-09-25,cny_fx,china,CHN,CNY,CNY per US dollar,7.0202,LCU_per_USD,daily,CFETS_CNY_PARITY,USD/CNY Central Parity Rate - Historical Data,https://www.chinamoney.com.cn/ags/ms/cm-u-bk-ccpr/CcprHisNew,https://www.chinamoney.com.cn/english/bmkcpr/index.html?tab=2,2026-08-31T14:36:26.460435Z,none
2024-09-26,cny_fx,china,CHN,CNY,CNY per US dollar,7.0354,LCU_per_USD,daily,CFETS_CNY_PARITY,USD/CNY Central Parity Rate - Historical Data,https://www.chinamoney.com.cn/ags/ms/cm-u-bk-ccpr/CcprHisNew,https://www.chinamoney.com.cn/english/bmkcpr/index.html?tab=2,2026-08-31T14:36:26.460435Z,none
2024-09-27,cny_fx,china,CHN,CNY,CNY per US dollar,7.0101,LCU_per_USD,daily,CFETS_CNY_PARITY,USD/CNY Central Parity Rate - Historical Data,https://www.chinamoney.com.cn/ags/ms/cm-u-bk-ccpr/CcprHisNew,https://www.chinamoney.com.cn/english/bmkcpr/index.html?tab=2,2026-08-31T14:36:26.460435Z,none
2024-09-30,cny_fx,china,CHN,CNY,CNY per US dollar,7.0074,LCU_per_USD,daily,CFETS_CNY_PARITY,USD/CNY Central Parity Rate - Historical Data,https://www.chinamoney.com.cn/ags/ms/cm-u-bk-ccpr/CcprHisNew,https://www.chinamoney.com.cn/english/bmkcpr/index.html?tab=2,2026-08-31T14:36:26.460435Z,none
2024-10-08,cny_fx,china,CHN,CNY,CNY per US dollar,7.0709,LCU_per_USD,daily,CFETS_CNY_PARITY,USD/CNY Central Parity Rate - Historical Data,https://www.chinamoney.com.cn/ags/ms/cm-u-bk-ccpr/CcprHisNew,https://www.chinamoney.com.cn/english/bmkcpr/index.html?tab=2,2026-08-31T14:36:26.681989Z,none
2024-10-09,cny_fx,china,CHN,CNY,CNY per US dollar,7.0568,LCU_per_USD,daily,CFETS_CNY_PARITY,USD/CNY Central Parity Rate - Historical Data,https://www.chinamoney.com.cn/ags/ms/cm-u-bk-ccpr/CcprHisNew,https://www.chinamoney.com.cn/english/bmkcpr/index.html?tab=2,2026-08-31T14:36:26.681989Z,none
2024-10-10,cny_fx,china,CHN,CNY,CNY per US dollar,7.0742,LCU_per_USD,daily,CFETS_CNY_PARITY,USD/CNY Central Parity Rate - Historical Data,https://www.chinamoney.com.cn/ags/ms/cm-u-bk-ccpr/CcprHisNew,https://www.chinamoney.com.cn/english/bmkcpr/index.html?tab=2,2026-08-31T14:36:26.681989Z,none
2024-10-11,cny_fx,china,CHN,CNY,CNY per US dollar,7.0731,LCU_per_USD,daily,CFETS_CNY_PARITY,USD/CNY Central Parity Rate - Historical Data,https://www.chinamoney.com.cn/ags/ms/cm-u-bk-ccpr/CcprHisNew,https://www.chinamoney.com.cn/english/bmkcpr/index.html?tab=2,2026-08-31T14:36:26.681989Z,none
2024-10-14,cny_fx,china,CHN,CNY,CNY per US dollar,7.0723,LCU_per_USD,daily,CFETS_CNY_PARITY,USD/CNY Central Parity Rate - Historical Data,https://www.chinamoney.com.cn/ags/ms/cm-u-bk-ccpr/CcprHisNew,https://www.chinamoney.com.cn/english/bmkcpr/index.html?tab=2,2026-08-31T14:36:26.681989Z,none
2024-10-15,cny_fx,china,CHN,CNY,CNY per US dollar,7.083,LCU_per_USD,daily,CFETS_CNY_PARITY,USD/CNY Central Parity Rate - Historical Data,https://www.chinamoney.com.cn/ags/ms/cm-u-bk-ccpr/CcprHisNew,https://www.chinamoney.com.cn/english/bmkcpr/index.html?tab=2,2026-08-31T14:36:26.681989Z,none
2024-10-16,cny_fx,china,CHN,CNY,CNY per US dollar,7.1191,LCU_per_USD,daily,CFETS_CNY_PARITY,USD/CNY Central Parity Rate - Historical Data,https://www.chinamoney.com.cn/ags/ms/cm-u-bk-ccpr/CcprHisNew,https://www.chinamoney.com.cn/english/bmkcpr/index.html?tab=2,2026-08-31T14:36:26.681989Z,none
2024-10-17,cny_fx,china,CHN,CNY,CNY per US dollar,7.122,LCU_per_USD,daily,CFETS_CNY_PARITY,USD/CNY Central Parity Rate - Historical Data,https://www.chinamoney.com.cn/ags/ms/cm-u-bk-ccpr/CcprHisNew,https://www.chinamoney.com.cn/english/bmkcpr/index.html?tab=2,2026-08-31T14:36:26.681989Z,none
2024-10-18,cny_fx,china,CHN,CNY,CNY per US dollar,7.1274,LCU_per_USD,daily,CFETS_CNY_PARITY,USD/CNY Central Parity Rate - Historical Data,https://www.chinamoney.com.cn/ags/ms/cm-u-bk-ccpr/CcprHisNew,https://www.chinamoney.com.cn/english/bmkcpr/index.html?tab=2,2026-08-31T14:36:26.681989Z,none
2024-10-21,cny_fx,china,CHN,CNY,CNY per US dollar,7.0982,LCU_per_USD,daily,CFETS_CNY_PARITY,USD/CNY Central Parity Rate - Historical Data,https://www.chinamoney.com.cn/ags/ms/cm-u-bk-ccpr/CcprHisNew,https://www.chinamoney.com.cn/english/bmkcpr/index.html?tab=2,2026-08-31T14:36:26.681989Z,none
2024-10-22,cny_fx,china,CHN,CNY,CNY per US dollar,7.1223,LCU_per_USD,daily,CFETS_CNY_PARITY,USD/CNY Central Parity Rate - Historical Data,https://www.chinamoney.com.cn/ags/ms/cm-u-bk-ccpr/CcprHisNew,https://www.chinamoney.com.cn/english/bmkcpr/index.html?tab=2,2026-08-31T14:36:26.681989Z,none
2024-10-23,cny_fx,china,CHN,CNY,CNY per US dollar,7.1245,LCU_per_USD,daily,CFETS_CNY_PARITY,USD/CNY Central Parity Rate - Historical Data,https://www.chinamoney.com.cn/ags/ms/cm-u-bk-ccpr/CcprHisNew,https://www.chinamoney.com.cn/english/bmkcpr/index.html?tab=2,2026-08-31T14:36:26.681989Z,none
2024-10-24,cny_fx,china,CHN,CNY,CNY per US dollar,7.1286,LCU_per_USD,daily,CFETS_CNY_PARITY,USD/CNY Central Parity Rate - Historical Data,https://www.chinamoney.com.cn/ags/ms/cm-u-bk-ccpr/CcprHisNew,https://www.chinamoney.com.cn/english/bmkcpr/index.html?tab=2,2026-08-31T14:36:26.681989Z,none
2024-10-25,cny_fx,china,CHN,CNY,CNY per US dollar,7.109,LCU_per_USD,daily,CFETS_CNY_PARITY,USD/CNY Central Parity Rate - Historical Data,https://www.chinamoney.com.cn/ags/ms/cm-u-bk-ccpr/CcprHisNew,https://www.chinamoney.com.cn/english/bmkcpr/index.html?tab=2,2026-08-31T14:36:26.681989Z,none
2024-10-28,cny_fx,china,CHN,CNY,CNY per US dollar,7.1307,LCU_per_USD,daily,CFETS_CNY_PARITY,USD/CNY Central Parity Rate - Historical Data,https://www.chinamoney.com.cn/ags/ms/cm-u-bk-ccpr/CcprHisNew,https://www.chinamoney.com.cn/english/bmkcpr/index.html?tab=2,2026-08-31T14:36:26.681989Z,none
2024-10-29,cny_fx,china,CHN,CNY,CNY per US dollar,7.1283,LCU_per_USD,daily,CFETS_CNY_PARITY,USD/CNY Central Parity Rate - Historical Data,https://www.chinamoney.com.cn/ags/ms/cm-u-bk-ccpr/CcprHisNew,https://www.chinamoney.com.cn/english/bmkcpr/index.html?tab=2,2026-08-31T14:36:26.681989Z,none
2024-10-30,cny_fx,china,CHN,CNY,CNY per US dollar,7.139,LCU_per_USD,daily,CFETS_CNY_PARITY,USD/CNY Central Parity Rate - Historical Data,https://www.chinamoney.com.cn/ags/ms/cm-u-bk-ccpr/CcprHisNew,https://www.chinamoney.com.cn/english/bmkcpr/index.html?tab=2,2026-08-31T14:36:26.681989Z,none
2024-10-31,cny_fx,china,CHN,CNY,CNY per US dollar,7.125,LCU_per_USD,daily,CFETS_CNY_PARITY,USD/CNY Central Parity Rate - Historical Data,https://www.chinamoney.com.cn/ags/ms/cm-u-bk-ccpr/CcprHisNew,https://www.chinamoney.com.cn/english/bmkcpr/index.html?tab=2,2026-08-31T14:36:26.681989Z,none
2024-11-01,cny_fx,china,CHN,CNY,CNY per US dollar,7.1135,LCU_per_USD,daily,CFETS_CNY_PARITY,USD/CNY Central Parity Rate - Historical Data,https://www.chinamoney.com.cn/ags/ms/cm-u-bk-ccpr/CcprHisNew,https://www.chinamoney.com.cn/english/bmkcpr/index.html?tab=2,2026-08-31T14:36:26.925699Z,none
2024-11-04,cny_fx,china,CHN,CNY,CNY per US dollar,7.1203,LCU_per_USD,daily,CFETS_CNY_PARITY,USD/CNY Central Parity Rate - Historical Data,https://www.chinamoney.com.cn/ags/ms/cm-u-bk-ccpr/CcprHisNew,https://www.chinamoney.com.cn/english/bmkcpr/index.html?tab=2,2026-08-31T14:36:26.925699Z,none
2024-11-05,cny_fx,china,CHN,CNY,CNY per US dollar,7.1016,LCU_per_USD,daily,CFETS_CNY_PARITY,USD/CNY Central Parity Rate - Historical Data,https://www.chinamoney.com.cn/ags/ms/cm-u-bk-ccpr/CcprHisNew,https://www.chinamoney.com.cn/english/bmkcpr/index.html?tab=2,2026-08-31T14:36:26.925699Z,none
2024-11-06,cny_fx,china,CHN,CNY,CNY per US dollar,7.0993,LCU_per_USD,daily,CFETS_CNY_PARITY,USD/CNY Central Parity Rate - Historical Data,https://www.chinamoney.com.cn/ags/ms/cm-u-bk-ccpr/CcprHisNew,https://www.chinamoney.com.cn/english/bmkcpr/index.html?tab=2,2026-08-31T14:36:26.925699Z,none
2024-11-07,cny_fx,china,CHN,CNY,CNY per US dollar,7.1659,LCU_per_USD,daily,CFETS_CNY_PARITY,USD/CNY Central Parity Rate - Historical Data,https://www.chinamoney.com.cn/ags/ms/cm-u-bk-ccpr/CcprHisNew,https://www.chinamoney.com.cn/english/bmkcpr/index.html?tab=2,2026-08-31T14:36:26.925699Z,none
2024-11-08,cny_fx,china,CHN,CNY,CNY per US dollar,7.1433,LCU_per_USD,daily,CFETS_CNY_PARITY,USD/CNY Central Parity Rate - Historical Data,https://www.chinamoney.com.cn/ags/ms/cm-u-bk-ccpr/CcprHisNew,https://www.chinamoney.com.cn/english/bmkcpr/index.html?tab=2,2026-08-31T14:36:26.925699Z,none
2024-11-11,cny_fx,china,CHN,CNY,CNY per US dollar,7.1786,LCU_per_USD,daily,CFETS_CNY_PARITY,USD/CNY Central Parity Rate - Historical Data,https://www.chinamoney.com.cn/ags/ms/cm-u-bk-ccpr/CcprHisNew,https://www.chinamoney.com.cn/english/bmkcpr/index.html?tab=2,2026-08-31T14:36:26.925699Z,none
2024-11-12,cny_fx,china,CHN,CNY,CNY per US dollar,7.1927,LCU_per_USD,daily,CFETS_CNY_PARITY,USD/CNY Central Parity Rate - Historical Data,https://www.chinamoney.com.cn/ags/ms/cm-u-bk-ccpr/CcprHisNew,https://www.chinamoney.com.cn/english/bmkcpr/index.html?tab=2,2026-08-31T14:36:26.925699Z,none
2024-11-13,cny_fx,china,CHN,CNY,CNY per US dollar,7.1991,LCU_per_USD,daily,CFETS_CNY_PARITY,USD/CNY Central Parity Rate - Historical Data,https://www.chinamoney.com.cn/ags/ms/cm-u-bk-ccpr/CcprHisNew,https://www.chinamoney.com.cn/english/bmkcpr/index.html?tab=2,2026-08-31T14:36:26.925699Z,none
2024-11-14,cny_fx,china,CHN,CNY,CNY per US dollar,7.1966,LCU_per_USD,daily,CFETS_CNY_PARITY,USD/CNY Central Parity Rate - Historical Data,https://www.chinamoney.com.cn/ags/ms/cm-u-bk-ccpr/CcprHisNew,https://www.chinamoney.com.cn/english/bmkcpr/index.html?tab=2,2026-08-31T14:36:26.925699Z,none
2024-11-15,cny_fx,china,CHN,CNY,CNY per US dollar,7.1992,LCU_per_USD,daily,CFETS_CNY_PARITY,USD/CNY Central Parity Rate - Historical Data,https://www.chinamoney.com.cn/ags/ms/cm-u-bk-ccpr/CcprHisNew,https://www.chinamoney.com.cn/english/bmkcpr/index.html?tab=2,2026-08-31T14:36:26.925699Z,none
2024-11-18,cny_fx,china,CHN,CNY,CNY per US dollar,7.1907,LCU_per_USD,daily,CFETS_CNY_PARITY,USD/CNY Central Parity Rate - Historical Data,https://www.chinamoney.com.cn/ags/ms/cm-u-bk-ccpr/CcprHisNew,https://www.chinamoney.com.cn/english/bmkcpr/index.html?tab=2,2026-08-31T14:36:26.925699Z,none
2024-11-19,cny_fx,china,CHN,CNY,CNY per US dollar,7.1911,LCU_per_USD,daily,CFETS_CNY_PARITY,USD/CNY Central Parity Rate - Historical Data,https://www.chinamoney.com.cn/ags/ms/cm-u-bk-ccpr/CcprHisNew,https://www.chinamoney.com.cn/english/bmkcpr/index.html?tab=2,2026-08-31T14:36:26.925699Z,none
2024-11-20,cny_fx,china,CHN,CNY,CNY per US dollar,7.1935,LCU_per_USD,daily,CFETS_CNY_PARITY,USD/CNY Central Parity Rate - Historical Data,https://www.chinamoney.com.cn/ags/ms/cm-u-bk-ccpr/CcprHisNew,https://www.chinamoney.com.cn/english/bmkcpr/index.html?tab=2,2026-08-31T14:36:26.925699Z,none
2024-11-21,cny_fx,china,CHN,CNY,CNY per US dollar,7.1934,LCU_per_USD,daily,CFETS_CNY_PARITY,USD/CNY Central Parity Rate - Historical Data,https://www.chinamoney.com.cn/ags/ms/cm-u-bk-ccpr/CcprHisNew,https://www.chinamoney.com.cn/english/bmkcpr/index.html?tab=2,2026-08-31T14:36:26.925699Z,none
2024-11-22,cny_fx,china,CHN,CNY,CNY per US dollar,7.1942,LCU_per_USD,daily,CFETS_CNY_PARITY,USD/CNY Central Parity Rate - Historical Data,https://www.chinamoney.com.cn/ags/ms/cm-u-bk-ccpr/CcprHisNew,https://www.chinamoney.com.cn/english/bmkcpr/index.html?tab=2,2026-08-31T14:36:26.925699Z,none
2024-11-25,cny_fx,china,CHN,CNY,CNY per US dollar,7.1918,LCU_per_USD,daily,CFETS_CNY_PARITY,USD/CNY Central Parity Rate - Historical Data,https://www.chinamoney.com.cn/ags/ms/cm-u-bk-ccpr/CcprHisNew,https://www.chinamoney.com.cn/english/bmkcpr/index.html?tab=2,2026-08-31T14:36:26.925699Z,none
2024-11-26,cny_fx,china,CHN,CNY,CNY per US dollar,7.191,LCU_per_USD,daily,CFETS_CNY_PARITY,USD/CNY Central Parity Rate - Historical Data,https://www.chinamoney.com.cn/ags/ms/cm-u-bk-ccpr/CcprHisNew,https://www.chinamoney.com.cn/english/bmkcpr/index.html?tab=2,2026-08-31T14:36:26.925699Z,none
2024-11-27,cny_fx,china,CHN,CNY,CNY per US dollar,7.1982,LCU_per_USD,daily,CFETS_CNY_PARITY,USD/CNY Central Parity Rate - Historical Data,https://www.chinamoney.com.cn/ags/ms/cm-u-bk-ccpr/CcprHisNew,https://www.chinamoney.com.cn/english/bmkcpr/index.html?tab=2,2026-08-31T14:36:26.925699Z,none
2024-11-28,cny_fx,china,CHN,CNY,CNY per US dollar,7.1894,LCU_per_USD,daily,CFETS_CNY_PARITY,USD/CNY Central Parity Rate - Historical Data,https://www.chinamoney.com.cn/ags/ms/cm-u-bk-ccpr/CcprHisNew,https://www.chinamoney.com.cn/english/bmkcpr/index.html?tab=2,2026-08-31T14:36:26.925699Z,none
2024-11-29,cny_fx,china,CHN,CNY,CNY per US dollar,7.1877,LCU_per_USD,daily,CFETS_CNY_PARITY,USD/CNY Central Parity Rate - Historical Data,https://www.chinamoney.com.cn/ags/ms/cm-u-bk-ccpr/CcprHisNew,https://www.chinamoney.com.cn/english/bmkcpr/index.html?tab=2,2026-08-31T14:36:26.925699Z,none
2024-12-02,cny_fx,china,CHN,CNY,CNY per US dollar,7.1865,LCU_per_USD,daily,CFETS_CNY_PARITY,USD/CNY Central Parity Rate - Historical Data,https://www.chinamoney.com.cn/ags/ms/cm-u-bk-ccpr/CcprHisNew,https://www.chinamoney.com.cn/english/bmkcpr/index.html?tab=2,2026-08-31T14:36:27.150296Z,none
2024-12-03,cny_fx,china,CHN,CNY,CNY per US dollar,7.1996,LCU_per_USD,daily,CFETS_CNY_PARITY,USD/CNY Central Parity Rate - Historical Data,https://www.chinamoney.com.cn/ags/ms/cm-u-bk-ccpr/CcprHisNew,https://www.chinamoney.com.cn/english/bmkcpr/index.html?tab=2,2026-08-31T14:36:27.150296Z,none
2024-12-04,cny_fx,china,CHN,CNY,CNY per US dollar,7.1934,LCU_per_USD,daily,CFETS_CNY_PARITY,USD/CNY Central Parity Rate - Historical Data,https://www.chinamoney.com.cn/ags/ms/cm-u-bk-ccpr/CcprHisNew,https://www.chinamoney.com.cn/english/bmkcpr/index.html?tab=2,2026-08-31T14:36:27.150296Z,none
2024-12-05,cny_fx,china,CHN,CNY,CNY per US dollar,7.1879,LCU_per_USD,daily,CFETS_CNY_PARITY,USD/CNY Central Parity Rate - Historical Data,https://www.chinamoney.com.cn/ags/ms/cm-u-bk-ccpr/CcprHisNew,https://www.chinamoney.com.cn/english/bmkcpr/index.html?tab=2,2026-08-31T14:36:27.150296Z,none
2024-12-06,cny_fx,china,CHN,CNY,CNY per US dollar,7.1848,LCU_per_USD,daily,CFETS_CNY_PARITY,USD/CNY Central Parity Rate - Historical Data,https://www.chinamoney.com.cn/ags/ms/cm-u-bk-ccpr/CcprHisNew,https://www.chinamoney.com.cn/english/bmkcpr/index.html?tab=2,2026-08-31T14:36:27.150296Z,none
2024-12-09,cny_fx,china,CHN,CNY,CNY per US dollar,7.187,LCU_per_USD,daily,CFETS_CNY_PARITY,USD/CNY Central Parity Rate - Historical Data,https://www.chinamoney.com.cn/ags/ms/cm-u-bk-ccpr/CcprHisNew,https://www.chinamoney.com.cn/english/bmkcpr/index.html?tab=2,2026-08-31T14:36:27.150296Z,none
2024-12-10,cny_fx,china,CHN,CNY,CNY per US dollar,7.1896,LCU_per_USD,daily,CFETS_CNY_PARITY,USD/CNY Central Parity Rate - Historical Data,https://www.chinamoney.com.cn/ags/ms/cm-u-bk-ccpr/CcprHisNew,https://www.chinamoney.com.cn/english/bmkcpr/index.html?tab=2,2026-08-31T14:36:27.150296Z,none
2024-12-11,cny_fx,china,CHN,CNY,CNY per US dollar,7.1843,LCU_per_USD,daily,CFETS_CNY_PARITY,USD/CNY Central Parity Rate - Historical Data,https://www.chinamoney.com.cn/ags/ms/cm-u-bk-ccpr/CcprHisNew,https://www.chinamoney.com.cn/english/bmkcpr/index.html?tab=2,2026-08-31T14:36:27.150296Z,none
2024-12-12,cny_fx,china,CHN,CNY,CNY per US dollar,7.1854,LCU_per_USD,daily,CFETS_CNY_PARITY,USD/CNY Central Parity Rate - Historical Data,https://www.chinamoney.com.cn/ags/ms/cm-u-bk-ccpr/CcprHisNew,https://www.chinamoney.com.cn/english/bmkcpr/index.html?tab=2,2026-08-31T14:36:27.150296Z,none
2024-12-13,cny_fx,china,CHN,CNY,CNY per US dollar,7.1876,LCU_per_USD,daily,CFETS_CNY_PARITY,USD/CNY Central Parity Rate - Historical Data,https://www.chinamoney.com.cn/ags/ms/cm-u-bk-ccpr/CcprHisNew,https://www.chinamoney.com.cn/english/bmkcpr/index.html?tab=2,2026-08-31T14:36:27.150296Z,none
2024-12-16,cny_fx,china,CHN,CNY,CNY per US dollar,7.1882,LCU_per_USD,daily,CFETS_CNY_PARITY,USD/CNY Central Parity Rate - Historical Data,https://www.chinamoney.com.cn/ags/ms/cm-u-bk-ccpr/CcprHisNew,https://www.chinamoney.com.cn/english/bmkcpr/index.html?tab=2,2026-08-31T14:36:27.150296Z,none
2024-12-17,cny_fx,china,CHN,CNY,CNY per US dollar,7.1891,LCU_per_USD,daily,CFETS_CNY_PARITY,USD/CNY Central Parity Rate - Historical Data,https://www.chinamoney.com.cn/ags/ms/cm-u-bk-ccpr/CcprHisNew,https://www.chinamoney.com.cn/english/bmkcpr/index.html?tab=2,2026-08-31T14:36:27.150296Z,none
2024-12-18,cny_fx,china,CHN,CNY,CNY per US dollar,7.188,LCU_per_USD,daily,CFETS_CNY_PARITY,USD/CNY Central Parity Rate - Historical Data,https://www.chinamoney.com.cn/ags/ms/cm-u-bk-ccpr/CcprHisNew,https://www.chinamoney.com.cn/english/bmkcpr/index.html?tab=2,2026-08-31T14:36:27.150296Z,none
2024-12-19,cny_fx,china,CHN,CNY,CNY per US dollar,7.1911,LCU_per_USD,daily,CFETS_CNY_PARITY,USD/CNY Central Parity Rate - Historical Data,https://www.chinamoney.com.cn/ags/ms/cm-u-bk-ccpr/CcprHisNew,https://www.chinamoney.com.cn/english/bmkcpr/index.html?tab=2,2026-08-31T14:36:27.150296Z,none
2024-12-20,cny_fx,china,CHN,CNY,CNY per US dollar,7.1901,LCU_per_USD,daily,CFETS_CNY_PARITY,USD/CNY Central Parity Rate - Historical Data,https://www.chinamoney.com.cn/ags/ms/cm-u-bk-ccpr/CcprHisNew,https://www.chinamoney.com.cn/english/bmkcpr/index.html?tab=2,2026-08-31T14:36:27.150296Z,none
2024-12-23,cny_fx,china,CHN,CNY,CNY per US dollar,7.187,LCU_per_USD,daily,CFETS_CNY_PARITY,USD/CNY Central Parity Rate - Historical Data,https://www.chinamoney.com.cn/ags/ms/cm-u-bk-ccpr/CcprHisNew,https://www.chinamoney.com.cn/english/bmkcpr/index.html?tab=2,2026-08-31T14:36:27.150296Z,none
2024-12-24,cny_fx,china,CHN,CNY,CNY per US dollar,7.1876,LCU_per_USD,daily,CFETS_CNY_PARITY,USD/CNY Central Parity Rate - Historical Data,https://www.chinamoney.com.cn/ags/ms/cm-u-bk-ccpr/CcprHisNew,https://www.chinamoney.com.cn/english/bmkcpr/index.html?tab=2,2026-08-31T14:36:27.150296Z,none
2024-12-25,cny_fx,china,CHN,CNY,CNY per US dollar,7.1868,LCU_per_USD,daily,CFETS_CNY_PARITY,USD/CNY Central Parity Rate - Historical Data,https://www.chinamoney.com.cn/ags/ms/cm-u-bk-ccpr/CcprHisNew,https://www.chinamoney.com.cn/english/bmkcpr/index.html?tab=2,2026-08-31T14:36:27.150296Z,none
2024-12-26,cny_fx,china,CHN,CNY,CNY per US dollar,7.1897,LCU_per_USD,daily,CFETS_CNY_PARITY,USD/CNY Central Parity Rate - Historical Data,https://www.chinamoney.com.cn/ags/ms/cm-u-bk-ccpr/CcprHisNew,https://www.chinamoney.com.cn/english/bmkcpr/index.html?tab=2,2026-08-31T14:36:27.150296Z,none
2024-12-27,cny_fx,china,CHN,CNY,CNY per US dollar,7.1893,LCU_per_USD,daily,CFETS_CNY_PARITY,USD/CNY Central Parity Rate - Historical Data,https://www.chinamoney.com.cn/ags/ms/cm-u-bk-ccpr/CcprHisNew,https://www.chinamoney.com.cn/english/bmkcpr/index.html?tab=2,2026-08-31T14:36:27.150296Z,none
2024-12-30,cny_fx,china,CHN,CNY,CNY per US dollar,7.1889,LCU_per_USD,daily,CFETS_CNY_PARITY,USD/CNY Central Parity Rate - Historical Data,https://www.chinamoney.com.cn/ags/ms/cm-u-bk-ccpr/CcprHisNew,https://www.chinamoney.com.cn/english/bmkcpr/index.html?tab=2,2026-08-31T14:36:27.150296Z,none
2024-12-31,cny_fx,china,CHN,CNY,CNY per US dollar,7.1884,LCU_per_USD,daily,CFETS_CNY_PARITY,USD/CNY Central Parity Rate - Historical Data,https://www.chinamoney.com.cn/ags/ms/cm-u-bk-ccpr/CcprHisNew,https://www.chinamoney.com.cn/english/bmkcpr/index.html?tab=2,2026-08-31T14:36:27.150296Z,none
2025-01-02,cny_fx,china,CHN,CNY,CNY per US dollar,7.1879,LCU_per_USD,daily,CFETS_CNY_PARITY,USD/CNY Central Parity Rate - Historical Data,https://www.chinamoney.com.cn/ags/ms/cm-u-bk-ccpr/CcprHisNew,https://www.chinamoney.com.cn/english/bmkcpr/index.html?tab=2,2026-08-31T14:36:27.389667Z,none
2025-01-03,cny_fx,china,CHN,CNY,CNY per US dollar,7.1878,LCU_per_USD,daily,CFETS_CNY_PARITY,USD/CNY Central Parity Rate - Historical Data,https://www.chinamoney.com.cn/ags/ms/cm-u-bk-ccpr/CcprHisNew,https://www.chinamoney.com.cn/english/bmkcpr/index.html?tab=2,2026-08-31T14:36:27.389667Z,none
2025-01-06,cny_fx,china,CHN,CNY,CNY per US dollar,7.1876,LCU_per_USD,daily,CFETS_CNY_PARITY,USD/CNY Central Parity Rate - Historical Data,https://www.chinamoney.com.cn/ags/ms/cm-u-bk-ccpr/CcprHisNew,https://www.chinamoney.com.cn/english/bmkcpr/index.html?tab=2,2026-08-31T14:36:27.389667Z,none
2025-01-07,cny_fx,china,CHN,CNY,CNY per US dollar,7.1879,LCU_per_USD,daily,CFETS_CNY_PARITY,USD/CNY Central Parity Rate - Historical Data,https://www.chinamoney.com.cn/ags/ms/cm-u-bk-ccpr/CcprHisNew,https://www.chinamoney.com.cn/english/bmkcpr/index.html?tab=2,2026-08-31T14:36:27.389667Z,none
2025-01-08,cny_fx,china,CHN,CNY,CNY per US dollar,7.1887,LCU_per_USD,daily,CFETS_CNY_PARITY,USD/CNY Central Parity Rate - Historical Data,https://www.chinamoney.com.cn/ags/ms/cm-u-bk-ccpr/CcprHisNew,https://www.chinamoney.com.cn/english/bmkcpr/index.html?tab=2,2026-08-31T14:36:27.389667Z,none
2025-01-09,cny_fx,china,CHN,CNY,CNY per US dollar,7.1886,LCU_per_USD,daily,CFETS_CNY_PARITY,USD/CNY Central Parity Rate - Historical Data,https://www.chinamoney.com.cn/ags/ms/cm-u-bk-ccpr/CcprHisNew,https://www.chinamoney.com.cn/english/bmkcpr/index.html?tab=2,2026-08-31T14:36:27.389667Z,none
2025-01-10,cny_fx,china,CHN,CNY,CNY per US dollar,7.1891,LCU_per_USD,daily,CFETS_CNY_PARITY,USD/CNY Central Parity Rate - Historical Data,https://www.chinamoney.com.cn/ags/ms/cm-u-bk-ccpr/CcprHisNew,https://www.chinamoney.com.cn/english/bmkcpr/index.html?tab=2,2026-08-31T14:36:27.389667Z,none
2025-01-13,cny_fx,china,CHN,CNY,CNY per US dollar,7.1885,LCU_per_USD,daily,CFETS_CNY_PARITY,USD/CNY Central Parity Rate - Historical Data,https://www.chinamoney.com.cn/ags/ms/cm-u-bk-ccpr/CcprHisNew,https://www.chinamoney.com.cn/english/bmkcpr/index.html?tab=2,2026-08-31T14:36:27.389667Z,none
2025-01-14,cny_fx,china,CHN,CNY,CNY per US dollar,7.1878,LCU_per_USD,daily,CFETS_CNY_PARITY,USD/CNY Central Parity Rate - Historical Data,https://www.chinamoney.com.cn/ags/ms/cm-u-bk-ccpr/CcprHisNew,https://www.chinamoney.com.cn/english/bmkcpr/index.html?tab=2,2026-08-31T14:36:27.389667Z,none
2025-01-15,cny_fx,china,CHN,CNY,CNY per US dollar,7.1883,LCU_per_USD,daily,CFETS_CNY_PARITY,USD/CNY Central Parity Rate - Historical Data,https://www.chinamoney.com.cn/ags/ms/cm-u-bk-ccpr/CcprHisNew,https://www.chinamoney.com.cn/english/bmkcpr/index.html?tab=2,2026-08-31T14:36:27.389667Z,none
2025-01-16,cny_fx,china,CHN,CNY,CNY per US dollar,7.1881,LCU_per_USD,daily,CFETS_CNY_PARITY,USD/CNY Central Parity Rate - Historical Data,https://www.chinamoney.com.cn/ags/ms/cm-u-bk-ccpr/CcprHisNew,https://www.chinamoney.com.cn/english/bmkcpr/index.html?tab=2,2026-08-31T14:36:27.389667Z,none
2025-01-17,cny_fx,china,CHN,CNY,CNY per US dollar,7.1889,LCU_per_USD,daily,CFETS_CNY_PARITY,USD/CNY Central Parity Rate - Historical Data,https://www.chinamoney.com.cn/ags/ms/cm-u-bk-ccpr/CcprHisNew,https://www.chinamoney.com.cn/english/bmkcpr/index.html?tab=2,2026-08-31T14:36:27.389667Z,none
2025-01-20,cny_fx,china,CHN,CNY,CNY per US dollar,7.1886,LCU_per_USD,daily,CFETS_CNY_PARITY,USD/CNY Central Parity Rate - Historical Data,https://www.chinamoney.com.cn/ags/ms/cm-u-bk-ccpr/CcprHisNew,https://www.chinamoney.com.cn/english/bmkcpr/index.html?tab=2,2026-08-31T14:36:27.389667Z,none
2025-01-21,cny_fx,china,CHN,CNY,CNY per US dollar,7.1703,LCU_per_USD,daily,CFETS_CNY_PARITY,USD/CNY Central Parity Rate - Historical Data,https://www.chinamoney.com.cn/ags/ms/cm-u-bk-ccpr/CcprHisNew,https://www.chinamoney.com.cn/english/bmkcpr/index.html?tab=2,2026-08-31T14:36:27.389667Z,none
2025-01-22,cny_fx,china,CHN,CNY,CNY per US dollar,7.1696,LCU_per_USD,daily,CFETS_CNY_PARITY,USD/CNY Central Parity Rate - Historical Data,https://www.chinamoney.com.cn/ags/ms/cm-u-bk-ccpr/CcprHisNew,https://www.chinamoney.com.cn/english/bmkcpr/index.html?tab=2,2026-08-31T14:36:27.389667Z,none
2025-01-23,cny_fx,china,CHN,CNY,CNY per US dollar,7.1708,LCU_per_USD,daily,CFETS_CNY_PARITY,USD/CNY Central Parity Rate - Historical Data,https://www.chinamoney.com.cn/ags/ms/cm-u-bk-ccpr/CcprHisNew,https://www.chinamoney.com.cn/english/bmkcpr/index.html?tab=2,2026-08-31T14:36:27.389667Z,none
2025-01-24,cny_fx,china,CHN,CNY,CNY per US dollar,7.1705,LCU_per_USD,daily,CFETS_CNY_PARITY,USD/CNY Central Parity Rate - Historical Data,https://www.chinamoney.com.cn/ags/ms/cm-u-bk-ccpr/CcprHisNew,https://www.chinamoney.com.cn/english/bmkcpr/index.html?tab=2,2026-08-31T14:36:27.389667Z,none
2025-01-27,cny_fx,china,CHN,CNY,CNY per US dollar,7.1698,LCU_per_USD,daily,CFETS_CNY_PARITY,USD/CNY Central Parity Rate - Historical Data,https://www.chinamoney.com.cn/ags/ms/cm-u-bk-ccpr/CcprHisNew,https://www.chinamoney.com.cn/english/bmkcpr/index.html?tab=2,2026-08-31T14:36:27.389667Z,none
2025-02-05,cny_fx,china,CHN,CNY,CNY per US dollar,7.1693,LCU_per_USD,daily,CFETS_CNY_PARITY,USD/CNY Central Parity Rate - Historical Data,https://www.chinamoney.com.cn/ags/ms/cm-u-bk-ccpr/CcprHisNew,https://www.chinamoney.com.cn/english/bmkcpr/index.html?tab=2,2026-08-31T14:36:27.616456Z,none
2025-02-06,cny_fx,china,CHN,CNY,CNY per US dollar,7.1691,LCU_per_USD,daily,CFETS_CNY_PARITY,USD/CNY Central Parity Rate - Historical Data,https://www.chinamoney.com.cn/ags/ms/cm-u-bk-ccpr/CcprHisNew,https://www.chinamoney.com.cn/english/bmkcpr/index.html?tab=2,2026-08-31T14:36:27.616456Z,none
2025-02-07,cny_fx,china,CHN,CNY,CNY per US dollar,7.1699,LCU_per_USD,daily,CFETS_CNY_PARITY,USD/CNY Central Parity Rate - Historical Data,https://www.chinamoney.com.cn/ags/ms/cm-u-bk-ccpr/CcprHisNew,https://www.chinamoney.com.cn/english/bmkcpr/index.html?tab=2,2026-08-31T14:36:27.616456Z,none
2025-02-10,cny_fx,china,CHN,CNY,CNY per US dollar,7.1707,LCU_per_USD,daily,CFETS_CNY_PARITY,USD/CNY Central Parity Rate - Historical Data,https://www.chinamoney.com.cn/ags/ms/cm-u-bk-ccpr/CcprHisNew,https://www.chinamoney.com.cn/english/bmkcpr/index.html?tab=2,2026-08-31T14:36:27.616456Z,none
2025-02-11,cny_fx,china,CHN,CNY,CNY per US dollar,7.1716,LCU_per_USD,daily,CFETS_CNY_PARITY,USD/CNY Central Parity Rate - Historical Data,https://www.chinamoney.com.cn/ags/ms/cm-u-bk-ccpr/CcprHisNew,https://www.chinamoney.com.cn/english/bmkcpr/index.html?tab=2,2026-08-31T14:36:27.616456Z,none
2025-02-12,cny_fx,china,CHN,CNY,CNY per US dollar,7.171,LCU_per_USD,daily,CFETS_CNY_PARITY,USD/CNY Central Parity Rate - Historical Data,https://www.chinamoney.com.cn/ags/ms/cm-u-bk-ccpr/CcprHisNew,https://www.chinamoney.com.cn/english/bmkcpr/index.html?tab=2,2026-08-31T14:36:27.616456Z,none
2025-02-13,cny_fx,china,CHN,CNY,CNY per US dollar,7.1719,LCU_per_USD,daily,CFETS_CNY_PARITY,USD/CNY Central Parity Rate - Historical Data,https://www.chinamoney.com.cn/ags/ms/cm-u-bk-ccpr/CcprHisNew,https://www.chinamoney.com.cn/english/bmkcpr/index.html?tab=2,2026-08-31T14:36:27.616456Z,none
2025-02-14,cny_fx,china,CHN,CNY,CNY per US dollar,7.1706,LCU_per_USD,daily,CFETS_CNY_PARITY,USD/CNY Central Parity Rate - Historical Data,https://www.chinamoney.com.cn/ags/ms/cm-u-bk-ccpr/CcprHisNew,https://www.chinamoney.com.cn/english/bmkcpr/index.html?tab=2,2026-08-31T14:36:27.616456Z,none
2025-02-17,cny_fx,china,CHN,CNY,CNY per US dollar,7.1702,LCU_per_USD,daily,CFETS_CNY_PARITY,USD/CNY Central Parity Rate - Historical Data,https://www.chinamoney.com.cn/ags/ms/cm-u-bk-ccpr/CcprHisNew,https://www.chinamoney.com.cn/english/bmkcpr/index.html?tab=2,2026-08-31T14:36:27.616456Z,none
2025-02-18,cny_fx,china,CHN,CNY,CNY per US dollar,7.1697,LCU_per_USD,daily,CFETS_CNY_PARITY,USD/CNY Central Parity Rate - Historical Data,https://www.chinamoney.com.cn/ags/ms/cm-u-bk-ccpr/CcprHisNew,https://www.chinamoney.com.cn/english/bmkcpr/index.html?tab=2,2026-08-31T14:36:27.616456Z,none
2025-02-19,cny_fx,china,CHN,CNY,CNY per US dollar,7.1705,LCU_per_USD,daily,CFETS_CNY_PARITY,USD/CNY Central Parity Rate - Historical Data,https://www.chinamoney.com.cn/ags/ms/cm-u-bk-ccpr/CcprHisNew,https://www.chinamoney.com.cn/english/bmkcpr/index.html?tab=2,2026-08-31T14:36:27.616456Z,none
2025-02-20,cny_fx,china,CHN,CNY,CNY per US dollar,7.1712,LCU_per_USD,daily,CFETS_CNY_PARITY,USD/CNY Central Parity Rate - Historical Data,https://www.chinamoney.com.cn/ags/ms/cm-u-bk-ccpr/CcprHisNew,https://www.chinamoney.com.cn/english/bmkcpr/index.html?tab=2,2026-08-31T14:36:27.616456Z,none
2025-02-21,cny_fx,china,CHN,CNY,CNY per US dollar,7.1696,LCU_per_USD,daily,CFETS_CNY_PARITY,USD/CNY Central Parity Rate - Historical Data,https://www.chinamoney.com.cn/ags/ms/cm-u-bk-ccpr/CcprHisNew,https://www.chinamoney.com.cn/english/bmkcpr/index.html?tab=2,2026-08-31T14:36:27.616456Z,none
2025-02-24,cny_fx,china,CHN,CNY,CNY per US dollar,7.1717,LCU_per_USD,daily,CFETS_CNY_PARITY,USD/CNY Central Parity Rate - Historical Data,https://www.chinamoney.com.cn/ags/ms/cm-u-bk-ccpr/CcprHisNew,https://www.chinamoney.com.cn/english/bmkcpr/index.html?tab=2,2026-08-31T14:36:27.616456Z,none
2025-02-25,cny_fx,china,CHN,CNY,CNY per US dollar,7.1726,LCU_per_USD,daily,CFETS_CNY_PARITY,USD/CNY Central Parity Rate - Historical Data,https://www.chinamoney.com.cn/ags/ms/cm-u-bk-ccpr/CcprHisNew,https://www.chinamoney.com.cn/english/bmkcpr/index.html?tab=2,2026-08-31T14:36:27.616456Z,none
2025-02-26,cny_fx,china,CHN,CNY,CNY per US dollar,7.1732,LCU_per_USD,daily,CFETS_CNY_PARITY,USD/CNY Central Parity Rate - Historical Data,https://www.chinamoney.com.cn/ags/ms/cm-u-bk-ccpr/CcprHisNew,https://www.chinamoney.com.cn/english/bmkcpr/index.html?tab=2,2026-08-31T14:36:27.616456Z,none
2025-02-27,cny_fx,china,CHN,CNY,CNY per US dollar,7.174,LCU_per_USD,daily,CFETS_CNY_PARITY,USD/CNY Central Parity Rate - Historical Data,https://www.chinamoney.com.cn/ags/ms/cm-u-bk-ccpr/CcprHisNew,https://www.chinamoney.com.cn/english/bmkcpr/index.html?tab=2,2026-08-31T14:36:27.616456Z,none
2025-02-28,cny_fx,china,CHN,CNY,CNY per US dollar,7.1738,LCU_per_USD,daily,CFETS_CNY_PARITY,USD/CNY Central Parity Rate - Historical Data,https://www.chinamoney.com.cn/ags/ms/cm-u-bk-ccpr/CcprHisNew,https://www.chinamoney.com.cn/english/bmkcpr/index.html?tab=2,2026-08-31T14:36:27.616456Z,none
2025-03-03,cny_fx,china,CHN,CNY,CNY per US dollar,7.1745,LCU_per_USD,daily,CFETS_CNY_PARITY,USD/CNY Central Parity Rate - Historical Data,https://www.chinamoney.com.cn/ags/ms/cm-u-bk-ccpr/CcprHisNew,https://www.chinamoney.com.cn/english/bmkcpr/index.html?tab=2,2026-08-31T14:36:27.853009Z,none
2025-03-04,cny_fx,china,CHN,CNY,CNY per US dollar,7.1739,LCU_per_USD,daily,CFETS_CNY_PARITY,USD/CNY Central Parity Rate - Historical Data,https://www.chinamoney.com.cn/ags/ms/cm-u-bk-ccpr/CcprHisNew,https://www.chinamoney.com.cn/english/bmkcpr/index.html?tab=2,2026-08-31T14:36:27.853009Z,none
2025-03-05,cny_fx,china,CHN,CNY,CNY per US dollar,7.1714,LCU_per_USD,daily,CFETS_CNY_PARITY,USD/CNY Central Parity Rate - Historical Data,https://www.chinamoney.com.cn/ags/ms/cm-u-bk-ccpr/CcprHisNew,https://www.chinamoney.com.cn/english/bmkcpr/index.html?tab=2,2026-08-31T14:36:27.853009Z,none
2025-03-06,cny_fx,china,CHN,CNY,CNY per US dollar,7.1692,LCU_per_USD,daily,CFETS_CNY_PARITY,USD/CNY Central Parity Rate - Historical Data,https://www.chinamoney.com.cn/ags/ms/cm-u-bk-ccpr/CcprHisNew,https://www.chinamoney.com.cn/english/bmkcpr/index.html?tab=2,2026-08-31T14:36:27.853009Z,none
2025-03-07,cny_fx,china,CHN,CNY,CNY per US dollar,7.1705,LCU_per_USD,daily,CFETS_CNY_PARITY,USD/CNY Central Parity Rate - Historical Data,https://www.chinamoney.com.cn/ags/ms/cm-u-bk-ccpr/CcprHisNew,https://www.chinamoney.com.cn/english/bmkcpr/index.html?tab=2,2026-08-31T14:36:27.853009Z,none
2025-03-10,cny_fx,china,CHN,CNY,CNY per US dollar,7.1733,LCU_per_USD,daily,CFETS_CNY_PARITY,USD/CNY Central Parity Rate - Historical Data,https://www.chinamoney.com.cn/ags/ms/cm-u-bk-ccpr/CcprHisNew,https://www.chinamoney.com.cn/english/bmkcpr/index.html?tab=2,2026-08-31T14:36:27.853009Z,none
2025-03-11,cny_fx,china,CHN,CNY,CNY per US dollar,7.1741,LCU_per_USD,daily,CFETS_CNY_PARITY,USD/CNY Central Parity Rate - Historical Data,https://www.chinamoney.com.cn/ags/ms/cm-u-bk-ccpr/CcprHisNew,https://www.chinamoney.com.cn/english/bmkcpr/index.html?tab=2,2026-08-31T14:36:27.853009Z,none
2025-03-12,cny_fx,china,CHN,CNY,CNY per US dollar,7.1696,LCU_per_USD,daily,CFETS_CNY_PARITY,USD/CNY Central Parity Rate - Historical Data,https://www.chinamoney.com.cn/ags/ms/cm-u-bk-ccpr/CcprHisNew,https://www.chinamoney.com.cn/english/bmkcpr/index.html?tab=2,2026-08-31T14:36:27.853009Z,none
2025-03-13,cny_fx,china,CHN,CNY,CNY per US dollar,7.1728,LCU_per_USD,daily,CFETS_CNY_PARITY,USD/CNY Central Parity Rate - Historical Data,https://www.chinamoney.com.cn/ags/ms/cm-u-bk-ccpr/CcprHisNew,https://www.chinamoney.com.cn/english/bmkcpr/index.html?tab=2,2026-08-31T14:36:27.853009Z,none
2025-03-14,cny_fx,china,CHN,CNY,CNY per US dollar,7.1738,LCU_per_USD,daily,CFETS_CNY_PARITY,USD/CNY Central Parity Rate - Historical Data,https://www.chinamoney.com.cn/ags/ms/cm-u-bk-ccpr/CcprHisNew,https://www.chinamoney.com.cn/english/bmkcpr/index.html?tab=2,2026-08-31T14:36:27.853009Z,none
2025-03-17,cny_fx,china,CHN,CNY,CNY per US dollar,7.1688,LCU_per_USD,daily,CFETS_CNY_PARITY,USD/CNY Central Parity Rate - Historical Data,https://www.chinamoney.com.cn/ags/ms/cm-u-bk-ccpr/CcprHisNew,https://www.chinamoney.com.cn/english/bmkcpr/index.html?tab=2,2026-08-31T14:36:27.853009Z,none
2025-03-18,cny_fx,china,CHN,CNY,CNY per US dollar,7.1733,LCU_per_USD,daily,CFETS_CNY_PARITY,USD/CNY Central Parity Rate - Historical Data,https://www.chinamoney.com.cn/ags/ms/cm-u-bk-ccpr/CcprHisNew,https://www.chinamoney.com.cn/english/bmkcpr/index.html?tab=2,2026-08-31T14:36:27.853009Z,none
2025-03-19,cny_fx,china,CHN,CNY,CNY per US dollar,7.1697,LCU_per_USD,daily,CFETS_CNY_PARITY,USD/CNY Central Parity Rate - Historical Data,https://www.chinamoney.com.cn/ags/ms/cm-u-bk-ccpr/CcprHisNew,https://www.chinamoney.com.cn/english/bmkcpr/index.html?tab=2,2026-08-31T14:36:27.853009Z,none
2025-03-20,cny_fx,china,CHN,CNY,CNY per US dollar,7.1754,LCU_per_USD,daily,CFETS_CNY_PARITY,USD/CNY Central Parity Rate - Historical Data,https://www.chinamoney.com.cn/ags/ms/cm-u-bk-ccpr/CcprHisNew,https://www.chinamoney.com.cn/english/bmkcpr/index.html?tab=2,2026-08-31T14:36:27.853009Z,none
2025-03-21,cny_fx,china,CHN,CNY,CNY per US dollar,7.176,LCU_per_USD,daily,CFETS_CNY_PARITY,USD/CNY Central Parity Rate - Historical Data,https://www.chinamoney.com.cn/ags/ms/cm-u-bk-ccpr/CcprHisNew,https://www.chinamoney.com.cn/english/bmkcpr/index.html?tab=2,2026-08-31T14:36:27.853009Z,none
2025-03-24,cny_fx,china,CHN,CNY,CNY per US dollar,7.178,LCU_per_USD,daily,CFETS_CNY_PARITY,USD/CNY Central Parity Rate - Historical Data,https://www.chinamoney.com.cn/ags/ms/cm-u-bk-ccpr/CcprHisNew,https://www.chinamoney.com.cn/english/bmkcpr/index.html?tab=2,2026-08-31T14:36:27.853009Z,none
2025-03-25,cny_fx,china,CHN,CNY,CNY per US dollar,7.1788,LCU_per_USD,daily,CFETS_CNY_PARITY,USD/CNY Central Parity Rate - Historical Data,https://www.chinamoney.com.cn/ags/ms/cm-u-bk-ccpr/CcprHisNew,https://www.chinamoney.com.cn/english/bmkcpr/index.html?tab=2,2026-08-31T14:36:27.853009Z,none
2025-03-26,cny_fx,china,CHN,CNY,CNY per US dollar,7.1754,LCU_per_USD,daily,CFETS_CNY_PARITY,USD/CNY Central Parity Rate - Historical Data,https://www.chinamoney.com.cn/ags/ms/cm-u-bk-ccpr/CcprHisNew,https://www.chinamoney.com.cn/english/bmkcpr/index.html?tab=2,2026-08-31T14:36:27.853009Z,none
2025-03-27,cny_fx,china,CHN,CNY,CNY per US dollar,7.1763,LCU_per_USD,daily,CFETS_CNY_PARITY,USD/CNY Central Parity Rate - Historical Data,https://www.chinamoney.com.cn/ags/ms/cm-u-bk-ccpr/CcprHisNew,https://www.chinamoney.com.cn/english/bmkcpr/index.html?tab=2,2026-08-31T14:36:27.853009Z,none
2025-03-28,cny_fx,china,CHN,CNY,CNY per US dollar,7.1752,LCU_per_USD,daily,CFETS_CNY_PARITY,USD/CNY Central Parity Rate - Historical Data,https://www.chinamoney.com.cn/ags/ms/cm-u-bk-ccpr/CcprHisNew,https://www.chinamoney.com.cn/english/bmkcpr/index.html?tab=2,2026-08-31T14:36:27.853009Z,none
2025-03-31,cny_fx,china,CHN,CNY,CNY per US dollar,7.1782,LCU_per_USD,daily,CFETS_CNY_PARITY,USD/CNY Central Parity Rate - Historical Data,https://www.chinamoney.com.cn/ags/ms/cm-u-bk-ccpr/CcprHisNew,https://www.chinamoney.com.cn/english/bmkcpr/index.html?tab=2,2026-08-31T14:36:27.853009Z,none
2025-04-01,cny_fx,china,CHN,CNY,CNY per US dollar,7.1775,LCU_per_USD,daily,CFETS_CNY_PARITY,USD/CNY Central Parity Rate - Historical Data,https://www.chinamoney.com.cn/ags/ms/cm-u-bk-ccpr/CcprHisNew,https://www.chinamoney.com.cn/english/bmkcpr/index.html?tab=2,2026-08-31T14:36:28.108521Z,none
2025-04-02,cny_fx,china,CHN,CNY,CNY per US dollar,7.1793,LCU_per_USD,daily,CFETS_CNY_PARITY,USD/CNY Central Parity Rate - Historical Data,https://www.chinamoney.com.cn/ags/ms/cm-u-bk-ccpr/CcprHisNew,https://www.chinamoney.com.cn/english/bmkcpr/index.html?tab=2,2026-08-31T14:36:28.108521Z,none
2025-04-03,cny_fx,china,CHN,CNY,CNY per US dollar,7.1889,LCU_per_USD,daily,CFETS_CNY_PARITY,USD/CNY Central Parity Rate - Historical Data,https://www.chinamoney.com.cn/ags/ms/cm-u-bk-ccpr/CcprHisNew,https://www.chinamoney.com.cn/english/bmkcpr/index.html?tab=2,2026-08-31T14:36:28.108521Z,none
2025-04-07,cny_fx,china,CHN,CNY,CNY per US dollar,7.198,LCU_per_USD,daily,CFETS_CNY_PARITY,USD/CNY Central Parity Rate - Historical Data,https://www.chinamoney.com.cn/ags/ms/cm-u-bk-ccpr/CcprHisNew,https://www.chinamoney.com.cn/english/bmkcpr/index.html?tab=2,2026-08-31T14:36:28.108521Z,none
2025-04-08,cny_fx,china,CHN,CNY,CNY per US dollar,7.2038,LCU_per_USD,daily,CFETS_CNY_PARITY,USD/CNY Central Parity Rate - Historical Data,https://www.chinamoney.com.cn/ags/ms/cm-u-bk-ccpr/CcprHisNew,https://www.chinamoney.com.cn/english/bmkcpr/index.html?tab=2,2026-08-31T14:36:28.108521Z,none
2025-04-09,cny_fx,china,CHN,CNY,CNY per US dollar,7.2066,LCU_per_USD,daily,CFETS_CNY_PARITY,USD/CNY Central Parity Rate - Historical Data,https://www.chinamoney.com.cn/ags/ms/cm-u-bk-ccpr/CcprHisNew,https://www.chinamoney.com.cn/english/bmkcpr/index.html?tab=2,2026-08-31T14:36:28.108521Z,none
2025-04-10,cny_fx,china,CHN,CNY,CNY per US dollar,7.2092,LCU_per_USD,daily,CFETS_CNY_PARITY,USD/CNY Central Parity Rate - Historical Data,https://www.chinamoney.com.cn/ags/ms/cm-u-bk-ccpr/CcprHisNew,https://www.chinamoney.com.cn/english/bmkcpr/index.html?tab=2,2026-08-31T14:36:28.108521Z,none
2025-04-11,cny_fx,china,CHN,CNY,CNY per US dollar,7.2087,LCU_per_USD,daily,CFETS_CNY_PARITY,USD/CNY Central Parity Rate - Historical Data,https://www.chinamoney.com.cn/ags/ms/cm-u-bk-ccpr/CcprHisNew,https://www.chinamoney.com.cn/english/bmkcpr/index.html?tab=2,2026-08-31T14:36:28.108521Z,none
2025-04-14,cny_fx,china,CHN,CNY,CNY per US dollar,7.211,LCU_per_USD,daily,CFETS_CNY_PARITY,USD/CNY Central Parity Rate - Historical Data,https://www.chinamoney.com.cn/ags/ms/cm-u-bk-ccpr/CcprHisNew,https://www.chinamoney.com.cn/english/bmkcpr/index.html?tab=2,2026-08-31T14:36:28.108521Z,none
2025-04-15,cny_fx,china,CHN,CNY,CNY per US dollar,7.2096,LCU_per_USD,daily,CFETS_CNY_PARITY,USD/CNY Central Parity Rate - Historical Data,https://www.chinamoney.com.cn/ags/ms/cm-u-bk-ccpr/CcprHisNew,https://www.chinamoney.com.cn/english/bmkcpr/index.html?tab=2,2026-08-31T14:36:28.108521Z,none
2025-04-16,cny_fx,china,CHN,CNY,CNY per US dollar,7.2133,LCU_per_USD,daily,CFETS_CNY_PARITY,USD/CNY Central Parity Rate - Historical Data,https://www.chinamoney.com.cn/ags/ms/cm-u-bk-ccpr/CcprHisNew,https://www.chinamoney.com.cn/english/bmkcpr/index.html?tab=2,2026-08-31T14:36:28.108521Z,none
2025-04-17,cny_fx,china,CHN,CNY,CNY per US dollar,7.2085,LCU_per_USD,daily,CFETS_CNY_PARITY,USD/CNY Central Parity Rate - Historical Data,https://www.chinamoney.com.cn/ags/ms/cm-u-bk-ccpr/CcprHisNew,https://www.chinamoney.com.cn/english/bmkcpr/index.html?tab=2,2026-08-31T14:36:28.108521Z,none
2025-04-18,cny_fx,china,CHN,CNY,CNY per US dollar,7.2069,LCU_per_USD,daily,CFETS_CNY_PARITY,USD/CNY Central Parity Rate - Historical Data,https://www.chinamoney.com.cn/ags/ms/cm-u-bk-ccpr/CcprHisNew,https://www.chinamoney.com.cn/english/bmkcpr/index.html?tab=2,2026-08-31T14:36:28.108521Z,none
2025-04-21,cny_fx,china,CHN,CNY,CNY per US dollar,7.2055,LCU_per_USD,daily,CFETS_CNY_PARITY,USD/CNY Central Parity Rate - Historical Data,https://www.chinamoney.com.cn/ags/ms/cm-u-bk-ccpr/CcprHisNew,https://www.chinamoney.com.cn/english/bmkcpr/index.html?tab=2,2026-08-31T14:36:28.108521Z,none
2025-04-22,cny_fx,china,CHN,CNY,CNY per US dollar,7.2074,LCU_per_USD,daily,CFETS_CNY_PARITY,USD/CNY Central Parity Rate - Historical Data,https://www.chinamoney.com.cn/ags/ms/cm-u-bk-ccpr/CcprHisNew,https://www.chinamoney.com.cn/english/bmkcpr/index.html?tab=2,2026-08-31T14:36:28.108521Z,none
2025-04-23,cny_fx,china,CHN,CNY,CNY per US dollar,7.2116,LCU_per_USD,daily,CFETS_CNY_PARITY,USD/CNY Central Parity Rate - Historical Data,https://www.chinamoney.com.cn/ags/ms/cm-u-bk-ccpr/CcprHisNew,https://www.chinamoney.com.cn/english/bmkcpr/index.html?tab=2,2026-08-31T14:36:28.108521Z,none
2025-04-24,cny_fx,china,CHN,CNY,CNY per US dollar,7.2098,LCU_per_USD,daily,CFETS_CNY_PARITY,USD/CNY Central Parity Rate - Historical Data,https://www.chinamoney.com.cn/ags/ms/cm-u-bk-ccpr/CcprHisNew,https://www.chinamoney.com.cn/english/bmkcpr/index.html?tab=2,2026-08-31T14:36:28.108521Z,none
2025-04-25,cny_fx,china,CHN,CNY,CNY per US dollar,7.2066,LCU_per_USD,daily,CFETS_CNY_PARITY,USD/CNY Central Parity Rate - Historical Data,https://www.chinamoney.com.cn/ags/ms/cm-u-bk-ccpr/CcprHisNew,https://www.chinamoney.com.cn/english/bmkcpr/index.html?tab=2,2026-08-31T14:36:28.108521Z,none
2025-04-28,cny_fx,china,CHN,CNY,CNY per US dollar,7.2043,LCU_per_USD,daily,CFETS_CNY_PARITY,USD/CNY Central Parity Rate - Historical Data,https://www.chinamoney.com.cn/ags/ms/cm-u-bk-ccpr/CcprHisNew,https://www.chinamoney.com.cn/english/bmkcpr/index.html?tab=2,2026-08-31T14:36:28.108521Z,none
2025-04-29,cny_fx,china,CHN,CNY,CNY per US dollar,7.2029,LCU_per_USD,daily,CFETS_CNY_PARITY,USD/CNY Central Parity Rate - Historical Data,https://www.chinamoney.com.cn/ags/ms/cm-u-bk-ccpr/CcprHisNew,https://www.chinamoney.com.cn/english/bmkcpr/index.html?tab=2,2026-08-31T14:36:28.108521Z,none
2025-04-30,cny_fx,china,CHN,CNY,CNY per US dollar,7.2014,LCU_per_USD,daily,CFETS_CNY_PARITY,USD/CNY Central Parity Rate - Historical Data,https://www.chinamoney.com.cn/ags/ms/cm-u-bk-ccpr/CcprHisNew,https://www.chinamoney.com.cn/english/bmkcpr/index.html?tab=2,2026-08-31T14:36:28.108521Z,none
2025-05-06,cny_fx,china,CHN,CNY,CNY per US dollar,7.2008,LCU_per_USD,daily,CFETS_CNY_PARITY,USD/CNY Central Parity Rate - Historical Data,https://www.chinamoney.com.cn/ags/ms/cm-u-bk-ccpr/CcprHisNew,https://www.chinamoney.com.cn/english/bmkcpr/index.html?tab=2,2026-08-31T14:36:28.351727Z,none
2025-05-07,cny_fx,china,CHN,CNY,CNY per US dollar,7.2005,LCU_per_USD,daily,CFETS_CNY_PARITY,USD/CNY Central Parity Rate - Historical Data,https://www.chinamoney.com.cn/ags/ms/cm-u-bk-ccpr/CcprHisNew,https://www.chinamoney.com.cn/english/bmkcpr/index.html?tab=2,2026-08-31T14:36:28.351727Z,none
2025-05-08,cny_fx,china,CHN,CNY,CNY per US dollar,7.2073,LCU_per_USD,daily,CFETS_CNY_PARITY,USD/CNY Central Parity Rate - Historical Data,https://www.chinamoney.com.cn/ags/ms/cm-u-bk-ccpr/CcprHisNew,https://www.chinamoney.com.cn/english/bmkcpr/index.html?tab=2,2026-08-31T14:36:28.351727Z,none
2025-05-09,cny_fx,china,CHN,CNY,CNY per US dollar,7.2095,LCU_per_USD,daily,CFETS_CNY_PARITY,USD/CNY Central Parity Rate - Historical Data,https://www.chinamoney.com.cn/ags/ms/cm-u-bk-ccpr/CcprHisNew,https://www.chinamoney.com.cn/english/bmkcpr/index.html?tab=2,2026-08-31T14:36:28.351727Z,none
2025-05-12,cny_fx,china,CHN,CNY,CNY per US dollar,7.2066,LCU_per_USD,daily,CFETS_CNY_PARITY,USD/CNY Central Parity Rate - Historical Data,https://www.chinamoney.com.cn/ags/ms/cm-u-bk-ccpr/CcprHisNew,https://www.chinamoney.com.cn/english/bmkcpr/index.html?tab=2,2026-08-31T14:36:28.351727Z,none
2025-05-13,cny_fx,china,CHN,CNY,CNY per US dollar,7.1991,LCU_per_USD,daily,CFETS_CNY_PARITY,USD/CNY Central Parity Rate - Historical Data,https://www.chinamoney.com.cn/ags/ms/cm-u-bk-ccpr/CcprHisNew,https://www.chinamoney.com.cn/english/bmkcpr/index.html?tab=2,2026-08-31T14:36:28.351727Z,none
2025-05-14,cny_fx,china,CHN,CNY,CNY per US dollar,7.1956,LCU_per_USD,daily,CFETS_CNY_PARITY,USD/CNY Central Parity Rate - Historical Data,https://www.chinamoney.com.cn/ags/ms/cm-u-bk-ccpr/CcprHisNew,https://www.chinamoney.com.cn/english/bmkcpr/index.html?tab=2,2026-08-31T14:36:28.351727Z,none
2025-05-15,cny_fx,china,CHN,CNY,CNY per US dollar,7.1963,LCU_per_USD,daily,CFETS_CNY_PARITY,USD/CNY Central Parity Rate - Historical Data,https://www.chinamoney.com.cn/ags/ms/cm-u-bk-ccpr/CcprHisNew,https://www.chinamoney.com.cn/english/bmkcpr/index.html?tab=2,2026-08-31T14:36:28.351727Z,none
2025-05-16,cny_fx,china,CHN,CNY,CNY per US dollar,7.1938,LCU_per_USD,daily,CFETS_CNY_PARITY,USD/CNY Central Parity Rate - Historical Data,https://www.chinamoney.com.cn/ags/ms/cm-u-bk-ccpr/CcprHisNew,https://www.chinamoney.com.cn/english/bmkcpr/index.html?tab=2,2026-08-31T14:36:28.351727Z,none
2025-05-19,cny_fx,china,CHN,CNY,CNY per US dollar,7.1916,LCU_per_USD,daily,CFETS_CNY_PARITY,USD/CNY Central Parity Rate - Historical Data,https://www.chinamoney.com.cn/ags/ms/cm-u-bk-ccpr/CcprHisNew,https://www.chinamoney.com.cn/english/bmkcpr/index.html?tab=2,2026-08-31T14:36:28.351727Z,none
2025-05-20,cny_fx,china,CHN,CNY,CNY per US dollar,7.1931,LCU_per_USD,daily,CFETS_CNY_PARITY,USD/CNY Central Parity Rate - Historical Data,https://www.chinamoney.com.cn/ags/ms/cm-u-bk-ccpr/CcprHisNew,https://www.chinamoney.com.cn/english/bmkcpr/index.html?tab=2,2026-08-31T14:36:28.351727Z,none
2025-05-21,cny_fx,china,CHN,CNY,CNY per US dollar,7.1937,LCU_per_USD,daily,CFETS_CNY_PARITY,USD/CNY Central Parity Rate - Historical Data,https://www.chinamoney.com.cn/ags/ms/cm-u-bk-ccpr/CcprHisNew,https://www.chinamoney.com.cn/english/bmkcpr/index.html?tab=2,2026-08-31T14:36:28.351727Z,none
2025-05-22,cny_fx,china,CHN,CNY,CNY per US dollar,7.1903,LCU_per_USD,daily,CFETS_CNY_PARITY,USD/CNY Central Parity Rate - Historical Data,https://www.chinamoney.com.cn/ags/ms/cm-u-bk-ccpr/CcprHisNew,https://www.chinamoney.com.cn/english/bmkcpr/index.html?tab=2,2026-08-31T14:36:28.351727Z,none
2025-05-23,cny_fx,china,CHN,CNY,CNY per US dollar,7.1919,LCU_per_USD,daily,CFETS_CNY_PARITY,USD/CNY Central Parity Rate - Historical Data,https://www.chinamoney.com.cn/ags/ms/cm-u-bk-ccpr/CcprHisNew,https://www.chinamoney.com.cn/english/bmkcpr/index.html?tab=2,2026-08-31T14:36:28.351727Z,none
2025-05-26,cny_fx,china,CHN,CNY,CNY per US dollar,7.1833,LCU_per_USD,daily,CFETS_CNY_PARITY,USD/CNY Central Parity Rate - Historical Data,https://www.chinamoney.com.cn/ags/ms/cm-u-bk-ccpr/CcprHisNew,https://www.chinamoney.com.cn/english/bmkcpr/index.html?tab=2,2026-08-31T14:36:28.351727Z,none
2025-05-27,cny_fx,china,CHN,CNY,CNY per US dollar,7.1876,LCU_per_USD,daily,CFETS_CNY_PARITY,USD/CNY Central Parity Rate - Historical Data,https://www.chinamoney.com.cn/ags/ms/cm-u-bk-ccpr/CcprHisNew,https://www.chinamoney.com.cn/english/bmkcpr/index.html?tab=2,2026-08-31T14:36:28.351727Z,none
2025-05-28,cny_fx,china,CHN,CNY,CNY per US dollar,7.1894,LCU_per_USD,daily,CFETS_CNY_PARITY,USD/CNY Central Parity Rate - Historical Data,https://www.chinamoney.com.cn/ags/ms/cm-u-bk-ccpr/CcprHisNew,https://www.chinamoney.com.cn/english/bmkcpr/index.html?tab=2,2026-08-31T14:36:28.351727Z,none
2025-05-29,cny_fx,china,CHN,CNY,CNY per US dollar,7.1907,LCU_per_USD,daily,CFETS_CNY_PARITY,USD/CNY Central Parity Rate - Historical Data,https://www.chinamoney.com.cn/ags/ms/cm-u-bk-ccpr/CcprHisNew,https://www.chinamoney.com.cn/english/bmkcpr/index.html?tab=2,2026-08-31T14:36:28.351727Z,none
2025-05-30,cny_fx,china,CHN,CNY,CNY per US dollar,7.1848,LCU_per_USD,daily,CFETS_CNY_PARITY,USD/CNY Central Parity Rate - Historical Data,https://www.chinamoney.com.cn/ags/ms/cm-u-bk-ccpr/CcprHisNew,https://www.chinamoney.com.cn/english/bmkcpr/index.html?tab=2,2026-08-31T14:36:28.351727Z,none
2025-06-03,cny_fx,china,CHN,CNY,CNY per US dollar,7.1869,LCU_per_USD,daily,CFETS_CNY_PARITY,USD/CNY Central Parity Rate - Historical Data,https://www.chinamoney.com.cn/ags/ms/cm-u-bk-ccpr/CcprHisNew,https://www.chinamoney.com.cn/english/bmkcpr/index.html?tab=2,2026-08-31T14:36:28.570948Z,none
2025-06-04,cny_fx,china,CHN,CNY,CNY per US dollar,7.1886,LCU_per_USD,daily,CFETS_CNY_PARITY,USD/CNY Central Parity Rate - Historical Data,https://www.chinamoney.com.cn/ags/ms/cm-u-bk-ccpr/CcprHisNew,https://www.chinamoney.com.cn/english/bmkcpr/index.html?tab=2,2026-08-31T14:36:28.570948Z,none
2025-06-05,cny_fx,china,CHN,CNY,CNY per US dollar,7.1865,LCU_per_USD,daily,CFETS_CNY_PARITY,USD/CNY Central Parity Rate - Historical Data,https://www.chinamoney.com.cn/ags/ms/cm-u-bk-ccpr/CcprHisNew,https://www.chinamoney.com.cn/english/bmkcpr/index.html?tab=2,2026-08-31T14:36:28.570948Z,none
2025-06-06,cny_fx,china,CHN,CNY,CNY per US dollar,7.1845,LCU_per_USD,daily,CFETS_CNY_PARITY,USD/CNY Central Parity Rate - Historical Data,https://www.chinamoney.com.cn/ags/ms/cm-u-bk-ccpr/CcprHisNew,https://www.chinamoney.com.cn/english/bmkcpr/index.html?tab=2,2026-08-31T14:36:28.570948Z,none
2025-06-09,cny_fx,china,CHN,CNY,CNY per US dollar,7.1855,LCU_per_USD,daily,CFETS_CNY_PARITY,USD/CNY Central Parity Rate - Historical Data,https://www.chinamoney.com.cn/ags/ms/cm-u-bk-ccpr/CcprHisNew,https://www.chinamoney.com.cn/english/bmkcpr/index.html?tab=2,2026-08-31T14:36:28.570948Z,none
2025-06-10,cny_fx,china,CHN,CNY,CNY per US dollar,7.184,LCU_per_USD,daily,CFETS_CNY_PARITY,USD/CNY Central Parity Rate - Historical Data,https://www.chinamoney.com.cn/ags/ms/cm-u-bk-ccpr/CcprHisNew,https://www.chinamoney.com.cn/english/bmkcpr/index.html?tab=2,2026-08-31T14:36:28.570948Z,none
2025-06-11,cny_fx,china,CHN,CNY,CNY per US dollar,7.1815,LCU_per_USD,daily,CFETS_CNY_PARITY,USD/CNY Central Parity Rate - Historical Data,https://www.chinamoney.com.cn/ags/ms/cm-u-bk-ccpr/CcprHisNew,https://www.chinamoney.com.cn/english/bmkcpr/index.html?tab=2,2026-08-31T14:36:28.570948Z,none
2025-06-12,cny_fx,china,CHN,CNY,CNY per US dollar,7.1803,LCU_per_USD,daily,CFETS_CNY_PARITY,USD/CNY Central Parity Rate - Historical Data,https://www.chinamoney.com.cn/ags/ms/cm-u-bk-ccpr/CcprHisNew,https://www.chinamoney.com.cn/english/bmkcpr/index.html?tab=2,2026-08-31T14:36:28.570948Z,none
2025-06-13,cny_fx,china,CHN,CNY,CNY per US dollar,7.1772,LCU_per_USD,daily,CFETS_CNY_PARITY,USD/CNY Central Parity Rate - Historical Data,https://www.chinamoney.com.cn/ags/ms/cm-u-bk-ccpr/CcprHisNew,https://www.chinamoney.com.cn/english/bmkcpr/index.html?tab=2,2026-08-31T14:36:28.570948Z,none
2025-06-16,cny_fx,china,CHN,CNY,CNY per US dollar,7.1789,LCU_per_USD,daily,CFETS_CNY_PARITY,USD/CNY Central Parity Rate - Historical Data,https://www.chinamoney.com.cn/ags/ms/cm-u-bk-ccpr/CcprHisNew,https://www.chinamoney.com.cn/english/bmkcpr/index.html?tab=2,2026-08-31T14:36:28.570948Z,none
2025-06-17,cny_fx,china,CHN,CNY,CNY per US dollar,7.1746,LCU_per_USD,daily,CFETS_CNY_PARITY,USD/CNY Central Parity Rate - Historical Data,https://www.chinamoney.com.cn/ags/ms/cm-u-bk-ccpr/CcprHisNew,https://www.chinamoney.com.cn/english/bmkcpr/index.html?tab=2,2026-08-31T14:36:28.570948Z,none
2025-06-18,cny_fx,china,CHN,CNY,CNY per US dollar,7.1761,LCU_per_USD,daily,CFETS_CNY_PARITY,USD/CNY Central Parity Rate - Historical Data,https://www.chinamoney.com.cn/ags/ms/cm-u-bk-ccpr/CcprHisNew,https://www.chinamoney.com.cn/english/bmkcpr/index.html?tab=2,2026-08-31T14:36:28.570948Z,none
2025-06-19,cny_fx,china,CHN,CNY,CNY per US dollar,7.1729,LCU_per_USD,daily,CFETS_CNY_PARITY,USD/CNY Central Parity Rate - Historical Data,https://www.chinamoney.com.cn/ags/ms/cm-u-bk-ccpr/CcprHisNew,https://www.chinamoney.com.cn/english/bmkcpr/index.html?tab=2,2026-08-31T14:36:28.570948Z,none
2025-06-20,cny_fx,china,CHN,CNY,CNY per US dollar,7.1695,LCU_per_USD,daily,CFETS_CNY_PARITY,USD/CNY Central Parity Rate - Historical Data,https://www.chinamoney.com.cn/ags/ms/cm-u-bk-ccpr/CcprHisNew,https://www.chinamoney.com.cn/english/bmkcpr/index.html?tab=2,2026-08-31T14:36:28.570948Z,none
2025-06-23,cny_fx,china,CHN,CNY,CNY per US dollar,7.171,LCU_per_USD,daily,CFETS_CNY_PARITY,USD/CNY Central Parity Rate - Historical Data,https://www.chinamoney.com.cn/ags/ms/cm-u-bk-ccpr/CcprHisNew,https://www.chinamoney.com.cn/english/bmkcpr/index.html?tab=2,2026-08-31T14:36:28.570948Z,none
2025-06-24,cny_fx,china,CHN,CNY,CNY per US dollar,7.1656,LCU_per_USD,daily,CFETS_CNY_PARITY,USD/CNY Central Parity Rate - Historical Data,https://www.chinamoney.com.cn/ags/ms/cm-u-bk-ccpr/CcprHisNew,https://www.chinamoney.com.cn/english/bmkcpr/index.html?tab=2,2026-08-31T14:36:28.570948Z,none
2025-06-25,cny_fx,china,CHN,CNY,CNY per US dollar,7.1668,LCU_per_USD,daily,CFETS_CNY_PARITY,USD/CNY Central Parity Rate - Historical Data,https://www.chinamoney.com.cn/ags/ms/cm-u-bk-ccpr/CcprHisNew,https://www.chinamoney.com.cn/english/bmkcpr/index.html?tab=2,2026-08-31T14:36:28.570948Z,none
2025-06-26,cny_fx,china,CHN,CNY,CNY per US dollar,7.162,LCU_per_USD,daily,CFETS_CNY_PARITY,USD/CNY Central Parity Rate - Historical Data,https://www.chinamoney.com.cn/ags/ms/cm-u-bk-ccpr/CcprHisNew,https://www.chinamoney.com.cn/english/bmkcpr/index.html?tab=2,2026-08-31T14:36:28.570948Z,none
2025-06-27,cny_fx,china,CHN,CNY,CNY per US dollar,7.1627,LCU_per_USD,daily,CFETS_CNY_PARITY,USD/CNY Central Parity Rate - Historical Data,https://www.chinamoney.com.cn/ags/ms/cm-u-bk-ccpr/CcprHisNew,https://www.chinamoney.com.cn/english/bmkcpr/index.html?tab=2,2026-08-31T14:36:28.570948Z,none
2025-06-30,cny_fx,china,CHN,CNY,CNY per US dollar,7.1586,LCU_per_USD,daily,CFETS_CNY_PARITY,USD/CNY Central Parity Rate - Historical Data,https://www.chinamoney.com.cn/ags/ms/cm-u-bk-ccpr/CcprHisNew,https://www.chinamoney.com.cn/english/bmkcpr/index.html?tab=2,2026-08-31T14:36:28.570948Z,none
2025-07-01,cny_fx,china,CHN,CNY,CNY per US dollar,7.1534,LCU_per_USD,daily,CFETS_CNY_PARITY,USD/CNY Central Parity Rate - Historical Data,https://www.chinamoney.com.cn/ags/ms/cm-u-bk-ccpr/CcprHisNew,https://www.chinamoney.com.cn/english/bmkcpr/index.html?tab=2,2026-08-31T14:36:28.792531Z,none
2025-07-02,cny_fx,china,CHN,CNY,CNY per US dollar,7.1546,LCU_per_USD,daily,CFETS_CNY_PARITY,USD/CNY Central Parity Rate - Historical Data,https://www.chinamoney.com.cn/ags/ms/cm-u-bk-ccpr/CcprHisNew,https://www.chinamoney.com.cn/english/bmkcpr/index.html?tab=2,2026-08-31T14:36:28.792531Z,none
2025-07-03,cny_fx,china,CHN,CNY,CNY per US dollar,7.1523,LCU_per_USD,daily,CFETS_CNY_PARITY,USD/CNY Central Parity Rate - Historical Data,https://www.chinamoney.com.cn/ags/ms/cm-u-bk-ccpr/CcprHisNew,https://www.chinamoney.com.cn/english/bmkcpr/index.html?tab=2,2026-08-31T14:36:28.792531Z,none
2025-07-04,cny_fx,china,CHN,CNY,CNY per US dollar,7.1535,LCU_per_USD,daily,CFETS_CNY_PARITY,USD/CNY Central Parity Rate - Historical Data,https://www.chinamoney.com.cn/ags/ms/cm-u-bk-ccpr/CcprHisNew,https://www.chinamoney.com.cn/english/bmkcpr/index.html?tab=2,2026-08-31T14:36:28.792531Z,none
2025-07-07,cny_fx,china,CHN,CNY,CNY per US dollar,7.1506,LCU_per_USD,daily,CFETS_CNY_PARITY,USD/CNY Central Parity Rate - Historical Data,https://www.chinamoney.com.cn/ags/ms/cm-u-bk-ccpr/CcprHisNew,https://www.chinamoney.com.cn/english/bmkcpr/index.html?tab=2,2026-08-31T14:36:28.792531Z,none
2025-07-08,cny_fx,china,CHN,CNY,CNY per US dollar,7.1534,LCU_per_USD,daily,CFETS_CNY_PARITY,USD/CNY Central Parity Rate - Historical Data,https://www.chinamoney.com.cn/ags/ms/cm-u-bk-ccpr/CcprHisNew,https://www.chinamoney.com.cn/english/bmkcpr/index.html?tab=2,2026-08-31T14:36:28.792531Z,none
2025-07-09,cny_fx,china,CHN,CNY,CNY per US dollar,7.1541,LCU_per_USD,daily,CFETS_CNY_PARITY,USD/CNY Central Parity Rate - Historical Data,https://www.chinamoney.com.cn/ags/ms/cm-u-bk-ccpr/CcprHisNew,https://www.chinamoney.com.cn/english/bmkcpr/index.html?tab=2,2026-08-31T14:36:28.792531Z,none
2025-07-10,cny_fx,china,CHN,CNY,CNY per US dollar,7.151,LCU_per_USD,daily,CFETS_CNY_PARITY,USD/CNY Central Parity Rate - Historical Data,https://www.chinamoney.com.cn/ags/ms/cm-u-bk-ccpr/CcprHisNew,https://www.chinamoney.com.cn/english/bmkcpr/index.html?tab=2,2026-08-31T14:36:28.792531Z,none
2025-07-11,cny_fx,china,CHN,CNY,CNY per US dollar,7.1475,LCU_per_USD,daily,CFETS_CNY_PARITY,USD/CNY Central Parity Rate - Historical Data,https://www.chinamoney.com.cn/ags/ms/cm-u-bk-ccpr/CcprHisNew,https://www.chinamoney.com.cn/english/bmkcpr/index.html?tab=2,2026-08-31T14:36:28.792531Z,none
2025-07-14,cny_fx,china,CHN,CNY,CNY per US dollar,7.1491,LCU_per_USD,daily,CFETS_CNY_PARITY,USD/CNY Central Parity Rate - Historical Data,https://www.chinamoney.com.cn/ags/ms/cm-u-bk-ccpr/CcprHisNew,https://www.chinamoney.com.cn/english/bmkcpr/index.html?tab=2,2026-08-31T14:36:28.792531Z,none
2025-07-15,cny_fx,china,CHN,CNY,CNY per US dollar,7.1498,LCU_per_USD,daily,CFETS_CNY_PARITY,USD/CNY Central Parity Rate - Historical Data,https://www.chinamoney.com.cn/ags/ms/cm-u-bk-ccpr/CcprHisNew,https://www.chinamoney.com.cn/english/bmkcpr/index.html?tab=2,2026-08-31T14:36:28.792531Z,none
2025-07-16,cny_fx,china,CHN,CNY,CNY per US dollar,7.1526,LCU_per_USD,daily,CFETS_CNY_PARITY,USD/CNY Central Parity Rate - Historical Data,https://www.chinamoney.com.cn/ags/ms/cm-u-bk-ccpr/CcprHisNew,https://www.chinamoney.com.cn/english/bmkcpr/index.html?tab=2,2026-08-31T14:36:28.792531Z,none
2025-07-17,cny_fx,china,CHN,CNY,CNY per US dollar,7.1461,LCU_per_USD,daily,CFETS_CNY_PARITY,USD/CNY Central Parity Rate - Historical Data,https://www.chinamoney.com.cn/ags/ms/cm-u-bk-ccpr/CcprHisNew,https://www.chinamoney.com.cn/english/bmkcpr/index.html?tab=2,2026-08-31T14:36:28.792531Z,none
2025-07-18,cny_fx,china,CHN,CNY,CNY per US dollar,7.1498,LCU_per_USD,daily,CFETS_CNY_PARITY,USD/CNY Central Parity Rate - Historical Data,https://www.chinamoney.com.cn/ags/ms/cm-u-bk-ccpr/CcprHisNew,https://www.chinamoney.com.cn/english/bmkcpr/index.html?tab=2,2026-08-31T14:36:28.792531Z,none
2025-07-21,cny_fx,china,CHN,CNY,CNY per US dollar,7.1522,LCU_per_USD,daily,CFETS_CNY_PARITY,USD/CNY Central Parity Rate - Historical Data,https://www.chinamoney.com.cn/ags/ms/cm-u-bk-ccpr/CcprHisNew,https://www.chinamoney.com.cn/english/bmkcpr/index.html?tab=2,2026-08-31T14:36:28.792531Z,none
2025-07-22,cny_fx,china,CHN,CNY,CNY per US dollar,7.146,LCU_per_USD,daily,CFETS_CNY_PARITY,USD/CNY Central Parity Rate - Historical Data,https://www.chinamoney.com.cn/ags/ms/cm-u-bk-ccpr/CcprHisNew,https://www.chinamoney.com.cn/english/bmkcpr/index.html?tab=2,2026-08-31T14:36:28.792531Z,none
2025-07-23,cny_fx,china,CHN,CNY,CNY per US dollar,7.1414,LCU_per_USD,daily,CFETS_CNY_PARITY,USD/CNY Central Parity Rate - Historical Data,https://www.chinamoney.com.cn/ags/ms/cm-u-bk-ccpr/CcprHisNew,https://www.chinamoney.com.cn/english/bmkcpr/index.html?tab=2,2026-08-31T14:36:28.792531Z,none
2025-07-24,cny_fx,china,CHN,CNY,CNY per US dollar,7.1385,LCU_per_USD,daily,CFETS_CNY_PARITY,USD/CNY Central Parity Rate - Historical Data,https://www.chinamoney.com.cn/ags/ms/cm-u-bk-ccpr/CcprHisNew,https://www.chinamoney.com.cn/english/bmkcpr/index.html?tab=2,2026-08-31T14:36:28.792531Z,none
2025-07-25,cny_fx,china,CHN,CNY,CNY per US dollar,7.1419,LCU_per_USD,daily,CFETS_CNY_PARITY,USD/CNY Central Parity Rate - Historical Data,https://www.chinamoney.com.cn/ags/ms/cm-u-bk-ccpr/CcprHisNew,https://www.chinamoney.com.cn/english/bmkcpr/index.html?tab=2,2026-08-31T14:36:28.792531Z,none
2025-07-28,cny_fx,china,CHN,CNY,CNY per US dollar,7.1467,LCU_per_USD,daily,CFETS_CNY_PARITY,USD/CNY Central Parity Rate - Historical Data,https://www.chinamoney.com.cn/ags/ms/cm-u-bk-ccpr/CcprHisNew,https://www.chinamoney.com.cn/english/bmkcpr/index.html?tab=2,2026-08-31T14:36:28.792531Z,none
2025-07-29,cny_fx,china,CHN,CNY,CNY per US dollar,7.1511,LCU_per_USD,daily,CFETS_CNY_PARITY,USD/CNY Central Parity Rate - Historical Data,https://www.chinamoney.com.cn/ags/ms/cm-u-bk-ccpr/CcprHisNew,https://www.chinamoney.com.cn/english/bmkcpr/index.html?tab=2,2026-08-31T14:36:28.792531Z,none
2025-07-30,cny_fx,china,CHN,CNY,CNY per US dollar,7.1441,LCU_per_USD,daily,CFETS_CNY_PARITY,USD/CNY Central Parity Rate - Historical Data,https://www.chinamoney.com.cn/ags/ms/cm-u-bk-ccpr/CcprHisNew,https://www.chinamoney.com.cn/english/bmkcpr/index.html?tab=2,2026-08-31T14:36:28.792531Z,none
2025-07-31,cny_fx,china,CHN,CNY,CNY per US dollar,7.1494,LCU_per_USD,daily,CFETS_CNY_PARITY,USD/CNY Central Parity Rate - Historical Data,https://www.chinamoney.com.cn/ags/ms/cm-u-bk-ccpr/CcprHisNew,https://www.chinamoney.com.cn/english/bmkcpr/index.html?tab=2,2026-08-31T14:36:28.792531Z,none
2025-08-01,cny_fx,china,CHN,CNY,CNY per US dollar,7.1496,LCU_per_USD,daily,CFETS_CNY_PARITY,USD/CNY Central Parity Rate - Historical Data,https://www.chinamoney.com.cn/ags/ms/cm-u-bk-ccpr/CcprHisNew,https://www.chinamoney.com.cn/english/bmkcpr/index.html?tab=2,2026-08-31T14:36:29.012134Z,none
2025-08-04,cny_fx,china,CHN,CNY,CNY per US dollar,7.1395,LCU_per_USD,daily,CFETS_CNY_PARITY,USD/CNY Central Parity Rate - Historical Data,https://www.chinamoney.com.cn/ags/ms/cm-u-bk-ccpr/CcprHisNew,https://www.chinamoney.com.cn/english/bmkcpr/index.html?tab=2,2026-08-31T14:36:29.012134Z,none
2025-08-05,cny_fx,china,CHN,CNY,CNY per US dollar,7.1366,LCU_per_USD,daily,CFETS_CNY_PARITY,USD/CNY Central Parity Rate - Historical Data,https://www.chinamoney.com.cn/ags/ms/cm-u-bk-ccpr/CcprHisNew,https://www.chinamoney.com.cn/english/bmkcpr/index.html?tab=2,2026-08-31T14:36:29.012134Z,none
2025-08-06,cny_fx,china,CHN,CNY,CNY per US dollar,7.1409,LCU_per_USD,daily,CFETS_CNY_PARITY,USD/CNY Central Parity Rate - Historical Data,https://www.chinamoney.com.cn/ags/ms/cm-u-bk-ccpr/CcprHisNew,https://www.chinamoney.com.cn/english/bmkcpr/index.html?tab=2,2026-08-31T14:36:29.012134Z,none
2025-08-07,cny_fx,china,CHN,CNY,CNY per US dollar,7.1345,LCU_per_USD,daily,CFETS_CNY_PARITY,USD/CNY Central Parity Rate - Historical Data,https://www.chinamoney.com.cn/ags/ms/cm-u-bk-ccpr/CcprHisNew,https://www.chinamoney.com.cn/english/bmkcpr/index.html?tab=2,2026-08-31T14:36:29.012134Z,none
2025-08-08,cny_fx,china,CHN,CNY,CNY per US dollar,7.1382,LCU_per_USD,daily,CFETS_CNY_PARITY,USD/CNY Central Parity Rate - Historical Data,https://www.chinamoney.com.cn/ags/ms/cm-u-bk-ccpr/CcprHisNew,https://www.chinamoney.com.cn/english/bmkcpr/index.html?tab=2,2026-08-31T14:36:29.012134Z,none
2025-08-11,cny_fx,china,CHN,CNY,CNY per US dollar,7.1405,LCU_per_USD,daily,CFETS_CNY_PARITY,USD/CNY Central Parity Rate - Historical Data,https://www.chinamoney.com.cn/ags/ms/cm-u-bk-ccpr/CcprHisNew,https://www.chinamoney.com.cn/english/bmkcpr/index.html?tab=2,2026-08-31T14:36:29.012134Z,none
2025-08-12,cny_fx,china,CHN,CNY,CNY per US dollar,7.1418,LCU_per_USD,daily,CFETS_CNY_PARITY,USD/CNY Central Parity Rate - Historical Data,https://www.chinamoney.com.cn/ags/ms/cm-u-bk-ccpr/CcprHisNew,https://www.chinamoney.com.cn/english/bmkcpr/index.html?tab=2,2026-08-31T14:36:29.012134Z,none
2025-08-13,cny_fx,china,CHN,CNY,CNY per US dollar,7.135,LCU_per_USD,daily,CFETS_CNY_PARITY,USD/CNY Central Parity Rate - Historical Data,https://www.chinamoney.com.cn/ags/ms/cm-u-bk-ccpr/CcprHisNew,https://www.chinamoney.com.cn/english/bmkcpr/index.html?tab=2,2026-08-31T14:36:29.012134Z,none
2025-08-14,cny_fx,china,CHN,CNY,CNY per US dollar,7.1337,LCU_per_USD,daily,CFETS_CNY_PARITY,USD/CNY Central Parity Rate - Historical Data,https://www.chinamoney.com.cn/ags/ms/cm-u-bk-ccpr/CcprHisNew,https://www.chinamoney.com.cn/english/bmkcpr/index.html?tab=2,2026-08-31T14:36:29.012134Z,none
2025-08-15,cny_fx,china,CHN,CNY,CNY per US dollar,7.1371,LCU_per_USD,daily,CFETS_CNY_PARITY,USD/CNY Central Parity Rate - Historical Data,https://www.chinamoney.com.cn/ags/ms/cm-u-bk-ccpr/CcprHisNew,https://www.chinamoney.com.cn/english/bmkcpr/index.html?tab=2,2026-08-31T14:36:29.012134Z,none
2025-08-18,cny_fx,china,CHN,CNY,CNY per US dollar,7.1322,LCU_per_USD,daily,CFETS_CNY_PARITY,USD/CNY Central Parity Rate - Historical Data,https://www.chinamoney.com.cn/ags/ms/cm-u-bk-ccpr/CcprHisNew,https://www.chinamoney.com.cn/english/bmkcpr/index.html?tab=2,2026-08-31T14:36:29.012134Z,none
2025-08-19,cny_fx,china,CHN,CNY,CNY per US dollar,7.1359,LCU_per_USD,daily,CFETS_CNY_PARITY,USD/CNY Central Parity Rate - Historical Data,https://www.chinamoney.com.cn/ags/ms/cm-u-bk-ccpr/CcprHisNew,https://www.chinamoney.com.cn/english/bmkcpr/index.html?tab=2,2026-08-31T14:36:29.012134Z,none
2025-08-20,cny_fx,china,CHN,CNY,CNY per US dollar,7.1384,LCU_per_USD,daily,CFETS_CNY_PARITY,USD/CNY Central Parity Rate - Historical Data,https://www.chinamoney.com.cn/ags/ms/cm-u-bk-ccpr/CcprHisNew,https://www.chinamoney.com.cn/english/bmkcpr/index.html?tab=2,2026-08-31T14:36:29.012134Z,none
2025-08-21,cny_fx,china,CHN,CNY,CNY per US dollar,7.1287,LCU_per_USD,daily,CFETS_CNY_PARITY,USD/CNY Central Parity Rate - Historical Data,https://www.chinamoney.com.cn/ags/ms/cm-u-bk-ccpr/CcprHisNew,https://www.chinamoney.com.cn/english/bmkcpr/index.html?tab=2,2026-08-31T14:36:29.012134Z,none
2025-08-22,cny_fx,china,CHN,CNY,CNY per US dollar,7.1321,LCU_per_USD,daily,CFETS_CNY_PARITY,USD/CNY Central Parity Rate - Historical Data,https://www.chinamoney.com.cn/ags/ms/cm-u-bk-ccpr/CcprHisNew,https://www.chinamoney.com.cn/english/bmkcpr/index.html?tab=2,2026-08-31T14:36:29.012134Z,none
2025-08-25,cny_fx,china,CHN,CNY,CNY per US dollar,7.1161,LCU_per_USD,daily,CFETS_CNY_PARITY,USD/CNY Central Parity Rate - Historical Data,https://www.chinamoney.com.cn/ags/ms/cm-u-bk-ccpr/CcprHisNew,https://www.chinamoney.com.cn/english/bmkcpr/index.html?tab=2,2026-08-31T14:36:29.012134Z,none
2025-08-26,cny_fx,china,CHN,CNY,CNY per US dollar,7.1188,LCU_per_USD,daily,CFETS_CNY_PARITY,USD/CNY Central Parity Rate - Historical Data,https://www.chinamoney.com.cn/ags/ms/cm-u-bk-ccpr/CcprHisNew,https://www.chinamoney.com.cn/english/bmkcpr/index.html?tab=2,2026-08-31T14:36:29.012134Z,none
2025-08-27,cny_fx,china,CHN,CNY,CNY per US dollar,7.1108,LCU_per_USD,daily,CFETS_CNY_PARITY,USD/CNY Central Parity Rate - Historical Data,https://www.chinamoney.com.cn/ags/ms/cm-u-bk-ccpr/CcprHisNew,https://www.chinamoney.com.cn/english/bmkcpr/index.html?tab=2,2026-08-31T14:36:29.012134Z,none
2025-08-28,cny_fx,china,CHN,CNY,CNY per US dollar,7.1063,LCU_per_USD,daily,CFETS_CNY_PARITY,USD/CNY Central Parity Rate - Historical Data,https://www.chinamoney.com.cn/ags/ms/cm-u-bk-ccpr/CcprHisNew,https://www.chinamoney.com.cn/english/bmkcpr/index.html?tab=2,2026-08-31T14:36:29.012134Z,none
2025-08-29,cny_fx,china,CHN,CNY,CNY per US dollar,7.103,LCU_per_USD,daily,CFETS_CNY_PARITY,USD/CNY Central Parity Rate - Historical Data,https://www.chinamoney.com.cn/ags/ms/cm-u-bk-ccpr/CcprHisNew,https://www.chinamoney.com.cn/english/bmkcpr/index.html?tab=2,2026-08-31T14:36:29.012134Z,none
2025-09-01,cny_fx,china,CHN,CNY,CNY per US dollar,7.1072,LCU_per_USD,daily,CFETS_CNY_PARITY,USD/CNY Central Parity Rate - Historical Data,https://www.chinamoney.com.cn/ags/ms/cm-u-bk-ccpr/CcprHisNew,https://www.chinamoney.com.cn/english/bmkcpr/index.html?tab=2,2026-08-31T14:36:29.251405Z,none
2025-09-02,cny_fx,china,CHN,CNY,CNY per US dollar,7.1089,LCU_per_USD,daily,CFETS_CNY_PARITY,USD/CNY Central Parity Rate - Historical Data,https://www.chinamoney.com.cn/ags/ms/cm-u-bk-ccpr/CcprHisNew,https://www.chinamoney.com.cn/english/bmkcpr/index.html?tab=2,2026-08-31T14:36:29.251405Z,none
2025-09-03,cny_fx,china,CHN,CNY,CNY per US dollar,7.1108,LCU_per_USD,daily,CFETS_CNY_PARITY,USD/CNY Central Parity Rate - Historical Data,https://www.chinamoney.com.cn/ags/ms/cm-u-bk-ccpr/CcprHisNew,https://www.chinamoney.com.cn/english/bmkcpr/index.html?tab=2,2026-08-31T14:36:29.251405Z,none
2025-09-04,cny_fx,china,CHN,CNY,CNY per US dollar,7.1052,LCU_per_USD,daily,CFETS_CNY_PARITY,USD/CNY Central Parity Rate - Historical Data,https://www.chinamoney.com.cn/ags/ms/cm-u-bk-ccpr/CcprHisNew,https://www.chinamoney.com.cn/english/bmkcpr/index.html?tab=2,2026-08-31T14:36:29.251405Z,none
2025-09-05,cny_fx,china,CHN,CNY,CNY per US dollar,7.1064,LCU_per_USD,daily,CFETS_CNY_PARITY,USD/CNY Central Parity Rate - Historical Data,https://www.chinamoney.com.cn/ags/ms/cm-u-bk-ccpr/CcprHisNew,https://www.chinamoney.com.cn/english/bmkcpr/index.html?tab=2,2026-08-31T14:36:29.251405Z,none
2025-09-08,cny_fx,china,CHN,CNY,CNY per US dollar,7.1029,LCU_per_USD,daily,CFETS_CNY_PARITY,USD/CNY Central Parity Rate - Historical Data,https://www.chinamoney.com.cn/ags/ms/cm-u-bk-ccpr/CcprHisNew,https://www.chinamoney.com.cn/english/bmkcpr/index.html?tab=2,2026-08-31T14:36:29.251405Z,none
2025-09-09,cny_fx,china,CHN,CNY,CNY per US dollar,7.1008,LCU_per_USD,daily,CFETS_CNY_PARITY,USD/CNY Central Parity Rate - Historical Data,https://www.chinamoney.com.cn/ags/ms/cm-u-bk-ccpr/CcprHisNew,https://www.chinamoney.com.cn/english/bmkcpr/index.html?tab=2,2026-08-31T14:36:29.251405Z,none
2025-09-10,cny_fx,china,CHN,CNY,CNY per US dollar,7.1062,LCU_per_USD,daily,CFETS_CNY_PARITY,USD/CNY Central Parity Rate - Historical Data,https://www.chinamoney.com.cn/ags/ms/cm-u-bk-ccpr/CcprHisNew,https://www.chinamoney.com.cn/english/bmkcpr/index.html?tab=2,2026-08-31T14:36:29.251405Z,none
2025-09-11,cny_fx,china,CHN,CNY,CNY per US dollar,7.1034,LCU_per_USD,daily,CFETS_CNY_PARITY,USD/CNY Central Parity Rate - Historical Data,https://www.chinamoney.com.cn/ags/ms/cm-u-bk-ccpr/CcprHisNew,https://www.chinamoney.com.cn/english/bmkcpr/index.html?tab=2,2026-08-31T14:36:29.251405Z,none
2025-09-12,cny_fx,china,CHN,CNY,CNY per US dollar,7.1019,LCU_per_USD,daily,CFETS_CNY_PARITY,USD/CNY Central Parity Rate - Historical Data,https://www.chinamoney.com.cn/ags/ms/cm-u-bk-ccpr/CcprHisNew,https://www.chinamoney.com.cn/english/bmkcpr/index.html?tab=2,2026-08-31T14:36:29.251405Z,none
2025-09-15,cny_fx,china,CHN,CNY,CNY per US dollar,7.1056,LCU_per_USD,daily,CFETS_CNY_PARITY,USD/CNY Central Parity Rate - Historical Data,https://www.chinamoney.com.cn/ags/ms/cm-u-bk-ccpr/CcprHisNew,https://www.chinamoney.com.cn/english/bmkcpr/index.html?tab=2,2026-08-31T14:36:29.251405Z,none
2025-09-16,cny_fx,china,CHN,CNY,CNY per US dollar,7.1027,LCU_per_USD,daily,CFETS_CNY_PARITY,USD/CNY Central Parity Rate - Historical Data,https://www.chinamoney.com.cn/ags/ms/cm-u-bk-ccpr/CcprHisNew,https://www.chinamoney.com.cn/english/bmkcpr/index.html?tab=2,2026-08-31T14:36:29.251405Z,none
2025-09-17,cny_fx,china,CHN,CNY,CNY per US dollar,7.1013,LCU_per_USD,daily,CFETS_CNY_PARITY,USD/CNY Central Parity Rate - Historical Data,https://www.chinamoney.com.cn/ags/ms/cm-u-bk-ccpr/CcprHisNew,https://www.chinamoney.com.cn/english/bmkcpr/index.html?tab=2,2026-08-31T14:36:29.251405Z,none
2025-09-18,cny_fx,china,CHN,CNY,CNY per US dollar,7.1085,LCU_per_USD,daily,CFETS_CNY_PARITY,USD/CNY Central Parity Rate - Historical Data,https://www.chinamoney.com.cn/ags/ms/cm-u-bk-ccpr/CcprHisNew,https://www.chinamoney.com.cn/english/bmkcpr/index.html?tab=2,2026-08-31T14:36:29.251405Z,none
2025-09-19,cny_fx,china,CHN,CNY,CNY per US dollar,7.1128,LCU_per_USD,daily,CFETS_CNY_PARITY,USD/CNY Central Parity Rate - Historical Data,https://www.chinamoney.com.cn/ags/ms/cm-u-bk-ccpr/CcprHisNew,https://www.chinamoney.com.cn/english/bmkcpr/index.html?tab=2,2026-08-31T14:36:29.251405Z,none
2025-09-22,cny_fx,china,CHN,CNY,CNY per US dollar,7.1106,LCU_per_USD,daily,CFETS_CNY_PARITY,USD/CNY Central Parity Rate - Historical Data,https://www.chinamoney.com.cn/ags/ms/cm-u-bk-ccpr/CcprHisNew,https://www.chinamoney.com.cn/english/bmkcpr/index.html?tab=2,2026-08-31T14:36:29.251405Z,none
2025-09-23,cny_fx,china,CHN,CNY,CNY per US dollar,7.1057,LCU_per_USD,daily,CFETS_CNY_PARITY,USD/CNY Central Parity Rate - Historical Data,https://www.chinamoney.com.cn/ags/ms/cm-u-bk-ccpr/CcprHisNew,https://www.chinamoney.com.cn/english/bmkcpr/index.html?tab=2,2026-08-31T14:36:29.251405Z,none
2025-09-24,cny_fx,china,CHN,CNY,CNY per US dollar,7.1077,LCU_per_USD,daily,CFETS_CNY_PARITY,USD/CNY Central Parity Rate - Historical Data,https://www.chinamoney.com.cn/ags/ms/cm-u-bk-ccpr/CcprHisNew,https://www.chinamoney.com.cn/english/bmkcpr/index.html?tab=2,2026-08-31T14:36:29.251405Z,none
2025-09-25,cny_fx,china,CHN,CNY,CNY per US dollar,7.1118,LCU_per_USD,daily,CFETS_CNY_PARITY,USD/CNY Central Parity Rate - Historical Data,https://www.chinamoney.com.cn/ags/ms/cm-u-bk-ccpr/CcprHisNew,https://www.chinamoney.com.cn/english/bmkcpr/index.html?tab=2,2026-08-31T14:36:29.251405Z,none
2025-09-26,cny_fx,china,CHN,CNY,CNY per US dollar,7.1152,LCU_per_USD,daily,CFETS_CNY_PARITY,USD/CNY Central Parity Rate - Historical Data,https://www.chinamoney.com.cn/ags/ms/cm-u-bk-ccpr/CcprHisNew,https://www.chinamoney.com.cn/english/bmkcpr/index.html?tab=2,2026-08-31T14:36:29.251405Z,none
2025-09-29,cny_fx,china,CHN,CNY,CNY per US dollar,7.1089,LCU_per_USD,daily,CFETS_CNY_PARITY,USD/CNY Central Parity Rate - Historical Data,https://www.chinamoney.com.cn/ags/ms/cm-u-bk-ccpr/CcprHisNew,https://www.chinamoney.com.cn/english/bmkcpr/index.html?tab=2,2026-08-31T14:36:29.251405Z,none
2025-09-30,cny_fx,china,CHN,CNY,CNY per US dollar,7.1055,LCU_per_USD,daily,CFETS_CNY_PARITY,USD/CNY Central Parity Rate - Historical Data,https://www.chinamoney.com.cn/ags/ms/cm-u-bk-ccpr/CcprHisNew,https://www.chinamoney.com.cn/english/bmkcpr/index.html?tab=2,2026-08-31T14:36:29.251405Z,none
2025-10-09,cny_fx,china,CHN,CNY,CNY per US dollar,7.1102,LCU_per_USD,daily,CFETS_CNY_PARITY,USD/CNY Central Parity Rate - Historical Data,https://www.chinamoney.com.cn/ags/ms/cm-u-bk-ccpr/CcprHisNew,https://www.chinamoney.com.cn/english/bmkcpr/index.html?tab=2,2026-08-31T14:36:29.490062Z,none
2025-10-10,cny_fx,china,CHN,CNY,CNY per US dollar,7.1048,LCU_per_USD,daily,CFETS_CNY_PARITY,USD/CNY Central Parity Rate - Historical Data,https://www.chinamoney.com.cn/ags/ms/cm-u-bk-ccpr/CcprHisNew,https://www.chinamoney.com.cn/english/bmkcpr/index.html?tab=2,2026-08-31T14:36:29.490062Z,none
2025-10-13,cny_fx,china,CHN,CNY,CNY per US dollar,7.1007,LCU_per_USD,daily,CFETS_CNY_PARITY,USD/CNY Central Parity Rate - Historical Data,https://www.chinamoney.com.cn/ags/ms/cm-u-bk-ccpr/CcprHisNew,https://www.chinamoney.com.cn/english/bmkcpr/index.html?tab=2,2026-08-31T14:36:29.490062Z,none
2025-10-14,cny_fx,china,CHN,CNY,CNY per US dollar,7.1021,LCU_per_USD,daily,CFETS_CNY_PARITY,USD/CNY Central Parity Rate - Historical Data,https://www.chinamoney.com.cn/ags/ms/cm-u-bk-ccpr/CcprHisNew,https://www.chinamoney.com.cn/english/bmkcpr/index.html?tab=2,2026-08-31T14:36:29.490062Z,none
2025-10-15,cny_fx,china,CHN,CNY,CNY per US dollar,7.0995,LCU_per_USD,daily,CFETS_CNY_PARITY,USD/CNY Central Parity Rate - Historical Data,https://www.chinamoney.com.cn/ags/ms/cm-u-bk-ccpr/CcprHisNew,https://www.chinamoney.com.cn/english/bmkcpr/index.html?tab=2,2026-08-31T14:36:29.490062Z,none
2025-10-16,cny_fx,china,CHN,CNY,CNY per US dollar,7.0968,LCU_per_USD,daily,CFETS_CNY_PARITY,USD/CNY Central Parity Rate - Historical Data,https://www.chinamoney.com.cn/ags/ms/cm-u-bk-ccpr/CcprHisNew,https://www.chinamoney.com.cn/english/bmkcpr/index.html?tab=2,2026-08-31T14:36:29.490062Z,none
2025-10-17,cny_fx,china,CHN,CNY,CNY per US dollar,7.0949,LCU_per_USD,daily,CFETS_CNY_PARITY,USD/CNY Central Parity Rate - Historical Data,https://www.chinamoney.com.cn/ags/ms/cm-u-bk-ccpr/CcprHisNew,https://www.chinamoney.com.cn/english/bmkcpr/index.html?tab=2,2026-08-31T14:36:29.490062Z,none
2025-10-20,cny_fx,china,CHN,CNY,CNY per US dollar,7.0973,LCU_per_USD,daily,CFETS_CNY_PARITY,USD/CNY Central Parity Rate - Historical Data,https://www.chinamoney.com.cn/ags/ms/cm-u-bk-ccpr/CcprHisNew,https://www.chinamoney.com.cn/english/bmkcpr/index.html?tab=2,2026-08-31T14:36:29.490062Z,none
2025-10-21,cny_fx,china,CHN,CNY,CNY per US dollar,7.093,LCU_per_USD,daily,CFETS_CNY_PARITY,USD/CNY Central Parity Rate - Historical Data,https://www.chinamoney.com.cn/ags/ms/cm-u-bk-ccpr/CcprHisNew,https://www.chinamoney.com.cn/english/bmkcpr/index.html?tab=2,2026-08-31T14:36:29.490062Z,none
2025-10-22,cny_fx,china,CHN,CNY,CNY per US dollar,7.0954,LCU_per_USD,daily,CFETS_CNY_PARITY,USD/CNY Central Parity Rate - Historical Data,https://www.chinamoney.com.cn/ags/ms/cm-u-bk-ccpr/CcprHisNew,https://www.chinamoney.com.cn/english/bmkcpr/index.html?tab=2,2026-08-31T14:36:29.490062Z,none
2025-10-23,cny_fx,china,CHN,CNY,CNY per US dollar,7.0918,LCU_per_USD,daily,CFETS_CNY_PARITY,USD/CNY Central Parity Rate - Historical Data,https://www.chinamoney.com.cn/ags/ms/cm-u-bk-ccpr/CcprHisNew,https://www.chinamoney.com.cn/english/bmkcpr/index.html?tab=2,2026-08-31T14:36:29.490062Z,none
2025-10-24,cny_fx,china,CHN,CNY,CNY per US dollar,7.0928,LCU_per_USD,daily,CFETS_CNY_PARITY,USD/CNY Central Parity Rate - Historical Data,https://www.chinamoney.com.cn/ags/ms/cm-u-bk-ccpr/CcprHisNew,https://www.chinamoney.com.cn/english/bmkcpr/index.html?tab=2,2026-08-31T14:36:29.490062Z,none
2025-10-27,cny_fx,china,CHN,CNY,CNY per US dollar,7.0881,LCU_per_USD,daily,CFETS_CNY_PARITY,USD/CNY Central Parity Rate - Historical Data,https://www.chinamoney.com.cn/ags/ms/cm-u-bk-ccpr/CcprHisNew,https://www.chinamoney.com.cn/english/bmkcpr/index.html?tab=2,2026-08-31T14:36:29.490062Z,none
2025-10-28,cny_fx,china,CHN,CNY,CNY per US dollar,7.0856,LCU_per_USD,daily,CFETS_CNY_PARITY,USD/CNY Central Parity Rate - Historical Data,https://www.chinamoney.com.cn/ags/ms/cm-u-bk-ccpr/CcprHisNew,https://www.chinamoney.com.cn/english/bmkcpr/index.html?tab=2,2026-08-31T14:36:29.490062Z,none
2025-10-29,cny_fx,china,CHN,CNY,CNY per US dollar,7.0843,LCU_per_USD,daily,CFETS_CNY_PARITY,USD/CNY Central Parity Rate - Historical Data,https://www.chinamoney.com.cn/ags/ms/cm-u-bk-ccpr/CcprHisNew,https://www.chinamoney.com.cn/english/bmkcpr/index.html?tab=2,2026-08-31T14:36:29.490062Z,none
2025-10-30,cny_fx,china,CHN,CNY,CNY per US dollar,7.0864,LCU_per_USD,daily,CFETS_CNY_PARITY,USD/CNY Central Parity Rate - Historical Data,https://www.chinamoney.com.cn/ags/ms/cm-u-bk-ccpr/CcprHisNew,https://www.chinamoney.com.cn/english/bmkcpr/index.html?tab=2,2026-08-31T14:36:29.490062Z,none
2025-10-31,cny_fx,china,CHN,CNY,CNY per US dollar,7.088,LCU_per_USD,daily,CFETS_CNY_PARITY,USD/CNY Central Parity Rate - Historical Data,https://www.chinamoney.com.cn/ags/ms/cm-u-bk-ccpr/CcprHisNew,https://www.chinamoney.com.cn/english/bmkcpr/index.html?tab=2,2026-08-31T14:36:29.490062Z,none
2025-11-03,cny_fx,china,CHN,CNY,CNY per US dollar,7.0867,LCU_per_USD,daily,CFETS_CNY_PARITY,USD/CNY Central Parity Rate - Historical Data,https://www.chinamoney.com.cn/ags/ms/cm-u-bk-ccpr/CcprHisNew,https://www.chinamoney.com.cn/english/bmkcpr/index.html?tab=2,2026-08-31T14:36:29.719990Z,none
2025-11-04,cny_fx,china,CHN,CNY,CNY per US dollar,7.0885,LCU_per_USD,daily,CFETS_CNY_PARITY,USD/CNY Central Parity Rate - Historical Data,https://www.chinamoney.com.cn/ags/ms/cm-u-bk-ccpr/CcprHisNew,https://www.chinamoney.com.cn/english/bmkcpr/index.html?tab=2,2026-08-31T14:36:29.719990Z,none
2025-11-05,cny_fx,china,CHN,CNY,CNY per US dollar,7.0901,LCU_per_USD,daily,CFETS_CNY_PARITY,USD/CNY Central Parity Rate - Historical Data,https://www.chinamoney.com.cn/ags/ms/cm-u-bk-ccpr/CcprHisNew,https://www.chinamoney.com.cn/english/bmkcpr/index.html?tab=2,2026-08-31T14:36:29.719990Z,none
2025-11-06,cny_fx,china,CHN,CNY,CNY per US dollar,7.0865,LCU_per_USD,daily,CFETS_CNY_PARITY,USD/CNY Central Parity Rate - Historical Data,https://www.chinamoney.com.cn/ags/ms/cm-u-bk-ccpr/CcprHisNew,https://www.chinamoney.com.cn/english/bmkcpr/index.html?tab=2,2026-08-31T14:36:29.719990Z,none
2025-11-07,cny_fx,china,CHN,CNY,CNY per US dollar,7.0836,LCU_per_USD,daily,CFETS_CNY_PARITY,USD/CNY Central Parity Rate - Historical Data,https://www.chinamoney.com.cn/ags/ms/cm-u-bk-ccpr/CcprHisNew,https://www.chinamoney.com.cn/english/bmkcpr/index.html?tab=2,2026-08-31T14:36:29.719990Z,none
2025-11-10,cny_fx,china,CHN,CNY,CNY per US dollar,7.0856,LCU_per_USD,daily,CFETS_CNY_PARITY,USD/CNY Central Parity Rate - Historical Data,https://www.chinamoney.com.cn/ags/ms/cm-u-bk-ccpr/CcprHisNew,https://www.chinamoney.com.cn/english/bmkcpr/index.html?tab=2,2026-08-31T14:36:29.719990Z,none
2025-11-11,cny_fx,china,CHN,CNY,CNY per US dollar,7.0866,LCU_per_USD,daily,CFETS_CNY_PARITY,USD/CNY Central Parity Rate - Historical Data,https://www.chinamoney.com.cn/ags/ms/cm-u-bk-ccpr/CcprHisNew,https://www.chinamoney.com.cn/english/bmkcpr/index.html?tab=2,2026-08-31T14:36:29.719990Z,none
2025-11-12,cny_fx,china,CHN,CNY,CNY per US dollar,7.0833,LCU_per_USD,daily,CFETS_CNY_PARITY,USD/CNY Central Parity Rate - Historical Data,https://www.chinamoney.com.cn/ags/ms/cm-u-bk-ccpr/CcprHisNew,https://www.chinamoney.com.cn/english/bmkcpr/index.html?tab=2,2026-08-31T14:36:29.719990Z,none
2025-11-13,cny_fx,china,CHN,CNY,CNY per US dollar,7.0865,LCU_per_USD,daily,CFETS_CNY_PARITY,USD/CNY Central Parity Rate - Historical Data,https://www.chinamoney.com.cn/ags/ms/cm-u-bk-ccpr/CcprHisNew,https://www.chinamoney.com.cn/english/bmkcpr/index.html?tab=2,2026-08-31T14:36:29.719990Z,none
2025-11-14,cny_fx,china,CHN,CNY,CNY per US dollar,7.0825,LCU_per_USD,daily,CFETS_CNY_PARITY,USD/CNY Central Parity Rate - Historical Data,https://www.chinamoney.com.cn/ags/ms/cm-u-bk-ccpr/CcprHisNew,https://www.chinamoney.com.cn/english/bmkcpr/index.html?tab=2,2026-08-31T14:36:29.719990Z,none
2025-11-17,cny_fx,china,CHN,CNY,CNY per US dollar,7.0816,LCU_per_USD,daily,CFETS_CNY_PARITY,USD/CNY Central Parity Rate - Historical Data,https://www.chinamoney.com.cn/ags/ms/cm-u-bk-ccpr/CcprHisNew,https://www.chinamoney.com.cn/english/bmkcpr/index.html?tab=2,2026-08-31T14:36:29.719990Z,none
2025-11-18,cny_fx,china,CHN,CNY,CNY per US dollar,7.0856,LCU_per_USD,daily,CFETS_CNY_PARITY,USD/CNY Central Parity Rate - Historical Data,https://www.chinamoney.com.cn/ags/ms/cm-u-bk-ccpr/CcprHisNew,https://www.chinamoney.com.cn/english/bmkcpr/index.html?tab=2,2026-08-31T14:36:29.719990Z,none
2025-11-19,cny_fx,china,CHN,CNY,CNY per US dollar,7.0872,LCU_per_USD,daily,CFETS_CNY_PARITY,USD/CNY Central Parity Rate - Historical Data,https://www.chinamoney.com.cn/ags/ms/cm-u-bk-ccpr/CcprHisNew,https://www.chinamoney.com.cn/english/bmkcpr/index.html?tab=2,2026-08-31T14:36:29.719990Z,none
2025-11-20,cny_fx,china,CHN,CNY,CNY per US dollar,7.0905,LCU_per_USD,daily,CFETS_CNY_PARITY,USD/CNY Central Parity Rate - Historical Data,https://www.chinamoney.com.cn/ags/ms/cm-u-bk-ccpr/CcprHisNew,https://www.chinamoney.com.cn/english/bmkcpr/index.html?tab=2,2026-08-31T14:36:29.719990Z,none
2025-11-21,cny_fx,china,CHN,CNY,CNY per US dollar,7.0875,LCU_per_USD,daily,CFETS_CNY_PARITY,USD/CNY Central Parity Rate - Historical Data,https://www.chinamoney.com.cn/ags/ms/cm-u-bk-ccpr/CcprHisNew,https://www.chinamoney.com.cn/english/bmkcpr/index.html?tab=2,2026-08-31T14:36:29.719990Z,none
2025-11-24,cny_fx,china,CHN,CNY,CNY per US dollar,7.0847,LCU_per_USD,daily,CFETS_CNY_PARITY,USD/CNY Central Parity Rate - Historical Data,https://www.chinamoney.com.cn/ags/ms/cm-u-bk-ccpr/CcprHisNew,https://www.chinamoney.com.cn/english/bmkcpr/index.html?tab=2,2026-08-31T14:36:29.719990Z,none
2025-11-25,cny_fx,china,CHN,CNY,CNY per US dollar,7.0826,LCU_per_USD,daily,CFETS_CNY_PARITY,USD/CNY Central Parity Rate - Historical Data,https://www.chinamoney.com.cn/ags/ms/cm-u-bk-ccpr/CcprHisNew,https://www.chinamoney.com.cn/english/bmkcpr/index.html?tab=2,2026-08-31T14:36:29.719990Z,none
2025-11-26,cny_fx,china,CHN,CNY,CNY per US dollar,7.0796,LCU_per_USD,daily,CFETS_CNY_PARITY,USD/CNY Central Parity Rate - Historical Data,https://www.chinamoney.com.cn/ags/ms/cm-u-bk-ccpr/CcprHisNew,https://www.chinamoney.com.cn/english/bmkcpr/index.html?tab=2,2026-08-31T14:36:29.719990Z,none
2025-11-27,cny_fx,china,CHN,CNY,CNY per US dollar,7.0779,LCU_per_USD,daily,CFETS_CNY_PARITY,USD/CNY Central Parity Rate - Historical Data,https://www.chinamoney.com.cn/ags/ms/cm-u-bk-ccpr/CcprHisNew,https://www.chinamoney.com.cn/english/bmkcpr/index.html?tab=2,2026-08-31T14:36:29.719990Z,none
2025-11-28,cny_fx,china,CHN,CNY,CNY per US dollar,7.0789,LCU_per_USD,daily,CFETS_CNY_PARITY,USD/CNY Central Parity Rate - Historical Data,https://www.chinamoney.com.cn/ags/ms/cm-u-bk-ccpr/CcprHisNew,https://www.chinamoney.com.cn/english/bmkcpr/index.html?tab=2,2026-08-31T14:36:29.719990Z,none
2025-12-01,cny_fx,china,CHN,CNY,CNY per US dollar,7.0759,LCU_per_USD,daily,CFETS_CNY_PARITY,USD/CNY Central Parity Rate - Historical Data,https://www.chinamoney.com.cn/ags/ms/cm-u-bk-ccpr/CcprHisNew,https://www.chinamoney.com.cn/english/bmkcpr/index.html?tab=2,2026-08-31T14:36:29.929120Z,none
2025-12-02,cny_fx,china,CHN,CNY,CNY per US dollar,7.0794,LCU_per_USD,daily,CFETS_CNY_PARITY,USD/CNY Central Parity Rate - Historical Data,https://www.chinamoney.com.cn/ags/ms/cm-u-bk-ccpr/CcprHisNew,https://www.chinamoney.com.cn/english/bmkcpr/index.html?tab=2,2026-08-31T14:36:29.929120Z,none
2025-12-03,cny_fx,china,CHN,CNY,CNY per US dollar,7.0754,LCU_per_USD,daily,CFETS_CNY_PARITY,USD/CNY Central Parity Rate - Historical Data,https://www.chinamoney.com.cn/ags/ms/cm-u-bk-ccpr/CcprHisNew,https://www.chinamoney.com.cn/english/bmkcpr/index.html?tab=2,2026-08-31T14:36:29.929120Z,none
2025-12-04,cny_fx,china,CHN,CNY,CNY per US dollar,7.0733,LCU_per_USD,daily,CFETS_CNY_PARITY,USD/CNY Central Parity Rate - Historical Data,https://www.chinamoney.com.cn/ags/ms/cm-u-bk-ccpr/CcprHisNew,https://www.chinamoney.com.cn/english/bmkcpr/index.html?tab=2,2026-08-31T14:36:29.929120Z,none
2025-12-05,cny_fx,china,CHN,CNY,CNY per US dollar,7.0749,LCU_per_USD,daily,CFETS_CNY_PARITY,USD/CNY Central Parity Rate - Historical Data,https://www.chinamoney.com.cn/ags/ms/cm-u-bk-ccpr/CcprHisNew,https://www.chinamoney.com.cn/english/bmkcpr/index.html?tab=2,2026-08-31T14:36:29.929120Z,none
2025-12-08,cny_fx,china,CHN,CNY,CNY per US dollar,7.0764,LCU_per_USD,daily,CFETS_CNY_PARITY,USD/CNY Central Parity Rate - Historical Data,https://www.chinamoney.com.cn/ags/ms/cm-u-bk-ccpr/CcprHisNew,https://www.chinamoney.com.cn/english/bmkcpr/index.html?tab=2,2026-08-31T14:36:29.929120Z,none
2025-12-09,cny_fx,china,CHN,CNY,CNY per US dollar,7.0773,LCU_per_USD,daily,CFETS_CNY_PARITY,USD/CNY Central Parity Rate - Historical Data,https://www.chinamoney.com.cn/ags/ms/cm-u-bk-ccpr/CcprHisNew,https://www.chinamoney.com.cn/english/bmkcpr/index.html?tab=2,2026-08-31T14:36:29.929120Z,none
2025-12-10,cny_fx,china,CHN,CNY,CNY per US dollar,7.0753,LCU_per_USD,daily,CFETS_CNY_PARITY,USD/CNY Central Parity Rate - Historical Data,https://www.chinamoney.com.cn/ags/ms/cm-u-bk-ccpr/CcprHisNew,https://www.chinamoney.com.cn/english/bmkcpr/index.html?tab=2,2026-08-31T14:36:29.929120Z,none
2025-12-11,cny_fx,china,CHN,CNY,CNY per US dollar,7.0686,LCU_per_USD,daily,CFETS_CNY_PARITY,USD/CNY Central Parity Rate - Historical Data,https://www.chinamoney.com.cn/ags/ms/cm-u-bk-ccpr/CcprHisNew,https://www.chinamoney.com.cn/english/bmkcpr/index.html?tab=2,2026-08-31T14:36:29.929120Z,none
2025-12-12,cny_fx,china,CHN,CNY,CNY per US dollar,7.0638,LCU_per_USD,daily,CFETS_CNY_PARITY,USD/CNY Central Parity Rate - Historical Data,https://www.chinamoney.com.cn/ags/ms/cm-u-bk-ccpr/CcprHisNew,https://www.chinamoney.com.cn/english/bmkcpr/index.html?tab=2,2026-08-31T14:36:29.929120Z,none
2025-12-15,cny_fx,china,CHN,CNY,CNY per US dollar,7.0656,LCU_per_USD,daily,CFETS_CNY_PARITY,USD/CNY Central Parity Rate - Historical Data,https://www.chinamoney.com.cn/ags/ms/cm-u-bk-ccpr/CcprHisNew,https://www.chinamoney.com.cn/english/bmkcpr/index.html?tab=2,2026-08-31T14:36:29.929120Z,none
2025-12-16,cny_fx,china,CHN,CNY,CNY per US dollar,7.0602,LCU_per_USD,daily,CFETS_CNY_PARITY,USD/CNY Central Parity Rate - Historical Data,https://www.chinamoney.com.cn/ags/ms/cm-u-bk-ccpr/CcprHisNew,https://www.chinamoney.com.cn/english/bmkcpr/index.html?tab=2,2026-08-31T14:36:29.929120Z,none
2025-12-17,cny_fx,china,CHN,CNY,CNY per US dollar,7.0573,LCU_per_USD,daily,CFETS_CNY_PARITY,USD/CNY Central Parity Rate - Historical Data,https://www.chinamoney.com.cn/ags/ms/cm-u-bk-ccpr/CcprHisNew,https://www.chinamoney.com.cn/english/bmkcpr/index.html?tab=2,2026-08-31T14:36:29.929120Z,none
2025-12-18,cny_fx,china,CHN,CNY,CNY per US dollar,7.0583,LCU_per_USD,daily,CFETS_CNY_PARITY,USD/CNY Central Parity Rate - Historical Data,https://www.chinamoney.com.cn/ags/ms/cm-u-bk-ccpr/CcprHisNew,https://www.chinamoney.com.cn/english/bmkcpr/index.html?tab=2,2026-08-31T14:36:29.929120Z,none
2025-12-19,cny_fx,china,CHN,CNY,CNY per US dollar,7.055,LCU_per_USD,daily,CFETS_CNY_PARITY,USD/CNY Central Parity Rate - Historical Data,https://www.chinamoney.com.cn/ags/ms/cm-u-bk-ccpr/CcprHisNew,https://www.chinamoney.com.cn/english/bmkcpr/index.html?tab=2,2026-08-31T14:36:29.929120Z,none
2025-12-22,cny_fx,china,CHN,CNY,CNY per US dollar,7.0572,LCU_per_USD,daily,CFETS_CNY_PARITY,USD/CNY Central Parity Rate - Historical Data,https://www.chinamoney.com.cn/ags/ms/cm-u-bk-ccpr/CcprHisNew,https://www.chinamoney.com.cn/english/bmkcpr/index.html?tab=2,2026-08-31T14:36:29.929120Z,none
2025-12-23,cny_fx,china,CHN,CNY,CNY per US dollar,7.0523,LCU_per_USD,daily,CFETS_CNY_PARITY,USD/CNY Central Parity Rate - Historical Data,https://www.chinamoney.com.cn/ags/ms/cm-u-bk-ccpr/CcprHisNew,https://www.chinamoney.com.cn/english/bmkcpr/index.html?tab=2,2026-08-31T14:36:29.929120Z,none
2025-12-24,cny_fx,china,CHN,CNY,CNY per US dollar,7.0471,LCU_per_USD,daily,CFETS_CNY_PARITY,USD/CNY Central Parity Rate - Historical Data,https://www.chinamoney.com.cn/ags/ms/cm-u-bk-ccpr/CcprHisNew,https://www.chinamoney.com.cn/english/bmkcpr/index.html?tab=2,2026-08-31T14:36:29.929120Z,none
2025-12-25,cny_fx,china,CHN,CNY,CNY per US dollar,7.0392,LCU_per_USD,daily,CFETS_CNY_PARITY,USD/CNY Central Parity Rate - Historical Data,https://www.chinamoney.com.cn/ags/ms/cm-u-bk-ccpr/CcprHisNew,https://www.chinamoney.com.cn/english/bmkcpr/index.html?tab=2,2026-08-31T14:36:29.929120Z,none
2025-12-26,cny_fx,china,CHN,CNY,CNY per US dollar,7.0358,LCU_per_USD,daily,CFETS_CNY_PARITY,USD/CNY Central Parity Rate - Historical Data,https://www.chinamoney.com.cn/ags/ms/cm-u-bk-ccpr/CcprHisNew,https://www.chinamoney.com.cn/english/bmkcpr/index.html?tab=2,2026-08-31T14:36:29.929120Z,none
2025-12-29,cny_fx,china,CHN,CNY,CNY per US dollar,7.0331,LCU_per_USD,daily,CFETS_CNY_PARITY,USD/CNY Central Parity Rate - Historical Data,https://www.chinamoney.com.cn/ags/ms/cm-u-bk-ccpr/CcprHisNew,https://www.chinamoney.com.cn/english/bmkcpr/index.html?tab=2,2026-08-31T14:36:29.929120Z,none
2025-12-30,cny_fx,china,CHN,CNY,CNY per US dollar,7.0348,LCU_per_USD,daily,CFETS_CNY_PARITY,USD/CNY Central Parity Rate - Historical Data,https://www.chinamoney.com.cn/ags/ms/cm-u-bk-ccpr/CcprHisNew,https://www.chinamoney.com.cn/english/bmkcpr/index.html?tab=2,2026-08-31T14:36:29.929120Z,none
2025-12-31,cny_fx,china,CHN,CNY,CNY per US dollar,7.0288,LCU_per_USD,daily,CFETS_CNY_PARITY,USD/CNY Central Parity Rate - Historical Data,https://www.chinamoney.com.cn/ags/ms/cm-u-bk-ccpr/CcprHisNew,https://www.chinamoney.com.cn/english/bmkcpr/index.html?tab=2,2026-08-31T14:36:29.929120Z,none
2026-01-05,cny_fx,china,CHN,CNY,CNY per US dollar,7.023,LCU_per_USD,daily,CFETS_CNY_PARITY,USD/CNY Central Parity Rate - Historical Data,https://www.chinamoney.com.cn/ags/ms/cm-u-bk-ccpr/CcprHisNew,https://www.chinamoney.com.cn/english/bmkcpr/index.html?tab=2,2026-08-31T14:36:30.149559Z,none
2026-01-06,cny_fx,china,CHN,CNY,CNY per US dollar,7.0173,LCU_per_USD,daily,CFETS_CNY_PARITY,USD/CNY Central Parity Rate - Historical Data,https://www.chinamoney.com.cn/ags/ms/cm-u-bk-ccpr/CcprHisNew,https://www.chinamoney.com.cn/english/bmkcpr/index.html?tab=2,2026-08-31T14:36:30.149559Z,none
2026-01-07,cny_fx,china,CHN,CNY,CNY per US dollar,7.0187,LCU_per_USD,daily,CFETS_CNY_PARITY,USD/CNY Central Parity Rate - Historical Data,https://www.chinamoney.com.cn/ags/ms/cm-u-bk-ccpr/CcprHisNew,https://www.chinamoney.com.cn/english/bmkcpr/index.html?tab=2,2026-08-31T14:36:30.149559Z,none
2026-01-08,cny_fx,china,CHN,CNY,CNY per US dollar,7.0197,LCU_per_USD,daily,CFETS_CNY_PARITY,USD/CNY Central Parity Rate - Historical Data,https://www.chinamoney.com.cn/ags/ms/cm-u-bk-ccpr/CcprHisNew,https://www.chinamoney.com.cn/english/bmkcpr/index.html?tab=2,2026-08-31T14:36:30.149559Z,none
2026-01-09,cny_fx,china,CHN,CNY,CNY per US dollar,7.0128,LCU_per_USD,daily,CFETS_CNY_PARITY,USD/CNY Central Parity Rate - Historical Data,https://www.chinamoney.com.cn/ags/ms/cm-u-bk-ccpr/CcprHisNew,https://www.chinamoney.com.cn/english/bmkcpr/index.html?tab=2,2026-08-31T14:36:30.149559Z,none
2026-01-12,cny_fx,china,CHN,CNY,CNY per US dollar,7.0108,LCU_per_USD,daily,CFETS_CNY_PARITY,USD/CNY Central Parity Rate - Historical Data,https://www.chinamoney.com.cn/ags/ms/cm-u-bk-ccpr/CcprHisNew,https://www.chinamoney.com.cn/english/bmkcpr/index.html?tab=2,2026-08-31T14:36:30.149559Z,none
2026-01-13,cny_fx,china,CHN,CNY,CNY per US dollar,7.0103,LCU_per_USD,daily,CFETS_CNY_PARITY,USD/CNY Central Parity Rate - Historical Data,https://www.chinamoney.com.cn/ags/ms/cm-u-bk-ccpr/CcprHisNew,https://www.chinamoney.com.cn/english/bmkcpr/index.html?tab=2,2026-08-31T14:36:30.149559Z,none
2026-01-14,cny_fx,china,CHN,CNY,CNY per US dollar,7.012,LCU_per_USD,daily,CFETS_CNY_PARITY,USD/CNY Central Parity Rate - Historical Data,https://www.chinamoney.com.cn/ags/ms/cm-u-bk-ccpr/CcprHisNew,https://www.chinamoney.com.cn/english/bmkcpr/index.html?tab=2,2026-08-31T14:36:30.149559Z,none
2026-01-15,cny_fx,china,CHN,CNY,CNY per US dollar,7.0064,LCU_per_USD,daily,CFETS_CNY_PARITY,USD/CNY Central Parity Rate - Historical Data,https://www.chinamoney.com.cn/ags/ms/cm-u-bk-ccpr/CcprHisNew,https://www.chinamoney.com.cn/english/bmkcpr/index.html?tab=2,2026-08-31T14:36:30.149559Z,none
2026-01-16,cny_fx,china,CHN,CNY,CNY per US dollar,7.0078,LCU_per_USD,daily,CFETS_CNY_PARITY,USD/CNY Central Parity Rate - Historical Data,https://www.chinamoney.com.cn/ags/ms/cm-u-bk-ccpr/CcprHisNew,https://www.chinamoney.com.cn/english/bmkcpr/index.html?tab=2,2026-08-31T14:36:30.149559Z,none
2026-01-19,cny_fx,china,CHN,CNY,CNY per US dollar,7.0051,LCU_per_USD,daily,CFETS_CNY_PARITY,USD/CNY Central Parity Rate - Historical Data,https://www.chinamoney.com.cn/ags/ms/cm-u-bk-ccpr/CcprHisNew,https://www.chinamoney.com.cn/english/bmkcpr/index.html?tab=2,2026-08-31T14:36:30.149559Z,none
2026-01-20,cny_fx,china,CHN,CNY,CNY per US dollar,7.0006,LCU_per_USD,daily,CFETS_CNY_PARITY,USD/CNY Central Parity Rate - Historical Data,https://www.chinamoney.com.cn/ags/ms/cm-u-bk-ccpr/CcprHisNew,https://www.chinamoney.com.cn/english/bmkcpr/index.html?tab=2,2026-08-31T14:36:30.149559Z,none
2026-01-21,cny_fx,china,CHN,CNY,CNY per US dollar,7.0014,LCU_per_USD,daily,CFETS_CNY_PARITY,USD/CNY Central Parity Rate - Historical Data,https://www.chinamoney.com.cn/ags/ms/cm-u-bk-ccpr/CcprHisNew,https://www.chinamoney.com.cn/english/bmkcpr/index.html?tab=2,2026-08-31T14:36:30.149559Z,none
2026-01-22,cny_fx,china,CHN,CNY,CNY per US dollar,7.0019,LCU_per_USD,daily,CFETS_CNY_PARITY,USD/CNY Central Parity Rate - Historical Data,https://www.chinamoney.com.cn/ags/ms/cm-u-bk-ccpr/CcprHisNew,https://www.chinamoney.com.cn/english/bmkcpr/index.html?tab=2,2026-08-31T14:36:30.149559Z,none
2026-01-23,cny_fx,china,CHN,CNY,CNY per US dollar,6.9929,LCU_per_USD,daily,CFETS_CNY_PARITY,USD/CNY Central Parity Rate - Historical Data,https://www.chinamoney.com.cn/ags/ms/cm-u-bk-ccpr/CcprHisNew,https://www.chinamoney.com.cn/english/bmkcpr/index.html?tab=2,2026-08-31T14:36:30.149559Z,none
2026-01-26,cny_fx,china,CHN,CNY,CNY per US dollar,6.9843,LCU_per_USD,daily,CFETS_CNY_PARITY,USD/CNY Central Parity Rate - Historical Data,https://www.chinamoney.com.cn/ags/ms/cm-u-bk-ccpr/CcprHisNew,https://www.chinamoney.com.cn/english/bmkcpr/index.html?tab=2,2026-08-31T14:36:30.149559Z,none
2026-01-27,cny_fx,china,CHN,CNY,CNY per US dollar,6.9858,LCU_per_USD,daily,CFETS_CNY_PARITY,USD/CNY Central Parity Rate - Historical Data,https://www.chinamoney.com.cn/ags/ms/cm-u-bk-ccpr/CcprHisNew,https://www.chinamoney.com.cn/english/bmkcpr/index.html?tab=2,2026-08-31T14:36:30.149559Z,none
2026-01-28,cny_fx,china,CHN,CNY,CNY per US dollar,6.9755,LCU_per_USD,daily,CFETS_CNY_PARITY,USD/CNY Central Parity Rate - Historical Data,https://www.chinamoney.com.cn/ags/ms/cm-u-bk-ccpr/CcprHisNew,https://www.chinamoney.com.cn/english/bmkcpr/index.html?tab=2,2026-08-31T14:36:30.149559Z,none
2026-01-29,cny_fx,china,CHN,CNY,CNY per US dollar,6.9771,LCU_per_USD,daily,CFETS_CNY_PARITY,USD/CNY Central Parity Rate - Historical Data,https://www.chinamoney.com.cn/ags/ms/cm-u-bk-ccpr/CcprHisNew,https://www.chinamoney.com.cn/english/bmkcpr/index.html?tab=2,2026-08-31T14:36:30.149559Z,none
2026-01-30,cny_fx,china,CHN,CNY,CNY per US dollar,6.9678,LCU_per_USD,daily,CFETS_CNY_PARITY,USD/CNY Central Parity Rate - Historical Data,https://www.chinamoney.com.cn/ags/ms/cm-u-bk-ccpr/CcprHisNew,https://www.chinamoney.com.cn/english/bmkcpr/index.html?tab=2,2026-08-31T14:36:30.149559Z,none
2026-02-02,cny_fx,china,CHN,CNY,CNY per US dollar,6.9695,LCU_per_USD,daily,CFETS_CNY_PARITY,USD/CNY Central Parity Rate - Historical Data,https://www.chinamoney.com.cn/ags/ms/cm-u-bk-ccpr/CcprHisNew,https://www.chinamoney.com.cn/english/bmkcpr/index.html?tab=2,2026-08-31T14:36:30.354925Z,none
2026-02-03,cny_fx,china,CHN,CNY,CNY per US dollar,6.9608,LCU_per_USD,daily,CFETS_CNY_PARITY,USD/CNY Central Parity Rate - Historical Data,https://www.chinamoney.com.cn/ags/ms/cm-u-bk-ccpr/CcprHisNew,https://www.chinamoney.com.cn/english/bmkcpr/index.html?tab=2,2026-08-31T14:36:30.354925Z,none
2026-02-04,cny_fx,china,CHN,CNY,CNY per US dollar,6.9533,LCU_per_USD,daily,CFETS_CNY_PARITY,USD/CNY Central Parity Rate - Historical Data,https://www.chinamoney.com.cn/ags/ms/cm-u-bk-ccpr/CcprHisNew,https://www.chinamoney.com.cn/english/bmkcpr/index.html?tab=2,2026-08-31T14:36:30.354925Z,none
2026-02-05,cny_fx,china,CHN,CNY,CNY per US dollar,6.957,LCU_per_USD,daily,CFETS_CNY_PARITY,USD/CNY Central Parity Rate - Historical Data,https://www.chinamoney.com.cn/ags/ms/cm-u-bk-ccpr/CcprHisNew,https://www.chinamoney.com.cn/english/bmkcpr/index.html?tab=2,2026-08-31T14:36:30.354925Z,none
2026-02-06,cny_fx,china,CHN,CNY,CNY per US dollar,6.959,LCU_per_USD,daily,CFETS_CNY_PARITY,USD/CNY Central Parity Rate - Historical Data,https://www.chinamoney.com.cn/ags/ms/cm-u-bk-ccpr/CcprHisNew,https://www.chinamoney.com.cn/english/bmkcpr/index.html?tab=2,2026-08-31T14:36:30.354925Z,none
2026-02-09,cny_fx,china,CHN,CNY,CNY per US dollar,6.9523,LCU_per_USD,daily,CFETS_CNY_PARITY,USD/CNY Central Parity Rate - Historical Data,https://www.chinamoney.com.cn/ags/ms/cm-u-bk-ccpr/CcprHisNew,https://www.chinamoney.com.cn/english/bmkcpr/index.html?tab=2,2026-08-31T14:36:30.354925Z,none
2026-02-10,cny_fx,china,CHN,CNY,CNY per US dollar,6.9458,LCU_per_USD,daily,CFETS_CNY_PARITY,USD/CNY Central Parity Rate - Historical Data,https://www.chinamoney.com.cn/ags/ms/cm-u-bk-ccpr/CcprHisNew,https://www.chinamoney.com.cn/english/bmkcpr/index.html?tab=2,2026-08-31T14:36:30.354925Z,none
2026-02-11,cny_fx,china,CHN,CNY,CNY per US dollar,6.9438,LCU_per_USD,daily,CFETS_CNY_PARITY,USD/CNY Central Parity Rate - Historical Data,https://www.chinamoney.com.cn/ags/ms/cm-u-bk-ccpr/CcprHisNew,https://www.chinamoney.com.cn/english/bmkcpr/index.html?tab=2,2026-08-31T14:36:30.354925Z,none
2026-02-12,cny_fx,china,CHN,CNY,CNY per US dollar,6.9457,LCU_per_USD,daily,CFETS_CNY_PARITY,USD/CNY Central Parity Rate - Historical Data,https://www.chinamoney.com.cn/ags/ms/cm-u-bk-ccpr/CcprHisNew,https://www.chinamoney.com.cn/english/bmkcpr/index.html?tab=2,2026-08-31T14:36:30.354925Z,none
2026-02-13,cny_fx,china,CHN,CNY,CNY per US dollar,6.9398,LCU_per_USD,daily,CFETS_CNY_PARITY,USD/CNY Central Parity Rate - Historical Data,https://www.chinamoney.com.cn/ags/ms/cm-u-bk-ccpr/CcprHisNew,https://www.chinamoney.com.cn/english/bmkcpr/index.html?tab=2,2026-08-31T14:36:30.354925Z,none
2026-02-24,cny_fx,china,CHN,CNY,CNY per US dollar,6.9414,LCU_per_USD,daily,CFETS_CNY_PARITY,USD/CNY Central Parity Rate - Historical Data,https://www.chinamoney.com.cn/ags/ms/cm-u-bk-ccpr/CcprHisNew,https://www.chinamoney.com.cn/english/bmkcpr/index.html?tab=2,2026-08-31T14:36:30.354925Z,none
2026-02-25,cny_fx,china,CHN,CNY,CNY per US dollar,6.9321,LCU_per_USD,daily,CFETS_CNY_PARITY,USD/CNY Central Parity Rate - Historical Data,https://www.chinamoney.com.cn/ags/ms/cm-u-bk-ccpr/CcprHisNew,https://www.chinamoney.com.cn/english/bmkcpr/index.html?tab=2,2026-08-31T14:36:30.354925Z,none
2026-02-26,cny_fx,china,CHN,CNY,CNY per US dollar,6.9228,LCU_per_USD,daily,CFETS_CNY_PARITY,USD/CNY Central Parity Rate - Historical Data,https://www.chinamoney.com.cn/ags/ms/cm-u-bk-ccpr/CcprHisNew,https://www.chinamoney.com.cn/english/bmkcpr/index.html?tab=2,2026-08-31T14:36:30.354925Z,none
2026-02-27,cny_fx,china,CHN,CNY,CNY per US dollar,6.9228,LCU_per_USD,daily,CFETS_CNY_PARITY,USD/CNY Central Parity Rate - Historical Data,https://www.chinamoney.com.cn/ags/ms/cm-u-bk-ccpr/CcprHisNew,https://www.chinamoney.com.cn/english/bmkcpr/index.html?tab=2,2026-08-31T14:36:30.354925Z,none
2026-03-02,cny_fx,china,CHN,CNY,CNY per US dollar,6.9236,LCU_per_USD,daily,CFETS_CNY_PARITY,USD/CNY Central Parity Rate - Historical Data,https://www.chinamoney.com.cn/ags/ms/cm-u-bk-ccpr/CcprHisNew,https://www.chinamoney.com.cn/english/bmkcpr/index.html?tab=2,2026-08-31T14:36:30.604657Z,none
2026-03-03,cny_fx,china,CHN,CNY,CNY per US dollar,6.9088,LCU_per_USD,daily,CFETS_CNY_PARITY,USD/CNY Central Parity Rate - Historical Data,https://www.chinamoney.com.cn/ags/ms/cm-u-bk-ccpr/CcprHisNew,https://www.chinamoney.com.cn/english/bmkcpr/index.html?tab=2,2026-08-31T14:36:30.604657Z,none
2026-03-04,cny_fx,china,CHN,CNY,CNY per US dollar,6.9124,LCU_per_USD,daily,CFETS_CNY_PARITY,USD/CNY Central Parity Rate - Historical Data,https://www.chinamoney.com.cn/ags/ms/cm-u-bk-ccpr/CcprHisNew,https://www.chinamoney.com.cn/english/bmkcpr/index.html?tab=2,2026-08-31T14:36:30.604657Z,none
2026-03-05,cny_fx,china,CHN,CNY,CNY per US dollar,6.9007,LCU_per_USD,daily,CFETS_CNY_PARITY,USD/CNY Central Parity Rate - Historical Data,https://www.chinamoney.com.cn/ags/ms/cm-u-bk-ccpr/CcprHisNew,https://www.chinamoney.com.cn/english/bmkcpr/index.html?tab=2,2026-08-31T14:36:30.604657Z,none
2026-03-06,cny_fx,china,CHN,CNY,CNY per US dollar,6.9025,LCU_per_USD,daily,CFETS_CNY_PARITY,USD/CNY Central Parity Rate - Historical Data,https://www.chinamoney.com.cn/ags/ms/cm-u-bk-ccpr/CcprHisNew,https://www.chinamoney.com.cn/english/bmkcpr/index.html?tab=2,2026-08-31T14:36:30.604657Z,none
2026-03-09,cny_fx,china,CHN,CNY,CNY per US dollar,6.9158,LCU_per_USD,daily,CFETS_CNY_PARITY,USD/CNY Central Parity Rate - Historical Data,https://www.chinamoney.com.cn/ags/ms/cm-u-bk-ccpr/CcprHisNew,https://www.chinamoney.com.cn/english/bmkcpr/index.html?tab=2,2026-08-31T14:36:30.604657Z,none
2026-03-10,cny_fx,china,CHN,CNY,CNY per US dollar,6.8982,LCU_per_USD,daily,CFETS_CNY_PARITY,USD/CNY Central Parity Rate - Historical Data,https://www.chinamoney.com.cn/ags/ms/cm-u-bk-ccpr/CcprHisNew,https://www.chinamoney.com.cn/english/bmkcpr/index.html?tab=2,2026-08-31T14:36:30.604657Z,none
2026-03-11,cny_fx,china,CHN,CNY,CNY per US dollar,6.8917,LCU_per_USD,daily,CFETS_CNY_PARITY,USD/CNY Central Parity Rate - Historical Data,https://www.chinamoney.com.cn/ags/ms/cm-u-bk-ccpr/CcprHisNew,https://www.chinamoney.com.cn/english/bmkcpr/index.html?tab=2,2026-08-31T14:36:30.604657Z,none
2026-03-12,cny_fx,china,CHN,CNY,CNY per US dollar,6.8959,LCU_per_USD,daily,CFETS_CNY_PARITY,USD/CNY Central Parity Rate - Historical Data,https://www.chinamoney.com.cn/ags/ms/cm-u-bk-ccpr/CcprHisNew,https://www.chinamoney.com.cn/english/bmkcpr/index.html?tab=2,2026-08-31T14:36:30.604657Z,none
2026-03-13,cny_fx,china,CHN,CNY,CNY per US dollar,6.9007,LCU_per_USD,daily,CFETS_CNY_PARITY,USD/CNY Central Parity Rate - Historical Data,https://www.chinamoney.com.cn/ags/ms/cm-u-bk-ccpr/CcprHisNew,https://www.chinamoney.com.cn/english/bmkcpr/index.html?tab=2,2026-08-31T14:36:30.604657Z,none
2026-03-16,cny_fx,china,CHN,CNY,CNY per US dollar,6.9057,LCU_per_USD,daily,CFETS_CNY_PARITY,USD/CNY Central Parity Rate - Historical Data,https://www.chinamoney.com.cn/ags/ms/cm-u-bk-ccpr/CcprHisNew,https://www.chinamoney.com.cn/english/bmkcpr/index.html?tab=2,2026-08-31T14:36:30.604657Z,none
2026-03-17,cny_fx,china,CHN,CNY,CNY per US dollar,6.8961,LCU_per_USD,daily,CFETS_CNY_PARITY,USD/CNY Central Parity Rate - Historical Data,https://www.chinamoney.com.cn/ags/ms/cm-u-bk-ccpr/CcprHisNew,https://www.chinamoney.com.cn/english/bmkcpr/index.html?tab=2,2026-08-31T14:36:30.604657Z,none
2026-03-18,cny_fx,china,CHN,CNY,CNY per US dollar,6.8909,LCU_per_USD,daily,CFETS_CNY_PARITY,USD/CNY Central Parity Rate - Historical Data,https://www.chinamoney.com.cn/ags/ms/cm-u-bk-ccpr/CcprHisNew,https://www.chinamoney.com.cn/english/bmkcpr/index.html?tab=2,2026-08-31T14:36:30.604657Z,none
2026-03-19,cny_fx,china,CHN,CNY,CNY per US dollar,6.8975,LCU_per_USD,daily,CFETS_CNY_PARITY,USD/CNY Central Parity Rate - Historical Data,https://www.chinamoney.com.cn/ags/ms/cm-u-bk-ccpr/CcprHisNew,https://www.chinamoney.com.cn/english/bmkcpr/index.html?tab=2,2026-08-31T14:36:30.604657Z,none
2026-03-20,cny_fx,china,CHN,CNY,CNY per US dollar,6.8898,LCU_per_USD,daily,CFETS_CNY_PARITY,USD/CNY Central Parity Rate - Historical Data,https://www.chinamoney.com.cn/ags/ms/cm-u-bk-ccpr/CcprHisNew,https://www.chinamoney.com.cn/english/bmkcpr/index.html?tab=2,2026-08-31T14:36:30.604657Z,none
2026-03-23,cny_fx,china,CHN,CNY,CNY per US dollar,6.9041,LCU_per_USD,daily,CFETS_CNY_PARITY,USD/CNY Central Parity Rate - Historical Data,https://www.chinamoney.com.cn/ags/ms/cm-u-bk-ccpr/CcprHisNew,https://www.chinamoney.com.cn/english/bmkcpr/index.html?tab=2,2026-08-31T14:36:30.604657Z,none
2026-03-24,cny_fx,china,CHN,CNY,CNY per US dollar,6.8943,LCU_per_USD,daily,CFETS_CNY_PARITY,USD/CNY Central Parity Rate - Historical Data,https://www.chinamoney.com.cn/ags/ms/cm-u-bk-ccpr/CcprHisNew,https://www.chinamoney.com.cn/english/bmkcpr/index.html?tab=2,2026-08-31T14:36:30.604657Z,none
2026-03-25,cny_fx,china,CHN,CNY,CNY per US dollar,6.8911,LCU_per_USD,daily,CFETS_CNY_PARITY,USD/CNY Central Parity Rate - Historical Data,https://www.chinamoney.com.cn/ags/ms/cm-u-bk-ccpr/CcprHisNew,https://www.chinamoney.com.cn/english/bmkcpr/index.html?tab=2,2026-08-31T14:36:30.604657Z,none
2026-03-26,cny_fx,china,CHN,CNY,CNY per US dollar,6.9056,LCU_per_USD,daily,CFETS_CNY_PARITY,USD/CNY Central Parity Rate - Historical Data,https://www.chinamoney.com.cn/ags/ms/cm-u-bk-ccpr/CcprHisNew,https://www.chinamoney.com.cn/english/bmkcpr/index.html?tab=2,2026-08-31T14:36:30.604657Z,none
2026-03-27,cny_fx,china,CHN,CNY,CNY per US dollar,6.9141,LCU_per_USD,daily,CFETS_CNY_PARITY,USD/CNY Central Parity Rate - Historical Data,https://www.chinamoney.com.cn/ags/ms/cm-u-bk-ccpr/CcprHisNew,https://www.chinamoney.com.cn/english/bmkcpr/index.html?tab=2,2026-08-31T14:36:30.604657Z,none
2026-03-30,cny_fx,china,CHN,CNY,CNY per US dollar,6.9223,LCU_per_USD,daily,CFETS_CNY_PARITY,USD/CNY Central Parity Rate - Historical Data,https://www.chinamoney.com.cn/ags/ms/cm-u-bk-ccpr/CcprHisNew,https://www.chinamoney.com.cn/english/bmkcpr/index.html?tab=2,2026-08-31T14:36:30.604657Z,none
2026-03-31,cny_fx,china,CHN,CNY,CNY per US dollar,6.9194,LCU_per_USD,daily,CFETS_CNY_PARITY,USD/CNY Central Parity Rate - Historical Data,https://www.chinamoney.com.cn/ags/ms/cm-u-bk-ccpr/CcprHisNew,https://www.chinamoney.com.cn/english/bmkcpr/index.html?tab=2,2026-08-31T14:36:30.604657Z,none
2026-04-01,cny_fx,china,CHN,CNY,CNY per US dollar,6.9025,LCU_per_USD,daily,CFETS_CNY_PARITY,USD/CNY Central Parity Rate - Historical Data,https://www.chinamoney.com.cn/ags/ms/cm-u-bk-ccpr/CcprHisNew,https://www.chinamoney.com.cn/english/bmkcpr/index.html?tab=2,2026-08-31T14:36:30.834836Z,none
2026-04-02,cny_fx,china,CHN,CNY,CNY per US dollar,6.888,LCU_per_USD,daily,CFETS_CNY_PARITY,USD/CNY Central Parity Rate - Historical Data,https://www.chinamoney.com.cn/ags/ms/cm-u-bk-ccpr/CcprHisNew,https://www.chinamoney.com.cn/english/bmkcpr/index.html?tab=2,2026-08-31T14:36:30.834836Z,none
2026-04-03,cny_fx,china,CHN,CNY,CNY per US dollar,6.8929,LCU_per_USD,daily,CFETS_CNY_PARITY,USD/CNY Central Parity Rate - Historical Data,https://www.chinamoney.com.cn/ags/ms/cm-u-bk-ccpr/CcprHisNew,https://www.chinamoney.com.cn/english/bmkcpr/index.html?tab=2,2026-08-31T14:36:30.834836Z,none
2026-04-07,cny_fx,china,CHN,CNY,CNY per US dollar,6.8854,LCU_per_USD,daily,CFETS_CNY_PARITY,USD/CNY Central Parity Rate - Historical Data,https://www.chinamoney.com.cn/ags/ms/cm-u-bk-ccpr/CcprHisNew,https://www.chinamoney.com.cn/english/bmkcpr/index.html?tab=2,2026-08-31T14:36:30.834836Z,none
2026-04-08,cny_fx,china,CHN,CNY,CNY per US dollar,6.868,LCU_per_USD,daily,CFETS_CNY_PARITY,USD/CNY Central Parity Rate - Historical Data,https://www.chinamoney.com.cn/ags/ms/cm-u-bk-ccpr/CcprHisNew,https://www.chinamoney.com.cn/english/bmkcpr/index.html?tab=2,2026-08-31T14:36:30.834836Z,none
2026-04-09,cny_fx,china,CHN,CNY,CNY per US dollar,6.8649,LCU_per_USD,daily,CFETS_CNY_PARITY,USD/CNY Central Parity Rate - Historical Data,https://www.chinamoney.com.cn/ags/ms/cm-u-bk-ccpr/CcprHisNew,https://www.chinamoney.com.cn/english/bmkcpr/index.html?tab=2,2026-08-31T14:36:30.834836Z,none
2026-04-10,cny_fx,china,CHN,CNY,CNY per US dollar,6.8654,LCU_per_USD,daily,CFETS_CNY_PARITY,USD/CNY Central Parity Rate - Historical Data,https://www.chinamoney.com.cn/ags/ms/cm-u-bk-ccpr/CcprHisNew,https://www.chinamoney.com.cn/english/bmkcpr/index.html?tab=2,2026-08-31T14:36:30.834836Z,none
2026-04-13,cny_fx,china,CHN,CNY,CNY per US dollar,6.8657,LCU_per_USD,daily,CFETS_CNY_PARITY,USD/CNY Central Parity Rate - Historical Data,https://www.chinamoney.com.cn/ags/ms/cm-u-bk-ccpr/CcprHisNew,https://www.chinamoney.com.cn/english/bmkcpr/index.html?tab=2,2026-08-31T14:36:30.834836Z,none
2026-04-14,cny_fx,china,CHN,CNY,CNY per US dollar,6.8593,LCU_per_USD,daily,CFETS_CNY_PARITY,USD/CNY Central Parity Rate - Historical Data,https://www.chinamoney.com.cn/ags/ms/cm-u-bk-ccpr/CcprHisNew,https://www.chinamoney.com.cn/english/bmkcpr/index.html?tab=2,2026-08-31T14:36:30.834836Z,none
2026-04-15,cny_fx,china,CHN,CNY,CNY per US dollar,6.8582,LCU_per_USD,daily,CFETS_CNY_PARITY,USD/CNY Central Parity Rate - Historical Data,https://www.chinamoney.com.cn/ags/ms/cm-u-bk-ccpr/CcprHisNew,https://www.chinamoney.com.cn/english/bmkcpr/index.html?tab=2,2026-08-31T14:36:30.834836Z,none
2026-04-16,cny_fx,china,CHN,CNY,CNY per US dollar,6.8616,LCU_per_USD,daily,CFETS_CNY_PARITY,USD/CNY Central Parity Rate - Historical Data,https://www.chinamoney.com.cn/ags/ms/cm-u-bk-ccpr/CcprHisNew,https://www.chinamoney.com.cn/english/bmkcpr/index.html?tab=2,2026-08-31T14:36:30.834836Z,none
2026-04-17,cny_fx,china,CHN,CNY,CNY per US dollar,6.8622,LCU_per_USD,daily,CFETS_CNY_PARITY,USD/CNY Central Parity Rate - Historical Data,https://www.chinamoney.com.cn/ags/ms/cm-u-bk-ccpr/CcprHisNew,https://www.chinamoney.com.cn/english/bmkcpr/index.html?tab=2,2026-08-31T14:36:30.834836Z,none
2026-04-20,cny_fx,china,CHN,CNY,CNY per US dollar,6.8648,LCU_per_USD,daily,CFETS_CNY_PARITY,USD/CNY Central Parity Rate - Historical Data,https://www.chinamoney.com.cn/ags/ms/cm-u-bk-ccpr/CcprHisNew,https://www.chinamoney.com.cn/english/bmkcpr/index.html?tab=2,2026-08-31T14:36:30.834836Z,none
2026-04-21,cny_fx,china,CHN,CNY,CNY per US dollar,6.8594,LCU_per_USD,daily,CFETS_CNY_PARITY,USD/CNY Central Parity Rate - Historical Data,https://www.chinamoney.com.cn/ags/ms/cm-u-bk-ccpr/CcprHisNew,https://www.chinamoney.com.cn/english/bmkcpr/index.html?tab=2,2026-08-31T14:36:30.834836Z,none
2026-04-22,cny_fx,china,CHN,CNY,CNY per US dollar,6.8635,LCU_per_USD,daily,CFETS_CNY_PARITY,USD/CNY Central Parity Rate - Historical Data,https://www.chinamoney.com.cn/ags/ms/cm-u-bk-ccpr/CcprHisNew,https://www.chinamoney.com.cn/english/bmkcpr/index.html?tab=2,2026-08-31T14:36:30.834836Z,none
2026-04-23,cny_fx,china,CHN,CNY,CNY per US dollar,6.865,LCU_per_USD,daily,CFETS_CNY_PARITY,USD/CNY Central Parity Rate - Historical Data,https://www.chinamoney.com.cn/ags/ms/cm-u-bk-ccpr/CcprHisNew,https://www.chinamoney.com.cn/english/bmkcpr/index.html?tab=2,2026-08-31T14:36:30.834836Z,none
2026-04-24,cny_fx,china,CHN,CNY,CNY per US dollar,6.8674,LCU_per_USD,daily,CFETS_CNY_PARITY,USD/CNY Central Parity Rate - Historical Data,https://www.chinamoney.com.cn/ags/ms/cm-u-bk-ccpr/CcprHisNew,https://www.chinamoney.com.cn/english/bmkcpr/index.html?tab=2,2026-08-31T14:36:30.834836Z,none
2026-04-27,cny_fx,china,CHN,CNY,CNY per US dollar,6.8579,LCU_per_USD,daily,CFETS_CNY_PARITY,USD/CNY Central Parity Rate - Historical Data,https://www.chinamoney.com.cn/ags/ms/cm-u-bk-ccpr/CcprHisNew,https://www.chinamoney.com.cn/english/bmkcpr/index.html?tab=2,2026-08-31T14:36:30.834836Z,none
2026-04-28,cny_fx,china,CHN,CNY,CNY per US dollar,6.8589,LCU_per_USD,daily,CFETS_CNY_PARITY,USD/CNY Central Parity Rate - Historical Data,https://www.chinamoney.com.cn/ags/ms/cm-u-bk-ccpr/CcprHisNew,https://www.chinamoney.com.cn/english/bmkcpr/index.html?tab=2,2026-08-31T14:36:30.834836Z,none
2026-04-29,cny_fx,china,CHN,CNY,CNY per US dollar,6.8608,LCU_per_USD,daily,CFETS_CNY_PARITY,USD/CNY Central Parity Rate - Historical Data,https://www.chinamoney.com.cn/ags/ms/cm-u-bk-ccpr/CcprHisNew,https://www.chinamoney.com.cn/english/bmkcpr/index.html?tab=2,2026-08-31T14:36:30.834836Z,none
2026-04-30,cny_fx,china,CHN,CNY,CNY per US dollar,6.8628,LCU_per_USD,daily,CFETS_CNY_PARITY,USD/CNY Central Parity Rate - Historical Data,https://www.chinamoney.com.cn/ags/ms/cm-u-bk-ccpr/CcprHisNew,https://www.chinamoney.com.cn/english/bmkcpr/index.html?tab=2,2026-08-31T14:36:30.834836Z,none
2026-05-06,cny_fx,china,CHN,CNY,CNY per US dollar,6.8562,LCU_per_USD,daily,CFETS_CNY_PARITY,USD/CNY Central Parity Rate - Historical Data,https://www.chinamoney.com.cn/ags/ms/cm-u-bk-ccpr/CcprHisNew,https://www.chinamoney.com.cn/english/bmkcpr/index.html?tab=2,2026-08-31T14:36:31.102480Z,none
2026-05-07,cny_fx,china,CHN,CNY,CNY per US dollar,6.8487,LCU_per_USD,daily,CFETS_CNY_PARITY,USD/CNY Central Parity Rate - Historical Data,https://www.chinamoney.com.cn/ags/ms/cm-u-bk-ccpr/CcprHisNew,https://www.chinamoney.com.cn/english/bmkcpr/index.html?tab=2,2026-08-31T14:36:31.102480Z,none
2026-05-08,cny_fx,china,CHN,CNY,CNY per US dollar,6.8502,LCU_per_USD,daily,CFETS_CNY_PARITY,USD/CNY Central Parity Rate - Historical Data,https://www.chinamoney.com.cn/ags/ms/cm-u-bk-ccpr/CcprHisNew,https://www.chinamoney.com.cn/english/bmkcpr/index.html?tab=2,2026-08-31T14:36:31.102480Z,none
2026-05-11,cny_fx,china,CHN,CNY,CNY per US dollar,6.8467,LCU_per_USD,daily,CFETS_CNY_PARITY,USD/CNY Central Parity Rate - Historical Data,https://www.chinamoney.com.cn/ags/ms/cm-u-bk-ccpr/CcprHisNew,https://www.chinamoney.com.cn/english/bmkcpr/index.html?tab=2,2026-08-31T14:36:31.102480Z,none
2026-05-12,cny_fx,china,CHN,CNY,CNY per US dollar,6.8426,LCU_per_USD,daily,CFETS_CNY_PARITY,USD/CNY Central Parity Rate - Historical Data,https://www.chinamoney.com.cn/ags/ms/cm-u-bk-ccpr/CcprHisNew,https://www.chinamoney.com.cn/english/bmkcpr/index.html?tab=2,2026-08-31T14:36:31.102480Z,none
2026-05-13,cny_fx,china,CHN,CNY,CNY per US dollar,6.8431,LCU_per_USD,daily,CFETS_CNY_PARITY,USD/CNY Central Parity Rate - Historical Data,https://www.chinamoney.com.cn/ags/ms/cm-u-bk-ccpr/CcprHisNew,https://www.chinamoney.com.cn/english/bmkcpr/index.html?tab=2,2026-08-31T14:36:31.102480Z,none
2026-05-14,cny_fx,china,CHN,CNY,CNY per US dollar,6.8401,LCU_per_USD,daily,CFETS_CNY_PARITY,USD/CNY Central Parity Rate - Historical Data,https://www.chinamoney.com.cn/ags/ms/cm-u-bk-ccpr/CcprHisNew,https://www.chinamoney.com.cn/english/bmkcpr/index.html?tab=2,2026-08-31T14:36:31.102480Z,none
2026-05-15,cny_fx,china,CHN,CNY,CNY per US dollar,6.8415,LCU_per_USD,daily,CFETS_CNY_PARITY,USD/CNY Central Parity Rate - Historical Data,https://www.chinamoney.com.cn/ags/ms/cm-u-bk-ccpr/CcprHisNew,https://www.chinamoney.com.cn/english/bmkcpr/index.html?tab=2,2026-08-31T14:36:31.102480Z,none
2026-05-18,cny_fx,china,CHN,CNY,CNY per US dollar,6.8435,LCU_per_USD,daily,CFETS_CNY_PARITY,USD/CNY Central Parity Rate - Historical Data,https://www.chinamoney.com.cn/ags/ms/cm-u-bk-ccpr/CcprHisNew,https://www.chinamoney.com.cn/english/bmkcpr/index.html?tab=2,2026-08-31T14:36:31.102480Z,none
2026-05-19,cny_fx,china,CHN,CNY,CNY per US dollar,6.8375,LCU_per_USD,daily,CFETS_CNY_PARITY,USD/CNY Central Parity Rate - Historical Data,https://www.chinamoney.com.cn/ags/ms/cm-u-bk-ccpr/CcprHisNew,https://www.chinamoney.com.cn/english/bmkcpr/index.html?tab=2,2026-08-31T14:36:31.102480Z,none
2026-05-20,cny_fx,china,CHN,CNY,CNY per US dollar,6.8397,LCU_per_USD,daily,CFETS_CNY_PARITY,USD/CNY Central Parity Rate - Historical Data,https://www.chinamoney.com.cn/ags/ms/cm-u-bk-ccpr/CcprHisNew,https://www.chinamoney.com.cn/english/bmkcpr/index.html?tab=2,2026-08-31T14:36:31.102480Z,none
2026-05-21,cny_fx,china,CHN,CNY,CNY per US dollar,6.8349,LCU_per_USD,daily,CFETS_CNY_PARITY,USD/CNY Central Parity Rate - Historical Data,https://www.chinamoney.com.cn/ags/ms/cm-u-bk-ccpr/CcprHisNew,https://www.chinamoney.com.cn/english/bmkcpr/index.html?tab=2,2026-08-31T14:36:31.102480Z,none
2026-05-22,cny_fx,china,CHN,CNY,CNY per US dollar,6.8373,LCU_per_USD,daily,CFETS_CNY_PARITY,USD/CNY Central Parity Rate - Historical Data,https://www.chinamoney.com.cn/ags/ms/cm-u-bk-ccpr/CcprHisNew,https://www.chinamoney.com.cn/english/bmkcpr/index.html?tab=2,2026-08-31T14:36:31.102480Z,none
2026-05-25,cny_fx,china,CHN,CNY,CNY per US dollar,6.8318,LCU_per_USD,daily,CFETS_CNY_PARITY,USD/CNY Central Parity Rate - Historical Data,https://www.chinamoney.com.cn/ags/ms/cm-u-bk-ccpr/CcprHisNew,https://www.chinamoney.com.cn/english/bmkcpr/index.html?tab=2,2026-08-31T14:36:31.102480Z,none
2026-05-26,cny_fx,china,CHN,CNY,CNY per US dollar,6.8288,LCU_per_USD,daily,CFETS_CNY_PARITY,USD/CNY Central Parity Rate - Historical Data,https://www.chinamoney.com.cn/ags/ms/cm-u-bk-ccpr/CcprHisNew,https://www.chinamoney.com.cn/english/bmkcpr/index.html?tab=2,2026-08-31T14:36:31.102480Z,none
2026-05-27,cny_fx,china,CHN,CNY,CNY per US dollar,6.8291,LCU_per_USD,daily,CFETS_CNY_PARITY,USD/CNY Central Parity Rate - Historical Data,https://www.chinamoney.com.cn/ags/ms/cm-u-bk-ccpr/CcprHisNew,https://www.chinamoney.com.cn/english/bmkcpr/index.html?tab=2,2026-08-31T14:36:31.102480Z,none
2026-05-28,cny_fx,china,CHN,CNY,CNY per US dollar,6.824,LCU_per_USD,daily,CFETS_CNY_PARITY,USD/CNY Central Parity Rate - Historical Data,https://www.chinamoney.com.cn/ags/ms/cm-u-bk-ccpr/CcprHisNew,https://www.chinamoney.com.cn/english/bmkcpr/index.html?tab=2,2026-08-31T14:36:31.102480Z,none
2026-05-29,cny_fx,china,CHN,CNY,CNY per US dollar,6.8176,LCU_per_USD,daily,CFETS_CNY_PARITY,USD/CNY Central Parity Rate - Historical Data,https://www.chinamoney.com.cn/ags/ms/cm-u-bk-ccpr/CcprHisNew,https://www.chinamoney.com.cn/english/bmkcpr/index.html?tab=2,2026-08-31T14:36:31.102480Z,none
2026-06-01,cny_fx,china,CHN,CNY,CNY per US dollar,6.8167,LCU_per_USD,daily,CFETS_CNY_PARITY,USD/CNY Central Parity Rate - Historical Data,https://www.chinamoney.com.cn/ags/ms/cm-u-bk-ccpr/CcprHisNew,https://www.chinamoney.com.cn/english/bmkcpr/index.html?tab=2,2026-08-31T14:36:31.325543Z,none
2026-06-02,cny_fx,china,CHN,CNY,CNY per US dollar,6.8187,LCU_per_USD,daily,CFETS_CNY_PARITY,USD/CNY Central Parity Rate - Historical Data,https://www.chinamoney.com.cn/ags/ms/cm-u-bk-ccpr/CcprHisNew,https://www.chinamoney.com.cn/english/bmkcpr/index.html?tab=2,2026-08-31T14:36:31.325543Z,none
2026-06-03,cny_fx,china,CHN,CNY,CNY per US dollar,6.8184,LCU_per_USD,daily,CFETS_CNY_PARITY,USD/CNY Central Parity Rate - Historical Data,https://www.chinamoney.com.cn/ags/ms/cm-u-bk-ccpr/CcprHisNew,https://www.chinamoney.com.cn/english/bmkcpr/index.html?tab=2,2026-08-31T14:36:31.325543Z,none
2026-06-04,cny_fx,china,CHN,CNY,CNY per US dollar,6.8203,LCU_per_USD,daily,CFETS_CNY_PARITY,USD/CNY Central Parity Rate - Historical Data,https://www.chinamoney.com.cn/ags/ms/cm-u-bk-ccpr/CcprHisNew,https://www.chinamoney.com.cn/english/bmkcpr/index.html?tab=2,2026-08-31T14:36:31.325543Z,none
2026-06-05,cny_fx,china,CHN,CNY,CNY per US dollar,6.8157,LCU_per_USD,daily,CFETS_CNY_PARITY,USD/CNY Central Parity Rate - Historical Data,https://www.chinamoney.com.cn/ags/ms/cm-u-bk-ccpr/CcprHisNew,https://www.chinamoney.com.cn/english/bmkcpr/index.html?tab=2,2026-08-31T14:36:31.325543Z,none
2026-06-08,cny_fx,china,CHN,CNY,CNY per US dollar,6.8198,LCU_per_USD,daily,CFETS_CNY_PARITY,USD/CNY Central Parity Rate - Historical Data,https://www.chinamoney.com.cn/ags/ms/cm-u-bk-ccpr/CcprHisNew,https://www.chinamoney.com.cn/english/bmkcpr/index.html?tab=2,2026-08-31T14:36:31.325543Z,none
2026-06-09,cny_fx,china,CHN,CNY,CNY per US dollar,6.8147,LCU_per_USD,daily,CFETS_CNY_PARITY,USD/CNY Central Parity Rate - Historical Data,https://www.chinamoney.com.cn/ags/ms/cm-u-bk-ccpr/CcprHisNew,https://www.chinamoney.com.cn/english/bmkcpr/index.html?tab=2,2026-08-31T14:36:31.325543Z,none
2026-06-10,cny_fx,china,CHN,CNY,CNY per US dollar,6.813,LCU_per_USD,daily,CFETS_CNY_PARITY,USD/CNY Central Parity Rate - Historical Data,https://www.chinamoney.com.cn/ags/ms/cm-u-bk-ccpr/CcprHisNew,https://www.chinamoney.com.cn/english/bmkcpr/index.html?tab=2,2026-08-31T14:36:31.325543Z,none
2026-06-11,cny_fx,china,CHN,CNY,CNY per US dollar,6.815,LCU_per_USD,daily,CFETS_CNY_PARITY,USD/CNY Central Parity Rate - Historical Data,https://www.chinamoney.com.cn/ags/ms/cm-u-bk-ccpr/CcprHisNew,https://www.chinamoney.com.cn/english/bmkcpr/index.html?tab=2,2026-08-31T14:36:31.325543Z,none
2026-06-12,cny_fx,china,CHN,CNY,CNY per US dollar,6.8109,LCU_per_USD,daily,CFETS_CNY_PARITY,USD/CNY Central Parity Rate - Historical Data,https://www.chinamoney.com.cn/ags/ms/cm-u-bk-ccpr/CcprHisNew,https://www.chinamoney.com.cn/english/bmkcpr/index.html?tab=2,2026-08-31T14:36:31.325543Z,none
2026-06-15,cny_fx,china,CHN,CNY,CNY per US dollar,6.8088,LCU_per_USD,daily,CFETS_CNY_PARITY,USD/CNY Central Parity Rate - Historical Data,https://www.chinamoney.com.cn/ags/ms/cm-u-bk-ccpr/CcprHisNew,https://www.chinamoney.com.cn/english/bmkcpr/index.html?tab=2,2026-08-31T14:36:31.325543Z,none
2026-06-16,cny_fx,china,CHN,CNY,CNY per US dollar,6.8108,LCU_per_USD,daily,CFETS_CNY_PARITY,USD/CNY Central Parity Rate - Historical Data,https://www.chinamoney.com.cn/ags/ms/cm-u-bk-ccpr/CcprHisNew,https://www.chinamoney.com.cn/english/bmkcpr/index.html?tab=2,2026-08-31T14:36:31.325543Z,none
2026-06-17,cny_fx,china,CHN,CNY,CNY per US dollar,6.8096,LCU_per_USD,daily,CFETS_CNY_PARITY,USD/CNY Central Parity Rate - Historical Data,https://www.chinamoney.com.cn/ags/ms/cm-u-bk-ccpr/CcprHisNew,https://www.chinamoney.com.cn/english/bmkcpr/index.html?tab=2,2026-08-31T14:36:31.325543Z,none
2026-06-18,cny_fx,china,CHN,CNY,CNY per US dollar,6.813,LCU_per_USD,daily,CFETS_CNY_PARITY,USD/CNY Central Parity Rate - Historical Data,https://www.chinamoney.com.cn/ags/ms/cm-u-bk-ccpr/CcprHisNew,https://www.chinamoney.com.cn/english/bmkcpr/index.html?tab=2,2026-08-31T14:36:31.325543Z,none
2026-06-22,cny_fx,china,CHN,CNY,CNY per US dollar,6.815,LCU_per_USD,daily,CFETS_CNY_PARITY,USD/CNY Central Parity Rate - Historical Data,https://www.chinamoney.com.cn/ags/ms/cm-u-bk-ccpr/CcprHisNew,https://www.chinamoney.com.cn/english/bmkcpr/index.html?tab=2,2026-08-31T14:36:31.325543Z,none
2026-06-23,cny_fx,china,CHN,CNY,CNY per US dollar,6.8171,LCU_per_USD,daily,CFETS_CNY_PARITY,USD/CNY Central Parity Rate - Historical Data,https://www.chinamoney.com.cn/ags/ms/cm-u-bk-ccpr/CcprHisNew,https://www.chinamoney.com.cn/english/bmkcpr/index.html?tab=2,2026-08-31T14:36:31.325543Z,none
2026-06-24,cny_fx,china,CHN,CNY,CNY per US dollar,6.8195,LCU_per_USD,daily,CFETS_CNY_PARITY,USD/CNY Central Parity Rate - Historical Data,https://www.chinamoney.com.cn/ags/ms/cm-u-bk-ccpr/CcprHisNew,https://www.chinamoney.com.cn/english/bmkcpr/index.html?tab=2,2026-08-31T14:36:31.325543Z,none
2026-06-25,cny_fx,china,CHN,CNY,CNY per US dollar,6.8209,LCU_per_USD,daily,CFETS_CNY_PARITY,USD/CNY Central Parity Rate - Historical Data,https://www.chinamoney.com.cn/ags/ms/cm-u-bk-ccpr/CcprHisNew,https://www.chinamoney.com.cn/english/bmkcpr/index.html?tab=2,2026-08-31T14:36:31.325543Z,none
2026-06-26,cny_fx,china,CHN,CNY,CNY per US dollar,6.8166,LCU_per_USD,daily,CFETS_CNY_PARITY,USD/CNY Central Parity Rate - Historical Data,https://www.chinamoney.com.cn/ags/ms/cm-u-bk-ccpr/CcprHisNew,https://www.chinamoney.com.cn/english/bmkcpr/index.html?tab=2,2026-08-31T14:36:31.325543Z,none
2026-06-29,cny_fx,china,CHN,CNY,CNY per US dollar,6.8175,LCU_per_USD,daily,CFETS_CNY_PARITY,USD/CNY Central Parity Rate - Historical Data,https://www.chinamoney.com.cn/ags/ms/cm-u-bk-ccpr/CcprHisNew,https://www.chinamoney.com.cn/english/bmkcpr/index.html?tab=2,2026-08-31T14:36:31.325543Z,none
2026-06-30,cny_fx,china,CHN,CNY,CNY per US dollar,6.8109,LCU_per_USD,daily,CFETS_CNY_PARITY,USD/CNY Central Parity Rate - Historical Data,https://www.chinamoney.com.cn/ags/ms/cm-u-bk-ccpr/CcprHisNew,https://www.chinamoney.com.cn/english/bmkcpr/index.html?tab=2,2026-08-31T14:36:31.325543Z,none
2026-07-01,cny_fx,china,CHN,CNY,CNY per US dollar,6.8067,LCU_per_USD,daily,CFETS_CNY_PARITY,USD/CNY Central Parity Rate - Historical Data,https://www.chinamoney.com.cn/ags/ms/cm-u-bk-ccpr/CcprHisNew,https://www.chinamoney.com.cn/english/bmkcpr/index.html?tab=2,2026-08-31T14:36:31.558512Z,none
2026-07-02,cny_fx,china,CHN,CNY,CNY per US dollar,6.8088,LCU_per_USD,daily,CFETS_CNY_PARITY,USD/CNY Central Parity Rate - Historical Data,https://www.chinamoney.com.cn/ags/ms/cm-u-bk-ccpr/CcprHisNew,https://www.chinamoney.com.cn/english/bmkcpr/index.html?tab=2,2026-08-31T14:36:31.558512Z,none
2026-07-03,cny_fx,china,CHN,CNY,CNY per US dollar,6.8047,LCU_per_USD,daily,CFETS_CNY_PARITY,USD/CNY Central Parity Rate - Historical Data,https://www.chinamoney.com.cn/ags/ms/cm-u-bk-ccpr/CcprHisNew,https://www.chinamoney.com.cn/english/bmkcpr/index.html?tab=2,2026-08-31T14:36:31.558512Z,none
2026-07-06,cny_fx,china,CHN,CNY,CNY per US dollar,6.8066,LCU_per_USD,daily,CFETS_CNY_PARITY,USD/CNY Central Parity Rate - Historical Data,https://www.chinamoney.com.cn/ags/ms/cm-u-bk-ccpr/CcprHisNew,https://www.chinamoney.com.cn/english/bmkcpr/index.html?tab=2,2026-08-31T14:36:31.558512Z,none
2026-07-07,cny_fx,china,CHN,CNY,CNY per US dollar,6.8054,LCU_per_USD,daily,CFETS_CNY_PARITY,USD/CNY Central Parity Rate - Historical Data,https://www.chinamoney.com.cn/ags/ms/cm-u-bk-ccpr/CcprHisNew,https://www.chinamoney.com.cn/english/bmkcpr/index.html?tab=2,2026-08-31T14:36:31.558512Z,none
2026-07-08,cny_fx,china,CHN,CNY,CNY per US dollar,6.8077,LCU_per_USD,daily,CFETS_CNY_PARITY,USD/CNY Central Parity Rate - Historical Data,https://www.chinamoney.com.cn/ags/ms/cm-u-bk-ccpr/CcprHisNew,https://www.chinamoney.com.cn/english/bmkcpr/index.html?tab=2,2026-08-31T14:36:31.558512Z,none
2026-07-09,cny_fx,china,CHN,CNY,CNY per US dollar,6.8036,LCU_per_USD,daily,CFETS_CNY_PARITY,USD/CNY Central Parity Rate - Historical Data,https://www.chinamoney.com.cn/ags/ms/cm-u-bk-ccpr/CcprHisNew,https://www.chinamoney.com.cn/english/bmkcpr/index.html?tab=2,2026-08-31T14:36:31.558512Z,none
2026-07-10,cny_fx,china,CHN,CNY,CNY per US dollar,6.7989,LCU_per_USD,daily,CFETS_CNY_PARITY,USD/CNY Central Parity Rate - Historical Data,https://www.chinamoney.com.cn/ags/ms/cm-u-bk-ccpr/CcprHisNew,https://www.chinamoney.com.cn/english/bmkcpr/index.html?tab=2,2026-08-31T14:36:31.558512Z,none
2026-07-13,cny_fx,china,CHN,CNY,CNY per US dollar,6.7972,LCU_per_USD,daily,CFETS_CNY_PARITY,USD/CNY Central Parity Rate - Historical Data,https://www.chinamoney.com.cn/ags/ms/cm-u-bk-ccpr/CcprHisNew,https://www.chinamoney.com.cn/english/bmkcpr/index.html?tab=2,2026-08-31T14:36:31.558512Z,none
2026-07-14,cny_fx,china,CHN,CNY,CNY per US dollar,6.799,LCU_per_USD,daily,CFETS_CNY_PARITY,USD/CNY Central Parity Rate - Historical Data,https://www.chinamoney.com.cn/ags/ms/cm-u-bk-ccpr/CcprHisNew,https://www.chinamoney.com.cn/english/bmkcpr/index.html?tab=2,2026-08-31T14:36:31.558512Z,none
2026-07-15,cny_fx,china,CHN,CNY,CNY per US dollar,6.791,LCU_per_USD,daily,CFETS_CNY_PARITY,USD/CNY Central Parity Rate - Historical Data,https://www.chinamoney.com.cn/ags/ms/cm-u-bk-ccpr/CcprHisNew,https://www.chinamoney.com.cn/english/bmkcpr/index.html?tab=2,2026-08-31T14:36:31.558512Z,none
2026-07-16,cny_fx,china,CHN,CNY,CNY per US dollar,6.7909,LCU_per_USD,daily,CFETS_CNY_PARITY,USD/CNY Central Parity Rate - Historical Data,https://www.chinamoney.com.cn/ags/ms/cm-u-bk-ccpr/CcprHisNew,https://www.chinamoney.com.cn/english/bmkcpr/index.html?tab=2,2026-08-31T14:36:31.558512Z,none
2026-07-17,cny_fx,china,CHN,CNY,CNY per US dollar,6.7934,LCU_per_USD,daily,CFETS_CNY_PARITY,USD/CNY Central Parity Rate - Historical Data,https://www.chinamoney.com.cn/ags/ms/cm-u-bk-ccpr/CcprHisNew,https://www.chinamoney.com.cn/english/bmkcpr/index.html?tab=2,2026-08-31T14:36:31.558512Z,none
2026-07-20,cny_fx,china,CHN,CNY,CNY per US dollar,6.7948,LCU_per_USD,daily,CFETS_CNY_PARITY,USD/CNY Central Parity Rate - Historical Data,https://www.chinamoney.com.cn/ags/ms/cm-u-bk-ccpr/CcprHisNew,https://www.chinamoney.com.cn/english/bmkcpr/index.html?tab=2,2026-08-31T14:36:31.558512Z,none
2026-07-21,cny_fx,china,CHN,CNY,CNY per US dollar,6.7917,LCU_per_USD,daily,CFETS_CNY_PARITY,USD/CNY Central Parity Rate - Historical Data,https://www.chinamoney.com.cn/ags/ms/cm-u-bk-ccpr/CcprHisNew,https://www.chinamoney.com.cn/english/bmkcpr/index.html?tab=2,2026-08-31T14:36:31.558512Z,none
2026-07-22,cny_fx,china,CHN,CNY,CNY per US dollar,6.7933,LCU_per_USD,daily,CFETS_CNY_PARITY,USD/CNY Central Parity Rate - Historical Data,https://www.chinamoney.com.cn/ags/ms/cm-u-bk-ccpr/CcprHisNew,https://www.chinamoney.com.cn/english/bmkcpr/index.html?tab=2,2026-08-31T14:36:31.558512Z,none
2026-07-23,cny_fx,china,CHN,CNY,CNY per US dollar,6.7906,LCU_per_USD,daily,CFETS_CNY_PARITY,USD/CNY Central Parity Rate - Historical Data,https://www.chinamoney.com.cn/ags/ms/cm-u-bk-ccpr/CcprHisNew,https://www.chinamoney.com.cn/english/bmkcpr/index.html?tab=2,2026-08-31T14:36:31.558512Z,none
2026-07-24,cny_fx,china,CHN,CNY,CNY per US dollar,6.7939,LCU_per_USD,daily,CFETS_CNY_PARITY,USD/CNY Central Parity Rate - Historical Data,https://www.chinamoney.com.cn/ags/ms/cm-u-bk-ccpr/CcprHisNew,https://www.chinamoney.com.cn/english/bmkcpr/index.html?tab=2,2026-08-31T14:36:31.558512Z,none
2026-07-27,cny_fx,china,CHN,CNY,CNY per US dollar,6.7911,LCU_per_USD,daily,CFETS_CNY_PARITY,USD/CNY Central Parity Rate - Historical Data,https://www.chinamoney.com.cn/ags/ms/cm-u-bk-ccpr/CcprHisNew,https://www.chinamoney.com.cn/english/bmkcpr/index.html?tab=2,2026-08-31T14:36:31.558512Z,none
2026-07-28,cny_fx,china,CHN,CNY,CNY per US dollar,6.7928,LCU_per_USD,daily,CFETS_CNY_PARITY,USD/CNY Central Parity Rate - Historical Data,https://www.chinamoney.com.cn/ags/ms/cm-u-bk-ccpr/CcprHisNew,https://www.chinamoney.com.cn/english/bmkcpr/index.html?tab=2,2026-08-31T14:36:31.558512Z,none
2026-07-29,cny_fx,china,CHN,CNY,CNY per US dollar,6.7899,LCU_per_USD,daily,CFETS_CNY_PARITY,USD/CNY Central Parity Rate - Historical Data,https://www.chinamoney.com.cn/ags/ms/cm-u-bk-ccpr/CcprHisNew,https://www.chinamoney.com.cn/english/bmkcpr/index.html?tab=2,2026-08-31T14:36:31.558512Z,none
2026-07-30,cny_fx,china,CHN,CNY,CNY per US dollar,6.7892,LCU_per_USD,daily,CFETS_CNY_PARITY,USD/CNY Central Parity Rate - Historical Data,https://www.chinamoney.com.cn/ags/ms/cm-u-bk-ccpr/CcprHisNew,https://www.chinamoney.com.cn/english/bmkcpr/index.html?tab=2,2026-08-31T14:36:31.558512Z,none
2026-07-31,cny_fx,china,CHN,CNY,CNY per US dollar,6.7894,LCU_per_USD,daily,CFETS_CNY_PARITY,USD/CNY Central Parity Rate - Historical Data,https://www.chinamoney.com.cn/ags/ms/cm-u-bk-ccpr/CcprHisNew,https://www.chinamoney.com.cn/english/bmkcpr/index.html?tab=2,2026-08-31T14:36:31.558512Z,none
2026-08-03,cny_fx,china,CHN,CNY,CNY per US dollar,6.7898,LCU_per_USD,daily,CFETS_CNY_PARITY,USD/CNY Central Parity Rate - Historical Data,https://www.chinamoney.com.cn/ags/ms/cm-u-bk-ccpr/CcprHisNew,https://www.chinamoney.com.cn/english/bmkcpr/index.html?tab=2,2026-08-31T14:36:31.774288Z,none
2026-08-04,cny_fx,china,CHN,CNY,CNY per US dollar,6.7917,LCU_per_USD,daily,CFETS_CNY_PARITY,USD/CNY Central Parity Rate - Historical Data,https://www.chinamoney.com.cn/ags/ms/cm-u-bk-ccpr/CcprHisNew,https://www.chinamoney.com.cn/english/bmkcpr/index.html?tab=2,2026-08-31T14:36:31.774288Z,none
2026-08-05,cny_fx,china,CHN,CNY,CNY per US dollar,6.7889,LCU_per_USD,daily,CFETS_CNY_PARITY,USD/CNY Central Parity Rate - Historical Data,https://www.chinamoney.com.cn/ags/ms/cm-u-bk-ccpr/CcprHisNew,https://www.chinamoney.com.cn/english/bmkcpr/index.html?tab=2,2026-08-31T14:36:31.774288Z,none
2026-08-06,cny_fx,china,CHN,CNY,CNY per US dollar,6.7895,LCU_per_USD,daily,CFETS_CNY_PARITY,USD/CNY Central Parity Rate - Historical Data,https://www.chinamoney.com.cn/ags/ms/cm-u-bk-ccpr/CcprHisNew,https://www.chinamoney.com.cn/english/bmkcpr/index.html?tab=2,2026-08-31T14:36:31.774288Z,none
2026-08-07,cny_fx,china,CHN,CNY,CNY per US dollar,6.7904,LCU_per_USD,daily,CFETS_CNY_PARITY,USD/CNY Central Parity Rate - Historical Data,https://www.chinamoney.com.cn/ags/ms/cm-u-bk-ccpr/CcprHisNew,https://www.chinamoney.com.cn/english/bmkcpr/index.html?tab=2,2026-08-31T14:36:31.774288Z,none
2026-08-10,cny_fx,china,CHN,CNY,CNY per US dollar,6.7884,LCU_per_USD,daily,CFETS_CNY_PARITY,USD/CNY Central Parity Rate - Historical Data,https://www.chinamoney.com.cn/ags/ms/cm-u-bk-ccpr/CcprHisNew,https://www.chinamoney.com.cn/english/bmkcpr/index.html?tab=2,2026-08-31T14:36:31.774288Z,none
2026-08-11,cny_fx,china,CHN,CNY,CNY per US dollar,6.79,LCU_per_USD,daily,CFETS_CNY_PARITY,USD/CNY Central Parity Rate - Historical Data,https://www.chinamoney.com.cn/ags/ms/cm-u-bk-ccpr/CcprHisNew,https://www.chinamoney.com.cn/english/bmkcpr/index.html?tab=2,2026-08-31T14:36:31.774288Z,none
2026-08-12,cny_fx,china,CHN,CNY,CNY per US dollar,6.7882,LCU_per_USD,daily,CFETS_CNY_PARITY,USD/CNY Central Parity Rate - Historical Data,https://www.chinamoney.com.cn/ags/ms/cm-u-bk-ccpr/CcprHisNew,https://www.chinamoney.com.cn/english/bmkcpr/index.html?tab=2,2026-08-31T14:36:31.774288Z,none
2026-08-13,cny_fx,china,CHN,CNY,CNY per US dollar,6.7888,LCU_per_USD,daily,CFETS_CNY_PARITY,USD/CNY Central Parity Rate - Historical Data,https://www.chinamoney.com.cn/ags/ms/cm-u-bk-ccpr/CcprHisNew,https://www.chinamoney.com.cn/english/bmkcpr/index.html?tab=2,2026-08-31T14:36:31.774288Z,none
2026-08-14,cny_fx,china,CHN,CNY,CNY per US dollar,6.7878,LCU_per_USD,daily,CFETS_CNY_PARITY,USD/CNY Central Parity Rate - Historical Data,https://www.chinamoney.com.cn/ags/ms/cm-u-bk-ccpr/CcprHisNew,https://www.chinamoney.com.cn/english/bmkcpr/index.html?tab=2,2026-08-31T14:36:31.774288Z,none
2026-08-17,cny_fx,china,CHN,CNY,CNY per US dollar,6.7873,LCU_per_USD,daily,CFETS_CNY_PARITY,USD/CNY Central Parity Rate - Historical Data,https://www.chinamoney.com.cn/ags/ms/cm-u-bk-ccpr/CcprHisNew,https://www.chinamoney.com.cn/english/bmkcpr/index.html?tab=2,2026-08-31T14:36:31.774288Z,none
2026-08-18,cny_fx,china,CHN,CNY,CNY per US dollar,6.7905,LCU_per_USD,daily,CFETS_CNY_PARITY,USD/CNY Central Parity Rate - Historical Data,https://www.chinamoney.com.cn/ags/ms/cm-u-bk-ccpr/CcprHisNew,https://www.chinamoney.com.cn/english/bmkcpr/index.html?tab=2,2026-08-31T14:36:31.774288Z,none
2026-08-19,cny_fx,china,CHN,CNY,CNY per US dollar,6.7854,LCU_per_USD,daily,CFETS_CNY_PARITY,USD/CNY Central Parity Rate - Historical Data,https://www.chinamoney.com.cn/ags/ms/cm-u-bk-ccpr/CcprHisNew,https://www.chinamoney.com.cn/english/bmkcpr/index.html?tab=2,2026-08-31T14:36:31.774288Z,none
2026-08-20,cny_fx,china,CHN,CNY,CNY per US dollar,6.7808,LCU_per_USD,daily,CFETS_CNY_PARITY,USD/CNY Central Parity Rate - Historical Data,https://www.chinamoney.com.cn/ags/ms/cm-u-bk-ccpr/CcprHisNew,https://www.chinamoney.com.cn/english/bmkcpr/index.html?tab=2,2026-08-31T14:36:31.774288Z,none
2026-08-21,cny_fx,china,CHN,CNY,CNY per US dollar,6.7817,LCU_per_USD,daily,CFETS_CNY_PARITY,USD/CNY Central Parity Rate - Historical Data,https://www.chinamoney.com.cn/ags/ms/cm-u-bk-ccpr/CcprHisNew,https://www.chinamoney.com.cn/english/bmkcpr/index.html?tab=2,2026-08-31T14:36:31.774288Z,none
2026-08-24,cny_fx,china,CHN,CNY,CNY per US dollar,6.7841,LCU_per_USD,daily,CFETS_CNY_PARITY,USD/CNY Central Parity Rate - Historical Data,https://www.chinamoney.com.cn/ags/ms/cm-u-bk-ccpr/CcprHisNew,https://www.chinamoney.com.cn/english/bmkcpr/index.html?tab=2,2026-08-31T14:36:31.774288Z,none
2026-08-25,cny_fx,china,CHN,CNY,CNY per US dollar,6.7852,LCU_per_USD,daily,CFETS_CNY_PARITY,USD/CNY Central Parity Rate - Historical Data,https://www.chinamoney.com.cn/ags/ms/cm-u-bk-ccpr/CcprHisNew,https://www.chinamoney.com.cn/english/bmkcpr/index.html?tab=2,2026-08-31T14:36:31.774288Z,none
2026-08-26,cny_fx,china,CHN,CNY,CNY per US dollar,6.7829,LCU_per_USD,daily,CFETS_CNY_PARITY,USD/CNY Central Parity Rate - Historical Data,https://www.chinamoney.com.cn/ags/ms/cm-u-bk-ccpr/CcprHisNew,https://www.chinamoney.com.cn/english/bmkcpr/index.html?tab=2,2026-08-31T14:36:31.774288Z,none
2026-08-27,cny_fx,china,CHN,CNY,CNY per US dollar,6.784,LCU_per_USD,daily,CFETS_CNY_PARITY,USD/CNY Central Parity Rate - Historical Data,https://www.chinamoney.com.cn/ags/ms/cm-u-bk-ccpr/CcprHisNew,https://www.chinamoney.com.cn/english/bmkcpr/index.html?tab=2,2026-08-31T14:36:31.774288Z,none
2026-08-28,cny_fx,china,CHN,CNY,CNY per US dollar,6.7811,LCU_per_USD,daily,CFETS_CNY_PARITY,USD/CNY Central Parity Rate - Historical Data,https://www.chinamoney.com.cn/ags/ms/cm-u-bk-ccpr/CcprHisNew,https://www.chinamoney.com.cn/english/bmkcpr/index.html?tab=2,2026-08-31T14:36:31.774288Z,none
2026-08-31,cny_fx,china,CHN,CNY,CNY per US dollar,6.7828,LCU_per_USD,daily,CFETS_CNY_PARITY,USD/CNY Central Parity Rate - Historical Data,https://www.chinamoney.com.cn/ags/ms/cm-u-bk-ccpr/CcprHisNew,https://www.chinamoney.com.cn/english/bmkcpr/index.html?tab=2,2026-08-31T14:36:31.774288Z,none
