observation_date,series_id,tab_id,country_iso3,currency_iso3,label,value,unit,frequency,source_id,source_name,source_url,source_documentation_url,source_retrieved_at,transformation
2024-01-02,cny_fx,china,CHN,CNY,CNY per US dollar,7.077,LCU_per_USD,daily,CFETS_CNY_PARITY,USD/CNY Central Parity Rate - Historical Data,https://www.chinamoney.com.cn/ags/ms/cm-u-bk-ccpr/CcprHisNew,https://www.chinamoney.com.cn/english/bmkcpr/index.html?tab=2,2026-08-31T14:36:24.455076Z,none
2024-01-03,cny_fx,china,CHN,CNY,CNY per US dollar,7.1002,LCU_per_USD,daily,CFETS_CNY_PARITY,USD/CNY Central Parity Rate - Historical Data,https://www.chinamoney.com.cn/ags/ms/cm-u-bk-ccpr/CcprHisNew,https://www.chinamoney.com.cn/english/bmkcpr/index.html?tab=2,2026-08-31T14:36:24.455076Z,none
2024-01-04,cny_fx,china,CHN,CNY,CNY per US dollar,7.0997,LCU_per_USD,daily,CFETS_CNY_PARITY,USD/CNY Central Parity Rate - Historical Data,https://www.chinamoney.com.cn/ags/ms/cm-u-bk-ccpr/CcprHisNew,https://www.chinamoney.com.cn/english/bmkcpr/index.html?tab=2,2026-08-31T14:36:24.455076Z,none
2024-01-05,cny_fx,china,CHN,CNY,CNY per US dollar,7.1029,LCU_per_USD,daily,CFETS_CNY_PARITY,USD/CNY Central Parity Rate - Historical Data,https://www.chinamoney.com.cn/ags/ms/cm-u-bk-ccpr/CcprHisNew,https://www.chinamoney.com.cn/english/bmkcpr/index.html?tab=2,2026-08-31T14:36:24.455076Z,none
2024-01-08,cny_fx,china,CHN,CNY,CNY per US dollar,7.1006,LCU_per_USD,daily,CFETS_CNY_PARITY,USD/CNY Central Parity Rate - Historical Data,https://www.chinamoney.com.cn/ags/ms/cm-u-bk-ccpr/CcprHisNew,https://www.chinamoney.com.cn/english/bmkcpr/index.html?tab=2,2026-08-31T14:36:24.455076Z,none
2024-01-09,cny_fx,china,CHN,CNY,CNY per US dollar,7.101,LCU_per_USD,daily,CFETS_CNY_PARITY,USD/CNY Central Parity Rate - Historical Data,https://www.chinamoney.com.cn/ags/ms/cm-u-bk-ccpr/CcprHisNew,https://www.chinamoney.com.cn/english/bmkcpr/index.html?tab=2,2026-08-31T14:36:24.455076Z,none
2024-01-10,cny_fx,china,CHN,CNY,CNY per US dollar,7.1055,LCU_per_USD,daily,CFETS_CNY_PARITY,USD/CNY Central Parity Rate - Historical Data,https://www.chinamoney.com.cn/ags/ms/cm-u-bk-ccpr/CcprHisNew,https://www.chinamoney.com.cn/english/bmkcpr/index.html?tab=2,2026-08-31T14:36:24.455076Z,none
2024-01-11,cny_fx,china,CHN,CNY,CNY per US dollar,7.1087,LCU_per_USD,daily,CFETS_CNY_PARITY,USD/CNY Central Parity Rate - Historical Data,https://www.chinamoney.com.cn/ags/ms/cm-u-bk-ccpr/CcprHisNew,https://www.chinamoney.com.cn/english/bmkcpr/index.html?tab=2,2026-08-31T14:36:24.455076Z,none
2024-01-12,cny_fx,china,CHN,CNY,CNY per US dollar,7.105,LCU_per_USD,daily,CFETS_CNY_PARITY,USD/CNY Central Parity Rate - Historical Data,https://www.chinamoney.com.cn/ags/ms/cm-u-bk-ccpr/CcprHisNew,https://www.chinamoney.com.cn/english/bmkcpr/index.html?tab=2,2026-08-31T14:36:24.455076Z,none
2024-01-15,cny_fx,china,CHN,CNY,CNY per US dollar,7.1084,LCU_per_USD,daily,CFETS_CNY_PARITY,USD/CNY Central Parity Rate - Historical Data,https://www.chinamoney.com.cn/ags/ms/cm-u-bk-ccpr/CcprHisNew,https://www.chinamoney.com.cn/english/bmkcpr/index.html?tab=2,2026-08-31T14:36:24.455076Z,none
2024-01-16,cny_fx,china,CHN,CNY,CNY per US dollar,7.1134,LCU_per_USD,daily,CFETS_CNY_PARITY,USD/CNY Central Parity Rate - Historical Data,https://www.chinamoney.com.cn/ags/ms/cm-u-bk-ccpr/CcprHisNew,https://www.chinamoney.com.cn/english/bmkcpr/index.html?tab=2,2026-08-31T14:36:24.455076Z,none
2024-01-17,cny_fx,china,CHN,CNY,CNY per US dollar,7.1168,LCU_per_USD,daily,CFETS_CNY_PARITY,USD/CNY Central Parity Rate - Historical Data,https://www.chinamoney.com.cn/ags/ms/cm-u-bk-ccpr/CcprHisNew,https://www.chinamoney.com.cn/english/bmkcpr/index.html?tab=2,2026-08-31T14:36:24.455076Z,none
2024-01-18,cny_fx,china,CHN,CNY,CNY per US dollar,7.1174,LCU_per_USD,daily,CFETS_CNY_PARITY,USD/CNY Central Parity Rate - Historical Data,https://www.chinamoney.com.cn/ags/ms/cm-u-bk-ccpr/CcprHisNew,https://www.chinamoney.com.cn/english/bmkcpr/index.html?tab=2,2026-08-31T14:36:24.455076Z,none
2024-01-19,cny_fx,china,CHN,CNY,CNY per US dollar,7.1167,LCU_per_USD,daily,CFETS_CNY_PARITY,USD/CNY Central Parity Rate - Historical Data,https://www.chinamoney.com.cn/ags/ms/cm-u-bk-ccpr/CcprHisNew,https://www.chinamoney.com.cn/english/bmkcpr/index.html?tab=2,2026-08-31T14:36:24.455076Z,none
2024-01-22,cny_fx,china,CHN,CNY,CNY per US dollar,7.1105,LCU_per_USD,daily,CFETS_CNY_PARITY,USD/CNY Central Parity Rate - Historical Data,https://www.chinamoney.com.cn/ags/ms/cm-u-bk-ccpr/CcprHisNew,https://www.chinamoney.com.cn/english/bmkcpr/index.html?tab=2,2026-08-31T14:36:24.455076Z,none
2024-01-23,cny_fx,china,CHN,CNY,CNY per US dollar,7.1117,LCU_per_USD,daily,CFETS_CNY_PARITY,USD/CNY Central Parity Rate - Historical Data,https://www.chinamoney.com.cn/ags/ms/cm-u-bk-ccpr/CcprHisNew,https://www.chinamoney.com.cn/english/bmkcpr/index.html?tab=2,2026-08-31T14:36:24.455076Z,none
2024-01-24,cny_fx,china,CHN,CNY,CNY per US dollar,7.1053,LCU_per_USD,daily,CFETS_CNY_PARITY,USD/CNY Central Parity Rate - Historical Data,https://www.chinamoney.com.cn/ags/ms/cm-u-bk-ccpr/CcprHisNew,https://www.chinamoney.com.cn/english/bmkcpr/index.html?tab=2,2026-08-31T14:36:24.455076Z,none
2024-01-25,cny_fx,china,CHN,CNY,CNY per US dollar,7.1044,LCU_per_USD,daily,CFETS_CNY_PARITY,USD/CNY Central Parity Rate - Historical Data,https://www.chinamoney.com.cn/ags/ms/cm-u-bk-ccpr/CcprHisNew,https://www.chinamoney.com.cn/english/bmkcpr/index.html?tab=2,2026-08-31T14:36:24.455076Z,none
2024-01-26,cny_fx,china,CHN,CNY,CNY per US dollar,7.1074,LCU_per_USD,daily,CFETS_CNY_PARITY,USD/CNY Central Parity Rate - Historical Data,https://www.chinamoney.com.cn/ags/ms/cm-u-bk-ccpr/CcprHisNew,https://www.chinamoney.com.cn/english/bmkcpr/index.html?tab=2,2026-08-31T14:36:24.455076Z,none
2024-01-29,cny_fx,china,CHN,CNY,CNY per US dollar,7.1097,LCU_per_USD,daily,CFETS_CNY_PARITY,USD/CNY Central Parity Rate - Historical Data,https://www.chinamoney.com.cn/ags/ms/cm-u-bk-ccpr/CcprHisNew,https://www.chinamoney.com.cn/english/bmkcpr/index.html?tab=2,2026-08-31T14:36:24.455076Z,none
2024-01-30,cny_fx,china,CHN,CNY,CNY per US dollar,7.1055,LCU_per_USD,daily,CFETS_CNY_PARITY,USD/CNY Central Parity Rate - Historical Data,https://www.chinamoney.com.cn/ags/ms/cm-u-bk-ccpr/CcprHisNew,https://www.chinamoney.com.cn/english/bmkcpr/index.html?tab=2,2026-08-31T14:36:24.455076Z,none
2024-01-31,cny_fx,china,CHN,CNY,CNY per US dollar,7.1039,LCU_per_USD,daily,CFETS_CNY_PARITY,USD/CNY Central Parity Rate - Historical Data,https://www.chinamoney.com.cn/ags/ms/cm-u-bk-ccpr/CcprHisNew,https://www.chinamoney.com.cn/english/bmkcpr/index.html?tab=2,2026-08-31T14:36:24.455076Z,none
2024-02-01,cny_fx,china,CHN,CNY,CNY per US dollar,7.1049,LCU_per_USD,daily,CFETS_CNY_PARITY,USD/CNY Central Parity Rate - Historical Data,https://www.chinamoney.com.cn/ags/ms/cm-u-bk-ccpr/CcprHisNew,https://www.chinamoney.com.cn/english/bmkcpr/index.html?tab=2,2026-08-31T14:36:24.730202Z,none
2024-02-02,cny_fx,china,CHN,CNY,CNY per US dollar,7.1006,LCU_per_USD,daily,CFETS_CNY_PARITY,USD/CNY Central Parity Rate - Historical Data,https://www.chinamoney.com.cn/ags/ms/cm-u-bk-ccpr/CcprHisNew,https://www.chinamoney.com.cn/english/bmkcpr/index.html?tab=2,2026-08-31T14:36:24.730202Z,none
2024-02-05,cny_fx,china,CHN,CNY,CNY per US dollar,7.107,LCU_per_USD,daily,CFETS_CNY_PARITY,USD/CNY Central Parity Rate - Historical Data,https://www.chinamoney.com.cn/ags/ms/cm-u-bk-ccpr/CcprHisNew,https://www.chinamoney.com.cn/english/bmkcpr/index.html?tab=2,2026-08-31T14:36:24.730202Z,none
2024-02-06,cny_fx,china,CHN,CNY,CNY per US dollar,7.1082,LCU_per_USD,daily,CFETS_CNY_PARITY,USD/CNY Central Parity Rate - Historical Data,https://www.chinamoney.com.cn/ags/ms/cm-u-bk-ccpr/CcprHisNew,https://www.chinamoney.com.cn/english/bmkcpr/index.html?tab=2,2026-08-31T14:36:24.730202Z,none
2024-02-07,cny_fx,china,CHN,CNY,CNY per US dollar,7.1049,LCU_per_USD,daily,CFETS_CNY_PARITY,USD/CNY Central Parity Rate - Historical Data,https://www.chinamoney.com.cn/ags/ms/cm-u-bk-ccpr/CcprHisNew,https://www.chinamoney.com.cn/english/bmkcpr/index.html?tab=2,2026-08-31T14:36:24.730202Z,none
2024-02-08,cny_fx,china,CHN,CNY,CNY per US dollar,7.1063,LCU_per_USD,daily,CFETS_CNY_PARITY,USD/CNY Central Parity Rate - Historical Data,https://www.chinamoney.com.cn/ags/ms/cm-u-bk-ccpr/CcprHisNew,https://www.chinamoney.com.cn/english/bmkcpr/index.html?tab=2,2026-08-31T14:36:24.730202Z,none
2024-02-09,cny_fx,china,CHN,CNY,CNY per US dollar,7.1036,LCU_per_USD,daily,CFETS_CNY_PARITY,USD/CNY Central Parity Rate - Historical Data,https://www.chinamoney.com.cn/ags/ms/cm-u-bk-ccpr/CcprHisNew,https://www.chinamoney.com.cn/english/bmkcpr/index.html?tab=2,2026-08-31T14:36:24.730202Z,none
2024-02-19,cny_fx,china,CHN,CNY,CNY per US dollar,7.1032,LCU_per_USD,daily,CFETS_CNY_PARITY,USD/CNY Central Parity Rate - Historical Data,https://www.chinamoney.com.cn/ags/ms/cm-u-bk-ccpr/CcprHisNew,https://www.chinamoney.com.cn/english/bmkcpr/index.html?tab=2,2026-08-31T14:36:24.730202Z,none
2024-02-20,cny_fx,china,CHN,CNY,CNY per US dollar,7.1068,LCU_per_USD,daily,CFETS_CNY_PARITY,USD/CNY Central Parity Rate - Historical Data,https://www.chinamoney.com.cn/ags/ms/cm-u-bk-ccpr/CcprHisNew,https://www.chinamoney.com.cn/english/bmkcpr/index.html?tab=2,2026-08-31T14:36:24.730202Z,none
2024-02-21,cny_fx,china,CHN,CNY,CNY per US dollar,7.103,LCU_per_USD,daily,CFETS_CNY_PARITY,USD/CNY Central Parity Rate - Historical Data,https://www.chinamoney.com.cn/ags/ms/cm-u-bk-ccpr/CcprHisNew,https://www.chinamoney.com.cn/english/bmkcpr/index.html?tab=2,2026-08-31T14:36:24.730202Z,none
2024-02-22,cny_fx,china,CHN,CNY,CNY per US dollar,7.1018,LCU_per_USD,daily,CFETS_CNY_PARITY,USD/CNY Central Parity Rate - Historical Data,https://www.chinamoney.com.cn/ags/ms/cm-u-bk-ccpr/CcprHisNew,https://www.chinamoney.com.cn/english/bmkcpr/index.html?tab=2,2026-08-31T14:36:24.730202Z,none
2024-02-23,cny_fx,china,CHN,CNY,CNY per US dollar,7.1064,LCU_per_USD,daily,CFETS_CNY_PARITY,USD/CNY Central Parity Rate - Historical Data,https://www.chinamoney.com.cn/ags/ms/cm-u-bk-ccpr/CcprHisNew,https://www.chinamoney.com.cn/english/bmkcpr/index.html?tab=2,2026-08-31T14:36:24.730202Z,none
2024-02-26,cny_fx,china,CHN,CNY,CNY per US dollar,7.108,LCU_per_USD,daily,CFETS_CNY_PARITY,USD/CNY Central Parity Rate - Historical Data,https://www.chinamoney.com.cn/ags/ms/cm-u-bk-ccpr/CcprHisNew,https://www.chinamoney.com.cn/english/bmkcpr/index.html?tab=2,2026-08-31T14:36:24.730202Z,none
2024-02-27,cny_fx,china,CHN,CNY,CNY per US dollar,7.1057,LCU_per_USD,daily,CFETS_CNY_PARITY,USD/CNY Central Parity Rate - Historical Data,https://www.chinamoney.com.cn/ags/ms/cm-u-bk-ccpr/CcprHisNew,https://www.chinamoney.com.cn/english/bmkcpr/index.html?tab=2,2026-08-31T14:36:24.730202Z,none
2024-02-28,cny_fx,china,CHN,CNY,CNY per US dollar,7.1075,LCU_per_USD,daily,CFETS_CNY_PARITY,USD/CNY Central Parity Rate - Historical Data,https://www.chinamoney.com.cn/ags/ms/cm-u-bk-ccpr/CcprHisNew,https://www.chinamoney.com.cn/english/bmkcpr/index.html?tab=2,2026-08-31T14:36:24.730202Z,none
2024-02-29,cny_fx,china,CHN,CNY,CNY per US dollar,7.1036,LCU_per_USD,daily,CFETS_CNY_PARITY,USD/CNY Central Parity Rate - Historical Data,https://www.chinamoney.com.cn/ags/ms/cm-u-bk-ccpr/CcprHisNew,https://www.chinamoney.com.cn/english/bmkcpr/index.html?tab=2,2026-08-31T14:36:24.730202Z,none
2024-03-01,cny_fx,china,CHN,CNY,CNY per US dollar,7.1059,LCU_per_USD,daily,CFETS_CNY_PARITY,USD/CNY Central Parity Rate - Historical Data,https://www.chinamoney.com.cn/ags/ms/cm-u-bk-ccpr/CcprHisNew,https://www.chinamoney.com.cn/english/bmkcpr/index.html?tab=2,2026-08-31T14:36:24.977777Z,none
2024-03-04,cny_fx,china,CHN,CNY,CNY per US dollar,7.102,LCU_per_USD,daily,CFETS_CNY_PARITY,USD/CNY Central Parity Rate - Historical Data,https://www.chinamoney.com.cn/ags/ms/cm-u-bk-ccpr/CcprHisNew,https://www.chinamoney.com.cn/english/bmkcpr/index.html?tab=2,2026-08-31T14:36:24.977777Z,none
2024-03-05,cny_fx,china,CHN,CNY,CNY per US dollar,7.1027,LCU_per_USD,daily,CFETS_CNY_PARITY,USD/CNY Central Parity Rate - Historical Data,https://www.chinamoney.com.cn/ags/ms/cm-u-bk-ccpr/CcprHisNew,https://www.chinamoney.com.cn/english/bmkcpr/index.html?tab=2,2026-08-31T14:36:24.977777Z,none
2024-03-06,cny_fx,china,CHN,CNY,CNY per US dollar,7.1016,LCU_per_USD,daily,CFETS_CNY_PARITY,USD/CNY Central Parity Rate - Historical Data,https://www.chinamoney.com.cn/ags/ms/cm-u-bk-ccpr/CcprHisNew,https://www.chinamoney.com.cn/english/bmkcpr/index.html?tab=2,2026-08-31T14:36:24.977777Z,none
2024-03-07,cny_fx,china,CHN,CNY,CNY per US dollar,7.1002,LCU_per_USD,daily,CFETS_CNY_PARITY,USD/CNY Central Parity Rate - Historical Data,https://www.chinamoney.com.cn/ags/ms/cm-u-bk-ccpr/CcprHisNew,https://www.chinamoney.com.cn/english/bmkcpr/index.html?tab=2,2026-08-31T14:36:24.977777Z,none
2024-03-08,cny_fx,china,CHN,CNY,CNY per US dollar,7.0978,LCU_per_USD,daily,CFETS_CNY_PARITY,USD/CNY Central Parity Rate - Historical Data,https://www.chinamoney.com.cn/ags/ms/cm-u-bk-ccpr/CcprHisNew,https://www.chinamoney.com.cn/english/bmkcpr/index.html?tab=2,2026-08-31T14:36:24.977777Z,none
2024-03-11,cny_fx,china,CHN,CNY,CNY per US dollar,7.0969,LCU_per_USD,daily,CFETS_CNY_PARITY,USD/CNY Central Parity Rate - Historical Data,https://www.chinamoney.com.cn/ags/ms/cm-u-bk-ccpr/CcprHisNew,https://www.chinamoney.com.cn/english/bmkcpr/index.html?tab=2,2026-08-31T14:36:24.977777Z,none
2024-03-12,cny_fx,china,CHN,CNY,CNY per US dollar,7.0963,LCU_per_USD,daily,CFETS_CNY_PARITY,USD/CNY Central Parity Rate - Historical Data,https://www.chinamoney.com.cn/ags/ms/cm-u-bk-ccpr/CcprHisNew,https://www.chinamoney.com.cn/english/bmkcpr/index.html?tab=2,2026-08-31T14:36:24.977777Z,none
2024-03-13,cny_fx,china,CHN,CNY,CNY per US dollar,7.093,LCU_per_USD,daily,CFETS_CNY_PARITY,USD/CNY Central Parity Rate - Historical Data,https://www.chinamoney.com.cn/ags/ms/cm-u-bk-ccpr/CcprHisNew,https://www.chinamoney.com.cn/english/bmkcpr/index.html?tab=2,2026-08-31T14:36:24.977777Z,none
2024-03-14,cny_fx,china,CHN,CNY,CNY per US dollar,7.0974,LCU_per_USD,daily,CFETS_CNY_PARITY,USD/CNY Central Parity Rate - Historical Data,https://www.chinamoney.com.cn/ags/ms/cm-u-bk-ccpr/CcprHisNew,https://www.chinamoney.com.cn/english/bmkcpr/index.html?tab=2,2026-08-31T14:36:24.977777Z,none
2024-03-15,cny_fx,china,CHN,CNY,CNY per US dollar,7.0975,LCU_per_USD,daily,CFETS_CNY_PARITY,USD/CNY Central Parity Rate - Historical Data,https://www.chinamoney.com.cn/ags/ms/cm-u-bk-ccpr/CcprHisNew,https://www.chinamoney.com.cn/english/bmkcpr/index.html?tab=2,2026-08-31T14:36:24.977777Z,none
2024-03-18,cny_fx,china,CHN,CNY,CNY per US dollar,7.0943,LCU_per_USD,daily,CFETS_CNY_PARITY,USD/CNY Central Parity Rate - Historical Data,https://www.chinamoney.com.cn/ags/ms/cm-u-bk-ccpr/CcprHisNew,https://www.chinamoney.com.cn/english/bmkcpr/index.html?tab=2,2026-08-31T14:36:24.977777Z,none
2024-03-19,cny_fx,china,CHN,CNY,CNY per US dollar,7.0985,LCU_per_USD,daily,CFETS_CNY_PARITY,USD/CNY Central Parity Rate - Historical Data,https://www.chinamoney.com.cn/ags/ms/cm-u-bk-ccpr/CcprHisNew,https://www.chinamoney.com.cn/english/bmkcpr/index.html?tab=2,2026-08-31T14:36:24.977777Z,none
2024-03-20,cny_fx,china,CHN,CNY,CNY per US dollar,7.0968,LCU_per_USD,daily,CFETS_CNY_PARITY,USD/CNY Central Parity Rate - Historical Data,https://www.chinamoney.com.cn/ags/ms/cm-u-bk-ccpr/CcprHisNew,https://www.chinamoney.com.cn/english/bmkcpr/index.html?tab=2,2026-08-31T14:36:24.977777Z,none
2024-03-21,cny_fx,china,CHN,CNY,CNY per US dollar,7.0942,LCU_per_USD,daily,CFETS_CNY_PARITY,USD/CNY Central Parity Rate - Historical Data,https://www.chinamoney.com.cn/ags/ms/cm-u-bk-ccpr/CcprHisNew,https://www.chinamoney.com.cn/english/bmkcpr/index.html?tab=2,2026-08-31T14:36:24.977777Z,none
2024-03-22,cny_fx,china,CHN,CNY,CNY per US dollar,7.1004,LCU_per_USD,daily,CFETS_CNY_PARITY,USD/CNY Central Parity Rate - Historical Data,https://www.chinamoney.com.cn/ags/ms/cm-u-bk-ccpr/CcprHisNew,https://www.chinamoney.com.cn/english/bmkcpr/index.html?tab=2,2026-08-31T14:36:24.977777Z,none
2024-03-25,cny_fx,china,CHN,CNY,CNY per US dollar,7.0996,LCU_per_USD,daily,CFETS_CNY_PARITY,USD/CNY Central Parity Rate - Historical Data,https://www.chinamoney.com.cn/ags/ms/cm-u-bk-ccpr/CcprHisNew,https://www.chinamoney.com.cn/english/bmkcpr/index.html?tab=2,2026-08-31T14:36:24.977777Z,none
2024-03-26,cny_fx,china,CHN,CNY,CNY per US dollar,7.0943,LCU_per_USD,daily,CFETS_CNY_PARITY,USD/CNY Central Parity Rate - Historical Data,https://www.chinamoney.com.cn/ags/ms/cm-u-bk-ccpr/CcprHisNew,https://www.chinamoney.com.cn/english/bmkcpr/index.html?tab=2,2026-08-31T14:36:24.977777Z,none
2024-03-27,cny_fx,china,CHN,CNY,CNY per US dollar,7.0946,LCU_per_USD,daily,CFETS_CNY_PARITY,USD/CNY Central Parity Rate - Historical Data,https://www.chinamoney.com.cn/ags/ms/cm-u-bk-ccpr/CcprHisNew,https://www.chinamoney.com.cn/english/bmkcpr/index.html?tab=2,2026-08-31T14:36:24.977777Z,none
2024-03-28,cny_fx,china,CHN,CNY,CNY per US dollar,7.0948,LCU_per_USD,daily,CFETS_CNY_PARITY,USD/CNY Central Parity Rate - Historical Data,https://www.chinamoney.com.cn/ags/ms/cm-u-bk-ccpr/CcprHisNew,https://www.chinamoney.com.cn/english/bmkcpr/index.html?tab=2,2026-08-31T14:36:24.977777Z,none
2024-03-29,cny_fx,china,CHN,CNY,CNY per US dollar,7.095,LCU_per_USD,daily,CFETS_CNY_PARITY,USD/CNY Central Parity Rate - Historical Data,https://www.chinamoney.com.cn/ags/ms/cm-u-bk-ccpr/CcprHisNew,https://www.chinamoney.com.cn/english/bmkcpr/index.html?tab=2,2026-08-31T14:36:24.977777Z,none
2024-04-01,cny_fx,china,CHN,CNY,CNY per US dollar,7.0938,LCU_per_USD,daily,CFETS_CNY_PARITY,USD/CNY Central Parity Rate - Historical Data,https://www.chinamoney.com.cn/ags/ms/cm-u-bk-ccpr/CcprHisNew,https://www.chinamoney.com.cn/english/bmkcpr/index.html?tab=2,2026-08-31T14:36:25.231765Z,none
2024-04-02,cny_fx,china,CHN,CNY,CNY per US dollar,7.0957,LCU_per_USD,daily,CFETS_CNY_PARITY,USD/CNY Central Parity Rate - Historical Data,https://www.chinamoney.com.cn/ags/ms/cm-u-bk-ccpr/CcprHisNew,https://www.chinamoney.com.cn/english/bmkcpr/index.html?tab=2,2026-08-31T14:36:25.231765Z,none
2024-04-03,cny_fx,china,CHN,CNY,CNY per US dollar,7.0949,LCU_per_USD,daily,CFETS_CNY_PARITY,USD/CNY Central Parity Rate - Historical Data,https://www.chinamoney.com.cn/ags/ms/cm-u-bk-ccpr/CcprHisNew,https://www.chinamoney.com.cn/english/bmkcpr/index.html?tab=2,2026-08-31T14:36:25.231765Z,none
2024-04-08,cny_fx,china,CHN,CNY,CNY per US dollar,7.0947,LCU_per_USD,daily,CFETS_CNY_PARITY,USD/CNY Central Parity Rate - Historical Data,https://www.chinamoney.com.cn/ags/ms/cm-u-bk-ccpr/CcprHisNew,https://www.chinamoney.com.cn/english/bmkcpr/index.html?tab=2,2026-08-31T14:36:25.231765Z,none
2024-04-09,cny_fx,china,CHN,CNY,CNY per US dollar,7.0956,LCU_per_USD,daily,CFETS_CNY_PARITY,USD/CNY Central Parity Rate - Historical Data,https://www.chinamoney.com.cn/ags/ms/cm-u-bk-ccpr/CcprHisNew,https://www.chinamoney.com.cn/english/bmkcpr/index.html?tab=2,2026-08-31T14:36:25.231765Z,none
2024-04-10,cny_fx,china,CHN,CNY,CNY per US dollar,7.0959,LCU_per_USD,daily,CFETS_CNY_PARITY,USD/CNY Central Parity Rate - Historical Data,https://www.chinamoney.com.cn/ags/ms/cm-u-bk-ccpr/CcprHisNew,https://www.chinamoney.com.cn/english/bmkcpr/index.html?tab=2,2026-08-31T14:36:25.231765Z,none
2024-04-11,cny_fx,china,CHN,CNY,CNY per US dollar,7.0968,LCU_per_USD,daily,CFETS_CNY_PARITY,USD/CNY Central Parity Rate - Historical Data,https://www.chinamoney.com.cn/ags/ms/cm-u-bk-ccpr/CcprHisNew,https://www.chinamoney.com.cn/english/bmkcpr/index.html?tab=2,2026-08-31T14:36:25.231765Z,none
2024-04-12,cny_fx,china,CHN,CNY,CNY per US dollar,7.0967,LCU_per_USD,daily,CFETS_CNY_PARITY,USD/CNY Central Parity Rate - Historical Data,https://www.chinamoney.com.cn/ags/ms/cm-u-bk-ccpr/CcprHisNew,https://www.chinamoney.com.cn/english/bmkcpr/index.html?tab=2,2026-08-31T14:36:25.231765Z,none
2024-04-15,cny_fx,china,CHN,CNY,CNY per US dollar,7.0979,LCU_per_USD,daily,CFETS_CNY_PARITY,USD/CNY Central Parity Rate - Historical Data,https://www.chinamoney.com.cn/ags/ms/cm-u-bk-ccpr/CcprHisNew,https://www.chinamoney.com.cn/english/bmkcpr/index.html?tab=2,2026-08-31T14:36:25.231765Z,none
2024-04-16,cny_fx,china,CHN,CNY,CNY per US dollar,7.1028,LCU_per_USD,daily,CFETS_CNY_PARITY,USD/CNY Central Parity Rate - Historical Data,https://www.chinamoney.com.cn/ags/ms/cm-u-bk-ccpr/CcprHisNew,https://www.chinamoney.com.cn/english/bmkcpr/index.html?tab=2,2026-08-31T14:36:25.231765Z,none
2024-04-17,cny_fx,china,CHN,CNY,CNY per US dollar,7.1025,LCU_per_USD,daily,CFETS_CNY_PARITY,USD/CNY Central Parity Rate - Historical Data,https://www.chinamoney.com.cn/ags/ms/cm-u-bk-ccpr/CcprHisNew,https://www.chinamoney.com.cn/english/bmkcpr/index.html?tab=2,2026-08-31T14:36:25.231765Z,none
2024-04-18,cny_fx,china,CHN,CNY,CNY per US dollar,7.102,LCU_per_USD,daily,CFETS_CNY_PARITY,USD/CNY Central Parity Rate - Historical Data,https://www.chinamoney.com.cn/ags/ms/cm-u-bk-ccpr/CcprHisNew,https://www.chinamoney.com.cn/english/bmkcpr/index.html?tab=2,2026-08-31T14:36:25.231765Z,none
2024-04-19,cny_fx,china,CHN,CNY,CNY per US dollar,7.1046,LCU_per_USD,daily,CFETS_CNY_PARITY,USD/CNY Central Parity Rate - Historical Data,https://www.chinamoney.com.cn/ags/ms/cm-u-bk-ccpr/CcprHisNew,https://www.chinamoney.com.cn/english/bmkcpr/index.html?tab=2,2026-08-31T14:36:25.231765Z,none
2024-04-22,cny_fx,china,CHN,CNY,CNY per US dollar,7.1043,LCU_per_USD,daily,CFETS_CNY_PARITY,USD/CNY Central Parity Rate - Historical Data,https://www.chinamoney.com.cn/ags/ms/cm-u-bk-ccpr/CcprHisNew,https://www.chinamoney.com.cn/english/bmkcpr/index.html?tab=2,2026-08-31T14:36:25.231765Z,none
2024-04-23,cny_fx,china,CHN,CNY,CNY per US dollar,7.1059,LCU_per_USD,daily,CFETS_CNY_PARITY,USD/CNY Central Parity Rate - Historical Data,https://www.chinamoney.com.cn/ags/ms/cm-u-bk-ccpr/CcprHisNew,https://www.chinamoney.com.cn/english/bmkcpr/index.html?tab=2,2026-08-31T14:36:25.231765Z,none
2024-04-24,cny_fx,china,CHN,CNY,CNY per US dollar,7.1048,LCU_per_USD,daily,CFETS_CNY_PARITY,USD/CNY Central Parity Rate - Historical Data,https://www.chinamoney.com.cn/ags/ms/cm-u-bk-ccpr/CcprHisNew,https://www.chinamoney.com.cn/english/bmkcpr/index.html?tab=2,2026-08-31T14:36:25.231765Z,none
2024-04-25,cny_fx,china,CHN,CNY,CNY per US dollar,7.1058,LCU_per_USD,daily,CFETS_CNY_PARITY,USD/CNY Central Parity Rate - Historical Data,https://www.chinamoney.com.cn/ags/ms/cm-u-bk-ccpr/CcprHisNew,https://www.chinamoney.com.cn/english/bmkcpr/index.html?tab=2,2026-08-31T14:36:25.231765Z,none
2024-04-26,cny_fx,china,CHN,CNY,CNY per US dollar,7.1056,LCU_per_USD,daily,CFETS_CNY_PARITY,USD/CNY Central Parity Rate - Historical Data,https://www.chinamoney.com.cn/ags/ms/cm-u-bk-ccpr/CcprHisNew,https://www.chinamoney.com.cn/english/bmkcpr/index.html?tab=2,2026-08-31T14:36:25.231765Z,none
2024-04-29,cny_fx,china,CHN,CNY,CNY per US dollar,7.1066,LCU_per_USD,daily,CFETS_CNY_PARITY,USD/CNY Central Parity Rate - Historical Data,https://www.chinamoney.com.cn/ags/ms/cm-u-bk-ccpr/CcprHisNew,https://www.chinamoney.com.cn/english/bmkcpr/index.html?tab=2,2026-08-31T14:36:25.231765Z,none
2024-04-30,cny_fx,china,CHN,CNY,CNY per US dollar,7.1063,LCU_per_USD,daily,CFETS_CNY_PARITY,USD/CNY Central Parity Rate - Historical Data,https://www.chinamoney.com.cn/ags/ms/cm-u-bk-ccpr/CcprHisNew,https://www.chinamoney.com.cn/english/bmkcpr/index.html?tab=2,2026-08-31T14:36:25.231765Z,none
2024-05-06,cny_fx,china,CHN,CNY,CNY per US dollar,7.0994,LCU_per_USD,daily,CFETS_CNY_PARITY,USD/CNY Central Parity Rate - Historical Data,https://www.chinamoney.com.cn/ags/ms/cm-u-bk-ccpr/CcprHisNew,https://www.chinamoney.com.cn/english/bmkcpr/index.html?tab=2,2026-08-31T14:36:25.489614Z,none
2024-05-07,cny_fx,china,CHN,CNY,CNY per US dollar,7.1002,LCU_per_USD,daily,CFETS_CNY_PARITY,USD/CNY Central Parity Rate - Historical Data,https://www.chinamoney.com.cn/ags/ms/cm-u-bk-ccpr/CcprHisNew,https://www.chinamoney.com.cn/english/bmkcpr/index.html?tab=2,2026-08-31T14:36:25.489614Z,none
2024-05-08,cny_fx,china,CHN,CNY,CNY per US dollar,7.1016,LCU_per_USD,daily,CFETS_CNY_PARITY,USD/CNY Central Parity Rate - Historical Data,https://www.chinamoney.com.cn/ags/ms/cm-u-bk-ccpr/CcprHisNew,https://www.chinamoney.com.cn/english/bmkcpr/index.html?tab=2,2026-08-31T14:36:25.489614Z,none
2024-05-09,cny_fx,china,CHN,CNY,CNY per US dollar,7.1028,LCU_per_USD,daily,CFETS_CNY_PARITY,USD/CNY Central Parity Rate - Historical Data,https://www.chinamoney.com.cn/ags/ms/cm-u-bk-ccpr/CcprHisNew,https://www.chinamoney.com.cn/english/bmkcpr/index.html?tab=2,2026-08-31T14:36:25.489614Z,none
2024-05-10,cny_fx,china,CHN,CNY,CNY per US dollar,7.1011,LCU_per_USD,daily,CFETS_CNY_PARITY,USD/CNY Central Parity Rate - Historical Data,https://www.chinamoney.com.cn/ags/ms/cm-u-bk-ccpr/CcprHisNew,https://www.chinamoney.com.cn/english/bmkcpr/index.html?tab=2,2026-08-31T14:36:25.489614Z,none
2024-05-13,cny_fx,china,CHN,CNY,CNY per US dollar,7.103,LCU_per_USD,daily,CFETS_CNY_PARITY,USD/CNY Central Parity Rate - Historical Data,https://www.chinamoney.com.cn/ags/ms/cm-u-bk-ccpr/CcprHisNew,https://www.chinamoney.com.cn/english/bmkcpr/index.html?tab=2,2026-08-31T14:36:25.489614Z,none
2024-05-14,cny_fx,china,CHN,CNY,CNY per US dollar,7.1053,LCU_per_USD,daily,CFETS_CNY_PARITY,USD/CNY Central Parity Rate - Historical Data,https://www.chinamoney.com.cn/ags/ms/cm-u-bk-ccpr/CcprHisNew,https://www.chinamoney.com.cn/english/bmkcpr/index.html?tab=2,2026-08-31T14:36:25.489614Z,none
2024-05-15,cny_fx,china,CHN,CNY,CNY per US dollar,7.1049,LCU_per_USD,daily,CFETS_CNY_PARITY,USD/CNY Central Parity Rate - Historical Data,https://www.chinamoney.com.cn/ags/ms/cm-u-bk-ccpr/CcprHisNew,https://www.chinamoney.com.cn/english/bmkcpr/index.html?tab=2,2026-08-31T14:36:25.489614Z,none
2024-05-16,cny_fx,china,CHN,CNY,CNY per US dollar,7.102,LCU_per_USD,daily,CFETS_CNY_PARITY,USD/CNY Central Parity Rate - Historical Data,https://www.chinamoney.com.cn/ags/ms/cm-u-bk-ccpr/CcprHisNew,https://www.chinamoney.com.cn/english/bmkcpr/index.html?tab=2,2026-08-31T14:36:25.489614Z,none
2024-05-17,cny_fx,china,CHN,CNY,CNY per US dollar,7.1045,LCU_per_USD,daily,CFETS_CNY_PARITY,USD/CNY Central Parity Rate - Historical Data,https://www.chinamoney.com.cn/ags/ms/cm-u-bk-ccpr/CcprHisNew,https://www.chinamoney.com.cn/english/bmkcpr/index.html?tab=2,2026-08-31T14:36:25.489614Z,none
2024-05-20,cny_fx,china,CHN,CNY,CNY per US dollar,7.1042,LCU_per_USD,daily,CFETS_CNY_PARITY,USD/CNY Central Parity Rate - Historical Data,https://www.chinamoney.com.cn/ags/ms/cm-u-bk-ccpr/CcprHisNew,https://www.chinamoney.com.cn/english/bmkcpr/index.html?tab=2,2026-08-31T14:36:25.489614Z,none
2024-05-21,cny_fx,china,CHN,CNY,CNY per US dollar,7.1069,LCU_per_USD,daily,CFETS_CNY_PARITY,USD/CNY Central Parity Rate - Historical Data,https://www.chinamoney.com.cn/ags/ms/cm-u-bk-ccpr/CcprHisNew,https://www.chinamoney.com.cn/english/bmkcpr/index.html?tab=2,2026-08-31T14:36:25.489614Z,none
2024-05-22,cny_fx,china,CHN,CNY,CNY per US dollar,7.1077,LCU_per_USD,daily,CFETS_CNY_PARITY,USD/CNY Central Parity Rate - Historical Data,https://www.chinamoney.com.cn/ags/ms/cm-u-bk-ccpr/CcprHisNew,https://www.chinamoney.com.cn/english/bmkcpr/index.html?tab=2,2026-08-31T14:36:25.489614Z,none
2024-05-23,cny_fx,china,CHN,CNY,CNY per US dollar,7.1098,LCU_per_USD,daily,CFETS_CNY_PARITY,USD/CNY Central Parity Rate - Historical Data,https://www.chinamoney.com.cn/ags/ms/cm-u-bk-ccpr/CcprHisNew,https://www.chinamoney.com.cn/english/bmkcpr/index.html?tab=2,2026-08-31T14:36:25.489614Z,none
2024-05-24,cny_fx,china,CHN,CNY,CNY per US dollar,7.1102,LCU_per_USD,daily,CFETS_CNY_PARITY,USD/CNY Central Parity Rate - Historical Data,https://www.chinamoney.com.cn/ags/ms/cm-u-bk-ccpr/CcprHisNew,https://www.chinamoney.com.cn/english/bmkcpr/index.html?tab=2,2026-08-31T14:36:25.489614Z,none
2024-05-27,cny_fx,china,CHN,CNY,CNY per US dollar,7.1091,LCU_per_USD,daily,CFETS_CNY_PARITY,USD/CNY Central Parity Rate - Historical Data,https://www.chinamoney.com.cn/ags/ms/cm-u-bk-ccpr/CcprHisNew,https://www.chinamoney.com.cn/english/bmkcpr/index.html?tab=2,2026-08-31T14:36:25.489614Z,none
2024-05-28,cny_fx,china,CHN,CNY,CNY per US dollar,7.1101,LCU_per_USD,daily,CFETS_CNY_PARITY,USD/CNY Central Parity Rate - Historical Data,https://www.chinamoney.com.cn/ags/ms/cm-u-bk-ccpr/CcprHisNew,https://www.chinamoney.com.cn/english/bmkcpr/index.html?tab=2,2026-08-31T14:36:25.489614Z,none
2024-05-29,cny_fx,china,CHN,CNY,CNY per US dollar,7.1106,LCU_per_USD,daily,CFETS_CNY_PARITY,USD/CNY Central Parity Rate - Historical Data,https://www.chinamoney.com.cn/ags/ms/cm-u-bk-ccpr/CcprHisNew,https://www.chinamoney.com.cn/english/bmkcpr/index.html?tab=2,2026-08-31T14:36:25.489614Z,none
2024-05-30,cny_fx,china,CHN,CNY,CNY per US dollar,7.1111,LCU_per_USD,daily,CFETS_CNY_PARITY,USD/CNY Central Parity Rate - Historical Data,https://www.chinamoney.com.cn/ags/ms/cm-u-bk-ccpr/CcprHisNew,https://www.chinamoney.com.cn/english/bmkcpr/index.html?tab=2,2026-08-31T14:36:25.489614Z,none
2024-05-31,cny_fx,china,CHN,CNY,CNY per US dollar,7.1088,LCU_per_USD,daily,CFETS_CNY_PARITY,USD/CNY Central Parity Rate - Historical Data,https://www.chinamoney.com.cn/ags/ms/cm-u-bk-ccpr/CcprHisNew,https://www.chinamoney.com.cn/english/bmkcpr/index.html?tab=2,2026-08-31T14:36:25.489614Z,none
2024-06-03,cny_fx,china,CHN,CNY,CNY per US dollar,7.1086,LCU_per_USD,daily,CFETS_CNY_PARITY,USD/CNY Central Parity Rate - Historical Data,https://www.chinamoney.com.cn/ags/ms/cm-u-bk-ccpr/CcprHisNew,https://www.chinamoney.com.cn/english/bmkcpr/index.html?tab=2,2026-08-31T14:36:25.724740Z,none
2024-06-04,cny_fx,china,CHN,CNY,CNY per US dollar,7.1083,LCU_per_USD,daily,CFETS_CNY_PARITY,USD/CNY Central Parity Rate - Historical Data,https://www.chinamoney.com.cn/ags/ms/cm-u-bk-ccpr/CcprHisNew,https://www.chinamoney.com.cn/english/bmkcpr/index.html?tab=2,2026-08-31T14:36:25.724740Z,none
2024-06-05,cny_fx,china,CHN,CNY,CNY per US dollar,7.1097,LCU_per_USD,daily,CFETS_CNY_PARITY,USD/CNY Central Parity Rate - Historical Data,https://www.chinamoney.com.cn/ags/ms/cm-u-bk-ccpr/CcprHisNew,https://www.chinamoney.com.cn/english/bmkcpr/index.html?tab=2,2026-08-31T14:36:25.724740Z,none
2024-06-06,cny_fx,china,CHN,CNY,CNY per US dollar,7.1108,LCU_per_USD,daily,CFETS_CNY_PARITY,USD/CNY Central Parity Rate - Historical Data,https://www.chinamoney.com.cn/ags/ms/cm-u-bk-ccpr/CcprHisNew,https://www.chinamoney.com.cn/english/bmkcpr/index.html?tab=2,2026-08-31T14:36:25.724740Z,none
2024-06-07,cny_fx,china,CHN,CNY,CNY per US dollar,7.1106,LCU_per_USD,daily,CFETS_CNY_PARITY,USD/CNY Central Parity Rate - Historical Data,https://www.chinamoney.com.cn/ags/ms/cm-u-bk-ccpr/CcprHisNew,https://www.chinamoney.com.cn/english/bmkcpr/index.html?tab=2,2026-08-31T14:36:25.724740Z,none
2024-06-11,cny_fx,china,CHN,CNY,CNY per US dollar,7.1135,LCU_per_USD,daily,CFETS_CNY_PARITY,USD/CNY Central Parity Rate - Historical Data,https://www.chinamoney.com.cn/ags/ms/cm-u-bk-ccpr/CcprHisNew,https://www.chinamoney.com.cn/english/bmkcpr/index.html?tab=2,2026-08-31T14:36:25.724740Z,none
2024-06-12,cny_fx,china,CHN,CNY,CNY per US dollar,7.1133,LCU_per_USD,daily,CFETS_CNY_PARITY,USD/CNY Central Parity Rate - Historical Data,https://www.chinamoney.com.cn/ags/ms/cm-u-bk-ccpr/CcprHisNew,https://www.chinamoney.com.cn/english/bmkcpr/index.html?tab=2,2026-08-31T14:36:25.724740Z,none
2024-06-13,cny_fx,china,CHN,CNY,CNY per US dollar,7.1122,LCU_per_USD,daily,CFETS_CNY_PARITY,USD/CNY Central Parity Rate - Historical Data,https://www.chinamoney.com.cn/ags/ms/cm-u-bk-ccpr/CcprHisNew,https://www.chinamoney.com.cn/english/bmkcpr/index.html?tab=2,2026-08-31T14:36:25.724740Z,none
2024-06-14,cny_fx,china,CHN,CNY,CNY per US dollar,7.1151,LCU_per_USD,daily,CFETS_CNY_PARITY,USD/CNY Central Parity Rate - Historical Data,https://www.chinamoney.com.cn/ags/ms/cm-u-bk-ccpr/CcprHisNew,https://www.chinamoney.com.cn/english/bmkcpr/index.html?tab=2,2026-08-31T14:36:25.724740Z,none
2024-06-17,cny_fx,china,CHN,CNY,CNY per US dollar,7.1149,LCU_per_USD,daily,CFETS_CNY_PARITY,USD/CNY Central Parity Rate - Historical Data,https://www.chinamoney.com.cn/ags/ms/cm-u-bk-ccpr/CcprHisNew,https://www.chinamoney.com.cn/english/bmkcpr/index.html?tab=2,2026-08-31T14:36:25.724740Z,none
2024-06-18,cny_fx,china,CHN,CNY,CNY per US dollar,7.1148,LCU_per_USD,daily,CFETS_CNY_PARITY,USD/CNY Central Parity Rate - Historical Data,https://www.chinamoney.com.cn/ags/ms/cm-u-bk-ccpr/CcprHisNew,https://www.chinamoney.com.cn/english/bmkcpr/index.html?tab=2,2026-08-31T14:36:25.724740Z,none
2024-06-19,cny_fx,china,CHN,CNY,CNY per US dollar,7.1159,LCU_per_USD,daily,CFETS_CNY_PARITY,USD/CNY Central Parity Rate - Historical Data,https://www.chinamoney.com.cn/ags/ms/cm-u-bk-ccpr/CcprHisNew,https://www.chinamoney.com.cn/english/bmkcpr/index.html?tab=2,2026-08-31T14:36:25.724740Z,none
2024-06-20,cny_fx,china,CHN,CNY,CNY per US dollar,7.1192,LCU_per_USD,daily,CFETS_CNY_PARITY,USD/CNY Central Parity Rate - Historical Data,https://www.chinamoney.com.cn/ags/ms/cm-u-bk-ccpr/CcprHisNew,https://www.chinamoney.com.cn/english/bmkcpr/index.html?tab=2,2026-08-31T14:36:25.724740Z,none
2024-06-21,cny_fx,china,CHN,CNY,CNY per US dollar,7.1196,LCU_per_USD,daily,CFETS_CNY_PARITY,USD/CNY Central Parity Rate - Historical Data,https://www.chinamoney.com.cn/ags/ms/cm-u-bk-ccpr/CcprHisNew,https://www.chinamoney.com.cn/english/bmkcpr/index.html?tab=2,2026-08-31T14:36:25.724740Z,none
2024-06-24,cny_fx,china,CHN,CNY,CNY per US dollar,7.1201,LCU_per_USD,daily,CFETS_CNY_PARITY,USD/CNY Central Parity Rate - Historical Data,https://www.chinamoney.com.cn/ags/ms/cm-u-bk-ccpr/CcprHisNew,https://www.chinamoney.com.cn/english/bmkcpr/index.html?tab=2,2026-08-31T14:36:25.724740Z,none
2024-06-25,cny_fx,china,CHN,CNY,CNY per US dollar,7.1225,LCU_per_USD,daily,CFETS_CNY_PARITY,USD/CNY Central Parity Rate - Historical Data,https://www.chinamoney.com.cn/ags/ms/cm-u-bk-ccpr/CcprHisNew,https://www.chinamoney.com.cn/english/bmkcpr/index.html?tab=2,2026-08-31T14:36:25.724740Z,none
2024-06-26,cny_fx,china,CHN,CNY,CNY per US dollar,7.1248,LCU_per_USD,daily,CFETS_CNY_PARITY,USD/CNY Central Parity Rate - Historical Data,https://www.chinamoney.com.cn/ags/ms/cm-u-bk-ccpr/CcprHisNew,https://www.chinamoney.com.cn/english/bmkcpr/index.html?tab=2,2026-08-31T14:36:25.724740Z,none
2024-06-27,cny_fx,china,CHN,CNY,CNY per US dollar,7.127,LCU_per_USD,daily,CFETS_CNY_PARITY,USD/CNY Central Parity Rate - Historical Data,https://www.chinamoney.com.cn/ags/ms/cm-u-bk-ccpr/CcprHisNew,https://www.chinamoney.com.cn/english/bmkcpr/index.html?tab=2,2026-08-31T14:36:25.724740Z,none
2024-06-28,cny_fx,china,CHN,CNY,CNY per US dollar,7.1268,LCU_per_USD,daily,CFETS_CNY_PARITY,USD/CNY Central Parity Rate - Historical Data,https://www.chinamoney.com.cn/ags/ms/cm-u-bk-ccpr/CcprHisNew,https://www.chinamoney.com.cn/english/bmkcpr/index.html?tab=2,2026-08-31T14:36:25.724740Z,none
2024-07-01,cny_fx,china,CHN,CNY,CNY per US dollar,7.1265,LCU_per_USD,daily,CFETS_CNY_PARITY,USD/CNY Central Parity Rate - Historical Data,https://www.chinamoney.com.cn/ags/ms/cm-u-bk-ccpr/CcprHisNew,https://www.chinamoney.com.cn/english/bmkcpr/index.html?tab=2,2026-08-31T14:36:25.976427Z,none
2024-07-02,cny_fx,china,CHN,CNY,CNY per US dollar,7.1291,LCU_per_USD,daily,CFETS_CNY_PARITY,USD/CNY Central Parity Rate - Historical Data,https://www.chinamoney.com.cn/ags/ms/cm-u-bk-ccpr/CcprHisNew,https://www.chinamoney.com.cn/english/bmkcpr/index.html?tab=2,2026-08-31T14:36:25.976427Z,none
2024-07-03,cny_fx,china,CHN,CNY,CNY per US dollar,7.1312,LCU_per_USD,daily,CFETS_CNY_PARITY,USD/CNY Central Parity Rate - Historical Data,https://www.chinamoney.com.cn/ags/ms/cm-u-bk-ccpr/CcprHisNew,https://www.chinamoney.com.cn/english/bmkcpr/index.html?tab=2,2026-08-31T14:36:25.976427Z,none
2024-07-04,cny_fx,china,CHN,CNY,CNY per US dollar,7.1305,LCU_per_USD,daily,CFETS_CNY_PARITY,USD/CNY Central Parity Rate - Historical Data,https://www.chinamoney.com.cn/ags/ms/cm-u-bk-ccpr/CcprHisNew,https://www.chinamoney.com.cn/english/bmkcpr/index.html?tab=2,2026-08-31T14:36:25.976427Z,none
2024-07-05,cny_fx,china,CHN,CNY,CNY per US dollar,7.1289,LCU_per_USD,daily,CFETS_CNY_PARITY,USD/CNY Central Parity Rate - Historical Data,https://www.chinamoney.com.cn/ags/ms/cm-u-bk-ccpr/CcprHisNew,https://www.chinamoney.com.cn/english/bmkcpr/index.html?tab=2,2026-08-31T14:36:25.976427Z,none
2024-07-08,cny_fx,china,CHN,CNY,CNY per US dollar,7.1286,LCU_per_USD,daily,CFETS_CNY_PARITY,USD/CNY Central Parity Rate - Historical Data,https://www.chinamoney.com.cn/ags/ms/cm-u-bk-ccpr/CcprHisNew,https://www.chinamoney.com.cn/english/bmkcpr/index.html?tab=2,2026-08-31T14:36:25.976427Z,none
2024-07-09,cny_fx,china,CHN,CNY,CNY per US dollar,7.131,LCU_per_USD,daily,CFETS_CNY_PARITY,USD/CNY Central Parity Rate - Historical Data,https://www.chinamoney.com.cn/ags/ms/cm-u-bk-ccpr/CcprHisNew,https://www.chinamoney.com.cn/english/bmkcpr/index.html?tab=2,2026-08-31T14:36:25.976427Z,none
2024-07-10,cny_fx,china,CHN,CNY,CNY per US dollar,7.1342,LCU_per_USD,daily,CFETS_CNY_PARITY,USD/CNY Central Parity Rate - Historical Data,https://www.chinamoney.com.cn/ags/ms/cm-u-bk-ccpr/CcprHisNew,https://www.chinamoney.com.cn/english/bmkcpr/index.html?tab=2,2026-08-31T14:36:25.976427Z,none
2024-07-11,cny_fx,china,CHN,CNY,CNY per US dollar,7.1339,LCU_per_USD,daily,CFETS_CNY_PARITY,USD/CNY Central Parity Rate - Historical Data,https://www.chinamoney.com.cn/ags/ms/cm-u-bk-ccpr/CcprHisNew,https://www.chinamoney.com.cn/english/bmkcpr/index.html?tab=2,2026-08-31T14:36:25.976427Z,none
2024-07-12,cny_fx,china,CHN,CNY,CNY per US dollar,7.1315,LCU_per_USD,daily,CFETS_CNY_PARITY,USD/CNY Central Parity Rate - Historical Data,https://www.chinamoney.com.cn/ags/ms/cm-u-bk-ccpr/CcprHisNew,https://www.chinamoney.com.cn/english/bmkcpr/index.html?tab=2,2026-08-31T14:36:25.976427Z,none
2024-07-15,cny_fx,china,CHN,CNY,CNY per US dollar,7.1313,LCU_per_USD,daily,CFETS_CNY_PARITY,USD/CNY Central Parity Rate - Historical Data,https://www.chinamoney.com.cn/ags/ms/cm-u-bk-ccpr/CcprHisNew,https://www.chinamoney.com.cn/english/bmkcpr/index.html?tab=2,2026-08-31T14:36:25.976427Z,none
2024-07-16,cny_fx,china,CHN,CNY,CNY per US dollar,7.1328,LCU_per_USD,daily,CFETS_CNY_PARITY,USD/CNY Central Parity Rate - Historical Data,https://www.chinamoney.com.cn/ags/ms/cm-u-bk-ccpr/CcprHisNew,https://www.chinamoney.com.cn/english/bmkcpr/index.html?tab=2,2026-08-31T14:36:25.976427Z,none
2024-07-17,cny_fx,china,CHN,CNY,CNY per US dollar,7.1318,LCU_per_USD,daily,CFETS_CNY_PARITY,USD/CNY Central Parity Rate - Historical Data,https://www.chinamoney.com.cn/ags/ms/cm-u-bk-ccpr/CcprHisNew,https://www.chinamoney.com.cn/english/bmkcpr/index.html?tab=2,2026-08-31T14:36:25.976427Z,none
2024-07-18,cny_fx,china,CHN,CNY,CNY per US dollar,7.1285,LCU_per_USD,daily,CFETS_CNY_PARITY,USD/CNY Central Parity Rate - Historical Data,https://www.chinamoney.com.cn/ags/ms/cm-u-bk-ccpr/CcprHisNew,https://www.chinamoney.com.cn/english/bmkcpr/index.html?tab=2,2026-08-31T14:36:25.976427Z,none
2024-07-19,cny_fx,china,CHN,CNY,CNY per US dollar,7.1315,LCU_per_USD,daily,CFETS_CNY_PARITY,USD/CNY Central Parity Rate - Historical Data,https://www.chinamoney.com.cn/ags/ms/cm-u-bk-ccpr/CcprHisNew,https://www.chinamoney.com.cn/english/bmkcpr/index.html?tab=2,2026-08-31T14:36:25.976427Z,none
2024-07-22,cny_fx,china,CHN,CNY,CNY per US dollar,7.1335,LCU_per_USD,daily,CFETS_CNY_PARITY,USD/CNY Central Parity Rate - Historical Data,https://www.chinamoney.com.cn/ags/ms/cm-u-bk-ccpr/CcprHisNew,https://www.chinamoney.com.cn/english/bmkcpr/index.html?tab=2,2026-08-31T14:36:25.976427Z,none
2024-07-23,cny_fx,china,CHN,CNY,CNY per US dollar,7.1334,LCU_per_USD,daily,CFETS_CNY_PARITY,USD/CNY Central Parity Rate - Historical Data,https://www.chinamoney.com.cn/ags/ms/cm-u-bk-ccpr/CcprHisNew,https://www.chinamoney.com.cn/english/bmkcpr/index.html?tab=2,2026-08-31T14:36:25.976427Z,none
2024-07-24,cny_fx,china,CHN,CNY,CNY per US dollar,7.1358,LCU_per_USD,daily,CFETS_CNY_PARITY,USD/CNY Central Parity Rate - Historical Data,https://www.chinamoney.com.cn/ags/ms/cm-u-bk-ccpr/CcprHisNew,https://www.chinamoney.com.cn/english/bmkcpr/index.html?tab=2,2026-08-31T14:36:25.976427Z,none
2024-07-25,cny_fx,china,CHN,CNY,CNY per US dollar,7.1321,LCU_per_USD,daily,CFETS_CNY_PARITY,USD/CNY Central Parity Rate - Historical Data,https://www.chinamoney.com.cn/ags/ms/cm-u-bk-ccpr/CcprHisNew,https://www.chinamoney.com.cn/english/bmkcpr/index.html?tab=2,2026-08-31T14:36:25.976427Z,none
2024-07-26,cny_fx,china,CHN,CNY,CNY per US dollar,7.127,LCU_per_USD,daily,CFETS_CNY_PARITY,USD/CNY Central Parity Rate - Historical Data,https://www.chinamoney.com.cn/ags/ms/cm-u-bk-ccpr/CcprHisNew,https://www.chinamoney.com.cn/english/bmkcpr/index.html?tab=2,2026-08-31T14:36:25.976427Z,none
2024-07-29,cny_fx,china,CHN,CNY,CNY per US dollar,7.1316,LCU_per_USD,daily,CFETS_CNY_PARITY,USD/CNY Central Parity Rate - Historical Data,https://www.chinamoney.com.cn/ags/ms/cm-u-bk-ccpr/CcprHisNew,https://www.chinamoney.com.cn/english/bmkcpr/index.html?tab=2,2026-08-31T14:36:25.976427Z,none
2024-07-30,cny_fx,china,CHN,CNY,CNY per US dollar,7.1364,LCU_per_USD,daily,CFETS_CNY_PARITY,USD/CNY Central Parity Rate - Historical Data,https://www.chinamoney.com.cn/ags/ms/cm-u-bk-ccpr/CcprHisNew,https://www.chinamoney.com.cn/english/bmkcpr/index.html?tab=2,2026-08-31T14:36:25.976427Z,none
2024-07-31,cny_fx,china,CHN,CNY,CNY per US dollar,7.1346,LCU_per_USD,daily,CFETS_CNY_PARITY,USD/CNY Central Parity Rate - Historical Data,https://www.chinamoney.com.cn/ags/ms/cm-u-bk-ccpr/CcprHisNew,https://www.chinamoney.com.cn/english/bmkcpr/index.html?tab=2,2026-08-31T14:36:25.976427Z,none
2024-08-01,cny_fx,china,CHN,CNY,CNY per US dollar,7.1323,LCU_per_USD,daily,CFETS_CNY_PARITY,USD/CNY Central Parity Rate - Historical Data,https://www.chinamoney.com.cn/ags/ms/cm-u-bk-ccpr/CcprHisNew,https://www.chinamoney.com.cn/english/bmkcpr/index.html?tab=2,2026-08-31T14:36:26.219919Z,none
2024-08-02,cny_fx,china,CHN,CNY,CNY per US dollar,7.1376,LCU_per_USD,daily,CFETS_CNY_PARITY,USD/CNY Central Parity Rate - Historical Data,https://www.chinamoney.com.cn/ags/ms/cm-u-bk-ccpr/CcprHisNew,https://www.chinamoney.com.cn/english/bmkcpr/index.html?tab=2,2026-08-31T14:36:26.219919Z,none
2024-08-05,cny_fx,china,CHN,CNY,CNY per US dollar,7.1345,LCU_per_USD,daily,CFETS_CNY_PARITY,USD/CNY Central Parity Rate - Historical Data,https://www.chinamoney.com.cn/ags/ms/cm-u-bk-ccpr/CcprHisNew,https://www.chinamoney.com.cn/english/bmkcpr/index.html?tab=2,2026-08-31T14:36:26.219919Z,none
2024-08-06,cny_fx,china,CHN,CNY,CNY per US dollar,7.1318,LCU_per_USD,daily,CFETS_CNY_PARITY,USD/CNY Central Parity Rate - Historical Data,https://www.chinamoney.com.cn/ags/ms/cm-u-bk-ccpr/CcprHisNew,https://www.chinamoney.com.cn/english/bmkcpr/index.html?tab=2,2026-08-31T14:36:26.219919Z,none
2024-08-07,cny_fx,china,CHN,CNY,CNY per US dollar,7.1386,LCU_per_USD,daily,CFETS_CNY_PARITY,USD/CNY Central Parity Rate - Historical Data,https://www.chinamoney.com.cn/ags/ms/cm-u-bk-ccpr/CcprHisNew,https://www.chinamoney.com.cn/english/bmkcpr/index.html?tab=2,2026-08-31T14:36:26.219919Z,none
2024-08-08,cny_fx,china,CHN,CNY,CNY per US dollar,7.146,LCU_per_USD,daily,CFETS_CNY_PARITY,USD/CNY Central Parity Rate - Historical Data,https://www.chinamoney.com.cn/ags/ms/cm-u-bk-ccpr/CcprHisNew,https://www.chinamoney.com.cn/english/bmkcpr/index.html?tab=2,2026-08-31T14:36:26.219919Z,none
2024-08-09,cny_fx,china,CHN,CNY,CNY per US dollar,7.1449,LCU_per_USD,daily,CFETS_CNY_PARITY,USD/CNY Central Parity Rate - Historical Data,https://www.chinamoney.com.cn/ags/ms/cm-u-bk-ccpr/CcprHisNew,https://www.chinamoney.com.cn/english/bmkcpr/index.html?tab=2,2026-08-31T14:36:26.219919Z,none
2024-08-12,cny_fx,china,CHN,CNY,CNY per US dollar,7.1458,LCU_per_USD,daily,CFETS_CNY_PARITY,USD/CNY Central Parity Rate - Historical Data,https://www.chinamoney.com.cn/ags/ms/cm-u-bk-ccpr/CcprHisNew,https://www.chinamoney.com.cn/english/bmkcpr/index.html?tab=2,2026-08-31T14:36:26.219919Z,none
2024-08-13,cny_fx,china,CHN,CNY,CNY per US dollar,7.1479,LCU_per_USD,daily,CFETS_CNY_PARITY,USD/CNY Central Parity Rate - Historical Data,https://www.chinamoney.com.cn/ags/ms/cm-u-bk-ccpr/CcprHisNew,https://www.chinamoney.com.cn/english/bmkcpr/index.html?tab=2,2026-08-31T14:36:26.219919Z,none
2024-08-14,cny_fx,china,CHN,CNY,CNY per US dollar,7.1415,LCU_per_USD,daily,CFETS_CNY_PARITY,USD/CNY Central Parity Rate - Historical Data,https://www.chinamoney.com.cn/ags/ms/cm-u-bk-ccpr/CcprHisNew,https://www.chinamoney.com.cn/english/bmkcpr/index.html?tab=2,2026-08-31T14:36:26.219919Z,none
2024-08-15,cny_fx,china,CHN,CNY,CNY per US dollar,7.1399,LCU_per_USD,daily,CFETS_CNY_PARITY,USD/CNY Central Parity Rate - Historical Data,https://www.chinamoney.com.cn/ags/ms/cm-u-bk-ccpr/CcprHisNew,https://www.chinamoney.com.cn/english/bmkcpr/index.html?tab=2,2026-08-31T14:36:26.219919Z,none
2024-08-16,cny_fx,china,CHN,CNY,CNY per US dollar,7.1464,LCU_per_USD,daily,CFETS_CNY_PARITY,USD/CNY Central Parity Rate - Historical Data,https://www.chinamoney.com.cn/ags/ms/cm-u-bk-ccpr/CcprHisNew,https://www.chinamoney.com.cn/english/bmkcpr/index.html?tab=2,2026-08-31T14:36:26.219919Z,none
2024-08-19,cny_fx,china,CHN,CNY,CNY per US dollar,7.1415,LCU_per_USD,daily,CFETS_CNY_PARITY,USD/CNY Central Parity Rate - Historical Data,https://www.chinamoney.com.cn/ags/ms/cm-u-bk-ccpr/CcprHisNew,https://www.chinamoney.com.cn/english/bmkcpr/index.html?tab=2,2026-08-31T14:36:26.219919Z,none
2024-08-20,cny_fx,china,CHN,CNY,CNY per US dollar,7.1325,LCU_per_USD,daily,CFETS_CNY_PARITY,USD/CNY Central Parity Rate - Historical Data,https://www.chinamoney.com.cn/ags/ms/cm-u-bk-ccpr/CcprHisNew,https://www.chinamoney.com.cn/english/bmkcpr/index.html?tab=2,2026-08-31T14:36:26.219919Z,none
2024-08-21,cny_fx,china,CHN,CNY,CNY per US dollar,7.1307,LCU_per_USD,daily,CFETS_CNY_PARITY,USD/CNY Central Parity Rate - Historical Data,https://www.chinamoney.com.cn/ags/ms/cm-u-bk-ccpr/CcprHisNew,https://www.chinamoney.com.cn/english/bmkcpr/index.html?tab=2,2026-08-31T14:36:26.219919Z,none
2024-08-22,cny_fx,china,CHN,CNY,CNY per US dollar,7.1228,LCU_per_USD,daily,CFETS_CNY_PARITY,USD/CNY Central Parity Rate - Historical Data,https://www.chinamoney.com.cn/ags/ms/cm-u-bk-ccpr/CcprHisNew,https://www.chinamoney.com.cn/english/bmkcpr/index.html?tab=2,2026-08-31T14:36:26.219919Z,none
2024-08-23,cny_fx,china,CHN,CNY,CNY per US dollar,7.1358,LCU_per_USD,daily,CFETS_CNY_PARITY,USD/CNY Central Parity Rate - Historical Data,https://www.chinamoney.com.cn/ags/ms/cm-u-bk-ccpr/CcprHisNew,https://www.chinamoney.com.cn/english/bmkcpr/index.html?tab=2,2026-08-31T14:36:26.219919Z,none
2024-08-26,cny_fx,china,CHN,CNY,CNY per US dollar,7.1139,LCU_per_USD,daily,CFETS_CNY_PARITY,USD/CNY Central Parity Rate - Historical Data,https://www.chinamoney.com.cn/ags/ms/cm-u-bk-ccpr/CcprHisNew,https://www.chinamoney.com.cn/english/bmkcpr/index.html?tab=2,2026-08-31T14:36:26.219919Z,none
2024-08-27,cny_fx,china,CHN,CNY,CNY per US dollar,7.1249,LCU_per_USD,daily,CFETS_CNY_PARITY,USD/CNY Central Parity Rate - Historical Data,https://www.chinamoney.com.cn/ags/ms/cm-u-bk-ccpr/CcprHisNew,https://www.chinamoney.com.cn/english/bmkcpr/index.html?tab=2,2026-08-31T14:36:26.219919Z,none
2024-08-28,cny_fx,china,CHN,CNY,CNY per US dollar,7.1216,LCU_per_USD,daily,CFETS_CNY_PARITY,USD/CNY Central Parity Rate - Historical Data,https://www.chinamoney.com.cn/ags/ms/cm-u-bk-ccpr/CcprHisNew,https://www.chinamoney.com.cn/english/bmkcpr/index.html?tab=2,2026-08-31T14:36:26.219919Z,none
2024-08-29,cny_fx,china,CHN,CNY,CNY per US dollar,7.1299,LCU_per_USD,daily,CFETS_CNY_PARITY,USD/CNY Central Parity Rate - Historical Data,https://www.chinamoney.com.cn/ags/ms/cm-u-bk-ccpr/CcprHisNew,https://www.chinamoney.com.cn/english/bmkcpr/index.html?tab=2,2026-08-31T14:36:26.219919Z,none
2024-08-30,cny_fx,china,CHN,CNY,CNY per US dollar,7.1124,LCU_per_USD,daily,CFETS_CNY_PARITY,USD/CNY Central Parity Rate - Historical Data,https://www.chinamoney.com.cn/ags/ms/cm-u-bk-ccpr/CcprHisNew,https://www.chinamoney.com.cn/english/bmkcpr/index.html?tab=2,2026-08-31T14:36:26.219919Z,none
2024-09-02,cny_fx,china,CHN,CNY,CNY per US dollar,7.1027,LCU_per_USD,daily,CFETS_CNY_PARITY,USD/CNY Central Parity Rate - Historical Data,https://www.chinamoney.com.cn/ags/ms/cm-u-bk-ccpr/CcprHisNew,https://www.chinamoney.com.cn/english/bmkcpr/index.html?tab=2,2026-08-31T14:36:26.460435Z,none
2024-09-03,cny_fx,china,CHN,CNY,CNY per US dollar,7.1112,LCU_per_USD,daily,CFETS_CNY_PARITY,USD/CNY Central Parity Rate - Historical Data,https://www.chinamoney.com.cn/ags/ms/cm-u-bk-ccpr/CcprHisNew,https://www.chinamoney.com.cn/english/bmkcpr/index.html?tab=2,2026-08-31T14:36:26.460435Z,none
2024-09-04,cny_fx,china,CHN,CNY,CNY per US dollar,7.1148,LCU_per_USD,daily,CFETS_CNY_PARITY,USD/CNY Central Parity Rate - Historical Data,https://www.chinamoney.com.cn/ags/ms/cm-u-bk-ccpr/CcprHisNew,https://www.chinamoney.com.cn/english/bmkcpr/index.html?tab=2,2026-08-31T14:36:26.460435Z,none
2024-09-05,cny_fx,china,CHN,CNY,CNY per US dollar,7.0989,LCU_per_USD,daily,CFETS_CNY_PARITY,USD/CNY Central Parity Rate - Historical Data,https://www.chinamoney.com.cn/ags/ms/cm-u-bk-ccpr/CcprHisNew,https://www.chinamoney.com.cn/english/bmkcpr/index.html?tab=2,2026-08-31T14:36:26.460435Z,none
2024-09-06,cny_fx,china,CHN,CNY,CNY per US dollar,7.0925,LCU_per_USD,daily,CFETS_CNY_PARITY,USD/CNY Central Parity Rate - Historical Data,https://www.chinamoney.com.cn/ags/ms/cm-u-bk-ccpr/CcprHisNew,https://www.chinamoney.com.cn/english/bmkcpr/index.html?tab=2,2026-08-31T14:36:26.460435Z,none
2024-09-09,cny_fx,china,CHN,CNY,CNY per US dollar,7.0989,LCU_per_USD,daily,CFETS_CNY_PARITY,USD/CNY Central Parity Rate - Historical Data,https://www.chinamoney.com.cn/ags/ms/cm-u-bk-ccpr/CcprHisNew,https://www.chinamoney.com.cn/english/bmkcpr/index.html?tab=2,2026-08-31T14:36:26.460435Z,none
2024-09-10,cny_fx,china,CHN,CNY,CNY per US dollar,7.1136,LCU_per_USD,daily,CFETS_CNY_PARITY,USD/CNY Central Parity Rate - Historical Data,https://www.chinamoney.com.cn/ags/ms/cm-u-bk-ccpr/CcprHisNew,https://www.chinamoney.com.cn/english/bmkcpr/index.html?tab=2,2026-08-31T14:36:26.460435Z,none
2024-09-11,cny_fx,china,CHN,CNY,CNY per US dollar,7.1182,LCU_per_USD,daily,CFETS_CNY_PARITY,USD/CNY Central Parity Rate - Historical Data,https://www.chinamoney.com.cn/ags/ms/cm-u-bk-ccpr/CcprHisNew,https://www.chinamoney.com.cn/english/bmkcpr/index.html?tab=2,2026-08-31T14:36:26.460435Z,none
2024-09-12,cny_fx,china,CHN,CNY,CNY per US dollar,7.1214,LCU_per_USD,daily,CFETS_CNY_PARITY,USD/CNY Central Parity Rate - Historical Data,https://www.chinamoney.com.cn/ags/ms/cm-u-bk-ccpr/CcprHisNew,https://www.chinamoney.com.cn/english/bmkcpr/index.html?tab=2,2026-08-31T14:36:26.460435Z,none
2024-09-13,cny_fx,china,CHN,CNY,CNY per US dollar,7.103,LCU_per_USD,daily,CFETS_CNY_PARITY,USD/CNY Central Parity Rate - Historical Data,https://www.chinamoney.com.cn/ags/ms/cm-u-bk-ccpr/CcprHisNew,https://www.chinamoney.com.cn/english/bmkcpr/index.html?tab=2,2026-08-31T14:36:26.460435Z,none
2024-09-18,cny_fx,china,CHN,CNY,CNY per US dollar,7.087,LCU_per_USD,daily,CFETS_CNY_PARITY,USD/CNY Central Parity Rate - Historical Data,https://www.chinamoney.com.cn/ags/ms/cm-u-bk-ccpr/CcprHisNew,https://www.chinamoney.com.cn/english/bmkcpr/index.html?tab=2,2026-08-31T14:36:26.460435Z,none
2024-09-19,cny_fx,china,CHN,CNY,CNY per US dollar,7.0983,LCU_per_USD,daily,CFETS_CNY_PARITY,USD/CNY Central Parity Rate - Historical Data,https://www.chinamoney.com.cn/ags/ms/cm-u-bk-ccpr/CcprHisNew,https://www.chinamoney.com.cn/english/bmkcpr/index.html?tab=2,2026-08-31T14:36:26.460435Z,none
2024-09-20,cny_fx,china,CHN,CNY,CNY per US dollar,7.0644,LCU_per_USD,daily,CFETS_CNY_PARITY,USD/CNY Central Parity Rate - Historical Data,https://www.chinamoney.com.cn/ags/ms/cm-u-bk-ccpr/CcprHisNew,https://www.chinamoney.com.cn/english/bmkcpr/index.html?tab=2,2026-08-31T14:36:26.460435Z,none
2024-09-23,cny_fx,china,CHN,CNY,CNY per US dollar,7.0531,LCU_per_USD,daily,CFETS_CNY_PARITY,USD/CNY Central Parity Rate - Historical Data,https://www.chinamoney.com.cn/ags/ms/cm-u-bk-ccpr/CcprHisNew,https://www.chinamoney.com.cn/english/bmkcpr/index.html?tab=2,2026-08-31T14:36:26.460435Z,none
2024-09-24,cny_fx,china,CHN,CNY,CNY per US dollar,7.051,LCU_per_USD,daily,CFETS_CNY_PARITY,USD/CNY Central Parity Rate - Historical Data,https://www.chinamoney.com.cn/ags/ms/cm-u-bk-ccpr/CcprHisNew,https://www.chinamoney.com.cn/english/bmkcpr/index.html?tab=2,2026-08-31T14:36:26.460435Z,none
2024-09-25,cny_fx,china,CHN,CNY,CNY per US dollar,7.0202,LCU_per_USD,daily,CFETS_CNY_PARITY,USD/CNY Central Parity Rate - Historical Data,https://www.chinamoney.com.cn/ags/ms/cm-u-bk-ccpr/CcprHisNew,https://www.chinamoney.com.cn/english/bmkcpr/index.html?tab=2,2026-08-31T14:36:26.460435Z,none
2024-09-26,cny_fx,china,CHN,CNY,CNY per US dollar,7.0354,LCU_per_USD,daily,CFETS_CNY_PARITY,USD/CNY Central Parity Rate - Historical Data,https://www.chinamoney.com.cn/ags/ms/cm-u-bk-ccpr/CcprHisNew,https://www.chinamoney.com.cn/english/bmkcpr/index.html?tab=2,2026-08-31T14:36:26.460435Z,none
2024-09-27,cny_fx,china,CHN,CNY,CNY per US dollar,7.0101,LCU_per_USD,daily,CFETS_CNY_PARITY,USD/CNY Central Parity Rate - Historical Data,https://www.chinamoney.com.cn/ags/ms/cm-u-bk-ccpr/CcprHisNew,https://www.chinamoney.com.cn/english/bmkcpr/index.html?tab=2,2026-08-31T14:36:26.460435Z,none
2024-09-30,cny_fx,china,CHN,CNY,CNY per US dollar,7.0074,LCU_per_USD,daily,CFETS_CNY_PARITY,USD/CNY Central Parity Rate - Historical Data,https://www.chinamoney.com.cn/ags/ms/cm-u-bk-ccpr/CcprHisNew,https://www.chinamoney.com.cn/english/bmkcpr/index.html?tab=2,2026-08-31T14:36:26.460435Z,none
2024-10-08,cny_fx,china,CHN,CNY,CNY per US dollar,7.0709,LCU_per_USD,daily,CFETS_CNY_PARITY,USD/CNY Central Parity Rate - Historical Data,https://www.chinamoney.com.cn/ags/ms/cm-u-bk-ccpr/CcprHisNew,https://www.chinamoney.com.cn/english/bmkcpr/index.html?tab=2,2026-08-31T14:36:26.681989Z,none
2024-10-09,cny_fx,china,CHN,CNY,CNY per US dollar,7.0568,LCU_per_USD,daily,CFETS_CNY_PARITY,USD/CNY Central Parity Rate - Historical Data,https://www.chinamoney.com.cn/ags/ms/cm-u-bk-ccpr/CcprHisNew,https://www.chinamoney.com.cn/english/bmkcpr/index.html?tab=2,2026-08-31T14:36:26.681989Z,none
2024-10-10,cny_fx,china,CHN,CNY,CNY per US dollar,7.0742,LCU_per_USD,daily,CFETS_CNY_PARITY,USD/CNY Central Parity Rate - Historical Data,https://www.chinamoney.com.cn/ags/ms/cm-u-bk-ccpr/CcprHisNew,https://www.chinamoney.com.cn/english/bmkcpr/index.html?tab=2,2026-08-31T14:36:26.681989Z,none
2024-10-11,cny_fx,china,CHN,CNY,CNY per US dollar,7.0731,LCU_per_USD,daily,CFETS_CNY_PARITY,USD/CNY Central Parity Rate - Historical Data,https://www.chinamoney.com.cn/ags/ms/cm-u-bk-ccpr/CcprHisNew,https://www.chinamoney.com.cn/english/bmkcpr/index.html?tab=2,2026-08-31T14:36:26.681989Z,none
2024-10-14,cny_fx,china,CHN,CNY,CNY per US dollar,7.0723,LCU_per_USD,daily,CFETS_CNY_PARITY,USD/CNY Central Parity Rate - Historical Data,https://www.chinamoney.com.cn/ags/ms/cm-u-bk-ccpr/CcprHisNew,https://www.chinamoney.com.cn/english/bmkcpr/index.html?tab=2,2026-08-31T14:36:26.681989Z,none
2024-10-15,cny_fx,china,CHN,CNY,CNY per US dollar,7.083,LCU_per_USD,daily,CFETS_CNY_PARITY,USD/CNY Central Parity Rate - Historical Data,https://www.chinamoney.com.cn/ags/ms/cm-u-bk-ccpr/CcprHisNew,https://www.chinamoney.com.cn/english/bmkcpr/index.html?tab=2,2026-08-31T14:36:26.681989Z,none
2024-10-16,cny_fx,china,CHN,CNY,CNY per US dollar,7.1191,LCU_per_USD,daily,CFETS_CNY_PARITY,USD/CNY Central Parity Rate - Historical Data,https://www.chinamoney.com.cn/ags/ms/cm-u-bk-ccpr/CcprHisNew,https://www.chinamoney.com.cn/english/bmkcpr/index.html?tab=2,2026-08-31T14:36:26.681989Z,none
2024-10-17,cny_fx,china,CHN,CNY,CNY per US dollar,7.122,LCU_per_USD,daily,CFETS_CNY_PARITY,USD/CNY Central Parity Rate - Historical Data,https://www.chinamoney.com.cn/ags/ms/cm-u-bk-ccpr/CcprHisNew,https://www.chinamoney.com.cn/english/bmkcpr/index.html?tab=2,2026-08-31T14:36:26.681989Z,none
2024-10-18,cny_fx,china,CHN,CNY,CNY per US dollar,7.1274,LCU_per_USD,daily,CFETS_CNY_PARITY,USD/CNY Central Parity Rate - Historical Data,https://www.chinamoney.com.cn/ags/ms/cm-u-bk-ccpr/CcprHisNew,https://www.chinamoney.com.cn/english/bmkcpr/index.html?tab=2,2026-08-31T14:36:26.681989Z,none
2024-10-21,cny_fx,china,CHN,CNY,CNY per US dollar,7.0982,LCU_per_USD,daily,CFETS_CNY_PARITY,USD/CNY Central Parity Rate - Historical Data,https://www.chinamoney.com.cn/ags/ms/cm-u-bk-ccpr/CcprHisNew,https://www.chinamoney.com.cn/english/bmkcpr/index.html?tab=2,2026-08-31T14:36:26.681989Z,none
2024-10-22,cny_fx,china,CHN,CNY,CNY per US dollar,7.1223,LCU_per_USD,daily,CFETS_CNY_PARITY,USD/CNY Central Parity Rate - Historical Data,https://www.chinamoney.com.cn/ags/ms/cm-u-bk-ccpr/CcprHisNew,https://www.chinamoney.com.cn/english/bmkcpr/index.html?tab=2,2026-08-31T14:36:26.681989Z,none
2024-10-23,cny_fx,china,CHN,CNY,CNY per US dollar,7.1245,LCU_per_USD,daily,CFETS_CNY_PARITY,USD/CNY Central Parity Rate - Historical Data,https://www.chinamoney.com.cn/ags/ms/cm-u-bk-ccpr/CcprHisNew,https://www.chinamoney.com.cn/english/bmkcpr/index.html?tab=2,2026-08-31T14:36:26.681989Z,none
2024-10-24,cny_fx,china,CHN,CNY,CNY per US dollar,7.1286,LCU_per_USD,daily,CFETS_CNY_PARITY,USD/CNY Central Parity Rate - Historical Data,https://www.chinamoney.com.cn/ags/ms/cm-u-bk-ccpr/CcprHisNew,https://www.chinamoney.com.cn/english/bmkcpr/index.html?tab=2,2026-08-31T14:36:26.681989Z,none
2024-10-25,cny_fx,china,CHN,CNY,CNY per US dollar,7.109,LCU_per_USD,daily,CFETS_CNY_PARITY,USD/CNY Central Parity Rate - Historical Data,https://www.chinamoney.com.cn/ags/ms/cm-u-bk-ccpr/CcprHisNew,https://www.chinamoney.com.cn/english/bmkcpr/index.html?tab=2,2026-08-31T14:36:26.681989Z,none
2024-10-28,cny_fx,china,CHN,CNY,CNY per US dollar,7.1307,LCU_per_USD,daily,CFETS_CNY_PARITY,USD/CNY Central Parity Rate - Historical Data,https://www.chinamoney.com.cn/ags/ms/cm-u-bk-ccpr/CcprHisNew,https://www.chinamoney.com.cn/english/bmkcpr/index.html?tab=2,2026-08-31T14:36:26.681989Z,none
2024-10-29,cny_fx,china,CHN,CNY,CNY per US dollar,7.1283,LCU_per_USD,daily,CFETS_CNY_PARITY,USD/CNY Central Parity Rate - Historical Data,https://www.chinamoney.com.cn/ags/ms/cm-u-bk-ccpr/CcprHisNew,https://www.chinamoney.com.cn/english/bmkcpr/index.html?tab=2,2026-08-31T14:36:26.681989Z,none
2024-10-30,cny_fx,china,CHN,CNY,CNY per US dollar,7.139,LCU_per_USD,daily,CFETS_CNY_PARITY,USD/CNY Central Parity Rate - Historical Data,https://www.chinamoney.com.cn/ags/ms/cm-u-bk-ccpr/CcprHisNew,https://www.chinamoney.com.cn/english/bmkcpr/index.html?tab=2,2026-08-31T14:36:26.681989Z,none
2024-10-31,cny_fx,china,CHN,CNY,CNY per US dollar,7.125,LCU_per_USD,daily,CFETS_CNY_PARITY,USD/CNY Central Parity Rate - Historical Data,https://www.chinamoney.com.cn/ags/ms/cm-u-bk-ccpr/CcprHisNew,https://www.chinamoney.com.cn/english/bmkcpr/index.html?tab=2,2026-08-31T14:36:26.681989Z,none
2024-11-01,cny_fx,china,CHN,CNY,CNY per US dollar,7.1135,LCU_per_USD,daily,CFETS_CNY_PARITY,USD/CNY Central Parity Rate - Historical Data,https://www.chinamoney.com.cn/ags/ms/cm-u-bk-ccpr/CcprHisNew,https://www.chinamoney.com.cn/english/bmkcpr/index.html?tab=2,2026-08-31T14:36:26.925699Z,none
2024-11-04,cny_fx,china,CHN,CNY,CNY per US dollar,7.1203,LCU_per_USD,daily,CFETS_CNY_PARITY,USD/CNY Central Parity Rate - Historical Data,https://www.chinamoney.com.cn/ags/ms/cm-u-bk-ccpr/CcprHisNew,https://www.chinamoney.com.cn/english/bmkcpr/index.html?tab=2,2026-08-31T14:36:26.925699Z,none
2024-11-05,cny_fx,china,CHN,CNY,CNY per US dollar,7.1016,LCU_per_USD,daily,CFETS_CNY_PARITY,USD/CNY Central Parity Rate - Historical Data,https://www.chinamoney.com.cn/ags/ms/cm-u-bk-ccpr/CcprHisNew,https://www.chinamoney.com.cn/english/bmkcpr/index.html?tab=2,2026-08-31T14:36:26.925699Z,none
2024-11-06,cny_fx,china,CHN,CNY,CNY per US dollar,7.0993,LCU_per_USD,daily,CFETS_CNY_PARITY,USD/CNY Central Parity Rate - Historical Data,https://www.chinamoney.com.cn/ags/ms/cm-u-bk-ccpr/CcprHisNew,https://www.chinamoney.com.cn/english/bmkcpr/index.html?tab=2,2026-08-31T14:36:26.925699Z,none
2024-11-07,cny_fx,china,CHN,CNY,CNY per US dollar,7.1659,LCU_per_USD,daily,CFETS_CNY_PARITY,USD/CNY Central Parity Rate - Historical Data,https://www.chinamoney.com.cn/ags/ms/cm-u-bk-ccpr/CcprHisNew,https://www.chinamoney.com.cn/english/bmkcpr/index.html?tab=2,2026-08-31T14:36:26.925699Z,none
2024-11-08,cny_fx,china,CHN,CNY,CNY per US dollar,7.1433,LCU_per_USD,daily,CFETS_CNY_PARITY,USD/CNY Central Parity Rate - Historical Data,https://www.chinamoney.com.cn/ags/ms/cm-u-bk-ccpr/CcprHisNew,https://www.chinamoney.com.cn/english/bmkcpr/index.html?tab=2,2026-08-31T14:36:26.925699Z,none
2024-11-11,cny_fx,china,CHN,CNY,CNY per US dollar,7.1786,LCU_per_USD,daily,CFETS_CNY_PARITY,USD/CNY Central Parity Rate - Historical Data,https://www.chinamoney.com.cn/ags/ms/cm-u-bk-ccpr/CcprHisNew,https://www.chinamoney.com.cn/english/bmkcpr/index.html?tab=2,2026-08-31T14:36:26.925699Z,none
2024-11-12,cny_fx,china,CHN,CNY,CNY per US dollar,7.1927,LCU_per_USD,daily,CFETS_CNY_PARITY,USD/CNY Central Parity Rate - Historical Data,https://www.chinamoney.com.cn/ags/ms/cm-u-bk-ccpr/CcprHisNew,https://www.chinamoney.com.cn/english/bmkcpr/index.html?tab=2,2026-08-31T14:36:26.925699Z,none
2024-11-13,cny_fx,china,CHN,CNY,CNY per US dollar,7.1991,LCU_per_USD,daily,CFETS_CNY_PARITY,USD/CNY Central Parity Rate - Historical Data,https://www.chinamoney.com.cn/ags/ms/cm-u-bk-ccpr/CcprHisNew,https://www.chinamoney.com.cn/english/bmkcpr/index.html?tab=2,2026-08-31T14:36:26.925699Z,none
2024-11-14,cny_fx,china,CHN,CNY,CNY per US dollar,7.1966,LCU_per_USD,daily,CFETS_CNY_PARITY,USD/CNY Central Parity Rate - Historical Data,https://www.chinamoney.com.cn/ags/ms/cm-u-bk-ccpr/CcprHisNew,https://www.chinamoney.com.cn/english/bmkcpr/index.html?tab=2,2026-08-31T14:36:26.925699Z,none
2024-11-15,cny_fx,china,CHN,CNY,CNY per US dollar,7.1992,LCU_per_USD,daily,CFETS_CNY_PARITY,USD/CNY Central Parity Rate - Historical Data,https://www.chinamoney.com.cn/ags/ms/cm-u-bk-ccpr/CcprHisNew,https://www.chinamoney.com.cn/english/bmkcpr/index.html?tab=2,2026-08-31T14:36:26.925699Z,none
2024-11-18,cny_fx,china,CHN,CNY,CNY per US dollar,7.1907,LCU_per_USD,daily,CFETS_CNY_PARITY,USD/CNY Central Parity Rate - Historical Data,https://www.chinamoney.com.cn/ags/ms/cm-u-bk-ccpr/CcprHisNew,https://www.chinamoney.com.cn/english/bmkcpr/index.html?tab=2,2026-08-31T14:36:26.925699Z,none
2024-11-19,cny_fx,china,CHN,CNY,CNY per US dollar,7.1911,LCU_per_USD,daily,CFETS_CNY_PARITY,USD/CNY Central Parity Rate - Historical Data,https://www.chinamoney.com.cn/ags/ms/cm-u-bk-ccpr/CcprHisNew,https://www.chinamoney.com.cn/english/bmkcpr/index.html?tab=2,2026-08-31T14:36:26.925699Z,none
2024-11-20,cny_fx,china,CHN,CNY,CNY per US dollar,7.1935,LCU_per_USD,daily,CFETS_CNY_PARITY,USD/CNY Central Parity Rate - Historical Data,https://www.chinamoney.com.cn/ags/ms/cm-u-bk-ccpr/CcprHisNew,https://www.chinamoney.com.cn/english/bmkcpr/index.html?tab=2,2026-08-31T14:36:26.925699Z,none
2024-11-21,cny_fx,china,CHN,CNY,CNY per US dollar,7.1934,LCU_per_USD,daily,CFETS_CNY_PARITY,USD/CNY Central Parity Rate - Historical Data,https://www.chinamoney.com.cn/ags/ms/cm-u-bk-ccpr/CcprHisNew,https://www.chinamoney.com.cn/english/bmkcpr/index.html?tab=2,2026-08-31T14:36:26.925699Z,none
2024-11-22,cny_fx,china,CHN,CNY,CNY per US dollar,7.1942,LCU_per_USD,daily,CFETS_CNY_PARITY,USD/CNY Central Parity Rate - Historical Data,https://www.chinamoney.com.cn/ags/ms/cm-u-bk-ccpr/CcprHisNew,https://www.chinamoney.com.cn/english/bmkcpr/index.html?tab=2,2026-08-31T14:36:26.925699Z,none
2024-11-25,cny_fx,china,CHN,CNY,CNY per US dollar,7.1918,LCU_per_USD,daily,CFETS_CNY_PARITY,USD/CNY Central Parity Rate - Historical Data,https://www.chinamoney.com.cn/ags/ms/cm-u-bk-ccpr/CcprHisNew,https://www.chinamoney.com.cn/english/bmkcpr/index.html?tab=2,2026-08-31T14:36:26.925699Z,none
2024-11-26,cny_fx,china,CHN,CNY,CNY per US dollar,7.191,LCU_per_USD,daily,CFETS_CNY_PARITY,USD/CNY Central Parity Rate - Historical Data,https://www.chinamoney.com.cn/ags/ms/cm-u-bk-ccpr/CcprHisNew,https://www.chinamoney.com.cn/english/bmkcpr/index.html?tab=2,2026-08-31T14:36:26.925699Z,none
2024-11-27,cny_fx,china,CHN,CNY,CNY per US dollar,7.1982,LCU_per_USD,daily,CFETS_CNY_PARITY,USD/CNY Central Parity Rate - Historical Data,https://www.chinamoney.com.cn/ags/ms/cm-u-bk-ccpr/CcprHisNew,https://www.chinamoney.com.cn/english/bmkcpr/index.html?tab=2,2026-08-31T14:36:26.925699Z,none
2024-11-28,cny_fx,china,CHN,CNY,CNY per US dollar,7.1894,LCU_per_USD,daily,CFETS_CNY_PARITY,USD/CNY Central Parity Rate - Historical Data,https://www.chinamoney.com.cn/ags/ms/cm-u-bk-ccpr/CcprHisNew,https://www.chinamoney.com.cn/english/bmkcpr/index.html?tab=2,2026-08-31T14:36:26.925699Z,none
2024-11-29,cny_fx,china,CHN,CNY,CNY per US dollar,7.1877,LCU_per_USD,daily,CFETS_CNY_PARITY,USD/CNY Central Parity Rate - Historical Data,https://www.chinamoney.com.cn/ags/ms/cm-u-bk-ccpr/CcprHisNew,https://www.chinamoney.com.cn/english/bmkcpr/index.html?tab=2,2026-08-31T14:36:26.925699Z,none
2024-12-02,cny_fx,china,CHN,CNY,CNY per US dollar,7.1865,LCU_per_USD,daily,CFETS_CNY_PARITY,USD/CNY Central Parity Rate - Historical Data,https://www.chinamoney.com.cn/ags/ms/cm-u-bk-ccpr/CcprHisNew,https://www.chinamoney.com.cn/english/bmkcpr/index.html?tab=2,2026-08-31T14:36:27.150296Z,none
2024-12-03,cny_fx,china,CHN,CNY,CNY per US dollar,7.1996,LCU_per_USD,daily,CFETS_CNY_PARITY,USD/CNY Central Parity Rate - Historical Data,https://www.chinamoney.com.cn/ags/ms/cm-u-bk-ccpr/CcprHisNew,https://www.chinamoney.com.cn/english/bmkcpr/index.html?tab=2,2026-08-31T14:36:27.150296Z,none
2024-12-04,cny_fx,china,CHN,CNY,CNY per US dollar,7.1934,LCU_per_USD,daily,CFETS_CNY_PARITY,USD/CNY Central Parity Rate - Historical Data,https://www.chinamoney.com.cn/ags/ms/cm-u-bk-ccpr/CcprHisNew,https://www.chinamoney.com.cn/english/bmkcpr/index.html?tab=2,2026-08-31T14:36:27.150296Z,none
2024-12-05,cny_fx,china,CHN,CNY,CNY per US dollar,7.1879,LCU_per_USD,daily,CFETS_CNY_PARITY,USD/CNY Central Parity Rate - Historical Data,https://www.chinamoney.com.cn/ags/ms/cm-u-bk-ccpr/CcprHisNew,https://www.chinamoney.com.cn/english/bmkcpr/index.html?tab=2,2026-08-31T14:36:27.150296Z,none
2024-12-06,cny_fx,china,CHN,CNY,CNY per US dollar,7.1848,LCU_per_USD,daily,CFETS_CNY_PARITY,USD/CNY Central Parity Rate - Historical Data,https://www.chinamoney.com.cn/ags/ms/cm-u-bk-ccpr/CcprHisNew,https://www.chinamoney.com.cn/english/bmkcpr/index.html?tab=2,2026-08-31T14:36:27.150296Z,none
2024-12-09,cny_fx,china,CHN,CNY,CNY per US dollar,7.187,LCU_per_USD,daily,CFETS_CNY_PARITY,USD/CNY Central Parity Rate - Historical Data,https://www.chinamoney.com.cn/ags/ms/cm-u-bk-ccpr/CcprHisNew,https://www.chinamoney.com.cn/english/bmkcpr/index.html?tab=2,2026-08-31T14:36:27.150296Z,none
2024-12-10,cny_fx,china,CHN,CNY,CNY per US dollar,7.1896,LCU_per_USD,daily,CFETS_CNY_PARITY,USD/CNY Central Parity Rate - Historical Data,https://www.chinamoney.com.cn/ags/ms/cm-u-bk-ccpr/CcprHisNew,https://www.chinamoney.com.cn/english/bmkcpr/index.html?tab=2,2026-08-31T14:36:27.150296Z,none
2024-12-11,cny_fx,china,CHN,CNY,CNY per US dollar,7.1843,LCU_per_USD,daily,CFETS_CNY_PARITY,USD/CNY Central Parity Rate - Historical Data,https://www.chinamoney.com.cn/ags/ms/cm-u-bk-ccpr/CcprHisNew,https://www.chinamoney.com.cn/english/bmkcpr/index.html?tab=2,2026-08-31T14:36:27.150296Z,none
2024-12-12,cny_fx,china,CHN,CNY,CNY per US dollar,7.1854,LCU_per_USD,daily,CFETS_CNY_PARITY,USD/CNY Central Parity Rate - Historical Data,https://www.chinamoney.com.cn/ags/ms/cm-u-bk-ccpr/CcprHisNew,https://www.chinamoney.com.cn/english/bmkcpr/index.html?tab=2,2026-08-31T14:36:27.150296Z,none
2024-12-13,cny_fx,china,CHN,CNY,CNY per US dollar,7.1876,LCU_per_USD,daily,CFETS_CNY_PARITY,USD/CNY Central Parity Rate - Historical Data,https://www.chinamoney.com.cn/ags/ms/cm-u-bk-ccpr/CcprHisNew,https://www.chinamoney.com.cn/english/bmkcpr/index.html?tab=2,2026-08-31T14:36:27.150296Z,none
2024-12-16,cny_fx,china,CHN,CNY,CNY per US dollar,7.1882,LCU_per_USD,daily,CFETS_CNY_PARITY,USD/CNY Central Parity Rate - Historical Data,https://www.chinamoney.com.cn/ags/ms/cm-u-bk-ccpr/CcprHisNew,https://www.chinamoney.com.cn/english/bmkcpr/index.html?tab=2,2026-08-31T14:36:27.150296Z,none
2024-12-17,cny_fx,china,CHN,CNY,CNY per US dollar,7.1891,LCU_per_USD,daily,CFETS_CNY_PARITY,USD/CNY Central Parity Rate - Historical Data,https://www.chinamoney.com.cn/ags/ms/cm-u-bk-ccpr/CcprHisNew,https://www.chinamoney.com.cn/english/bmkcpr/index.html?tab=2,2026-08-31T14:36:27.150296Z,none
2024-12-18,cny_fx,china,CHN,CNY,CNY per US dollar,7.188,LCU_per_USD,daily,CFETS_CNY_PARITY,USD/CNY Central Parity Rate - Historical Data,https://www.chinamoney.com.cn/ags/ms/cm-u-bk-ccpr/CcprHisNew,https://www.chinamoney.com.cn/english/bmkcpr/index.html?tab=2,2026-08-31T14:36:27.150296Z,none
2024-12-19,cny_fx,china,CHN,CNY,CNY per US dollar,7.1911,LCU_per_USD,daily,CFETS_CNY_PARITY,USD/CNY Central Parity Rate - Historical Data,https://www.chinamoney.com.cn/ags/ms/cm-u-bk-ccpr/CcprHisNew,https://www.chinamoney.com.cn/english/bmkcpr/index.html?tab=2,2026-08-31T14:36:27.150296Z,none
2024-12-20,cny_fx,china,CHN,CNY,CNY per US dollar,7.1901,LCU_per_USD,daily,CFETS_CNY_PARITY,USD/CNY Central Parity Rate - Historical Data,https://www.chinamoney.com.cn/ags/ms/cm-u-bk-ccpr/CcprHisNew,https://www.chinamoney.com.cn/english/bmkcpr/index.html?tab=2,2026-08-31T14:36:27.150296Z,none
2024-12-23,cny_fx,china,CHN,CNY,CNY per US dollar,7.187,LCU_per_USD,daily,CFETS_CNY_PARITY,USD/CNY Central Parity Rate - Historical Data,https://www.chinamoney.com.cn/ags/ms/cm-u-bk-ccpr/CcprHisNew,https://www.chinamoney.com.cn/english/bmkcpr/index.html?tab=2,2026-08-31T14:36:27.150296Z,none
2024-12-24,cny_fx,china,CHN,CNY,CNY per US dollar,7.1876,LCU_per_USD,daily,CFETS_CNY_PARITY,USD/CNY Central Parity Rate - Historical Data,https://www.chinamoney.com.cn/ags/ms/cm-u-bk-ccpr/CcprHisNew,https://www.chinamoney.com.cn/english/bmkcpr/index.html?tab=2,2026-08-31T14:36:27.150296Z,none
2024-12-25,cny_fx,china,CHN,CNY,CNY per US dollar,7.1868,LCU_per_USD,daily,CFETS_CNY_PARITY,USD/CNY Central Parity Rate - Historical Data,https://www.chinamoney.com.cn/ags/ms/cm-u-bk-ccpr/CcprHisNew,https://www.chinamoney.com.cn/english/bmkcpr/index.html?tab=2,2026-08-31T14:36:27.150296Z,none
2024-12-26,cny_fx,china,CHN,CNY,CNY per US dollar,7.1897,LCU_per_USD,daily,CFETS_CNY_PARITY,USD/CNY Central Parity Rate - Historical Data,https://www.chinamoney.com.cn/ags/ms/cm-u-bk-ccpr/CcprHisNew,https://www.chinamoney.com.cn/english/bmkcpr/index.html?tab=2,2026-08-31T14:36:27.150296Z,none
2024-12-27,cny_fx,china,CHN,CNY,CNY per US dollar,7.1893,LCU_per_USD,daily,CFETS_CNY_PARITY,USD/CNY Central Parity Rate - Historical Data,https://www.chinamoney.com.cn/ags/ms/cm-u-bk-ccpr/CcprHisNew,https://www.chinamoney.com.cn/english/bmkcpr/index.html?tab=2,2026-08-31T14:36:27.150296Z,none
2024-12-30,cny_fx,china,CHN,CNY,CNY per US dollar,7.1889,LCU_per_USD,daily,CFETS_CNY_PARITY,USD/CNY Central Parity Rate - Historical Data,https://www.chinamoney.com.cn/ags/ms/cm-u-bk-ccpr/CcprHisNew,https://www.chinamoney.com.cn/english/bmkcpr/index.html?tab=2,2026-08-31T14:36:27.150296Z,none
2024-12-31,cny_fx,china,CHN,CNY,CNY per US dollar,7.1884,LCU_per_USD,daily,CFETS_CNY_PARITY,USD/CNY Central Parity Rate - Historical Data,https://www.chinamoney.com.cn/ags/ms/cm-u-bk-ccpr/CcprHisNew,https://www.chinamoney.com.cn/english/bmkcpr/index.html?tab=2,2026-08-31T14:36:27.150296Z,none
2025-01-02,cny_fx,china,CHN,CNY,CNY per US dollar,7.1879,LCU_per_USD,daily,CFETS_CNY_PARITY,USD/CNY Central Parity Rate - Historical Data,https://www.chinamoney.com.cn/ags/ms/cm-u-bk-ccpr/CcprHisNew,https://www.chinamoney.com.cn/english/bmkcpr/index.html?tab=2,2026-08-31T14:36:27.389667Z,none
2025-01-03,cny_fx,china,CHN,CNY,CNY per US dollar,7.1878,LCU_per_USD,daily,CFETS_CNY_PARITY,USD/CNY Central Parity Rate - Historical Data,https://www.chinamoney.com.cn/ags/ms/cm-u-bk-ccpr/CcprHisNew,https://www.chinamoney.com.cn/english/bmkcpr/index.html?tab=2,2026-08-31T14:36:27.389667Z,none
2025-01-06,cny_fx,china,CHN,CNY,CNY per US dollar,7.1876,LCU_per_USD,daily,CFETS_CNY_PARITY,USD/CNY Central Parity Rate - Historical Data,https://www.chinamoney.com.cn/ags/ms/cm-u-bk-ccpr/CcprHisNew,https://www.chinamoney.com.cn/english/bmkcpr/index.html?tab=2,2026-08-31T14:36:27.389667Z,none
2025-01-07,cny_fx,china,CHN,CNY,CNY per US dollar,7.1879,LCU_per_USD,daily,CFETS_CNY_PARITY,USD/CNY Central Parity Rate - Historical Data,https://www.chinamoney.com.cn/ags/ms/cm-u-bk-ccpr/CcprHisNew,https://www.chinamoney.com.cn/english/bmkcpr/index.html?tab=2,2026-08-31T14:36:27.389667Z,none
2025-01-08,cny_fx,china,CHN,CNY,CNY per US dollar,7.1887,LCU_per_USD,daily,CFETS_CNY_PARITY,USD/CNY Central Parity Rate - Historical Data,https://www.chinamoney.com.cn/ags/ms/cm-u-bk-ccpr/CcprHisNew,https://www.chinamoney.com.cn/english/bmkcpr/index.html?tab=2,2026-08-31T14:36:27.389667Z,none
2025-01-09,cny_fx,china,CHN,CNY,CNY per US dollar,7.1886,LCU_per_USD,daily,CFETS_CNY_PARITY,USD/CNY Central Parity Rate - Historical Data,https://www.chinamoney.com.cn/ags/ms/cm-u-bk-ccpr/CcprHisNew,https://www.chinamoney.com.cn/english/bmkcpr/index.html?tab=2,2026-08-31T14:36:27.389667Z,none
2025-01-10,cny_fx,china,CHN,CNY,CNY per US dollar,7.1891,LCU_per_USD,daily,CFETS_CNY_PARITY,USD/CNY Central Parity Rate - Historical Data,https://www.chinamoney.com.cn/ags/ms/cm-u-bk-ccpr/CcprHisNew,https://www.chinamoney.com.cn/english/bmkcpr/index.html?tab=2,2026-08-31T14:36:27.389667Z,none
2025-01-13,cny_fx,china,CHN,CNY,CNY per US dollar,7.1885,LCU_per_USD,daily,CFETS_CNY_PARITY,USD/CNY Central Parity Rate - Historical Data,https://www.chinamoney.com.cn/ags/ms/cm-u-bk-ccpr/CcprHisNew,https://www.chinamoney.com.cn/english/bmkcpr/index.html?tab=2,2026-08-31T14:36:27.389667Z,none
2025-01-14,cny_fx,china,CHN,CNY,CNY per US dollar,7.1878,LCU_per_USD,daily,CFETS_CNY_PARITY,USD/CNY Central Parity Rate - Historical Data,https://www.chinamoney.com.cn/ags/ms/cm-u-bk-ccpr/CcprHisNew,https://www.chinamoney.com.cn/english/bmkcpr/index.html?tab=2,2026-08-31T14:36:27.389667Z,none
2025-01-15,cny_fx,china,CHN,CNY,CNY per US dollar,7.1883,LCU_per_USD,daily,CFETS_CNY_PARITY,USD/CNY Central Parity Rate - Historical Data,https://www.chinamoney.com.cn/ags/ms/cm-u-bk-ccpr/CcprHisNew,https://www.chinamoney.com.cn/english/bmkcpr/index.html?tab=2,2026-08-31T14:36:27.389667Z,none
2025-01-16,cny_fx,china,CHN,CNY,CNY per US dollar,7.1881,LCU_per_USD,daily,CFETS_CNY_PARITY,USD/CNY Central Parity Rate - Historical Data,https://www.chinamoney.com.cn/ags/ms/cm-u-bk-ccpr/CcprHisNew,https://www.chinamoney.com.cn/english/bmkcpr/index.html?tab=2,2026-08-31T14:36:27.389667Z,none
2025-01-17,cny_fx,china,CHN,CNY,CNY per US dollar,7.1889,LCU_per_USD,daily,CFETS_CNY_PARITY,USD/CNY Central Parity Rate - Historical Data,https://www.chinamoney.com.cn/ags/ms/cm-u-bk-ccpr/CcprHisNew,https://www.chinamoney.com.cn/english/bmkcpr/index.html?tab=2,2026-08-31T14:36:27.389667Z,none
2025-01-20,cny_fx,china,CHN,CNY,CNY per US dollar,7.1886,LCU_per_USD,daily,CFETS_CNY_PARITY,USD/CNY Central Parity Rate - Historical Data,https://www.chinamoney.com.cn/ags/ms/cm-u-bk-ccpr/CcprHisNew,https://www.chinamoney.com.cn/english/bmkcpr/index.html?tab=2,2026-08-31T14:36:27.389667Z,none
2025-01-21,cny_fx,china,CHN,CNY,CNY per US dollar,7.1703,LCU_per_USD,daily,CFETS_CNY_PARITY,USD/CNY Central Parity Rate - Historical Data,https://www.chinamoney.com.cn/ags/ms/cm-u-bk-ccpr/CcprHisNew,https://www.chinamoney.com.cn/english/bmkcpr/index.html?tab=2,2026-08-31T14:36:27.389667Z,none
2025-01-22,cny_fx,china,CHN,CNY,CNY per US dollar,7.1696,LCU_per_USD,daily,CFETS_CNY_PARITY,USD/CNY Central Parity Rate - Historical Data,https://www.chinamoney.com.cn/ags/ms/cm-u-bk-ccpr/CcprHisNew,https://www.chinamoney.com.cn/english/bmkcpr/index.html?tab=2,2026-08-31T14:36:27.389667Z,none
2025-01-23,cny_fx,china,CHN,CNY,CNY per US dollar,7.1708,LCU_per_USD,daily,CFETS_CNY_PARITY,USD/CNY Central Parity Rate - Historical Data,https://www.chinamoney.com.cn/ags/ms/cm-u-bk-ccpr/CcprHisNew,https://www.chinamoney.com.cn/english/bmkcpr/index.html?tab=2,2026-08-31T14:36:27.389667Z,none
2025-01-24,cny_fx,china,CHN,CNY,CNY per US dollar,7.1705,LCU_per_USD,daily,CFETS_CNY_PARITY,USD/CNY Central Parity Rate - Historical Data,https://www.chinamoney.com.cn/ags/ms/cm-u-bk-ccpr/CcprHisNew,https://www.chinamoney.com.cn/english/bmkcpr/index.html?tab=2,2026-08-31T14:36:27.389667Z,none
2025-01-27,cny_fx,china,CHN,CNY,CNY per US dollar,7.1698,LCU_per_USD,daily,CFETS_CNY_PARITY,USD/CNY Central Parity Rate - Historical Data,https://www.chinamoney.com.cn/ags/ms/cm-u-bk-ccpr/CcprHisNew,https://www.chinamoney.com.cn/english/bmkcpr/index.html?tab=2,2026-08-31T14:36:27.389667Z,none
2025-02-05,cny_fx,china,CHN,CNY,CNY per US dollar,7.1693,LCU_per_USD,daily,CFETS_CNY_PARITY,USD/CNY Central Parity Rate - Historical Data,https://www.chinamoney.com.cn/ags/ms/cm-u-bk-ccpr/CcprHisNew,https://www.chinamoney.com.cn/english/bmkcpr/index.html?tab=2,2026-08-31T14:36:27.616456Z,none
2025-02-06,cny_fx,china,CHN,CNY,CNY per US dollar,7.1691,LCU_per_USD,daily,CFETS_CNY_PARITY,USD/CNY Central Parity Rate - Historical Data,https://www.chinamoney.com.cn/ags/ms/cm-u-bk-ccpr/CcprHisNew,https://www.chinamoney.com.cn/english/bmkcpr/index.html?tab=2,2026-08-31T14:36:27.616456Z,none
2025-02-07,cny_fx,china,CHN,CNY,CNY per US dollar,7.1699,LCU_per_USD,daily,CFETS_CNY_PARITY,USD/CNY Central Parity Rate - Historical Data,https://www.chinamoney.com.cn/ags/ms/cm-u-bk-ccpr/CcprHisNew,https://www.chinamoney.com.cn/english/bmkcpr/index.html?tab=2,2026-08-31T14:36:27.616456Z,none
2025-02-10,cny_fx,china,CHN,CNY,CNY per US dollar,7.1707,LCU_per_USD,daily,CFETS_CNY_PARITY,USD/CNY Central Parity Rate - Historical Data,https://www.chinamoney.com.cn/ags/ms/cm-u-bk-ccpr/CcprHisNew,https://www.chinamoney.com.cn/english/bmkcpr/index.html?tab=2,2026-08-31T14:36:27.616456Z,none
2025-02-11,cny_fx,china,CHN,CNY,CNY per US dollar,7.1716,LCU_per_USD,daily,CFETS_CNY_PARITY,USD/CNY Central Parity Rate - Historical Data,https://www.chinamoney.com.cn/ags/ms/cm-u-bk-ccpr/CcprHisNew,https://www.chinamoney.com.cn/english/bmkcpr/index.html?tab=2,2026-08-31T14:36:27.616456Z,none
2025-02-12,cny_fx,china,CHN,CNY,CNY per US dollar,7.171,LCU_per_USD,daily,CFETS_CNY_PARITY,USD/CNY Central Parity Rate - Historical Data,https://www.chinamoney.com.cn/ags/ms/cm-u-bk-ccpr/CcprHisNew,https://www.chinamoney.com.cn/english/bmkcpr/index.html?tab=2,2026-08-31T14:36:27.616456Z,none
2025-02-13,cny_fx,china,CHN,CNY,CNY per US dollar,7.1719,LCU_per_USD,daily,CFETS_CNY_PARITY,USD/CNY Central Parity Rate - Historical Data,https://www.chinamoney.com.cn/ags/ms/cm-u-bk-ccpr/CcprHisNew,https://www.chinamoney.com.cn/english/bmkcpr/index.html?tab=2,2026-08-31T14:36:27.616456Z,none
2025-02-14,cny_fx,china,CHN,CNY,CNY per US dollar,7.1706,LCU_per_USD,daily,CFETS_CNY_PARITY,USD/CNY Central Parity Rate - Historical Data,https://www.chinamoney.com.cn/ags/ms/cm-u-bk-ccpr/CcprHisNew,https://www.chinamoney.com.cn/english/bmkcpr/index.html?tab=2,2026-08-31T14:36:27.616456Z,none
2025-02-17,cny_fx,china,CHN,CNY,CNY per US dollar,7.1702,LCU_per_USD,daily,CFETS_CNY_PARITY,USD/CNY Central Parity Rate - Historical Data,https://www.chinamoney.com.cn/ags/ms/cm-u-bk-ccpr/CcprHisNew,https://www.chinamoney.com.cn/english/bmkcpr/index.html?tab=2,2026-08-31T14:36:27.616456Z,none
2025-02-18,cny_fx,china,CHN,CNY,CNY per US dollar,7.1697,LCU_per_USD,daily,CFETS_CNY_PARITY,USD/CNY Central Parity Rate - Historical Data,https://www.chinamoney.com.cn/ags/ms/cm-u-bk-ccpr/CcprHisNew,https://www.chinamoney.com.cn/english/bmkcpr/index.html?tab=2,2026-08-31T14:36:27.616456Z,none
2025-02-19,cny_fx,china,CHN,CNY,CNY per US dollar,7.1705,LCU_per_USD,daily,CFETS_CNY_PARITY,USD/CNY Central Parity Rate - Historical Data,https://www.chinamoney.com.cn/ags/ms/cm-u-bk-ccpr/CcprHisNew,https://www.chinamoney.com.cn/english/bmkcpr/index.html?tab=2,2026-08-31T14:36:27.616456Z,none
2025-02-20,cny_fx,china,CHN,CNY,CNY per US dollar,7.1712,LCU_per_USD,daily,CFETS_CNY_PARITY,USD/CNY Central Parity Rate - Historical Data,https://www.chinamoney.com.cn/ags/ms/cm-u-bk-ccpr/CcprHisNew,https://www.chinamoney.com.cn/english/bmkcpr/index.html?tab=2,2026-08-31T14:36:27.616456Z,none
2025-02-21,cny_fx,china,CHN,CNY,CNY per US dollar,7.1696,LCU_per_USD,daily,CFETS_CNY_PARITY,USD/CNY Central Parity Rate - Historical Data,https://www.chinamoney.com.cn/ags/ms/cm-u-bk-ccpr/CcprHisNew,https://www.chinamoney.com.cn/english/bmkcpr/index.html?tab=2,2026-08-31T14:36:27.616456Z,none
2025-02-24,cny_fx,china,CHN,CNY,CNY per US dollar,7.1717,LCU_per_USD,daily,CFETS_CNY_PARITY,USD/CNY Central Parity Rate - Historical Data,https://www.chinamoney.com.cn/ags/ms/cm-u-bk-ccpr/CcprHisNew,https://www.chinamoney.com.cn/english/bmkcpr/index.html?tab=2,2026-08-31T14:36:27.616456Z,none
2025-02-25,cny_fx,china,CHN,CNY,CNY per US dollar,7.1726,LCU_per_USD,daily,CFETS_CNY_PARITY,USD/CNY Central Parity Rate - Historical Data,https://www.chinamoney.com.cn/ags/ms/cm-u-bk-ccpr/CcprHisNew,https://www.chinamoney.com.cn/english/bmkcpr/index.html?tab=2,2026-08-31T14:36:27.616456Z,none
2025-02-26,cny_fx,china,CHN,CNY,CNY per US dollar,7.1732,LCU_per_USD,daily,CFETS_CNY_PARITY,USD/CNY Central Parity Rate - Historical Data,https://www.chinamoney.com.cn/ags/ms/cm-u-bk-ccpr/CcprHisNew,https://www.chinamoney.com.cn/english/bmkcpr/index.html?tab=2,2026-08-31T14:36:27.616456Z,none
2025-02-27,cny_fx,china,CHN,CNY,CNY per US dollar,7.174,LCU_per_USD,daily,CFETS_CNY_PARITY,USD/CNY Central Parity Rate - Historical Data,https://www.chinamoney.com.cn/ags/ms/cm-u-bk-ccpr/CcprHisNew,https://www.chinamoney.com.cn/english/bmkcpr/index.html?tab=2,2026-08-31T14:36:27.616456Z,none
2025-02-28,cny_fx,china,CHN,CNY,CNY per US dollar,7.1738,LCU_per_USD,daily,CFETS_CNY_PARITY,USD/CNY Central Parity Rate - Historical Data,https://www.chinamoney.com.cn/ags/ms/cm-u-bk-ccpr/CcprHisNew,https://www.chinamoney.com.cn/english/bmkcpr/index.html?tab=2,2026-08-31T14:36:27.616456Z,none
2025-03-03,cny_fx,china,CHN,CNY,CNY per US dollar,7.1745,LCU_per_USD,daily,CFETS_CNY_PARITY,USD/CNY Central Parity Rate - Historical Data,https://www.chinamoney.com.cn/ags/ms/cm-u-bk-ccpr/CcprHisNew,https://www.chinamoney.com.cn/english/bmkcpr/index.html?tab=2,2026-08-31T14:36:27.853009Z,none
2025-03-04,cny_fx,china,CHN,CNY,CNY per US dollar,7.1739,LCU_per_USD,daily,CFETS_CNY_PARITY,USD/CNY Central Parity Rate - Historical Data,https://www.chinamoney.com.cn/ags/ms/cm-u-bk-ccpr/CcprHisNew,https://www.chinamoney.com.cn/english/bmkcpr/index.html?tab=2,2026-08-31T14:36:27.853009Z,none
2025-03-05,cny_fx,china,CHN,CNY,CNY per US dollar,7.1714,LCU_per_USD,daily,CFETS_CNY_PARITY,USD/CNY Central Parity Rate - Historical Data,https://www.chinamoney.com.cn/ags/ms/cm-u-bk-ccpr/CcprHisNew,https://www.chinamoney.com.cn/english/bmkcpr/index.html?tab=2,2026-08-31T14:36:27.853009Z,none
2025-03-06,cny_fx,china,CHN,CNY,CNY per US dollar,7.1692,LCU_per_USD,daily,CFETS_CNY_PARITY,USD/CNY Central Parity Rate - Historical Data,https://www.chinamoney.com.cn/ags/ms/cm-u-bk-ccpr/CcprHisNew,https://www.chinamoney.com.cn/english/bmkcpr/index.html?tab=2,2026-08-31T14:36:27.853009Z,none
2025-03-07,cny_fx,china,CHN,CNY,CNY per US dollar,7.1705,LCU_per_USD,daily,CFETS_CNY_PARITY,USD/CNY Central Parity Rate - Historical Data,https://www.chinamoney.com.cn/ags/ms/cm-u-bk-ccpr/CcprHisNew,https://www.chinamoney.com.cn/english/bmkcpr/index.html?tab=2,2026-08-31T14:36:27.853009Z,none
2025-03-10,cny_fx,china,CHN,CNY,CNY per US dollar,7.1733,LCU_per_USD,daily,CFETS_CNY_PARITY,USD/CNY Central Parity Rate - Historical Data,https://www.chinamoney.com.cn/ags/ms/cm-u-bk-ccpr/CcprHisNew,https://www.chinamoney.com.cn/english/bmkcpr/index.html?tab=2,2026-08-31T14:36:27.853009Z,none
2025-03-11,cny_fx,china,CHN,CNY,CNY per US dollar,7.1741,LCU_per_USD,daily,CFETS_CNY_PARITY,USD/CNY Central Parity Rate - Historical Data,https://www.chinamoney.com.cn/ags/ms/cm-u-bk-ccpr/CcprHisNew,https://www.chinamoney.com.cn/english/bmkcpr/index.html?tab=2,2026-08-31T14:36:27.853009Z,none
2025-03-12,cny_fx,china,CHN,CNY,CNY per US dollar,7.1696,LCU_per_USD,daily,CFETS_CNY_PARITY,USD/CNY Central Parity Rate - Historical Data,https://www.chinamoney.com.cn/ags/ms/cm-u-bk-ccpr/CcprHisNew,https://www.chinamoney.com.cn/english/bmkcpr/index.html?tab=2,2026-08-31T14:36:27.853009Z,none
2025-03-13,cny_fx,china,CHN,CNY,CNY per US dollar,7.1728,LCU_per_USD,daily,CFETS_CNY_PARITY,USD/CNY Central Parity Rate - Historical Data,https://www.chinamoney.com.cn/ags/ms/cm-u-bk-ccpr/CcprHisNew,https://www.chinamoney.com.cn/english/bmkcpr/index.html?tab=2,2026-08-31T14:36:27.853009Z,none
2025-03-14,cny_fx,china,CHN,CNY,CNY per US dollar,7.1738,LCU_per_USD,daily,CFETS_CNY_PARITY,USD/CNY Central Parity Rate - Historical Data,https://www.chinamoney.com.cn/ags/ms/cm-u-bk-ccpr/CcprHisNew,https://www.chinamoney.com.cn/english/bmkcpr/index.html?tab=2,2026-08-31T14:36:27.853009Z,none
2025-03-17,cny_fx,china,CHN,CNY,CNY per US dollar,7.1688,LCU_per_USD,daily,CFETS_CNY_PARITY,USD/CNY Central Parity Rate - Historical Data,https://www.chinamoney.com.cn/ags/ms/cm-u-bk-ccpr/CcprHisNew,https://www.chinamoney.com.cn/english/bmkcpr/index.html?tab=2,2026-08-31T14:36:27.853009Z,none
2025-03-18,cny_fx,china,CHN,CNY,CNY per US dollar,7.1733,LCU_per_USD,daily,CFETS_CNY_PARITY,USD/CNY Central Parity Rate - Historical Data,https://www.chinamoney.com.cn/ags/ms/cm-u-bk-ccpr/CcprHisNew,https://www.chinamoney.com.cn/english/bmkcpr/index.html?tab=2,2026-08-31T14:36:27.853009Z,none
2025-03-19,cny_fx,china,CHN,CNY,CNY per US dollar,7.1697,LCU_per_USD,daily,CFETS_CNY_PARITY,USD/CNY Central Parity Rate - Historical Data,https://www.chinamoney.com.cn/ags/ms/cm-u-bk-ccpr/CcprHisNew,https://www.chinamoney.com.cn/english/bmkcpr/index.html?tab=2,2026-08-31T14:36:27.853009Z,none
2025-03-20,cny_fx,china,CHN,CNY,CNY per US dollar,7.1754,LCU_per_USD,daily,CFETS_CNY_PARITY,USD/CNY Central Parity Rate - Historical Data,https://www.chinamoney.com.cn/ags/ms/cm-u-bk-ccpr/CcprHisNew,https://www.chinamoney.com.cn/english/bmkcpr/index.html?tab=2,2026-08-31T14:36:27.853009Z,none
2025-03-21,cny_fx,china,CHN,CNY,CNY per US dollar,7.176,LCU_per_USD,daily,CFETS_CNY_PARITY,USD/CNY Central Parity Rate - Historical Data,https://www.chinamoney.com.cn/ags/ms/cm-u-bk-ccpr/CcprHisNew,https://www.chinamoney.com.cn/english/bmkcpr/index.html?tab=2,2026-08-31T14:36:27.853009Z,none
2025-03-24,cny_fx,china,CHN,CNY,CNY per US dollar,7.178,LCU_per_USD,daily,CFETS_CNY_PARITY,USD/CNY Central Parity Rate - Historical Data,https://www.chinamoney.com.cn/ags/ms/cm-u-bk-ccpr/CcprHisNew,https://www.chinamoney.com.cn/english/bmkcpr/index.html?tab=2,2026-08-31T14:36:27.853009Z,none
2025-03-25,cny_fx,china,CHN,CNY,CNY per US dollar,7.1788,LCU_per_USD,daily,CFETS_CNY_PARITY,USD/CNY Central Parity Rate - Historical Data,https://www.chinamoney.com.cn/ags/ms/cm-u-bk-ccpr/CcprHisNew,https://www.chinamoney.com.cn/english/bmkcpr/index.html?tab=2,2026-08-31T14:36:27.853009Z,none
2025-03-26,cny_fx,china,CHN,CNY,CNY per US dollar,7.1754,LCU_per_USD,daily,CFETS_CNY_PARITY,USD/CNY Central Parity Rate - Historical Data,https://www.chinamoney.com.cn/ags/ms/cm-u-bk-ccpr/CcprHisNew,https://www.chinamoney.com.cn/english/bmkcpr/index.html?tab=2,2026-08-31T14:36:27.853009Z,none
2025-03-27,cny_fx,china,CHN,CNY,CNY per US dollar,7.1763,LCU_per_USD,daily,CFETS_CNY_PARITY,USD/CNY Central Parity Rate - Historical Data,https://www.chinamoney.com.cn/ags/ms/cm-u-bk-ccpr/CcprHisNew,https://www.chinamoney.com.cn/english/bmkcpr/index.html?tab=2,2026-08-31T14:36:27.853009Z,none
2025-03-28,cny_fx,china,CHN,CNY,CNY per US dollar,7.1752,LCU_per_USD,daily,CFETS_CNY_PARITY,USD/CNY Central Parity Rate - Historical Data,https://www.chinamoney.com.cn/ags/ms/cm-u-bk-ccpr/CcprHisNew,https://www.chinamoney.com.cn/english/bmkcpr/index.html?tab=2,2026-08-31T14:36:27.853009Z,none
2025-03-31,cny_fx,china,CHN,CNY,CNY per US dollar,7.1782,LCU_per_USD,daily,CFETS_CNY_PARITY,USD/CNY Central Parity Rate - Historical Data,https://www.chinamoney.com.cn/ags/ms/cm-u-bk-ccpr/CcprHisNew,https://www.chinamoney.com.cn/english/bmkcpr/index.html?tab=2,2026-08-31T14:36:27.853009Z,none
2025-04-01,cny_fx,china,CHN,CNY,CNY per US dollar,7.1775,LCU_per_USD,daily,CFETS_CNY_PARITY,USD/CNY Central Parity Rate - Historical Data,https://www.chinamoney.com.cn/ags/ms/cm-u-bk-ccpr/CcprHisNew,https://www.chinamoney.com.cn/english/bmkcpr/index.html?tab=2,2026-08-31T14:36:28.108521Z,none
2025-04-02,cny_fx,china,CHN,CNY,CNY per US dollar,7.1793,LCU_per_USD,daily,CFETS_CNY_PARITY,USD/CNY Central Parity Rate - Historical Data,https://www.chinamoney.com.cn/ags/ms/cm-u-bk-ccpr/CcprHisNew,https://www.chinamoney.com.cn/english/bmkcpr/index.html?tab=2,2026-08-31T14:36:28.108521Z,none
2025-04-03,cny_fx,china,CHN,CNY,CNY per US dollar,7.1889,LCU_per_USD,daily,CFETS_CNY_PARITY,USD/CNY Central Parity Rate - Historical Data,https://www.chinamoney.com.cn/ags/ms/cm-u-bk-ccpr/CcprHisNew,https://www.chinamoney.com.cn/english/bmkcpr/index.html?tab=2,2026-08-31T14:36:28.108521Z,none
2025-04-07,cny_fx,china,CHN,CNY,CNY per US dollar,7.198,LCU_per_USD,daily,CFETS_CNY_PARITY,USD/CNY Central Parity Rate - Historical Data,https://www.chinamoney.com.cn/ags/ms/cm-u-bk-ccpr/CcprHisNew,https://www.chinamoney.com.cn/english/bmkcpr/index.html?tab=2,2026-08-31T14:36:28.108521Z,none
2025-04-08,cny_fx,china,CHN,CNY,CNY per US dollar,7.2038,LCU_per_USD,daily,CFETS_CNY_PARITY,USD/CNY Central Parity Rate - Historical Data,https://www.chinamoney.com.cn/ags/ms/cm-u-bk-ccpr/CcprHisNew,https://www.chinamoney.com.cn/english/bmkcpr/index.html?tab=2,2026-08-31T14:36:28.108521Z,none
2025-04-09,cny_fx,china,CHN,CNY,CNY per US dollar,7.2066,LCU_per_USD,daily,CFETS_CNY_PARITY,USD/CNY Central Parity Rate - Historical Data,https://www.chinamoney.com.cn/ags/ms/cm-u-bk-ccpr/CcprHisNew,https://www.chinamoney.com.cn/english/bmkcpr/index.html?tab=2,2026-08-31T14:36:28.108521Z,none
2025-04-10,cny_fx,china,CHN,CNY,CNY per US dollar,7.2092,LCU_per_USD,daily,CFETS_CNY_PARITY,USD/CNY Central Parity Rate - Historical Data,https://www.chinamoney.com.cn/ags/ms/cm-u-bk-ccpr/CcprHisNew,https://www.chinamoney.com.cn/english/bmkcpr/index.html?tab=2,2026-08-31T14:36:28.108521Z,none
2025-04-11,cny_fx,china,CHN,CNY,CNY per US dollar,7.2087,LCU_per_USD,daily,CFETS_CNY_PARITY,USD/CNY Central Parity Rate - Historical Data,https://www.chinamoney.com.cn/ags/ms/cm-u-bk-ccpr/CcprHisNew,https://www.chinamoney.com.cn/english/bmkcpr/index.html?tab=2,2026-08-31T14:36:28.108521Z,none
2025-04-14,cny_fx,china,CHN,CNY,CNY per US dollar,7.211,LCU_per_USD,daily,CFETS_CNY_PARITY,USD/CNY Central Parity Rate - Historical Data,https://www.chinamoney.com.cn/ags/ms/cm-u-bk-ccpr/CcprHisNew,https://www.chinamoney.com.cn/english/bmkcpr/index.html?tab=2,2026-08-31T14:36:28.108521Z,none
2025-04-15,cny_fx,china,CHN,CNY,CNY per US dollar,7.2096,LCU_per_USD,daily,CFETS_CNY_PARITY,USD/CNY Central Parity Rate - Historical Data,https://www.chinamoney.com.cn/ags/ms/cm-u-bk-ccpr/CcprHisNew,https://www.chinamoney.com.cn/english/bmkcpr/index.html?tab=2,2026-08-31T14:36:28.108521Z,none
2025-04-16,cny_fx,china,CHN,CNY,CNY per US dollar,7.2133,LCU_per_USD,daily,CFETS_CNY_PARITY,USD/CNY Central Parity Rate - Historical Data,https://www.chinamoney.com.cn/ags/ms/cm-u-bk-ccpr/CcprHisNew,https://www.chinamoney.com.cn/english/bmkcpr/index.html?tab=2,2026-08-31T14:36:28.108521Z,none
2025-04-17,cny_fx,china,CHN,CNY,CNY per US dollar,7.2085,LCU_per_USD,daily,CFETS_CNY_PARITY,USD/CNY Central Parity Rate - Historical Data,https://www.chinamoney.com.cn/ags/ms/cm-u-bk-ccpr/CcprHisNew,https://www.chinamoney.com.cn/english/bmkcpr/index.html?tab=2,2026-08-31T14:36:28.108521Z,none
2025-04-18,cny_fx,china,CHN,CNY,CNY per US dollar,7.2069,LCU_per_USD,daily,CFETS_CNY_PARITY,USD/CNY Central Parity Rate - Historical Data,https://www.chinamoney.com.cn/ags/ms/cm-u-bk-ccpr/CcprHisNew,https://www.chinamoney.com.cn/english/bmkcpr/index.html?tab=2,2026-08-31T14:36:28.108521Z,none
2025-04-21,cny_fx,china,CHN,CNY,CNY per US dollar,7.2055,LCU_per_USD,daily,CFETS_CNY_PARITY,USD/CNY Central Parity Rate - Historical Data,https://www.chinamoney.com.cn/ags/ms/cm-u-bk-ccpr/CcprHisNew,https://www.chinamoney.com.cn/english/bmkcpr/index.html?tab=2,2026-08-31T14:36:28.108521Z,none
2025-04-22,cny_fx,china,CHN,CNY,CNY per US dollar,7.2074,LCU_per_USD,daily,CFETS_CNY_PARITY,USD/CNY Central Parity Rate - Historical Data,https://www.chinamoney.com.cn/ags/ms/cm-u-bk-ccpr/CcprHisNew,https://www.chinamoney.com.cn/english/bmkcpr/index.html?tab=2,2026-08-31T14:36:28.108521Z,none
2025-04-23,cny_fx,china,CHN,CNY,CNY per US dollar,7.2116,LCU_per_USD,daily,CFETS_CNY_PARITY,USD/CNY Central Parity Rate - Historical Data,https://www.chinamoney.com.cn/ags/ms/cm-u-bk-ccpr/CcprHisNew,https://www.chinamoney.com.cn/english/bmkcpr/index.html?tab=2,2026-08-31T14:36:28.108521Z,none
2025-04-24,cny_fx,china,CHN,CNY,CNY per US dollar,7.2098,LCU_per_USD,daily,CFETS_CNY_PARITY,USD/CNY Central Parity Rate - Historical Data,https://www.chinamoney.com.cn/ags/ms/cm-u-bk-ccpr/CcprHisNew,https://www.chinamoney.com.cn/english/bmkcpr/index.html?tab=2,2026-08-31T14:36:28.108521Z,none
2025-04-25,cny_fx,china,CHN,CNY,CNY per US dollar,7.2066,LCU_per_USD,daily,CFETS_CNY_PARITY,USD/CNY Central Parity Rate - Historical Data,https://www.chinamoney.com.cn/ags/ms/cm-u-bk-ccpr/CcprHisNew,https://www.chinamoney.com.cn/english/bmkcpr/index.html?tab=2,2026-08-31T14:36:28.108521Z,none
2025-04-28,cny_fx,china,CHN,CNY,CNY per US dollar,7.2043,LCU_per_USD,daily,CFETS_CNY_PARITY,USD/CNY Central Parity Rate - Historical Data,https://www.chinamoney.com.cn/ags/ms/cm-u-bk-ccpr/CcprHisNew,https://www.chinamoney.com.cn/english/bmkcpr/index.html?tab=2,2026-08-31T14:36:28.108521Z,none
2025-04-29,cny_fx,china,CHN,CNY,CNY per US dollar,7.2029,LCU_per_USD,daily,CFETS_CNY_PARITY,USD/CNY Central Parity Rate - Historical Data,https://www.chinamoney.com.cn/ags/ms/cm-u-bk-ccpr/CcprHisNew,https://www.chinamoney.com.cn/english/bmkcpr/index.html?tab=2,2026-08-31T14:36:28.108521Z,none
2025-04-30,cny_fx,china,CHN,CNY,CNY per US dollar,7.2014,LCU_per_USD,daily,CFETS_CNY_PARITY,USD/CNY Central Parity Rate - Historical Data,https://www.chinamoney.com.cn/ags/ms/cm-u-bk-ccpr/CcprHisNew,https://www.chinamoney.com.cn/english/bmkcpr/index.html?tab=2,2026-08-31T14:36:28.108521Z,none
2025-05-06,cny_fx,china,CHN,CNY,CNY per US dollar,7.2008,LCU_per_USD,daily,CFETS_CNY_PARITY,USD/CNY Central Parity Rate - Historical Data,https://www.chinamoney.com.cn/ags/ms/cm-u-bk-ccpr/CcprHisNew,https://www.chinamoney.com.cn/english/bmkcpr/index.html?tab=2,2026-08-31T14:36:28.351727Z,none
2025-05-07,cny_fx,china,CHN,CNY,CNY per US dollar,7.2005,LCU_per_USD,daily,CFETS_CNY_PARITY,USD/CNY Central Parity Rate - Historical Data,https://www.chinamoney.com.cn/ags/ms/cm-u-bk-ccpr/CcprHisNew,https://www.chinamoney.com.cn/english/bmkcpr/index.html?tab=2,2026-08-31T14:36:28.351727Z,none
2025-05-08,cny_fx,china,CHN,CNY,CNY per US dollar,7.2073,LCU_per_USD,daily,CFETS_CNY_PARITY,USD/CNY Central Parity Rate - Historical Data,https://www.chinamoney.com.cn/ags/ms/cm-u-bk-ccpr/CcprHisNew,https://www.chinamoney.com.cn/english/bmkcpr/index.html?tab=2,2026-08-31T14:36:28.351727Z,none
2025-05-09,cny_fx,china,CHN,CNY,CNY per US dollar,7.2095,LCU_per_USD,daily,CFETS_CNY_PARITY,USD/CNY Central Parity Rate - Historical Data,https://www.chinamoney.com.cn/ags/ms/cm-u-bk-ccpr/CcprHisNew,https://www.chinamoney.com.cn/english/bmkcpr/index.html?tab=2,2026-08-31T14:36:28.351727Z,none
2025-05-12,cny_fx,china,CHN,CNY,CNY per US dollar,7.2066,LCU_per_USD,daily,CFETS_CNY_PARITY,USD/CNY Central Parity Rate - Historical Data,https://www.chinamoney.com.cn/ags/ms/cm-u-bk-ccpr/CcprHisNew,https://www.chinamoney.com.cn/english/bmkcpr/index.html?tab=2,2026-08-31T14:36:28.351727Z,none
2025-05-13,cny_fx,china,CHN,CNY,CNY per US dollar,7.1991,LCU_per_USD,daily,CFETS_CNY_PARITY,USD/CNY Central Parity Rate - Historical Data,https://www.chinamoney.com.cn/ags/ms/cm-u-bk-ccpr/CcprHisNew,https://www.chinamoney.com.cn/english/bmkcpr/index.html?tab=2,2026-08-31T14:36:28.351727Z,none
2025-05-14,cny_fx,china,CHN,CNY,CNY per US dollar,7.1956,LCU_per_USD,daily,CFETS_CNY_PARITY,USD/CNY Central Parity Rate - Historical Data,https://www.chinamoney.com.cn/ags/ms/cm-u-bk-ccpr/CcprHisNew,https://www.chinamoney.com.cn/english/bmkcpr/index.html?tab=2,2026-08-31T14:36:28.351727Z,none
2025-05-15,cny_fx,china,CHN,CNY,CNY per US dollar,7.1963,LCU_per_USD,daily,CFETS_CNY_PARITY,USD/CNY Central Parity Rate - Historical Data,https://www.chinamoney.com.cn/ags/ms/cm-u-bk-ccpr/CcprHisNew,https://www.chinamoney.com.cn/english/bmkcpr/index.html?tab=2,2026-08-31T14:36:28.351727Z,none
2025-05-16,cny_fx,china,CHN,CNY,CNY per US dollar,7.1938,LCU_per_USD,daily,CFETS_CNY_PARITY,USD/CNY Central Parity Rate - Historical Data,https://www.chinamoney.com.cn/ags/ms/cm-u-bk-ccpr/CcprHisNew,https://www.chinamoney.com.cn/english/bmkcpr/index.html?tab=2,2026-08-31T14:36:28.351727Z,none
2025-05-19,cny_fx,china,CHN,CNY,CNY per US dollar,7.1916,LCU_per_USD,daily,CFETS_CNY_PARITY,USD/CNY Central Parity Rate - Historical Data,https://www.chinamoney.com.cn/ags/ms/cm-u-bk-ccpr/CcprHisNew,https://www.chinamoney.com.cn/english/bmkcpr/index.html?tab=2,2026-08-31T14:36:28.351727Z,none
2025-05-20,cny_fx,china,CHN,CNY,CNY per US dollar,7.1931,LCU_per_USD,daily,CFETS_CNY_PARITY,USD/CNY Central Parity Rate - Historical Data,https://www.chinamoney.com.cn/ags/ms/cm-u-bk-ccpr/CcprHisNew,https://www.chinamoney.com.cn/english/bmkcpr/index.html?tab=2,2026-08-31T14:36:28.351727Z,none
2025-05-21,cny_fx,china,CHN,CNY,CNY per US dollar,7.1937,LCU_per_USD,daily,CFETS_CNY_PARITY,USD/CNY Central Parity Rate - Historical Data,https://www.chinamoney.com.cn/ags/ms/cm-u-bk-ccpr/CcprHisNew,https://www.chinamoney.com.cn/english/bmkcpr/index.html?tab=2,2026-08-31T14:36:28.351727Z,none
2025-05-22,cny_fx,china,CHN,CNY,CNY per US dollar,7.1903,LCU_per_USD,daily,CFETS_CNY_PARITY,USD/CNY Central Parity Rate - Historical Data,https://www.chinamoney.com.cn/ags/ms/cm-u-bk-ccpr/CcprHisNew,https://www.chinamoney.com.cn/english/bmkcpr/index.html?tab=2,2026-08-31T14:36:28.351727Z,none
2025-05-23,cny_fx,china,CHN,CNY,CNY per US dollar,7.1919,LCU_per_USD,daily,CFETS_CNY_PARITY,USD/CNY Central Parity Rate - Historical Data,https://www.chinamoney.com.cn/ags/ms/cm-u-bk-ccpr/CcprHisNew,https://www.chinamoney.com.cn/english/bmkcpr/index.html?tab=2,2026-08-31T14:36:28.351727Z,none
2025-05-26,cny_fx,china,CHN,CNY,CNY per US dollar,7.1833,LCU_per_USD,daily,CFETS_CNY_PARITY,USD/CNY Central Parity Rate - Historical Data,https://www.chinamoney.com.cn/ags/ms/cm-u-bk-ccpr/CcprHisNew,https://www.chinamoney.com.cn/english/bmkcpr/index.html?tab=2,2026-08-31T14:36:28.351727Z,none
2025-05-27,cny_fx,china,CHN,CNY,CNY per US dollar,7.1876,LCU_per_USD,daily,CFETS_CNY_PARITY,USD/CNY Central Parity Rate - Historical Data,https://www.chinamoney.com.cn/ags/ms/cm-u-bk-ccpr/CcprHisNew,https://www.chinamoney.com.cn/english/bmkcpr/index.html?tab=2,2026-08-31T14:36:28.351727Z,none
2025-05-28,cny_fx,china,CHN,CNY,CNY per US dollar,7.1894,LCU_per_USD,daily,CFETS_CNY_PARITY,USD/CNY Central Parity Rate - Historical Data,https://www.chinamoney.com.cn/ags/ms/cm-u-bk-ccpr/CcprHisNew,https://www.chinamoney.com.cn/english/bmkcpr/index.html?tab=2,2026-08-31T14:36:28.351727Z,none
2025-05-29,cny_fx,china,CHN,CNY,CNY per US dollar,7.1907,LCU_per_USD,daily,CFETS_CNY_PARITY,USD/CNY Central Parity Rate - Historical Data,https://www.chinamoney.com.cn/ags/ms/cm-u-bk-ccpr/CcprHisNew,https://www.chinamoney.com.cn/english/bmkcpr/index.html?tab=2,2026-08-31T14:36:28.351727Z,none
2025-05-30,cny_fx,china,CHN,CNY,CNY per US dollar,7.1848,LCU_per_USD,daily,CFETS_CNY_PARITY,USD/CNY Central Parity Rate - Historical Data,https://www.chinamoney.com.cn/ags/ms/cm-u-bk-ccpr/CcprHisNew,https://www.chinamoney.com.cn/english/bmkcpr/index.html?tab=2,2026-08-31T14:36:28.351727Z,none
2025-06-03,cny_fx,china,CHN,CNY,CNY per US dollar,7.1869,LCU_per_USD,daily,CFETS_CNY_PARITY,USD/CNY Central Parity Rate - Historical Data,https://www.chinamoney.com.cn/ags/ms/cm-u-bk-ccpr/CcprHisNew,https://www.chinamoney.com.cn/english/bmkcpr/index.html?tab=2,2026-08-31T14:36:28.570948Z,none
2025-06-04,cny_fx,china,CHN,CNY,CNY per US dollar,7.1886,LCU_per_USD,daily,CFETS_CNY_PARITY,USD/CNY Central Parity Rate - Historical Data,https://www.chinamoney.com.cn/ags/ms/cm-u-bk-ccpr/CcprHisNew,https://www.chinamoney.com.cn/english/bmkcpr/index.html?tab=2,2026-08-31T14:36:28.570948Z,none
2025-06-05,cny_fx,china,CHN,CNY,CNY per US dollar,7.1865,LCU_per_USD,daily,CFETS_CNY_PARITY,USD/CNY Central Parity Rate - Historical Data,https://www.chinamoney.com.cn/ags/ms/cm-u-bk-ccpr/CcprHisNew,https://www.chinamoney.com.cn/english/bmkcpr/index.html?tab=2,2026-08-31T14:36:28.570948Z,none
2025-06-06,cny_fx,china,CHN,CNY,CNY per US dollar,7.1845,LCU_per_USD,daily,CFETS_CNY_PARITY,USD/CNY Central Parity Rate - Historical Data,https://www.chinamoney.com.cn/ags/ms/cm-u-bk-ccpr/CcprHisNew,https://www.chinamoney.com.cn/english/bmkcpr/index.html?tab=2,2026-08-31T14:36:28.570948Z,none
2025-06-09,cny_fx,china,CHN,CNY,CNY per US dollar,7.1855,LCU_per_USD,daily,CFETS_CNY_PARITY,USD/CNY Central Parity Rate - Historical Data,https://www.chinamoney.com.cn/ags/ms/cm-u-bk-ccpr/CcprHisNew,https://www.chinamoney.com.cn/english/bmkcpr/index.html?tab=2,2026-08-31T14:36:28.570948Z,none
2025-06-10,cny_fx,china,CHN,CNY,CNY per US dollar,7.184,LCU_per_USD,daily,CFETS_CNY_PARITY,USD/CNY Central Parity Rate - Historical Data,https://www.chinamoney.com.cn/ags/ms/cm-u-bk-ccpr/CcprHisNew,https://www.chinamoney.com.cn/english/bmkcpr/index.html?tab=2,2026-08-31T14:36:28.570948Z,none
2025-06-11,cny_fx,china,CHN,CNY,CNY per US dollar,7.1815,LCU_per_USD,daily,CFETS_CNY_PARITY,USD/CNY Central Parity Rate - Historical Data,https://www.chinamoney.com.cn/ags/ms/cm-u-bk-ccpr/CcprHisNew,https://www.chinamoney.com.cn/english/bmkcpr/index.html?tab=2,2026-08-31T14:36:28.570948Z,none
2025-06-12,cny_fx,china,CHN,CNY,CNY per US dollar,7.1803,LCU_per_USD,daily,CFETS_CNY_PARITY,USD/CNY Central Parity Rate - Historical Data,https://www.chinamoney.com.cn/ags/ms/cm-u-bk-ccpr/CcprHisNew,https://www.chinamoney.com.cn/english/bmkcpr/index.html?tab=2,2026-08-31T14:36:28.570948Z,none
2025-06-13,cny_fx,china,CHN,CNY,CNY per US dollar,7.1772,LCU_per_USD,daily,CFETS_CNY_PARITY,USD/CNY Central Parity Rate - Historical Data,https://www.chinamoney.com.cn/ags/ms/cm-u-bk-ccpr/CcprHisNew,https://www.chinamoney.com.cn/english/bmkcpr/index.html?tab=2,2026-08-31T14:36:28.570948Z,none
2025-06-16,cny_fx,china,CHN,CNY,CNY per US dollar,7.1789,LCU_per_USD,daily,CFETS_CNY_PARITY,USD/CNY Central Parity Rate - Historical Data,https://www.chinamoney.com.cn/ags/ms/cm-u-bk-ccpr/CcprHisNew,https://www.chinamoney.com.cn/english/bmkcpr/index.html?tab=2,2026-08-31T14:36:28.570948Z,none
2025-06-17,cny_fx,china,CHN,CNY,CNY per US dollar,7.1746,LCU_per_USD,daily,CFETS_CNY_PARITY,USD/CNY Central Parity Rate - Historical Data,https://www.chinamoney.com.cn/ags/ms/cm-u-bk-ccpr/CcprHisNew,https://www.chinamoney.com.cn/english/bmkcpr/index.html?tab=2,2026-08-31T14:36:28.570948Z,none
2025-06-18,cny_fx,china,CHN,CNY,CNY per US dollar,7.1761,LCU_per_USD,daily,CFETS_CNY_PARITY,USD/CNY Central Parity Rate - Historical Data,https://www.chinamoney.com.cn/ags/ms/cm-u-bk-ccpr/CcprHisNew,https://www.chinamoney.com.cn/english/bmkcpr/index.html?tab=2,2026-08-31T14:36:28.570948Z,none
2025-06-19,cny_fx,china,CHN,CNY,CNY per US dollar,7.1729,LCU_per_USD,daily,CFETS_CNY_PARITY,USD/CNY Central Parity Rate - Historical Data,https://www.chinamoney.com.cn/ags/ms/cm-u-bk-ccpr/CcprHisNew,https://www.chinamoney.com.cn/english/bmkcpr/index.html?tab=2,2026-08-31T14:36:28.570948Z,none
2025-06-20,cny_fx,china,CHN,CNY,CNY per US dollar,7.1695,LCU_per_USD,daily,CFETS_CNY_PARITY,USD/CNY Central Parity Rate - Historical Data,https://www.chinamoney.com.cn/ags/ms/cm-u-bk-ccpr/CcprHisNew,https://www.chinamoney.com.cn/english/bmkcpr/index.html?tab=2,2026-08-31T14:36:28.570948Z,none
2025-06-23,cny_fx,china,CHN,CNY,CNY per US dollar,7.171,LCU_per_USD,daily,CFETS_CNY_PARITY,USD/CNY Central Parity Rate - Historical Data,https://www.chinamoney.com.cn/ags/ms/cm-u-bk-ccpr/CcprHisNew,https://www.chinamoney.com.cn/english/bmkcpr/index.html?tab=2,2026-08-31T14:36:28.570948Z,none
2025-06-24,cny_fx,china,CHN,CNY,CNY per US dollar,7.1656,LCU_per_USD,daily,CFETS_CNY_PARITY,USD/CNY Central Parity Rate - Historical Data,https://www.chinamoney.com.cn/ags/ms/cm-u-bk-ccpr/CcprHisNew,https://www.chinamoney.com.cn/english/bmkcpr/index.html?tab=2,2026-08-31T14:36:28.570948Z,none
2025-06-25,cny_fx,china,CHN,CNY,CNY per US dollar,7.1668,LCU_per_USD,daily,CFETS_CNY_PARITY,USD/CNY Central Parity Rate - Historical Data,https://www.chinamoney.com.cn/ags/ms/cm-u-bk-ccpr/CcprHisNew,https://www.chinamoney.com.cn/english/bmkcpr/index.html?tab=2,2026-08-31T14:36:28.570948Z,none
2025-06-26,cny_fx,china,CHN,CNY,CNY per US dollar,7.162,LCU_per_USD,daily,CFETS_CNY_PARITY,USD/CNY Central Parity Rate - Historical Data,https://www.chinamoney.com.cn/ags/ms/cm-u-bk-ccpr/CcprHisNew,https://www.chinamoney.com.cn/english/bmkcpr/index.html?tab=2,2026-08-31T14:36:28.570948Z,none
2025-06-27,cny_fx,china,CHN,CNY,CNY per US dollar,7.1627,LCU_per_USD,daily,CFETS_CNY_PARITY,USD/CNY Central Parity Rate - Historical Data,https://www.chinamoney.com.cn/ags/ms/cm-u-bk-ccpr/CcprHisNew,https://www.chinamoney.com.cn/english/bmkcpr/index.html?tab=2,2026-08-31T14:36:28.570948Z,none
2025-06-30,cny_fx,china,CHN,CNY,CNY per US dollar,7.1586,LCU_per_USD,daily,CFETS_CNY_PARITY,USD/CNY Central Parity Rate - Historical Data,https://www.chinamoney.com.cn/ags/ms/cm-u-bk-ccpr/CcprHisNew,https://www.chinamoney.com.cn/english/bmkcpr/index.html?tab=2,2026-08-31T14:36:28.570948Z,none
2025-07-01,cny_fx,china,CHN,CNY,CNY per US dollar,7.1534,LCU_per_USD,daily,CFETS_CNY_PARITY,USD/CNY Central Parity Rate - Historical Data,https://www.chinamoney.com.cn/ags/ms/cm-u-bk-ccpr/CcprHisNew,https://www.chinamoney.com.cn/english/bmkcpr/index.html?tab=2,2026-08-31T14:36:28.792531Z,none
2025-07-02,cny_fx,china,CHN,CNY,CNY per US dollar,7.1546,LCU_per_USD,daily,CFETS_CNY_PARITY,USD/CNY Central Parity Rate - Historical Data,https://www.chinamoney.com.cn/ags/ms/cm-u-bk-ccpr/CcprHisNew,https://www.chinamoney.com.cn/english/bmkcpr/index.html?tab=2,2026-08-31T14:36:28.792531Z,none
2025-07-03,cny_fx,china,CHN,CNY,CNY per US dollar,7.1523,LCU_per_USD,daily,CFETS_CNY_PARITY,USD/CNY Central Parity Rate - Historical Data,https://www.chinamoney.com.cn/ags/ms/cm-u-bk-ccpr/CcprHisNew,https://www.chinamoney.com.cn/english/bmkcpr/index.html?tab=2,2026-08-31T14:36:28.792531Z,none
2025-07-04,cny_fx,china,CHN,CNY,CNY per US dollar,7.1535,LCU_per_USD,daily,CFETS_CNY_PARITY,USD/CNY Central Parity Rate - Historical Data,https://www.chinamoney.com.cn/ags/ms/cm-u-bk-ccpr/CcprHisNew,https://www.chinamoney.com.cn/english/bmkcpr/index.html?tab=2,2026-08-31T14:36:28.792531Z,none
2025-07-07,cny_fx,china,CHN,CNY,CNY per US dollar,7.1506,LCU_per_USD,daily,CFETS_CNY_PARITY,USD/CNY Central Parity Rate - Historical Data,https://www.chinamoney.com.cn/ags/ms/cm-u-bk-ccpr/CcprHisNew,https://www.chinamoney.com.cn/english/bmkcpr/index.html?tab=2,2026-08-31T14:36:28.792531Z,none
2025-07-08,cny_fx,china,CHN,CNY,CNY per US dollar,7.1534,LCU_per_USD,daily,CFETS_CNY_PARITY,USD/CNY Central Parity Rate - Historical Data,https://www.chinamoney.com.cn/ags/ms/cm-u-bk-ccpr/CcprHisNew,https://www.chinamoney.com.cn/english/bmkcpr/index.html?tab=2,2026-08-31T14:36:28.792531Z,none
2025-07-09,cny_fx,china,CHN,CNY,CNY per US dollar,7.1541,LCU_per_USD,daily,CFETS_CNY_PARITY,USD/CNY Central Parity Rate - Historical Data,https://www.chinamoney.com.cn/ags/ms/cm-u-bk-ccpr/CcprHisNew,https://www.chinamoney.com.cn/english/bmkcpr/index.html?tab=2,2026-08-31T14:36:28.792531Z,none
2025-07-10,cny_fx,china,CHN,CNY,CNY per US dollar,7.151,LCU_per_USD,daily,CFETS_CNY_PARITY,USD/CNY Central Parity Rate - Historical Data,https://www.chinamoney.com.cn/ags/ms/cm-u-bk-ccpr/CcprHisNew,https://www.chinamoney.com.cn/english/bmkcpr/index.html?tab=2,2026-08-31T14:36:28.792531Z,none
2025-07-11,cny_fx,china,CHN,CNY,CNY per US dollar,7.1475,LCU_per_USD,daily,CFETS_CNY_PARITY,USD/CNY Central Parity Rate - Historical Data,https://www.chinamoney.com.cn/ags/ms/cm-u-bk-ccpr/CcprHisNew,https://www.chinamoney.com.cn/english/bmkcpr/index.html?tab=2,2026-08-31T14:36:28.792531Z,none
2025-07-14,cny_fx,china,CHN,CNY,CNY per US dollar,7.1491,LCU_per_USD,daily,CFETS_CNY_PARITY,USD/CNY Central Parity Rate - Historical Data,https://www.chinamoney.com.cn/ags/ms/cm-u-bk-ccpr/CcprHisNew,https://www.chinamoney.com.cn/english/bmkcpr/index.html?tab=2,2026-08-31T14:36:28.792531Z,none
2025-07-15,cny_fx,china,CHN,CNY,CNY per US dollar,7.1498,LCU_per_USD,daily,CFETS_CNY_PARITY,USD/CNY Central Parity Rate - Historical Data,https://www.chinamoney.com.cn/ags/ms/cm-u-bk-ccpr/CcprHisNew,https://www.chinamoney.com.cn/english/bmkcpr/index.html?tab=2,2026-08-31T14:36:28.792531Z,none
2025-07-16,cny_fx,china,CHN,CNY,CNY per US dollar,7.1526,LCU_per_USD,daily,CFETS_CNY_PARITY,USD/CNY Central Parity Rate - Historical Data,https://www.chinamoney.com.cn/ags/ms/cm-u-bk-ccpr/CcprHisNew,https://www.chinamoney.com.cn/english/bmkcpr/index.html?tab=2,2026-08-31T14:36:28.792531Z,none
2025-07-17,cny_fx,china,CHN,CNY,CNY per US dollar,7.1461,LCU_per_USD,daily,CFETS_CNY_PARITY,USD/CNY Central Parity Rate - Historical Data,https://www.chinamoney.com.cn/ags/ms/cm-u-bk-ccpr/CcprHisNew,https://www.chinamoney.com.cn/english/bmkcpr/index.html?tab=2,2026-08-31T14:36:28.792531Z,none
2025-07-18,cny_fx,china,CHN,CNY,CNY per US dollar,7.1498,LCU_per_USD,daily,CFETS_CNY_PARITY,USD/CNY Central Parity Rate - Historical Data,https://www.chinamoney.com.cn/ags/ms/cm-u-bk-ccpr/CcprHisNew,https://www.chinamoney.com.cn/english/bmkcpr/index.html?tab=2,2026-08-31T14:36:28.792531Z,none
2025-07-21,cny_fx,china,CHN,CNY,CNY per US dollar,7.1522,LCU_per_USD,daily,CFETS_CNY_PARITY,USD/CNY Central Parity Rate - Historical Data,https://www.chinamoney.com.cn/ags/ms/cm-u-bk-ccpr/CcprHisNew,https://www.chinamoney.com.cn/english/bmkcpr/index.html?tab=2,2026-08-31T14:36:28.792531Z,none
2025-07-22,cny_fx,china,CHN,CNY,CNY per US dollar,7.146,LCU_per_USD,daily,CFETS_CNY_PARITY,USD/CNY Central Parity Rate - Historical Data,https://www.chinamoney.com.cn/ags/ms/cm-u-bk-ccpr/CcprHisNew,https://www.chinamoney.com.cn/english/bmkcpr/index.html?tab=2,2026-08-31T14:36:28.792531Z,none
2025-07-23,cny_fx,china,CHN,CNY,CNY per US dollar,7.1414,LCU_per_USD,daily,CFETS_CNY_PARITY,USD/CNY Central Parity Rate - Historical Data,https://www.chinamoney.com.cn/ags/ms/cm-u-bk-ccpr/CcprHisNew,https://www.chinamoney.com.cn/english/bmkcpr/index.html?tab=2,2026-08-31T14:36:28.792531Z,none
2025-07-24,cny_fx,china,CHN,CNY,CNY per US dollar,7.1385,LCU_per_USD,daily,CFETS_CNY_PARITY,USD/CNY Central Parity Rate - Historical Data,https://www.chinamoney.com.cn/ags/ms/cm-u-bk-ccpr/CcprHisNew,https://www.chinamoney.com.cn/english/bmkcpr/index.html?tab=2,2026-08-31T14:36:28.792531Z,none
2025-07-25,cny_fx,china,CHN,CNY,CNY per US dollar,7.1419,LCU_per_USD,daily,CFETS_CNY_PARITY,USD/CNY Central Parity Rate - Historical Data,https://www.chinamoney.com.cn/ags/ms/cm-u-bk-ccpr/CcprHisNew,https://www.chinamoney.com.cn/english/bmkcpr/index.html?tab=2,2026-08-31T14:36:28.792531Z,none
2025-07-28,cny_fx,china,CHN,CNY,CNY per US dollar,7.1467,LCU_per_USD,daily,CFETS_CNY_PARITY,USD/CNY Central Parity Rate - Historical Data,https://www.chinamoney.com.cn/ags/ms/cm-u-bk-ccpr/CcprHisNew,https://www.chinamoney.com.cn/english/bmkcpr/index.html?tab=2,2026-08-31T14:36:28.792531Z,none
2025-07-29,cny_fx,china,CHN,CNY,CNY per US dollar,7.1511,LCU_per_USD,daily,CFETS_CNY_PARITY,USD/CNY Central Parity Rate - Historical Data,https://www.chinamoney.com.cn/ags/ms/cm-u-bk-ccpr/CcprHisNew,https://www.chinamoney.com.cn/english/bmkcpr/index.html?tab=2,2026-08-31T14:36:28.792531Z,none
2025-07-30,cny_fx,china,CHN,CNY,CNY per US dollar,7.1441,LCU_per_USD,daily,CFETS_CNY_PARITY,USD/CNY Central Parity Rate - Historical Data,https://www.chinamoney.com.cn/ags/ms/cm-u-bk-ccpr/CcprHisNew,https://www.chinamoney.com.cn/english/bmkcpr/index.html?tab=2,2026-08-31T14:36:28.792531Z,none
2025-07-31,cny_fx,china,CHN,CNY,CNY per US dollar,7.1494,LCU_per_USD,daily,CFETS_CNY_PARITY,USD/CNY Central Parity Rate - Historical Data,https://www.chinamoney.com.cn/ags/ms/cm-u-bk-ccpr/CcprHisNew,https://www.chinamoney.com.cn/english/bmkcpr/index.html?tab=2,2026-08-31T14:36:28.792531Z,none
2025-08-01,cny_fx,china,CHN,CNY,CNY per US dollar,7.1496,LCU_per_USD,daily,CFETS_CNY_PARITY,USD/CNY Central Parity Rate - Historical Data,https://www.chinamoney.com.cn/ags/ms/cm-u-bk-ccpr/CcprHisNew,https://www.chinamoney.com.cn/english/bmkcpr/index.html?tab=2,2026-08-31T14:36:29.012134Z,none
2025-08-04,cny_fx,china,CHN,CNY,CNY per US dollar,7.1395,LCU_per_USD,daily,CFETS_CNY_PARITY,USD/CNY Central Parity Rate - Historical Data,https://www.chinamoney.com.cn/ags/ms/cm-u-bk-ccpr/CcprHisNew,https://www.chinamoney.com.cn/english/bmkcpr/index.html?tab=2,2026-08-31T14:36:29.012134Z,none
2025-08-05,cny_fx,china,CHN,CNY,CNY per US dollar,7.1366,LCU_per_USD,daily,CFETS_CNY_PARITY,USD/CNY Central Parity Rate - Historical Data,https://www.chinamoney.com.cn/ags/ms/cm-u-bk-ccpr/CcprHisNew,https://www.chinamoney.com.cn/english/bmkcpr/index.html?tab=2,2026-08-31T14:36:29.012134Z,none
2025-08-06,cny_fx,china,CHN,CNY,CNY per US dollar,7.1409,LCU_per_USD,daily,CFETS_CNY_PARITY,USD/CNY Central Parity Rate - Historical Data,https://www.chinamoney.com.cn/ags/ms/cm-u-bk-ccpr/CcprHisNew,https://www.chinamoney.com.cn/english/bmkcpr/index.html?tab=2,2026-08-31T14:36:29.012134Z,none
2025-08-07,cny_fx,china,CHN,CNY,CNY per US dollar,7.1345,LCU_per_USD,daily,CFETS_CNY_PARITY,USD/CNY Central Parity Rate - Historical Data,https://www.chinamoney.com.cn/ags/ms/cm-u-bk-ccpr/CcprHisNew,https://www.chinamoney.com.cn/english/bmkcpr/index.html?tab=2,2026-08-31T14:36:29.012134Z,none
2025-08-08,cny_fx,china,CHN,CNY,CNY per US dollar,7.1382,LCU_per_USD,daily,CFETS_CNY_PARITY,USD/CNY Central Parity Rate - Historical Data,https://www.chinamoney.com.cn/ags/ms/cm-u-bk-ccpr/CcprHisNew,https://www.chinamoney.com.cn/english/bmkcpr/index.html?tab=2,2026-08-31T14:36:29.012134Z,none
2025-08-11,cny_fx,china,CHN,CNY,CNY per US dollar,7.1405,LCU_per_USD,daily,CFETS_CNY_PARITY,USD/CNY Central Parity Rate - Historical Data,https://www.chinamoney.com.cn/ags/ms/cm-u-bk-ccpr/CcprHisNew,https://www.chinamoney.com.cn/english/bmkcpr/index.html?tab=2,2026-08-31T14:36:29.012134Z,none
2025-08-12,cny_fx,china,CHN,CNY,CNY per US dollar,7.1418,LCU_per_USD,daily,CFETS_CNY_PARITY,USD/CNY Central Parity Rate - Historical Data,https://www.chinamoney.com.cn/ags/ms/cm-u-bk-ccpr/CcprHisNew,https://www.chinamoney.com.cn/english/bmkcpr/index.html?tab=2,2026-08-31T14:36:29.012134Z,none
2025-08-13,cny_fx,china,CHN,CNY,CNY per US dollar,7.135,LCU_per_USD,daily,CFETS_CNY_PARITY,USD/CNY Central Parity Rate - Historical Data,https://www.chinamoney.com.cn/ags/ms/cm-u-bk-ccpr/CcprHisNew,https://www.chinamoney.com.cn/english/bmkcpr/index.html?tab=2,2026-08-31T14:36:29.012134Z,none
2025-08-14,cny_fx,china,CHN,CNY,CNY per US dollar,7.1337,LCU_per_USD,daily,CFETS_CNY_PARITY,USD/CNY Central Parity Rate - Historical Data,https://www.chinamoney.com.cn/ags/ms/cm-u-bk-ccpr/CcprHisNew,https://www.chinamoney.com.cn/english/bmkcpr/index.html?tab=2,2026-08-31T14:36:29.012134Z,none
2025-08-15,cny_fx,china,CHN,CNY,CNY per US dollar,7.1371,LCU_per_USD,daily,CFETS_CNY_PARITY,USD/CNY Central Parity Rate - Historical Data,https://www.chinamoney.com.cn/ags/ms/cm-u-bk-ccpr/CcprHisNew,https://www.chinamoney.com.cn/english/bmkcpr/index.html?tab=2,2026-08-31T14:36:29.012134Z,none
2025-08-18,cny_fx,china,CHN,CNY,CNY per US dollar,7.1322,LCU_per_USD,daily,CFETS_CNY_PARITY,USD/CNY Central Parity Rate - Historical Data,https://www.chinamoney.com.cn/ags/ms/cm-u-bk-ccpr/CcprHisNew,https://www.chinamoney.com.cn/english/bmkcpr/index.html?tab=2,2026-08-31T14:36:29.012134Z,none
2025-08-19,cny_fx,china,CHN,CNY,CNY per US dollar,7.1359,LCU_per_USD,daily,CFETS_CNY_PARITY,USD/CNY Central Parity Rate - Historical Data,https://www.chinamoney.com.cn/ags/ms/cm-u-bk-ccpr/CcprHisNew,https://www.chinamoney.com.cn/english/bmkcpr/index.html?tab=2,2026-08-31T14:36:29.012134Z,none
2025-08-20,cny_fx,china,CHN,CNY,CNY per US dollar,7.1384,LCU_per_USD,daily,CFETS_CNY_PARITY,USD/CNY Central Parity Rate - Historical Data,https://www.chinamoney.com.cn/ags/ms/cm-u-bk-ccpr/CcprHisNew,https://www.chinamoney.com.cn/english/bmkcpr/index.html?tab=2,2026-08-31T14:36:29.012134Z,none
2025-08-21,cny_fx,china,CHN,CNY,CNY per US dollar,7.1287,LCU_per_USD,daily,CFETS_CNY_PARITY,USD/CNY Central Parity Rate - Historical Data,https://www.chinamoney.com.cn/ags/ms/cm-u-bk-ccpr/CcprHisNew,https://www.chinamoney.com.cn/english/bmkcpr/index.html?tab=2,2026-08-31T14:36:29.012134Z,none
2025-08-22,cny_fx,china,CHN,CNY,CNY per US dollar,7.1321,LCU_per_USD,daily,CFETS_CNY_PARITY,USD/CNY Central Parity Rate - Historical Data,https://www.chinamoney.com.cn/ags/ms/cm-u-bk-ccpr/CcprHisNew,https://www.chinamoney.com.cn/english/bmkcpr/index.html?tab=2,2026-08-31T14:36:29.012134Z,none
2025-08-25,cny_fx,china,CHN,CNY,CNY per US dollar,7.1161,LCU_per_USD,daily,CFETS_CNY_PARITY,USD/CNY Central Parity Rate - Historical Data,https://www.chinamoney.com.cn/ags/ms/cm-u-bk-ccpr/CcprHisNew,https://www.chinamoney.com.cn/english/bmkcpr/index.html?tab=2,2026-08-31T14:36:29.012134Z,none
2025-08-26,cny_fx,china,CHN,CNY,CNY per US dollar,7.1188,LCU_per_USD,daily,CFETS_CNY_PARITY,USD/CNY Central Parity Rate - Historical Data,https://www.chinamoney.com.cn/ags/ms/cm-u-bk-ccpr/CcprHisNew,https://www.chinamoney.com.cn/english/bmkcpr/index.html?tab=2,2026-08-31T14:36:29.012134Z,none
2025-08-27,cny_fx,china,CHN,CNY,CNY per US dollar,7.1108,LCU_per_USD,daily,CFETS_CNY_PARITY,USD/CNY Central Parity Rate - Historical Data,https://www.chinamoney.com.cn/ags/ms/cm-u-bk-ccpr/CcprHisNew,https://www.chinamoney.com.cn/english/bmkcpr/index.html?tab=2,2026-08-31T14:36:29.012134Z,none
2025-08-28,cny_fx,china,CHN,CNY,CNY per US dollar,7.1063,LCU_per_USD,daily,CFETS_CNY_PARITY,USD/CNY Central Parity Rate - Historical Data,https://www.chinamoney.com.cn/ags/ms/cm-u-bk-ccpr/CcprHisNew,https://www.chinamoney.com.cn/english/bmkcpr/index.html?tab=2,2026-08-31T14:36:29.012134Z,none
2025-08-29,cny_fx,china,CHN,CNY,CNY per US dollar,7.103,LCU_per_USD,daily,CFETS_CNY_PARITY,USD/CNY Central Parity Rate - Historical Data,https://www.chinamoney.com.cn/ags/ms/cm-u-bk-ccpr/CcprHisNew,https://www.chinamoney.com.cn/english/bmkcpr/index.html?tab=2,2026-08-31T14:36:29.012134Z,none
2025-09-01,cny_fx,china,CHN,CNY,CNY per US dollar,7.1072,LCU_per_USD,daily,CFETS_CNY_PARITY,USD/CNY Central Parity Rate - Historical Data,https://www.chinamoney.com.cn/ags/ms/cm-u-bk-ccpr/CcprHisNew,https://www.chinamoney.com.cn/english/bmkcpr/index.html?tab=2,2026-08-31T14:36:29.251405Z,none
2025-09-02,cny_fx,china,CHN,CNY,CNY per US dollar,7.1089,LCU_per_USD,daily,CFETS_CNY_PARITY,USD/CNY Central Parity Rate - Historical Data,https://www.chinamoney.com.cn/ags/ms/cm-u-bk-ccpr/CcprHisNew,https://www.chinamoney.com.cn/english/bmkcpr/index.html?tab=2,2026-08-31T14:36:29.251405Z,none
2025-09-03,cny_fx,china,CHN,CNY,CNY per US dollar,7.1108,LCU_per_USD,daily,CFETS_CNY_PARITY,USD/CNY Central Parity Rate - Historical Data,https://www.chinamoney.com.cn/ags/ms/cm-u-bk-ccpr/CcprHisNew,https://www.chinamoney.com.cn/english/bmkcpr/index.html?tab=2,2026-08-31T14:36:29.251405Z,none
2025-09-04,cny_fx,china,CHN,CNY,CNY per US dollar,7.1052,LCU_per_USD,daily,CFETS_CNY_PARITY,USD/CNY Central Parity Rate - Historical Data,https://www.chinamoney.com.cn/ags/ms/cm-u-bk-ccpr/CcprHisNew,https://www.chinamoney.com.cn/english/bmkcpr/index.html?tab=2,2026-08-31T14:36:29.251405Z,none
2025-09-05,cny_fx,china,CHN,CNY,CNY per US dollar,7.1064,LCU_per_USD,daily,CFETS_CNY_PARITY,USD/CNY Central Parity Rate - Historical Data,https://www.chinamoney.com.cn/ags/ms/cm-u-bk-ccpr/CcprHisNew,https://www.chinamoney.com.cn/english/bmkcpr/index.html?tab=2,2026-08-31T14:36:29.251405Z,none
2025-09-08,cny_fx,china,CHN,CNY,CNY per US dollar,7.1029,LCU_per_USD,daily,CFETS_CNY_PARITY,USD/CNY Central Parity Rate - Historical Data,https://www.chinamoney.com.cn/ags/ms/cm-u-bk-ccpr/CcprHisNew,https://www.chinamoney.com.cn/english/bmkcpr/index.html?tab=2,2026-08-31T14:36:29.251405Z,none
2025-09-09,cny_fx,china,CHN,CNY,CNY per US dollar,7.1008,LCU_per_USD,daily,CFETS_CNY_PARITY,USD/CNY Central Parity Rate - Historical Data,https://www.chinamoney.com.cn/ags/ms/cm-u-bk-ccpr/CcprHisNew,https://www.chinamoney.com.cn/english/bmkcpr/index.html?tab=2,2026-08-31T14:36:29.251405Z,none
2025-09-10,cny_fx,china,CHN,CNY,CNY per US dollar,7.1062,LCU_per_USD,daily,CFETS_CNY_PARITY,USD/CNY Central Parity Rate - Historical Data,https://www.chinamoney.com.cn/ags/ms/cm-u-bk-ccpr/CcprHisNew,https://www.chinamoney.com.cn/english/bmkcpr/index.html?tab=2,2026-08-31T14:36:29.251405Z,none
2025-09-11,cny_fx,china,CHN,CNY,CNY per US dollar,7.1034,LCU_per_USD,daily,CFETS_CNY_PARITY,USD/CNY Central Parity Rate - Historical Data,https://www.chinamoney.com.cn/ags/ms/cm-u-bk-ccpr/CcprHisNew,https://www.chinamoney.com.cn/english/bmkcpr/index.html?tab=2,2026-08-31T14:36:29.251405Z,none
2025-09-12,cny_fx,china,CHN,CNY,CNY per US dollar,7.1019,LCU_per_USD,daily,CFETS_CNY_PARITY,USD/CNY Central Parity Rate - Historical Data,https://www.chinamoney.com.cn/ags/ms/cm-u-bk-ccpr/CcprHisNew,https://www.chinamoney.com.cn/english/bmkcpr/index.html?tab=2,2026-08-31T14:36:29.251405Z,none
2025-09-15,cny_fx,china,CHN,CNY,CNY per US dollar,7.1056,LCU_per_USD,daily,CFETS_CNY_PARITY,USD/CNY Central Parity Rate - Historical Data,https://www.chinamoney.com.cn/ags/ms/cm-u-bk-ccpr/CcprHisNew,https://www.chinamoney.com.cn/english/bmkcpr/index.html?tab=2,2026-08-31T14:36:29.251405Z,none
2025-09-16,cny_fx,china,CHN,CNY,CNY per US dollar,7.1027,LCU_per_USD,daily,CFETS_CNY_PARITY,USD/CNY Central Parity Rate - Historical Data,https://www.chinamoney.com.cn/ags/ms/cm-u-bk-ccpr/CcprHisNew,https://www.chinamoney.com.cn/english/bmkcpr/index.html?tab=2,2026-08-31T14:36:29.251405Z,none
2025-09-17,cny_fx,china,CHN,CNY,CNY per US dollar,7.1013,LCU_per_USD,daily,CFETS_CNY_PARITY,USD/CNY Central Parity Rate - Historical Data,https://www.chinamoney.com.cn/ags/ms/cm-u-bk-ccpr/CcprHisNew,https://www.chinamoney.com.cn/english/bmkcpr/index.html?tab=2,2026-08-31T14:36:29.251405Z,none
2025-09-18,cny_fx,china,CHN,CNY,CNY per US dollar,7.1085,LCU_per_USD,daily,CFETS_CNY_PARITY,USD/CNY Central Parity Rate - Historical Data,https://www.chinamoney.com.cn/ags/ms/cm-u-bk-ccpr/CcprHisNew,https://www.chinamoney.com.cn/english/bmkcpr/index.html?tab=2,2026-08-31T14:36:29.251405Z,none
2025-09-19,cny_fx,china,CHN,CNY,CNY per US dollar,7.1128,LCU_per_USD,daily,CFETS_CNY_PARITY,USD/CNY Central Parity Rate - Historical Data,https://www.chinamoney.com.cn/ags/ms/cm-u-bk-ccpr/CcprHisNew,https://www.chinamoney.com.cn/english/bmkcpr/index.html?tab=2,2026-08-31T14:36:29.251405Z,none
2025-09-22,cny_fx,china,CHN,CNY,CNY per US dollar,7.1106,LCU_per_USD,daily,CFETS_CNY_PARITY,USD/CNY Central Parity Rate - Historical Data,https://www.chinamoney.com.cn/ags/ms/cm-u-bk-ccpr/CcprHisNew,https://www.chinamoney.com.cn/english/bmkcpr/index.html?tab=2,2026-08-31T14:36:29.251405Z,none
2025-09-23,cny_fx,china,CHN,CNY,CNY per US dollar,7.1057,LCU_per_USD,daily,CFETS_CNY_PARITY,USD/CNY Central Parity Rate - Historical Data,https://www.chinamoney.com.cn/ags/ms/cm-u-bk-ccpr/CcprHisNew,https://www.chinamoney.com.cn/english/bmkcpr/index.html?tab=2,2026-08-31T14:36:29.251405Z,none
2025-09-24,cny_fx,china,CHN,CNY,CNY per US dollar,7.1077,LCU_per_USD,daily,CFETS_CNY_PARITY,USD/CNY Central Parity Rate - Historical Data,https://www.chinamoney.com.cn/ags/ms/cm-u-bk-ccpr/CcprHisNew,https://www.chinamoney.com.cn/english/bmkcpr/index.html?tab=2,2026-08-31T14:36:29.251405Z,none
2025-09-25,cny_fx,china,CHN,CNY,CNY per US dollar,7.1118,LCU_per_USD,daily,CFETS_CNY_PARITY,USD/CNY Central Parity Rate - Historical Data,https://www.chinamoney.com.cn/ags/ms/cm-u-bk-ccpr/CcprHisNew,https://www.chinamoney.com.cn/english/bmkcpr/index.html?tab=2,2026-08-31T14:36:29.251405Z,none
2025-09-26,cny_fx,china,CHN,CNY,CNY per US dollar,7.1152,LCU_per_USD,daily,CFETS_CNY_PARITY,USD/CNY Central Parity Rate - Historical Data,https://www.chinamoney.com.cn/ags/ms/cm-u-bk-ccpr/CcprHisNew,https://www.chinamoney.com.cn/english/bmkcpr/index.html?tab=2,2026-08-31T14:36:29.251405Z,none
2025-09-29,cny_fx,china,CHN,CNY,CNY per US dollar,7.1089,LCU_per_USD,daily,CFETS_CNY_PARITY,USD/CNY Central Parity Rate - Historical Data,https://www.chinamoney.com.cn/ags/ms/cm-u-bk-ccpr/CcprHisNew,https://www.chinamoney.com.cn/english/bmkcpr/index.html?tab=2,2026-08-31T14:36:29.251405Z,none
2025-09-30,cny_fx,china,CHN,CNY,CNY per US dollar,7.1055,LCU_per_USD,daily,CFETS_CNY_PARITY,USD/CNY Central Parity Rate - Historical Data,https://www.chinamoney.com.cn/ags/ms/cm-u-bk-ccpr/CcprHisNew,https://www.chinamoney.com.cn/english/bmkcpr/index.html?tab=2,2026-08-31T14:36:29.251405Z,none
2025-10-09,cny_fx,china,CHN,CNY,CNY per US dollar,7.1102,LCU_per_USD,daily,CFETS_CNY_PARITY,USD/CNY Central Parity Rate - Historical Data,https://www.chinamoney.com.cn/ags/ms/cm-u-bk-ccpr/CcprHisNew,https://www.chinamoney.com.cn/english/bmkcpr/index.html?tab=2,2026-08-31T14:36:29.490062Z,none
2025-10-10,cny_fx,china,CHN,CNY,CNY per US dollar,7.1048,LCU_per_USD,daily,CFETS_CNY_PARITY,USD/CNY Central Parity Rate - Historical Data,https://www.chinamoney.com.cn/ags/ms/cm-u-bk-ccpr/CcprHisNew,https://www.chinamoney.com.cn/english/bmkcpr/index.html?tab=2,2026-08-31T14:36:29.490062Z,none
2025-10-13,cny_fx,china,CHN,CNY,CNY per US dollar,7.1007,LCU_per_USD,daily,CFETS_CNY_PARITY,USD/CNY Central Parity Rate - Historical Data,https://www.chinamoney.com.cn/ags/ms/cm-u-bk-ccpr/CcprHisNew,https://www.chinamoney.com.cn/english/bmkcpr/index.html?tab=2,2026-08-31T14:36:29.490062Z,none
2025-10-14,cny_fx,china,CHN,CNY,CNY per US dollar,7.1021,LCU_per_USD,daily,CFETS_CNY_PARITY,USD/CNY Central Parity Rate - Historical Data,https://www.chinamoney.com.cn/ags/ms/cm-u-bk-ccpr/CcprHisNew,https://www.chinamoney.com.cn/english/bmkcpr/index.html?tab=2,2026-08-31T14:36:29.490062Z,none
2025-10-15,cny_fx,china,CHN,CNY,CNY per US dollar,7.0995,LCU_per_USD,daily,CFETS_CNY_PARITY,USD/CNY Central Parity Rate - Historical Data,https://www.chinamoney.com.cn/ags/ms/cm-u-bk-ccpr/CcprHisNew,https://www.chinamoney.com.cn/english/bmkcpr/index.html?tab=2,2026-08-31T14:36:29.490062Z,none
2025-10-16,cny_fx,china,CHN,CNY,CNY per US dollar,7.0968,LCU_per_USD,daily,CFETS_CNY_PARITY,USD/CNY Central Parity Rate - Historical Data,https://www.chinamoney.com.cn/ags/ms/cm-u-bk-ccpr/CcprHisNew,https://www.chinamoney.com.cn/english/bmkcpr/index.html?tab=2,2026-08-31T14:36:29.490062Z,none
2025-10-17,cny_fx,china,CHN,CNY,CNY per US dollar,7.0949,LCU_per_USD,daily,CFETS_CNY_PARITY,USD/CNY Central Parity Rate - Historical Data,https://www.chinamoney.com.cn/ags/ms/cm-u-bk-ccpr/CcprHisNew,https://www.chinamoney.com.cn/english/bmkcpr/index.html?tab=2,2026-08-31T14:36:29.490062Z,none
2025-10-20,cny_fx,china,CHN,CNY,CNY per US dollar,7.0973,LCU_per_USD,daily,CFETS_CNY_PARITY,USD/CNY Central Parity Rate - Historical Data,https://www.chinamoney.com.cn/ags/ms/cm-u-bk-ccpr/CcprHisNew,https://www.chinamoney.com.cn/english/bmkcpr/index.html?tab=2,2026-08-31T14:36:29.490062Z,none
2025-10-21,cny_fx,china,CHN,CNY,CNY per US dollar,7.093,LCU_per_USD,daily,CFETS_CNY_PARITY,USD/CNY Central Parity Rate - Historical Data,https://www.chinamoney.com.cn/ags/ms/cm-u-bk-ccpr/CcprHisNew,https://www.chinamoney.com.cn/english/bmkcpr/index.html?tab=2,2026-08-31T14:36:29.490062Z,none
2025-10-22,cny_fx,china,CHN,CNY,CNY per US dollar,7.0954,LCU_per_USD,daily,CFETS_CNY_PARITY,USD/CNY Central Parity Rate - Historical Data,https://www.chinamoney.com.cn/ags/ms/cm-u-bk-ccpr/CcprHisNew,https://www.chinamoney.com.cn/english/bmkcpr/index.html?tab=2,2026-08-31T14:36:29.490062Z,none
2025-10-23,cny_fx,china,CHN,CNY,CNY per US dollar,7.0918,LCU_per_USD,daily,CFETS_CNY_PARITY,USD/CNY Central Parity Rate - Historical Data,https://www.chinamoney.com.cn/ags/ms/cm-u-bk-ccpr/CcprHisNew,https://www.chinamoney.com.cn/english/bmkcpr/index.html?tab=2,2026-08-31T14:36:29.490062Z,none
2025-10-24,cny_fx,china,CHN,CNY,CNY per US dollar,7.0928,LCU_per_USD,daily,CFETS_CNY_PARITY,USD/CNY Central Parity Rate - Historical Data,https://www.chinamoney.com.cn/ags/ms/cm-u-bk-ccpr/CcprHisNew,https://www.chinamoney.com.cn/english/bmkcpr/index.html?tab=2,2026-08-31T14:36:29.490062Z,none
2025-10-27,cny_fx,china,CHN,CNY,CNY per US dollar,7.0881,LCU_per_USD,daily,CFETS_CNY_PARITY,USD/CNY Central Parity Rate - Historical Data,https://www.chinamoney.com.cn/ags/ms/cm-u-bk-ccpr/CcprHisNew,https://www.chinamoney.com.cn/english/bmkcpr/index.html?tab=2,2026-08-31T14:36:29.490062Z,none
2025-10-28,cny_fx,china,CHN,CNY,CNY per US dollar,7.0856,LCU_per_USD,daily,CFETS_CNY_PARITY,USD/CNY Central Parity Rate - Historical Data,https://www.chinamoney.com.cn/ags/ms/cm-u-bk-ccpr/CcprHisNew,https://www.chinamoney.com.cn/english/bmkcpr/index.html?tab=2,2026-08-31T14:36:29.490062Z,none
2025-10-29,cny_fx,china,CHN,CNY,CNY per US dollar,7.0843,LCU_per_USD,daily,CFETS_CNY_PARITY,USD/CNY Central Parity Rate - Historical Data,https://www.chinamoney.com.cn/ags/ms/cm-u-bk-ccpr/CcprHisNew,https://www.chinamoney.com.cn/english/bmkcpr/index.html?tab=2,2026-08-31T14:36:29.490062Z,none
2025-10-30,cny_fx,china,CHN,CNY,CNY per US dollar,7.0864,LCU_per_USD,daily,CFETS_CNY_PARITY,USD/CNY Central Parity Rate - Historical Data,https://www.chinamoney.com.cn/ags/ms/cm-u-bk-ccpr/CcprHisNew,https://www.chinamoney.com.cn/english/bmkcpr/index.html?tab=2,2026-08-31T14:36:29.490062Z,none
2025-10-31,cny_fx,china,CHN,CNY,CNY per US dollar,7.088,LCU_per_USD,daily,CFETS_CNY_PARITY,USD/CNY Central Parity Rate - Historical Data,https://www.chinamoney.com.cn/ags/ms/cm-u-bk-ccpr/CcprHisNew,https://www.chinamoney.com.cn/english/bmkcpr/index.html?tab=2,2026-08-31T14:36:29.490062Z,none
2025-11-03,cny_fx,china,CHN,CNY,CNY per US dollar,7.0867,LCU_per_USD,daily,CFETS_CNY_PARITY,USD/CNY Central Parity Rate - Historical Data,https://www.chinamoney.com.cn/ags/ms/cm-u-bk-ccpr/CcprHisNew,https://www.chinamoney.com.cn/english/bmkcpr/index.html?tab=2,2026-08-31T14:36:29.719990Z,none
2025-11-04,cny_fx,china,CHN,CNY,CNY per US dollar,7.0885,LCU_per_USD,daily,CFETS_CNY_PARITY,USD/CNY Central Parity Rate - Historical Data,https://www.chinamoney.com.cn/ags/ms/cm-u-bk-ccpr/CcprHisNew,https://www.chinamoney.com.cn/english/bmkcpr/index.html?tab=2,2026-08-31T14:36:29.719990Z,none
2025-11-05,cny_fx,china,CHN,CNY,CNY per US dollar,7.0901,LCU_per_USD,daily,CFETS_CNY_PARITY,USD/CNY Central Parity Rate - Historical Data,https://www.chinamoney.com.cn/ags/ms/cm-u-bk-ccpr/CcprHisNew,https://www.chinamoney.com.cn/english/bmkcpr/index.html?tab=2,2026-08-31T14:36:29.719990Z,none
2025-11-06,cny_fx,china,CHN,CNY,CNY per US dollar,7.0865,LCU_per_USD,daily,CFETS_CNY_PARITY,USD/CNY Central Parity Rate - Historical Data,https://www.chinamoney.com.cn/ags/ms/cm-u-bk-ccpr/CcprHisNew,https://www.chinamoney.com.cn/english/bmkcpr/index.html?tab=2,2026-08-31T14:36:29.719990Z,none
2025-11-07,cny_fx,china,CHN,CNY,CNY per US dollar,7.0836,LCU_per_USD,daily,CFETS_CNY_PARITY,USD/CNY Central Parity Rate - Historical Data,https://www.chinamoney.com.cn/ags/ms/cm-u-bk-ccpr/CcprHisNew,https://www.chinamoney.com.cn/english/bmkcpr/index.html?tab=2,2026-08-31T14:36:29.719990Z,none
2025-11-10,cny_fx,china,CHN,CNY,CNY per US dollar,7.0856,LCU_per_USD,daily,CFETS_CNY_PARITY,USD/CNY Central Parity Rate - Historical Data,https://www.chinamoney.com.cn/ags/ms/cm-u-bk-ccpr/CcprHisNew,https://www.chinamoney.com.cn/english/bmkcpr/index.html?tab=2,2026-08-31T14:36:29.719990Z,none
2025-11-11,cny_fx,china,CHN,CNY,CNY per US dollar,7.0866,LCU_per_USD,daily,CFETS_CNY_PARITY,USD/CNY Central Parity Rate - Historical Data,https://www.chinamoney.com.cn/ags/ms/cm-u-bk-ccpr/CcprHisNew,https://www.chinamoney.com.cn/english/bmkcpr/index.html?tab=2,2026-08-31T14:36:29.719990Z,none
2025-11-12,cny_fx,china,CHN,CNY,CNY per US dollar,7.0833,LCU_per_USD,daily,CFETS_CNY_PARITY,USD/CNY Central Parity Rate - Historical Data,https://www.chinamoney.com.cn/ags/ms/cm-u-bk-ccpr/CcprHisNew,https://www.chinamoney.com.cn/english/bmkcpr/index.html?tab=2,2026-08-31T14:36:29.719990Z,none
2025-11-13,cny_fx,china,CHN,CNY,CNY per US dollar,7.0865,LCU_per_USD,daily,CFETS_CNY_PARITY,USD/CNY Central Parity Rate - Historical Data,https://www.chinamoney.com.cn/ags/ms/cm-u-bk-ccpr/CcprHisNew,https://www.chinamoney.com.cn/english/bmkcpr/index.html?tab=2,2026-08-31T14:36:29.719990Z,none
2025-11-14,cny_fx,china,CHN,CNY,CNY per US dollar,7.0825,LCU_per_USD,daily,CFETS_CNY_PARITY,USD/CNY Central Parity Rate - Historical Data,https://www.chinamoney.com.cn/ags/ms/cm-u-bk-ccpr/CcprHisNew,https://www.chinamoney.com.cn/english/bmkcpr/index.html?tab=2,2026-08-31T14:36:29.719990Z,none
2025-11-17,cny_fx,china,CHN,CNY,CNY per US dollar,7.0816,LCU_per_USD,daily,CFETS_CNY_PARITY,USD/CNY Central Parity Rate - Historical Data,https://www.chinamoney.com.cn/ags/ms/cm-u-bk-ccpr/CcprHisNew,https://www.chinamoney.com.cn/english/bmkcpr/index.html?tab=2,2026-08-31T14:36:29.719990Z,none
2025-11-18,cny_fx,china,CHN,CNY,CNY per US dollar,7.0856,LCU_per_USD,daily,CFETS_CNY_PARITY,USD/CNY Central Parity Rate - Historical Data,https://www.chinamoney.com.cn/ags/ms/cm-u-bk-ccpr/CcprHisNew,https://www.chinamoney.com.cn/english/bmkcpr/index.html?tab=2,2026-08-31T14:36:29.719990Z,none
2025-11-19,cny_fx,china,CHN,CNY,CNY per US dollar,7.0872,LCU_per_USD,daily,CFETS_CNY_PARITY,USD/CNY Central Parity Rate - Historical Data,https://www.chinamoney.com.cn/ags/ms/cm-u-bk-ccpr/CcprHisNew,https://www.chinamoney.com.cn/english/bmkcpr/index.html?tab=2,2026-08-31T14:36:29.719990Z,none
2025-11-20,cny_fx,china,CHN,CNY,CNY per US dollar,7.0905,LCU_per_USD,daily,CFETS_CNY_PARITY,USD/CNY Central Parity Rate - Historical Data,https://www.chinamoney.com.cn/ags/ms/cm-u-bk-ccpr/CcprHisNew,https://www.chinamoney.com.cn/english/bmkcpr/index.html?tab=2,2026-08-31T14:36:29.719990Z,none
2025-11-21,cny_fx,china,CHN,CNY,CNY per US dollar,7.0875,LCU_per_USD,daily,CFETS_CNY_PARITY,USD/CNY Central Parity Rate - Historical Data,https://www.chinamoney.com.cn/ags/ms/cm-u-bk-ccpr/CcprHisNew,https://www.chinamoney.com.cn/english/bmkcpr/index.html?tab=2,2026-08-31T14:36:29.719990Z,none
2025-11-24,cny_fx,china,CHN,CNY,CNY per US dollar,7.0847,LCU_per_USD,daily,CFETS_CNY_PARITY,USD/CNY Central Parity Rate - Historical Data,https://www.chinamoney.com.cn/ags/ms/cm-u-bk-ccpr/CcprHisNew,https://www.chinamoney.com.cn/english/bmkcpr/index.html?tab=2,2026-08-31T14:36:29.719990Z,none
2025-11-25,cny_fx,china,CHN,CNY,CNY per US dollar,7.0826,LCU_per_USD,daily,CFETS_CNY_PARITY,USD/CNY Central Parity Rate - Historical Data,https://www.chinamoney.com.cn/ags/ms/cm-u-bk-ccpr/CcprHisNew,https://www.chinamoney.com.cn/english/bmkcpr/index.html?tab=2,2026-08-31T14:36:29.719990Z,none
2025-11-26,cny_fx,china,CHN,CNY,CNY per US dollar,7.0796,LCU_per_USD,daily,CFETS_CNY_PARITY,USD/CNY Central Parity Rate - Historical Data,https://www.chinamoney.com.cn/ags/ms/cm-u-bk-ccpr/CcprHisNew,https://www.chinamoney.com.cn/english/bmkcpr/index.html?tab=2,2026-08-31T14:36:29.719990Z,none
2025-11-27,cny_fx,china,CHN,CNY,CNY per US dollar,7.0779,LCU_per_USD,daily,CFETS_CNY_PARITY,USD/CNY Central Parity Rate - Historical Data,https://www.chinamoney.com.cn/ags/ms/cm-u-bk-ccpr/CcprHisNew,https://www.chinamoney.com.cn/english/bmkcpr/index.html?tab=2,2026-08-31T14:36:29.719990Z,none
2025-11-28,cny_fx,china,CHN,CNY,CNY per US dollar,7.0789,LCU_per_USD,daily,CFETS_CNY_PARITY,USD/CNY Central Parity Rate - Historical Data,https://www.chinamoney.com.cn/ags/ms/cm-u-bk-ccpr/CcprHisNew,https://www.chinamoney.com.cn/english/bmkcpr/index.html?tab=2,2026-08-31T14:36:29.719990Z,none
2025-12-01,cny_fx,china,CHN,CNY,CNY per US dollar,7.0759,LCU_per_USD,daily,CFETS_CNY_PARITY,USD/CNY Central Parity Rate - Historical Data,https://www.chinamoney.com.cn/ags/ms/cm-u-bk-ccpr/CcprHisNew,https://www.chinamoney.com.cn/english/bmkcpr/index.html?tab=2,2026-08-31T14:36:29.929120Z,none
2025-12-02,cny_fx,china,CHN,CNY,CNY per US dollar,7.0794,LCU_per_USD,daily,CFETS_CNY_PARITY,USD/CNY Central Parity Rate - Historical Data,https://www.chinamoney.com.cn/ags/ms/cm-u-bk-ccpr/CcprHisNew,https://www.chinamoney.com.cn/english/bmkcpr/index.html?tab=2,2026-08-31T14:36:29.929120Z,none
2025-12-03,cny_fx,china,CHN,CNY,CNY per US dollar,7.0754,LCU_per_USD,daily,CFETS_CNY_PARITY,USD/CNY Central Parity Rate - Historical Data,https://www.chinamoney.com.cn/ags/ms/cm-u-bk-ccpr/CcprHisNew,https://www.chinamoney.com.cn/english/bmkcpr/index.html?tab=2,2026-08-31T14:36:29.929120Z,none
2025-12-04,cny_fx,china,CHN,CNY,CNY per US dollar,7.0733,LCU_per_USD,daily,CFETS_CNY_PARITY,USD/CNY Central Parity Rate - Historical Data,https://www.chinamoney.com.cn/ags/ms/cm-u-bk-ccpr/CcprHisNew,https://www.chinamoney.com.cn/english/bmkcpr/index.html?tab=2,2026-08-31T14:36:29.929120Z,none
2025-12-05,cny_fx,china,CHN,CNY,CNY per US dollar,7.0749,LCU_per_USD,daily,CFETS_CNY_PARITY,USD/CNY Central Parity Rate - Historical Data,https://www.chinamoney.com.cn/ags/ms/cm-u-bk-ccpr/CcprHisNew,https://www.chinamoney.com.cn/english/bmkcpr/index.html?tab=2,2026-08-31T14:36:29.929120Z,none
2025-12-08,cny_fx,china,CHN,CNY,CNY per US dollar,7.0764,LCU_per_USD,daily,CFETS_CNY_PARITY,USD/CNY Central Parity Rate - Historical Data,https://www.chinamoney.com.cn/ags/ms/cm-u-bk-ccpr/CcprHisNew,https://www.chinamoney.com.cn/english/bmkcpr/index.html?tab=2,2026-08-31T14:36:29.929120Z,none
2025-12-09,cny_fx,china,CHN,CNY,CNY per US dollar,7.0773,LCU_per_USD,daily,CFETS_CNY_PARITY,USD/CNY Central Parity Rate - Historical Data,https://www.chinamoney.com.cn/ags/ms/cm-u-bk-ccpr/CcprHisNew,https://www.chinamoney.com.cn/english/bmkcpr/index.html?tab=2,2026-08-31T14:36:29.929120Z,none
2025-12-10,cny_fx,china,CHN,CNY,CNY per US dollar,7.0753,LCU_per_USD,daily,CFETS_CNY_PARITY,USD/CNY Central Parity Rate - Historical Data,https://www.chinamoney.com.cn/ags/ms/cm-u-bk-ccpr/CcprHisNew,https://www.chinamoney.com.cn/english/bmkcpr/index.html?tab=2,2026-08-31T14:36:29.929120Z,none
2025-12-11,cny_fx,china,CHN,CNY,CNY per US dollar,7.0686,LCU_per_USD,daily,CFETS_CNY_PARITY,USD/CNY Central Parity Rate - Historical Data,https://www.chinamoney.com.cn/ags/ms/cm-u-bk-ccpr/CcprHisNew,https://www.chinamoney.com.cn/english/bmkcpr/index.html?tab=2,2026-08-31T14:36:29.929120Z,none
2025-12-12,cny_fx,china,CHN,CNY,CNY per US dollar,7.0638,LCU_per_USD,daily,CFETS_CNY_PARITY,USD/CNY Central Parity Rate - Historical Data,https://www.chinamoney.com.cn/ags/ms/cm-u-bk-ccpr/CcprHisNew,https://www.chinamoney.com.cn/english/bmkcpr/index.html?tab=2,2026-08-31T14:36:29.929120Z,none
2025-12-15,cny_fx,china,CHN,CNY,CNY per US dollar,7.0656,LCU_per_USD,daily,CFETS_CNY_PARITY,USD/CNY Central Parity Rate - Historical Data,https://www.chinamoney.com.cn/ags/ms/cm-u-bk-ccpr/CcprHisNew,https://www.chinamoney.com.cn/english/bmkcpr/index.html?tab=2,2026-08-31T14:36:29.929120Z,none
2025-12-16,cny_fx,china,CHN,CNY,CNY per US dollar,7.0602,LCU_per_USD,daily,CFETS_CNY_PARITY,USD/CNY Central Parity Rate - Historical Data,https://www.chinamoney.com.cn/ags/ms/cm-u-bk-ccpr/CcprHisNew,https://www.chinamoney.com.cn/english/bmkcpr/index.html?tab=2,2026-08-31T14:36:29.929120Z,none
2025-12-17,cny_fx,china,CHN,CNY,CNY per US dollar,7.0573,LCU_per_USD,daily,CFETS_CNY_PARITY,USD/CNY Central Parity Rate - Historical Data,https://www.chinamoney.com.cn/ags/ms/cm-u-bk-ccpr/CcprHisNew,https://www.chinamoney.com.cn/english/bmkcpr/index.html?tab=2,2026-08-31T14:36:29.929120Z,none
2025-12-18,cny_fx,china,CHN,CNY,CNY per US dollar,7.0583,LCU_per_USD,daily,CFETS_CNY_PARITY,USD/CNY Central Parity Rate - Historical Data,https://www.chinamoney.com.cn/ags/ms/cm-u-bk-ccpr/CcprHisNew,https://www.chinamoney.com.cn/english/bmkcpr/index.html?tab=2,2026-08-31T14:36:29.929120Z,none
2025-12-19,cny_fx,china,CHN,CNY,CNY per US dollar,7.055,LCU_per_USD,daily,CFETS_CNY_PARITY,USD/CNY Central Parity Rate - Historical Data,https://www.chinamoney.com.cn/ags/ms/cm-u-bk-ccpr/CcprHisNew,https://www.chinamoney.com.cn/english/bmkcpr/index.html?tab=2,2026-08-31T14:36:29.929120Z,none
2025-12-22,cny_fx,china,CHN,CNY,CNY per US dollar,7.0572,LCU_per_USD,daily,CFETS_CNY_PARITY,USD/CNY Central Parity Rate - Historical Data,https://www.chinamoney.com.cn/ags/ms/cm-u-bk-ccpr/CcprHisNew,https://www.chinamoney.com.cn/english/bmkcpr/index.html?tab=2,2026-08-31T14:36:29.929120Z,none
2025-12-23,cny_fx,china,CHN,CNY,CNY per US dollar,7.0523,LCU_per_USD,daily,CFETS_CNY_PARITY,USD/CNY Central Parity Rate - Historical Data,https://www.chinamoney.com.cn/ags/ms/cm-u-bk-ccpr/CcprHisNew,https://www.chinamoney.com.cn/english/bmkcpr/index.html?tab=2,2026-08-31T14:36:29.929120Z,none
2025-12-24,cny_fx,china,CHN,CNY,CNY per US dollar,7.0471,LCU_per_USD,daily,CFETS_CNY_PARITY,USD/CNY Central Parity Rate - Historical Data,https://www.chinamoney.com.cn/ags/ms/cm-u-bk-ccpr/CcprHisNew,https://www.chinamoney.com.cn/english/bmkcpr/index.html?tab=2,2026-08-31T14:36:29.929120Z,none
2025-12-25,cny_fx,china,CHN,CNY,CNY per US dollar,7.0392,LCU_per_USD,daily,CFETS_CNY_PARITY,USD/CNY Central Parity Rate - Historical Data,https://www.chinamoney.com.cn/ags/ms/cm-u-bk-ccpr/CcprHisNew,https://www.chinamoney.com.cn/english/bmkcpr/index.html?tab=2,2026-08-31T14:36:29.929120Z,none
2025-12-26,cny_fx,china,CHN,CNY,CNY per US dollar,7.0358,LCU_per_USD,daily,CFETS_CNY_PARITY,USD/CNY Central Parity Rate - Historical Data,https://www.chinamoney.com.cn/ags/ms/cm-u-bk-ccpr/CcprHisNew,https://www.chinamoney.com.cn/english/bmkcpr/index.html?tab=2,2026-08-31T14:36:29.929120Z,none
2025-12-29,cny_fx,china,CHN,CNY,CNY per US dollar,7.0331,LCU_per_USD,daily,CFETS_CNY_PARITY,USD/CNY Central Parity Rate - Historical Data,https://www.chinamoney.com.cn/ags/ms/cm-u-bk-ccpr/CcprHisNew,https://www.chinamoney.com.cn/english/bmkcpr/index.html?tab=2,2026-08-31T14:36:29.929120Z,none
2025-12-30,cny_fx,china,CHN,CNY,CNY per US dollar,7.0348,LCU_per_USD,daily,CFETS_CNY_PARITY,USD/CNY Central Parity Rate - Historical Data,https://www.chinamoney.com.cn/ags/ms/cm-u-bk-ccpr/CcprHisNew,https://www.chinamoney.com.cn/english/bmkcpr/index.html?tab=2,2026-08-31T14:36:29.929120Z,none
2025-12-31,cny_fx,china,CHN,CNY,CNY per US dollar,7.0288,LCU_per_USD,daily,CFETS_CNY_PARITY,USD/CNY Central Parity Rate - Historical Data,https://www.chinamoney.com.cn/ags/ms/cm-u-bk-ccpr/CcprHisNew,https://www.chinamoney.com.cn/english/bmkcpr/index.html?tab=2,2026-08-31T14:36:29.929120Z,none
2026-01-05,cny_fx,china,CHN,CNY,CNY per US dollar,7.023,LCU_per_USD,daily,CFETS_CNY_PARITY,USD/CNY Central Parity Rate - Historical Data,https://www.chinamoney.com.cn/ags/ms/cm-u-bk-ccpr/CcprHisNew,https://www.chinamoney.com.cn/english/bmkcpr/index.html?tab=2,2026-08-31T14:36:30.149559Z,none
2026-01-06,cny_fx,china,CHN,CNY,CNY per US dollar,7.0173,LCU_per_USD,daily,CFETS_CNY_PARITY,USD/CNY Central Parity Rate - Historical Data,https://www.chinamoney.com.cn/ags/ms/cm-u-bk-ccpr/CcprHisNew,https://www.chinamoney.com.cn/english/bmkcpr/index.html?tab=2,2026-08-31T14:36:30.149559Z,none
2026-01-07,cny_fx,china,CHN,CNY,CNY per US dollar,7.0187,LCU_per_USD,daily,CFETS_CNY_PARITY,USD/CNY Central Parity Rate - Historical Data,https://www.chinamoney.com.cn/ags/ms/cm-u-bk-ccpr/CcprHisNew,https://www.chinamoney.com.cn/english/bmkcpr/index.html?tab=2,2026-08-31T14:36:30.149559Z,none
2026-01-08,cny_fx,china,CHN,CNY,CNY per US dollar,7.0197,LCU_per_USD,daily,CFETS_CNY_PARITY,USD/CNY Central Parity Rate - Historical Data,https://www.chinamoney.com.cn/ags/ms/cm-u-bk-ccpr/CcprHisNew,https://www.chinamoney.com.cn/english/bmkcpr/index.html?tab=2,2026-08-31T14:36:30.149559Z,none
2026-01-09,cny_fx,china,CHN,CNY,CNY per US dollar,7.0128,LCU_per_USD,daily,CFETS_CNY_PARITY,USD/CNY Central Parity Rate - Historical Data,https://www.chinamoney.com.cn/ags/ms/cm-u-bk-ccpr/CcprHisNew,https://www.chinamoney.com.cn/english/bmkcpr/index.html?tab=2,2026-08-31T14:36:30.149559Z,none
2026-01-12,cny_fx,china,CHN,CNY,CNY per US dollar,7.0108,LCU_per_USD,daily,CFETS_CNY_PARITY,USD/CNY Central Parity Rate - Historical Data,https://www.chinamoney.com.cn/ags/ms/cm-u-bk-ccpr/CcprHisNew,https://www.chinamoney.com.cn/english/bmkcpr/index.html?tab=2,2026-08-31T14:36:30.149559Z,none
2026-01-13,cny_fx,china,CHN,CNY,CNY per US dollar,7.0103,LCU_per_USD,daily,CFETS_CNY_PARITY,USD/CNY Central Parity Rate - Historical Data,https://www.chinamoney.com.cn/ags/ms/cm-u-bk-ccpr/CcprHisNew,https://www.chinamoney.com.cn/english/bmkcpr/index.html?tab=2,2026-08-31T14:36:30.149559Z,none
2026-01-14,cny_fx,china,CHN,CNY,CNY per US dollar,7.012,LCU_per_USD,daily,CFETS_CNY_PARITY,USD/CNY Central Parity Rate - Historical Data,https://www.chinamoney.com.cn/ags/ms/cm-u-bk-ccpr/CcprHisNew,https://www.chinamoney.com.cn/english/bmkcpr/index.html?tab=2,2026-08-31T14:36:30.149559Z,none
2026-01-15,cny_fx,china,CHN,CNY,CNY per US dollar,7.0064,LCU_per_USD,daily,CFETS_CNY_PARITY,USD/CNY Central Parity Rate - Historical Data,https://www.chinamoney.com.cn/ags/ms/cm-u-bk-ccpr/CcprHisNew,https://www.chinamoney.com.cn/english/bmkcpr/index.html?tab=2,2026-08-31T14:36:30.149559Z,none
2026-01-16,cny_fx,china,CHN,CNY,CNY per US dollar,7.0078,LCU_per_USD,daily,CFETS_CNY_PARITY,USD/CNY Central Parity Rate - Historical Data,https://www.chinamoney.com.cn/ags/ms/cm-u-bk-ccpr/CcprHisNew,https://www.chinamoney.com.cn/english/bmkcpr/index.html?tab=2,2026-08-31T14:36:30.149559Z,none
2026-01-19,cny_fx,china,CHN,CNY,CNY per US dollar,7.0051,LCU_per_USD,daily,CFETS_CNY_PARITY,USD/CNY Central Parity Rate - Historical Data,https://www.chinamoney.com.cn/ags/ms/cm-u-bk-ccpr/CcprHisNew,https://www.chinamoney.com.cn/english/bmkcpr/index.html?tab=2,2026-08-31T14:36:30.149559Z,none
2026-01-20,cny_fx,china,CHN,CNY,CNY per US dollar,7.0006,LCU_per_USD,daily,CFETS_CNY_PARITY,USD/CNY Central Parity Rate - Historical Data,https://www.chinamoney.com.cn/ags/ms/cm-u-bk-ccpr/CcprHisNew,https://www.chinamoney.com.cn/english/bmkcpr/index.html?tab=2,2026-08-31T14:36:30.149559Z,none
2026-01-21,cny_fx,china,CHN,CNY,CNY per US dollar,7.0014,LCU_per_USD,daily,CFETS_CNY_PARITY,USD/CNY Central Parity Rate - Historical Data,https://www.chinamoney.com.cn/ags/ms/cm-u-bk-ccpr/CcprHisNew,https://www.chinamoney.com.cn/english/bmkcpr/index.html?tab=2,2026-08-31T14:36:30.149559Z,none
2026-01-22,cny_fx,china,CHN,CNY,CNY per US dollar,7.0019,LCU_per_USD,daily,CFETS_CNY_PARITY,USD/CNY Central Parity Rate - Historical Data,https://www.chinamoney.com.cn/ags/ms/cm-u-bk-ccpr/CcprHisNew,https://www.chinamoney.com.cn/english/bmkcpr/index.html?tab=2,2026-08-31T14:36:30.149559Z,none
2026-01-23,cny_fx,china,CHN,CNY,CNY per US dollar,6.9929,LCU_per_USD,daily,CFETS_CNY_PARITY,USD/CNY Central Parity Rate - Historical Data,https://www.chinamoney.com.cn/ags/ms/cm-u-bk-ccpr/CcprHisNew,https://www.chinamoney.com.cn/english/bmkcpr/index.html?tab=2,2026-08-31T14:36:30.149559Z,none
2026-01-26,cny_fx,china,CHN,CNY,CNY per US dollar,6.9843,LCU_per_USD,daily,CFETS_CNY_PARITY,USD/CNY Central Parity Rate - Historical Data,https://www.chinamoney.com.cn/ags/ms/cm-u-bk-ccpr/CcprHisNew,https://www.chinamoney.com.cn/english/bmkcpr/index.html?tab=2,2026-08-31T14:36:30.149559Z,none
2026-01-27,cny_fx,china,CHN,CNY,CNY per US dollar,6.9858,LCU_per_USD,daily,CFETS_CNY_PARITY,USD/CNY Central Parity Rate - Historical Data,https://www.chinamoney.com.cn/ags/ms/cm-u-bk-ccpr/CcprHisNew,https://www.chinamoney.com.cn/english/bmkcpr/index.html?tab=2,2026-08-31T14:36:30.149559Z,none
2026-01-28,cny_fx,china,CHN,CNY,CNY per US dollar,6.9755,LCU_per_USD,daily,CFETS_CNY_PARITY,USD/CNY Central Parity Rate - Historical Data,https://www.chinamoney.com.cn/ags/ms/cm-u-bk-ccpr/CcprHisNew,https://www.chinamoney.com.cn/english/bmkcpr/index.html?tab=2,2026-08-31T14:36:30.149559Z,none
2026-01-29,cny_fx,china,CHN,CNY,CNY per US dollar,6.9771,LCU_per_USD,daily,CFETS_CNY_PARITY,USD/CNY Central Parity Rate - Historical Data,https://www.chinamoney.com.cn/ags/ms/cm-u-bk-ccpr/CcprHisNew,https://www.chinamoney.com.cn/english/bmkcpr/index.html?tab=2,2026-08-31T14:36:30.149559Z,none
2026-01-30,cny_fx,china,CHN,CNY,CNY per US dollar,6.9678,LCU_per_USD,daily,CFETS_CNY_PARITY,USD/CNY Central Parity Rate - Historical Data,https://www.chinamoney.com.cn/ags/ms/cm-u-bk-ccpr/CcprHisNew,https://www.chinamoney.com.cn/english/bmkcpr/index.html?tab=2,2026-08-31T14:36:30.149559Z,none
2026-02-02,cny_fx,china,CHN,CNY,CNY per US dollar,6.9695,LCU_per_USD,daily,CFETS_CNY_PARITY,USD/CNY Central Parity Rate - Historical Data,https://www.chinamoney.com.cn/ags/ms/cm-u-bk-ccpr/CcprHisNew,https://www.chinamoney.com.cn/english/bmkcpr/index.html?tab=2,2026-08-31T14:36:30.354925Z,none
2026-02-03,cny_fx,china,CHN,CNY,CNY per US dollar,6.9608,LCU_per_USD,daily,CFETS_CNY_PARITY,USD/CNY Central Parity Rate - Historical Data,https://www.chinamoney.com.cn/ags/ms/cm-u-bk-ccpr/CcprHisNew,https://www.chinamoney.com.cn/english/bmkcpr/index.html?tab=2,2026-08-31T14:36:30.354925Z,none
2026-02-04,cny_fx,china,CHN,CNY,CNY per US dollar,6.9533,LCU_per_USD,daily,CFETS_CNY_PARITY,USD/CNY Central Parity Rate - Historical Data,https://www.chinamoney.com.cn/ags/ms/cm-u-bk-ccpr/CcprHisNew,https://www.chinamoney.com.cn/english/bmkcpr/index.html?tab=2,2026-08-31T14:36:30.354925Z,none
2026-02-05,cny_fx,china,CHN,CNY,CNY per US dollar,6.957,LCU_per_USD,daily,CFETS_CNY_PARITY,USD/CNY Central Parity Rate - Historical Data,https://www.chinamoney.com.cn/ags/ms/cm-u-bk-ccpr/CcprHisNew,https://www.chinamoney.com.cn/english/bmkcpr/index.html?tab=2,2026-08-31T14:36:30.354925Z,none
2026-02-06,cny_fx,china,CHN,CNY,CNY per US dollar,6.959,LCU_per_USD,daily,CFETS_CNY_PARITY,USD/CNY Central Parity Rate - Historical Data,https://www.chinamoney.com.cn/ags/ms/cm-u-bk-ccpr/CcprHisNew,https://www.chinamoney.com.cn/english/bmkcpr/index.html?tab=2,2026-08-31T14:36:30.354925Z,none
2026-02-09,cny_fx,china,CHN,CNY,CNY per US dollar,6.9523,LCU_per_USD,daily,CFETS_CNY_PARITY,USD/CNY Central Parity Rate - Historical Data,https://www.chinamoney.com.cn/ags/ms/cm-u-bk-ccpr/CcprHisNew,https://www.chinamoney.com.cn/english/bmkcpr/index.html?tab=2,2026-08-31T14:36:30.354925Z,none
2026-02-10,cny_fx,china,CHN,CNY,CNY per US dollar,6.9458,LCU_per_USD,daily,CFETS_CNY_PARITY,USD/CNY Central Parity Rate - Historical Data,https://www.chinamoney.com.cn/ags/ms/cm-u-bk-ccpr/CcprHisNew,https://www.chinamoney.com.cn/english/bmkcpr/index.html?tab=2,2026-08-31T14:36:30.354925Z,none
2026-02-11,cny_fx,china,CHN,CNY,CNY per US dollar,6.9438,LCU_per_USD,daily,CFETS_CNY_PARITY,USD/CNY Central Parity Rate - Historical Data,https://www.chinamoney.com.cn/ags/ms/cm-u-bk-ccpr/CcprHisNew,https://www.chinamoney.com.cn/english/bmkcpr/index.html?tab=2,2026-08-31T14:36:30.354925Z,none
2026-02-12,cny_fx,china,CHN,CNY,CNY per US dollar,6.9457,LCU_per_USD,daily,CFETS_CNY_PARITY,USD/CNY Central Parity Rate - Historical Data,https://www.chinamoney.com.cn/ags/ms/cm-u-bk-ccpr/CcprHisNew,https://www.chinamoney.com.cn/english/bmkcpr/index.html?tab=2,2026-08-31T14:36:30.354925Z,none
2026-02-13,cny_fx,china,CHN,CNY,CNY per US dollar,6.9398,LCU_per_USD,daily,CFETS_CNY_PARITY,USD/CNY Central Parity Rate - Historical Data,https://www.chinamoney.com.cn/ags/ms/cm-u-bk-ccpr/CcprHisNew,https://www.chinamoney.com.cn/english/bmkcpr/index.html?tab=2,2026-08-31T14:36:30.354925Z,none
2026-02-24,cny_fx,china,CHN,CNY,CNY per US dollar,6.9414,LCU_per_USD,daily,CFETS_CNY_PARITY,USD/CNY Central Parity Rate - Historical Data,https://www.chinamoney.com.cn/ags/ms/cm-u-bk-ccpr/CcprHisNew,https://www.chinamoney.com.cn/english/bmkcpr/index.html?tab=2,2026-08-31T14:36:30.354925Z,none
2026-02-25,cny_fx,china,CHN,CNY,CNY per US dollar,6.9321,LCU_per_USD,daily,CFETS_CNY_PARITY,USD/CNY Central Parity Rate - Historical Data,https://www.chinamoney.com.cn/ags/ms/cm-u-bk-ccpr/CcprHisNew,https://www.chinamoney.com.cn/english/bmkcpr/index.html?tab=2,2026-08-31T14:36:30.354925Z,none
2026-02-26,cny_fx,china,CHN,CNY,CNY per US dollar,6.9228,LCU_per_USD,daily,CFETS_CNY_PARITY,USD/CNY Central Parity Rate - Historical Data,https://www.chinamoney.com.cn/ags/ms/cm-u-bk-ccpr/CcprHisNew,https://www.chinamoney.com.cn/english/bmkcpr/index.html?tab=2,2026-08-31T14:36:30.354925Z,none
2026-02-27,cny_fx,china,CHN,CNY,CNY per US dollar,6.9228,LCU_per_USD,daily,CFETS_CNY_PARITY,USD/CNY Central Parity Rate - Historical Data,https://www.chinamoney.com.cn/ags/ms/cm-u-bk-ccpr/CcprHisNew,https://www.chinamoney.com.cn/english/bmkcpr/index.html?tab=2,2026-08-31T14:36:30.354925Z,none
2026-03-02,cny_fx,china,CHN,CNY,CNY per US dollar,6.9236,LCU_per_USD,daily,CFETS_CNY_PARITY,USD/CNY Central Parity Rate - Historical Data,https://www.chinamoney.com.cn/ags/ms/cm-u-bk-ccpr/CcprHisNew,https://www.chinamoney.com.cn/english/bmkcpr/index.html?tab=2,2026-08-31T14:36:30.604657Z,none
2026-03-03,cny_fx,china,CHN,CNY,CNY per US dollar,6.9088,LCU_per_USD,daily,CFETS_CNY_PARITY,USD/CNY Central Parity Rate - Historical Data,https://www.chinamoney.com.cn/ags/ms/cm-u-bk-ccpr/CcprHisNew,https://www.chinamoney.com.cn/english/bmkcpr/index.html?tab=2,2026-08-31T14:36:30.604657Z,none
2026-03-04,cny_fx,china,CHN,CNY,CNY per US dollar,6.9124,LCU_per_USD,daily,CFETS_CNY_PARITY,USD/CNY Central Parity Rate - Historical Data,https://www.chinamoney.com.cn/ags/ms/cm-u-bk-ccpr/CcprHisNew,https://www.chinamoney.com.cn/english/bmkcpr/index.html?tab=2,2026-08-31T14:36:30.604657Z,none
2026-03-05,cny_fx,china,CHN,CNY,CNY per US dollar,6.9007,LCU_per_USD,daily,CFETS_CNY_PARITY,USD/CNY Central Parity Rate - Historical Data,https://www.chinamoney.com.cn/ags/ms/cm-u-bk-ccpr/CcprHisNew,https://www.chinamoney.com.cn/english/bmkcpr/index.html?tab=2,2026-08-31T14:36:30.604657Z,none
2026-03-06,cny_fx,china,CHN,CNY,CNY per US dollar,6.9025,LCU_per_USD,daily,CFETS_CNY_PARITY,USD/CNY Central Parity Rate - Historical Data,https://www.chinamoney.com.cn/ags/ms/cm-u-bk-ccpr/CcprHisNew,https://www.chinamoney.com.cn/english/bmkcpr/index.html?tab=2,2026-08-31T14:36:30.604657Z,none
2026-03-09,cny_fx,china,CHN,CNY,CNY per US dollar,6.9158,LCU_per_USD,daily,CFETS_CNY_PARITY,USD/CNY Central Parity Rate - Historical Data,https://www.chinamoney.com.cn/ags/ms/cm-u-bk-ccpr/CcprHisNew,https://www.chinamoney.com.cn/english/bmkcpr/index.html?tab=2,2026-08-31T14:36:30.604657Z,none
2026-03-10,cny_fx,china,CHN,CNY,CNY per US dollar,6.8982,LCU_per_USD,daily,CFETS_CNY_PARITY,USD/CNY Central Parity Rate - Historical Data,https://www.chinamoney.com.cn/ags/ms/cm-u-bk-ccpr/CcprHisNew,https://www.chinamoney.com.cn/english/bmkcpr/index.html?tab=2,2026-08-31T14:36:30.604657Z,none
2026-03-11,cny_fx,china,CHN,CNY,CNY per US dollar,6.8917,LCU_per_USD,daily,CFETS_CNY_PARITY,USD/CNY Central Parity Rate - Historical Data,https://www.chinamoney.com.cn/ags/ms/cm-u-bk-ccpr/CcprHisNew,https://www.chinamoney.com.cn/english/bmkcpr/index.html?tab=2,2026-08-31T14:36:30.604657Z,none
2026-03-12,cny_fx,china,CHN,CNY,CNY per US dollar,6.8959,LCU_per_USD,daily,CFETS_CNY_PARITY,USD/CNY Central Parity Rate - Historical Data,https://www.chinamoney.com.cn/ags/ms/cm-u-bk-ccpr/CcprHisNew,https://www.chinamoney.com.cn/english/bmkcpr/index.html?tab=2,2026-08-31T14:36:30.604657Z,none
2026-03-13,cny_fx,china,CHN,CNY,CNY per US dollar,6.9007,LCU_per_USD,daily,CFETS_CNY_PARITY,USD/CNY Central Parity Rate - Historical Data,https://www.chinamoney.com.cn/ags/ms/cm-u-bk-ccpr/CcprHisNew,https://www.chinamoney.com.cn/english/bmkcpr/index.html?tab=2,2026-08-31T14:36:30.604657Z,none
2026-03-16,cny_fx,china,CHN,CNY,CNY per US dollar,6.9057,LCU_per_USD,daily,CFETS_CNY_PARITY,USD/CNY Central Parity Rate - Historical Data,https://www.chinamoney.com.cn/ags/ms/cm-u-bk-ccpr/CcprHisNew,https://www.chinamoney.com.cn/english/bmkcpr/index.html?tab=2,2026-08-31T14:36:30.604657Z,none
2026-03-17,cny_fx,china,CHN,CNY,CNY per US dollar,6.8961,LCU_per_USD,daily,CFETS_CNY_PARITY,USD/CNY Central Parity Rate - Historical Data,https://www.chinamoney.com.cn/ags/ms/cm-u-bk-ccpr/CcprHisNew,https://www.chinamoney.com.cn/english/bmkcpr/index.html?tab=2,2026-08-31T14:36:30.604657Z,none
2026-03-18,cny_fx,china,CHN,CNY,CNY per US dollar,6.8909,LCU_per_USD,daily,CFETS_CNY_PARITY,USD/CNY Central Parity Rate - Historical Data,https://www.chinamoney.com.cn/ags/ms/cm-u-bk-ccpr/CcprHisNew,https://www.chinamoney.com.cn/english/bmkcpr/index.html?tab=2,2026-08-31T14:36:30.604657Z,none
2026-03-19,cny_fx,china,CHN,CNY,CNY per US dollar,6.8975,LCU_per_USD,daily,CFETS_CNY_PARITY,USD/CNY Central Parity Rate - Historical Data,https://www.chinamoney.com.cn/ags/ms/cm-u-bk-ccpr/CcprHisNew,https://www.chinamoney.com.cn/english/bmkcpr/index.html?tab=2,2026-08-31T14:36:30.604657Z,none
2026-03-20,cny_fx,china,CHN,CNY,CNY per US dollar,6.8898,LCU_per_USD,daily,CFETS_CNY_PARITY,USD/CNY Central Parity Rate - Historical Data,https://www.chinamoney.com.cn/ags/ms/cm-u-bk-ccpr/CcprHisNew,https://www.chinamoney.com.cn/english/bmkcpr/index.html?tab=2,2026-08-31T14:36:30.604657Z,none
2026-03-23,cny_fx,china,CHN,CNY,CNY per US dollar,6.9041,LCU_per_USD,daily,CFETS_CNY_PARITY,USD/CNY Central Parity Rate - Historical Data,https://www.chinamoney.com.cn/ags/ms/cm-u-bk-ccpr/CcprHisNew,https://www.chinamoney.com.cn/english/bmkcpr/index.html?tab=2,2026-08-31T14:36:30.604657Z,none
2026-03-24,cny_fx,china,CHN,CNY,CNY per US dollar,6.8943,LCU_per_USD,daily,CFETS_CNY_PARITY,USD/CNY Central Parity Rate - Historical Data,https://www.chinamoney.com.cn/ags/ms/cm-u-bk-ccpr/CcprHisNew,https://www.chinamoney.com.cn/english/bmkcpr/index.html?tab=2,2026-08-31T14:36:30.604657Z,none
2026-03-25,cny_fx,china,CHN,CNY,CNY per US dollar,6.8911,LCU_per_USD,daily,CFETS_CNY_PARITY,USD/CNY Central Parity Rate - Historical Data,https://www.chinamoney.com.cn/ags/ms/cm-u-bk-ccpr/CcprHisNew,https://www.chinamoney.com.cn/english/bmkcpr/index.html?tab=2,2026-08-31T14:36:30.604657Z,none
2026-03-26,cny_fx,china,CHN,CNY,CNY per US dollar,6.9056,LCU_per_USD,daily,CFETS_CNY_PARITY,USD/CNY Central Parity Rate - Historical Data,https://www.chinamoney.com.cn/ags/ms/cm-u-bk-ccpr/CcprHisNew,https://www.chinamoney.com.cn/english/bmkcpr/index.html?tab=2,2026-08-31T14:36:30.604657Z,none
2026-03-27,cny_fx,china,CHN,CNY,CNY per US dollar,6.9141,LCU_per_USD,daily,CFETS_CNY_PARITY,USD/CNY Central Parity Rate - Historical Data,https://www.chinamoney.com.cn/ags/ms/cm-u-bk-ccpr/CcprHisNew,https://www.chinamoney.com.cn/english/bmkcpr/index.html?tab=2,2026-08-31T14:36:30.604657Z,none
2026-03-30,cny_fx,china,CHN,CNY,CNY per US dollar,6.9223,LCU_per_USD,daily,CFETS_CNY_PARITY,USD/CNY Central Parity Rate - Historical Data,https://www.chinamoney.com.cn/ags/ms/cm-u-bk-ccpr/CcprHisNew,https://www.chinamoney.com.cn/english/bmkcpr/index.html?tab=2,2026-08-31T14:36:30.604657Z,none
2026-03-31,cny_fx,china,CHN,CNY,CNY per US dollar,6.9194,LCU_per_USD,daily,CFETS_CNY_PARITY,USD/CNY Central Parity Rate - Historical Data,https://www.chinamoney.com.cn/ags/ms/cm-u-bk-ccpr/CcprHisNew,https://www.chinamoney.com.cn/english/bmkcpr/index.html?tab=2,2026-08-31T14:36:30.604657Z,none
2026-04-01,cny_fx,china,CHN,CNY,CNY per US dollar,6.9025,LCU_per_USD,daily,CFETS_CNY_PARITY,USD/CNY Central Parity Rate - Historical Data,https://www.chinamoney.com.cn/ags/ms/cm-u-bk-ccpr/CcprHisNew,https://www.chinamoney.com.cn/english/bmkcpr/index.html?tab=2,2026-08-31T14:36:30.834836Z,none
2026-04-02,cny_fx,china,CHN,CNY,CNY per US dollar,6.888,LCU_per_USD,daily,CFETS_CNY_PARITY,USD/CNY Central Parity Rate - Historical Data,https://www.chinamoney.com.cn/ags/ms/cm-u-bk-ccpr/CcprHisNew,https://www.chinamoney.com.cn/english/bmkcpr/index.html?tab=2,2026-08-31T14:36:30.834836Z,none
2026-04-03,cny_fx,china,CHN,CNY,CNY per US dollar,6.8929,LCU_per_USD,daily,CFETS_CNY_PARITY,USD/CNY Central Parity Rate - Historical Data,https://www.chinamoney.com.cn/ags/ms/cm-u-bk-ccpr/CcprHisNew,https://www.chinamoney.com.cn/english/bmkcpr/index.html?tab=2,2026-08-31T14:36:30.834836Z,none
2026-04-07,cny_fx,china,CHN,CNY,CNY per US dollar,6.8854,LCU_per_USD,daily,CFETS_CNY_PARITY,USD/CNY Central Parity Rate - Historical Data,https://www.chinamoney.com.cn/ags/ms/cm-u-bk-ccpr/CcprHisNew,https://www.chinamoney.com.cn/english/bmkcpr/index.html?tab=2,2026-08-31T14:36:30.834836Z,none
2026-04-08,cny_fx,china,CHN,CNY,CNY per US dollar,6.868,LCU_per_USD,daily,CFETS_CNY_PARITY,USD/CNY Central Parity Rate - Historical Data,https://www.chinamoney.com.cn/ags/ms/cm-u-bk-ccpr/CcprHisNew,https://www.chinamoney.com.cn/english/bmkcpr/index.html?tab=2,2026-08-31T14:36:30.834836Z,none
2026-04-09,cny_fx,china,CHN,CNY,CNY per US dollar,6.8649,LCU_per_USD,daily,CFETS_CNY_PARITY,USD/CNY Central Parity Rate - Historical Data,https://www.chinamoney.com.cn/ags/ms/cm-u-bk-ccpr/CcprHisNew,https://www.chinamoney.com.cn/english/bmkcpr/index.html?tab=2,2026-08-31T14:36:30.834836Z,none
2026-04-10,cny_fx,china,CHN,CNY,CNY per US dollar,6.8654,LCU_per_USD,daily,CFETS_CNY_PARITY,USD/CNY Central Parity Rate - Historical Data,https://www.chinamoney.com.cn/ags/ms/cm-u-bk-ccpr/CcprHisNew,https://www.chinamoney.com.cn/english/bmkcpr/index.html?tab=2,2026-08-31T14:36:30.834836Z,none
2026-04-13,cny_fx,china,CHN,CNY,CNY per US dollar,6.8657,LCU_per_USD,daily,CFETS_CNY_PARITY,USD/CNY Central Parity Rate - Historical Data,https://www.chinamoney.com.cn/ags/ms/cm-u-bk-ccpr/CcprHisNew,https://www.chinamoney.com.cn/english/bmkcpr/index.html?tab=2,2026-08-31T14:36:30.834836Z,none
2026-04-14,cny_fx,china,CHN,CNY,CNY per US dollar,6.8593,LCU_per_USD,daily,CFETS_CNY_PARITY,USD/CNY Central Parity Rate - Historical Data,https://www.chinamoney.com.cn/ags/ms/cm-u-bk-ccpr/CcprHisNew,https://www.chinamoney.com.cn/english/bmkcpr/index.html?tab=2,2026-08-31T14:36:30.834836Z,none
2026-04-15,cny_fx,china,CHN,CNY,CNY per US dollar,6.8582,LCU_per_USD,daily,CFETS_CNY_PARITY,USD/CNY Central Parity Rate - Historical Data,https://www.chinamoney.com.cn/ags/ms/cm-u-bk-ccpr/CcprHisNew,https://www.chinamoney.com.cn/english/bmkcpr/index.html?tab=2,2026-08-31T14:36:30.834836Z,none
2026-04-16,cny_fx,china,CHN,CNY,CNY per US dollar,6.8616,LCU_per_USD,daily,CFETS_CNY_PARITY,USD/CNY Central Parity Rate - Historical Data,https://www.chinamoney.com.cn/ags/ms/cm-u-bk-ccpr/CcprHisNew,https://www.chinamoney.com.cn/english/bmkcpr/index.html?tab=2,2026-08-31T14:36:30.834836Z,none
2026-04-17,cny_fx,china,CHN,CNY,CNY per US dollar,6.8622,LCU_per_USD,daily,CFETS_CNY_PARITY,USD/CNY Central Parity Rate - Historical Data,https://www.chinamoney.com.cn/ags/ms/cm-u-bk-ccpr/CcprHisNew,https://www.chinamoney.com.cn/english/bmkcpr/index.html?tab=2,2026-08-31T14:36:30.834836Z,none
2026-04-20,cny_fx,china,CHN,CNY,CNY per US dollar,6.8648,LCU_per_USD,daily,CFETS_CNY_PARITY,USD/CNY Central Parity Rate - Historical Data,https://www.chinamoney.com.cn/ags/ms/cm-u-bk-ccpr/CcprHisNew,https://www.chinamoney.com.cn/english/bmkcpr/index.html?tab=2,2026-08-31T14:36:30.834836Z,none
2026-04-21,cny_fx,china,CHN,CNY,CNY per US dollar,6.8594,LCU_per_USD,daily,CFETS_CNY_PARITY,USD/CNY Central Parity Rate - Historical Data,https://www.chinamoney.com.cn/ags/ms/cm-u-bk-ccpr/CcprHisNew,https://www.chinamoney.com.cn/english/bmkcpr/index.html?tab=2,2026-08-31T14:36:30.834836Z,none
2026-04-22,cny_fx,china,CHN,CNY,CNY per US dollar,6.8635,LCU_per_USD,daily,CFETS_CNY_PARITY,USD/CNY Central Parity Rate - Historical Data,https://www.chinamoney.com.cn/ags/ms/cm-u-bk-ccpr/CcprHisNew,https://www.chinamoney.com.cn/english/bmkcpr/index.html?tab=2,2026-08-31T14:36:30.834836Z,none
2026-04-23,cny_fx,china,CHN,CNY,CNY per US dollar,6.865,LCU_per_USD,daily,CFETS_CNY_PARITY,USD/CNY Central Parity Rate - Historical Data,https://www.chinamoney.com.cn/ags/ms/cm-u-bk-ccpr/CcprHisNew,https://www.chinamoney.com.cn/english/bmkcpr/index.html?tab=2,2026-08-31T14:36:30.834836Z,none
2026-04-24,cny_fx,china,CHN,CNY,CNY per US dollar,6.8674,LCU_per_USD,daily,CFETS_CNY_PARITY,USD/CNY Central Parity Rate - Historical Data,https://www.chinamoney.com.cn/ags/ms/cm-u-bk-ccpr/CcprHisNew,https://www.chinamoney.com.cn/english/bmkcpr/index.html?tab=2,2026-08-31T14:36:30.834836Z,none
2026-04-27,cny_fx,china,CHN,CNY,CNY per US dollar,6.8579,LCU_per_USD,daily,CFETS_CNY_PARITY,USD/CNY Central Parity Rate - Historical Data,https://www.chinamoney.com.cn/ags/ms/cm-u-bk-ccpr/CcprHisNew,https://www.chinamoney.com.cn/english/bmkcpr/index.html?tab=2,2026-08-31T14:36:30.834836Z,none
2026-04-28,cny_fx,china,CHN,CNY,CNY per US dollar,6.8589,LCU_per_USD,daily,CFETS_CNY_PARITY,USD/CNY Central Parity Rate - Historical Data,https://www.chinamoney.com.cn/ags/ms/cm-u-bk-ccpr/CcprHisNew,https://www.chinamoney.com.cn/english/bmkcpr/index.html?tab=2,2026-08-31T14:36:30.834836Z,none
2026-04-29,cny_fx,china,CHN,CNY,CNY per US dollar,6.8608,LCU_per_USD,daily,CFETS_CNY_PARITY,USD/CNY Central Parity Rate - Historical Data,https://www.chinamoney.com.cn/ags/ms/cm-u-bk-ccpr/CcprHisNew,https://www.chinamoney.com.cn/english/bmkcpr/index.html?tab=2,2026-08-31T14:36:30.834836Z,none
2026-04-30,cny_fx,china,CHN,CNY,CNY per US dollar,6.8628,LCU_per_USD,daily,CFETS_CNY_PARITY,USD/CNY Central Parity Rate - Historical Data,https://www.chinamoney.com.cn/ags/ms/cm-u-bk-ccpr/CcprHisNew,https://www.chinamoney.com.cn/english/bmkcpr/index.html?tab=2,2026-08-31T14:36:30.834836Z,none
2026-05-06,cny_fx,china,CHN,CNY,CNY per US dollar,6.8562,LCU_per_USD,daily,CFETS_CNY_PARITY,USD/CNY Central Parity Rate - Historical Data,https://www.chinamoney.com.cn/ags/ms/cm-u-bk-ccpr/CcprHisNew,https://www.chinamoney.com.cn/english/bmkcpr/index.html?tab=2,2026-08-31T14:36:31.102480Z,none
2026-05-07,cny_fx,china,CHN,CNY,CNY per US dollar,6.8487,LCU_per_USD,daily,CFETS_CNY_PARITY,USD/CNY Central Parity Rate - Historical Data,https://www.chinamoney.com.cn/ags/ms/cm-u-bk-ccpr/CcprHisNew,https://www.chinamoney.com.cn/english/bmkcpr/index.html?tab=2,2026-08-31T14:36:31.102480Z,none
2026-05-08,cny_fx,china,CHN,CNY,CNY per US dollar,6.8502,LCU_per_USD,daily,CFETS_CNY_PARITY,USD/CNY Central Parity Rate - Historical Data,https://www.chinamoney.com.cn/ags/ms/cm-u-bk-ccpr/CcprHisNew,https://www.chinamoney.com.cn/english/bmkcpr/index.html?tab=2,2026-08-31T14:36:31.102480Z,none
2026-05-11,cny_fx,china,CHN,CNY,CNY per US dollar,6.8467,LCU_per_USD,daily,CFETS_CNY_PARITY,USD/CNY Central Parity Rate - Historical Data,https://www.chinamoney.com.cn/ags/ms/cm-u-bk-ccpr/CcprHisNew,https://www.chinamoney.com.cn/english/bmkcpr/index.html?tab=2,2026-08-31T14:36:31.102480Z,none
2026-05-12,cny_fx,china,CHN,CNY,CNY per US dollar,6.8426,LCU_per_USD,daily,CFETS_CNY_PARITY,USD/CNY Central Parity Rate - Historical Data,https://www.chinamoney.com.cn/ags/ms/cm-u-bk-ccpr/CcprHisNew,https://www.chinamoney.com.cn/english/bmkcpr/index.html?tab=2,2026-08-31T14:36:31.102480Z,none
2026-05-13,cny_fx,china,CHN,CNY,CNY per US dollar,6.8431,LCU_per_USD,daily,CFETS_CNY_PARITY,USD/CNY Central Parity Rate - Historical Data,https://www.chinamoney.com.cn/ags/ms/cm-u-bk-ccpr/CcprHisNew,https://www.chinamoney.com.cn/english/bmkcpr/index.html?tab=2,2026-08-31T14:36:31.102480Z,none
2026-05-14,cny_fx,china,CHN,CNY,CNY per US dollar,6.8401,LCU_per_USD,daily,CFETS_CNY_PARITY,USD/CNY Central Parity Rate - Historical Data,https://www.chinamoney.com.cn/ags/ms/cm-u-bk-ccpr/CcprHisNew,https://www.chinamoney.com.cn/english/bmkcpr/index.html?tab=2,2026-08-31T14:36:31.102480Z,none
2026-05-15,cny_fx,china,CHN,CNY,CNY per US dollar,6.8415,LCU_per_USD,daily,CFETS_CNY_PARITY,USD/CNY Central Parity Rate - Historical Data,https://www.chinamoney.com.cn/ags/ms/cm-u-bk-ccpr/CcprHisNew,https://www.chinamoney.com.cn/english/bmkcpr/index.html?tab=2,2026-08-31T14:36:31.102480Z,none
2026-05-18,cny_fx,china,CHN,CNY,CNY per US dollar,6.8435,LCU_per_USD,daily,CFETS_CNY_PARITY,USD/CNY Central Parity Rate - Historical Data,https://www.chinamoney.com.cn/ags/ms/cm-u-bk-ccpr/CcprHisNew,https://www.chinamoney.com.cn/english/bmkcpr/index.html?tab=2,2026-08-31T14:36:31.102480Z,none
2026-05-19,cny_fx,china,CHN,CNY,CNY per US dollar,6.8375,LCU_per_USD,daily,CFETS_CNY_PARITY,USD/CNY Central Parity Rate - Historical Data,https://www.chinamoney.com.cn/ags/ms/cm-u-bk-ccpr/CcprHisNew,https://www.chinamoney.com.cn/english/bmkcpr/index.html?tab=2,2026-08-31T14:36:31.102480Z,none
2026-05-20,cny_fx,china,CHN,CNY,CNY per US dollar,6.8397,LCU_per_USD,daily,CFETS_CNY_PARITY,USD/CNY Central Parity Rate - Historical Data,https://www.chinamoney.com.cn/ags/ms/cm-u-bk-ccpr/CcprHisNew,https://www.chinamoney.com.cn/english/bmkcpr/index.html?tab=2,2026-08-31T14:36:31.102480Z,none
2026-05-21,cny_fx,china,CHN,CNY,CNY per US dollar,6.8349,LCU_per_USD,daily,CFETS_CNY_PARITY,USD/CNY Central Parity Rate - Historical Data,https://www.chinamoney.com.cn/ags/ms/cm-u-bk-ccpr/CcprHisNew,https://www.chinamoney.com.cn/english/bmkcpr/index.html?tab=2,2026-08-31T14:36:31.102480Z,none
2026-05-22,cny_fx,china,CHN,CNY,CNY per US dollar,6.8373,LCU_per_USD,daily,CFETS_CNY_PARITY,USD/CNY Central Parity Rate - Historical Data,https://www.chinamoney.com.cn/ags/ms/cm-u-bk-ccpr/CcprHisNew,https://www.chinamoney.com.cn/english/bmkcpr/index.html?tab=2,2026-08-31T14:36:31.102480Z,none
2026-05-25,cny_fx,china,CHN,CNY,CNY per US dollar,6.8318,LCU_per_USD,daily,CFETS_CNY_PARITY,USD/CNY Central Parity Rate - Historical Data,https://www.chinamoney.com.cn/ags/ms/cm-u-bk-ccpr/CcprHisNew,https://www.chinamoney.com.cn/english/bmkcpr/index.html?tab=2,2026-08-31T14:36:31.102480Z,none
2026-05-26,cny_fx,china,CHN,CNY,CNY per US dollar,6.8288,LCU_per_USD,daily,CFETS_CNY_PARITY,USD/CNY Central Parity Rate - Historical Data,https://www.chinamoney.com.cn/ags/ms/cm-u-bk-ccpr/CcprHisNew,https://www.chinamoney.com.cn/english/bmkcpr/index.html?tab=2,2026-08-31T14:36:31.102480Z,none
2026-05-27,cny_fx,china,CHN,CNY,CNY per US dollar,6.8291,LCU_per_USD,daily,CFETS_CNY_PARITY,USD/CNY Central Parity Rate - Historical Data,https://www.chinamoney.com.cn/ags/ms/cm-u-bk-ccpr/CcprHisNew,https://www.chinamoney.com.cn/english/bmkcpr/index.html?tab=2,2026-08-31T14:36:31.102480Z,none
2026-05-28,cny_fx,china,CHN,CNY,CNY per US dollar,6.824,LCU_per_USD,daily,CFETS_CNY_PARITY,USD/CNY Central Parity Rate - Historical Data,https://www.chinamoney.com.cn/ags/ms/cm-u-bk-ccpr/CcprHisNew,https://www.chinamoney.com.cn/english/bmkcpr/index.html?tab=2,2026-08-31T14:36:31.102480Z,none
2026-05-29,cny_fx,china,CHN,CNY,CNY per US dollar,6.8176,LCU_per_USD,daily,CFETS_CNY_PARITY,USD/CNY Central Parity Rate - Historical Data,https://www.chinamoney.com.cn/ags/ms/cm-u-bk-ccpr/CcprHisNew,https://www.chinamoney.com.cn/english/bmkcpr/index.html?tab=2,2026-08-31T14:36:31.102480Z,none
2026-06-01,cny_fx,china,CHN,CNY,CNY per US dollar,6.8167,LCU_per_USD,daily,CFETS_CNY_PARITY,USD/CNY Central Parity Rate - Historical Data,https://www.chinamoney.com.cn/ags/ms/cm-u-bk-ccpr/CcprHisNew,https://www.chinamoney.com.cn/english/bmkcpr/index.html?tab=2,2026-08-31T14:36:31.325543Z,none
2026-06-02,cny_fx,china,CHN,CNY,CNY per US dollar,6.8187,LCU_per_USD,daily,CFETS_CNY_PARITY,USD/CNY Central Parity Rate - Historical Data,https://www.chinamoney.com.cn/ags/ms/cm-u-bk-ccpr/CcprHisNew,https://www.chinamoney.com.cn/english/bmkcpr/index.html?tab=2,2026-08-31T14:36:31.325543Z,none
2026-06-03,cny_fx,china,CHN,CNY,CNY per US dollar,6.8184,LCU_per_USD,daily,CFETS_CNY_PARITY,USD/CNY Central Parity Rate - Historical Data,https://www.chinamoney.com.cn/ags/ms/cm-u-bk-ccpr/CcprHisNew,https://www.chinamoney.com.cn/english/bmkcpr/index.html?tab=2,2026-08-31T14:36:31.325543Z,none
2026-06-04,cny_fx,china,CHN,CNY,CNY per US dollar,6.8203,LCU_per_USD,daily,CFETS_CNY_PARITY,USD/CNY Central Parity Rate - Historical Data,https://www.chinamoney.com.cn/ags/ms/cm-u-bk-ccpr/CcprHisNew,https://www.chinamoney.com.cn/english/bmkcpr/index.html?tab=2,2026-08-31T14:36:31.325543Z,none
2026-06-05,cny_fx,china,CHN,CNY,CNY per US dollar,6.8157,LCU_per_USD,daily,CFETS_CNY_PARITY,USD/CNY Central Parity Rate - Historical Data,https://www.chinamoney.com.cn/ags/ms/cm-u-bk-ccpr/CcprHisNew,https://www.chinamoney.com.cn/english/bmkcpr/index.html?tab=2,2026-08-31T14:36:31.325543Z,none
2026-06-08,cny_fx,china,CHN,CNY,CNY per US dollar,6.8198,LCU_per_USD,daily,CFETS_CNY_PARITY,USD/CNY Central Parity Rate - Historical Data,https://www.chinamoney.com.cn/ags/ms/cm-u-bk-ccpr/CcprHisNew,https://www.chinamoney.com.cn/english/bmkcpr/index.html?tab=2,2026-08-31T14:36:31.325543Z,none
2026-06-09,cny_fx,china,CHN,CNY,CNY per US dollar,6.8147,LCU_per_USD,daily,CFETS_CNY_PARITY,USD/CNY Central Parity Rate - Historical Data,https://www.chinamoney.com.cn/ags/ms/cm-u-bk-ccpr/CcprHisNew,https://www.chinamoney.com.cn/english/bmkcpr/index.html?tab=2,2026-08-31T14:36:31.325543Z,none
2026-06-10,cny_fx,china,CHN,CNY,CNY per US dollar,6.813,LCU_per_USD,daily,CFETS_CNY_PARITY,USD/CNY Central Parity Rate - Historical Data,https://www.chinamoney.com.cn/ags/ms/cm-u-bk-ccpr/CcprHisNew,https://www.chinamoney.com.cn/english/bmkcpr/index.html?tab=2,2026-08-31T14:36:31.325543Z,none
2026-06-11,cny_fx,china,CHN,CNY,CNY per US dollar,6.815,LCU_per_USD,daily,CFETS_CNY_PARITY,USD/CNY Central Parity Rate - Historical Data,https://www.chinamoney.com.cn/ags/ms/cm-u-bk-ccpr/CcprHisNew,https://www.chinamoney.com.cn/english/bmkcpr/index.html?tab=2,2026-08-31T14:36:31.325543Z,none
2026-06-12,cny_fx,china,CHN,CNY,CNY per US dollar,6.8109,LCU_per_USD,daily,CFETS_CNY_PARITY,USD/CNY Central Parity Rate - Historical Data,https://www.chinamoney.com.cn/ags/ms/cm-u-bk-ccpr/CcprHisNew,https://www.chinamoney.com.cn/english/bmkcpr/index.html?tab=2,2026-08-31T14:36:31.325543Z,none
2026-06-15,cny_fx,china,CHN,CNY,CNY per US dollar,6.8088,LCU_per_USD,daily,CFETS_CNY_PARITY,USD/CNY Central Parity Rate - Historical Data,https://www.chinamoney.com.cn/ags/ms/cm-u-bk-ccpr/CcprHisNew,https://www.chinamoney.com.cn/english/bmkcpr/index.html?tab=2,2026-08-31T14:36:31.325543Z,none
2026-06-16,cny_fx,china,CHN,CNY,CNY per US dollar,6.8108,LCU_per_USD,daily,CFETS_CNY_PARITY,USD/CNY Central Parity Rate - Historical Data,https://www.chinamoney.com.cn/ags/ms/cm-u-bk-ccpr/CcprHisNew,https://www.chinamoney.com.cn/english/bmkcpr/index.html?tab=2,2026-08-31T14:36:31.325543Z,none
2026-06-17,cny_fx,china,CHN,CNY,CNY per US dollar,6.8096,LCU_per_USD,daily,CFETS_CNY_PARITY,USD/CNY Central Parity Rate - Historical Data,https://www.chinamoney.com.cn/ags/ms/cm-u-bk-ccpr/CcprHisNew,https://www.chinamoney.com.cn/english/bmkcpr/index.html?tab=2,2026-08-31T14:36:31.325543Z,none
2026-06-18,cny_fx,china,CHN,CNY,CNY per US dollar,6.813,LCU_per_USD,daily,CFETS_CNY_PARITY,USD/CNY Central Parity Rate - Historical Data,https://www.chinamoney.com.cn/ags/ms/cm-u-bk-ccpr/CcprHisNew,https://www.chinamoney.com.cn/english/bmkcpr/index.html?tab=2,2026-08-31T14:36:31.325543Z,none
2026-06-22,cny_fx,china,CHN,CNY,CNY per US dollar,6.815,LCU_per_USD,daily,CFETS_CNY_PARITY,USD/CNY Central Parity Rate - Historical Data,https://www.chinamoney.com.cn/ags/ms/cm-u-bk-ccpr/CcprHisNew,https://www.chinamoney.com.cn/english/bmkcpr/index.html?tab=2,2026-08-31T14:36:31.325543Z,none
2026-06-23,cny_fx,china,CHN,CNY,CNY per US dollar,6.8171,LCU_per_USD,daily,CFETS_CNY_PARITY,USD/CNY Central Parity Rate - Historical Data,https://www.chinamoney.com.cn/ags/ms/cm-u-bk-ccpr/CcprHisNew,https://www.chinamoney.com.cn/english/bmkcpr/index.html?tab=2,2026-08-31T14:36:31.325543Z,none
2026-06-24,cny_fx,china,CHN,CNY,CNY per US dollar,6.8195,LCU_per_USD,daily,CFETS_CNY_PARITY,USD/CNY Central Parity Rate - Historical Data,https://www.chinamoney.com.cn/ags/ms/cm-u-bk-ccpr/CcprHisNew,https://www.chinamoney.com.cn/english/bmkcpr/index.html?tab=2,2026-08-31T14:36:31.325543Z,none
2026-06-25,cny_fx,china,CHN,CNY,CNY per US dollar,6.8209,LCU_per_USD,daily,CFETS_CNY_PARITY,USD/CNY Central Parity Rate - Historical Data,https://www.chinamoney.com.cn/ags/ms/cm-u-bk-ccpr/CcprHisNew,https://www.chinamoney.com.cn/english/bmkcpr/index.html?tab=2,2026-08-31T14:36:31.325543Z,none
2026-06-26,cny_fx,china,CHN,CNY,CNY per US dollar,6.8166,LCU_per_USD,daily,CFETS_CNY_PARITY,USD/CNY Central Parity Rate - Historical Data,https://www.chinamoney.com.cn/ags/ms/cm-u-bk-ccpr/CcprHisNew,https://www.chinamoney.com.cn/english/bmkcpr/index.html?tab=2,2026-08-31T14:36:31.325543Z,none
2026-06-29,cny_fx,china,CHN,CNY,CNY per US dollar,6.8175,LCU_per_USD,daily,CFETS_CNY_PARITY,USD/CNY Central Parity Rate - Historical Data,https://www.chinamoney.com.cn/ags/ms/cm-u-bk-ccpr/CcprHisNew,https://www.chinamoney.com.cn/english/bmkcpr/index.html?tab=2,2026-08-31T14:36:31.325543Z,none
2026-06-30,cny_fx,china,CHN,CNY,CNY per US dollar,6.8109,LCU_per_USD,daily,CFETS_CNY_PARITY,USD/CNY Central Parity Rate - Historical Data,https://www.chinamoney.com.cn/ags/ms/cm-u-bk-ccpr/CcprHisNew,https://www.chinamoney.com.cn/english/bmkcpr/index.html?tab=2,2026-08-31T14:36:31.325543Z,none
2026-07-01,cny_fx,china,CHN,CNY,CNY per US dollar,6.8067,LCU_per_USD,daily,CFETS_CNY_PARITY,USD/CNY Central Parity Rate - Historical Data,https://www.chinamoney.com.cn/ags/ms/cm-u-bk-ccpr/CcprHisNew,https://www.chinamoney.com.cn/english/bmkcpr/index.html?tab=2,2026-08-31T14:36:31.558512Z,none
2026-07-02,cny_fx,china,CHN,CNY,CNY per US dollar,6.8088,LCU_per_USD,daily,CFETS_CNY_PARITY,USD/CNY Central Parity Rate - Historical Data,https://www.chinamoney.com.cn/ags/ms/cm-u-bk-ccpr/CcprHisNew,https://www.chinamoney.com.cn/english/bmkcpr/index.html?tab=2,2026-08-31T14:36:31.558512Z,none
2026-07-03,cny_fx,china,CHN,CNY,CNY per US dollar,6.8047,LCU_per_USD,daily,CFETS_CNY_PARITY,USD/CNY Central Parity Rate - Historical Data,https://www.chinamoney.com.cn/ags/ms/cm-u-bk-ccpr/CcprHisNew,https://www.chinamoney.com.cn/english/bmkcpr/index.html?tab=2,2026-08-31T14:36:31.558512Z,none
2026-07-06,cny_fx,china,CHN,CNY,CNY per US dollar,6.8066,LCU_per_USD,daily,CFETS_CNY_PARITY,USD/CNY Central Parity Rate - Historical Data,https://www.chinamoney.com.cn/ags/ms/cm-u-bk-ccpr/CcprHisNew,https://www.chinamoney.com.cn/english/bmkcpr/index.html?tab=2,2026-08-31T14:36:31.558512Z,none
2026-07-07,cny_fx,china,CHN,CNY,CNY per US dollar,6.8054,LCU_per_USD,daily,CFETS_CNY_PARITY,USD/CNY Central Parity Rate - Historical Data,https://www.chinamoney.com.cn/ags/ms/cm-u-bk-ccpr/CcprHisNew,https://www.chinamoney.com.cn/english/bmkcpr/index.html?tab=2,2026-08-31T14:36:31.558512Z,none
2026-07-08,cny_fx,china,CHN,CNY,CNY per US dollar,6.8077,LCU_per_USD,daily,CFETS_CNY_PARITY,USD/CNY Central Parity Rate - Historical Data,https://www.chinamoney.com.cn/ags/ms/cm-u-bk-ccpr/CcprHisNew,https://www.chinamoney.com.cn/english/bmkcpr/index.html?tab=2,2026-08-31T14:36:31.558512Z,none
2026-07-09,cny_fx,china,CHN,CNY,CNY per US dollar,6.8036,LCU_per_USD,daily,CFETS_CNY_PARITY,USD/CNY Central Parity Rate - Historical Data,https://www.chinamoney.com.cn/ags/ms/cm-u-bk-ccpr/CcprHisNew,https://www.chinamoney.com.cn/english/bmkcpr/index.html?tab=2,2026-08-31T14:36:31.558512Z,none
2026-07-10,cny_fx,china,CHN,CNY,CNY per US dollar,6.7989,LCU_per_USD,daily,CFETS_CNY_PARITY,USD/CNY Central Parity Rate - Historical Data,https://www.chinamoney.com.cn/ags/ms/cm-u-bk-ccpr/CcprHisNew,https://www.chinamoney.com.cn/english/bmkcpr/index.html?tab=2,2026-08-31T14:36:31.558512Z,none
2026-07-13,cny_fx,china,CHN,CNY,CNY per US dollar,6.7972,LCU_per_USD,daily,CFETS_CNY_PARITY,USD/CNY Central Parity Rate - Historical Data,https://www.chinamoney.com.cn/ags/ms/cm-u-bk-ccpr/CcprHisNew,https://www.chinamoney.com.cn/english/bmkcpr/index.html?tab=2,2026-08-31T14:36:31.558512Z,none
2026-07-14,cny_fx,china,CHN,CNY,CNY per US dollar,6.799,LCU_per_USD,daily,CFETS_CNY_PARITY,USD/CNY Central Parity Rate - Historical Data,https://www.chinamoney.com.cn/ags/ms/cm-u-bk-ccpr/CcprHisNew,https://www.chinamoney.com.cn/english/bmkcpr/index.html?tab=2,2026-08-31T14:36:31.558512Z,none
2026-07-15,cny_fx,china,CHN,CNY,CNY per US dollar,6.791,LCU_per_USD,daily,CFETS_CNY_PARITY,USD/CNY Central Parity Rate - Historical Data,https://www.chinamoney.com.cn/ags/ms/cm-u-bk-ccpr/CcprHisNew,https://www.chinamoney.com.cn/english/bmkcpr/index.html?tab=2,2026-08-31T14:36:31.558512Z,none
2026-07-16,cny_fx,china,CHN,CNY,CNY per US dollar,6.7909,LCU_per_USD,daily,CFETS_CNY_PARITY,USD/CNY Central Parity Rate - Historical Data,https://www.chinamoney.com.cn/ags/ms/cm-u-bk-ccpr/CcprHisNew,https://www.chinamoney.com.cn/english/bmkcpr/index.html?tab=2,2026-08-31T14:36:31.558512Z,none
2026-07-17,cny_fx,china,CHN,CNY,CNY per US dollar,6.7934,LCU_per_USD,daily,CFETS_CNY_PARITY,USD/CNY Central Parity Rate - Historical Data,https://www.chinamoney.com.cn/ags/ms/cm-u-bk-ccpr/CcprHisNew,https://www.chinamoney.com.cn/english/bmkcpr/index.html?tab=2,2026-08-31T14:36:31.558512Z,none
2026-07-20,cny_fx,china,CHN,CNY,CNY per US dollar,6.7948,LCU_per_USD,daily,CFETS_CNY_PARITY,USD/CNY Central Parity Rate - Historical Data,https://www.chinamoney.com.cn/ags/ms/cm-u-bk-ccpr/CcprHisNew,https://www.chinamoney.com.cn/english/bmkcpr/index.html?tab=2,2026-08-31T14:36:31.558512Z,none
2026-07-21,cny_fx,china,CHN,CNY,CNY per US dollar,6.7917,LCU_per_USD,daily,CFETS_CNY_PARITY,USD/CNY Central Parity Rate - Historical Data,https://www.chinamoney.com.cn/ags/ms/cm-u-bk-ccpr/CcprHisNew,https://www.chinamoney.com.cn/english/bmkcpr/index.html?tab=2,2026-08-31T14:36:31.558512Z,none
2026-07-22,cny_fx,china,CHN,CNY,CNY per US dollar,6.7933,LCU_per_USD,daily,CFETS_CNY_PARITY,USD/CNY Central Parity Rate - Historical Data,https://www.chinamoney.com.cn/ags/ms/cm-u-bk-ccpr/CcprHisNew,https://www.chinamoney.com.cn/english/bmkcpr/index.html?tab=2,2026-08-31T14:36:31.558512Z,none
2026-07-23,cny_fx,china,CHN,CNY,CNY per US dollar,6.7906,LCU_per_USD,daily,CFETS_CNY_PARITY,USD/CNY Central Parity Rate - Historical Data,https://www.chinamoney.com.cn/ags/ms/cm-u-bk-ccpr/CcprHisNew,https://www.chinamoney.com.cn/english/bmkcpr/index.html?tab=2,2026-08-31T14:36:31.558512Z,none
2026-07-24,cny_fx,china,CHN,CNY,CNY per US dollar,6.7939,LCU_per_USD,daily,CFETS_CNY_PARITY,USD/CNY Central Parity Rate - Historical Data,https://www.chinamoney.com.cn/ags/ms/cm-u-bk-ccpr/CcprHisNew,https://www.chinamoney.com.cn/english/bmkcpr/index.html?tab=2,2026-08-31T14:36:31.558512Z,none
2026-07-27,cny_fx,china,CHN,CNY,CNY per US dollar,6.7911,LCU_per_USD,daily,CFETS_CNY_PARITY,USD/CNY Central Parity Rate - Historical Data,https://www.chinamoney.com.cn/ags/ms/cm-u-bk-ccpr/CcprHisNew,https://www.chinamoney.com.cn/english/bmkcpr/index.html?tab=2,2026-08-31T14:36:31.558512Z,none
2026-07-28,cny_fx,china,CHN,CNY,CNY per US dollar,6.7928,LCU_per_USD,daily,CFETS_CNY_PARITY,USD/CNY Central Parity Rate - Historical Data,https://www.chinamoney.com.cn/ags/ms/cm-u-bk-ccpr/CcprHisNew,https://www.chinamoney.com.cn/english/bmkcpr/index.html?tab=2,2026-08-31T14:36:31.558512Z,none
2026-07-29,cny_fx,china,CHN,CNY,CNY per US dollar,6.7899,LCU_per_USD,daily,CFETS_CNY_PARITY,USD/CNY Central Parity Rate - Historical Data,https://www.chinamoney.com.cn/ags/ms/cm-u-bk-ccpr/CcprHisNew,https://www.chinamoney.com.cn/english/bmkcpr/index.html?tab=2,2026-08-31T14:36:31.558512Z,none
2026-07-30,cny_fx,china,CHN,CNY,CNY per US dollar,6.7892,LCU_per_USD,daily,CFETS_CNY_PARITY,USD/CNY Central Parity Rate - Historical Data,https://www.chinamoney.com.cn/ags/ms/cm-u-bk-ccpr/CcprHisNew,https://www.chinamoney.com.cn/english/bmkcpr/index.html?tab=2,2026-08-31T14:36:31.558512Z,none
2026-07-31,cny_fx,china,CHN,CNY,CNY per US dollar,6.7894,LCU_per_USD,daily,CFETS_CNY_PARITY,USD/CNY Central Parity Rate - Historical Data,https://www.chinamoney.com.cn/ags/ms/cm-u-bk-ccpr/CcprHisNew,https://www.chinamoney.com.cn/english/bmkcpr/index.html?tab=2,2026-08-31T14:36:31.558512Z,none
2026-08-03,cny_fx,china,CHN,CNY,CNY per US dollar,6.7898,LCU_per_USD,daily,CFETS_CNY_PARITY,USD/CNY Central Parity Rate - Historical Data,https://www.chinamoney.com.cn/ags/ms/cm-u-bk-ccpr/CcprHisNew,https://www.chinamoney.com.cn/english/bmkcpr/index.html?tab=2,2026-08-31T14:36:31.774288Z,none
2026-08-04,cny_fx,china,CHN,CNY,CNY per US dollar,6.7917,LCU_per_USD,daily,CFETS_CNY_PARITY,USD/CNY Central Parity Rate - Historical Data,https://www.chinamoney.com.cn/ags/ms/cm-u-bk-ccpr/CcprHisNew,https://www.chinamoney.com.cn/english/bmkcpr/index.html?tab=2,2026-08-31T14:36:31.774288Z,none
2026-08-05,cny_fx,china,CHN,CNY,CNY per US dollar,6.7889,LCU_per_USD,daily,CFETS_CNY_PARITY,USD/CNY Central Parity Rate - Historical Data,https://www.chinamoney.com.cn/ags/ms/cm-u-bk-ccpr/CcprHisNew,https://www.chinamoney.com.cn/english/bmkcpr/index.html?tab=2,2026-08-31T14:36:31.774288Z,none
2026-08-06,cny_fx,china,CHN,CNY,CNY per US dollar,6.7895,LCU_per_USD,daily,CFETS_CNY_PARITY,USD/CNY Central Parity Rate - Historical Data,https://www.chinamoney.com.cn/ags/ms/cm-u-bk-ccpr/CcprHisNew,https://www.chinamoney.com.cn/english/bmkcpr/index.html?tab=2,2026-08-31T14:36:31.774288Z,none
2026-08-07,cny_fx,china,CHN,CNY,CNY per US dollar,6.7904,LCU_per_USD,daily,CFETS_CNY_PARITY,USD/CNY Central Parity Rate - Historical Data,https://www.chinamoney.com.cn/ags/ms/cm-u-bk-ccpr/CcprHisNew,https://www.chinamoney.com.cn/english/bmkcpr/index.html?tab=2,2026-08-31T14:36:31.774288Z,none
2026-08-10,cny_fx,china,CHN,CNY,CNY per US dollar,6.7884,LCU_per_USD,daily,CFETS_CNY_PARITY,USD/CNY Central Parity Rate - Historical Data,https://www.chinamoney.com.cn/ags/ms/cm-u-bk-ccpr/CcprHisNew,https://www.chinamoney.com.cn/english/bmkcpr/index.html?tab=2,2026-08-31T14:36:31.774288Z,none
2026-08-11,cny_fx,china,CHN,CNY,CNY per US dollar,6.79,LCU_per_USD,daily,CFETS_CNY_PARITY,USD/CNY Central Parity Rate - Historical Data,https://www.chinamoney.com.cn/ags/ms/cm-u-bk-ccpr/CcprHisNew,https://www.chinamoney.com.cn/english/bmkcpr/index.html?tab=2,2026-08-31T14:36:31.774288Z,none
2026-08-12,cny_fx,china,CHN,CNY,CNY per US dollar,6.7882,LCU_per_USD,daily,CFETS_CNY_PARITY,USD/CNY Central Parity Rate - Historical Data,https://www.chinamoney.com.cn/ags/ms/cm-u-bk-ccpr/CcprHisNew,https://www.chinamoney.com.cn/english/bmkcpr/index.html?tab=2,2026-08-31T14:36:31.774288Z,none
2026-08-13,cny_fx,china,CHN,CNY,CNY per US dollar,6.7888,LCU_per_USD,daily,CFETS_CNY_PARITY,USD/CNY Central Parity Rate - Historical Data,https://www.chinamoney.com.cn/ags/ms/cm-u-bk-ccpr/CcprHisNew,https://www.chinamoney.com.cn/english/bmkcpr/index.html?tab=2,2026-08-31T14:36:31.774288Z,none
2026-08-14,cny_fx,china,CHN,CNY,CNY per US dollar,6.7878,LCU_per_USD,daily,CFETS_CNY_PARITY,USD/CNY Central Parity Rate - Historical Data,https://www.chinamoney.com.cn/ags/ms/cm-u-bk-ccpr/CcprHisNew,https://www.chinamoney.com.cn/english/bmkcpr/index.html?tab=2,2026-08-31T14:36:31.774288Z,none
2026-08-17,cny_fx,china,CHN,CNY,CNY per US dollar,6.7873,LCU_per_USD,daily,CFETS_CNY_PARITY,USD/CNY Central Parity Rate - Historical Data,https://www.chinamoney.com.cn/ags/ms/cm-u-bk-ccpr/CcprHisNew,https://www.chinamoney.com.cn/english/bmkcpr/index.html?tab=2,2026-08-31T14:36:31.774288Z,none
2026-08-18,cny_fx,china,CHN,CNY,CNY per US dollar,6.7905,LCU_per_USD,daily,CFETS_CNY_PARITY,USD/CNY Central Parity Rate - Historical Data,https://www.chinamoney.com.cn/ags/ms/cm-u-bk-ccpr/CcprHisNew,https://www.chinamoney.com.cn/english/bmkcpr/index.html?tab=2,2026-08-31T14:36:31.774288Z,none
2026-08-19,cny_fx,china,CHN,CNY,CNY per US dollar,6.7854,LCU_per_USD,daily,CFETS_CNY_PARITY,USD/CNY Central Parity Rate - Historical Data,https://www.chinamoney.com.cn/ags/ms/cm-u-bk-ccpr/CcprHisNew,https://www.chinamoney.com.cn/english/bmkcpr/index.html?tab=2,2026-08-31T14:36:31.774288Z,none
2026-08-20,cny_fx,china,CHN,CNY,CNY per US dollar,6.7808,LCU_per_USD,daily,CFETS_CNY_PARITY,USD/CNY Central Parity Rate - Historical Data,https://www.chinamoney.com.cn/ags/ms/cm-u-bk-ccpr/CcprHisNew,https://www.chinamoney.com.cn/english/bmkcpr/index.html?tab=2,2026-08-31T14:36:31.774288Z,none
2026-08-21,cny_fx,china,CHN,CNY,CNY per US dollar,6.7817,LCU_per_USD,daily,CFETS_CNY_PARITY,USD/CNY Central Parity Rate - Historical Data,https://www.chinamoney.com.cn/ags/ms/cm-u-bk-ccpr/CcprHisNew,https://www.chinamoney.com.cn/english/bmkcpr/index.html?tab=2,2026-08-31T14:36:31.774288Z,none
2026-08-24,cny_fx,china,CHN,CNY,CNY per US dollar,6.7841,LCU_per_USD,daily,CFETS_CNY_PARITY,USD/CNY Central Parity Rate - Historical Data,https://www.chinamoney.com.cn/ags/ms/cm-u-bk-ccpr/CcprHisNew,https://www.chinamoney.com.cn/english/bmkcpr/index.html?tab=2,2026-08-31T14:36:31.774288Z,none
2026-08-25,cny_fx,china,CHN,CNY,CNY per US dollar,6.7852,LCU_per_USD,daily,CFETS_CNY_PARITY,USD/CNY Central Parity Rate - Historical Data,https://www.chinamoney.com.cn/ags/ms/cm-u-bk-ccpr/CcprHisNew,https://www.chinamoney.com.cn/english/bmkcpr/index.html?tab=2,2026-08-31T14:36:31.774288Z,none
2026-08-26,cny_fx,china,CHN,CNY,CNY per US dollar,6.7829,LCU_per_USD,daily,CFETS_CNY_PARITY,USD/CNY Central Parity Rate - Historical Data,https://www.chinamoney.com.cn/ags/ms/cm-u-bk-ccpr/CcprHisNew,https://www.chinamoney.com.cn/english/bmkcpr/index.html?tab=2,2026-08-31T14:36:31.774288Z,none
2026-08-27,cny_fx,china,CHN,CNY,CNY per US dollar,6.784,LCU_per_USD,daily,CFETS_CNY_PARITY,USD/CNY Central Parity Rate - Historical Data,https://www.chinamoney.com.cn/ags/ms/cm-u-bk-ccpr/CcprHisNew,https://www.chinamoney.com.cn/english/bmkcpr/index.html?tab=2,2026-08-31T14:36:31.774288Z,none
2026-08-28,cny_fx,china,CHN,CNY,CNY per US dollar,6.7811,LCU_per_USD,daily,CFETS_CNY_PARITY,USD/CNY Central Parity Rate - Historical Data,https://www.chinamoney.com.cn/ags/ms/cm-u-bk-ccpr/CcprHisNew,https://www.chinamoney.com.cn/english/bmkcpr/index.html?tab=2,2026-08-31T14:36:31.774288Z,none
2026-08-31,cny_fx,china,CHN,CNY,CNY per US dollar,6.7828,LCU_per_USD,daily,CFETS_CNY_PARITY,USD/CNY Central Parity Rate - Historical Data,https://www.chinamoney.com.cn/ags/ms/cm-u-bk-ccpr/CcprHisNew,https://www.chinamoney.com.cn/english/bmkcpr/index.html?tab=2,2026-08-31T14:36:31.774288Z,none
