observation_date,country_iso3,country_name,currency_iso3,currency_name,rate_lcu_per_usd,quote_currency,quote_convention,market_segment,rate_definition,observation_status,source_id,source_name,source_url,source_documentation_url,source_retrieved_at
2024-01-02,CHN,China,CNY,Renminbi,7.077,USD,LCU_per_USD,official_central_parity,PBC-authorized daily USD/CNY central parity reference rate.,reported_public_series,CFETS_CNY_PARITY,USD/CNY Central Parity Rate - Historical Data,https://www.chinamoney.com.cn/ags/ms/cm-u-bk-ccpr/CcprHisNew,https://www.chinamoney.com.cn/english/bmkcpr/index.html?tab=2,2026-08-31T14:36:24.455076Z
2024-01-03,CHN,China,CNY,Renminbi,7.1002,USD,LCU_per_USD,official_central_parity,PBC-authorized daily USD/CNY central parity reference rate.,reported_public_series,CFETS_CNY_PARITY,USD/CNY Central Parity Rate - Historical Data,https://www.chinamoney.com.cn/ags/ms/cm-u-bk-ccpr/CcprHisNew,https://www.chinamoney.com.cn/english/bmkcpr/index.html?tab=2,2026-08-31T14:36:24.455076Z
2024-01-04,CHN,China,CNY,Renminbi,7.0997,USD,LCU_per_USD,official_central_parity,PBC-authorized daily USD/CNY central parity reference rate.,reported_public_series,CFETS_CNY_PARITY,USD/CNY Central Parity Rate - Historical Data,https://www.chinamoney.com.cn/ags/ms/cm-u-bk-ccpr/CcprHisNew,https://www.chinamoney.com.cn/english/bmkcpr/index.html?tab=2,2026-08-31T14:36:24.455076Z
2024-01-05,CHN,China,CNY,Renminbi,7.1029,USD,LCU_per_USD,official_central_parity,PBC-authorized daily USD/CNY central parity reference rate.,reported_public_series,CFETS_CNY_PARITY,USD/CNY Central Parity Rate - Historical Data,https://www.chinamoney.com.cn/ags/ms/cm-u-bk-ccpr/CcprHisNew,https://www.chinamoney.com.cn/english/bmkcpr/index.html?tab=2,2026-08-31T14:36:24.455076Z
2024-01-08,CHN,China,CNY,Renminbi,7.1006,USD,LCU_per_USD,official_central_parity,PBC-authorized daily USD/CNY central parity reference rate.,reported_public_series,CFETS_CNY_PARITY,USD/CNY Central Parity Rate - Historical Data,https://www.chinamoney.com.cn/ags/ms/cm-u-bk-ccpr/CcprHisNew,https://www.chinamoney.com.cn/english/bmkcpr/index.html?tab=2,2026-08-31T14:36:24.455076Z
2024-01-09,CHN,China,CNY,Renminbi,7.101,USD,LCU_per_USD,official_central_parity,PBC-authorized daily USD/CNY central parity reference rate.,reported_public_series,CFETS_CNY_PARITY,USD/CNY Central Parity Rate - Historical Data,https://www.chinamoney.com.cn/ags/ms/cm-u-bk-ccpr/CcprHisNew,https://www.chinamoney.com.cn/english/bmkcpr/index.html?tab=2,2026-08-31T14:36:24.455076Z
2024-01-10,CHN,China,CNY,Renminbi,7.1055,USD,LCU_per_USD,official_central_parity,PBC-authorized daily USD/CNY central parity reference rate.,reported_public_series,CFETS_CNY_PARITY,USD/CNY Central Parity Rate - Historical Data,https://www.chinamoney.com.cn/ags/ms/cm-u-bk-ccpr/CcprHisNew,https://www.chinamoney.com.cn/english/bmkcpr/index.html?tab=2,2026-08-31T14:36:24.455076Z
2024-01-11,CHN,China,CNY,Renminbi,7.1087,USD,LCU_per_USD,official_central_parity,PBC-authorized daily USD/CNY central parity reference rate.,reported_public_series,CFETS_CNY_PARITY,USD/CNY Central Parity Rate - Historical Data,https://www.chinamoney.com.cn/ags/ms/cm-u-bk-ccpr/CcprHisNew,https://www.chinamoney.com.cn/english/bmkcpr/index.html?tab=2,2026-08-31T14:36:24.455076Z
2024-01-12,CHN,China,CNY,Renminbi,7.105,USD,LCU_per_USD,official_central_parity,PBC-authorized daily USD/CNY central parity reference rate.,reported_public_series,CFETS_CNY_PARITY,USD/CNY Central Parity Rate - Historical Data,https://www.chinamoney.com.cn/ags/ms/cm-u-bk-ccpr/CcprHisNew,https://www.chinamoney.com.cn/english/bmkcpr/index.html?tab=2,2026-08-31T14:36:24.455076Z
2024-01-15,CHN,China,CNY,Renminbi,7.1084,USD,LCU_per_USD,official_central_parity,PBC-authorized daily USD/CNY central parity reference rate.,reported_public_series,CFETS_CNY_PARITY,USD/CNY Central Parity Rate - Historical Data,https://www.chinamoney.com.cn/ags/ms/cm-u-bk-ccpr/CcprHisNew,https://www.chinamoney.com.cn/english/bmkcpr/index.html?tab=2,2026-08-31T14:36:24.455076Z
2024-01-16,CHN,China,CNY,Renminbi,7.1134,USD,LCU_per_USD,official_central_parity,PBC-authorized daily USD/CNY central parity reference rate.,reported_public_series,CFETS_CNY_PARITY,USD/CNY Central Parity Rate - Historical Data,https://www.chinamoney.com.cn/ags/ms/cm-u-bk-ccpr/CcprHisNew,https://www.chinamoney.com.cn/english/bmkcpr/index.html?tab=2,2026-08-31T14:36:24.455076Z
2024-01-17,CHN,China,CNY,Renminbi,7.1168,USD,LCU_per_USD,official_central_parity,PBC-authorized daily USD/CNY central parity reference rate.,reported_public_series,CFETS_CNY_PARITY,USD/CNY Central Parity Rate - Historical Data,https://www.chinamoney.com.cn/ags/ms/cm-u-bk-ccpr/CcprHisNew,https://www.chinamoney.com.cn/english/bmkcpr/index.html?tab=2,2026-08-31T14:36:24.455076Z
2024-01-18,CHN,China,CNY,Renminbi,7.1174,USD,LCU_per_USD,official_central_parity,PBC-authorized daily USD/CNY central parity reference rate.,reported_public_series,CFETS_CNY_PARITY,USD/CNY Central Parity Rate - Historical Data,https://www.chinamoney.com.cn/ags/ms/cm-u-bk-ccpr/CcprHisNew,https://www.chinamoney.com.cn/english/bmkcpr/index.html?tab=2,2026-08-31T14:36:24.455076Z
2024-01-19,CHN,China,CNY,Renminbi,7.1167,USD,LCU_per_USD,official_central_parity,PBC-authorized daily USD/CNY central parity reference rate.,reported_public_series,CFETS_CNY_PARITY,USD/CNY Central Parity Rate - Historical Data,https://www.chinamoney.com.cn/ags/ms/cm-u-bk-ccpr/CcprHisNew,https://www.chinamoney.com.cn/english/bmkcpr/index.html?tab=2,2026-08-31T14:36:24.455076Z
2024-01-22,CHN,China,CNY,Renminbi,7.1105,USD,LCU_per_USD,official_central_parity,PBC-authorized daily USD/CNY central parity reference rate.,reported_public_series,CFETS_CNY_PARITY,USD/CNY Central Parity Rate - Historical Data,https://www.chinamoney.com.cn/ags/ms/cm-u-bk-ccpr/CcprHisNew,https://www.chinamoney.com.cn/english/bmkcpr/index.html?tab=2,2026-08-31T14:36:24.455076Z
2024-01-23,CHN,China,CNY,Renminbi,7.1117,USD,LCU_per_USD,official_central_parity,PBC-authorized daily USD/CNY central parity reference rate.,reported_public_series,CFETS_CNY_PARITY,USD/CNY Central Parity Rate - Historical Data,https://www.chinamoney.com.cn/ags/ms/cm-u-bk-ccpr/CcprHisNew,https://www.chinamoney.com.cn/english/bmkcpr/index.html?tab=2,2026-08-31T14:36:24.455076Z
2024-01-24,CHN,China,CNY,Renminbi,7.1053,USD,LCU_per_USD,official_central_parity,PBC-authorized daily USD/CNY central parity reference rate.,reported_public_series,CFETS_CNY_PARITY,USD/CNY Central Parity Rate - Historical Data,https://www.chinamoney.com.cn/ags/ms/cm-u-bk-ccpr/CcprHisNew,https://www.chinamoney.com.cn/english/bmkcpr/index.html?tab=2,2026-08-31T14:36:24.455076Z
2024-01-25,CHN,China,CNY,Renminbi,7.1044,USD,LCU_per_USD,official_central_parity,PBC-authorized daily USD/CNY central parity reference rate.,reported_public_series,CFETS_CNY_PARITY,USD/CNY Central Parity Rate - Historical Data,https://www.chinamoney.com.cn/ags/ms/cm-u-bk-ccpr/CcprHisNew,https://www.chinamoney.com.cn/english/bmkcpr/index.html?tab=2,2026-08-31T14:36:24.455076Z
2024-01-26,CHN,China,CNY,Renminbi,7.1074,USD,LCU_per_USD,official_central_parity,PBC-authorized daily USD/CNY central parity reference rate.,reported_public_series,CFETS_CNY_PARITY,USD/CNY Central Parity Rate - Historical Data,https://www.chinamoney.com.cn/ags/ms/cm-u-bk-ccpr/CcprHisNew,https://www.chinamoney.com.cn/english/bmkcpr/index.html?tab=2,2026-08-31T14:36:24.455076Z
2024-01-29,CHN,China,CNY,Renminbi,7.1097,USD,LCU_per_USD,official_central_parity,PBC-authorized daily USD/CNY central parity reference rate.,reported_public_series,CFETS_CNY_PARITY,USD/CNY Central Parity Rate - Historical Data,https://www.chinamoney.com.cn/ags/ms/cm-u-bk-ccpr/CcprHisNew,https://www.chinamoney.com.cn/english/bmkcpr/index.html?tab=2,2026-08-31T14:36:24.455076Z
2024-01-30,CHN,China,CNY,Renminbi,7.1055,USD,LCU_per_USD,official_central_parity,PBC-authorized daily USD/CNY central parity reference rate.,reported_public_series,CFETS_CNY_PARITY,USD/CNY Central Parity Rate - Historical Data,https://www.chinamoney.com.cn/ags/ms/cm-u-bk-ccpr/CcprHisNew,https://www.chinamoney.com.cn/english/bmkcpr/index.html?tab=2,2026-08-31T14:36:24.455076Z
2024-01-31,CHN,China,CNY,Renminbi,7.1039,USD,LCU_per_USD,official_central_parity,PBC-authorized daily USD/CNY central parity reference rate.,reported_public_series,CFETS_CNY_PARITY,USD/CNY Central Parity Rate - Historical Data,https://www.chinamoney.com.cn/ags/ms/cm-u-bk-ccpr/CcprHisNew,https://www.chinamoney.com.cn/english/bmkcpr/index.html?tab=2,2026-08-31T14:36:24.455076Z
2024-02-01,CHN,China,CNY,Renminbi,7.1049,USD,LCU_per_USD,official_central_parity,PBC-authorized daily USD/CNY central parity reference rate.,reported_public_series,CFETS_CNY_PARITY,USD/CNY Central Parity Rate - Historical Data,https://www.chinamoney.com.cn/ags/ms/cm-u-bk-ccpr/CcprHisNew,https://www.chinamoney.com.cn/english/bmkcpr/index.html?tab=2,2026-08-31T14:36:24.730202Z
2024-02-02,CHN,China,CNY,Renminbi,7.1006,USD,LCU_per_USD,official_central_parity,PBC-authorized daily USD/CNY central parity reference rate.,reported_public_series,CFETS_CNY_PARITY,USD/CNY Central Parity Rate - Historical Data,https://www.chinamoney.com.cn/ags/ms/cm-u-bk-ccpr/CcprHisNew,https://www.chinamoney.com.cn/english/bmkcpr/index.html?tab=2,2026-08-31T14:36:24.730202Z
2024-02-05,CHN,China,CNY,Renminbi,7.107,USD,LCU_per_USD,official_central_parity,PBC-authorized daily USD/CNY central parity reference rate.,reported_public_series,CFETS_CNY_PARITY,USD/CNY Central Parity Rate - Historical Data,https://www.chinamoney.com.cn/ags/ms/cm-u-bk-ccpr/CcprHisNew,https://www.chinamoney.com.cn/english/bmkcpr/index.html?tab=2,2026-08-31T14:36:24.730202Z
2024-02-06,CHN,China,CNY,Renminbi,7.1082,USD,LCU_per_USD,official_central_parity,PBC-authorized daily USD/CNY central parity reference rate.,reported_public_series,CFETS_CNY_PARITY,USD/CNY Central Parity Rate - Historical Data,https://www.chinamoney.com.cn/ags/ms/cm-u-bk-ccpr/CcprHisNew,https://www.chinamoney.com.cn/english/bmkcpr/index.html?tab=2,2026-08-31T14:36:24.730202Z
2024-02-07,CHN,China,CNY,Renminbi,7.1049,USD,LCU_per_USD,official_central_parity,PBC-authorized daily USD/CNY central parity reference rate.,reported_public_series,CFETS_CNY_PARITY,USD/CNY Central Parity Rate - Historical Data,https://www.chinamoney.com.cn/ags/ms/cm-u-bk-ccpr/CcprHisNew,https://www.chinamoney.com.cn/english/bmkcpr/index.html?tab=2,2026-08-31T14:36:24.730202Z
2024-02-08,CHN,China,CNY,Renminbi,7.1063,USD,LCU_per_USD,official_central_parity,PBC-authorized daily USD/CNY central parity reference rate.,reported_public_series,CFETS_CNY_PARITY,USD/CNY Central Parity Rate - Historical Data,https://www.chinamoney.com.cn/ags/ms/cm-u-bk-ccpr/CcprHisNew,https://www.chinamoney.com.cn/english/bmkcpr/index.html?tab=2,2026-08-31T14:36:24.730202Z
2024-02-09,CHN,China,CNY,Renminbi,7.1036,USD,LCU_per_USD,official_central_parity,PBC-authorized daily USD/CNY central parity reference rate.,reported_public_series,CFETS_CNY_PARITY,USD/CNY Central Parity Rate - Historical Data,https://www.chinamoney.com.cn/ags/ms/cm-u-bk-ccpr/CcprHisNew,https://www.chinamoney.com.cn/english/bmkcpr/index.html?tab=2,2026-08-31T14:36:24.730202Z
2024-02-19,CHN,China,CNY,Renminbi,7.1032,USD,LCU_per_USD,official_central_parity,PBC-authorized daily USD/CNY central parity reference rate.,reported_public_series,CFETS_CNY_PARITY,USD/CNY Central Parity Rate - Historical Data,https://www.chinamoney.com.cn/ags/ms/cm-u-bk-ccpr/CcprHisNew,https://www.chinamoney.com.cn/english/bmkcpr/index.html?tab=2,2026-08-31T14:36:24.730202Z
2024-02-20,CHN,China,CNY,Renminbi,7.1068,USD,LCU_per_USD,official_central_parity,PBC-authorized daily USD/CNY central parity reference rate.,reported_public_series,CFETS_CNY_PARITY,USD/CNY Central Parity Rate - Historical Data,https://www.chinamoney.com.cn/ags/ms/cm-u-bk-ccpr/CcprHisNew,https://www.chinamoney.com.cn/english/bmkcpr/index.html?tab=2,2026-08-31T14:36:24.730202Z
2024-02-21,CHN,China,CNY,Renminbi,7.103,USD,LCU_per_USD,official_central_parity,PBC-authorized daily USD/CNY central parity reference rate.,reported_public_series,CFETS_CNY_PARITY,USD/CNY Central Parity Rate - Historical Data,https://www.chinamoney.com.cn/ags/ms/cm-u-bk-ccpr/CcprHisNew,https://www.chinamoney.com.cn/english/bmkcpr/index.html?tab=2,2026-08-31T14:36:24.730202Z
2024-02-22,CHN,China,CNY,Renminbi,7.1018,USD,LCU_per_USD,official_central_parity,PBC-authorized daily USD/CNY central parity reference rate.,reported_public_series,CFETS_CNY_PARITY,USD/CNY Central Parity Rate - Historical Data,https://www.chinamoney.com.cn/ags/ms/cm-u-bk-ccpr/CcprHisNew,https://www.chinamoney.com.cn/english/bmkcpr/index.html?tab=2,2026-08-31T14:36:24.730202Z
2024-02-23,CHN,China,CNY,Renminbi,7.1064,USD,LCU_per_USD,official_central_parity,PBC-authorized daily USD/CNY central parity reference rate.,reported_public_series,CFETS_CNY_PARITY,USD/CNY Central Parity Rate - Historical Data,https://www.chinamoney.com.cn/ags/ms/cm-u-bk-ccpr/CcprHisNew,https://www.chinamoney.com.cn/english/bmkcpr/index.html?tab=2,2026-08-31T14:36:24.730202Z
2024-02-26,CHN,China,CNY,Renminbi,7.108,USD,LCU_per_USD,official_central_parity,PBC-authorized daily USD/CNY central parity reference rate.,reported_public_series,CFETS_CNY_PARITY,USD/CNY Central Parity Rate - Historical Data,https://www.chinamoney.com.cn/ags/ms/cm-u-bk-ccpr/CcprHisNew,https://www.chinamoney.com.cn/english/bmkcpr/index.html?tab=2,2026-08-31T14:36:24.730202Z
2024-02-27,CHN,China,CNY,Renminbi,7.1057,USD,LCU_per_USD,official_central_parity,PBC-authorized daily USD/CNY central parity reference rate.,reported_public_series,CFETS_CNY_PARITY,USD/CNY Central Parity Rate - Historical Data,https://www.chinamoney.com.cn/ags/ms/cm-u-bk-ccpr/CcprHisNew,https://www.chinamoney.com.cn/english/bmkcpr/index.html?tab=2,2026-08-31T14:36:24.730202Z
2024-02-28,CHN,China,CNY,Renminbi,7.1075,USD,LCU_per_USD,official_central_parity,PBC-authorized daily USD/CNY central parity reference rate.,reported_public_series,CFETS_CNY_PARITY,USD/CNY Central Parity Rate - Historical Data,https://www.chinamoney.com.cn/ags/ms/cm-u-bk-ccpr/CcprHisNew,https://www.chinamoney.com.cn/english/bmkcpr/index.html?tab=2,2026-08-31T14:36:24.730202Z
2024-02-29,CHN,China,CNY,Renminbi,7.1036,USD,LCU_per_USD,official_central_parity,PBC-authorized daily USD/CNY central parity reference rate.,reported_public_series,CFETS_CNY_PARITY,USD/CNY Central Parity Rate - Historical Data,https://www.chinamoney.com.cn/ags/ms/cm-u-bk-ccpr/CcprHisNew,https://www.chinamoney.com.cn/english/bmkcpr/index.html?tab=2,2026-08-31T14:36:24.730202Z
2024-03-01,CHN,China,CNY,Renminbi,7.1059,USD,LCU_per_USD,official_central_parity,PBC-authorized daily USD/CNY central parity reference rate.,reported_public_series,CFETS_CNY_PARITY,USD/CNY Central Parity Rate - Historical Data,https://www.chinamoney.com.cn/ags/ms/cm-u-bk-ccpr/CcprHisNew,https://www.chinamoney.com.cn/english/bmkcpr/index.html?tab=2,2026-08-31T14:36:24.977777Z
2024-03-04,CHN,China,CNY,Renminbi,7.102,USD,LCU_per_USD,official_central_parity,PBC-authorized daily USD/CNY central parity reference rate.,reported_public_series,CFETS_CNY_PARITY,USD/CNY Central Parity Rate - Historical Data,https://www.chinamoney.com.cn/ags/ms/cm-u-bk-ccpr/CcprHisNew,https://www.chinamoney.com.cn/english/bmkcpr/index.html?tab=2,2026-08-31T14:36:24.977777Z
2024-03-05,CHN,China,CNY,Renminbi,7.1027,USD,LCU_per_USD,official_central_parity,PBC-authorized daily USD/CNY central parity reference rate.,reported_public_series,CFETS_CNY_PARITY,USD/CNY Central Parity Rate - Historical Data,https://www.chinamoney.com.cn/ags/ms/cm-u-bk-ccpr/CcprHisNew,https://www.chinamoney.com.cn/english/bmkcpr/index.html?tab=2,2026-08-31T14:36:24.977777Z
2024-03-06,CHN,China,CNY,Renminbi,7.1016,USD,LCU_per_USD,official_central_parity,PBC-authorized daily USD/CNY central parity reference rate.,reported_public_series,CFETS_CNY_PARITY,USD/CNY Central Parity Rate - Historical Data,https://www.chinamoney.com.cn/ags/ms/cm-u-bk-ccpr/CcprHisNew,https://www.chinamoney.com.cn/english/bmkcpr/index.html?tab=2,2026-08-31T14:36:24.977777Z
2024-03-07,CHN,China,CNY,Renminbi,7.1002,USD,LCU_per_USD,official_central_parity,PBC-authorized daily USD/CNY central parity reference rate.,reported_public_series,CFETS_CNY_PARITY,USD/CNY Central Parity Rate - Historical Data,https://www.chinamoney.com.cn/ags/ms/cm-u-bk-ccpr/CcprHisNew,https://www.chinamoney.com.cn/english/bmkcpr/index.html?tab=2,2026-08-31T14:36:24.977777Z
2024-03-08,CHN,China,CNY,Renminbi,7.0978,USD,LCU_per_USD,official_central_parity,PBC-authorized daily USD/CNY central parity reference rate.,reported_public_series,CFETS_CNY_PARITY,USD/CNY Central Parity Rate - Historical Data,https://www.chinamoney.com.cn/ags/ms/cm-u-bk-ccpr/CcprHisNew,https://www.chinamoney.com.cn/english/bmkcpr/index.html?tab=2,2026-08-31T14:36:24.977777Z
2024-03-11,CHN,China,CNY,Renminbi,7.0969,USD,LCU_per_USD,official_central_parity,PBC-authorized daily USD/CNY central parity reference rate.,reported_public_series,CFETS_CNY_PARITY,USD/CNY Central Parity Rate - Historical Data,https://www.chinamoney.com.cn/ags/ms/cm-u-bk-ccpr/CcprHisNew,https://www.chinamoney.com.cn/english/bmkcpr/index.html?tab=2,2026-08-31T14:36:24.977777Z
2024-03-12,CHN,China,CNY,Renminbi,7.0963,USD,LCU_per_USD,official_central_parity,PBC-authorized daily USD/CNY central parity reference rate.,reported_public_series,CFETS_CNY_PARITY,USD/CNY Central Parity Rate - Historical Data,https://www.chinamoney.com.cn/ags/ms/cm-u-bk-ccpr/CcprHisNew,https://www.chinamoney.com.cn/english/bmkcpr/index.html?tab=2,2026-08-31T14:36:24.977777Z
2024-03-13,CHN,China,CNY,Renminbi,7.093,USD,LCU_per_USD,official_central_parity,PBC-authorized daily USD/CNY central parity reference rate.,reported_public_series,CFETS_CNY_PARITY,USD/CNY Central Parity Rate - Historical Data,https://www.chinamoney.com.cn/ags/ms/cm-u-bk-ccpr/CcprHisNew,https://www.chinamoney.com.cn/english/bmkcpr/index.html?tab=2,2026-08-31T14:36:24.977777Z
2024-03-14,CHN,China,CNY,Renminbi,7.0974,USD,LCU_per_USD,official_central_parity,PBC-authorized daily USD/CNY central parity reference rate.,reported_public_series,CFETS_CNY_PARITY,USD/CNY Central Parity Rate - Historical Data,https://www.chinamoney.com.cn/ags/ms/cm-u-bk-ccpr/CcprHisNew,https://www.chinamoney.com.cn/english/bmkcpr/index.html?tab=2,2026-08-31T14:36:24.977777Z
2024-03-15,CHN,China,CNY,Renminbi,7.0975,USD,LCU_per_USD,official_central_parity,PBC-authorized daily USD/CNY central parity reference rate.,reported_public_series,CFETS_CNY_PARITY,USD/CNY Central Parity Rate - Historical Data,https://www.chinamoney.com.cn/ags/ms/cm-u-bk-ccpr/CcprHisNew,https://www.chinamoney.com.cn/english/bmkcpr/index.html?tab=2,2026-08-31T14:36:24.977777Z
2024-03-18,CHN,China,CNY,Renminbi,7.0943,USD,LCU_per_USD,official_central_parity,PBC-authorized daily USD/CNY central parity reference rate.,reported_public_series,CFETS_CNY_PARITY,USD/CNY Central Parity Rate - Historical Data,https://www.chinamoney.com.cn/ags/ms/cm-u-bk-ccpr/CcprHisNew,https://www.chinamoney.com.cn/english/bmkcpr/index.html?tab=2,2026-08-31T14:36:24.977777Z
2024-03-19,CHN,China,CNY,Renminbi,7.0985,USD,LCU_per_USD,official_central_parity,PBC-authorized daily USD/CNY central parity reference rate.,reported_public_series,CFETS_CNY_PARITY,USD/CNY Central Parity Rate - Historical Data,https://www.chinamoney.com.cn/ags/ms/cm-u-bk-ccpr/CcprHisNew,https://www.chinamoney.com.cn/english/bmkcpr/index.html?tab=2,2026-08-31T14:36:24.977777Z
2024-03-20,CHN,China,CNY,Renminbi,7.0968,USD,LCU_per_USD,official_central_parity,PBC-authorized daily USD/CNY central parity reference rate.,reported_public_series,CFETS_CNY_PARITY,USD/CNY Central Parity Rate - Historical Data,https://www.chinamoney.com.cn/ags/ms/cm-u-bk-ccpr/CcprHisNew,https://www.chinamoney.com.cn/english/bmkcpr/index.html?tab=2,2026-08-31T14:36:24.977777Z
2024-03-21,CHN,China,CNY,Renminbi,7.0942,USD,LCU_per_USD,official_central_parity,PBC-authorized daily USD/CNY central parity reference rate.,reported_public_series,CFETS_CNY_PARITY,USD/CNY Central Parity Rate - Historical Data,https://www.chinamoney.com.cn/ags/ms/cm-u-bk-ccpr/CcprHisNew,https://www.chinamoney.com.cn/english/bmkcpr/index.html?tab=2,2026-08-31T14:36:24.977777Z
2024-03-22,CHN,China,CNY,Renminbi,7.1004,USD,LCU_per_USD,official_central_parity,PBC-authorized daily USD/CNY central parity reference rate.,reported_public_series,CFETS_CNY_PARITY,USD/CNY Central Parity Rate - Historical Data,https://www.chinamoney.com.cn/ags/ms/cm-u-bk-ccpr/CcprHisNew,https://www.chinamoney.com.cn/english/bmkcpr/index.html?tab=2,2026-08-31T14:36:24.977777Z
2024-03-25,CHN,China,CNY,Renminbi,7.0996,USD,LCU_per_USD,official_central_parity,PBC-authorized daily USD/CNY central parity reference rate.,reported_public_series,CFETS_CNY_PARITY,USD/CNY Central Parity Rate - Historical Data,https://www.chinamoney.com.cn/ags/ms/cm-u-bk-ccpr/CcprHisNew,https://www.chinamoney.com.cn/english/bmkcpr/index.html?tab=2,2026-08-31T14:36:24.977777Z
2024-03-26,CHN,China,CNY,Renminbi,7.0943,USD,LCU_per_USD,official_central_parity,PBC-authorized daily USD/CNY central parity reference rate.,reported_public_series,CFETS_CNY_PARITY,USD/CNY Central Parity Rate - Historical Data,https://www.chinamoney.com.cn/ags/ms/cm-u-bk-ccpr/CcprHisNew,https://www.chinamoney.com.cn/english/bmkcpr/index.html?tab=2,2026-08-31T14:36:24.977777Z
2024-03-27,CHN,China,CNY,Renminbi,7.0946,USD,LCU_per_USD,official_central_parity,PBC-authorized daily USD/CNY central parity reference rate.,reported_public_series,CFETS_CNY_PARITY,USD/CNY Central Parity Rate - Historical Data,https://www.chinamoney.com.cn/ags/ms/cm-u-bk-ccpr/CcprHisNew,https://www.chinamoney.com.cn/english/bmkcpr/index.html?tab=2,2026-08-31T14:36:24.977777Z
2024-03-28,CHN,China,CNY,Renminbi,7.0948,USD,LCU_per_USD,official_central_parity,PBC-authorized daily USD/CNY central parity reference rate.,reported_public_series,CFETS_CNY_PARITY,USD/CNY Central Parity Rate - Historical Data,https://www.chinamoney.com.cn/ags/ms/cm-u-bk-ccpr/CcprHisNew,https://www.chinamoney.com.cn/english/bmkcpr/index.html?tab=2,2026-08-31T14:36:24.977777Z
2024-03-29,CHN,China,CNY,Renminbi,7.095,USD,LCU_per_USD,official_central_parity,PBC-authorized daily USD/CNY central parity reference rate.,reported_public_series,CFETS_CNY_PARITY,USD/CNY Central Parity Rate - Historical Data,https://www.chinamoney.com.cn/ags/ms/cm-u-bk-ccpr/CcprHisNew,https://www.chinamoney.com.cn/english/bmkcpr/index.html?tab=2,2026-08-31T14:36:24.977777Z
2024-04-01,CHN,China,CNY,Renminbi,7.0938,USD,LCU_per_USD,official_central_parity,PBC-authorized daily USD/CNY central parity reference rate.,reported_public_series,CFETS_CNY_PARITY,USD/CNY Central Parity Rate - Historical Data,https://www.chinamoney.com.cn/ags/ms/cm-u-bk-ccpr/CcprHisNew,https://www.chinamoney.com.cn/english/bmkcpr/index.html?tab=2,2026-08-31T14:36:25.231765Z
2024-04-02,CHN,China,CNY,Renminbi,7.0957,USD,LCU_per_USD,official_central_parity,PBC-authorized daily USD/CNY central parity reference rate.,reported_public_series,CFETS_CNY_PARITY,USD/CNY Central Parity Rate - Historical Data,https://www.chinamoney.com.cn/ags/ms/cm-u-bk-ccpr/CcprHisNew,https://www.chinamoney.com.cn/english/bmkcpr/index.html?tab=2,2026-08-31T14:36:25.231765Z
2024-04-03,CHN,China,CNY,Renminbi,7.0949,USD,LCU_per_USD,official_central_parity,PBC-authorized daily USD/CNY central parity reference rate.,reported_public_series,CFETS_CNY_PARITY,USD/CNY Central Parity Rate - Historical Data,https://www.chinamoney.com.cn/ags/ms/cm-u-bk-ccpr/CcprHisNew,https://www.chinamoney.com.cn/english/bmkcpr/index.html?tab=2,2026-08-31T14:36:25.231765Z
2024-04-08,CHN,China,CNY,Renminbi,7.0947,USD,LCU_per_USD,official_central_parity,PBC-authorized daily USD/CNY central parity reference rate.,reported_public_series,CFETS_CNY_PARITY,USD/CNY Central Parity Rate - Historical Data,https://www.chinamoney.com.cn/ags/ms/cm-u-bk-ccpr/CcprHisNew,https://www.chinamoney.com.cn/english/bmkcpr/index.html?tab=2,2026-08-31T14:36:25.231765Z
2024-04-09,CHN,China,CNY,Renminbi,7.0956,USD,LCU_per_USD,official_central_parity,PBC-authorized daily USD/CNY central parity reference rate.,reported_public_series,CFETS_CNY_PARITY,USD/CNY Central Parity Rate - Historical Data,https://www.chinamoney.com.cn/ags/ms/cm-u-bk-ccpr/CcprHisNew,https://www.chinamoney.com.cn/english/bmkcpr/index.html?tab=2,2026-08-31T14:36:25.231765Z
2024-04-10,CHN,China,CNY,Renminbi,7.0959,USD,LCU_per_USD,official_central_parity,PBC-authorized daily USD/CNY central parity reference rate.,reported_public_series,CFETS_CNY_PARITY,USD/CNY Central Parity Rate - Historical Data,https://www.chinamoney.com.cn/ags/ms/cm-u-bk-ccpr/CcprHisNew,https://www.chinamoney.com.cn/english/bmkcpr/index.html?tab=2,2026-08-31T14:36:25.231765Z
2024-04-11,CHN,China,CNY,Renminbi,7.0968,USD,LCU_per_USD,official_central_parity,PBC-authorized daily USD/CNY central parity reference rate.,reported_public_series,CFETS_CNY_PARITY,USD/CNY Central Parity Rate - Historical Data,https://www.chinamoney.com.cn/ags/ms/cm-u-bk-ccpr/CcprHisNew,https://www.chinamoney.com.cn/english/bmkcpr/index.html?tab=2,2026-08-31T14:36:25.231765Z
2024-04-12,CHN,China,CNY,Renminbi,7.0967,USD,LCU_per_USD,official_central_parity,PBC-authorized daily USD/CNY central parity reference rate.,reported_public_series,CFETS_CNY_PARITY,USD/CNY Central Parity Rate - Historical Data,https://www.chinamoney.com.cn/ags/ms/cm-u-bk-ccpr/CcprHisNew,https://www.chinamoney.com.cn/english/bmkcpr/index.html?tab=2,2026-08-31T14:36:25.231765Z
2024-04-15,CHN,China,CNY,Renminbi,7.0979,USD,LCU_per_USD,official_central_parity,PBC-authorized daily USD/CNY central parity reference rate.,reported_public_series,CFETS_CNY_PARITY,USD/CNY Central Parity Rate - Historical Data,https://www.chinamoney.com.cn/ags/ms/cm-u-bk-ccpr/CcprHisNew,https://www.chinamoney.com.cn/english/bmkcpr/index.html?tab=2,2026-08-31T14:36:25.231765Z
2024-04-16,CHN,China,CNY,Renminbi,7.1028,USD,LCU_per_USD,official_central_parity,PBC-authorized daily USD/CNY central parity reference rate.,reported_public_series,CFETS_CNY_PARITY,USD/CNY Central Parity Rate - Historical Data,https://www.chinamoney.com.cn/ags/ms/cm-u-bk-ccpr/CcprHisNew,https://www.chinamoney.com.cn/english/bmkcpr/index.html?tab=2,2026-08-31T14:36:25.231765Z
2024-04-17,CHN,China,CNY,Renminbi,7.1025,USD,LCU_per_USD,official_central_parity,PBC-authorized daily USD/CNY central parity reference rate.,reported_public_series,CFETS_CNY_PARITY,USD/CNY Central Parity Rate - Historical Data,https://www.chinamoney.com.cn/ags/ms/cm-u-bk-ccpr/CcprHisNew,https://www.chinamoney.com.cn/english/bmkcpr/index.html?tab=2,2026-08-31T14:36:25.231765Z
2024-04-18,CHN,China,CNY,Renminbi,7.102,USD,LCU_per_USD,official_central_parity,PBC-authorized daily USD/CNY central parity reference rate.,reported_public_series,CFETS_CNY_PARITY,USD/CNY Central Parity Rate - Historical Data,https://www.chinamoney.com.cn/ags/ms/cm-u-bk-ccpr/CcprHisNew,https://www.chinamoney.com.cn/english/bmkcpr/index.html?tab=2,2026-08-31T14:36:25.231765Z
2024-04-19,CHN,China,CNY,Renminbi,7.1046,USD,LCU_per_USD,official_central_parity,PBC-authorized daily USD/CNY central parity reference rate.,reported_public_series,CFETS_CNY_PARITY,USD/CNY Central Parity Rate - Historical Data,https://www.chinamoney.com.cn/ags/ms/cm-u-bk-ccpr/CcprHisNew,https://www.chinamoney.com.cn/english/bmkcpr/index.html?tab=2,2026-08-31T14:36:25.231765Z
2024-04-22,CHN,China,CNY,Renminbi,7.1043,USD,LCU_per_USD,official_central_parity,PBC-authorized daily USD/CNY central parity reference rate.,reported_public_series,CFETS_CNY_PARITY,USD/CNY Central Parity Rate - Historical Data,https://www.chinamoney.com.cn/ags/ms/cm-u-bk-ccpr/CcprHisNew,https://www.chinamoney.com.cn/english/bmkcpr/index.html?tab=2,2026-08-31T14:36:25.231765Z
2024-04-23,CHN,China,CNY,Renminbi,7.1059,USD,LCU_per_USD,official_central_parity,PBC-authorized daily USD/CNY central parity reference rate.,reported_public_series,CFETS_CNY_PARITY,USD/CNY Central Parity Rate - Historical Data,https://www.chinamoney.com.cn/ags/ms/cm-u-bk-ccpr/CcprHisNew,https://www.chinamoney.com.cn/english/bmkcpr/index.html?tab=2,2026-08-31T14:36:25.231765Z
2024-04-24,CHN,China,CNY,Renminbi,7.1048,USD,LCU_per_USD,official_central_parity,PBC-authorized daily USD/CNY central parity reference rate.,reported_public_series,CFETS_CNY_PARITY,USD/CNY Central Parity Rate - Historical Data,https://www.chinamoney.com.cn/ags/ms/cm-u-bk-ccpr/CcprHisNew,https://www.chinamoney.com.cn/english/bmkcpr/index.html?tab=2,2026-08-31T14:36:25.231765Z
2024-04-25,CHN,China,CNY,Renminbi,7.1058,USD,LCU_per_USD,official_central_parity,PBC-authorized daily USD/CNY central parity reference rate.,reported_public_series,CFETS_CNY_PARITY,USD/CNY Central Parity Rate - Historical Data,https://www.chinamoney.com.cn/ags/ms/cm-u-bk-ccpr/CcprHisNew,https://www.chinamoney.com.cn/english/bmkcpr/index.html?tab=2,2026-08-31T14:36:25.231765Z
2024-04-26,CHN,China,CNY,Renminbi,7.1056,USD,LCU_per_USD,official_central_parity,PBC-authorized daily USD/CNY central parity reference rate.,reported_public_series,CFETS_CNY_PARITY,USD/CNY Central Parity Rate - Historical Data,https://www.chinamoney.com.cn/ags/ms/cm-u-bk-ccpr/CcprHisNew,https://www.chinamoney.com.cn/english/bmkcpr/index.html?tab=2,2026-08-31T14:36:25.231765Z
2024-04-29,CHN,China,CNY,Renminbi,7.1066,USD,LCU_per_USD,official_central_parity,PBC-authorized daily USD/CNY central parity reference rate.,reported_public_series,CFETS_CNY_PARITY,USD/CNY Central Parity Rate - Historical Data,https://www.chinamoney.com.cn/ags/ms/cm-u-bk-ccpr/CcprHisNew,https://www.chinamoney.com.cn/english/bmkcpr/index.html?tab=2,2026-08-31T14:36:25.231765Z
2024-04-30,CHN,China,CNY,Renminbi,7.1063,USD,LCU_per_USD,official_central_parity,PBC-authorized daily USD/CNY central parity reference rate.,reported_public_series,CFETS_CNY_PARITY,USD/CNY Central Parity Rate - Historical Data,https://www.chinamoney.com.cn/ags/ms/cm-u-bk-ccpr/CcprHisNew,https://www.chinamoney.com.cn/english/bmkcpr/index.html?tab=2,2026-08-31T14:36:25.231765Z
2024-05-06,CHN,China,CNY,Renminbi,7.0994,USD,LCU_per_USD,official_central_parity,PBC-authorized daily USD/CNY central parity reference rate.,reported_public_series,CFETS_CNY_PARITY,USD/CNY Central Parity Rate - Historical Data,https://www.chinamoney.com.cn/ags/ms/cm-u-bk-ccpr/CcprHisNew,https://www.chinamoney.com.cn/english/bmkcpr/index.html?tab=2,2026-08-31T14:36:25.489614Z
2024-05-07,CHN,China,CNY,Renminbi,7.1002,USD,LCU_per_USD,official_central_parity,PBC-authorized daily USD/CNY central parity reference rate.,reported_public_series,CFETS_CNY_PARITY,USD/CNY Central Parity Rate - Historical Data,https://www.chinamoney.com.cn/ags/ms/cm-u-bk-ccpr/CcprHisNew,https://www.chinamoney.com.cn/english/bmkcpr/index.html?tab=2,2026-08-31T14:36:25.489614Z
2024-05-08,CHN,China,CNY,Renminbi,7.1016,USD,LCU_per_USD,official_central_parity,PBC-authorized daily USD/CNY central parity reference rate.,reported_public_series,CFETS_CNY_PARITY,USD/CNY Central Parity Rate - Historical Data,https://www.chinamoney.com.cn/ags/ms/cm-u-bk-ccpr/CcprHisNew,https://www.chinamoney.com.cn/english/bmkcpr/index.html?tab=2,2026-08-31T14:36:25.489614Z
2024-05-09,CHN,China,CNY,Renminbi,7.1028,USD,LCU_per_USD,official_central_parity,PBC-authorized daily USD/CNY central parity reference rate.,reported_public_series,CFETS_CNY_PARITY,USD/CNY Central Parity Rate - Historical Data,https://www.chinamoney.com.cn/ags/ms/cm-u-bk-ccpr/CcprHisNew,https://www.chinamoney.com.cn/english/bmkcpr/index.html?tab=2,2026-08-31T14:36:25.489614Z
2024-05-10,CHN,China,CNY,Renminbi,7.1011,USD,LCU_per_USD,official_central_parity,PBC-authorized daily USD/CNY central parity reference rate.,reported_public_series,CFETS_CNY_PARITY,USD/CNY Central Parity Rate - Historical Data,https://www.chinamoney.com.cn/ags/ms/cm-u-bk-ccpr/CcprHisNew,https://www.chinamoney.com.cn/english/bmkcpr/index.html?tab=2,2026-08-31T14:36:25.489614Z
2024-05-13,CHN,China,CNY,Renminbi,7.103,USD,LCU_per_USD,official_central_parity,PBC-authorized daily USD/CNY central parity reference rate.,reported_public_series,CFETS_CNY_PARITY,USD/CNY Central Parity Rate - Historical Data,https://www.chinamoney.com.cn/ags/ms/cm-u-bk-ccpr/CcprHisNew,https://www.chinamoney.com.cn/english/bmkcpr/index.html?tab=2,2026-08-31T14:36:25.489614Z
2024-05-14,CHN,China,CNY,Renminbi,7.1053,USD,LCU_per_USD,official_central_parity,PBC-authorized daily USD/CNY central parity reference rate.,reported_public_series,CFETS_CNY_PARITY,USD/CNY Central Parity Rate - Historical Data,https://www.chinamoney.com.cn/ags/ms/cm-u-bk-ccpr/CcprHisNew,https://www.chinamoney.com.cn/english/bmkcpr/index.html?tab=2,2026-08-31T14:36:25.489614Z
2024-05-15,CHN,China,CNY,Renminbi,7.1049,USD,LCU_per_USD,official_central_parity,PBC-authorized daily USD/CNY central parity reference rate.,reported_public_series,CFETS_CNY_PARITY,USD/CNY Central Parity Rate - Historical Data,https://www.chinamoney.com.cn/ags/ms/cm-u-bk-ccpr/CcprHisNew,https://www.chinamoney.com.cn/english/bmkcpr/index.html?tab=2,2026-08-31T14:36:25.489614Z
2024-05-16,CHN,China,CNY,Renminbi,7.102,USD,LCU_per_USD,official_central_parity,PBC-authorized daily USD/CNY central parity reference rate.,reported_public_series,CFETS_CNY_PARITY,USD/CNY Central Parity Rate - Historical Data,https://www.chinamoney.com.cn/ags/ms/cm-u-bk-ccpr/CcprHisNew,https://www.chinamoney.com.cn/english/bmkcpr/index.html?tab=2,2026-08-31T14:36:25.489614Z
2024-05-17,CHN,China,CNY,Renminbi,7.1045,USD,LCU_per_USD,official_central_parity,PBC-authorized daily USD/CNY central parity reference rate.,reported_public_series,CFETS_CNY_PARITY,USD/CNY Central Parity Rate - Historical Data,https://www.chinamoney.com.cn/ags/ms/cm-u-bk-ccpr/CcprHisNew,https://www.chinamoney.com.cn/english/bmkcpr/index.html?tab=2,2026-08-31T14:36:25.489614Z
2024-05-20,CHN,China,CNY,Renminbi,7.1042,USD,LCU_per_USD,official_central_parity,PBC-authorized daily USD/CNY central parity reference rate.,reported_public_series,CFETS_CNY_PARITY,USD/CNY Central Parity Rate - Historical Data,https://www.chinamoney.com.cn/ags/ms/cm-u-bk-ccpr/CcprHisNew,https://www.chinamoney.com.cn/english/bmkcpr/index.html?tab=2,2026-08-31T14:36:25.489614Z
2024-05-21,CHN,China,CNY,Renminbi,7.1069,USD,LCU_per_USD,official_central_parity,PBC-authorized daily USD/CNY central parity reference rate.,reported_public_series,CFETS_CNY_PARITY,USD/CNY Central Parity Rate - Historical Data,https://www.chinamoney.com.cn/ags/ms/cm-u-bk-ccpr/CcprHisNew,https://www.chinamoney.com.cn/english/bmkcpr/index.html?tab=2,2026-08-31T14:36:25.489614Z
2024-05-22,CHN,China,CNY,Renminbi,7.1077,USD,LCU_per_USD,official_central_parity,PBC-authorized daily USD/CNY central parity reference rate.,reported_public_series,CFETS_CNY_PARITY,USD/CNY Central Parity Rate - Historical Data,https://www.chinamoney.com.cn/ags/ms/cm-u-bk-ccpr/CcprHisNew,https://www.chinamoney.com.cn/english/bmkcpr/index.html?tab=2,2026-08-31T14:36:25.489614Z
2024-05-23,CHN,China,CNY,Renminbi,7.1098,USD,LCU_per_USD,official_central_parity,PBC-authorized daily USD/CNY central parity reference rate.,reported_public_series,CFETS_CNY_PARITY,USD/CNY Central Parity Rate - Historical Data,https://www.chinamoney.com.cn/ags/ms/cm-u-bk-ccpr/CcprHisNew,https://www.chinamoney.com.cn/english/bmkcpr/index.html?tab=2,2026-08-31T14:36:25.489614Z
2024-05-24,CHN,China,CNY,Renminbi,7.1102,USD,LCU_per_USD,official_central_parity,PBC-authorized daily USD/CNY central parity reference rate.,reported_public_series,CFETS_CNY_PARITY,USD/CNY Central Parity Rate - Historical Data,https://www.chinamoney.com.cn/ags/ms/cm-u-bk-ccpr/CcprHisNew,https://www.chinamoney.com.cn/english/bmkcpr/index.html?tab=2,2026-08-31T14:36:25.489614Z
2024-05-27,CHN,China,CNY,Renminbi,7.1091,USD,LCU_per_USD,official_central_parity,PBC-authorized daily USD/CNY central parity reference rate.,reported_public_series,CFETS_CNY_PARITY,USD/CNY Central Parity Rate - Historical Data,https://www.chinamoney.com.cn/ags/ms/cm-u-bk-ccpr/CcprHisNew,https://www.chinamoney.com.cn/english/bmkcpr/index.html?tab=2,2026-08-31T14:36:25.489614Z
2024-05-28,CHN,China,CNY,Renminbi,7.1101,USD,LCU_per_USD,official_central_parity,PBC-authorized daily USD/CNY central parity reference rate.,reported_public_series,CFETS_CNY_PARITY,USD/CNY Central Parity Rate - Historical Data,https://www.chinamoney.com.cn/ags/ms/cm-u-bk-ccpr/CcprHisNew,https://www.chinamoney.com.cn/english/bmkcpr/index.html?tab=2,2026-08-31T14:36:25.489614Z
2024-05-29,CHN,China,CNY,Renminbi,7.1106,USD,LCU_per_USD,official_central_parity,PBC-authorized daily USD/CNY central parity reference rate.,reported_public_series,CFETS_CNY_PARITY,USD/CNY Central Parity Rate - Historical Data,https://www.chinamoney.com.cn/ags/ms/cm-u-bk-ccpr/CcprHisNew,https://www.chinamoney.com.cn/english/bmkcpr/index.html?tab=2,2026-08-31T14:36:25.489614Z
2024-05-30,CHN,China,CNY,Renminbi,7.1111,USD,LCU_per_USD,official_central_parity,PBC-authorized daily USD/CNY central parity reference rate.,reported_public_series,CFETS_CNY_PARITY,USD/CNY Central Parity Rate - Historical Data,https://www.chinamoney.com.cn/ags/ms/cm-u-bk-ccpr/CcprHisNew,https://www.chinamoney.com.cn/english/bmkcpr/index.html?tab=2,2026-08-31T14:36:25.489614Z
2024-05-31,CHN,China,CNY,Renminbi,7.1088,USD,LCU_per_USD,official_central_parity,PBC-authorized daily USD/CNY central parity reference rate.,reported_public_series,CFETS_CNY_PARITY,USD/CNY Central Parity Rate - Historical Data,https://www.chinamoney.com.cn/ags/ms/cm-u-bk-ccpr/CcprHisNew,https://www.chinamoney.com.cn/english/bmkcpr/index.html?tab=2,2026-08-31T14:36:25.489614Z
2024-06-03,CHN,China,CNY,Renminbi,7.1086,USD,LCU_per_USD,official_central_parity,PBC-authorized daily USD/CNY central parity reference rate.,reported_public_series,CFETS_CNY_PARITY,USD/CNY Central Parity Rate - Historical Data,https://www.chinamoney.com.cn/ags/ms/cm-u-bk-ccpr/CcprHisNew,https://www.chinamoney.com.cn/english/bmkcpr/index.html?tab=2,2026-08-31T14:36:25.724740Z
2024-06-04,CHN,China,CNY,Renminbi,7.1083,USD,LCU_per_USD,official_central_parity,PBC-authorized daily USD/CNY central parity reference rate.,reported_public_series,CFETS_CNY_PARITY,USD/CNY Central Parity Rate - Historical Data,https://www.chinamoney.com.cn/ags/ms/cm-u-bk-ccpr/CcprHisNew,https://www.chinamoney.com.cn/english/bmkcpr/index.html?tab=2,2026-08-31T14:36:25.724740Z
2024-06-05,CHN,China,CNY,Renminbi,7.1097,USD,LCU_per_USD,official_central_parity,PBC-authorized daily USD/CNY central parity reference rate.,reported_public_series,CFETS_CNY_PARITY,USD/CNY Central Parity Rate - Historical Data,https://www.chinamoney.com.cn/ags/ms/cm-u-bk-ccpr/CcprHisNew,https://www.chinamoney.com.cn/english/bmkcpr/index.html?tab=2,2026-08-31T14:36:25.724740Z
2024-06-06,CHN,China,CNY,Renminbi,7.1108,USD,LCU_per_USD,official_central_parity,PBC-authorized daily USD/CNY central parity reference rate.,reported_public_series,CFETS_CNY_PARITY,USD/CNY Central Parity Rate - Historical Data,https://www.chinamoney.com.cn/ags/ms/cm-u-bk-ccpr/CcprHisNew,https://www.chinamoney.com.cn/english/bmkcpr/index.html?tab=2,2026-08-31T14:36:25.724740Z
2024-06-07,CHN,China,CNY,Renminbi,7.1106,USD,LCU_per_USD,official_central_parity,PBC-authorized daily USD/CNY central parity reference rate.,reported_public_series,CFETS_CNY_PARITY,USD/CNY Central Parity Rate - Historical Data,https://www.chinamoney.com.cn/ags/ms/cm-u-bk-ccpr/CcprHisNew,https://www.chinamoney.com.cn/english/bmkcpr/index.html?tab=2,2026-08-31T14:36:25.724740Z
2024-06-11,CHN,China,CNY,Renminbi,7.1135,USD,LCU_per_USD,official_central_parity,PBC-authorized daily USD/CNY central parity reference rate.,reported_public_series,CFETS_CNY_PARITY,USD/CNY Central Parity Rate - Historical Data,https://www.chinamoney.com.cn/ags/ms/cm-u-bk-ccpr/CcprHisNew,https://www.chinamoney.com.cn/english/bmkcpr/index.html?tab=2,2026-08-31T14:36:25.724740Z
2024-06-12,CHN,China,CNY,Renminbi,7.1133,USD,LCU_per_USD,official_central_parity,PBC-authorized daily USD/CNY central parity reference rate.,reported_public_series,CFETS_CNY_PARITY,USD/CNY Central Parity Rate - Historical Data,https://www.chinamoney.com.cn/ags/ms/cm-u-bk-ccpr/CcprHisNew,https://www.chinamoney.com.cn/english/bmkcpr/index.html?tab=2,2026-08-31T14:36:25.724740Z
2024-06-13,CHN,China,CNY,Renminbi,7.1122,USD,LCU_per_USD,official_central_parity,PBC-authorized daily USD/CNY central parity reference rate.,reported_public_series,CFETS_CNY_PARITY,USD/CNY Central Parity Rate - Historical Data,https://www.chinamoney.com.cn/ags/ms/cm-u-bk-ccpr/CcprHisNew,https://www.chinamoney.com.cn/english/bmkcpr/index.html?tab=2,2026-08-31T14:36:25.724740Z
2024-06-14,CHN,China,CNY,Renminbi,7.1151,USD,LCU_per_USD,official_central_parity,PBC-authorized daily USD/CNY central parity reference rate.,reported_public_series,CFETS_CNY_PARITY,USD/CNY Central Parity Rate - Historical Data,https://www.chinamoney.com.cn/ags/ms/cm-u-bk-ccpr/CcprHisNew,https://www.chinamoney.com.cn/english/bmkcpr/index.html?tab=2,2026-08-31T14:36:25.724740Z
2024-06-17,CHN,China,CNY,Renminbi,7.1149,USD,LCU_per_USD,official_central_parity,PBC-authorized daily USD/CNY central parity reference rate.,reported_public_series,CFETS_CNY_PARITY,USD/CNY Central Parity Rate - Historical Data,https://www.chinamoney.com.cn/ags/ms/cm-u-bk-ccpr/CcprHisNew,https://www.chinamoney.com.cn/english/bmkcpr/index.html?tab=2,2026-08-31T14:36:25.724740Z
2024-06-18,CHN,China,CNY,Renminbi,7.1148,USD,LCU_per_USD,official_central_parity,PBC-authorized daily USD/CNY central parity reference rate.,reported_public_series,CFETS_CNY_PARITY,USD/CNY Central Parity Rate - Historical Data,https://www.chinamoney.com.cn/ags/ms/cm-u-bk-ccpr/CcprHisNew,https://www.chinamoney.com.cn/english/bmkcpr/index.html?tab=2,2026-08-31T14:36:25.724740Z
2024-06-19,CHN,China,CNY,Renminbi,7.1159,USD,LCU_per_USD,official_central_parity,PBC-authorized daily USD/CNY central parity reference rate.,reported_public_series,CFETS_CNY_PARITY,USD/CNY Central Parity Rate - Historical Data,https://www.chinamoney.com.cn/ags/ms/cm-u-bk-ccpr/CcprHisNew,https://www.chinamoney.com.cn/english/bmkcpr/index.html?tab=2,2026-08-31T14:36:25.724740Z
2024-06-20,CHN,China,CNY,Renminbi,7.1192,USD,LCU_per_USD,official_central_parity,PBC-authorized daily USD/CNY central parity reference rate.,reported_public_series,CFETS_CNY_PARITY,USD/CNY Central Parity Rate - Historical Data,https://www.chinamoney.com.cn/ags/ms/cm-u-bk-ccpr/CcprHisNew,https://www.chinamoney.com.cn/english/bmkcpr/index.html?tab=2,2026-08-31T14:36:25.724740Z
2024-06-21,CHN,China,CNY,Renminbi,7.1196,USD,LCU_per_USD,official_central_parity,PBC-authorized daily USD/CNY central parity reference rate.,reported_public_series,CFETS_CNY_PARITY,USD/CNY Central Parity Rate - Historical Data,https://www.chinamoney.com.cn/ags/ms/cm-u-bk-ccpr/CcprHisNew,https://www.chinamoney.com.cn/english/bmkcpr/index.html?tab=2,2026-08-31T14:36:25.724740Z
2024-06-24,CHN,China,CNY,Renminbi,7.1201,USD,LCU_per_USD,official_central_parity,PBC-authorized daily USD/CNY central parity reference rate.,reported_public_series,CFETS_CNY_PARITY,USD/CNY Central Parity Rate - Historical Data,https://www.chinamoney.com.cn/ags/ms/cm-u-bk-ccpr/CcprHisNew,https://www.chinamoney.com.cn/english/bmkcpr/index.html?tab=2,2026-08-31T14:36:25.724740Z
2024-06-25,CHN,China,CNY,Renminbi,7.1225,USD,LCU_per_USD,official_central_parity,PBC-authorized daily USD/CNY central parity reference rate.,reported_public_series,CFETS_CNY_PARITY,USD/CNY Central Parity Rate - Historical Data,https://www.chinamoney.com.cn/ags/ms/cm-u-bk-ccpr/CcprHisNew,https://www.chinamoney.com.cn/english/bmkcpr/index.html?tab=2,2026-08-31T14:36:25.724740Z
2024-06-26,CHN,China,CNY,Renminbi,7.1248,USD,LCU_per_USD,official_central_parity,PBC-authorized daily USD/CNY central parity reference rate.,reported_public_series,CFETS_CNY_PARITY,USD/CNY Central Parity Rate - Historical Data,https://www.chinamoney.com.cn/ags/ms/cm-u-bk-ccpr/CcprHisNew,https://www.chinamoney.com.cn/english/bmkcpr/index.html?tab=2,2026-08-31T14:36:25.724740Z
2024-06-27,CHN,China,CNY,Renminbi,7.127,USD,LCU_per_USD,official_central_parity,PBC-authorized daily USD/CNY central parity reference rate.,reported_public_series,CFETS_CNY_PARITY,USD/CNY Central Parity Rate - Historical Data,https://www.chinamoney.com.cn/ags/ms/cm-u-bk-ccpr/CcprHisNew,https://www.chinamoney.com.cn/english/bmkcpr/index.html?tab=2,2026-08-31T14:36:25.724740Z
2024-06-28,CHN,China,CNY,Renminbi,7.1268,USD,LCU_per_USD,official_central_parity,PBC-authorized daily USD/CNY central parity reference rate.,reported_public_series,CFETS_CNY_PARITY,USD/CNY Central Parity Rate - Historical Data,https://www.chinamoney.com.cn/ags/ms/cm-u-bk-ccpr/CcprHisNew,https://www.chinamoney.com.cn/english/bmkcpr/index.html?tab=2,2026-08-31T14:36:25.724740Z
2024-07-01,CHN,China,CNY,Renminbi,7.1265,USD,LCU_per_USD,official_central_parity,PBC-authorized daily USD/CNY central parity reference rate.,reported_public_series,CFETS_CNY_PARITY,USD/CNY Central Parity Rate - Historical Data,https://www.chinamoney.com.cn/ags/ms/cm-u-bk-ccpr/CcprHisNew,https://www.chinamoney.com.cn/english/bmkcpr/index.html?tab=2,2026-08-31T14:36:25.976427Z
2024-07-02,CHN,China,CNY,Renminbi,7.1291,USD,LCU_per_USD,official_central_parity,PBC-authorized daily USD/CNY central parity reference rate.,reported_public_series,CFETS_CNY_PARITY,USD/CNY Central Parity Rate - Historical Data,https://www.chinamoney.com.cn/ags/ms/cm-u-bk-ccpr/CcprHisNew,https://www.chinamoney.com.cn/english/bmkcpr/index.html?tab=2,2026-08-31T14:36:25.976427Z
2024-07-03,CHN,China,CNY,Renminbi,7.1312,USD,LCU_per_USD,official_central_parity,PBC-authorized daily USD/CNY central parity reference rate.,reported_public_series,CFETS_CNY_PARITY,USD/CNY Central Parity Rate - Historical Data,https://www.chinamoney.com.cn/ags/ms/cm-u-bk-ccpr/CcprHisNew,https://www.chinamoney.com.cn/english/bmkcpr/index.html?tab=2,2026-08-31T14:36:25.976427Z
2024-07-04,CHN,China,CNY,Renminbi,7.1305,USD,LCU_per_USD,official_central_parity,PBC-authorized daily USD/CNY central parity reference rate.,reported_public_series,CFETS_CNY_PARITY,USD/CNY Central Parity Rate - Historical Data,https://www.chinamoney.com.cn/ags/ms/cm-u-bk-ccpr/CcprHisNew,https://www.chinamoney.com.cn/english/bmkcpr/index.html?tab=2,2026-08-31T14:36:25.976427Z
2024-07-05,CHN,China,CNY,Renminbi,7.1289,USD,LCU_per_USD,official_central_parity,PBC-authorized daily USD/CNY central parity reference rate.,reported_public_series,CFETS_CNY_PARITY,USD/CNY Central Parity Rate - Historical Data,https://www.chinamoney.com.cn/ags/ms/cm-u-bk-ccpr/CcprHisNew,https://www.chinamoney.com.cn/english/bmkcpr/index.html?tab=2,2026-08-31T14:36:25.976427Z
2024-07-08,CHN,China,CNY,Renminbi,7.1286,USD,LCU_per_USD,official_central_parity,PBC-authorized daily USD/CNY central parity reference rate.,reported_public_series,CFETS_CNY_PARITY,USD/CNY Central Parity Rate - Historical Data,https://www.chinamoney.com.cn/ags/ms/cm-u-bk-ccpr/CcprHisNew,https://www.chinamoney.com.cn/english/bmkcpr/index.html?tab=2,2026-08-31T14:36:25.976427Z
2024-07-09,CHN,China,CNY,Renminbi,7.131,USD,LCU_per_USD,official_central_parity,PBC-authorized daily USD/CNY central parity reference rate.,reported_public_series,CFETS_CNY_PARITY,USD/CNY Central Parity Rate - Historical Data,https://www.chinamoney.com.cn/ags/ms/cm-u-bk-ccpr/CcprHisNew,https://www.chinamoney.com.cn/english/bmkcpr/index.html?tab=2,2026-08-31T14:36:25.976427Z
2024-07-10,CHN,China,CNY,Renminbi,7.1342,USD,LCU_per_USD,official_central_parity,PBC-authorized daily USD/CNY central parity reference rate.,reported_public_series,CFETS_CNY_PARITY,USD/CNY Central Parity Rate - Historical Data,https://www.chinamoney.com.cn/ags/ms/cm-u-bk-ccpr/CcprHisNew,https://www.chinamoney.com.cn/english/bmkcpr/index.html?tab=2,2026-08-31T14:36:25.976427Z
2024-07-11,CHN,China,CNY,Renminbi,7.1339,USD,LCU_per_USD,official_central_parity,PBC-authorized daily USD/CNY central parity reference rate.,reported_public_series,CFETS_CNY_PARITY,USD/CNY Central Parity Rate - Historical Data,https://www.chinamoney.com.cn/ags/ms/cm-u-bk-ccpr/CcprHisNew,https://www.chinamoney.com.cn/english/bmkcpr/index.html?tab=2,2026-08-31T14:36:25.976427Z
2024-07-12,CHN,China,CNY,Renminbi,7.1315,USD,LCU_per_USD,official_central_parity,PBC-authorized daily USD/CNY central parity reference rate.,reported_public_series,CFETS_CNY_PARITY,USD/CNY Central Parity Rate - Historical Data,https://www.chinamoney.com.cn/ags/ms/cm-u-bk-ccpr/CcprHisNew,https://www.chinamoney.com.cn/english/bmkcpr/index.html?tab=2,2026-08-31T14:36:25.976427Z
2024-07-15,CHN,China,CNY,Renminbi,7.1313,USD,LCU_per_USD,official_central_parity,PBC-authorized daily USD/CNY central parity reference rate.,reported_public_series,CFETS_CNY_PARITY,USD/CNY Central Parity Rate - Historical Data,https://www.chinamoney.com.cn/ags/ms/cm-u-bk-ccpr/CcprHisNew,https://www.chinamoney.com.cn/english/bmkcpr/index.html?tab=2,2026-08-31T14:36:25.976427Z
2024-07-16,CHN,China,CNY,Renminbi,7.1328,USD,LCU_per_USD,official_central_parity,PBC-authorized daily USD/CNY central parity reference rate.,reported_public_series,CFETS_CNY_PARITY,USD/CNY Central Parity Rate - Historical Data,https://www.chinamoney.com.cn/ags/ms/cm-u-bk-ccpr/CcprHisNew,https://www.chinamoney.com.cn/english/bmkcpr/index.html?tab=2,2026-08-31T14:36:25.976427Z
2024-07-17,CHN,China,CNY,Renminbi,7.1318,USD,LCU_per_USD,official_central_parity,PBC-authorized daily USD/CNY central parity reference rate.,reported_public_series,CFETS_CNY_PARITY,USD/CNY Central Parity Rate - Historical Data,https://www.chinamoney.com.cn/ags/ms/cm-u-bk-ccpr/CcprHisNew,https://www.chinamoney.com.cn/english/bmkcpr/index.html?tab=2,2026-08-31T14:36:25.976427Z
2024-07-18,CHN,China,CNY,Renminbi,7.1285,USD,LCU_per_USD,official_central_parity,PBC-authorized daily USD/CNY central parity reference rate.,reported_public_series,CFETS_CNY_PARITY,USD/CNY Central Parity Rate - Historical Data,https://www.chinamoney.com.cn/ags/ms/cm-u-bk-ccpr/CcprHisNew,https://www.chinamoney.com.cn/english/bmkcpr/index.html?tab=2,2026-08-31T14:36:25.976427Z
2024-07-19,CHN,China,CNY,Renminbi,7.1315,USD,LCU_per_USD,official_central_parity,PBC-authorized daily USD/CNY central parity reference rate.,reported_public_series,CFETS_CNY_PARITY,USD/CNY Central Parity Rate - Historical Data,https://www.chinamoney.com.cn/ags/ms/cm-u-bk-ccpr/CcprHisNew,https://www.chinamoney.com.cn/english/bmkcpr/index.html?tab=2,2026-08-31T14:36:25.976427Z
2024-07-22,CHN,China,CNY,Renminbi,7.1335,USD,LCU_per_USD,official_central_parity,PBC-authorized daily USD/CNY central parity reference rate.,reported_public_series,CFETS_CNY_PARITY,USD/CNY Central Parity Rate - Historical Data,https://www.chinamoney.com.cn/ags/ms/cm-u-bk-ccpr/CcprHisNew,https://www.chinamoney.com.cn/english/bmkcpr/index.html?tab=2,2026-08-31T14:36:25.976427Z
2024-07-23,CHN,China,CNY,Renminbi,7.1334,USD,LCU_per_USD,official_central_parity,PBC-authorized daily USD/CNY central parity reference rate.,reported_public_series,CFETS_CNY_PARITY,USD/CNY Central Parity Rate - Historical Data,https://www.chinamoney.com.cn/ags/ms/cm-u-bk-ccpr/CcprHisNew,https://www.chinamoney.com.cn/english/bmkcpr/index.html?tab=2,2026-08-31T14:36:25.976427Z
2024-07-24,CHN,China,CNY,Renminbi,7.1358,USD,LCU_per_USD,official_central_parity,PBC-authorized daily USD/CNY central parity reference rate.,reported_public_series,CFETS_CNY_PARITY,USD/CNY Central Parity Rate - Historical Data,https://www.chinamoney.com.cn/ags/ms/cm-u-bk-ccpr/CcprHisNew,https://www.chinamoney.com.cn/english/bmkcpr/index.html?tab=2,2026-08-31T14:36:25.976427Z
2024-07-25,CHN,China,CNY,Renminbi,7.1321,USD,LCU_per_USD,official_central_parity,PBC-authorized daily USD/CNY central parity reference rate.,reported_public_series,CFETS_CNY_PARITY,USD/CNY Central Parity Rate - Historical Data,https://www.chinamoney.com.cn/ags/ms/cm-u-bk-ccpr/CcprHisNew,https://www.chinamoney.com.cn/english/bmkcpr/index.html?tab=2,2026-08-31T14:36:25.976427Z
2024-07-26,CHN,China,CNY,Renminbi,7.127,USD,LCU_per_USD,official_central_parity,PBC-authorized daily USD/CNY central parity reference rate.,reported_public_series,CFETS_CNY_PARITY,USD/CNY Central Parity Rate - Historical Data,https://www.chinamoney.com.cn/ags/ms/cm-u-bk-ccpr/CcprHisNew,https://www.chinamoney.com.cn/english/bmkcpr/index.html?tab=2,2026-08-31T14:36:25.976427Z
2024-07-29,CHN,China,CNY,Renminbi,7.1316,USD,LCU_per_USD,official_central_parity,PBC-authorized daily USD/CNY central parity reference rate.,reported_public_series,CFETS_CNY_PARITY,USD/CNY Central Parity Rate - Historical Data,https://www.chinamoney.com.cn/ags/ms/cm-u-bk-ccpr/CcprHisNew,https://www.chinamoney.com.cn/english/bmkcpr/index.html?tab=2,2026-08-31T14:36:25.976427Z
2024-07-30,CHN,China,CNY,Renminbi,7.1364,USD,LCU_per_USD,official_central_parity,PBC-authorized daily USD/CNY central parity reference rate.,reported_public_series,CFETS_CNY_PARITY,USD/CNY Central Parity Rate - Historical Data,https://www.chinamoney.com.cn/ags/ms/cm-u-bk-ccpr/CcprHisNew,https://www.chinamoney.com.cn/english/bmkcpr/index.html?tab=2,2026-08-31T14:36:25.976427Z
2024-07-31,CHN,China,CNY,Renminbi,7.1346,USD,LCU_per_USD,official_central_parity,PBC-authorized daily USD/CNY central parity reference rate.,reported_public_series,CFETS_CNY_PARITY,USD/CNY Central Parity Rate - Historical Data,https://www.chinamoney.com.cn/ags/ms/cm-u-bk-ccpr/CcprHisNew,https://www.chinamoney.com.cn/english/bmkcpr/index.html?tab=2,2026-08-31T14:36:25.976427Z
2024-08-01,CHN,China,CNY,Renminbi,7.1323,USD,LCU_per_USD,official_central_parity,PBC-authorized daily USD/CNY central parity reference rate.,reported_public_series,CFETS_CNY_PARITY,USD/CNY Central Parity Rate - Historical Data,https://www.chinamoney.com.cn/ags/ms/cm-u-bk-ccpr/CcprHisNew,https://www.chinamoney.com.cn/english/bmkcpr/index.html?tab=2,2026-08-31T14:36:26.219919Z
2024-08-02,CHN,China,CNY,Renminbi,7.1376,USD,LCU_per_USD,official_central_parity,PBC-authorized daily USD/CNY central parity reference rate.,reported_public_series,CFETS_CNY_PARITY,USD/CNY Central Parity Rate - Historical Data,https://www.chinamoney.com.cn/ags/ms/cm-u-bk-ccpr/CcprHisNew,https://www.chinamoney.com.cn/english/bmkcpr/index.html?tab=2,2026-08-31T14:36:26.219919Z
2024-08-05,CHN,China,CNY,Renminbi,7.1345,USD,LCU_per_USD,official_central_parity,PBC-authorized daily USD/CNY central parity reference rate.,reported_public_series,CFETS_CNY_PARITY,USD/CNY Central Parity Rate - Historical Data,https://www.chinamoney.com.cn/ags/ms/cm-u-bk-ccpr/CcprHisNew,https://www.chinamoney.com.cn/english/bmkcpr/index.html?tab=2,2026-08-31T14:36:26.219919Z
2024-08-06,CHN,China,CNY,Renminbi,7.1318,USD,LCU_per_USD,official_central_parity,PBC-authorized daily USD/CNY central parity reference rate.,reported_public_series,CFETS_CNY_PARITY,USD/CNY Central Parity Rate - Historical Data,https://www.chinamoney.com.cn/ags/ms/cm-u-bk-ccpr/CcprHisNew,https://www.chinamoney.com.cn/english/bmkcpr/index.html?tab=2,2026-08-31T14:36:26.219919Z
2024-08-07,CHN,China,CNY,Renminbi,7.1386,USD,LCU_per_USD,official_central_parity,PBC-authorized daily USD/CNY central parity reference rate.,reported_public_series,CFETS_CNY_PARITY,USD/CNY Central Parity Rate - Historical Data,https://www.chinamoney.com.cn/ags/ms/cm-u-bk-ccpr/CcprHisNew,https://www.chinamoney.com.cn/english/bmkcpr/index.html?tab=2,2026-08-31T14:36:26.219919Z
2024-08-08,CHN,China,CNY,Renminbi,7.146,USD,LCU_per_USD,official_central_parity,PBC-authorized daily USD/CNY central parity reference rate.,reported_public_series,CFETS_CNY_PARITY,USD/CNY Central Parity Rate - Historical Data,https://www.chinamoney.com.cn/ags/ms/cm-u-bk-ccpr/CcprHisNew,https://www.chinamoney.com.cn/english/bmkcpr/index.html?tab=2,2026-08-31T14:36:26.219919Z
2024-08-09,CHN,China,CNY,Renminbi,7.1449,USD,LCU_per_USD,official_central_parity,PBC-authorized daily USD/CNY central parity reference rate.,reported_public_series,CFETS_CNY_PARITY,USD/CNY Central Parity Rate - Historical Data,https://www.chinamoney.com.cn/ags/ms/cm-u-bk-ccpr/CcprHisNew,https://www.chinamoney.com.cn/english/bmkcpr/index.html?tab=2,2026-08-31T14:36:26.219919Z
2024-08-12,CHN,China,CNY,Renminbi,7.1458,USD,LCU_per_USD,official_central_parity,PBC-authorized daily USD/CNY central parity reference rate.,reported_public_series,CFETS_CNY_PARITY,USD/CNY Central Parity Rate - Historical Data,https://www.chinamoney.com.cn/ags/ms/cm-u-bk-ccpr/CcprHisNew,https://www.chinamoney.com.cn/english/bmkcpr/index.html?tab=2,2026-08-31T14:36:26.219919Z
2024-08-13,CHN,China,CNY,Renminbi,7.1479,USD,LCU_per_USD,official_central_parity,PBC-authorized daily USD/CNY central parity reference rate.,reported_public_series,CFETS_CNY_PARITY,USD/CNY Central Parity Rate - Historical Data,https://www.chinamoney.com.cn/ags/ms/cm-u-bk-ccpr/CcprHisNew,https://www.chinamoney.com.cn/english/bmkcpr/index.html?tab=2,2026-08-31T14:36:26.219919Z
2024-08-14,CHN,China,CNY,Renminbi,7.1415,USD,LCU_per_USD,official_central_parity,PBC-authorized daily USD/CNY central parity reference rate.,reported_public_series,CFETS_CNY_PARITY,USD/CNY Central Parity Rate - Historical Data,https://www.chinamoney.com.cn/ags/ms/cm-u-bk-ccpr/CcprHisNew,https://www.chinamoney.com.cn/english/bmkcpr/index.html?tab=2,2026-08-31T14:36:26.219919Z
2024-08-15,CHN,China,CNY,Renminbi,7.1399,USD,LCU_per_USD,official_central_parity,PBC-authorized daily USD/CNY central parity reference rate.,reported_public_series,CFETS_CNY_PARITY,USD/CNY Central Parity Rate - Historical Data,https://www.chinamoney.com.cn/ags/ms/cm-u-bk-ccpr/CcprHisNew,https://www.chinamoney.com.cn/english/bmkcpr/index.html?tab=2,2026-08-31T14:36:26.219919Z
2024-08-16,CHN,China,CNY,Renminbi,7.1464,USD,LCU_per_USD,official_central_parity,PBC-authorized daily USD/CNY central parity reference rate.,reported_public_series,CFETS_CNY_PARITY,USD/CNY Central Parity Rate - Historical Data,https://www.chinamoney.com.cn/ags/ms/cm-u-bk-ccpr/CcprHisNew,https://www.chinamoney.com.cn/english/bmkcpr/index.html?tab=2,2026-08-31T14:36:26.219919Z
2024-08-19,CHN,China,CNY,Renminbi,7.1415,USD,LCU_per_USD,official_central_parity,PBC-authorized daily USD/CNY central parity reference rate.,reported_public_series,CFETS_CNY_PARITY,USD/CNY Central Parity Rate - Historical Data,https://www.chinamoney.com.cn/ags/ms/cm-u-bk-ccpr/CcprHisNew,https://www.chinamoney.com.cn/english/bmkcpr/index.html?tab=2,2026-08-31T14:36:26.219919Z
2024-08-20,CHN,China,CNY,Renminbi,7.1325,USD,LCU_per_USD,official_central_parity,PBC-authorized daily USD/CNY central parity reference rate.,reported_public_series,CFETS_CNY_PARITY,USD/CNY Central Parity Rate - Historical Data,https://www.chinamoney.com.cn/ags/ms/cm-u-bk-ccpr/CcprHisNew,https://www.chinamoney.com.cn/english/bmkcpr/index.html?tab=2,2026-08-31T14:36:26.219919Z
2024-08-21,CHN,China,CNY,Renminbi,7.1307,USD,LCU_per_USD,official_central_parity,PBC-authorized daily USD/CNY central parity reference rate.,reported_public_series,CFETS_CNY_PARITY,USD/CNY Central Parity Rate - Historical Data,https://www.chinamoney.com.cn/ags/ms/cm-u-bk-ccpr/CcprHisNew,https://www.chinamoney.com.cn/english/bmkcpr/index.html?tab=2,2026-08-31T14:36:26.219919Z
2024-08-22,CHN,China,CNY,Renminbi,7.1228,USD,LCU_per_USD,official_central_parity,PBC-authorized daily USD/CNY central parity reference rate.,reported_public_series,CFETS_CNY_PARITY,USD/CNY Central Parity Rate - Historical Data,https://www.chinamoney.com.cn/ags/ms/cm-u-bk-ccpr/CcprHisNew,https://www.chinamoney.com.cn/english/bmkcpr/index.html?tab=2,2026-08-31T14:36:26.219919Z
2024-08-23,CHN,China,CNY,Renminbi,7.1358,USD,LCU_per_USD,official_central_parity,PBC-authorized daily USD/CNY central parity reference rate.,reported_public_series,CFETS_CNY_PARITY,USD/CNY Central Parity Rate - Historical Data,https://www.chinamoney.com.cn/ags/ms/cm-u-bk-ccpr/CcprHisNew,https://www.chinamoney.com.cn/english/bmkcpr/index.html?tab=2,2026-08-31T14:36:26.219919Z
2024-08-26,CHN,China,CNY,Renminbi,7.1139,USD,LCU_per_USD,official_central_parity,PBC-authorized daily USD/CNY central parity reference rate.,reported_public_series,CFETS_CNY_PARITY,USD/CNY Central Parity Rate - Historical Data,https://www.chinamoney.com.cn/ags/ms/cm-u-bk-ccpr/CcprHisNew,https://www.chinamoney.com.cn/english/bmkcpr/index.html?tab=2,2026-08-31T14:36:26.219919Z
2024-08-27,CHN,China,CNY,Renminbi,7.1249,USD,LCU_per_USD,official_central_parity,PBC-authorized daily USD/CNY central parity reference rate.,reported_public_series,CFETS_CNY_PARITY,USD/CNY Central Parity Rate - Historical Data,https://www.chinamoney.com.cn/ags/ms/cm-u-bk-ccpr/CcprHisNew,https://www.chinamoney.com.cn/english/bmkcpr/index.html?tab=2,2026-08-31T14:36:26.219919Z
2024-08-28,CHN,China,CNY,Renminbi,7.1216,USD,LCU_per_USD,official_central_parity,PBC-authorized daily USD/CNY central parity reference rate.,reported_public_series,CFETS_CNY_PARITY,USD/CNY Central Parity Rate - Historical Data,https://www.chinamoney.com.cn/ags/ms/cm-u-bk-ccpr/CcprHisNew,https://www.chinamoney.com.cn/english/bmkcpr/index.html?tab=2,2026-08-31T14:36:26.219919Z
2024-08-29,CHN,China,CNY,Renminbi,7.1299,USD,LCU_per_USD,official_central_parity,PBC-authorized daily USD/CNY central parity reference rate.,reported_public_series,CFETS_CNY_PARITY,USD/CNY Central Parity Rate - Historical Data,https://www.chinamoney.com.cn/ags/ms/cm-u-bk-ccpr/CcprHisNew,https://www.chinamoney.com.cn/english/bmkcpr/index.html?tab=2,2026-08-31T14:36:26.219919Z
2024-08-30,CHN,China,CNY,Renminbi,7.1124,USD,LCU_per_USD,official_central_parity,PBC-authorized daily USD/CNY central parity reference rate.,reported_public_series,CFETS_CNY_PARITY,USD/CNY Central Parity Rate - Historical Data,https://www.chinamoney.com.cn/ags/ms/cm-u-bk-ccpr/CcprHisNew,https://www.chinamoney.com.cn/english/bmkcpr/index.html?tab=2,2026-08-31T14:36:26.219919Z
2024-09-02,CHN,China,CNY,Renminbi,7.1027,USD,LCU_per_USD,official_central_parity,PBC-authorized daily USD/CNY central parity reference rate.,reported_public_series,CFETS_CNY_PARITY,USD/CNY Central Parity Rate - Historical Data,https://www.chinamoney.com.cn/ags/ms/cm-u-bk-ccpr/CcprHisNew,https://www.chinamoney.com.cn/english/bmkcpr/index.html?tab=2,2026-08-31T14:36:26.460435Z
2024-09-03,CHN,China,CNY,Renminbi,7.1112,USD,LCU_per_USD,official_central_parity,PBC-authorized daily USD/CNY central parity reference rate.,reported_public_series,CFETS_CNY_PARITY,USD/CNY Central Parity Rate - Historical Data,https://www.chinamoney.com.cn/ags/ms/cm-u-bk-ccpr/CcprHisNew,https://www.chinamoney.com.cn/english/bmkcpr/index.html?tab=2,2026-08-31T14:36:26.460435Z
2024-09-04,CHN,China,CNY,Renminbi,7.1148,USD,LCU_per_USD,official_central_parity,PBC-authorized daily USD/CNY central parity reference rate.,reported_public_series,CFETS_CNY_PARITY,USD/CNY Central Parity Rate - Historical Data,https://www.chinamoney.com.cn/ags/ms/cm-u-bk-ccpr/CcprHisNew,https://www.chinamoney.com.cn/english/bmkcpr/index.html?tab=2,2026-08-31T14:36:26.460435Z
2024-09-05,CHN,China,CNY,Renminbi,7.0989,USD,LCU_per_USD,official_central_parity,PBC-authorized daily USD/CNY central parity reference rate.,reported_public_series,CFETS_CNY_PARITY,USD/CNY Central Parity Rate - Historical Data,https://www.chinamoney.com.cn/ags/ms/cm-u-bk-ccpr/CcprHisNew,https://www.chinamoney.com.cn/english/bmkcpr/index.html?tab=2,2026-08-31T14:36:26.460435Z
2024-09-06,CHN,China,CNY,Renminbi,7.0925,USD,LCU_per_USD,official_central_parity,PBC-authorized daily USD/CNY central parity reference rate.,reported_public_series,CFETS_CNY_PARITY,USD/CNY Central Parity Rate - Historical Data,https://www.chinamoney.com.cn/ags/ms/cm-u-bk-ccpr/CcprHisNew,https://www.chinamoney.com.cn/english/bmkcpr/index.html?tab=2,2026-08-31T14:36:26.460435Z
2024-09-09,CHN,China,CNY,Renminbi,7.0989,USD,LCU_per_USD,official_central_parity,PBC-authorized daily USD/CNY central parity reference rate.,reported_public_series,CFETS_CNY_PARITY,USD/CNY Central Parity Rate - Historical Data,https://www.chinamoney.com.cn/ags/ms/cm-u-bk-ccpr/CcprHisNew,https://www.chinamoney.com.cn/english/bmkcpr/index.html?tab=2,2026-08-31T14:36:26.460435Z
2024-09-10,CHN,China,CNY,Renminbi,7.1136,USD,LCU_per_USD,official_central_parity,PBC-authorized daily USD/CNY central parity reference rate.,reported_public_series,CFETS_CNY_PARITY,USD/CNY Central Parity Rate - Historical Data,https://www.chinamoney.com.cn/ags/ms/cm-u-bk-ccpr/CcprHisNew,https://www.chinamoney.com.cn/english/bmkcpr/index.html?tab=2,2026-08-31T14:36:26.460435Z
2024-09-11,CHN,China,CNY,Renminbi,7.1182,USD,LCU_per_USD,official_central_parity,PBC-authorized daily USD/CNY central parity reference rate.,reported_public_series,CFETS_CNY_PARITY,USD/CNY Central Parity Rate - Historical Data,https://www.chinamoney.com.cn/ags/ms/cm-u-bk-ccpr/CcprHisNew,https://www.chinamoney.com.cn/english/bmkcpr/index.html?tab=2,2026-08-31T14:36:26.460435Z
2024-09-12,CHN,China,CNY,Renminbi,7.1214,USD,LCU_per_USD,official_central_parity,PBC-authorized daily USD/CNY central parity reference rate.,reported_public_series,CFETS_CNY_PARITY,USD/CNY Central Parity Rate - Historical Data,https://www.chinamoney.com.cn/ags/ms/cm-u-bk-ccpr/CcprHisNew,https://www.chinamoney.com.cn/english/bmkcpr/index.html?tab=2,2026-08-31T14:36:26.460435Z
2024-09-13,CHN,China,CNY,Renminbi,7.103,USD,LCU_per_USD,official_central_parity,PBC-authorized daily USD/CNY central parity reference rate.,reported_public_series,CFETS_CNY_PARITY,USD/CNY Central Parity Rate - Historical Data,https://www.chinamoney.com.cn/ags/ms/cm-u-bk-ccpr/CcprHisNew,https://www.chinamoney.com.cn/english/bmkcpr/index.html?tab=2,2026-08-31T14:36:26.460435Z
2024-09-18,CHN,China,CNY,Renminbi,7.087,USD,LCU_per_USD,official_central_parity,PBC-authorized daily USD/CNY central parity reference rate.,reported_public_series,CFETS_CNY_PARITY,USD/CNY Central Parity Rate - Historical Data,https://www.chinamoney.com.cn/ags/ms/cm-u-bk-ccpr/CcprHisNew,https://www.chinamoney.com.cn/english/bmkcpr/index.html?tab=2,2026-08-31T14:36:26.460435Z
2024-09-19,CHN,China,CNY,Renminbi,7.0983,USD,LCU_per_USD,official_central_parity,PBC-authorized daily USD/CNY central parity reference rate.,reported_public_series,CFETS_CNY_PARITY,USD/CNY Central Parity Rate - Historical Data,https://www.chinamoney.com.cn/ags/ms/cm-u-bk-ccpr/CcprHisNew,https://www.chinamoney.com.cn/english/bmkcpr/index.html?tab=2,2026-08-31T14:36:26.460435Z
2024-09-20,CHN,China,CNY,Renminbi,7.0644,USD,LCU_per_USD,official_central_parity,PBC-authorized daily USD/CNY central parity reference rate.,reported_public_series,CFETS_CNY_PARITY,USD/CNY Central Parity Rate - Historical Data,https://www.chinamoney.com.cn/ags/ms/cm-u-bk-ccpr/CcprHisNew,https://www.chinamoney.com.cn/english/bmkcpr/index.html?tab=2,2026-08-31T14:36:26.460435Z
2024-09-23,CHN,China,CNY,Renminbi,7.0531,USD,LCU_per_USD,official_central_parity,PBC-authorized daily USD/CNY central parity reference rate.,reported_public_series,CFETS_CNY_PARITY,USD/CNY Central Parity Rate - Historical Data,https://www.chinamoney.com.cn/ags/ms/cm-u-bk-ccpr/CcprHisNew,https://www.chinamoney.com.cn/english/bmkcpr/index.html?tab=2,2026-08-31T14:36:26.460435Z
2024-09-24,CHN,China,CNY,Renminbi,7.051,USD,LCU_per_USD,official_central_parity,PBC-authorized daily USD/CNY central parity reference rate.,reported_public_series,CFETS_CNY_PARITY,USD/CNY Central Parity Rate - Historical Data,https://www.chinamoney.com.cn/ags/ms/cm-u-bk-ccpr/CcprHisNew,https://www.chinamoney.com.cn/english/bmkcpr/index.html?tab=2,2026-08-31T14:36:26.460435Z
2024-09-25,CHN,China,CNY,Renminbi,7.0202,USD,LCU_per_USD,official_central_parity,PBC-authorized daily USD/CNY central parity reference rate.,reported_public_series,CFETS_CNY_PARITY,USD/CNY Central Parity Rate - Historical Data,https://www.chinamoney.com.cn/ags/ms/cm-u-bk-ccpr/CcprHisNew,https://www.chinamoney.com.cn/english/bmkcpr/index.html?tab=2,2026-08-31T14:36:26.460435Z
2024-09-26,CHN,China,CNY,Renminbi,7.0354,USD,LCU_per_USD,official_central_parity,PBC-authorized daily USD/CNY central parity reference rate.,reported_public_series,CFETS_CNY_PARITY,USD/CNY Central Parity Rate - Historical Data,https://www.chinamoney.com.cn/ags/ms/cm-u-bk-ccpr/CcprHisNew,https://www.chinamoney.com.cn/english/bmkcpr/index.html?tab=2,2026-08-31T14:36:26.460435Z
2024-09-27,CHN,China,CNY,Renminbi,7.0101,USD,LCU_per_USD,official_central_parity,PBC-authorized daily USD/CNY central parity reference rate.,reported_public_series,CFETS_CNY_PARITY,USD/CNY Central Parity Rate - Historical Data,https://www.chinamoney.com.cn/ags/ms/cm-u-bk-ccpr/CcprHisNew,https://www.chinamoney.com.cn/english/bmkcpr/index.html?tab=2,2026-08-31T14:36:26.460435Z
2024-09-30,CHN,China,CNY,Renminbi,7.0074,USD,LCU_per_USD,official_central_parity,PBC-authorized daily USD/CNY central parity reference rate.,reported_public_series,CFETS_CNY_PARITY,USD/CNY Central Parity Rate - Historical Data,https://www.chinamoney.com.cn/ags/ms/cm-u-bk-ccpr/CcprHisNew,https://www.chinamoney.com.cn/english/bmkcpr/index.html?tab=2,2026-08-31T14:36:26.460435Z
2024-10-08,CHN,China,CNY,Renminbi,7.0709,USD,LCU_per_USD,official_central_parity,PBC-authorized daily USD/CNY central parity reference rate.,reported_public_series,CFETS_CNY_PARITY,USD/CNY Central Parity Rate - Historical Data,https://www.chinamoney.com.cn/ags/ms/cm-u-bk-ccpr/CcprHisNew,https://www.chinamoney.com.cn/english/bmkcpr/index.html?tab=2,2026-08-31T14:36:26.681989Z
2024-10-09,CHN,China,CNY,Renminbi,7.0568,USD,LCU_per_USD,official_central_parity,PBC-authorized daily USD/CNY central parity reference rate.,reported_public_series,CFETS_CNY_PARITY,USD/CNY Central Parity Rate - Historical Data,https://www.chinamoney.com.cn/ags/ms/cm-u-bk-ccpr/CcprHisNew,https://www.chinamoney.com.cn/english/bmkcpr/index.html?tab=2,2026-08-31T14:36:26.681989Z
2024-10-10,CHN,China,CNY,Renminbi,7.0742,USD,LCU_per_USD,official_central_parity,PBC-authorized daily USD/CNY central parity reference rate.,reported_public_series,CFETS_CNY_PARITY,USD/CNY Central Parity Rate - Historical Data,https://www.chinamoney.com.cn/ags/ms/cm-u-bk-ccpr/CcprHisNew,https://www.chinamoney.com.cn/english/bmkcpr/index.html?tab=2,2026-08-31T14:36:26.681989Z
2024-10-11,CHN,China,CNY,Renminbi,7.0731,USD,LCU_per_USD,official_central_parity,PBC-authorized daily USD/CNY central parity reference rate.,reported_public_series,CFETS_CNY_PARITY,USD/CNY Central Parity Rate - Historical Data,https://www.chinamoney.com.cn/ags/ms/cm-u-bk-ccpr/CcprHisNew,https://www.chinamoney.com.cn/english/bmkcpr/index.html?tab=2,2026-08-31T14:36:26.681989Z
2024-10-14,CHN,China,CNY,Renminbi,7.0723,USD,LCU_per_USD,official_central_parity,PBC-authorized daily USD/CNY central parity reference rate.,reported_public_series,CFETS_CNY_PARITY,USD/CNY Central Parity Rate - Historical Data,https://www.chinamoney.com.cn/ags/ms/cm-u-bk-ccpr/CcprHisNew,https://www.chinamoney.com.cn/english/bmkcpr/index.html?tab=2,2026-08-31T14:36:26.681989Z
2024-10-15,CHN,China,CNY,Renminbi,7.083,USD,LCU_per_USD,official_central_parity,PBC-authorized daily USD/CNY central parity reference rate.,reported_public_series,CFETS_CNY_PARITY,USD/CNY Central Parity Rate - Historical Data,https://www.chinamoney.com.cn/ags/ms/cm-u-bk-ccpr/CcprHisNew,https://www.chinamoney.com.cn/english/bmkcpr/index.html?tab=2,2026-08-31T14:36:26.681989Z
2024-10-16,CHN,China,CNY,Renminbi,7.1191,USD,LCU_per_USD,official_central_parity,PBC-authorized daily USD/CNY central parity reference rate.,reported_public_series,CFETS_CNY_PARITY,USD/CNY Central Parity Rate - Historical Data,https://www.chinamoney.com.cn/ags/ms/cm-u-bk-ccpr/CcprHisNew,https://www.chinamoney.com.cn/english/bmkcpr/index.html?tab=2,2026-08-31T14:36:26.681989Z
2024-10-17,CHN,China,CNY,Renminbi,7.122,USD,LCU_per_USD,official_central_parity,PBC-authorized daily USD/CNY central parity reference rate.,reported_public_series,CFETS_CNY_PARITY,USD/CNY Central Parity Rate - Historical Data,https://www.chinamoney.com.cn/ags/ms/cm-u-bk-ccpr/CcprHisNew,https://www.chinamoney.com.cn/english/bmkcpr/index.html?tab=2,2026-08-31T14:36:26.681989Z
2024-10-18,CHN,China,CNY,Renminbi,7.1274,USD,LCU_per_USD,official_central_parity,PBC-authorized daily USD/CNY central parity reference rate.,reported_public_series,CFETS_CNY_PARITY,USD/CNY Central Parity Rate - Historical Data,https://www.chinamoney.com.cn/ags/ms/cm-u-bk-ccpr/CcprHisNew,https://www.chinamoney.com.cn/english/bmkcpr/index.html?tab=2,2026-08-31T14:36:26.681989Z
2024-10-21,CHN,China,CNY,Renminbi,7.0982,USD,LCU_per_USD,official_central_parity,PBC-authorized daily USD/CNY central parity reference rate.,reported_public_series,CFETS_CNY_PARITY,USD/CNY Central Parity Rate - Historical Data,https://www.chinamoney.com.cn/ags/ms/cm-u-bk-ccpr/CcprHisNew,https://www.chinamoney.com.cn/english/bmkcpr/index.html?tab=2,2026-08-31T14:36:26.681989Z
2024-10-22,CHN,China,CNY,Renminbi,7.1223,USD,LCU_per_USD,official_central_parity,PBC-authorized daily USD/CNY central parity reference rate.,reported_public_series,CFETS_CNY_PARITY,USD/CNY Central Parity Rate - Historical Data,https://www.chinamoney.com.cn/ags/ms/cm-u-bk-ccpr/CcprHisNew,https://www.chinamoney.com.cn/english/bmkcpr/index.html?tab=2,2026-08-31T14:36:26.681989Z
2024-10-23,CHN,China,CNY,Renminbi,7.1245,USD,LCU_per_USD,official_central_parity,PBC-authorized daily USD/CNY central parity reference rate.,reported_public_series,CFETS_CNY_PARITY,USD/CNY Central Parity Rate - Historical Data,https://www.chinamoney.com.cn/ags/ms/cm-u-bk-ccpr/CcprHisNew,https://www.chinamoney.com.cn/english/bmkcpr/index.html?tab=2,2026-08-31T14:36:26.681989Z
2024-10-24,CHN,China,CNY,Renminbi,7.1286,USD,LCU_per_USD,official_central_parity,PBC-authorized daily USD/CNY central parity reference rate.,reported_public_series,CFETS_CNY_PARITY,USD/CNY Central Parity Rate - Historical Data,https://www.chinamoney.com.cn/ags/ms/cm-u-bk-ccpr/CcprHisNew,https://www.chinamoney.com.cn/english/bmkcpr/index.html?tab=2,2026-08-31T14:36:26.681989Z
2024-10-25,CHN,China,CNY,Renminbi,7.109,USD,LCU_per_USD,official_central_parity,PBC-authorized daily USD/CNY central parity reference rate.,reported_public_series,CFETS_CNY_PARITY,USD/CNY Central Parity Rate - Historical Data,https://www.chinamoney.com.cn/ags/ms/cm-u-bk-ccpr/CcprHisNew,https://www.chinamoney.com.cn/english/bmkcpr/index.html?tab=2,2026-08-31T14:36:26.681989Z
2024-10-28,CHN,China,CNY,Renminbi,7.1307,USD,LCU_per_USD,official_central_parity,PBC-authorized daily USD/CNY central parity reference rate.,reported_public_series,CFETS_CNY_PARITY,USD/CNY Central Parity Rate - Historical Data,https://www.chinamoney.com.cn/ags/ms/cm-u-bk-ccpr/CcprHisNew,https://www.chinamoney.com.cn/english/bmkcpr/index.html?tab=2,2026-08-31T14:36:26.681989Z
2024-10-29,CHN,China,CNY,Renminbi,7.1283,USD,LCU_per_USD,official_central_parity,PBC-authorized daily USD/CNY central parity reference rate.,reported_public_series,CFETS_CNY_PARITY,USD/CNY Central Parity Rate - Historical Data,https://www.chinamoney.com.cn/ags/ms/cm-u-bk-ccpr/CcprHisNew,https://www.chinamoney.com.cn/english/bmkcpr/index.html?tab=2,2026-08-31T14:36:26.681989Z
2024-10-30,CHN,China,CNY,Renminbi,7.139,USD,LCU_per_USD,official_central_parity,PBC-authorized daily USD/CNY central parity reference rate.,reported_public_series,CFETS_CNY_PARITY,USD/CNY Central Parity Rate - Historical Data,https://www.chinamoney.com.cn/ags/ms/cm-u-bk-ccpr/CcprHisNew,https://www.chinamoney.com.cn/english/bmkcpr/index.html?tab=2,2026-08-31T14:36:26.681989Z
2024-10-31,CHN,China,CNY,Renminbi,7.125,USD,LCU_per_USD,official_central_parity,PBC-authorized daily USD/CNY central parity reference rate.,reported_public_series,CFETS_CNY_PARITY,USD/CNY Central Parity Rate - Historical Data,https://www.chinamoney.com.cn/ags/ms/cm-u-bk-ccpr/CcprHisNew,https://www.chinamoney.com.cn/english/bmkcpr/index.html?tab=2,2026-08-31T14:36:26.681989Z
2024-11-01,CHN,China,CNY,Renminbi,7.1135,USD,LCU_per_USD,official_central_parity,PBC-authorized daily USD/CNY central parity reference rate.,reported_public_series,CFETS_CNY_PARITY,USD/CNY Central Parity Rate - Historical Data,https://www.chinamoney.com.cn/ags/ms/cm-u-bk-ccpr/CcprHisNew,https://www.chinamoney.com.cn/english/bmkcpr/index.html?tab=2,2026-08-31T14:36:26.925699Z
2024-11-04,CHN,China,CNY,Renminbi,7.1203,USD,LCU_per_USD,official_central_parity,PBC-authorized daily USD/CNY central parity reference rate.,reported_public_series,CFETS_CNY_PARITY,USD/CNY Central Parity Rate - Historical Data,https://www.chinamoney.com.cn/ags/ms/cm-u-bk-ccpr/CcprHisNew,https://www.chinamoney.com.cn/english/bmkcpr/index.html?tab=2,2026-08-31T14:36:26.925699Z
2024-11-05,CHN,China,CNY,Renminbi,7.1016,USD,LCU_per_USD,official_central_parity,PBC-authorized daily USD/CNY central parity reference rate.,reported_public_series,CFETS_CNY_PARITY,USD/CNY Central Parity Rate - Historical Data,https://www.chinamoney.com.cn/ags/ms/cm-u-bk-ccpr/CcprHisNew,https://www.chinamoney.com.cn/english/bmkcpr/index.html?tab=2,2026-08-31T14:36:26.925699Z
2024-11-06,CHN,China,CNY,Renminbi,7.0993,USD,LCU_per_USD,official_central_parity,PBC-authorized daily USD/CNY central parity reference rate.,reported_public_series,CFETS_CNY_PARITY,USD/CNY Central Parity Rate - Historical Data,https://www.chinamoney.com.cn/ags/ms/cm-u-bk-ccpr/CcprHisNew,https://www.chinamoney.com.cn/english/bmkcpr/index.html?tab=2,2026-08-31T14:36:26.925699Z
2024-11-07,CHN,China,CNY,Renminbi,7.1659,USD,LCU_per_USD,official_central_parity,PBC-authorized daily USD/CNY central parity reference rate.,reported_public_series,CFETS_CNY_PARITY,USD/CNY Central Parity Rate - Historical Data,https://www.chinamoney.com.cn/ags/ms/cm-u-bk-ccpr/CcprHisNew,https://www.chinamoney.com.cn/english/bmkcpr/index.html?tab=2,2026-08-31T14:36:26.925699Z
2024-11-08,CHN,China,CNY,Renminbi,7.1433,USD,LCU_per_USD,official_central_parity,PBC-authorized daily USD/CNY central parity reference rate.,reported_public_series,CFETS_CNY_PARITY,USD/CNY Central Parity Rate - Historical Data,https://www.chinamoney.com.cn/ags/ms/cm-u-bk-ccpr/CcprHisNew,https://www.chinamoney.com.cn/english/bmkcpr/index.html?tab=2,2026-08-31T14:36:26.925699Z
2024-11-11,CHN,China,CNY,Renminbi,7.1786,USD,LCU_per_USD,official_central_parity,PBC-authorized daily USD/CNY central parity reference rate.,reported_public_series,CFETS_CNY_PARITY,USD/CNY Central Parity Rate - Historical Data,https://www.chinamoney.com.cn/ags/ms/cm-u-bk-ccpr/CcprHisNew,https://www.chinamoney.com.cn/english/bmkcpr/index.html?tab=2,2026-08-31T14:36:26.925699Z
2024-11-12,CHN,China,CNY,Renminbi,7.1927,USD,LCU_per_USD,official_central_parity,PBC-authorized daily USD/CNY central parity reference rate.,reported_public_series,CFETS_CNY_PARITY,USD/CNY Central Parity Rate - Historical Data,https://www.chinamoney.com.cn/ags/ms/cm-u-bk-ccpr/CcprHisNew,https://www.chinamoney.com.cn/english/bmkcpr/index.html?tab=2,2026-08-31T14:36:26.925699Z
2024-11-13,CHN,China,CNY,Renminbi,7.1991,USD,LCU_per_USD,official_central_parity,PBC-authorized daily USD/CNY central parity reference rate.,reported_public_series,CFETS_CNY_PARITY,USD/CNY Central Parity Rate - Historical Data,https://www.chinamoney.com.cn/ags/ms/cm-u-bk-ccpr/CcprHisNew,https://www.chinamoney.com.cn/english/bmkcpr/index.html?tab=2,2026-08-31T14:36:26.925699Z
2024-11-14,CHN,China,CNY,Renminbi,7.1966,USD,LCU_per_USD,official_central_parity,PBC-authorized daily USD/CNY central parity reference rate.,reported_public_series,CFETS_CNY_PARITY,USD/CNY Central Parity Rate - Historical Data,https://www.chinamoney.com.cn/ags/ms/cm-u-bk-ccpr/CcprHisNew,https://www.chinamoney.com.cn/english/bmkcpr/index.html?tab=2,2026-08-31T14:36:26.925699Z
2024-11-15,CHN,China,CNY,Renminbi,7.1992,USD,LCU_per_USD,official_central_parity,PBC-authorized daily USD/CNY central parity reference rate.,reported_public_series,CFETS_CNY_PARITY,USD/CNY Central Parity Rate - Historical Data,https://www.chinamoney.com.cn/ags/ms/cm-u-bk-ccpr/CcprHisNew,https://www.chinamoney.com.cn/english/bmkcpr/index.html?tab=2,2026-08-31T14:36:26.925699Z
2024-11-18,CHN,China,CNY,Renminbi,7.1907,USD,LCU_per_USD,official_central_parity,PBC-authorized daily USD/CNY central parity reference rate.,reported_public_series,CFETS_CNY_PARITY,USD/CNY Central Parity Rate - Historical Data,https://www.chinamoney.com.cn/ags/ms/cm-u-bk-ccpr/CcprHisNew,https://www.chinamoney.com.cn/english/bmkcpr/index.html?tab=2,2026-08-31T14:36:26.925699Z
2024-11-19,CHN,China,CNY,Renminbi,7.1911,USD,LCU_per_USD,official_central_parity,PBC-authorized daily USD/CNY central parity reference rate.,reported_public_series,CFETS_CNY_PARITY,USD/CNY Central Parity Rate - Historical Data,https://www.chinamoney.com.cn/ags/ms/cm-u-bk-ccpr/CcprHisNew,https://www.chinamoney.com.cn/english/bmkcpr/index.html?tab=2,2026-08-31T14:36:26.925699Z
2024-11-20,CHN,China,CNY,Renminbi,7.1935,USD,LCU_per_USD,official_central_parity,PBC-authorized daily USD/CNY central parity reference rate.,reported_public_series,CFETS_CNY_PARITY,USD/CNY Central Parity Rate - Historical Data,https://www.chinamoney.com.cn/ags/ms/cm-u-bk-ccpr/CcprHisNew,https://www.chinamoney.com.cn/english/bmkcpr/index.html?tab=2,2026-08-31T14:36:26.925699Z
2024-11-21,CHN,China,CNY,Renminbi,7.1934,USD,LCU_per_USD,official_central_parity,PBC-authorized daily USD/CNY central parity reference rate.,reported_public_series,CFETS_CNY_PARITY,USD/CNY Central Parity Rate - Historical Data,https://www.chinamoney.com.cn/ags/ms/cm-u-bk-ccpr/CcprHisNew,https://www.chinamoney.com.cn/english/bmkcpr/index.html?tab=2,2026-08-31T14:36:26.925699Z
2024-11-22,CHN,China,CNY,Renminbi,7.1942,USD,LCU_per_USD,official_central_parity,PBC-authorized daily USD/CNY central parity reference rate.,reported_public_series,CFETS_CNY_PARITY,USD/CNY Central Parity Rate - Historical Data,https://www.chinamoney.com.cn/ags/ms/cm-u-bk-ccpr/CcprHisNew,https://www.chinamoney.com.cn/english/bmkcpr/index.html?tab=2,2026-08-31T14:36:26.925699Z
2024-11-25,CHN,China,CNY,Renminbi,7.1918,USD,LCU_per_USD,official_central_parity,PBC-authorized daily USD/CNY central parity reference rate.,reported_public_series,CFETS_CNY_PARITY,USD/CNY Central Parity Rate - Historical Data,https://www.chinamoney.com.cn/ags/ms/cm-u-bk-ccpr/CcprHisNew,https://www.chinamoney.com.cn/english/bmkcpr/index.html?tab=2,2026-08-31T14:36:26.925699Z
2024-11-26,CHN,China,CNY,Renminbi,7.191,USD,LCU_per_USD,official_central_parity,PBC-authorized daily USD/CNY central parity reference rate.,reported_public_series,CFETS_CNY_PARITY,USD/CNY Central Parity Rate - Historical Data,https://www.chinamoney.com.cn/ags/ms/cm-u-bk-ccpr/CcprHisNew,https://www.chinamoney.com.cn/english/bmkcpr/index.html?tab=2,2026-08-31T14:36:26.925699Z
2024-11-27,CHN,China,CNY,Renminbi,7.1982,USD,LCU_per_USD,official_central_parity,PBC-authorized daily USD/CNY central parity reference rate.,reported_public_series,CFETS_CNY_PARITY,USD/CNY Central Parity Rate - Historical Data,https://www.chinamoney.com.cn/ags/ms/cm-u-bk-ccpr/CcprHisNew,https://www.chinamoney.com.cn/english/bmkcpr/index.html?tab=2,2026-08-31T14:36:26.925699Z
2024-11-28,CHN,China,CNY,Renminbi,7.1894,USD,LCU_per_USD,official_central_parity,PBC-authorized daily USD/CNY central parity reference rate.,reported_public_series,CFETS_CNY_PARITY,USD/CNY Central Parity Rate - Historical Data,https://www.chinamoney.com.cn/ags/ms/cm-u-bk-ccpr/CcprHisNew,https://www.chinamoney.com.cn/english/bmkcpr/index.html?tab=2,2026-08-31T14:36:26.925699Z
2024-11-29,CHN,China,CNY,Renminbi,7.1877,USD,LCU_per_USD,official_central_parity,PBC-authorized daily USD/CNY central parity reference rate.,reported_public_series,CFETS_CNY_PARITY,USD/CNY Central Parity Rate - Historical Data,https://www.chinamoney.com.cn/ags/ms/cm-u-bk-ccpr/CcprHisNew,https://www.chinamoney.com.cn/english/bmkcpr/index.html?tab=2,2026-08-31T14:36:26.925699Z
2024-12-02,CHN,China,CNY,Renminbi,7.1865,USD,LCU_per_USD,official_central_parity,PBC-authorized daily USD/CNY central parity reference rate.,reported_public_series,CFETS_CNY_PARITY,USD/CNY Central Parity Rate - Historical Data,https://www.chinamoney.com.cn/ags/ms/cm-u-bk-ccpr/CcprHisNew,https://www.chinamoney.com.cn/english/bmkcpr/index.html?tab=2,2026-08-31T14:36:27.150296Z
2024-12-03,CHN,China,CNY,Renminbi,7.1996,USD,LCU_per_USD,official_central_parity,PBC-authorized daily USD/CNY central parity reference rate.,reported_public_series,CFETS_CNY_PARITY,USD/CNY Central Parity Rate - Historical Data,https://www.chinamoney.com.cn/ags/ms/cm-u-bk-ccpr/CcprHisNew,https://www.chinamoney.com.cn/english/bmkcpr/index.html?tab=2,2026-08-31T14:36:27.150296Z
2024-12-04,CHN,China,CNY,Renminbi,7.1934,USD,LCU_per_USD,official_central_parity,PBC-authorized daily USD/CNY central parity reference rate.,reported_public_series,CFETS_CNY_PARITY,USD/CNY Central Parity Rate - Historical Data,https://www.chinamoney.com.cn/ags/ms/cm-u-bk-ccpr/CcprHisNew,https://www.chinamoney.com.cn/english/bmkcpr/index.html?tab=2,2026-08-31T14:36:27.150296Z
2024-12-05,CHN,China,CNY,Renminbi,7.1879,USD,LCU_per_USD,official_central_parity,PBC-authorized daily USD/CNY central parity reference rate.,reported_public_series,CFETS_CNY_PARITY,USD/CNY Central Parity Rate - Historical Data,https://www.chinamoney.com.cn/ags/ms/cm-u-bk-ccpr/CcprHisNew,https://www.chinamoney.com.cn/english/bmkcpr/index.html?tab=2,2026-08-31T14:36:27.150296Z
2024-12-06,CHN,China,CNY,Renminbi,7.1848,USD,LCU_per_USD,official_central_parity,PBC-authorized daily USD/CNY central parity reference rate.,reported_public_series,CFETS_CNY_PARITY,USD/CNY Central Parity Rate - Historical Data,https://www.chinamoney.com.cn/ags/ms/cm-u-bk-ccpr/CcprHisNew,https://www.chinamoney.com.cn/english/bmkcpr/index.html?tab=2,2026-08-31T14:36:27.150296Z
2024-12-09,CHN,China,CNY,Renminbi,7.187,USD,LCU_per_USD,official_central_parity,PBC-authorized daily USD/CNY central parity reference rate.,reported_public_series,CFETS_CNY_PARITY,USD/CNY Central Parity Rate - Historical Data,https://www.chinamoney.com.cn/ags/ms/cm-u-bk-ccpr/CcprHisNew,https://www.chinamoney.com.cn/english/bmkcpr/index.html?tab=2,2026-08-31T14:36:27.150296Z
2024-12-10,CHN,China,CNY,Renminbi,7.1896,USD,LCU_per_USD,official_central_parity,PBC-authorized daily USD/CNY central parity reference rate.,reported_public_series,CFETS_CNY_PARITY,USD/CNY Central Parity Rate - Historical Data,https://www.chinamoney.com.cn/ags/ms/cm-u-bk-ccpr/CcprHisNew,https://www.chinamoney.com.cn/english/bmkcpr/index.html?tab=2,2026-08-31T14:36:27.150296Z
2024-12-11,CHN,China,CNY,Renminbi,7.1843,USD,LCU_per_USD,official_central_parity,PBC-authorized daily USD/CNY central parity reference rate.,reported_public_series,CFETS_CNY_PARITY,USD/CNY Central Parity Rate - Historical Data,https://www.chinamoney.com.cn/ags/ms/cm-u-bk-ccpr/CcprHisNew,https://www.chinamoney.com.cn/english/bmkcpr/index.html?tab=2,2026-08-31T14:36:27.150296Z
2024-12-12,CHN,China,CNY,Renminbi,7.1854,USD,LCU_per_USD,official_central_parity,PBC-authorized daily USD/CNY central parity reference rate.,reported_public_series,CFETS_CNY_PARITY,USD/CNY Central Parity Rate - Historical Data,https://www.chinamoney.com.cn/ags/ms/cm-u-bk-ccpr/CcprHisNew,https://www.chinamoney.com.cn/english/bmkcpr/index.html?tab=2,2026-08-31T14:36:27.150296Z
2024-12-13,CHN,China,CNY,Renminbi,7.1876,USD,LCU_per_USD,official_central_parity,PBC-authorized daily USD/CNY central parity reference rate.,reported_public_series,CFETS_CNY_PARITY,USD/CNY Central Parity Rate - Historical Data,https://www.chinamoney.com.cn/ags/ms/cm-u-bk-ccpr/CcprHisNew,https://www.chinamoney.com.cn/english/bmkcpr/index.html?tab=2,2026-08-31T14:36:27.150296Z
2024-12-16,CHN,China,CNY,Renminbi,7.1882,USD,LCU_per_USD,official_central_parity,PBC-authorized daily USD/CNY central parity reference rate.,reported_public_series,CFETS_CNY_PARITY,USD/CNY Central Parity Rate - Historical Data,https://www.chinamoney.com.cn/ags/ms/cm-u-bk-ccpr/CcprHisNew,https://www.chinamoney.com.cn/english/bmkcpr/index.html?tab=2,2026-08-31T14:36:27.150296Z
2024-12-17,CHN,China,CNY,Renminbi,7.1891,USD,LCU_per_USD,official_central_parity,PBC-authorized daily USD/CNY central parity reference rate.,reported_public_series,CFETS_CNY_PARITY,USD/CNY Central Parity Rate - Historical Data,https://www.chinamoney.com.cn/ags/ms/cm-u-bk-ccpr/CcprHisNew,https://www.chinamoney.com.cn/english/bmkcpr/index.html?tab=2,2026-08-31T14:36:27.150296Z
2024-12-18,CHN,China,CNY,Renminbi,7.188,USD,LCU_per_USD,official_central_parity,PBC-authorized daily USD/CNY central parity reference rate.,reported_public_series,CFETS_CNY_PARITY,USD/CNY Central Parity Rate - Historical Data,https://www.chinamoney.com.cn/ags/ms/cm-u-bk-ccpr/CcprHisNew,https://www.chinamoney.com.cn/english/bmkcpr/index.html?tab=2,2026-08-31T14:36:27.150296Z
2024-12-19,CHN,China,CNY,Renminbi,7.1911,USD,LCU_per_USD,official_central_parity,PBC-authorized daily USD/CNY central parity reference rate.,reported_public_series,CFETS_CNY_PARITY,USD/CNY Central Parity Rate - Historical Data,https://www.chinamoney.com.cn/ags/ms/cm-u-bk-ccpr/CcprHisNew,https://www.chinamoney.com.cn/english/bmkcpr/index.html?tab=2,2026-08-31T14:36:27.150296Z
2024-12-20,CHN,China,CNY,Renminbi,7.1901,USD,LCU_per_USD,official_central_parity,PBC-authorized daily USD/CNY central parity reference rate.,reported_public_series,CFETS_CNY_PARITY,USD/CNY Central Parity Rate - Historical Data,https://www.chinamoney.com.cn/ags/ms/cm-u-bk-ccpr/CcprHisNew,https://www.chinamoney.com.cn/english/bmkcpr/index.html?tab=2,2026-08-31T14:36:27.150296Z
2024-12-23,CHN,China,CNY,Renminbi,7.187,USD,LCU_per_USD,official_central_parity,PBC-authorized daily USD/CNY central parity reference rate.,reported_public_series,CFETS_CNY_PARITY,USD/CNY Central Parity Rate - Historical Data,https://www.chinamoney.com.cn/ags/ms/cm-u-bk-ccpr/CcprHisNew,https://www.chinamoney.com.cn/english/bmkcpr/index.html?tab=2,2026-08-31T14:36:27.150296Z
2024-12-24,CHN,China,CNY,Renminbi,7.1876,USD,LCU_per_USD,official_central_parity,PBC-authorized daily USD/CNY central parity reference rate.,reported_public_series,CFETS_CNY_PARITY,USD/CNY Central Parity Rate - Historical Data,https://www.chinamoney.com.cn/ags/ms/cm-u-bk-ccpr/CcprHisNew,https://www.chinamoney.com.cn/english/bmkcpr/index.html?tab=2,2026-08-31T14:36:27.150296Z
2024-12-25,CHN,China,CNY,Renminbi,7.1868,USD,LCU_per_USD,official_central_parity,PBC-authorized daily USD/CNY central parity reference rate.,reported_public_series,CFETS_CNY_PARITY,USD/CNY Central Parity Rate - Historical Data,https://www.chinamoney.com.cn/ags/ms/cm-u-bk-ccpr/CcprHisNew,https://www.chinamoney.com.cn/english/bmkcpr/index.html?tab=2,2026-08-31T14:36:27.150296Z
2024-12-26,CHN,China,CNY,Renminbi,7.1897,USD,LCU_per_USD,official_central_parity,PBC-authorized daily USD/CNY central parity reference rate.,reported_public_series,CFETS_CNY_PARITY,USD/CNY Central Parity Rate - Historical Data,https://www.chinamoney.com.cn/ags/ms/cm-u-bk-ccpr/CcprHisNew,https://www.chinamoney.com.cn/english/bmkcpr/index.html?tab=2,2026-08-31T14:36:27.150296Z
2024-12-27,CHN,China,CNY,Renminbi,7.1893,USD,LCU_per_USD,official_central_parity,PBC-authorized daily USD/CNY central parity reference rate.,reported_public_series,CFETS_CNY_PARITY,USD/CNY Central Parity Rate - Historical Data,https://www.chinamoney.com.cn/ags/ms/cm-u-bk-ccpr/CcprHisNew,https://www.chinamoney.com.cn/english/bmkcpr/index.html?tab=2,2026-08-31T14:36:27.150296Z
2024-12-30,CHN,China,CNY,Renminbi,7.1889,USD,LCU_per_USD,official_central_parity,PBC-authorized daily USD/CNY central parity reference rate.,reported_public_series,CFETS_CNY_PARITY,USD/CNY Central Parity Rate - Historical Data,https://www.chinamoney.com.cn/ags/ms/cm-u-bk-ccpr/CcprHisNew,https://www.chinamoney.com.cn/english/bmkcpr/index.html?tab=2,2026-08-31T14:36:27.150296Z
2024-12-31,CHN,China,CNY,Renminbi,7.1884,USD,LCU_per_USD,official_central_parity,PBC-authorized daily USD/CNY central parity reference rate.,reported_public_series,CFETS_CNY_PARITY,USD/CNY Central Parity Rate - Historical Data,https://www.chinamoney.com.cn/ags/ms/cm-u-bk-ccpr/CcprHisNew,https://www.chinamoney.com.cn/english/bmkcpr/index.html?tab=2,2026-08-31T14:36:27.150296Z
2025-01-02,CHN,China,CNY,Renminbi,7.1879,USD,LCU_per_USD,official_central_parity,PBC-authorized daily USD/CNY central parity reference rate.,reported_public_series,CFETS_CNY_PARITY,USD/CNY Central Parity Rate - Historical Data,https://www.chinamoney.com.cn/ags/ms/cm-u-bk-ccpr/CcprHisNew,https://www.chinamoney.com.cn/english/bmkcpr/index.html?tab=2,2026-08-31T14:36:27.389667Z
2025-01-03,CHN,China,CNY,Renminbi,7.1878,USD,LCU_per_USD,official_central_parity,PBC-authorized daily USD/CNY central parity reference rate.,reported_public_series,CFETS_CNY_PARITY,USD/CNY Central Parity Rate - Historical Data,https://www.chinamoney.com.cn/ags/ms/cm-u-bk-ccpr/CcprHisNew,https://www.chinamoney.com.cn/english/bmkcpr/index.html?tab=2,2026-08-31T14:36:27.389667Z
2025-01-06,CHN,China,CNY,Renminbi,7.1876,USD,LCU_per_USD,official_central_parity,PBC-authorized daily USD/CNY central parity reference rate.,reported_public_series,CFETS_CNY_PARITY,USD/CNY Central Parity Rate - Historical Data,https://www.chinamoney.com.cn/ags/ms/cm-u-bk-ccpr/CcprHisNew,https://www.chinamoney.com.cn/english/bmkcpr/index.html?tab=2,2026-08-31T14:36:27.389667Z
2025-01-07,CHN,China,CNY,Renminbi,7.1879,USD,LCU_per_USD,official_central_parity,PBC-authorized daily USD/CNY central parity reference rate.,reported_public_series,CFETS_CNY_PARITY,USD/CNY Central Parity Rate - Historical Data,https://www.chinamoney.com.cn/ags/ms/cm-u-bk-ccpr/CcprHisNew,https://www.chinamoney.com.cn/english/bmkcpr/index.html?tab=2,2026-08-31T14:36:27.389667Z
2025-01-08,CHN,China,CNY,Renminbi,7.1887,USD,LCU_per_USD,official_central_parity,PBC-authorized daily USD/CNY central parity reference rate.,reported_public_series,CFETS_CNY_PARITY,USD/CNY Central Parity Rate - Historical Data,https://www.chinamoney.com.cn/ags/ms/cm-u-bk-ccpr/CcprHisNew,https://www.chinamoney.com.cn/english/bmkcpr/index.html?tab=2,2026-08-31T14:36:27.389667Z
2025-01-09,CHN,China,CNY,Renminbi,7.1886,USD,LCU_per_USD,official_central_parity,PBC-authorized daily USD/CNY central parity reference rate.,reported_public_series,CFETS_CNY_PARITY,USD/CNY Central Parity Rate - Historical Data,https://www.chinamoney.com.cn/ags/ms/cm-u-bk-ccpr/CcprHisNew,https://www.chinamoney.com.cn/english/bmkcpr/index.html?tab=2,2026-08-31T14:36:27.389667Z
2025-01-10,CHN,China,CNY,Renminbi,7.1891,USD,LCU_per_USD,official_central_parity,PBC-authorized daily USD/CNY central parity reference rate.,reported_public_series,CFETS_CNY_PARITY,USD/CNY Central Parity Rate - Historical Data,https://www.chinamoney.com.cn/ags/ms/cm-u-bk-ccpr/CcprHisNew,https://www.chinamoney.com.cn/english/bmkcpr/index.html?tab=2,2026-08-31T14:36:27.389667Z
2025-01-13,CHN,China,CNY,Renminbi,7.1885,USD,LCU_per_USD,official_central_parity,PBC-authorized daily USD/CNY central parity reference rate.,reported_public_series,CFETS_CNY_PARITY,USD/CNY Central Parity Rate - Historical Data,https://www.chinamoney.com.cn/ags/ms/cm-u-bk-ccpr/CcprHisNew,https://www.chinamoney.com.cn/english/bmkcpr/index.html?tab=2,2026-08-31T14:36:27.389667Z
2025-01-14,CHN,China,CNY,Renminbi,7.1878,USD,LCU_per_USD,official_central_parity,PBC-authorized daily USD/CNY central parity reference rate.,reported_public_series,CFETS_CNY_PARITY,USD/CNY Central Parity Rate - Historical Data,https://www.chinamoney.com.cn/ags/ms/cm-u-bk-ccpr/CcprHisNew,https://www.chinamoney.com.cn/english/bmkcpr/index.html?tab=2,2026-08-31T14:36:27.389667Z
2025-01-15,CHN,China,CNY,Renminbi,7.1883,USD,LCU_per_USD,official_central_parity,PBC-authorized daily USD/CNY central parity reference rate.,reported_public_series,CFETS_CNY_PARITY,USD/CNY Central Parity Rate - Historical Data,https://www.chinamoney.com.cn/ags/ms/cm-u-bk-ccpr/CcprHisNew,https://www.chinamoney.com.cn/english/bmkcpr/index.html?tab=2,2026-08-31T14:36:27.389667Z
2025-01-16,CHN,China,CNY,Renminbi,7.1881,USD,LCU_per_USD,official_central_parity,PBC-authorized daily USD/CNY central parity reference rate.,reported_public_series,CFETS_CNY_PARITY,USD/CNY Central Parity Rate - Historical Data,https://www.chinamoney.com.cn/ags/ms/cm-u-bk-ccpr/CcprHisNew,https://www.chinamoney.com.cn/english/bmkcpr/index.html?tab=2,2026-08-31T14:36:27.389667Z
2025-01-17,CHN,China,CNY,Renminbi,7.1889,USD,LCU_per_USD,official_central_parity,PBC-authorized daily USD/CNY central parity reference rate.,reported_public_series,CFETS_CNY_PARITY,USD/CNY Central Parity Rate - Historical Data,https://www.chinamoney.com.cn/ags/ms/cm-u-bk-ccpr/CcprHisNew,https://www.chinamoney.com.cn/english/bmkcpr/index.html?tab=2,2026-08-31T14:36:27.389667Z
2025-01-20,CHN,China,CNY,Renminbi,7.1886,USD,LCU_per_USD,official_central_parity,PBC-authorized daily USD/CNY central parity reference rate.,reported_public_series,CFETS_CNY_PARITY,USD/CNY Central Parity Rate - Historical Data,https://www.chinamoney.com.cn/ags/ms/cm-u-bk-ccpr/CcprHisNew,https://www.chinamoney.com.cn/english/bmkcpr/index.html?tab=2,2026-08-31T14:36:27.389667Z
2025-01-21,CHN,China,CNY,Renminbi,7.1703,USD,LCU_per_USD,official_central_parity,PBC-authorized daily USD/CNY central parity reference rate.,reported_public_series,CFETS_CNY_PARITY,USD/CNY Central Parity Rate - Historical Data,https://www.chinamoney.com.cn/ags/ms/cm-u-bk-ccpr/CcprHisNew,https://www.chinamoney.com.cn/english/bmkcpr/index.html?tab=2,2026-08-31T14:36:27.389667Z
2025-01-22,CHN,China,CNY,Renminbi,7.1696,USD,LCU_per_USD,official_central_parity,PBC-authorized daily USD/CNY central parity reference rate.,reported_public_series,CFETS_CNY_PARITY,USD/CNY Central Parity Rate - Historical Data,https://www.chinamoney.com.cn/ags/ms/cm-u-bk-ccpr/CcprHisNew,https://www.chinamoney.com.cn/english/bmkcpr/index.html?tab=2,2026-08-31T14:36:27.389667Z
2025-01-23,CHN,China,CNY,Renminbi,7.1708,USD,LCU_per_USD,official_central_parity,PBC-authorized daily USD/CNY central parity reference rate.,reported_public_series,CFETS_CNY_PARITY,USD/CNY Central Parity Rate - Historical Data,https://www.chinamoney.com.cn/ags/ms/cm-u-bk-ccpr/CcprHisNew,https://www.chinamoney.com.cn/english/bmkcpr/index.html?tab=2,2026-08-31T14:36:27.389667Z
2025-01-24,CHN,China,CNY,Renminbi,7.1705,USD,LCU_per_USD,official_central_parity,PBC-authorized daily USD/CNY central parity reference rate.,reported_public_series,CFETS_CNY_PARITY,USD/CNY Central Parity Rate - Historical Data,https://www.chinamoney.com.cn/ags/ms/cm-u-bk-ccpr/CcprHisNew,https://www.chinamoney.com.cn/english/bmkcpr/index.html?tab=2,2026-08-31T14:36:27.389667Z
2025-01-27,CHN,China,CNY,Renminbi,7.1698,USD,LCU_per_USD,official_central_parity,PBC-authorized daily USD/CNY central parity reference rate.,reported_public_series,CFETS_CNY_PARITY,USD/CNY Central Parity Rate - Historical Data,https://www.chinamoney.com.cn/ags/ms/cm-u-bk-ccpr/CcprHisNew,https://www.chinamoney.com.cn/english/bmkcpr/index.html?tab=2,2026-08-31T14:36:27.389667Z
2025-02-05,CHN,China,CNY,Renminbi,7.1693,USD,LCU_per_USD,official_central_parity,PBC-authorized daily USD/CNY central parity reference rate.,reported_public_series,CFETS_CNY_PARITY,USD/CNY Central Parity Rate - Historical Data,https://www.chinamoney.com.cn/ags/ms/cm-u-bk-ccpr/CcprHisNew,https://www.chinamoney.com.cn/english/bmkcpr/index.html?tab=2,2026-08-31T14:36:27.616456Z
2025-02-06,CHN,China,CNY,Renminbi,7.1691,USD,LCU_per_USD,official_central_parity,PBC-authorized daily USD/CNY central parity reference rate.,reported_public_series,CFETS_CNY_PARITY,USD/CNY Central Parity Rate - Historical Data,https://www.chinamoney.com.cn/ags/ms/cm-u-bk-ccpr/CcprHisNew,https://www.chinamoney.com.cn/english/bmkcpr/index.html?tab=2,2026-08-31T14:36:27.616456Z
2025-02-07,CHN,China,CNY,Renminbi,7.1699,USD,LCU_per_USD,official_central_parity,PBC-authorized daily USD/CNY central parity reference rate.,reported_public_series,CFETS_CNY_PARITY,USD/CNY Central Parity Rate - Historical Data,https://www.chinamoney.com.cn/ags/ms/cm-u-bk-ccpr/CcprHisNew,https://www.chinamoney.com.cn/english/bmkcpr/index.html?tab=2,2026-08-31T14:36:27.616456Z
2025-02-10,CHN,China,CNY,Renminbi,7.1707,USD,LCU_per_USD,official_central_parity,PBC-authorized daily USD/CNY central parity reference rate.,reported_public_series,CFETS_CNY_PARITY,USD/CNY Central Parity Rate - Historical Data,https://www.chinamoney.com.cn/ags/ms/cm-u-bk-ccpr/CcprHisNew,https://www.chinamoney.com.cn/english/bmkcpr/index.html?tab=2,2026-08-31T14:36:27.616456Z
2025-02-11,CHN,China,CNY,Renminbi,7.1716,USD,LCU_per_USD,official_central_parity,PBC-authorized daily USD/CNY central parity reference rate.,reported_public_series,CFETS_CNY_PARITY,USD/CNY Central Parity Rate - Historical Data,https://www.chinamoney.com.cn/ags/ms/cm-u-bk-ccpr/CcprHisNew,https://www.chinamoney.com.cn/english/bmkcpr/index.html?tab=2,2026-08-31T14:36:27.616456Z
2025-02-12,CHN,China,CNY,Renminbi,7.171,USD,LCU_per_USD,official_central_parity,PBC-authorized daily USD/CNY central parity reference rate.,reported_public_series,CFETS_CNY_PARITY,USD/CNY Central Parity Rate - Historical Data,https://www.chinamoney.com.cn/ags/ms/cm-u-bk-ccpr/CcprHisNew,https://www.chinamoney.com.cn/english/bmkcpr/index.html?tab=2,2026-08-31T14:36:27.616456Z
2025-02-13,CHN,China,CNY,Renminbi,7.1719,USD,LCU_per_USD,official_central_parity,PBC-authorized daily USD/CNY central parity reference rate.,reported_public_series,CFETS_CNY_PARITY,USD/CNY Central Parity Rate - Historical Data,https://www.chinamoney.com.cn/ags/ms/cm-u-bk-ccpr/CcprHisNew,https://www.chinamoney.com.cn/english/bmkcpr/index.html?tab=2,2026-08-31T14:36:27.616456Z
2025-02-14,CHN,China,CNY,Renminbi,7.1706,USD,LCU_per_USD,official_central_parity,PBC-authorized daily USD/CNY central parity reference rate.,reported_public_series,CFETS_CNY_PARITY,USD/CNY Central Parity Rate - Historical Data,https://www.chinamoney.com.cn/ags/ms/cm-u-bk-ccpr/CcprHisNew,https://www.chinamoney.com.cn/english/bmkcpr/index.html?tab=2,2026-08-31T14:36:27.616456Z
2025-02-17,CHN,China,CNY,Renminbi,7.1702,USD,LCU_per_USD,official_central_parity,PBC-authorized daily USD/CNY central parity reference rate.,reported_public_series,CFETS_CNY_PARITY,USD/CNY Central Parity Rate - Historical Data,https://www.chinamoney.com.cn/ags/ms/cm-u-bk-ccpr/CcprHisNew,https://www.chinamoney.com.cn/english/bmkcpr/index.html?tab=2,2026-08-31T14:36:27.616456Z
2025-02-18,CHN,China,CNY,Renminbi,7.1697,USD,LCU_per_USD,official_central_parity,PBC-authorized daily USD/CNY central parity reference rate.,reported_public_series,CFETS_CNY_PARITY,USD/CNY Central Parity Rate - Historical Data,https://www.chinamoney.com.cn/ags/ms/cm-u-bk-ccpr/CcprHisNew,https://www.chinamoney.com.cn/english/bmkcpr/index.html?tab=2,2026-08-31T14:36:27.616456Z
2025-02-19,CHN,China,CNY,Renminbi,7.1705,USD,LCU_per_USD,official_central_parity,PBC-authorized daily USD/CNY central parity reference rate.,reported_public_series,CFETS_CNY_PARITY,USD/CNY Central Parity Rate - Historical Data,https://www.chinamoney.com.cn/ags/ms/cm-u-bk-ccpr/CcprHisNew,https://www.chinamoney.com.cn/english/bmkcpr/index.html?tab=2,2026-08-31T14:36:27.616456Z
2025-02-20,CHN,China,CNY,Renminbi,7.1712,USD,LCU_per_USD,official_central_parity,PBC-authorized daily USD/CNY central parity reference rate.,reported_public_series,CFETS_CNY_PARITY,USD/CNY Central Parity Rate - Historical Data,https://www.chinamoney.com.cn/ags/ms/cm-u-bk-ccpr/CcprHisNew,https://www.chinamoney.com.cn/english/bmkcpr/index.html?tab=2,2026-08-31T14:36:27.616456Z
2025-02-21,CHN,China,CNY,Renminbi,7.1696,USD,LCU_per_USD,official_central_parity,PBC-authorized daily USD/CNY central parity reference rate.,reported_public_series,CFETS_CNY_PARITY,USD/CNY Central Parity Rate - Historical Data,https://www.chinamoney.com.cn/ags/ms/cm-u-bk-ccpr/CcprHisNew,https://www.chinamoney.com.cn/english/bmkcpr/index.html?tab=2,2026-08-31T14:36:27.616456Z
2025-02-24,CHN,China,CNY,Renminbi,7.1717,USD,LCU_per_USD,official_central_parity,PBC-authorized daily USD/CNY central parity reference rate.,reported_public_series,CFETS_CNY_PARITY,USD/CNY Central Parity Rate - Historical Data,https://www.chinamoney.com.cn/ags/ms/cm-u-bk-ccpr/CcprHisNew,https://www.chinamoney.com.cn/english/bmkcpr/index.html?tab=2,2026-08-31T14:36:27.616456Z
2025-02-25,CHN,China,CNY,Renminbi,7.1726,USD,LCU_per_USD,official_central_parity,PBC-authorized daily USD/CNY central parity reference rate.,reported_public_series,CFETS_CNY_PARITY,USD/CNY Central Parity Rate - Historical Data,https://www.chinamoney.com.cn/ags/ms/cm-u-bk-ccpr/CcprHisNew,https://www.chinamoney.com.cn/english/bmkcpr/index.html?tab=2,2026-08-31T14:36:27.616456Z
2025-02-26,CHN,China,CNY,Renminbi,7.1732,USD,LCU_per_USD,official_central_parity,PBC-authorized daily USD/CNY central parity reference rate.,reported_public_series,CFETS_CNY_PARITY,USD/CNY Central Parity Rate - Historical Data,https://www.chinamoney.com.cn/ags/ms/cm-u-bk-ccpr/CcprHisNew,https://www.chinamoney.com.cn/english/bmkcpr/index.html?tab=2,2026-08-31T14:36:27.616456Z
2025-02-27,CHN,China,CNY,Renminbi,7.174,USD,LCU_per_USD,official_central_parity,PBC-authorized daily USD/CNY central parity reference rate.,reported_public_series,CFETS_CNY_PARITY,USD/CNY Central Parity Rate - Historical Data,https://www.chinamoney.com.cn/ags/ms/cm-u-bk-ccpr/CcprHisNew,https://www.chinamoney.com.cn/english/bmkcpr/index.html?tab=2,2026-08-31T14:36:27.616456Z
2025-02-28,CHN,China,CNY,Renminbi,7.1738,USD,LCU_per_USD,official_central_parity,PBC-authorized daily USD/CNY central parity reference rate.,reported_public_series,CFETS_CNY_PARITY,USD/CNY Central Parity Rate - Historical Data,https://www.chinamoney.com.cn/ags/ms/cm-u-bk-ccpr/CcprHisNew,https://www.chinamoney.com.cn/english/bmkcpr/index.html?tab=2,2026-08-31T14:36:27.616456Z
2025-03-03,CHN,China,CNY,Renminbi,7.1745,USD,LCU_per_USD,official_central_parity,PBC-authorized daily USD/CNY central parity reference rate.,reported_public_series,CFETS_CNY_PARITY,USD/CNY Central Parity Rate - Historical Data,https://www.chinamoney.com.cn/ags/ms/cm-u-bk-ccpr/CcprHisNew,https://www.chinamoney.com.cn/english/bmkcpr/index.html?tab=2,2026-08-31T14:36:27.853009Z
2025-03-04,CHN,China,CNY,Renminbi,7.1739,USD,LCU_per_USD,official_central_parity,PBC-authorized daily USD/CNY central parity reference rate.,reported_public_series,CFETS_CNY_PARITY,USD/CNY Central Parity Rate - Historical Data,https://www.chinamoney.com.cn/ags/ms/cm-u-bk-ccpr/CcprHisNew,https://www.chinamoney.com.cn/english/bmkcpr/index.html?tab=2,2026-08-31T14:36:27.853009Z
2025-03-05,CHN,China,CNY,Renminbi,7.1714,USD,LCU_per_USD,official_central_parity,PBC-authorized daily USD/CNY central parity reference rate.,reported_public_series,CFETS_CNY_PARITY,USD/CNY Central Parity Rate - Historical Data,https://www.chinamoney.com.cn/ags/ms/cm-u-bk-ccpr/CcprHisNew,https://www.chinamoney.com.cn/english/bmkcpr/index.html?tab=2,2026-08-31T14:36:27.853009Z
2025-03-06,CHN,China,CNY,Renminbi,7.1692,USD,LCU_per_USD,official_central_parity,PBC-authorized daily USD/CNY central parity reference rate.,reported_public_series,CFETS_CNY_PARITY,USD/CNY Central Parity Rate - Historical Data,https://www.chinamoney.com.cn/ags/ms/cm-u-bk-ccpr/CcprHisNew,https://www.chinamoney.com.cn/english/bmkcpr/index.html?tab=2,2026-08-31T14:36:27.853009Z
2025-03-07,CHN,China,CNY,Renminbi,7.1705,USD,LCU_per_USD,official_central_parity,PBC-authorized daily USD/CNY central parity reference rate.,reported_public_series,CFETS_CNY_PARITY,USD/CNY Central Parity Rate - Historical Data,https://www.chinamoney.com.cn/ags/ms/cm-u-bk-ccpr/CcprHisNew,https://www.chinamoney.com.cn/english/bmkcpr/index.html?tab=2,2026-08-31T14:36:27.853009Z
2025-03-10,CHN,China,CNY,Renminbi,7.1733,USD,LCU_per_USD,official_central_parity,PBC-authorized daily USD/CNY central parity reference rate.,reported_public_series,CFETS_CNY_PARITY,USD/CNY Central Parity Rate - Historical Data,https://www.chinamoney.com.cn/ags/ms/cm-u-bk-ccpr/CcprHisNew,https://www.chinamoney.com.cn/english/bmkcpr/index.html?tab=2,2026-08-31T14:36:27.853009Z
2025-03-11,CHN,China,CNY,Renminbi,7.1741,USD,LCU_per_USD,official_central_parity,PBC-authorized daily USD/CNY central parity reference rate.,reported_public_series,CFETS_CNY_PARITY,USD/CNY Central Parity Rate - Historical Data,https://www.chinamoney.com.cn/ags/ms/cm-u-bk-ccpr/CcprHisNew,https://www.chinamoney.com.cn/english/bmkcpr/index.html?tab=2,2026-08-31T14:36:27.853009Z
2025-03-12,CHN,China,CNY,Renminbi,7.1696,USD,LCU_per_USD,official_central_parity,PBC-authorized daily USD/CNY central parity reference rate.,reported_public_series,CFETS_CNY_PARITY,USD/CNY Central Parity Rate - Historical Data,https://www.chinamoney.com.cn/ags/ms/cm-u-bk-ccpr/CcprHisNew,https://www.chinamoney.com.cn/english/bmkcpr/index.html?tab=2,2026-08-31T14:36:27.853009Z
2025-03-13,CHN,China,CNY,Renminbi,7.1728,USD,LCU_per_USD,official_central_parity,PBC-authorized daily USD/CNY central parity reference rate.,reported_public_series,CFETS_CNY_PARITY,USD/CNY Central Parity Rate - Historical Data,https://www.chinamoney.com.cn/ags/ms/cm-u-bk-ccpr/CcprHisNew,https://www.chinamoney.com.cn/english/bmkcpr/index.html?tab=2,2026-08-31T14:36:27.853009Z
2025-03-14,CHN,China,CNY,Renminbi,7.1738,USD,LCU_per_USD,official_central_parity,PBC-authorized daily USD/CNY central parity reference rate.,reported_public_series,CFETS_CNY_PARITY,USD/CNY Central Parity Rate - Historical Data,https://www.chinamoney.com.cn/ags/ms/cm-u-bk-ccpr/CcprHisNew,https://www.chinamoney.com.cn/english/bmkcpr/index.html?tab=2,2026-08-31T14:36:27.853009Z
2025-03-17,CHN,China,CNY,Renminbi,7.1688,USD,LCU_per_USD,official_central_parity,PBC-authorized daily USD/CNY central parity reference rate.,reported_public_series,CFETS_CNY_PARITY,USD/CNY Central Parity Rate - Historical Data,https://www.chinamoney.com.cn/ags/ms/cm-u-bk-ccpr/CcprHisNew,https://www.chinamoney.com.cn/english/bmkcpr/index.html?tab=2,2026-08-31T14:36:27.853009Z
2025-03-18,CHN,China,CNY,Renminbi,7.1733,USD,LCU_per_USD,official_central_parity,PBC-authorized daily USD/CNY central parity reference rate.,reported_public_series,CFETS_CNY_PARITY,USD/CNY Central Parity Rate - Historical Data,https://www.chinamoney.com.cn/ags/ms/cm-u-bk-ccpr/CcprHisNew,https://www.chinamoney.com.cn/english/bmkcpr/index.html?tab=2,2026-08-31T14:36:27.853009Z
2025-03-19,CHN,China,CNY,Renminbi,7.1697,USD,LCU_per_USD,official_central_parity,PBC-authorized daily USD/CNY central parity reference rate.,reported_public_series,CFETS_CNY_PARITY,USD/CNY Central Parity Rate - Historical Data,https://www.chinamoney.com.cn/ags/ms/cm-u-bk-ccpr/CcprHisNew,https://www.chinamoney.com.cn/english/bmkcpr/index.html?tab=2,2026-08-31T14:36:27.853009Z
2025-03-20,CHN,China,CNY,Renminbi,7.1754,USD,LCU_per_USD,official_central_parity,PBC-authorized daily USD/CNY central parity reference rate.,reported_public_series,CFETS_CNY_PARITY,USD/CNY Central Parity Rate - Historical Data,https://www.chinamoney.com.cn/ags/ms/cm-u-bk-ccpr/CcprHisNew,https://www.chinamoney.com.cn/english/bmkcpr/index.html?tab=2,2026-08-31T14:36:27.853009Z
2025-03-21,CHN,China,CNY,Renminbi,7.176,USD,LCU_per_USD,official_central_parity,PBC-authorized daily USD/CNY central parity reference rate.,reported_public_series,CFETS_CNY_PARITY,USD/CNY Central Parity Rate - Historical Data,https://www.chinamoney.com.cn/ags/ms/cm-u-bk-ccpr/CcprHisNew,https://www.chinamoney.com.cn/english/bmkcpr/index.html?tab=2,2026-08-31T14:36:27.853009Z
2025-03-24,CHN,China,CNY,Renminbi,7.178,USD,LCU_per_USD,official_central_parity,PBC-authorized daily USD/CNY central parity reference rate.,reported_public_series,CFETS_CNY_PARITY,USD/CNY Central Parity Rate - Historical Data,https://www.chinamoney.com.cn/ags/ms/cm-u-bk-ccpr/CcprHisNew,https://www.chinamoney.com.cn/english/bmkcpr/index.html?tab=2,2026-08-31T14:36:27.853009Z
2025-03-25,CHN,China,CNY,Renminbi,7.1788,USD,LCU_per_USD,official_central_parity,PBC-authorized daily USD/CNY central parity reference rate.,reported_public_series,CFETS_CNY_PARITY,USD/CNY Central Parity Rate - Historical Data,https://www.chinamoney.com.cn/ags/ms/cm-u-bk-ccpr/CcprHisNew,https://www.chinamoney.com.cn/english/bmkcpr/index.html?tab=2,2026-08-31T14:36:27.853009Z
2025-03-26,CHN,China,CNY,Renminbi,7.1754,USD,LCU_per_USD,official_central_parity,PBC-authorized daily USD/CNY central parity reference rate.,reported_public_series,CFETS_CNY_PARITY,USD/CNY Central Parity Rate - Historical Data,https://www.chinamoney.com.cn/ags/ms/cm-u-bk-ccpr/CcprHisNew,https://www.chinamoney.com.cn/english/bmkcpr/index.html?tab=2,2026-08-31T14:36:27.853009Z
2025-03-27,CHN,China,CNY,Renminbi,7.1763,USD,LCU_per_USD,official_central_parity,PBC-authorized daily USD/CNY central parity reference rate.,reported_public_series,CFETS_CNY_PARITY,USD/CNY Central Parity Rate - Historical Data,https://www.chinamoney.com.cn/ags/ms/cm-u-bk-ccpr/CcprHisNew,https://www.chinamoney.com.cn/english/bmkcpr/index.html?tab=2,2026-08-31T14:36:27.853009Z
2025-03-28,CHN,China,CNY,Renminbi,7.1752,USD,LCU_per_USD,official_central_parity,PBC-authorized daily USD/CNY central parity reference rate.,reported_public_series,CFETS_CNY_PARITY,USD/CNY Central Parity Rate - Historical Data,https://www.chinamoney.com.cn/ags/ms/cm-u-bk-ccpr/CcprHisNew,https://www.chinamoney.com.cn/english/bmkcpr/index.html?tab=2,2026-08-31T14:36:27.853009Z
2025-03-31,CHN,China,CNY,Renminbi,7.1782,USD,LCU_per_USD,official_central_parity,PBC-authorized daily USD/CNY central parity reference rate.,reported_public_series,CFETS_CNY_PARITY,USD/CNY Central Parity Rate - Historical Data,https://www.chinamoney.com.cn/ags/ms/cm-u-bk-ccpr/CcprHisNew,https://www.chinamoney.com.cn/english/bmkcpr/index.html?tab=2,2026-08-31T14:36:27.853009Z
2025-04-01,CHN,China,CNY,Renminbi,7.1775,USD,LCU_per_USD,official_central_parity,PBC-authorized daily USD/CNY central parity reference rate.,reported_public_series,CFETS_CNY_PARITY,USD/CNY Central Parity Rate - Historical Data,https://www.chinamoney.com.cn/ags/ms/cm-u-bk-ccpr/CcprHisNew,https://www.chinamoney.com.cn/english/bmkcpr/index.html?tab=2,2026-08-31T14:36:28.108521Z
2025-04-02,CHN,China,CNY,Renminbi,7.1793,USD,LCU_per_USD,official_central_parity,PBC-authorized daily USD/CNY central parity reference rate.,reported_public_series,CFETS_CNY_PARITY,USD/CNY Central Parity Rate - Historical Data,https://www.chinamoney.com.cn/ags/ms/cm-u-bk-ccpr/CcprHisNew,https://www.chinamoney.com.cn/english/bmkcpr/index.html?tab=2,2026-08-31T14:36:28.108521Z
2025-04-03,CHN,China,CNY,Renminbi,7.1889,USD,LCU_per_USD,official_central_parity,PBC-authorized daily USD/CNY central parity reference rate.,reported_public_series,CFETS_CNY_PARITY,USD/CNY Central Parity Rate - Historical Data,https://www.chinamoney.com.cn/ags/ms/cm-u-bk-ccpr/CcprHisNew,https://www.chinamoney.com.cn/english/bmkcpr/index.html?tab=2,2026-08-31T14:36:28.108521Z
2025-04-07,CHN,China,CNY,Renminbi,7.198,USD,LCU_per_USD,official_central_parity,PBC-authorized daily USD/CNY central parity reference rate.,reported_public_series,CFETS_CNY_PARITY,USD/CNY Central Parity Rate - Historical Data,https://www.chinamoney.com.cn/ags/ms/cm-u-bk-ccpr/CcprHisNew,https://www.chinamoney.com.cn/english/bmkcpr/index.html?tab=2,2026-08-31T14:36:28.108521Z
2025-04-08,CHN,China,CNY,Renminbi,7.2038,USD,LCU_per_USD,official_central_parity,PBC-authorized daily USD/CNY central parity reference rate.,reported_public_series,CFETS_CNY_PARITY,USD/CNY Central Parity Rate - Historical Data,https://www.chinamoney.com.cn/ags/ms/cm-u-bk-ccpr/CcprHisNew,https://www.chinamoney.com.cn/english/bmkcpr/index.html?tab=2,2026-08-31T14:36:28.108521Z
2025-04-09,CHN,China,CNY,Renminbi,7.2066,USD,LCU_per_USD,official_central_parity,PBC-authorized daily USD/CNY central parity reference rate.,reported_public_series,CFETS_CNY_PARITY,USD/CNY Central Parity Rate - Historical Data,https://www.chinamoney.com.cn/ags/ms/cm-u-bk-ccpr/CcprHisNew,https://www.chinamoney.com.cn/english/bmkcpr/index.html?tab=2,2026-08-31T14:36:28.108521Z
2025-04-10,CHN,China,CNY,Renminbi,7.2092,USD,LCU_per_USD,official_central_parity,PBC-authorized daily USD/CNY central parity reference rate.,reported_public_series,CFETS_CNY_PARITY,USD/CNY Central Parity Rate - Historical Data,https://www.chinamoney.com.cn/ags/ms/cm-u-bk-ccpr/CcprHisNew,https://www.chinamoney.com.cn/english/bmkcpr/index.html?tab=2,2026-08-31T14:36:28.108521Z
2025-04-11,CHN,China,CNY,Renminbi,7.2087,USD,LCU_per_USD,official_central_parity,PBC-authorized daily USD/CNY central parity reference rate.,reported_public_series,CFETS_CNY_PARITY,USD/CNY Central Parity Rate - Historical Data,https://www.chinamoney.com.cn/ags/ms/cm-u-bk-ccpr/CcprHisNew,https://www.chinamoney.com.cn/english/bmkcpr/index.html?tab=2,2026-08-31T14:36:28.108521Z
2025-04-14,CHN,China,CNY,Renminbi,7.211,USD,LCU_per_USD,official_central_parity,PBC-authorized daily USD/CNY central parity reference rate.,reported_public_series,CFETS_CNY_PARITY,USD/CNY Central Parity Rate - Historical Data,https://www.chinamoney.com.cn/ags/ms/cm-u-bk-ccpr/CcprHisNew,https://www.chinamoney.com.cn/english/bmkcpr/index.html?tab=2,2026-08-31T14:36:28.108521Z
2025-04-15,CHN,China,CNY,Renminbi,7.2096,USD,LCU_per_USD,official_central_parity,PBC-authorized daily USD/CNY central parity reference rate.,reported_public_series,CFETS_CNY_PARITY,USD/CNY Central Parity Rate - Historical Data,https://www.chinamoney.com.cn/ags/ms/cm-u-bk-ccpr/CcprHisNew,https://www.chinamoney.com.cn/english/bmkcpr/index.html?tab=2,2026-08-31T14:36:28.108521Z
2025-04-16,CHN,China,CNY,Renminbi,7.2133,USD,LCU_per_USD,official_central_parity,PBC-authorized daily USD/CNY central parity reference rate.,reported_public_series,CFETS_CNY_PARITY,USD/CNY Central Parity Rate - Historical Data,https://www.chinamoney.com.cn/ags/ms/cm-u-bk-ccpr/CcprHisNew,https://www.chinamoney.com.cn/english/bmkcpr/index.html?tab=2,2026-08-31T14:36:28.108521Z
2025-04-17,CHN,China,CNY,Renminbi,7.2085,USD,LCU_per_USD,official_central_parity,PBC-authorized daily USD/CNY central parity reference rate.,reported_public_series,CFETS_CNY_PARITY,USD/CNY Central Parity Rate - Historical Data,https://www.chinamoney.com.cn/ags/ms/cm-u-bk-ccpr/CcprHisNew,https://www.chinamoney.com.cn/english/bmkcpr/index.html?tab=2,2026-08-31T14:36:28.108521Z
2025-04-18,CHN,China,CNY,Renminbi,7.2069,USD,LCU_per_USD,official_central_parity,PBC-authorized daily USD/CNY central parity reference rate.,reported_public_series,CFETS_CNY_PARITY,USD/CNY Central Parity Rate - Historical Data,https://www.chinamoney.com.cn/ags/ms/cm-u-bk-ccpr/CcprHisNew,https://www.chinamoney.com.cn/english/bmkcpr/index.html?tab=2,2026-08-31T14:36:28.108521Z
2025-04-21,CHN,China,CNY,Renminbi,7.2055,USD,LCU_per_USD,official_central_parity,PBC-authorized daily USD/CNY central parity reference rate.,reported_public_series,CFETS_CNY_PARITY,USD/CNY Central Parity Rate - Historical Data,https://www.chinamoney.com.cn/ags/ms/cm-u-bk-ccpr/CcprHisNew,https://www.chinamoney.com.cn/english/bmkcpr/index.html?tab=2,2026-08-31T14:36:28.108521Z
2025-04-22,CHN,China,CNY,Renminbi,7.2074,USD,LCU_per_USD,official_central_parity,PBC-authorized daily USD/CNY central parity reference rate.,reported_public_series,CFETS_CNY_PARITY,USD/CNY Central Parity Rate - Historical Data,https://www.chinamoney.com.cn/ags/ms/cm-u-bk-ccpr/CcprHisNew,https://www.chinamoney.com.cn/english/bmkcpr/index.html?tab=2,2026-08-31T14:36:28.108521Z
2025-04-23,CHN,China,CNY,Renminbi,7.2116,USD,LCU_per_USD,official_central_parity,PBC-authorized daily USD/CNY central parity reference rate.,reported_public_series,CFETS_CNY_PARITY,USD/CNY Central Parity Rate - Historical Data,https://www.chinamoney.com.cn/ags/ms/cm-u-bk-ccpr/CcprHisNew,https://www.chinamoney.com.cn/english/bmkcpr/index.html?tab=2,2026-08-31T14:36:28.108521Z
2025-04-24,CHN,China,CNY,Renminbi,7.2098,USD,LCU_per_USD,official_central_parity,PBC-authorized daily USD/CNY central parity reference rate.,reported_public_series,CFETS_CNY_PARITY,USD/CNY Central Parity Rate - Historical Data,https://www.chinamoney.com.cn/ags/ms/cm-u-bk-ccpr/CcprHisNew,https://www.chinamoney.com.cn/english/bmkcpr/index.html?tab=2,2026-08-31T14:36:28.108521Z
2025-04-25,CHN,China,CNY,Renminbi,7.2066,USD,LCU_per_USD,official_central_parity,PBC-authorized daily USD/CNY central parity reference rate.,reported_public_series,CFETS_CNY_PARITY,USD/CNY Central Parity Rate - Historical Data,https://www.chinamoney.com.cn/ags/ms/cm-u-bk-ccpr/CcprHisNew,https://www.chinamoney.com.cn/english/bmkcpr/index.html?tab=2,2026-08-31T14:36:28.108521Z
2025-04-28,CHN,China,CNY,Renminbi,7.2043,USD,LCU_per_USD,official_central_parity,PBC-authorized daily USD/CNY central parity reference rate.,reported_public_series,CFETS_CNY_PARITY,USD/CNY Central Parity Rate - Historical Data,https://www.chinamoney.com.cn/ags/ms/cm-u-bk-ccpr/CcprHisNew,https://www.chinamoney.com.cn/english/bmkcpr/index.html?tab=2,2026-08-31T14:36:28.108521Z
2025-04-29,CHN,China,CNY,Renminbi,7.2029,USD,LCU_per_USD,official_central_parity,PBC-authorized daily USD/CNY central parity reference rate.,reported_public_series,CFETS_CNY_PARITY,USD/CNY Central Parity Rate - Historical Data,https://www.chinamoney.com.cn/ags/ms/cm-u-bk-ccpr/CcprHisNew,https://www.chinamoney.com.cn/english/bmkcpr/index.html?tab=2,2026-08-31T14:36:28.108521Z
2025-04-30,CHN,China,CNY,Renminbi,7.2014,USD,LCU_per_USD,official_central_parity,PBC-authorized daily USD/CNY central parity reference rate.,reported_public_series,CFETS_CNY_PARITY,USD/CNY Central Parity Rate - Historical Data,https://www.chinamoney.com.cn/ags/ms/cm-u-bk-ccpr/CcprHisNew,https://www.chinamoney.com.cn/english/bmkcpr/index.html?tab=2,2026-08-31T14:36:28.108521Z
2025-05-06,CHN,China,CNY,Renminbi,7.2008,USD,LCU_per_USD,official_central_parity,PBC-authorized daily USD/CNY central parity reference rate.,reported_public_series,CFETS_CNY_PARITY,USD/CNY Central Parity Rate - Historical Data,https://www.chinamoney.com.cn/ags/ms/cm-u-bk-ccpr/CcprHisNew,https://www.chinamoney.com.cn/english/bmkcpr/index.html?tab=2,2026-08-31T14:36:28.351727Z
2025-05-07,CHN,China,CNY,Renminbi,7.2005,USD,LCU_per_USD,official_central_parity,PBC-authorized daily USD/CNY central parity reference rate.,reported_public_series,CFETS_CNY_PARITY,USD/CNY Central Parity Rate - Historical Data,https://www.chinamoney.com.cn/ags/ms/cm-u-bk-ccpr/CcprHisNew,https://www.chinamoney.com.cn/english/bmkcpr/index.html?tab=2,2026-08-31T14:36:28.351727Z
2025-05-08,CHN,China,CNY,Renminbi,7.2073,USD,LCU_per_USD,official_central_parity,PBC-authorized daily USD/CNY central parity reference rate.,reported_public_series,CFETS_CNY_PARITY,USD/CNY Central Parity Rate - Historical Data,https://www.chinamoney.com.cn/ags/ms/cm-u-bk-ccpr/CcprHisNew,https://www.chinamoney.com.cn/english/bmkcpr/index.html?tab=2,2026-08-31T14:36:28.351727Z
2025-05-09,CHN,China,CNY,Renminbi,7.2095,USD,LCU_per_USD,official_central_parity,PBC-authorized daily USD/CNY central parity reference rate.,reported_public_series,CFETS_CNY_PARITY,USD/CNY Central Parity Rate - Historical Data,https://www.chinamoney.com.cn/ags/ms/cm-u-bk-ccpr/CcprHisNew,https://www.chinamoney.com.cn/english/bmkcpr/index.html?tab=2,2026-08-31T14:36:28.351727Z
2025-05-12,CHN,China,CNY,Renminbi,7.2066,USD,LCU_per_USD,official_central_parity,PBC-authorized daily USD/CNY central parity reference rate.,reported_public_series,CFETS_CNY_PARITY,USD/CNY Central Parity Rate - Historical Data,https://www.chinamoney.com.cn/ags/ms/cm-u-bk-ccpr/CcprHisNew,https://www.chinamoney.com.cn/english/bmkcpr/index.html?tab=2,2026-08-31T14:36:28.351727Z
2025-05-13,CHN,China,CNY,Renminbi,7.1991,USD,LCU_per_USD,official_central_parity,PBC-authorized daily USD/CNY central parity reference rate.,reported_public_series,CFETS_CNY_PARITY,USD/CNY Central Parity Rate - Historical Data,https://www.chinamoney.com.cn/ags/ms/cm-u-bk-ccpr/CcprHisNew,https://www.chinamoney.com.cn/english/bmkcpr/index.html?tab=2,2026-08-31T14:36:28.351727Z
2025-05-14,CHN,China,CNY,Renminbi,7.1956,USD,LCU_per_USD,official_central_parity,PBC-authorized daily USD/CNY central parity reference rate.,reported_public_series,CFETS_CNY_PARITY,USD/CNY Central Parity Rate - Historical Data,https://www.chinamoney.com.cn/ags/ms/cm-u-bk-ccpr/CcprHisNew,https://www.chinamoney.com.cn/english/bmkcpr/index.html?tab=2,2026-08-31T14:36:28.351727Z
2025-05-15,CHN,China,CNY,Renminbi,7.1963,USD,LCU_per_USD,official_central_parity,PBC-authorized daily USD/CNY central parity reference rate.,reported_public_series,CFETS_CNY_PARITY,USD/CNY Central Parity Rate - Historical Data,https://www.chinamoney.com.cn/ags/ms/cm-u-bk-ccpr/CcprHisNew,https://www.chinamoney.com.cn/english/bmkcpr/index.html?tab=2,2026-08-31T14:36:28.351727Z
2025-05-16,CHN,China,CNY,Renminbi,7.1938,USD,LCU_per_USD,official_central_parity,PBC-authorized daily USD/CNY central parity reference rate.,reported_public_series,CFETS_CNY_PARITY,USD/CNY Central Parity Rate - Historical Data,https://www.chinamoney.com.cn/ags/ms/cm-u-bk-ccpr/CcprHisNew,https://www.chinamoney.com.cn/english/bmkcpr/index.html?tab=2,2026-08-31T14:36:28.351727Z
2025-05-19,CHN,China,CNY,Renminbi,7.1916,USD,LCU_per_USD,official_central_parity,PBC-authorized daily USD/CNY central parity reference rate.,reported_public_series,CFETS_CNY_PARITY,USD/CNY Central Parity Rate - Historical Data,https://www.chinamoney.com.cn/ags/ms/cm-u-bk-ccpr/CcprHisNew,https://www.chinamoney.com.cn/english/bmkcpr/index.html?tab=2,2026-08-31T14:36:28.351727Z
2025-05-20,CHN,China,CNY,Renminbi,7.1931,USD,LCU_per_USD,official_central_parity,PBC-authorized daily USD/CNY central parity reference rate.,reported_public_series,CFETS_CNY_PARITY,USD/CNY Central Parity Rate - Historical Data,https://www.chinamoney.com.cn/ags/ms/cm-u-bk-ccpr/CcprHisNew,https://www.chinamoney.com.cn/english/bmkcpr/index.html?tab=2,2026-08-31T14:36:28.351727Z
2025-05-21,CHN,China,CNY,Renminbi,7.1937,USD,LCU_per_USD,official_central_parity,PBC-authorized daily USD/CNY central parity reference rate.,reported_public_series,CFETS_CNY_PARITY,USD/CNY Central Parity Rate - Historical Data,https://www.chinamoney.com.cn/ags/ms/cm-u-bk-ccpr/CcprHisNew,https://www.chinamoney.com.cn/english/bmkcpr/index.html?tab=2,2026-08-31T14:36:28.351727Z
2025-05-22,CHN,China,CNY,Renminbi,7.1903,USD,LCU_per_USD,official_central_parity,PBC-authorized daily USD/CNY central parity reference rate.,reported_public_series,CFETS_CNY_PARITY,USD/CNY Central Parity Rate - Historical Data,https://www.chinamoney.com.cn/ags/ms/cm-u-bk-ccpr/CcprHisNew,https://www.chinamoney.com.cn/english/bmkcpr/index.html?tab=2,2026-08-31T14:36:28.351727Z
2025-05-23,CHN,China,CNY,Renminbi,7.1919,USD,LCU_per_USD,official_central_parity,PBC-authorized daily USD/CNY central parity reference rate.,reported_public_series,CFETS_CNY_PARITY,USD/CNY Central Parity Rate - Historical Data,https://www.chinamoney.com.cn/ags/ms/cm-u-bk-ccpr/CcprHisNew,https://www.chinamoney.com.cn/english/bmkcpr/index.html?tab=2,2026-08-31T14:36:28.351727Z
2025-05-26,CHN,China,CNY,Renminbi,7.1833,USD,LCU_per_USD,official_central_parity,PBC-authorized daily USD/CNY central parity reference rate.,reported_public_series,CFETS_CNY_PARITY,USD/CNY Central Parity Rate - Historical Data,https://www.chinamoney.com.cn/ags/ms/cm-u-bk-ccpr/CcprHisNew,https://www.chinamoney.com.cn/english/bmkcpr/index.html?tab=2,2026-08-31T14:36:28.351727Z
2025-05-27,CHN,China,CNY,Renminbi,7.1876,USD,LCU_per_USD,official_central_parity,PBC-authorized daily USD/CNY central parity reference rate.,reported_public_series,CFETS_CNY_PARITY,USD/CNY Central Parity Rate - Historical Data,https://www.chinamoney.com.cn/ags/ms/cm-u-bk-ccpr/CcprHisNew,https://www.chinamoney.com.cn/english/bmkcpr/index.html?tab=2,2026-08-31T14:36:28.351727Z
2025-05-28,CHN,China,CNY,Renminbi,7.1894,USD,LCU_per_USD,official_central_parity,PBC-authorized daily USD/CNY central parity reference rate.,reported_public_series,CFETS_CNY_PARITY,USD/CNY Central Parity Rate - Historical Data,https://www.chinamoney.com.cn/ags/ms/cm-u-bk-ccpr/CcprHisNew,https://www.chinamoney.com.cn/english/bmkcpr/index.html?tab=2,2026-08-31T14:36:28.351727Z
2025-05-29,CHN,China,CNY,Renminbi,7.1907,USD,LCU_per_USD,official_central_parity,PBC-authorized daily USD/CNY central parity reference rate.,reported_public_series,CFETS_CNY_PARITY,USD/CNY Central Parity Rate - Historical Data,https://www.chinamoney.com.cn/ags/ms/cm-u-bk-ccpr/CcprHisNew,https://www.chinamoney.com.cn/english/bmkcpr/index.html?tab=2,2026-08-31T14:36:28.351727Z
2025-05-30,CHN,China,CNY,Renminbi,7.1848,USD,LCU_per_USD,official_central_parity,PBC-authorized daily USD/CNY central parity reference rate.,reported_public_series,CFETS_CNY_PARITY,USD/CNY Central Parity Rate - Historical Data,https://www.chinamoney.com.cn/ags/ms/cm-u-bk-ccpr/CcprHisNew,https://www.chinamoney.com.cn/english/bmkcpr/index.html?tab=2,2026-08-31T14:36:28.351727Z
2025-06-03,CHN,China,CNY,Renminbi,7.1869,USD,LCU_per_USD,official_central_parity,PBC-authorized daily USD/CNY central parity reference rate.,reported_public_series,CFETS_CNY_PARITY,USD/CNY Central Parity Rate - Historical Data,https://www.chinamoney.com.cn/ags/ms/cm-u-bk-ccpr/CcprHisNew,https://www.chinamoney.com.cn/english/bmkcpr/index.html?tab=2,2026-08-31T14:36:28.570948Z
2025-06-04,CHN,China,CNY,Renminbi,7.1886,USD,LCU_per_USD,official_central_parity,PBC-authorized daily USD/CNY central parity reference rate.,reported_public_series,CFETS_CNY_PARITY,USD/CNY Central Parity Rate - Historical Data,https://www.chinamoney.com.cn/ags/ms/cm-u-bk-ccpr/CcprHisNew,https://www.chinamoney.com.cn/english/bmkcpr/index.html?tab=2,2026-08-31T14:36:28.570948Z
2025-06-05,CHN,China,CNY,Renminbi,7.1865,USD,LCU_per_USD,official_central_parity,PBC-authorized daily USD/CNY central parity reference rate.,reported_public_series,CFETS_CNY_PARITY,USD/CNY Central Parity Rate - Historical Data,https://www.chinamoney.com.cn/ags/ms/cm-u-bk-ccpr/CcprHisNew,https://www.chinamoney.com.cn/english/bmkcpr/index.html?tab=2,2026-08-31T14:36:28.570948Z
2025-06-06,CHN,China,CNY,Renminbi,7.1845,USD,LCU_per_USD,official_central_parity,PBC-authorized daily USD/CNY central parity reference rate.,reported_public_series,CFETS_CNY_PARITY,USD/CNY Central Parity Rate - Historical Data,https://www.chinamoney.com.cn/ags/ms/cm-u-bk-ccpr/CcprHisNew,https://www.chinamoney.com.cn/english/bmkcpr/index.html?tab=2,2026-08-31T14:36:28.570948Z
2025-06-09,CHN,China,CNY,Renminbi,7.1855,USD,LCU_per_USD,official_central_parity,PBC-authorized daily USD/CNY central parity reference rate.,reported_public_series,CFETS_CNY_PARITY,USD/CNY Central Parity Rate - Historical Data,https://www.chinamoney.com.cn/ags/ms/cm-u-bk-ccpr/CcprHisNew,https://www.chinamoney.com.cn/english/bmkcpr/index.html?tab=2,2026-08-31T14:36:28.570948Z
2025-06-10,CHN,China,CNY,Renminbi,7.184,USD,LCU_per_USD,official_central_parity,PBC-authorized daily USD/CNY central parity reference rate.,reported_public_series,CFETS_CNY_PARITY,USD/CNY Central Parity Rate - Historical Data,https://www.chinamoney.com.cn/ags/ms/cm-u-bk-ccpr/CcprHisNew,https://www.chinamoney.com.cn/english/bmkcpr/index.html?tab=2,2026-08-31T14:36:28.570948Z
2025-06-11,CHN,China,CNY,Renminbi,7.1815,USD,LCU_per_USD,official_central_parity,PBC-authorized daily USD/CNY central parity reference rate.,reported_public_series,CFETS_CNY_PARITY,USD/CNY Central Parity Rate - Historical Data,https://www.chinamoney.com.cn/ags/ms/cm-u-bk-ccpr/CcprHisNew,https://www.chinamoney.com.cn/english/bmkcpr/index.html?tab=2,2026-08-31T14:36:28.570948Z
2025-06-12,CHN,China,CNY,Renminbi,7.1803,USD,LCU_per_USD,official_central_parity,PBC-authorized daily USD/CNY central parity reference rate.,reported_public_series,CFETS_CNY_PARITY,USD/CNY Central Parity Rate - Historical Data,https://www.chinamoney.com.cn/ags/ms/cm-u-bk-ccpr/CcprHisNew,https://www.chinamoney.com.cn/english/bmkcpr/index.html?tab=2,2026-08-31T14:36:28.570948Z
2025-06-13,CHN,China,CNY,Renminbi,7.1772,USD,LCU_per_USD,official_central_parity,PBC-authorized daily USD/CNY central parity reference rate.,reported_public_series,CFETS_CNY_PARITY,USD/CNY Central Parity Rate - Historical Data,https://www.chinamoney.com.cn/ags/ms/cm-u-bk-ccpr/CcprHisNew,https://www.chinamoney.com.cn/english/bmkcpr/index.html?tab=2,2026-08-31T14:36:28.570948Z
2025-06-16,CHN,China,CNY,Renminbi,7.1789,USD,LCU_per_USD,official_central_parity,PBC-authorized daily USD/CNY central parity reference rate.,reported_public_series,CFETS_CNY_PARITY,USD/CNY Central Parity Rate - Historical Data,https://www.chinamoney.com.cn/ags/ms/cm-u-bk-ccpr/CcprHisNew,https://www.chinamoney.com.cn/english/bmkcpr/index.html?tab=2,2026-08-31T14:36:28.570948Z
2025-06-17,CHN,China,CNY,Renminbi,7.1746,USD,LCU_per_USD,official_central_parity,PBC-authorized daily USD/CNY central parity reference rate.,reported_public_series,CFETS_CNY_PARITY,USD/CNY Central Parity Rate - Historical Data,https://www.chinamoney.com.cn/ags/ms/cm-u-bk-ccpr/CcprHisNew,https://www.chinamoney.com.cn/english/bmkcpr/index.html?tab=2,2026-08-31T14:36:28.570948Z
2025-06-18,CHN,China,CNY,Renminbi,7.1761,USD,LCU_per_USD,official_central_parity,PBC-authorized daily USD/CNY central parity reference rate.,reported_public_series,CFETS_CNY_PARITY,USD/CNY Central Parity Rate - Historical Data,https://www.chinamoney.com.cn/ags/ms/cm-u-bk-ccpr/CcprHisNew,https://www.chinamoney.com.cn/english/bmkcpr/index.html?tab=2,2026-08-31T14:36:28.570948Z
2025-06-19,CHN,China,CNY,Renminbi,7.1729,USD,LCU_per_USD,official_central_parity,PBC-authorized daily USD/CNY central parity reference rate.,reported_public_series,CFETS_CNY_PARITY,USD/CNY Central Parity Rate - Historical Data,https://www.chinamoney.com.cn/ags/ms/cm-u-bk-ccpr/CcprHisNew,https://www.chinamoney.com.cn/english/bmkcpr/index.html?tab=2,2026-08-31T14:36:28.570948Z
2025-06-20,CHN,China,CNY,Renminbi,7.1695,USD,LCU_per_USD,official_central_parity,PBC-authorized daily USD/CNY central parity reference rate.,reported_public_series,CFETS_CNY_PARITY,USD/CNY Central Parity Rate - Historical Data,https://www.chinamoney.com.cn/ags/ms/cm-u-bk-ccpr/CcprHisNew,https://www.chinamoney.com.cn/english/bmkcpr/index.html?tab=2,2026-08-31T14:36:28.570948Z
2025-06-23,CHN,China,CNY,Renminbi,7.171,USD,LCU_per_USD,official_central_parity,PBC-authorized daily USD/CNY central parity reference rate.,reported_public_series,CFETS_CNY_PARITY,USD/CNY Central Parity Rate - Historical Data,https://www.chinamoney.com.cn/ags/ms/cm-u-bk-ccpr/CcprHisNew,https://www.chinamoney.com.cn/english/bmkcpr/index.html?tab=2,2026-08-31T14:36:28.570948Z
2025-06-24,CHN,China,CNY,Renminbi,7.1656,USD,LCU_per_USD,official_central_parity,PBC-authorized daily USD/CNY central parity reference rate.,reported_public_series,CFETS_CNY_PARITY,USD/CNY Central Parity Rate - Historical Data,https://www.chinamoney.com.cn/ags/ms/cm-u-bk-ccpr/CcprHisNew,https://www.chinamoney.com.cn/english/bmkcpr/index.html?tab=2,2026-08-31T14:36:28.570948Z
2025-06-25,CHN,China,CNY,Renminbi,7.1668,USD,LCU_per_USD,official_central_parity,PBC-authorized daily USD/CNY central parity reference rate.,reported_public_series,CFETS_CNY_PARITY,USD/CNY Central Parity Rate - Historical Data,https://www.chinamoney.com.cn/ags/ms/cm-u-bk-ccpr/CcprHisNew,https://www.chinamoney.com.cn/english/bmkcpr/index.html?tab=2,2026-08-31T14:36:28.570948Z
2025-06-26,CHN,China,CNY,Renminbi,7.162,USD,LCU_per_USD,official_central_parity,PBC-authorized daily USD/CNY central parity reference rate.,reported_public_series,CFETS_CNY_PARITY,USD/CNY Central Parity Rate - Historical Data,https://www.chinamoney.com.cn/ags/ms/cm-u-bk-ccpr/CcprHisNew,https://www.chinamoney.com.cn/english/bmkcpr/index.html?tab=2,2026-08-31T14:36:28.570948Z
2025-06-27,CHN,China,CNY,Renminbi,7.1627,USD,LCU_per_USD,official_central_parity,PBC-authorized daily USD/CNY central parity reference rate.,reported_public_series,CFETS_CNY_PARITY,USD/CNY Central Parity Rate - Historical Data,https://www.chinamoney.com.cn/ags/ms/cm-u-bk-ccpr/CcprHisNew,https://www.chinamoney.com.cn/english/bmkcpr/index.html?tab=2,2026-08-31T14:36:28.570948Z
2025-06-30,CHN,China,CNY,Renminbi,7.1586,USD,LCU_per_USD,official_central_parity,PBC-authorized daily USD/CNY central parity reference rate.,reported_public_series,CFETS_CNY_PARITY,USD/CNY Central Parity Rate - Historical Data,https://www.chinamoney.com.cn/ags/ms/cm-u-bk-ccpr/CcprHisNew,https://www.chinamoney.com.cn/english/bmkcpr/index.html?tab=2,2026-08-31T14:36:28.570948Z
2025-07-01,CHN,China,CNY,Renminbi,7.1534,USD,LCU_per_USD,official_central_parity,PBC-authorized daily USD/CNY central parity reference rate.,reported_public_series,CFETS_CNY_PARITY,USD/CNY Central Parity Rate - Historical Data,https://www.chinamoney.com.cn/ags/ms/cm-u-bk-ccpr/CcprHisNew,https://www.chinamoney.com.cn/english/bmkcpr/index.html?tab=2,2026-08-31T14:36:28.792531Z
2025-07-02,CHN,China,CNY,Renminbi,7.1546,USD,LCU_per_USD,official_central_parity,PBC-authorized daily USD/CNY central parity reference rate.,reported_public_series,CFETS_CNY_PARITY,USD/CNY Central Parity Rate - Historical Data,https://www.chinamoney.com.cn/ags/ms/cm-u-bk-ccpr/CcprHisNew,https://www.chinamoney.com.cn/english/bmkcpr/index.html?tab=2,2026-08-31T14:36:28.792531Z
2025-07-03,CHN,China,CNY,Renminbi,7.1523,USD,LCU_per_USD,official_central_parity,PBC-authorized daily USD/CNY central parity reference rate.,reported_public_series,CFETS_CNY_PARITY,USD/CNY Central Parity Rate - Historical Data,https://www.chinamoney.com.cn/ags/ms/cm-u-bk-ccpr/CcprHisNew,https://www.chinamoney.com.cn/english/bmkcpr/index.html?tab=2,2026-08-31T14:36:28.792531Z
2025-07-04,CHN,China,CNY,Renminbi,7.1535,USD,LCU_per_USD,official_central_parity,PBC-authorized daily USD/CNY central parity reference rate.,reported_public_series,CFETS_CNY_PARITY,USD/CNY Central Parity Rate - Historical Data,https://www.chinamoney.com.cn/ags/ms/cm-u-bk-ccpr/CcprHisNew,https://www.chinamoney.com.cn/english/bmkcpr/index.html?tab=2,2026-08-31T14:36:28.792531Z
2025-07-07,CHN,China,CNY,Renminbi,7.1506,USD,LCU_per_USD,official_central_parity,PBC-authorized daily USD/CNY central parity reference rate.,reported_public_series,CFETS_CNY_PARITY,USD/CNY Central Parity Rate - Historical Data,https://www.chinamoney.com.cn/ags/ms/cm-u-bk-ccpr/CcprHisNew,https://www.chinamoney.com.cn/english/bmkcpr/index.html?tab=2,2026-08-31T14:36:28.792531Z
2025-07-08,CHN,China,CNY,Renminbi,7.1534,USD,LCU_per_USD,official_central_parity,PBC-authorized daily USD/CNY central parity reference rate.,reported_public_series,CFETS_CNY_PARITY,USD/CNY Central Parity Rate - Historical Data,https://www.chinamoney.com.cn/ags/ms/cm-u-bk-ccpr/CcprHisNew,https://www.chinamoney.com.cn/english/bmkcpr/index.html?tab=2,2026-08-31T14:36:28.792531Z
2025-07-09,CHN,China,CNY,Renminbi,7.1541,USD,LCU_per_USD,official_central_parity,PBC-authorized daily USD/CNY central parity reference rate.,reported_public_series,CFETS_CNY_PARITY,USD/CNY Central Parity Rate - Historical Data,https://www.chinamoney.com.cn/ags/ms/cm-u-bk-ccpr/CcprHisNew,https://www.chinamoney.com.cn/english/bmkcpr/index.html?tab=2,2026-08-31T14:36:28.792531Z
2025-07-10,CHN,China,CNY,Renminbi,7.151,USD,LCU_per_USD,official_central_parity,PBC-authorized daily USD/CNY central parity reference rate.,reported_public_series,CFETS_CNY_PARITY,USD/CNY Central Parity Rate - Historical Data,https://www.chinamoney.com.cn/ags/ms/cm-u-bk-ccpr/CcprHisNew,https://www.chinamoney.com.cn/english/bmkcpr/index.html?tab=2,2026-08-31T14:36:28.792531Z
2025-07-11,CHN,China,CNY,Renminbi,7.1475,USD,LCU_per_USD,official_central_parity,PBC-authorized daily USD/CNY central parity reference rate.,reported_public_series,CFETS_CNY_PARITY,USD/CNY Central Parity Rate - Historical Data,https://www.chinamoney.com.cn/ags/ms/cm-u-bk-ccpr/CcprHisNew,https://www.chinamoney.com.cn/english/bmkcpr/index.html?tab=2,2026-08-31T14:36:28.792531Z
2025-07-14,CHN,China,CNY,Renminbi,7.1491,USD,LCU_per_USD,official_central_parity,PBC-authorized daily USD/CNY central parity reference rate.,reported_public_series,CFETS_CNY_PARITY,USD/CNY Central Parity Rate - Historical Data,https://www.chinamoney.com.cn/ags/ms/cm-u-bk-ccpr/CcprHisNew,https://www.chinamoney.com.cn/english/bmkcpr/index.html?tab=2,2026-08-31T14:36:28.792531Z
2025-07-15,CHN,China,CNY,Renminbi,7.1498,USD,LCU_per_USD,official_central_parity,PBC-authorized daily USD/CNY central parity reference rate.,reported_public_series,CFETS_CNY_PARITY,USD/CNY Central Parity Rate - Historical Data,https://www.chinamoney.com.cn/ags/ms/cm-u-bk-ccpr/CcprHisNew,https://www.chinamoney.com.cn/english/bmkcpr/index.html?tab=2,2026-08-31T14:36:28.792531Z
2025-07-16,CHN,China,CNY,Renminbi,7.1526,USD,LCU_per_USD,official_central_parity,PBC-authorized daily USD/CNY central parity reference rate.,reported_public_series,CFETS_CNY_PARITY,USD/CNY Central Parity Rate - Historical Data,https://www.chinamoney.com.cn/ags/ms/cm-u-bk-ccpr/CcprHisNew,https://www.chinamoney.com.cn/english/bmkcpr/index.html?tab=2,2026-08-31T14:36:28.792531Z
2025-07-17,CHN,China,CNY,Renminbi,7.1461,USD,LCU_per_USD,official_central_parity,PBC-authorized daily USD/CNY central parity reference rate.,reported_public_series,CFETS_CNY_PARITY,USD/CNY Central Parity Rate - Historical Data,https://www.chinamoney.com.cn/ags/ms/cm-u-bk-ccpr/CcprHisNew,https://www.chinamoney.com.cn/english/bmkcpr/index.html?tab=2,2026-08-31T14:36:28.792531Z
2025-07-18,CHN,China,CNY,Renminbi,7.1498,USD,LCU_per_USD,official_central_parity,PBC-authorized daily USD/CNY central parity reference rate.,reported_public_series,CFETS_CNY_PARITY,USD/CNY Central Parity Rate - Historical Data,https://www.chinamoney.com.cn/ags/ms/cm-u-bk-ccpr/CcprHisNew,https://www.chinamoney.com.cn/english/bmkcpr/index.html?tab=2,2026-08-31T14:36:28.792531Z
2025-07-21,CHN,China,CNY,Renminbi,7.1522,USD,LCU_per_USD,official_central_parity,PBC-authorized daily USD/CNY central parity reference rate.,reported_public_series,CFETS_CNY_PARITY,USD/CNY Central Parity Rate - Historical Data,https://www.chinamoney.com.cn/ags/ms/cm-u-bk-ccpr/CcprHisNew,https://www.chinamoney.com.cn/english/bmkcpr/index.html?tab=2,2026-08-31T14:36:28.792531Z
2025-07-22,CHN,China,CNY,Renminbi,7.146,USD,LCU_per_USD,official_central_parity,PBC-authorized daily USD/CNY central parity reference rate.,reported_public_series,CFETS_CNY_PARITY,USD/CNY Central Parity Rate - Historical Data,https://www.chinamoney.com.cn/ags/ms/cm-u-bk-ccpr/CcprHisNew,https://www.chinamoney.com.cn/english/bmkcpr/index.html?tab=2,2026-08-31T14:36:28.792531Z
2025-07-23,CHN,China,CNY,Renminbi,7.1414,USD,LCU_per_USD,official_central_parity,PBC-authorized daily USD/CNY central parity reference rate.,reported_public_series,CFETS_CNY_PARITY,USD/CNY Central Parity Rate - Historical Data,https://www.chinamoney.com.cn/ags/ms/cm-u-bk-ccpr/CcprHisNew,https://www.chinamoney.com.cn/english/bmkcpr/index.html?tab=2,2026-08-31T14:36:28.792531Z
2025-07-24,CHN,China,CNY,Renminbi,7.1385,USD,LCU_per_USD,official_central_parity,PBC-authorized daily USD/CNY central parity reference rate.,reported_public_series,CFETS_CNY_PARITY,USD/CNY Central Parity Rate - Historical Data,https://www.chinamoney.com.cn/ags/ms/cm-u-bk-ccpr/CcprHisNew,https://www.chinamoney.com.cn/english/bmkcpr/index.html?tab=2,2026-08-31T14:36:28.792531Z
2025-07-25,CHN,China,CNY,Renminbi,7.1419,USD,LCU_per_USD,official_central_parity,PBC-authorized daily USD/CNY central parity reference rate.,reported_public_series,CFETS_CNY_PARITY,USD/CNY Central Parity Rate - Historical Data,https://www.chinamoney.com.cn/ags/ms/cm-u-bk-ccpr/CcprHisNew,https://www.chinamoney.com.cn/english/bmkcpr/index.html?tab=2,2026-08-31T14:36:28.792531Z
2025-07-28,CHN,China,CNY,Renminbi,7.1467,USD,LCU_per_USD,official_central_parity,PBC-authorized daily USD/CNY central parity reference rate.,reported_public_series,CFETS_CNY_PARITY,USD/CNY Central Parity Rate - Historical Data,https://www.chinamoney.com.cn/ags/ms/cm-u-bk-ccpr/CcprHisNew,https://www.chinamoney.com.cn/english/bmkcpr/index.html?tab=2,2026-08-31T14:36:28.792531Z
2025-07-29,CHN,China,CNY,Renminbi,7.1511,USD,LCU_per_USD,official_central_parity,PBC-authorized daily USD/CNY central parity reference rate.,reported_public_series,CFETS_CNY_PARITY,USD/CNY Central Parity Rate - Historical Data,https://www.chinamoney.com.cn/ags/ms/cm-u-bk-ccpr/CcprHisNew,https://www.chinamoney.com.cn/english/bmkcpr/index.html?tab=2,2026-08-31T14:36:28.792531Z
2025-07-30,CHN,China,CNY,Renminbi,7.1441,USD,LCU_per_USD,official_central_parity,PBC-authorized daily USD/CNY central parity reference rate.,reported_public_series,CFETS_CNY_PARITY,USD/CNY Central Parity Rate - Historical Data,https://www.chinamoney.com.cn/ags/ms/cm-u-bk-ccpr/CcprHisNew,https://www.chinamoney.com.cn/english/bmkcpr/index.html?tab=2,2026-08-31T14:36:28.792531Z
2025-07-31,CHN,China,CNY,Renminbi,7.1494,USD,LCU_per_USD,official_central_parity,PBC-authorized daily USD/CNY central parity reference rate.,reported_public_series,CFETS_CNY_PARITY,USD/CNY Central Parity Rate - Historical Data,https://www.chinamoney.com.cn/ags/ms/cm-u-bk-ccpr/CcprHisNew,https://www.chinamoney.com.cn/english/bmkcpr/index.html?tab=2,2026-08-31T14:36:28.792531Z
2025-08-01,CHN,China,CNY,Renminbi,7.1496,USD,LCU_per_USD,official_central_parity,PBC-authorized daily USD/CNY central parity reference rate.,reported_public_series,CFETS_CNY_PARITY,USD/CNY Central Parity Rate - Historical Data,https://www.chinamoney.com.cn/ags/ms/cm-u-bk-ccpr/CcprHisNew,https://www.chinamoney.com.cn/english/bmkcpr/index.html?tab=2,2026-08-31T14:36:29.012134Z
2025-08-04,CHN,China,CNY,Renminbi,7.1395,USD,LCU_per_USD,official_central_parity,PBC-authorized daily USD/CNY central parity reference rate.,reported_public_series,CFETS_CNY_PARITY,USD/CNY Central Parity Rate - Historical Data,https://www.chinamoney.com.cn/ags/ms/cm-u-bk-ccpr/CcprHisNew,https://www.chinamoney.com.cn/english/bmkcpr/index.html?tab=2,2026-08-31T14:36:29.012134Z
2025-08-05,CHN,China,CNY,Renminbi,7.1366,USD,LCU_per_USD,official_central_parity,PBC-authorized daily USD/CNY central parity reference rate.,reported_public_series,CFETS_CNY_PARITY,USD/CNY Central Parity Rate - Historical Data,https://www.chinamoney.com.cn/ags/ms/cm-u-bk-ccpr/CcprHisNew,https://www.chinamoney.com.cn/english/bmkcpr/index.html?tab=2,2026-08-31T14:36:29.012134Z
2025-08-06,CHN,China,CNY,Renminbi,7.1409,USD,LCU_per_USD,official_central_parity,PBC-authorized daily USD/CNY central parity reference rate.,reported_public_series,CFETS_CNY_PARITY,USD/CNY Central Parity Rate - Historical Data,https://www.chinamoney.com.cn/ags/ms/cm-u-bk-ccpr/CcprHisNew,https://www.chinamoney.com.cn/english/bmkcpr/index.html?tab=2,2026-08-31T14:36:29.012134Z
2025-08-07,CHN,China,CNY,Renminbi,7.1345,USD,LCU_per_USD,official_central_parity,PBC-authorized daily USD/CNY central parity reference rate.,reported_public_series,CFETS_CNY_PARITY,USD/CNY Central Parity Rate - Historical Data,https://www.chinamoney.com.cn/ags/ms/cm-u-bk-ccpr/CcprHisNew,https://www.chinamoney.com.cn/english/bmkcpr/index.html?tab=2,2026-08-31T14:36:29.012134Z
2025-08-08,CHN,China,CNY,Renminbi,7.1382,USD,LCU_per_USD,official_central_parity,PBC-authorized daily USD/CNY central parity reference rate.,reported_public_series,CFETS_CNY_PARITY,USD/CNY Central Parity Rate - Historical Data,https://www.chinamoney.com.cn/ags/ms/cm-u-bk-ccpr/CcprHisNew,https://www.chinamoney.com.cn/english/bmkcpr/index.html?tab=2,2026-08-31T14:36:29.012134Z
2025-08-11,CHN,China,CNY,Renminbi,7.1405,USD,LCU_per_USD,official_central_parity,PBC-authorized daily USD/CNY central parity reference rate.,reported_public_series,CFETS_CNY_PARITY,USD/CNY Central Parity Rate - Historical Data,https://www.chinamoney.com.cn/ags/ms/cm-u-bk-ccpr/CcprHisNew,https://www.chinamoney.com.cn/english/bmkcpr/index.html?tab=2,2026-08-31T14:36:29.012134Z
2025-08-12,CHN,China,CNY,Renminbi,7.1418,USD,LCU_per_USD,official_central_parity,PBC-authorized daily USD/CNY central parity reference rate.,reported_public_series,CFETS_CNY_PARITY,USD/CNY Central Parity Rate - Historical Data,https://www.chinamoney.com.cn/ags/ms/cm-u-bk-ccpr/CcprHisNew,https://www.chinamoney.com.cn/english/bmkcpr/index.html?tab=2,2026-08-31T14:36:29.012134Z
2025-08-13,CHN,China,CNY,Renminbi,7.135,USD,LCU_per_USD,official_central_parity,PBC-authorized daily USD/CNY central parity reference rate.,reported_public_series,CFETS_CNY_PARITY,USD/CNY Central Parity Rate - Historical Data,https://www.chinamoney.com.cn/ags/ms/cm-u-bk-ccpr/CcprHisNew,https://www.chinamoney.com.cn/english/bmkcpr/index.html?tab=2,2026-08-31T14:36:29.012134Z
2025-08-14,CHN,China,CNY,Renminbi,7.1337,USD,LCU_per_USD,official_central_parity,PBC-authorized daily USD/CNY central parity reference rate.,reported_public_series,CFETS_CNY_PARITY,USD/CNY Central Parity Rate - Historical Data,https://www.chinamoney.com.cn/ags/ms/cm-u-bk-ccpr/CcprHisNew,https://www.chinamoney.com.cn/english/bmkcpr/index.html?tab=2,2026-08-31T14:36:29.012134Z
2025-08-15,CHN,China,CNY,Renminbi,7.1371,USD,LCU_per_USD,official_central_parity,PBC-authorized daily USD/CNY central parity reference rate.,reported_public_series,CFETS_CNY_PARITY,USD/CNY Central Parity Rate - Historical Data,https://www.chinamoney.com.cn/ags/ms/cm-u-bk-ccpr/CcprHisNew,https://www.chinamoney.com.cn/english/bmkcpr/index.html?tab=2,2026-08-31T14:36:29.012134Z
2025-08-18,CHN,China,CNY,Renminbi,7.1322,USD,LCU_per_USD,official_central_parity,PBC-authorized daily USD/CNY central parity reference rate.,reported_public_series,CFETS_CNY_PARITY,USD/CNY Central Parity Rate - Historical Data,https://www.chinamoney.com.cn/ags/ms/cm-u-bk-ccpr/CcprHisNew,https://www.chinamoney.com.cn/english/bmkcpr/index.html?tab=2,2026-08-31T14:36:29.012134Z
2025-08-19,CHN,China,CNY,Renminbi,7.1359,USD,LCU_per_USD,official_central_parity,PBC-authorized daily USD/CNY central parity reference rate.,reported_public_series,CFETS_CNY_PARITY,USD/CNY Central Parity Rate - Historical Data,https://www.chinamoney.com.cn/ags/ms/cm-u-bk-ccpr/CcprHisNew,https://www.chinamoney.com.cn/english/bmkcpr/index.html?tab=2,2026-08-31T14:36:29.012134Z
2025-08-20,CHN,China,CNY,Renminbi,7.1384,USD,LCU_per_USD,official_central_parity,PBC-authorized daily USD/CNY central parity reference rate.,reported_public_series,CFETS_CNY_PARITY,USD/CNY Central Parity Rate - Historical Data,https://www.chinamoney.com.cn/ags/ms/cm-u-bk-ccpr/CcprHisNew,https://www.chinamoney.com.cn/english/bmkcpr/index.html?tab=2,2026-08-31T14:36:29.012134Z
2025-08-21,CHN,China,CNY,Renminbi,7.1287,USD,LCU_per_USD,official_central_parity,PBC-authorized daily USD/CNY central parity reference rate.,reported_public_series,CFETS_CNY_PARITY,USD/CNY Central Parity Rate - Historical Data,https://www.chinamoney.com.cn/ags/ms/cm-u-bk-ccpr/CcprHisNew,https://www.chinamoney.com.cn/english/bmkcpr/index.html?tab=2,2026-08-31T14:36:29.012134Z
2025-08-22,CHN,China,CNY,Renminbi,7.1321,USD,LCU_per_USD,official_central_parity,PBC-authorized daily USD/CNY central parity reference rate.,reported_public_series,CFETS_CNY_PARITY,USD/CNY Central Parity Rate - Historical Data,https://www.chinamoney.com.cn/ags/ms/cm-u-bk-ccpr/CcprHisNew,https://www.chinamoney.com.cn/english/bmkcpr/index.html?tab=2,2026-08-31T14:36:29.012134Z
2025-08-25,CHN,China,CNY,Renminbi,7.1161,USD,LCU_per_USD,official_central_parity,PBC-authorized daily USD/CNY central parity reference rate.,reported_public_series,CFETS_CNY_PARITY,USD/CNY Central Parity Rate - Historical Data,https://www.chinamoney.com.cn/ags/ms/cm-u-bk-ccpr/CcprHisNew,https://www.chinamoney.com.cn/english/bmkcpr/index.html?tab=2,2026-08-31T14:36:29.012134Z
2025-08-26,CHN,China,CNY,Renminbi,7.1188,USD,LCU_per_USD,official_central_parity,PBC-authorized daily USD/CNY central parity reference rate.,reported_public_series,CFETS_CNY_PARITY,USD/CNY Central Parity Rate - Historical Data,https://www.chinamoney.com.cn/ags/ms/cm-u-bk-ccpr/CcprHisNew,https://www.chinamoney.com.cn/english/bmkcpr/index.html?tab=2,2026-08-31T14:36:29.012134Z
2025-08-27,CHN,China,CNY,Renminbi,7.1108,USD,LCU_per_USD,official_central_parity,PBC-authorized daily USD/CNY central parity reference rate.,reported_public_series,CFETS_CNY_PARITY,USD/CNY Central Parity Rate - Historical Data,https://www.chinamoney.com.cn/ags/ms/cm-u-bk-ccpr/CcprHisNew,https://www.chinamoney.com.cn/english/bmkcpr/index.html?tab=2,2026-08-31T14:36:29.012134Z
2025-08-28,CHN,China,CNY,Renminbi,7.1063,USD,LCU_per_USD,official_central_parity,PBC-authorized daily USD/CNY central parity reference rate.,reported_public_series,CFETS_CNY_PARITY,USD/CNY Central Parity Rate - Historical Data,https://www.chinamoney.com.cn/ags/ms/cm-u-bk-ccpr/CcprHisNew,https://www.chinamoney.com.cn/english/bmkcpr/index.html?tab=2,2026-08-31T14:36:29.012134Z
2025-08-29,CHN,China,CNY,Renminbi,7.103,USD,LCU_per_USD,official_central_parity,PBC-authorized daily USD/CNY central parity reference rate.,reported_public_series,CFETS_CNY_PARITY,USD/CNY Central Parity Rate - Historical Data,https://www.chinamoney.com.cn/ags/ms/cm-u-bk-ccpr/CcprHisNew,https://www.chinamoney.com.cn/english/bmkcpr/index.html?tab=2,2026-08-31T14:36:29.012134Z
2025-09-01,CHN,China,CNY,Renminbi,7.1072,USD,LCU_per_USD,official_central_parity,PBC-authorized daily USD/CNY central parity reference rate.,reported_public_series,CFETS_CNY_PARITY,USD/CNY Central Parity Rate - Historical Data,https://www.chinamoney.com.cn/ags/ms/cm-u-bk-ccpr/CcprHisNew,https://www.chinamoney.com.cn/english/bmkcpr/index.html?tab=2,2026-08-31T14:36:29.251405Z
2025-09-02,CHN,China,CNY,Renminbi,7.1089,USD,LCU_per_USD,official_central_parity,PBC-authorized daily USD/CNY central parity reference rate.,reported_public_series,CFETS_CNY_PARITY,USD/CNY Central Parity Rate - Historical Data,https://www.chinamoney.com.cn/ags/ms/cm-u-bk-ccpr/CcprHisNew,https://www.chinamoney.com.cn/english/bmkcpr/index.html?tab=2,2026-08-31T14:36:29.251405Z
2025-09-03,CHN,China,CNY,Renminbi,7.1108,USD,LCU_per_USD,official_central_parity,PBC-authorized daily USD/CNY central parity reference rate.,reported_public_series,CFETS_CNY_PARITY,USD/CNY Central Parity Rate - Historical Data,https://www.chinamoney.com.cn/ags/ms/cm-u-bk-ccpr/CcprHisNew,https://www.chinamoney.com.cn/english/bmkcpr/index.html?tab=2,2026-08-31T14:36:29.251405Z
2025-09-04,CHN,China,CNY,Renminbi,7.1052,USD,LCU_per_USD,official_central_parity,PBC-authorized daily USD/CNY central parity reference rate.,reported_public_series,CFETS_CNY_PARITY,USD/CNY Central Parity Rate - Historical Data,https://www.chinamoney.com.cn/ags/ms/cm-u-bk-ccpr/CcprHisNew,https://www.chinamoney.com.cn/english/bmkcpr/index.html?tab=2,2026-08-31T14:36:29.251405Z
2025-09-05,CHN,China,CNY,Renminbi,7.1064,USD,LCU_per_USD,official_central_parity,PBC-authorized daily USD/CNY central parity reference rate.,reported_public_series,CFETS_CNY_PARITY,USD/CNY Central Parity Rate - Historical Data,https://www.chinamoney.com.cn/ags/ms/cm-u-bk-ccpr/CcprHisNew,https://www.chinamoney.com.cn/english/bmkcpr/index.html?tab=2,2026-08-31T14:36:29.251405Z
2025-09-08,CHN,China,CNY,Renminbi,7.1029,USD,LCU_per_USD,official_central_parity,PBC-authorized daily USD/CNY central parity reference rate.,reported_public_series,CFETS_CNY_PARITY,USD/CNY Central Parity Rate - Historical Data,https://www.chinamoney.com.cn/ags/ms/cm-u-bk-ccpr/CcprHisNew,https://www.chinamoney.com.cn/english/bmkcpr/index.html?tab=2,2026-08-31T14:36:29.251405Z
2025-09-09,CHN,China,CNY,Renminbi,7.1008,USD,LCU_per_USD,official_central_parity,PBC-authorized daily USD/CNY central parity reference rate.,reported_public_series,CFETS_CNY_PARITY,USD/CNY Central Parity Rate - Historical Data,https://www.chinamoney.com.cn/ags/ms/cm-u-bk-ccpr/CcprHisNew,https://www.chinamoney.com.cn/english/bmkcpr/index.html?tab=2,2026-08-31T14:36:29.251405Z
2025-09-10,CHN,China,CNY,Renminbi,7.1062,USD,LCU_per_USD,official_central_parity,PBC-authorized daily USD/CNY central parity reference rate.,reported_public_series,CFETS_CNY_PARITY,USD/CNY Central Parity Rate - Historical Data,https://www.chinamoney.com.cn/ags/ms/cm-u-bk-ccpr/CcprHisNew,https://www.chinamoney.com.cn/english/bmkcpr/index.html?tab=2,2026-08-31T14:36:29.251405Z
2025-09-11,CHN,China,CNY,Renminbi,7.1034,USD,LCU_per_USD,official_central_parity,PBC-authorized daily USD/CNY central parity reference rate.,reported_public_series,CFETS_CNY_PARITY,USD/CNY Central Parity Rate - Historical Data,https://www.chinamoney.com.cn/ags/ms/cm-u-bk-ccpr/CcprHisNew,https://www.chinamoney.com.cn/english/bmkcpr/index.html?tab=2,2026-08-31T14:36:29.251405Z
2025-09-12,CHN,China,CNY,Renminbi,7.1019,USD,LCU_per_USD,official_central_parity,PBC-authorized daily USD/CNY central parity reference rate.,reported_public_series,CFETS_CNY_PARITY,USD/CNY Central Parity Rate - Historical Data,https://www.chinamoney.com.cn/ags/ms/cm-u-bk-ccpr/CcprHisNew,https://www.chinamoney.com.cn/english/bmkcpr/index.html?tab=2,2026-08-31T14:36:29.251405Z
2025-09-15,CHN,China,CNY,Renminbi,7.1056,USD,LCU_per_USD,official_central_parity,PBC-authorized daily USD/CNY central parity reference rate.,reported_public_series,CFETS_CNY_PARITY,USD/CNY Central Parity Rate - Historical Data,https://www.chinamoney.com.cn/ags/ms/cm-u-bk-ccpr/CcprHisNew,https://www.chinamoney.com.cn/english/bmkcpr/index.html?tab=2,2026-08-31T14:36:29.251405Z
2025-09-16,CHN,China,CNY,Renminbi,7.1027,USD,LCU_per_USD,official_central_parity,PBC-authorized daily USD/CNY central parity reference rate.,reported_public_series,CFETS_CNY_PARITY,USD/CNY Central Parity Rate - Historical Data,https://www.chinamoney.com.cn/ags/ms/cm-u-bk-ccpr/CcprHisNew,https://www.chinamoney.com.cn/english/bmkcpr/index.html?tab=2,2026-08-31T14:36:29.251405Z
2025-09-17,CHN,China,CNY,Renminbi,7.1013,USD,LCU_per_USD,official_central_parity,PBC-authorized daily USD/CNY central parity reference rate.,reported_public_series,CFETS_CNY_PARITY,USD/CNY Central Parity Rate - Historical Data,https://www.chinamoney.com.cn/ags/ms/cm-u-bk-ccpr/CcprHisNew,https://www.chinamoney.com.cn/english/bmkcpr/index.html?tab=2,2026-08-31T14:36:29.251405Z
2025-09-18,CHN,China,CNY,Renminbi,7.1085,USD,LCU_per_USD,official_central_parity,PBC-authorized daily USD/CNY central parity reference rate.,reported_public_series,CFETS_CNY_PARITY,USD/CNY Central Parity Rate - Historical Data,https://www.chinamoney.com.cn/ags/ms/cm-u-bk-ccpr/CcprHisNew,https://www.chinamoney.com.cn/english/bmkcpr/index.html?tab=2,2026-08-31T14:36:29.251405Z
2025-09-19,CHN,China,CNY,Renminbi,7.1128,USD,LCU_per_USD,official_central_parity,PBC-authorized daily USD/CNY central parity reference rate.,reported_public_series,CFETS_CNY_PARITY,USD/CNY Central Parity Rate - Historical Data,https://www.chinamoney.com.cn/ags/ms/cm-u-bk-ccpr/CcprHisNew,https://www.chinamoney.com.cn/english/bmkcpr/index.html?tab=2,2026-08-31T14:36:29.251405Z
2025-09-22,CHN,China,CNY,Renminbi,7.1106,USD,LCU_per_USD,official_central_parity,PBC-authorized daily USD/CNY central parity reference rate.,reported_public_series,CFETS_CNY_PARITY,USD/CNY Central Parity Rate - Historical Data,https://www.chinamoney.com.cn/ags/ms/cm-u-bk-ccpr/CcprHisNew,https://www.chinamoney.com.cn/english/bmkcpr/index.html?tab=2,2026-08-31T14:36:29.251405Z
2025-09-23,CHN,China,CNY,Renminbi,7.1057,USD,LCU_per_USD,official_central_parity,PBC-authorized daily USD/CNY central parity reference rate.,reported_public_series,CFETS_CNY_PARITY,USD/CNY Central Parity Rate - Historical Data,https://www.chinamoney.com.cn/ags/ms/cm-u-bk-ccpr/CcprHisNew,https://www.chinamoney.com.cn/english/bmkcpr/index.html?tab=2,2026-08-31T14:36:29.251405Z
2025-09-24,CHN,China,CNY,Renminbi,7.1077,USD,LCU_per_USD,official_central_parity,PBC-authorized daily USD/CNY central parity reference rate.,reported_public_series,CFETS_CNY_PARITY,USD/CNY Central Parity Rate - Historical Data,https://www.chinamoney.com.cn/ags/ms/cm-u-bk-ccpr/CcprHisNew,https://www.chinamoney.com.cn/english/bmkcpr/index.html?tab=2,2026-08-31T14:36:29.251405Z
2025-09-25,CHN,China,CNY,Renminbi,7.1118,USD,LCU_per_USD,official_central_parity,PBC-authorized daily USD/CNY central parity reference rate.,reported_public_series,CFETS_CNY_PARITY,USD/CNY Central Parity Rate - Historical Data,https://www.chinamoney.com.cn/ags/ms/cm-u-bk-ccpr/CcprHisNew,https://www.chinamoney.com.cn/english/bmkcpr/index.html?tab=2,2026-08-31T14:36:29.251405Z
2025-09-26,CHN,China,CNY,Renminbi,7.1152,USD,LCU_per_USD,official_central_parity,PBC-authorized daily USD/CNY central parity reference rate.,reported_public_series,CFETS_CNY_PARITY,USD/CNY Central Parity Rate - Historical Data,https://www.chinamoney.com.cn/ags/ms/cm-u-bk-ccpr/CcprHisNew,https://www.chinamoney.com.cn/english/bmkcpr/index.html?tab=2,2026-08-31T14:36:29.251405Z
2025-09-29,CHN,China,CNY,Renminbi,7.1089,USD,LCU_per_USD,official_central_parity,PBC-authorized daily USD/CNY central parity reference rate.,reported_public_series,CFETS_CNY_PARITY,USD/CNY Central Parity Rate - Historical Data,https://www.chinamoney.com.cn/ags/ms/cm-u-bk-ccpr/CcprHisNew,https://www.chinamoney.com.cn/english/bmkcpr/index.html?tab=2,2026-08-31T14:36:29.251405Z
2025-09-30,CHN,China,CNY,Renminbi,7.1055,USD,LCU_per_USD,official_central_parity,PBC-authorized daily USD/CNY central parity reference rate.,reported_public_series,CFETS_CNY_PARITY,USD/CNY Central Parity Rate - Historical Data,https://www.chinamoney.com.cn/ags/ms/cm-u-bk-ccpr/CcprHisNew,https://www.chinamoney.com.cn/english/bmkcpr/index.html?tab=2,2026-08-31T14:36:29.251405Z
2025-10-09,CHN,China,CNY,Renminbi,7.1102,USD,LCU_per_USD,official_central_parity,PBC-authorized daily USD/CNY central parity reference rate.,reported_public_series,CFETS_CNY_PARITY,USD/CNY Central Parity Rate - Historical Data,https://www.chinamoney.com.cn/ags/ms/cm-u-bk-ccpr/CcprHisNew,https://www.chinamoney.com.cn/english/bmkcpr/index.html?tab=2,2026-08-31T14:36:29.490062Z
2025-10-10,CHN,China,CNY,Renminbi,7.1048,USD,LCU_per_USD,official_central_parity,PBC-authorized daily USD/CNY central parity reference rate.,reported_public_series,CFETS_CNY_PARITY,USD/CNY Central Parity Rate - Historical Data,https://www.chinamoney.com.cn/ags/ms/cm-u-bk-ccpr/CcprHisNew,https://www.chinamoney.com.cn/english/bmkcpr/index.html?tab=2,2026-08-31T14:36:29.490062Z
2025-10-13,CHN,China,CNY,Renminbi,7.1007,USD,LCU_per_USD,official_central_parity,PBC-authorized daily USD/CNY central parity reference rate.,reported_public_series,CFETS_CNY_PARITY,USD/CNY Central Parity Rate - Historical Data,https://www.chinamoney.com.cn/ags/ms/cm-u-bk-ccpr/CcprHisNew,https://www.chinamoney.com.cn/english/bmkcpr/index.html?tab=2,2026-08-31T14:36:29.490062Z
2025-10-14,CHN,China,CNY,Renminbi,7.1021,USD,LCU_per_USD,official_central_parity,PBC-authorized daily USD/CNY central parity reference rate.,reported_public_series,CFETS_CNY_PARITY,USD/CNY Central Parity Rate - Historical Data,https://www.chinamoney.com.cn/ags/ms/cm-u-bk-ccpr/CcprHisNew,https://www.chinamoney.com.cn/english/bmkcpr/index.html?tab=2,2026-08-31T14:36:29.490062Z
2025-10-15,CHN,China,CNY,Renminbi,7.0995,USD,LCU_per_USD,official_central_parity,PBC-authorized daily USD/CNY central parity reference rate.,reported_public_series,CFETS_CNY_PARITY,USD/CNY Central Parity Rate - Historical Data,https://www.chinamoney.com.cn/ags/ms/cm-u-bk-ccpr/CcprHisNew,https://www.chinamoney.com.cn/english/bmkcpr/index.html?tab=2,2026-08-31T14:36:29.490062Z
2025-10-16,CHN,China,CNY,Renminbi,7.0968,USD,LCU_per_USD,official_central_parity,PBC-authorized daily USD/CNY central parity reference rate.,reported_public_series,CFETS_CNY_PARITY,USD/CNY Central Parity Rate - Historical Data,https://www.chinamoney.com.cn/ags/ms/cm-u-bk-ccpr/CcprHisNew,https://www.chinamoney.com.cn/english/bmkcpr/index.html?tab=2,2026-08-31T14:36:29.490062Z
2025-10-17,CHN,China,CNY,Renminbi,7.0949,USD,LCU_per_USD,official_central_parity,PBC-authorized daily USD/CNY central parity reference rate.,reported_public_series,CFETS_CNY_PARITY,USD/CNY Central Parity Rate - Historical Data,https://www.chinamoney.com.cn/ags/ms/cm-u-bk-ccpr/CcprHisNew,https://www.chinamoney.com.cn/english/bmkcpr/index.html?tab=2,2026-08-31T14:36:29.490062Z
2025-10-20,CHN,China,CNY,Renminbi,7.0973,USD,LCU_per_USD,official_central_parity,PBC-authorized daily USD/CNY central parity reference rate.,reported_public_series,CFETS_CNY_PARITY,USD/CNY Central Parity Rate - Historical Data,https://www.chinamoney.com.cn/ags/ms/cm-u-bk-ccpr/CcprHisNew,https://www.chinamoney.com.cn/english/bmkcpr/index.html?tab=2,2026-08-31T14:36:29.490062Z
2025-10-21,CHN,China,CNY,Renminbi,7.093,USD,LCU_per_USD,official_central_parity,PBC-authorized daily USD/CNY central parity reference rate.,reported_public_series,CFETS_CNY_PARITY,USD/CNY Central Parity Rate - Historical Data,https://www.chinamoney.com.cn/ags/ms/cm-u-bk-ccpr/CcprHisNew,https://www.chinamoney.com.cn/english/bmkcpr/index.html?tab=2,2026-08-31T14:36:29.490062Z
2025-10-22,CHN,China,CNY,Renminbi,7.0954,USD,LCU_per_USD,official_central_parity,PBC-authorized daily USD/CNY central parity reference rate.,reported_public_series,CFETS_CNY_PARITY,USD/CNY Central Parity Rate - Historical Data,https://www.chinamoney.com.cn/ags/ms/cm-u-bk-ccpr/CcprHisNew,https://www.chinamoney.com.cn/english/bmkcpr/index.html?tab=2,2026-08-31T14:36:29.490062Z
2025-10-23,CHN,China,CNY,Renminbi,7.0918,USD,LCU_per_USD,official_central_parity,PBC-authorized daily USD/CNY central parity reference rate.,reported_public_series,CFETS_CNY_PARITY,USD/CNY Central Parity Rate - Historical Data,https://www.chinamoney.com.cn/ags/ms/cm-u-bk-ccpr/CcprHisNew,https://www.chinamoney.com.cn/english/bmkcpr/index.html?tab=2,2026-08-31T14:36:29.490062Z
2025-10-24,CHN,China,CNY,Renminbi,7.0928,USD,LCU_per_USD,official_central_parity,PBC-authorized daily USD/CNY central parity reference rate.,reported_public_series,CFETS_CNY_PARITY,USD/CNY Central Parity Rate - Historical Data,https://www.chinamoney.com.cn/ags/ms/cm-u-bk-ccpr/CcprHisNew,https://www.chinamoney.com.cn/english/bmkcpr/index.html?tab=2,2026-08-31T14:36:29.490062Z
2025-10-27,CHN,China,CNY,Renminbi,7.0881,USD,LCU_per_USD,official_central_parity,PBC-authorized daily USD/CNY central parity reference rate.,reported_public_series,CFETS_CNY_PARITY,USD/CNY Central Parity Rate - Historical Data,https://www.chinamoney.com.cn/ags/ms/cm-u-bk-ccpr/CcprHisNew,https://www.chinamoney.com.cn/english/bmkcpr/index.html?tab=2,2026-08-31T14:36:29.490062Z
2025-10-28,CHN,China,CNY,Renminbi,7.0856,USD,LCU_per_USD,official_central_parity,PBC-authorized daily USD/CNY central parity reference rate.,reported_public_series,CFETS_CNY_PARITY,USD/CNY Central Parity Rate - Historical Data,https://www.chinamoney.com.cn/ags/ms/cm-u-bk-ccpr/CcprHisNew,https://www.chinamoney.com.cn/english/bmkcpr/index.html?tab=2,2026-08-31T14:36:29.490062Z
2025-10-29,CHN,China,CNY,Renminbi,7.0843,USD,LCU_per_USD,official_central_parity,PBC-authorized daily USD/CNY central parity reference rate.,reported_public_series,CFETS_CNY_PARITY,USD/CNY Central Parity Rate - Historical Data,https://www.chinamoney.com.cn/ags/ms/cm-u-bk-ccpr/CcprHisNew,https://www.chinamoney.com.cn/english/bmkcpr/index.html?tab=2,2026-08-31T14:36:29.490062Z
2025-10-30,CHN,China,CNY,Renminbi,7.0864,USD,LCU_per_USD,official_central_parity,PBC-authorized daily USD/CNY central parity reference rate.,reported_public_series,CFETS_CNY_PARITY,USD/CNY Central Parity Rate - Historical Data,https://www.chinamoney.com.cn/ags/ms/cm-u-bk-ccpr/CcprHisNew,https://www.chinamoney.com.cn/english/bmkcpr/index.html?tab=2,2026-08-31T14:36:29.490062Z
2025-10-31,CHN,China,CNY,Renminbi,7.088,USD,LCU_per_USD,official_central_parity,PBC-authorized daily USD/CNY central parity reference rate.,reported_public_series,CFETS_CNY_PARITY,USD/CNY Central Parity Rate - Historical Data,https://www.chinamoney.com.cn/ags/ms/cm-u-bk-ccpr/CcprHisNew,https://www.chinamoney.com.cn/english/bmkcpr/index.html?tab=2,2026-08-31T14:36:29.490062Z
2025-11-03,CHN,China,CNY,Renminbi,7.0867,USD,LCU_per_USD,official_central_parity,PBC-authorized daily USD/CNY central parity reference rate.,reported_public_series,CFETS_CNY_PARITY,USD/CNY Central Parity Rate - Historical Data,https://www.chinamoney.com.cn/ags/ms/cm-u-bk-ccpr/CcprHisNew,https://www.chinamoney.com.cn/english/bmkcpr/index.html?tab=2,2026-08-31T14:36:29.719990Z
2025-11-04,CHN,China,CNY,Renminbi,7.0885,USD,LCU_per_USD,official_central_parity,PBC-authorized daily USD/CNY central parity reference rate.,reported_public_series,CFETS_CNY_PARITY,USD/CNY Central Parity Rate - Historical Data,https://www.chinamoney.com.cn/ags/ms/cm-u-bk-ccpr/CcprHisNew,https://www.chinamoney.com.cn/english/bmkcpr/index.html?tab=2,2026-08-31T14:36:29.719990Z
2025-11-05,CHN,China,CNY,Renminbi,7.0901,USD,LCU_per_USD,official_central_parity,PBC-authorized daily USD/CNY central parity reference rate.,reported_public_series,CFETS_CNY_PARITY,USD/CNY Central Parity Rate - Historical Data,https://www.chinamoney.com.cn/ags/ms/cm-u-bk-ccpr/CcprHisNew,https://www.chinamoney.com.cn/english/bmkcpr/index.html?tab=2,2026-08-31T14:36:29.719990Z
2025-11-06,CHN,China,CNY,Renminbi,7.0865,USD,LCU_per_USD,official_central_parity,PBC-authorized daily USD/CNY central parity reference rate.,reported_public_series,CFETS_CNY_PARITY,USD/CNY Central Parity Rate - Historical Data,https://www.chinamoney.com.cn/ags/ms/cm-u-bk-ccpr/CcprHisNew,https://www.chinamoney.com.cn/english/bmkcpr/index.html?tab=2,2026-08-31T14:36:29.719990Z
2025-11-07,CHN,China,CNY,Renminbi,7.0836,USD,LCU_per_USD,official_central_parity,PBC-authorized daily USD/CNY central parity reference rate.,reported_public_series,CFETS_CNY_PARITY,USD/CNY Central Parity Rate - Historical Data,https://www.chinamoney.com.cn/ags/ms/cm-u-bk-ccpr/CcprHisNew,https://www.chinamoney.com.cn/english/bmkcpr/index.html?tab=2,2026-08-31T14:36:29.719990Z
2025-11-10,CHN,China,CNY,Renminbi,7.0856,USD,LCU_per_USD,official_central_parity,PBC-authorized daily USD/CNY central parity reference rate.,reported_public_series,CFETS_CNY_PARITY,USD/CNY Central Parity Rate - Historical Data,https://www.chinamoney.com.cn/ags/ms/cm-u-bk-ccpr/CcprHisNew,https://www.chinamoney.com.cn/english/bmkcpr/index.html?tab=2,2026-08-31T14:36:29.719990Z
2025-11-11,CHN,China,CNY,Renminbi,7.0866,USD,LCU_per_USD,official_central_parity,PBC-authorized daily USD/CNY central parity reference rate.,reported_public_series,CFETS_CNY_PARITY,USD/CNY Central Parity Rate - Historical Data,https://www.chinamoney.com.cn/ags/ms/cm-u-bk-ccpr/CcprHisNew,https://www.chinamoney.com.cn/english/bmkcpr/index.html?tab=2,2026-08-31T14:36:29.719990Z
2025-11-12,CHN,China,CNY,Renminbi,7.0833,USD,LCU_per_USD,official_central_parity,PBC-authorized daily USD/CNY central parity reference rate.,reported_public_series,CFETS_CNY_PARITY,USD/CNY Central Parity Rate - Historical Data,https://www.chinamoney.com.cn/ags/ms/cm-u-bk-ccpr/CcprHisNew,https://www.chinamoney.com.cn/english/bmkcpr/index.html?tab=2,2026-08-31T14:36:29.719990Z
2025-11-13,CHN,China,CNY,Renminbi,7.0865,USD,LCU_per_USD,official_central_parity,PBC-authorized daily USD/CNY central parity reference rate.,reported_public_series,CFETS_CNY_PARITY,USD/CNY Central Parity Rate - Historical Data,https://www.chinamoney.com.cn/ags/ms/cm-u-bk-ccpr/CcprHisNew,https://www.chinamoney.com.cn/english/bmkcpr/index.html?tab=2,2026-08-31T14:36:29.719990Z
2025-11-14,CHN,China,CNY,Renminbi,7.0825,USD,LCU_per_USD,official_central_parity,PBC-authorized daily USD/CNY central parity reference rate.,reported_public_series,CFETS_CNY_PARITY,USD/CNY Central Parity Rate - Historical Data,https://www.chinamoney.com.cn/ags/ms/cm-u-bk-ccpr/CcprHisNew,https://www.chinamoney.com.cn/english/bmkcpr/index.html?tab=2,2026-08-31T14:36:29.719990Z
2025-11-17,CHN,China,CNY,Renminbi,7.0816,USD,LCU_per_USD,official_central_parity,PBC-authorized daily USD/CNY central parity reference rate.,reported_public_series,CFETS_CNY_PARITY,USD/CNY Central Parity Rate - Historical Data,https://www.chinamoney.com.cn/ags/ms/cm-u-bk-ccpr/CcprHisNew,https://www.chinamoney.com.cn/english/bmkcpr/index.html?tab=2,2026-08-31T14:36:29.719990Z
2025-11-18,CHN,China,CNY,Renminbi,7.0856,USD,LCU_per_USD,official_central_parity,PBC-authorized daily USD/CNY central parity reference rate.,reported_public_series,CFETS_CNY_PARITY,USD/CNY Central Parity Rate - Historical Data,https://www.chinamoney.com.cn/ags/ms/cm-u-bk-ccpr/CcprHisNew,https://www.chinamoney.com.cn/english/bmkcpr/index.html?tab=2,2026-08-31T14:36:29.719990Z
2025-11-19,CHN,China,CNY,Renminbi,7.0872,USD,LCU_per_USD,official_central_parity,PBC-authorized daily USD/CNY central parity reference rate.,reported_public_series,CFETS_CNY_PARITY,USD/CNY Central Parity Rate - Historical Data,https://www.chinamoney.com.cn/ags/ms/cm-u-bk-ccpr/CcprHisNew,https://www.chinamoney.com.cn/english/bmkcpr/index.html?tab=2,2026-08-31T14:36:29.719990Z
2025-11-20,CHN,China,CNY,Renminbi,7.0905,USD,LCU_per_USD,official_central_parity,PBC-authorized daily USD/CNY central parity reference rate.,reported_public_series,CFETS_CNY_PARITY,USD/CNY Central Parity Rate - Historical Data,https://www.chinamoney.com.cn/ags/ms/cm-u-bk-ccpr/CcprHisNew,https://www.chinamoney.com.cn/english/bmkcpr/index.html?tab=2,2026-08-31T14:36:29.719990Z
2025-11-21,CHN,China,CNY,Renminbi,7.0875,USD,LCU_per_USD,official_central_parity,PBC-authorized daily USD/CNY central parity reference rate.,reported_public_series,CFETS_CNY_PARITY,USD/CNY Central Parity Rate - Historical Data,https://www.chinamoney.com.cn/ags/ms/cm-u-bk-ccpr/CcprHisNew,https://www.chinamoney.com.cn/english/bmkcpr/index.html?tab=2,2026-08-31T14:36:29.719990Z
2025-11-24,CHN,China,CNY,Renminbi,7.0847,USD,LCU_per_USD,official_central_parity,PBC-authorized daily USD/CNY central parity reference rate.,reported_public_series,CFETS_CNY_PARITY,USD/CNY Central Parity Rate - Historical Data,https://www.chinamoney.com.cn/ags/ms/cm-u-bk-ccpr/CcprHisNew,https://www.chinamoney.com.cn/english/bmkcpr/index.html?tab=2,2026-08-31T14:36:29.719990Z
2025-11-25,CHN,China,CNY,Renminbi,7.0826,USD,LCU_per_USD,official_central_parity,PBC-authorized daily USD/CNY central parity reference rate.,reported_public_series,CFETS_CNY_PARITY,USD/CNY Central Parity Rate - Historical Data,https://www.chinamoney.com.cn/ags/ms/cm-u-bk-ccpr/CcprHisNew,https://www.chinamoney.com.cn/english/bmkcpr/index.html?tab=2,2026-08-31T14:36:29.719990Z
2025-11-26,CHN,China,CNY,Renminbi,7.0796,USD,LCU_per_USD,official_central_parity,PBC-authorized daily USD/CNY central parity reference rate.,reported_public_series,CFETS_CNY_PARITY,USD/CNY Central Parity Rate - Historical Data,https://www.chinamoney.com.cn/ags/ms/cm-u-bk-ccpr/CcprHisNew,https://www.chinamoney.com.cn/english/bmkcpr/index.html?tab=2,2026-08-31T14:36:29.719990Z
2025-11-27,CHN,China,CNY,Renminbi,7.0779,USD,LCU_per_USD,official_central_parity,PBC-authorized daily USD/CNY central parity reference rate.,reported_public_series,CFETS_CNY_PARITY,USD/CNY Central Parity Rate - Historical Data,https://www.chinamoney.com.cn/ags/ms/cm-u-bk-ccpr/CcprHisNew,https://www.chinamoney.com.cn/english/bmkcpr/index.html?tab=2,2026-08-31T14:36:29.719990Z
2025-11-28,CHN,China,CNY,Renminbi,7.0789,USD,LCU_per_USD,official_central_parity,PBC-authorized daily USD/CNY central parity reference rate.,reported_public_series,CFETS_CNY_PARITY,USD/CNY Central Parity Rate - Historical Data,https://www.chinamoney.com.cn/ags/ms/cm-u-bk-ccpr/CcprHisNew,https://www.chinamoney.com.cn/english/bmkcpr/index.html?tab=2,2026-08-31T14:36:29.719990Z
2025-12-01,CHN,China,CNY,Renminbi,7.0759,USD,LCU_per_USD,official_central_parity,PBC-authorized daily USD/CNY central parity reference rate.,reported_public_series,CFETS_CNY_PARITY,USD/CNY Central Parity Rate - Historical Data,https://www.chinamoney.com.cn/ags/ms/cm-u-bk-ccpr/CcprHisNew,https://www.chinamoney.com.cn/english/bmkcpr/index.html?tab=2,2026-08-31T14:36:29.929120Z
2025-12-02,CHN,China,CNY,Renminbi,7.0794,USD,LCU_per_USD,official_central_parity,PBC-authorized daily USD/CNY central parity reference rate.,reported_public_series,CFETS_CNY_PARITY,USD/CNY Central Parity Rate - Historical Data,https://www.chinamoney.com.cn/ags/ms/cm-u-bk-ccpr/CcprHisNew,https://www.chinamoney.com.cn/english/bmkcpr/index.html?tab=2,2026-08-31T14:36:29.929120Z
2025-12-03,CHN,China,CNY,Renminbi,7.0754,USD,LCU_per_USD,official_central_parity,PBC-authorized daily USD/CNY central parity reference rate.,reported_public_series,CFETS_CNY_PARITY,USD/CNY Central Parity Rate - Historical Data,https://www.chinamoney.com.cn/ags/ms/cm-u-bk-ccpr/CcprHisNew,https://www.chinamoney.com.cn/english/bmkcpr/index.html?tab=2,2026-08-31T14:36:29.929120Z
2025-12-04,CHN,China,CNY,Renminbi,7.0733,USD,LCU_per_USD,official_central_parity,PBC-authorized daily USD/CNY central parity reference rate.,reported_public_series,CFETS_CNY_PARITY,USD/CNY Central Parity Rate - Historical Data,https://www.chinamoney.com.cn/ags/ms/cm-u-bk-ccpr/CcprHisNew,https://www.chinamoney.com.cn/english/bmkcpr/index.html?tab=2,2026-08-31T14:36:29.929120Z
2025-12-05,CHN,China,CNY,Renminbi,7.0749,USD,LCU_per_USD,official_central_parity,PBC-authorized daily USD/CNY central parity reference rate.,reported_public_series,CFETS_CNY_PARITY,USD/CNY Central Parity Rate - Historical Data,https://www.chinamoney.com.cn/ags/ms/cm-u-bk-ccpr/CcprHisNew,https://www.chinamoney.com.cn/english/bmkcpr/index.html?tab=2,2026-08-31T14:36:29.929120Z
2025-12-08,CHN,China,CNY,Renminbi,7.0764,USD,LCU_per_USD,official_central_parity,PBC-authorized daily USD/CNY central parity reference rate.,reported_public_series,CFETS_CNY_PARITY,USD/CNY Central Parity Rate - Historical Data,https://www.chinamoney.com.cn/ags/ms/cm-u-bk-ccpr/CcprHisNew,https://www.chinamoney.com.cn/english/bmkcpr/index.html?tab=2,2026-08-31T14:36:29.929120Z
2025-12-09,CHN,China,CNY,Renminbi,7.0773,USD,LCU_per_USD,official_central_parity,PBC-authorized daily USD/CNY central parity reference rate.,reported_public_series,CFETS_CNY_PARITY,USD/CNY Central Parity Rate - Historical Data,https://www.chinamoney.com.cn/ags/ms/cm-u-bk-ccpr/CcprHisNew,https://www.chinamoney.com.cn/english/bmkcpr/index.html?tab=2,2026-08-31T14:36:29.929120Z
2025-12-10,CHN,China,CNY,Renminbi,7.0753,USD,LCU_per_USD,official_central_parity,PBC-authorized daily USD/CNY central parity reference rate.,reported_public_series,CFETS_CNY_PARITY,USD/CNY Central Parity Rate - Historical Data,https://www.chinamoney.com.cn/ags/ms/cm-u-bk-ccpr/CcprHisNew,https://www.chinamoney.com.cn/english/bmkcpr/index.html?tab=2,2026-08-31T14:36:29.929120Z
2025-12-11,CHN,China,CNY,Renminbi,7.0686,USD,LCU_per_USD,official_central_parity,PBC-authorized daily USD/CNY central parity reference rate.,reported_public_series,CFETS_CNY_PARITY,USD/CNY Central Parity Rate - Historical Data,https://www.chinamoney.com.cn/ags/ms/cm-u-bk-ccpr/CcprHisNew,https://www.chinamoney.com.cn/english/bmkcpr/index.html?tab=2,2026-08-31T14:36:29.929120Z
2025-12-12,CHN,China,CNY,Renminbi,7.0638,USD,LCU_per_USD,official_central_parity,PBC-authorized daily USD/CNY central parity reference rate.,reported_public_series,CFETS_CNY_PARITY,USD/CNY Central Parity Rate - Historical Data,https://www.chinamoney.com.cn/ags/ms/cm-u-bk-ccpr/CcprHisNew,https://www.chinamoney.com.cn/english/bmkcpr/index.html?tab=2,2026-08-31T14:36:29.929120Z
2025-12-15,CHN,China,CNY,Renminbi,7.0656,USD,LCU_per_USD,official_central_parity,PBC-authorized daily USD/CNY central parity reference rate.,reported_public_series,CFETS_CNY_PARITY,USD/CNY Central Parity Rate - Historical Data,https://www.chinamoney.com.cn/ags/ms/cm-u-bk-ccpr/CcprHisNew,https://www.chinamoney.com.cn/english/bmkcpr/index.html?tab=2,2026-08-31T14:36:29.929120Z
2025-12-16,CHN,China,CNY,Renminbi,7.0602,USD,LCU_per_USD,official_central_parity,PBC-authorized daily USD/CNY central parity reference rate.,reported_public_series,CFETS_CNY_PARITY,USD/CNY Central Parity Rate - Historical Data,https://www.chinamoney.com.cn/ags/ms/cm-u-bk-ccpr/CcprHisNew,https://www.chinamoney.com.cn/english/bmkcpr/index.html?tab=2,2026-08-31T14:36:29.929120Z
2025-12-17,CHN,China,CNY,Renminbi,7.0573,USD,LCU_per_USD,official_central_parity,PBC-authorized daily USD/CNY central parity reference rate.,reported_public_series,CFETS_CNY_PARITY,USD/CNY Central Parity Rate - Historical Data,https://www.chinamoney.com.cn/ags/ms/cm-u-bk-ccpr/CcprHisNew,https://www.chinamoney.com.cn/english/bmkcpr/index.html?tab=2,2026-08-31T14:36:29.929120Z
2025-12-18,CHN,China,CNY,Renminbi,7.0583,USD,LCU_per_USD,official_central_parity,PBC-authorized daily USD/CNY central parity reference rate.,reported_public_series,CFETS_CNY_PARITY,USD/CNY Central Parity Rate - Historical Data,https://www.chinamoney.com.cn/ags/ms/cm-u-bk-ccpr/CcprHisNew,https://www.chinamoney.com.cn/english/bmkcpr/index.html?tab=2,2026-08-31T14:36:29.929120Z
2025-12-19,CHN,China,CNY,Renminbi,7.055,USD,LCU_per_USD,official_central_parity,PBC-authorized daily USD/CNY central parity reference rate.,reported_public_series,CFETS_CNY_PARITY,USD/CNY Central Parity Rate - Historical Data,https://www.chinamoney.com.cn/ags/ms/cm-u-bk-ccpr/CcprHisNew,https://www.chinamoney.com.cn/english/bmkcpr/index.html?tab=2,2026-08-31T14:36:29.929120Z
2025-12-22,CHN,China,CNY,Renminbi,7.0572,USD,LCU_per_USD,official_central_parity,PBC-authorized daily USD/CNY central parity reference rate.,reported_public_series,CFETS_CNY_PARITY,USD/CNY Central Parity Rate - Historical Data,https://www.chinamoney.com.cn/ags/ms/cm-u-bk-ccpr/CcprHisNew,https://www.chinamoney.com.cn/english/bmkcpr/index.html?tab=2,2026-08-31T14:36:29.929120Z
2025-12-23,CHN,China,CNY,Renminbi,7.0523,USD,LCU_per_USD,official_central_parity,PBC-authorized daily USD/CNY central parity reference rate.,reported_public_series,CFETS_CNY_PARITY,USD/CNY Central Parity Rate - Historical Data,https://www.chinamoney.com.cn/ags/ms/cm-u-bk-ccpr/CcprHisNew,https://www.chinamoney.com.cn/english/bmkcpr/index.html?tab=2,2026-08-31T14:36:29.929120Z
2025-12-24,CHN,China,CNY,Renminbi,7.0471,USD,LCU_per_USD,official_central_parity,PBC-authorized daily USD/CNY central parity reference rate.,reported_public_series,CFETS_CNY_PARITY,USD/CNY Central Parity Rate - Historical Data,https://www.chinamoney.com.cn/ags/ms/cm-u-bk-ccpr/CcprHisNew,https://www.chinamoney.com.cn/english/bmkcpr/index.html?tab=2,2026-08-31T14:36:29.929120Z
2025-12-25,CHN,China,CNY,Renminbi,7.0392,USD,LCU_per_USD,official_central_parity,PBC-authorized daily USD/CNY central parity reference rate.,reported_public_series,CFETS_CNY_PARITY,USD/CNY Central Parity Rate - Historical Data,https://www.chinamoney.com.cn/ags/ms/cm-u-bk-ccpr/CcprHisNew,https://www.chinamoney.com.cn/english/bmkcpr/index.html?tab=2,2026-08-31T14:36:29.929120Z
2025-12-26,CHN,China,CNY,Renminbi,7.0358,USD,LCU_per_USD,official_central_parity,PBC-authorized daily USD/CNY central parity reference rate.,reported_public_series,CFETS_CNY_PARITY,USD/CNY Central Parity Rate - Historical Data,https://www.chinamoney.com.cn/ags/ms/cm-u-bk-ccpr/CcprHisNew,https://www.chinamoney.com.cn/english/bmkcpr/index.html?tab=2,2026-08-31T14:36:29.929120Z
2025-12-29,CHN,China,CNY,Renminbi,7.0331,USD,LCU_per_USD,official_central_parity,PBC-authorized daily USD/CNY central parity reference rate.,reported_public_series,CFETS_CNY_PARITY,USD/CNY Central Parity Rate - Historical Data,https://www.chinamoney.com.cn/ags/ms/cm-u-bk-ccpr/CcprHisNew,https://www.chinamoney.com.cn/english/bmkcpr/index.html?tab=2,2026-08-31T14:36:29.929120Z
2025-12-30,CHN,China,CNY,Renminbi,7.0348,USD,LCU_per_USD,official_central_parity,PBC-authorized daily USD/CNY central parity reference rate.,reported_public_series,CFETS_CNY_PARITY,USD/CNY Central Parity Rate - Historical Data,https://www.chinamoney.com.cn/ags/ms/cm-u-bk-ccpr/CcprHisNew,https://www.chinamoney.com.cn/english/bmkcpr/index.html?tab=2,2026-08-31T14:36:29.929120Z
2025-12-31,CHN,China,CNY,Renminbi,7.0288,USD,LCU_per_USD,official_central_parity,PBC-authorized daily USD/CNY central parity reference rate.,reported_public_series,CFETS_CNY_PARITY,USD/CNY Central Parity Rate - Historical Data,https://www.chinamoney.com.cn/ags/ms/cm-u-bk-ccpr/CcprHisNew,https://www.chinamoney.com.cn/english/bmkcpr/index.html?tab=2,2026-08-31T14:36:29.929120Z
2026-01-05,CHN,China,CNY,Renminbi,7.023,USD,LCU_per_USD,official_central_parity,PBC-authorized daily USD/CNY central parity reference rate.,reported_public_series,CFETS_CNY_PARITY,USD/CNY Central Parity Rate - Historical Data,https://www.chinamoney.com.cn/ags/ms/cm-u-bk-ccpr/CcprHisNew,https://www.chinamoney.com.cn/english/bmkcpr/index.html?tab=2,2026-08-31T14:36:30.149559Z
2026-01-06,CHN,China,CNY,Renminbi,7.0173,USD,LCU_per_USD,official_central_parity,PBC-authorized daily USD/CNY central parity reference rate.,reported_public_series,CFETS_CNY_PARITY,USD/CNY Central Parity Rate - Historical Data,https://www.chinamoney.com.cn/ags/ms/cm-u-bk-ccpr/CcprHisNew,https://www.chinamoney.com.cn/english/bmkcpr/index.html?tab=2,2026-08-31T14:36:30.149559Z
2026-01-07,CHN,China,CNY,Renminbi,7.0187,USD,LCU_per_USD,official_central_parity,PBC-authorized daily USD/CNY central parity reference rate.,reported_public_series,CFETS_CNY_PARITY,USD/CNY Central Parity Rate - Historical Data,https://www.chinamoney.com.cn/ags/ms/cm-u-bk-ccpr/CcprHisNew,https://www.chinamoney.com.cn/english/bmkcpr/index.html?tab=2,2026-08-31T14:36:30.149559Z
2026-01-08,CHN,China,CNY,Renminbi,7.0197,USD,LCU_per_USD,official_central_parity,PBC-authorized daily USD/CNY central parity reference rate.,reported_public_series,CFETS_CNY_PARITY,USD/CNY Central Parity Rate - Historical Data,https://www.chinamoney.com.cn/ags/ms/cm-u-bk-ccpr/CcprHisNew,https://www.chinamoney.com.cn/english/bmkcpr/index.html?tab=2,2026-08-31T14:36:30.149559Z
2026-01-09,CHN,China,CNY,Renminbi,7.0128,USD,LCU_per_USD,official_central_parity,PBC-authorized daily USD/CNY central parity reference rate.,reported_public_series,CFETS_CNY_PARITY,USD/CNY Central Parity Rate - Historical Data,https://www.chinamoney.com.cn/ags/ms/cm-u-bk-ccpr/CcprHisNew,https://www.chinamoney.com.cn/english/bmkcpr/index.html?tab=2,2026-08-31T14:36:30.149559Z
2026-01-12,CHN,China,CNY,Renminbi,7.0108,USD,LCU_per_USD,official_central_parity,PBC-authorized daily USD/CNY central parity reference rate.,reported_public_series,CFETS_CNY_PARITY,USD/CNY Central Parity Rate - Historical Data,https://www.chinamoney.com.cn/ags/ms/cm-u-bk-ccpr/CcprHisNew,https://www.chinamoney.com.cn/english/bmkcpr/index.html?tab=2,2026-08-31T14:36:30.149559Z
2026-01-13,CHN,China,CNY,Renminbi,7.0103,USD,LCU_per_USD,official_central_parity,PBC-authorized daily USD/CNY central parity reference rate.,reported_public_series,CFETS_CNY_PARITY,USD/CNY Central Parity Rate - Historical Data,https://www.chinamoney.com.cn/ags/ms/cm-u-bk-ccpr/CcprHisNew,https://www.chinamoney.com.cn/english/bmkcpr/index.html?tab=2,2026-08-31T14:36:30.149559Z
2026-01-14,CHN,China,CNY,Renminbi,7.012,USD,LCU_per_USD,official_central_parity,PBC-authorized daily USD/CNY central parity reference rate.,reported_public_series,CFETS_CNY_PARITY,USD/CNY Central Parity Rate - Historical Data,https://www.chinamoney.com.cn/ags/ms/cm-u-bk-ccpr/CcprHisNew,https://www.chinamoney.com.cn/english/bmkcpr/index.html?tab=2,2026-08-31T14:36:30.149559Z
2026-01-15,CHN,China,CNY,Renminbi,7.0064,USD,LCU_per_USD,official_central_parity,PBC-authorized daily USD/CNY central parity reference rate.,reported_public_series,CFETS_CNY_PARITY,USD/CNY Central Parity Rate - Historical Data,https://www.chinamoney.com.cn/ags/ms/cm-u-bk-ccpr/CcprHisNew,https://www.chinamoney.com.cn/english/bmkcpr/index.html?tab=2,2026-08-31T14:36:30.149559Z
2026-01-16,CHN,China,CNY,Renminbi,7.0078,USD,LCU_per_USD,official_central_parity,PBC-authorized daily USD/CNY central parity reference rate.,reported_public_series,CFETS_CNY_PARITY,USD/CNY Central Parity Rate - Historical Data,https://www.chinamoney.com.cn/ags/ms/cm-u-bk-ccpr/CcprHisNew,https://www.chinamoney.com.cn/english/bmkcpr/index.html?tab=2,2026-08-31T14:36:30.149559Z
2026-01-19,CHN,China,CNY,Renminbi,7.0051,USD,LCU_per_USD,official_central_parity,PBC-authorized daily USD/CNY central parity reference rate.,reported_public_series,CFETS_CNY_PARITY,USD/CNY Central Parity Rate - Historical Data,https://www.chinamoney.com.cn/ags/ms/cm-u-bk-ccpr/CcprHisNew,https://www.chinamoney.com.cn/english/bmkcpr/index.html?tab=2,2026-08-31T14:36:30.149559Z
2026-01-20,CHN,China,CNY,Renminbi,7.0006,USD,LCU_per_USD,official_central_parity,PBC-authorized daily USD/CNY central parity reference rate.,reported_public_series,CFETS_CNY_PARITY,USD/CNY Central Parity Rate - Historical Data,https://www.chinamoney.com.cn/ags/ms/cm-u-bk-ccpr/CcprHisNew,https://www.chinamoney.com.cn/english/bmkcpr/index.html?tab=2,2026-08-31T14:36:30.149559Z
2026-01-21,CHN,China,CNY,Renminbi,7.0014,USD,LCU_per_USD,official_central_parity,PBC-authorized daily USD/CNY central parity reference rate.,reported_public_series,CFETS_CNY_PARITY,USD/CNY Central Parity Rate - Historical Data,https://www.chinamoney.com.cn/ags/ms/cm-u-bk-ccpr/CcprHisNew,https://www.chinamoney.com.cn/english/bmkcpr/index.html?tab=2,2026-08-31T14:36:30.149559Z
2026-01-22,CHN,China,CNY,Renminbi,7.0019,USD,LCU_per_USD,official_central_parity,PBC-authorized daily USD/CNY central parity reference rate.,reported_public_series,CFETS_CNY_PARITY,USD/CNY Central Parity Rate - Historical Data,https://www.chinamoney.com.cn/ags/ms/cm-u-bk-ccpr/CcprHisNew,https://www.chinamoney.com.cn/english/bmkcpr/index.html?tab=2,2026-08-31T14:36:30.149559Z
2026-01-23,CHN,China,CNY,Renminbi,6.9929,USD,LCU_per_USD,official_central_parity,PBC-authorized daily USD/CNY central parity reference rate.,reported_public_series,CFETS_CNY_PARITY,USD/CNY Central Parity Rate - Historical Data,https://www.chinamoney.com.cn/ags/ms/cm-u-bk-ccpr/CcprHisNew,https://www.chinamoney.com.cn/english/bmkcpr/index.html?tab=2,2026-08-31T14:36:30.149559Z
2026-01-26,CHN,China,CNY,Renminbi,6.9843,USD,LCU_per_USD,official_central_parity,PBC-authorized daily USD/CNY central parity reference rate.,reported_public_series,CFETS_CNY_PARITY,USD/CNY Central Parity Rate - Historical Data,https://www.chinamoney.com.cn/ags/ms/cm-u-bk-ccpr/CcprHisNew,https://www.chinamoney.com.cn/english/bmkcpr/index.html?tab=2,2026-08-31T14:36:30.149559Z
2026-01-27,CHN,China,CNY,Renminbi,6.9858,USD,LCU_per_USD,official_central_parity,PBC-authorized daily USD/CNY central parity reference rate.,reported_public_series,CFETS_CNY_PARITY,USD/CNY Central Parity Rate - Historical Data,https://www.chinamoney.com.cn/ags/ms/cm-u-bk-ccpr/CcprHisNew,https://www.chinamoney.com.cn/english/bmkcpr/index.html?tab=2,2026-08-31T14:36:30.149559Z
2026-01-28,CHN,China,CNY,Renminbi,6.9755,USD,LCU_per_USD,official_central_parity,PBC-authorized daily USD/CNY central parity reference rate.,reported_public_series,CFETS_CNY_PARITY,USD/CNY Central Parity Rate - Historical Data,https://www.chinamoney.com.cn/ags/ms/cm-u-bk-ccpr/CcprHisNew,https://www.chinamoney.com.cn/english/bmkcpr/index.html?tab=2,2026-08-31T14:36:30.149559Z
2026-01-29,CHN,China,CNY,Renminbi,6.9771,USD,LCU_per_USD,official_central_parity,PBC-authorized daily USD/CNY central parity reference rate.,reported_public_series,CFETS_CNY_PARITY,USD/CNY Central Parity Rate - Historical Data,https://www.chinamoney.com.cn/ags/ms/cm-u-bk-ccpr/CcprHisNew,https://www.chinamoney.com.cn/english/bmkcpr/index.html?tab=2,2026-08-31T14:36:30.149559Z
2026-01-30,CHN,China,CNY,Renminbi,6.9678,USD,LCU_per_USD,official_central_parity,PBC-authorized daily USD/CNY central parity reference rate.,reported_public_series,CFETS_CNY_PARITY,USD/CNY Central Parity Rate - Historical Data,https://www.chinamoney.com.cn/ags/ms/cm-u-bk-ccpr/CcprHisNew,https://www.chinamoney.com.cn/english/bmkcpr/index.html?tab=2,2026-08-31T14:36:30.149559Z
2026-02-02,CHN,China,CNY,Renminbi,6.9695,USD,LCU_per_USD,official_central_parity,PBC-authorized daily USD/CNY central parity reference rate.,reported_public_series,CFETS_CNY_PARITY,USD/CNY Central Parity Rate - Historical Data,https://www.chinamoney.com.cn/ags/ms/cm-u-bk-ccpr/CcprHisNew,https://www.chinamoney.com.cn/english/bmkcpr/index.html?tab=2,2026-08-31T14:36:30.354925Z
2026-02-03,CHN,China,CNY,Renminbi,6.9608,USD,LCU_per_USD,official_central_parity,PBC-authorized daily USD/CNY central parity reference rate.,reported_public_series,CFETS_CNY_PARITY,USD/CNY Central Parity Rate - Historical Data,https://www.chinamoney.com.cn/ags/ms/cm-u-bk-ccpr/CcprHisNew,https://www.chinamoney.com.cn/english/bmkcpr/index.html?tab=2,2026-08-31T14:36:30.354925Z
2026-02-04,CHN,China,CNY,Renminbi,6.9533,USD,LCU_per_USD,official_central_parity,PBC-authorized daily USD/CNY central parity reference rate.,reported_public_series,CFETS_CNY_PARITY,USD/CNY Central Parity Rate - Historical Data,https://www.chinamoney.com.cn/ags/ms/cm-u-bk-ccpr/CcprHisNew,https://www.chinamoney.com.cn/english/bmkcpr/index.html?tab=2,2026-08-31T14:36:30.354925Z
2026-02-05,CHN,China,CNY,Renminbi,6.957,USD,LCU_per_USD,official_central_parity,PBC-authorized daily USD/CNY central parity reference rate.,reported_public_series,CFETS_CNY_PARITY,USD/CNY Central Parity Rate - Historical Data,https://www.chinamoney.com.cn/ags/ms/cm-u-bk-ccpr/CcprHisNew,https://www.chinamoney.com.cn/english/bmkcpr/index.html?tab=2,2026-08-31T14:36:30.354925Z
2026-02-06,CHN,China,CNY,Renminbi,6.959,USD,LCU_per_USD,official_central_parity,PBC-authorized daily USD/CNY central parity reference rate.,reported_public_series,CFETS_CNY_PARITY,USD/CNY Central Parity Rate - Historical Data,https://www.chinamoney.com.cn/ags/ms/cm-u-bk-ccpr/CcprHisNew,https://www.chinamoney.com.cn/english/bmkcpr/index.html?tab=2,2026-08-31T14:36:30.354925Z
2026-02-09,CHN,China,CNY,Renminbi,6.9523,USD,LCU_per_USD,official_central_parity,PBC-authorized daily USD/CNY central parity reference rate.,reported_public_series,CFETS_CNY_PARITY,USD/CNY Central Parity Rate - Historical Data,https://www.chinamoney.com.cn/ags/ms/cm-u-bk-ccpr/CcprHisNew,https://www.chinamoney.com.cn/english/bmkcpr/index.html?tab=2,2026-08-31T14:36:30.354925Z
2026-02-10,CHN,China,CNY,Renminbi,6.9458,USD,LCU_per_USD,official_central_parity,PBC-authorized daily USD/CNY central parity reference rate.,reported_public_series,CFETS_CNY_PARITY,USD/CNY Central Parity Rate - Historical Data,https://www.chinamoney.com.cn/ags/ms/cm-u-bk-ccpr/CcprHisNew,https://www.chinamoney.com.cn/english/bmkcpr/index.html?tab=2,2026-08-31T14:36:30.354925Z
2026-02-11,CHN,China,CNY,Renminbi,6.9438,USD,LCU_per_USD,official_central_parity,PBC-authorized daily USD/CNY central parity reference rate.,reported_public_series,CFETS_CNY_PARITY,USD/CNY Central Parity Rate - Historical Data,https://www.chinamoney.com.cn/ags/ms/cm-u-bk-ccpr/CcprHisNew,https://www.chinamoney.com.cn/english/bmkcpr/index.html?tab=2,2026-08-31T14:36:30.354925Z
2026-02-12,CHN,China,CNY,Renminbi,6.9457,USD,LCU_per_USD,official_central_parity,PBC-authorized daily USD/CNY central parity reference rate.,reported_public_series,CFETS_CNY_PARITY,USD/CNY Central Parity Rate - Historical Data,https://www.chinamoney.com.cn/ags/ms/cm-u-bk-ccpr/CcprHisNew,https://www.chinamoney.com.cn/english/bmkcpr/index.html?tab=2,2026-08-31T14:36:30.354925Z
2026-02-13,CHN,China,CNY,Renminbi,6.9398,USD,LCU_per_USD,official_central_parity,PBC-authorized daily USD/CNY central parity reference rate.,reported_public_series,CFETS_CNY_PARITY,USD/CNY Central Parity Rate - Historical Data,https://www.chinamoney.com.cn/ags/ms/cm-u-bk-ccpr/CcprHisNew,https://www.chinamoney.com.cn/english/bmkcpr/index.html?tab=2,2026-08-31T14:36:30.354925Z
2026-02-24,CHN,China,CNY,Renminbi,6.9414,USD,LCU_per_USD,official_central_parity,PBC-authorized daily USD/CNY central parity reference rate.,reported_public_series,CFETS_CNY_PARITY,USD/CNY Central Parity Rate - Historical Data,https://www.chinamoney.com.cn/ags/ms/cm-u-bk-ccpr/CcprHisNew,https://www.chinamoney.com.cn/english/bmkcpr/index.html?tab=2,2026-08-31T14:36:30.354925Z
2026-02-25,CHN,China,CNY,Renminbi,6.9321,USD,LCU_per_USD,official_central_parity,PBC-authorized daily USD/CNY central parity reference rate.,reported_public_series,CFETS_CNY_PARITY,USD/CNY Central Parity Rate - Historical Data,https://www.chinamoney.com.cn/ags/ms/cm-u-bk-ccpr/CcprHisNew,https://www.chinamoney.com.cn/english/bmkcpr/index.html?tab=2,2026-08-31T14:36:30.354925Z
2026-02-26,CHN,China,CNY,Renminbi,6.9228,USD,LCU_per_USD,official_central_parity,PBC-authorized daily USD/CNY central parity reference rate.,reported_public_series,CFETS_CNY_PARITY,USD/CNY Central Parity Rate - Historical Data,https://www.chinamoney.com.cn/ags/ms/cm-u-bk-ccpr/CcprHisNew,https://www.chinamoney.com.cn/english/bmkcpr/index.html?tab=2,2026-08-31T14:36:30.354925Z
2026-02-27,CHN,China,CNY,Renminbi,6.9228,USD,LCU_per_USD,official_central_parity,PBC-authorized daily USD/CNY central parity reference rate.,reported_public_series,CFETS_CNY_PARITY,USD/CNY Central Parity Rate - Historical Data,https://www.chinamoney.com.cn/ags/ms/cm-u-bk-ccpr/CcprHisNew,https://www.chinamoney.com.cn/english/bmkcpr/index.html?tab=2,2026-08-31T14:36:30.354925Z
2026-03-02,CHN,China,CNY,Renminbi,6.9236,USD,LCU_per_USD,official_central_parity,PBC-authorized daily USD/CNY central parity reference rate.,reported_public_series,CFETS_CNY_PARITY,USD/CNY Central Parity Rate - Historical Data,https://www.chinamoney.com.cn/ags/ms/cm-u-bk-ccpr/CcprHisNew,https://www.chinamoney.com.cn/english/bmkcpr/index.html?tab=2,2026-08-31T14:36:30.604657Z
2026-03-03,CHN,China,CNY,Renminbi,6.9088,USD,LCU_per_USD,official_central_parity,PBC-authorized daily USD/CNY central parity reference rate.,reported_public_series,CFETS_CNY_PARITY,USD/CNY Central Parity Rate - Historical Data,https://www.chinamoney.com.cn/ags/ms/cm-u-bk-ccpr/CcprHisNew,https://www.chinamoney.com.cn/english/bmkcpr/index.html?tab=2,2026-08-31T14:36:30.604657Z
2026-03-04,CHN,China,CNY,Renminbi,6.9124,USD,LCU_per_USD,official_central_parity,PBC-authorized daily USD/CNY central parity reference rate.,reported_public_series,CFETS_CNY_PARITY,USD/CNY Central Parity Rate - Historical Data,https://www.chinamoney.com.cn/ags/ms/cm-u-bk-ccpr/CcprHisNew,https://www.chinamoney.com.cn/english/bmkcpr/index.html?tab=2,2026-08-31T14:36:30.604657Z
2026-03-05,CHN,China,CNY,Renminbi,6.9007,USD,LCU_per_USD,official_central_parity,PBC-authorized daily USD/CNY central parity reference rate.,reported_public_series,CFETS_CNY_PARITY,USD/CNY Central Parity Rate - Historical Data,https://www.chinamoney.com.cn/ags/ms/cm-u-bk-ccpr/CcprHisNew,https://www.chinamoney.com.cn/english/bmkcpr/index.html?tab=2,2026-08-31T14:36:30.604657Z
2026-03-06,CHN,China,CNY,Renminbi,6.9025,USD,LCU_per_USD,official_central_parity,PBC-authorized daily USD/CNY central parity reference rate.,reported_public_series,CFETS_CNY_PARITY,USD/CNY Central Parity Rate - Historical Data,https://www.chinamoney.com.cn/ags/ms/cm-u-bk-ccpr/CcprHisNew,https://www.chinamoney.com.cn/english/bmkcpr/index.html?tab=2,2026-08-31T14:36:30.604657Z
2026-03-09,CHN,China,CNY,Renminbi,6.9158,USD,LCU_per_USD,official_central_parity,PBC-authorized daily USD/CNY central parity reference rate.,reported_public_series,CFETS_CNY_PARITY,USD/CNY Central Parity Rate - Historical Data,https://www.chinamoney.com.cn/ags/ms/cm-u-bk-ccpr/CcprHisNew,https://www.chinamoney.com.cn/english/bmkcpr/index.html?tab=2,2026-08-31T14:36:30.604657Z
2026-03-10,CHN,China,CNY,Renminbi,6.8982,USD,LCU_per_USD,official_central_parity,PBC-authorized daily USD/CNY central parity reference rate.,reported_public_series,CFETS_CNY_PARITY,USD/CNY Central Parity Rate - Historical Data,https://www.chinamoney.com.cn/ags/ms/cm-u-bk-ccpr/CcprHisNew,https://www.chinamoney.com.cn/english/bmkcpr/index.html?tab=2,2026-08-31T14:36:30.604657Z
2026-03-11,CHN,China,CNY,Renminbi,6.8917,USD,LCU_per_USD,official_central_parity,PBC-authorized daily USD/CNY central parity reference rate.,reported_public_series,CFETS_CNY_PARITY,USD/CNY Central Parity Rate - Historical Data,https://www.chinamoney.com.cn/ags/ms/cm-u-bk-ccpr/CcprHisNew,https://www.chinamoney.com.cn/english/bmkcpr/index.html?tab=2,2026-08-31T14:36:30.604657Z
2026-03-12,CHN,China,CNY,Renminbi,6.8959,USD,LCU_per_USD,official_central_parity,PBC-authorized daily USD/CNY central parity reference rate.,reported_public_series,CFETS_CNY_PARITY,USD/CNY Central Parity Rate - Historical Data,https://www.chinamoney.com.cn/ags/ms/cm-u-bk-ccpr/CcprHisNew,https://www.chinamoney.com.cn/english/bmkcpr/index.html?tab=2,2026-08-31T14:36:30.604657Z
2026-03-13,CHN,China,CNY,Renminbi,6.9007,USD,LCU_per_USD,official_central_parity,PBC-authorized daily USD/CNY central parity reference rate.,reported_public_series,CFETS_CNY_PARITY,USD/CNY Central Parity Rate - Historical Data,https://www.chinamoney.com.cn/ags/ms/cm-u-bk-ccpr/CcprHisNew,https://www.chinamoney.com.cn/english/bmkcpr/index.html?tab=2,2026-08-31T14:36:30.604657Z
2026-03-16,CHN,China,CNY,Renminbi,6.9057,USD,LCU_per_USD,official_central_parity,PBC-authorized daily USD/CNY central parity reference rate.,reported_public_series,CFETS_CNY_PARITY,USD/CNY Central Parity Rate - Historical Data,https://www.chinamoney.com.cn/ags/ms/cm-u-bk-ccpr/CcprHisNew,https://www.chinamoney.com.cn/english/bmkcpr/index.html?tab=2,2026-08-31T14:36:30.604657Z
2026-03-17,CHN,China,CNY,Renminbi,6.8961,USD,LCU_per_USD,official_central_parity,PBC-authorized daily USD/CNY central parity reference rate.,reported_public_series,CFETS_CNY_PARITY,USD/CNY Central Parity Rate - Historical Data,https://www.chinamoney.com.cn/ags/ms/cm-u-bk-ccpr/CcprHisNew,https://www.chinamoney.com.cn/english/bmkcpr/index.html?tab=2,2026-08-31T14:36:30.604657Z
2026-03-18,CHN,China,CNY,Renminbi,6.8909,USD,LCU_per_USD,official_central_parity,PBC-authorized daily USD/CNY central parity reference rate.,reported_public_series,CFETS_CNY_PARITY,USD/CNY Central Parity Rate - Historical Data,https://www.chinamoney.com.cn/ags/ms/cm-u-bk-ccpr/CcprHisNew,https://www.chinamoney.com.cn/english/bmkcpr/index.html?tab=2,2026-08-31T14:36:30.604657Z
2026-03-19,CHN,China,CNY,Renminbi,6.8975,USD,LCU_per_USD,official_central_parity,PBC-authorized daily USD/CNY central parity reference rate.,reported_public_series,CFETS_CNY_PARITY,USD/CNY Central Parity Rate - Historical Data,https://www.chinamoney.com.cn/ags/ms/cm-u-bk-ccpr/CcprHisNew,https://www.chinamoney.com.cn/english/bmkcpr/index.html?tab=2,2026-08-31T14:36:30.604657Z
2026-03-20,CHN,China,CNY,Renminbi,6.8898,USD,LCU_per_USD,official_central_parity,PBC-authorized daily USD/CNY central parity reference rate.,reported_public_series,CFETS_CNY_PARITY,USD/CNY Central Parity Rate - Historical Data,https://www.chinamoney.com.cn/ags/ms/cm-u-bk-ccpr/CcprHisNew,https://www.chinamoney.com.cn/english/bmkcpr/index.html?tab=2,2026-08-31T14:36:30.604657Z
2026-03-23,CHN,China,CNY,Renminbi,6.9041,USD,LCU_per_USD,official_central_parity,PBC-authorized daily USD/CNY central parity reference rate.,reported_public_series,CFETS_CNY_PARITY,USD/CNY Central Parity Rate - Historical Data,https://www.chinamoney.com.cn/ags/ms/cm-u-bk-ccpr/CcprHisNew,https://www.chinamoney.com.cn/english/bmkcpr/index.html?tab=2,2026-08-31T14:36:30.604657Z
2026-03-24,CHN,China,CNY,Renminbi,6.8943,USD,LCU_per_USD,official_central_parity,PBC-authorized daily USD/CNY central parity reference rate.,reported_public_series,CFETS_CNY_PARITY,USD/CNY Central Parity Rate - Historical Data,https://www.chinamoney.com.cn/ags/ms/cm-u-bk-ccpr/CcprHisNew,https://www.chinamoney.com.cn/english/bmkcpr/index.html?tab=2,2026-08-31T14:36:30.604657Z
2026-03-25,CHN,China,CNY,Renminbi,6.8911,USD,LCU_per_USD,official_central_parity,PBC-authorized daily USD/CNY central parity reference rate.,reported_public_series,CFETS_CNY_PARITY,USD/CNY Central Parity Rate - Historical Data,https://www.chinamoney.com.cn/ags/ms/cm-u-bk-ccpr/CcprHisNew,https://www.chinamoney.com.cn/english/bmkcpr/index.html?tab=2,2026-08-31T14:36:30.604657Z
2026-03-26,CHN,China,CNY,Renminbi,6.9056,USD,LCU_per_USD,official_central_parity,PBC-authorized daily USD/CNY central parity reference rate.,reported_public_series,CFETS_CNY_PARITY,USD/CNY Central Parity Rate - Historical Data,https://www.chinamoney.com.cn/ags/ms/cm-u-bk-ccpr/CcprHisNew,https://www.chinamoney.com.cn/english/bmkcpr/index.html?tab=2,2026-08-31T14:36:30.604657Z
2026-03-27,CHN,China,CNY,Renminbi,6.9141,USD,LCU_per_USD,official_central_parity,PBC-authorized daily USD/CNY central parity reference rate.,reported_public_series,CFETS_CNY_PARITY,USD/CNY Central Parity Rate - Historical Data,https://www.chinamoney.com.cn/ags/ms/cm-u-bk-ccpr/CcprHisNew,https://www.chinamoney.com.cn/english/bmkcpr/index.html?tab=2,2026-08-31T14:36:30.604657Z
2026-03-30,CHN,China,CNY,Renminbi,6.9223,USD,LCU_per_USD,official_central_parity,PBC-authorized daily USD/CNY central parity reference rate.,reported_public_series,CFETS_CNY_PARITY,USD/CNY Central Parity Rate - Historical Data,https://www.chinamoney.com.cn/ags/ms/cm-u-bk-ccpr/CcprHisNew,https://www.chinamoney.com.cn/english/bmkcpr/index.html?tab=2,2026-08-31T14:36:30.604657Z
2026-03-31,CHN,China,CNY,Renminbi,6.9194,USD,LCU_per_USD,official_central_parity,PBC-authorized daily USD/CNY central parity reference rate.,reported_public_series,CFETS_CNY_PARITY,USD/CNY Central Parity Rate - Historical Data,https://www.chinamoney.com.cn/ags/ms/cm-u-bk-ccpr/CcprHisNew,https://www.chinamoney.com.cn/english/bmkcpr/index.html?tab=2,2026-08-31T14:36:30.604657Z
2026-04-01,CHN,China,CNY,Renminbi,6.9025,USD,LCU_per_USD,official_central_parity,PBC-authorized daily USD/CNY central parity reference rate.,reported_public_series,CFETS_CNY_PARITY,USD/CNY Central Parity Rate - Historical Data,https://www.chinamoney.com.cn/ags/ms/cm-u-bk-ccpr/CcprHisNew,https://www.chinamoney.com.cn/english/bmkcpr/index.html?tab=2,2026-08-31T14:36:30.834836Z
2026-04-02,CHN,China,CNY,Renminbi,6.888,USD,LCU_per_USD,official_central_parity,PBC-authorized daily USD/CNY central parity reference rate.,reported_public_series,CFETS_CNY_PARITY,USD/CNY Central Parity Rate - Historical Data,https://www.chinamoney.com.cn/ags/ms/cm-u-bk-ccpr/CcprHisNew,https://www.chinamoney.com.cn/english/bmkcpr/index.html?tab=2,2026-08-31T14:36:30.834836Z
2026-04-03,CHN,China,CNY,Renminbi,6.8929,USD,LCU_per_USD,official_central_parity,PBC-authorized daily USD/CNY central parity reference rate.,reported_public_series,CFETS_CNY_PARITY,USD/CNY Central Parity Rate - Historical Data,https://www.chinamoney.com.cn/ags/ms/cm-u-bk-ccpr/CcprHisNew,https://www.chinamoney.com.cn/english/bmkcpr/index.html?tab=2,2026-08-31T14:36:30.834836Z
2026-04-07,CHN,China,CNY,Renminbi,6.8854,USD,LCU_per_USD,official_central_parity,PBC-authorized daily USD/CNY central parity reference rate.,reported_public_series,CFETS_CNY_PARITY,USD/CNY Central Parity Rate - Historical Data,https://www.chinamoney.com.cn/ags/ms/cm-u-bk-ccpr/CcprHisNew,https://www.chinamoney.com.cn/english/bmkcpr/index.html?tab=2,2026-08-31T14:36:30.834836Z
2026-04-08,CHN,China,CNY,Renminbi,6.868,USD,LCU_per_USD,official_central_parity,PBC-authorized daily USD/CNY central parity reference rate.,reported_public_series,CFETS_CNY_PARITY,USD/CNY Central Parity Rate - Historical Data,https://www.chinamoney.com.cn/ags/ms/cm-u-bk-ccpr/CcprHisNew,https://www.chinamoney.com.cn/english/bmkcpr/index.html?tab=2,2026-08-31T14:36:30.834836Z
2026-04-09,CHN,China,CNY,Renminbi,6.8649,USD,LCU_per_USD,official_central_parity,PBC-authorized daily USD/CNY central parity reference rate.,reported_public_series,CFETS_CNY_PARITY,USD/CNY Central Parity Rate - Historical Data,https://www.chinamoney.com.cn/ags/ms/cm-u-bk-ccpr/CcprHisNew,https://www.chinamoney.com.cn/english/bmkcpr/index.html?tab=2,2026-08-31T14:36:30.834836Z
2026-04-10,CHN,China,CNY,Renminbi,6.8654,USD,LCU_per_USD,official_central_parity,PBC-authorized daily USD/CNY central parity reference rate.,reported_public_series,CFETS_CNY_PARITY,USD/CNY Central Parity Rate - Historical Data,https://www.chinamoney.com.cn/ags/ms/cm-u-bk-ccpr/CcprHisNew,https://www.chinamoney.com.cn/english/bmkcpr/index.html?tab=2,2026-08-31T14:36:30.834836Z
2026-04-13,CHN,China,CNY,Renminbi,6.8657,USD,LCU_per_USD,official_central_parity,PBC-authorized daily USD/CNY central parity reference rate.,reported_public_series,CFETS_CNY_PARITY,USD/CNY Central Parity Rate - Historical Data,https://www.chinamoney.com.cn/ags/ms/cm-u-bk-ccpr/CcprHisNew,https://www.chinamoney.com.cn/english/bmkcpr/index.html?tab=2,2026-08-31T14:36:30.834836Z
2026-04-14,CHN,China,CNY,Renminbi,6.8593,USD,LCU_per_USD,official_central_parity,PBC-authorized daily USD/CNY central parity reference rate.,reported_public_series,CFETS_CNY_PARITY,USD/CNY Central Parity Rate - Historical Data,https://www.chinamoney.com.cn/ags/ms/cm-u-bk-ccpr/CcprHisNew,https://www.chinamoney.com.cn/english/bmkcpr/index.html?tab=2,2026-08-31T14:36:30.834836Z
2026-04-15,CHN,China,CNY,Renminbi,6.8582,USD,LCU_per_USD,official_central_parity,PBC-authorized daily USD/CNY central parity reference rate.,reported_public_series,CFETS_CNY_PARITY,USD/CNY Central Parity Rate - Historical Data,https://www.chinamoney.com.cn/ags/ms/cm-u-bk-ccpr/CcprHisNew,https://www.chinamoney.com.cn/english/bmkcpr/index.html?tab=2,2026-08-31T14:36:30.834836Z
2026-04-16,CHN,China,CNY,Renminbi,6.8616,USD,LCU_per_USD,official_central_parity,PBC-authorized daily USD/CNY central parity reference rate.,reported_public_series,CFETS_CNY_PARITY,USD/CNY Central Parity Rate - Historical Data,https://www.chinamoney.com.cn/ags/ms/cm-u-bk-ccpr/CcprHisNew,https://www.chinamoney.com.cn/english/bmkcpr/index.html?tab=2,2026-08-31T14:36:30.834836Z
2026-04-17,CHN,China,CNY,Renminbi,6.8622,USD,LCU_per_USD,official_central_parity,PBC-authorized daily USD/CNY central parity reference rate.,reported_public_series,CFETS_CNY_PARITY,USD/CNY Central Parity Rate - Historical Data,https://www.chinamoney.com.cn/ags/ms/cm-u-bk-ccpr/CcprHisNew,https://www.chinamoney.com.cn/english/bmkcpr/index.html?tab=2,2026-08-31T14:36:30.834836Z
2026-04-20,CHN,China,CNY,Renminbi,6.8648,USD,LCU_per_USD,official_central_parity,PBC-authorized daily USD/CNY central parity reference rate.,reported_public_series,CFETS_CNY_PARITY,USD/CNY Central Parity Rate - Historical Data,https://www.chinamoney.com.cn/ags/ms/cm-u-bk-ccpr/CcprHisNew,https://www.chinamoney.com.cn/english/bmkcpr/index.html?tab=2,2026-08-31T14:36:30.834836Z
2026-04-21,CHN,China,CNY,Renminbi,6.8594,USD,LCU_per_USD,official_central_parity,PBC-authorized daily USD/CNY central parity reference rate.,reported_public_series,CFETS_CNY_PARITY,USD/CNY Central Parity Rate - Historical Data,https://www.chinamoney.com.cn/ags/ms/cm-u-bk-ccpr/CcprHisNew,https://www.chinamoney.com.cn/english/bmkcpr/index.html?tab=2,2026-08-31T14:36:30.834836Z
2026-04-22,CHN,China,CNY,Renminbi,6.8635,USD,LCU_per_USD,official_central_parity,PBC-authorized daily USD/CNY central parity reference rate.,reported_public_series,CFETS_CNY_PARITY,USD/CNY Central Parity Rate - Historical Data,https://www.chinamoney.com.cn/ags/ms/cm-u-bk-ccpr/CcprHisNew,https://www.chinamoney.com.cn/english/bmkcpr/index.html?tab=2,2026-08-31T14:36:30.834836Z
2026-04-23,CHN,China,CNY,Renminbi,6.865,USD,LCU_per_USD,official_central_parity,PBC-authorized daily USD/CNY central parity reference rate.,reported_public_series,CFETS_CNY_PARITY,USD/CNY Central Parity Rate - Historical Data,https://www.chinamoney.com.cn/ags/ms/cm-u-bk-ccpr/CcprHisNew,https://www.chinamoney.com.cn/english/bmkcpr/index.html?tab=2,2026-08-31T14:36:30.834836Z
2026-04-24,CHN,China,CNY,Renminbi,6.8674,USD,LCU_per_USD,official_central_parity,PBC-authorized daily USD/CNY central parity reference rate.,reported_public_series,CFETS_CNY_PARITY,USD/CNY Central Parity Rate - Historical Data,https://www.chinamoney.com.cn/ags/ms/cm-u-bk-ccpr/CcprHisNew,https://www.chinamoney.com.cn/english/bmkcpr/index.html?tab=2,2026-08-31T14:36:30.834836Z
2026-04-27,CHN,China,CNY,Renminbi,6.8579,USD,LCU_per_USD,official_central_parity,PBC-authorized daily USD/CNY central parity reference rate.,reported_public_series,CFETS_CNY_PARITY,USD/CNY Central Parity Rate - Historical Data,https://www.chinamoney.com.cn/ags/ms/cm-u-bk-ccpr/CcprHisNew,https://www.chinamoney.com.cn/english/bmkcpr/index.html?tab=2,2026-08-31T14:36:30.834836Z
2026-04-28,CHN,China,CNY,Renminbi,6.8589,USD,LCU_per_USD,official_central_parity,PBC-authorized daily USD/CNY central parity reference rate.,reported_public_series,CFETS_CNY_PARITY,USD/CNY Central Parity Rate - Historical Data,https://www.chinamoney.com.cn/ags/ms/cm-u-bk-ccpr/CcprHisNew,https://www.chinamoney.com.cn/english/bmkcpr/index.html?tab=2,2026-08-31T14:36:30.834836Z
2026-04-29,CHN,China,CNY,Renminbi,6.8608,USD,LCU_per_USD,official_central_parity,PBC-authorized daily USD/CNY central parity reference rate.,reported_public_series,CFETS_CNY_PARITY,USD/CNY Central Parity Rate - Historical Data,https://www.chinamoney.com.cn/ags/ms/cm-u-bk-ccpr/CcprHisNew,https://www.chinamoney.com.cn/english/bmkcpr/index.html?tab=2,2026-08-31T14:36:30.834836Z
2026-04-30,CHN,China,CNY,Renminbi,6.8628,USD,LCU_per_USD,official_central_parity,PBC-authorized daily USD/CNY central parity reference rate.,reported_public_series,CFETS_CNY_PARITY,USD/CNY Central Parity Rate - Historical Data,https://www.chinamoney.com.cn/ags/ms/cm-u-bk-ccpr/CcprHisNew,https://www.chinamoney.com.cn/english/bmkcpr/index.html?tab=2,2026-08-31T14:36:30.834836Z
2026-05-06,CHN,China,CNY,Renminbi,6.8562,USD,LCU_per_USD,official_central_parity,PBC-authorized daily USD/CNY central parity reference rate.,reported_public_series,CFETS_CNY_PARITY,USD/CNY Central Parity Rate - Historical Data,https://www.chinamoney.com.cn/ags/ms/cm-u-bk-ccpr/CcprHisNew,https://www.chinamoney.com.cn/english/bmkcpr/index.html?tab=2,2026-08-31T14:36:31.102480Z
2026-05-07,CHN,China,CNY,Renminbi,6.8487,USD,LCU_per_USD,official_central_parity,PBC-authorized daily USD/CNY central parity reference rate.,reported_public_series,CFETS_CNY_PARITY,USD/CNY Central Parity Rate - Historical Data,https://www.chinamoney.com.cn/ags/ms/cm-u-bk-ccpr/CcprHisNew,https://www.chinamoney.com.cn/english/bmkcpr/index.html?tab=2,2026-08-31T14:36:31.102480Z
2026-05-08,CHN,China,CNY,Renminbi,6.8502,USD,LCU_per_USD,official_central_parity,PBC-authorized daily USD/CNY central parity reference rate.,reported_public_series,CFETS_CNY_PARITY,USD/CNY Central Parity Rate - Historical Data,https://www.chinamoney.com.cn/ags/ms/cm-u-bk-ccpr/CcprHisNew,https://www.chinamoney.com.cn/english/bmkcpr/index.html?tab=2,2026-08-31T14:36:31.102480Z
2026-05-11,CHN,China,CNY,Renminbi,6.8467,USD,LCU_per_USD,official_central_parity,PBC-authorized daily USD/CNY central parity reference rate.,reported_public_series,CFETS_CNY_PARITY,USD/CNY Central Parity Rate - Historical Data,https://www.chinamoney.com.cn/ags/ms/cm-u-bk-ccpr/CcprHisNew,https://www.chinamoney.com.cn/english/bmkcpr/index.html?tab=2,2026-08-31T14:36:31.102480Z
2026-05-12,CHN,China,CNY,Renminbi,6.8426,USD,LCU_per_USD,official_central_parity,PBC-authorized daily USD/CNY central parity reference rate.,reported_public_series,CFETS_CNY_PARITY,USD/CNY Central Parity Rate - Historical Data,https://www.chinamoney.com.cn/ags/ms/cm-u-bk-ccpr/CcprHisNew,https://www.chinamoney.com.cn/english/bmkcpr/index.html?tab=2,2026-08-31T14:36:31.102480Z
2026-05-13,CHN,China,CNY,Renminbi,6.8431,USD,LCU_per_USD,official_central_parity,PBC-authorized daily USD/CNY central parity reference rate.,reported_public_series,CFETS_CNY_PARITY,USD/CNY Central Parity Rate - Historical Data,https://www.chinamoney.com.cn/ags/ms/cm-u-bk-ccpr/CcprHisNew,https://www.chinamoney.com.cn/english/bmkcpr/index.html?tab=2,2026-08-31T14:36:31.102480Z
2026-05-14,CHN,China,CNY,Renminbi,6.8401,USD,LCU_per_USD,official_central_parity,PBC-authorized daily USD/CNY central parity reference rate.,reported_public_series,CFETS_CNY_PARITY,USD/CNY Central Parity Rate - Historical Data,https://www.chinamoney.com.cn/ags/ms/cm-u-bk-ccpr/CcprHisNew,https://www.chinamoney.com.cn/english/bmkcpr/index.html?tab=2,2026-08-31T14:36:31.102480Z
2026-05-15,CHN,China,CNY,Renminbi,6.8415,USD,LCU_per_USD,official_central_parity,PBC-authorized daily USD/CNY central parity reference rate.,reported_public_series,CFETS_CNY_PARITY,USD/CNY Central Parity Rate - Historical Data,https://www.chinamoney.com.cn/ags/ms/cm-u-bk-ccpr/CcprHisNew,https://www.chinamoney.com.cn/english/bmkcpr/index.html?tab=2,2026-08-31T14:36:31.102480Z
2026-05-18,CHN,China,CNY,Renminbi,6.8435,USD,LCU_per_USD,official_central_parity,PBC-authorized daily USD/CNY central parity reference rate.,reported_public_series,CFETS_CNY_PARITY,USD/CNY Central Parity Rate - Historical Data,https://www.chinamoney.com.cn/ags/ms/cm-u-bk-ccpr/CcprHisNew,https://www.chinamoney.com.cn/english/bmkcpr/index.html?tab=2,2026-08-31T14:36:31.102480Z
2026-05-19,CHN,China,CNY,Renminbi,6.8375,USD,LCU_per_USD,official_central_parity,PBC-authorized daily USD/CNY central parity reference rate.,reported_public_series,CFETS_CNY_PARITY,USD/CNY Central Parity Rate - Historical Data,https://www.chinamoney.com.cn/ags/ms/cm-u-bk-ccpr/CcprHisNew,https://www.chinamoney.com.cn/english/bmkcpr/index.html?tab=2,2026-08-31T14:36:31.102480Z
2026-05-20,CHN,China,CNY,Renminbi,6.8397,USD,LCU_per_USD,official_central_parity,PBC-authorized daily USD/CNY central parity reference rate.,reported_public_series,CFETS_CNY_PARITY,USD/CNY Central Parity Rate - Historical Data,https://www.chinamoney.com.cn/ags/ms/cm-u-bk-ccpr/CcprHisNew,https://www.chinamoney.com.cn/english/bmkcpr/index.html?tab=2,2026-08-31T14:36:31.102480Z
2026-05-21,CHN,China,CNY,Renminbi,6.8349,USD,LCU_per_USD,official_central_parity,PBC-authorized daily USD/CNY central parity reference rate.,reported_public_series,CFETS_CNY_PARITY,USD/CNY Central Parity Rate - Historical Data,https://www.chinamoney.com.cn/ags/ms/cm-u-bk-ccpr/CcprHisNew,https://www.chinamoney.com.cn/english/bmkcpr/index.html?tab=2,2026-08-31T14:36:31.102480Z
2026-05-22,CHN,China,CNY,Renminbi,6.8373,USD,LCU_per_USD,official_central_parity,PBC-authorized daily USD/CNY central parity reference rate.,reported_public_series,CFETS_CNY_PARITY,USD/CNY Central Parity Rate - Historical Data,https://www.chinamoney.com.cn/ags/ms/cm-u-bk-ccpr/CcprHisNew,https://www.chinamoney.com.cn/english/bmkcpr/index.html?tab=2,2026-08-31T14:36:31.102480Z
2026-05-25,CHN,China,CNY,Renminbi,6.8318,USD,LCU_per_USD,official_central_parity,PBC-authorized daily USD/CNY central parity reference rate.,reported_public_series,CFETS_CNY_PARITY,USD/CNY Central Parity Rate - Historical Data,https://www.chinamoney.com.cn/ags/ms/cm-u-bk-ccpr/CcprHisNew,https://www.chinamoney.com.cn/english/bmkcpr/index.html?tab=2,2026-08-31T14:36:31.102480Z
2026-05-26,CHN,China,CNY,Renminbi,6.8288,USD,LCU_per_USD,official_central_parity,PBC-authorized daily USD/CNY central parity reference rate.,reported_public_series,CFETS_CNY_PARITY,USD/CNY Central Parity Rate - Historical Data,https://www.chinamoney.com.cn/ags/ms/cm-u-bk-ccpr/CcprHisNew,https://www.chinamoney.com.cn/english/bmkcpr/index.html?tab=2,2026-08-31T14:36:31.102480Z
2026-05-27,CHN,China,CNY,Renminbi,6.8291,USD,LCU_per_USD,official_central_parity,PBC-authorized daily USD/CNY central parity reference rate.,reported_public_series,CFETS_CNY_PARITY,USD/CNY Central Parity Rate - Historical Data,https://www.chinamoney.com.cn/ags/ms/cm-u-bk-ccpr/CcprHisNew,https://www.chinamoney.com.cn/english/bmkcpr/index.html?tab=2,2026-08-31T14:36:31.102480Z
2026-05-28,CHN,China,CNY,Renminbi,6.824,USD,LCU_per_USD,official_central_parity,PBC-authorized daily USD/CNY central parity reference rate.,reported_public_series,CFETS_CNY_PARITY,USD/CNY Central Parity Rate - Historical Data,https://www.chinamoney.com.cn/ags/ms/cm-u-bk-ccpr/CcprHisNew,https://www.chinamoney.com.cn/english/bmkcpr/index.html?tab=2,2026-08-31T14:36:31.102480Z
2026-05-29,CHN,China,CNY,Renminbi,6.8176,USD,LCU_per_USD,official_central_parity,PBC-authorized daily USD/CNY central parity reference rate.,reported_public_series,CFETS_CNY_PARITY,USD/CNY Central Parity Rate - Historical Data,https://www.chinamoney.com.cn/ags/ms/cm-u-bk-ccpr/CcprHisNew,https://www.chinamoney.com.cn/english/bmkcpr/index.html?tab=2,2026-08-31T14:36:31.102480Z
2026-06-01,CHN,China,CNY,Renminbi,6.8167,USD,LCU_per_USD,official_central_parity,PBC-authorized daily USD/CNY central parity reference rate.,reported_public_series,CFETS_CNY_PARITY,USD/CNY Central Parity Rate - Historical Data,https://www.chinamoney.com.cn/ags/ms/cm-u-bk-ccpr/CcprHisNew,https://www.chinamoney.com.cn/english/bmkcpr/index.html?tab=2,2026-08-31T14:36:31.325543Z
2026-06-02,CHN,China,CNY,Renminbi,6.8187,USD,LCU_per_USD,official_central_parity,PBC-authorized daily USD/CNY central parity reference rate.,reported_public_series,CFETS_CNY_PARITY,USD/CNY Central Parity Rate - Historical Data,https://www.chinamoney.com.cn/ags/ms/cm-u-bk-ccpr/CcprHisNew,https://www.chinamoney.com.cn/english/bmkcpr/index.html?tab=2,2026-08-31T14:36:31.325543Z
2026-06-03,CHN,China,CNY,Renminbi,6.8184,USD,LCU_per_USD,official_central_parity,PBC-authorized daily USD/CNY central parity reference rate.,reported_public_series,CFETS_CNY_PARITY,USD/CNY Central Parity Rate - Historical Data,https://www.chinamoney.com.cn/ags/ms/cm-u-bk-ccpr/CcprHisNew,https://www.chinamoney.com.cn/english/bmkcpr/index.html?tab=2,2026-08-31T14:36:31.325543Z
2026-06-04,CHN,China,CNY,Renminbi,6.8203,USD,LCU_per_USD,official_central_parity,PBC-authorized daily USD/CNY central parity reference rate.,reported_public_series,CFETS_CNY_PARITY,USD/CNY Central Parity Rate - Historical Data,https://www.chinamoney.com.cn/ags/ms/cm-u-bk-ccpr/CcprHisNew,https://www.chinamoney.com.cn/english/bmkcpr/index.html?tab=2,2026-08-31T14:36:31.325543Z
2026-06-05,CHN,China,CNY,Renminbi,6.8157,USD,LCU_per_USD,official_central_parity,PBC-authorized daily USD/CNY central parity reference rate.,reported_public_series,CFETS_CNY_PARITY,USD/CNY Central Parity Rate - Historical Data,https://www.chinamoney.com.cn/ags/ms/cm-u-bk-ccpr/CcprHisNew,https://www.chinamoney.com.cn/english/bmkcpr/index.html?tab=2,2026-08-31T14:36:31.325543Z
2026-06-08,CHN,China,CNY,Renminbi,6.8198,USD,LCU_per_USD,official_central_parity,PBC-authorized daily USD/CNY central parity reference rate.,reported_public_series,CFETS_CNY_PARITY,USD/CNY Central Parity Rate - Historical Data,https://www.chinamoney.com.cn/ags/ms/cm-u-bk-ccpr/CcprHisNew,https://www.chinamoney.com.cn/english/bmkcpr/index.html?tab=2,2026-08-31T14:36:31.325543Z
2026-06-09,CHN,China,CNY,Renminbi,6.8147,USD,LCU_per_USD,official_central_parity,PBC-authorized daily USD/CNY central parity reference rate.,reported_public_series,CFETS_CNY_PARITY,USD/CNY Central Parity Rate - Historical Data,https://www.chinamoney.com.cn/ags/ms/cm-u-bk-ccpr/CcprHisNew,https://www.chinamoney.com.cn/english/bmkcpr/index.html?tab=2,2026-08-31T14:36:31.325543Z
2026-06-10,CHN,China,CNY,Renminbi,6.813,USD,LCU_per_USD,official_central_parity,PBC-authorized daily USD/CNY central parity reference rate.,reported_public_series,CFETS_CNY_PARITY,USD/CNY Central Parity Rate - Historical Data,https://www.chinamoney.com.cn/ags/ms/cm-u-bk-ccpr/CcprHisNew,https://www.chinamoney.com.cn/english/bmkcpr/index.html?tab=2,2026-08-31T14:36:31.325543Z
2026-06-11,CHN,China,CNY,Renminbi,6.815,USD,LCU_per_USD,official_central_parity,PBC-authorized daily USD/CNY central parity reference rate.,reported_public_series,CFETS_CNY_PARITY,USD/CNY Central Parity Rate - Historical Data,https://www.chinamoney.com.cn/ags/ms/cm-u-bk-ccpr/CcprHisNew,https://www.chinamoney.com.cn/english/bmkcpr/index.html?tab=2,2026-08-31T14:36:31.325543Z
2026-06-12,CHN,China,CNY,Renminbi,6.8109,USD,LCU_per_USD,official_central_parity,PBC-authorized daily USD/CNY central parity reference rate.,reported_public_series,CFETS_CNY_PARITY,USD/CNY Central Parity Rate - Historical Data,https://www.chinamoney.com.cn/ags/ms/cm-u-bk-ccpr/CcprHisNew,https://www.chinamoney.com.cn/english/bmkcpr/index.html?tab=2,2026-08-31T14:36:31.325543Z
2026-06-15,CHN,China,CNY,Renminbi,6.8088,USD,LCU_per_USD,official_central_parity,PBC-authorized daily USD/CNY central parity reference rate.,reported_public_series,CFETS_CNY_PARITY,USD/CNY Central Parity Rate - Historical Data,https://www.chinamoney.com.cn/ags/ms/cm-u-bk-ccpr/CcprHisNew,https://www.chinamoney.com.cn/english/bmkcpr/index.html?tab=2,2026-08-31T14:36:31.325543Z
2026-06-16,CHN,China,CNY,Renminbi,6.8108,USD,LCU_per_USD,official_central_parity,PBC-authorized daily USD/CNY central parity reference rate.,reported_public_series,CFETS_CNY_PARITY,USD/CNY Central Parity Rate - Historical Data,https://www.chinamoney.com.cn/ags/ms/cm-u-bk-ccpr/CcprHisNew,https://www.chinamoney.com.cn/english/bmkcpr/index.html?tab=2,2026-08-31T14:36:31.325543Z
2026-06-17,CHN,China,CNY,Renminbi,6.8096,USD,LCU_per_USD,official_central_parity,PBC-authorized daily USD/CNY central parity reference rate.,reported_public_series,CFETS_CNY_PARITY,USD/CNY Central Parity Rate - Historical Data,https://www.chinamoney.com.cn/ags/ms/cm-u-bk-ccpr/CcprHisNew,https://www.chinamoney.com.cn/english/bmkcpr/index.html?tab=2,2026-08-31T14:36:31.325543Z
2026-06-18,CHN,China,CNY,Renminbi,6.813,USD,LCU_per_USD,official_central_parity,PBC-authorized daily USD/CNY central parity reference rate.,reported_public_series,CFETS_CNY_PARITY,USD/CNY Central Parity Rate - Historical Data,https://www.chinamoney.com.cn/ags/ms/cm-u-bk-ccpr/CcprHisNew,https://www.chinamoney.com.cn/english/bmkcpr/index.html?tab=2,2026-08-31T14:36:31.325543Z
2026-06-22,CHN,China,CNY,Renminbi,6.815,USD,LCU_per_USD,official_central_parity,PBC-authorized daily USD/CNY central parity reference rate.,reported_public_series,CFETS_CNY_PARITY,USD/CNY Central Parity Rate - Historical Data,https://www.chinamoney.com.cn/ags/ms/cm-u-bk-ccpr/CcprHisNew,https://www.chinamoney.com.cn/english/bmkcpr/index.html?tab=2,2026-08-31T14:36:31.325543Z
2026-06-23,CHN,China,CNY,Renminbi,6.8171,USD,LCU_per_USD,official_central_parity,PBC-authorized daily USD/CNY central parity reference rate.,reported_public_series,CFETS_CNY_PARITY,USD/CNY Central Parity Rate - Historical Data,https://www.chinamoney.com.cn/ags/ms/cm-u-bk-ccpr/CcprHisNew,https://www.chinamoney.com.cn/english/bmkcpr/index.html?tab=2,2026-08-31T14:36:31.325543Z
2026-06-24,CHN,China,CNY,Renminbi,6.8195,USD,LCU_per_USD,official_central_parity,PBC-authorized daily USD/CNY central parity reference rate.,reported_public_series,CFETS_CNY_PARITY,USD/CNY Central Parity Rate - Historical Data,https://www.chinamoney.com.cn/ags/ms/cm-u-bk-ccpr/CcprHisNew,https://www.chinamoney.com.cn/english/bmkcpr/index.html?tab=2,2026-08-31T14:36:31.325543Z
2026-06-25,CHN,China,CNY,Renminbi,6.8209,USD,LCU_per_USD,official_central_parity,PBC-authorized daily USD/CNY central parity reference rate.,reported_public_series,CFETS_CNY_PARITY,USD/CNY Central Parity Rate - Historical Data,https://www.chinamoney.com.cn/ags/ms/cm-u-bk-ccpr/CcprHisNew,https://www.chinamoney.com.cn/english/bmkcpr/index.html?tab=2,2026-08-31T14:36:31.325543Z
2026-06-26,CHN,China,CNY,Renminbi,6.8166,USD,LCU_per_USD,official_central_parity,PBC-authorized daily USD/CNY central parity reference rate.,reported_public_series,CFETS_CNY_PARITY,USD/CNY Central Parity Rate - Historical Data,https://www.chinamoney.com.cn/ags/ms/cm-u-bk-ccpr/CcprHisNew,https://www.chinamoney.com.cn/english/bmkcpr/index.html?tab=2,2026-08-31T14:36:31.325543Z
2026-06-29,CHN,China,CNY,Renminbi,6.8175,USD,LCU_per_USD,official_central_parity,PBC-authorized daily USD/CNY central parity reference rate.,reported_public_series,CFETS_CNY_PARITY,USD/CNY Central Parity Rate - Historical Data,https://www.chinamoney.com.cn/ags/ms/cm-u-bk-ccpr/CcprHisNew,https://www.chinamoney.com.cn/english/bmkcpr/index.html?tab=2,2026-08-31T14:36:31.325543Z
2026-06-30,CHN,China,CNY,Renminbi,6.8109,USD,LCU_per_USD,official_central_parity,PBC-authorized daily USD/CNY central parity reference rate.,reported_public_series,CFETS_CNY_PARITY,USD/CNY Central Parity Rate - Historical Data,https://www.chinamoney.com.cn/ags/ms/cm-u-bk-ccpr/CcprHisNew,https://www.chinamoney.com.cn/english/bmkcpr/index.html?tab=2,2026-08-31T14:36:31.325543Z
2026-07-01,CHN,China,CNY,Renminbi,6.8067,USD,LCU_per_USD,official_central_parity,PBC-authorized daily USD/CNY central parity reference rate.,reported_public_series,CFETS_CNY_PARITY,USD/CNY Central Parity Rate - Historical Data,https://www.chinamoney.com.cn/ags/ms/cm-u-bk-ccpr/CcprHisNew,https://www.chinamoney.com.cn/english/bmkcpr/index.html?tab=2,2026-08-31T14:36:31.558512Z
2026-07-02,CHN,China,CNY,Renminbi,6.8088,USD,LCU_per_USD,official_central_parity,PBC-authorized daily USD/CNY central parity reference rate.,reported_public_series,CFETS_CNY_PARITY,USD/CNY Central Parity Rate - Historical Data,https://www.chinamoney.com.cn/ags/ms/cm-u-bk-ccpr/CcprHisNew,https://www.chinamoney.com.cn/english/bmkcpr/index.html?tab=2,2026-08-31T14:36:31.558512Z
2026-07-03,CHN,China,CNY,Renminbi,6.8047,USD,LCU_per_USD,official_central_parity,PBC-authorized daily USD/CNY central parity reference rate.,reported_public_series,CFETS_CNY_PARITY,USD/CNY Central Parity Rate - Historical Data,https://www.chinamoney.com.cn/ags/ms/cm-u-bk-ccpr/CcprHisNew,https://www.chinamoney.com.cn/english/bmkcpr/index.html?tab=2,2026-08-31T14:36:31.558512Z
2026-07-06,CHN,China,CNY,Renminbi,6.8066,USD,LCU_per_USD,official_central_parity,PBC-authorized daily USD/CNY central parity reference rate.,reported_public_series,CFETS_CNY_PARITY,USD/CNY Central Parity Rate - Historical Data,https://www.chinamoney.com.cn/ags/ms/cm-u-bk-ccpr/CcprHisNew,https://www.chinamoney.com.cn/english/bmkcpr/index.html?tab=2,2026-08-31T14:36:31.558512Z
2026-07-07,CHN,China,CNY,Renminbi,6.8054,USD,LCU_per_USD,official_central_parity,PBC-authorized daily USD/CNY central parity reference rate.,reported_public_series,CFETS_CNY_PARITY,USD/CNY Central Parity Rate - Historical Data,https://www.chinamoney.com.cn/ags/ms/cm-u-bk-ccpr/CcprHisNew,https://www.chinamoney.com.cn/english/bmkcpr/index.html?tab=2,2026-08-31T14:36:31.558512Z
2026-07-08,CHN,China,CNY,Renminbi,6.8077,USD,LCU_per_USD,official_central_parity,PBC-authorized daily USD/CNY central parity reference rate.,reported_public_series,CFETS_CNY_PARITY,USD/CNY Central Parity Rate - Historical Data,https://www.chinamoney.com.cn/ags/ms/cm-u-bk-ccpr/CcprHisNew,https://www.chinamoney.com.cn/english/bmkcpr/index.html?tab=2,2026-08-31T14:36:31.558512Z
2026-07-09,CHN,China,CNY,Renminbi,6.8036,USD,LCU_per_USD,official_central_parity,PBC-authorized daily USD/CNY central parity reference rate.,reported_public_series,CFETS_CNY_PARITY,USD/CNY Central Parity Rate - Historical Data,https://www.chinamoney.com.cn/ags/ms/cm-u-bk-ccpr/CcprHisNew,https://www.chinamoney.com.cn/english/bmkcpr/index.html?tab=2,2026-08-31T14:36:31.558512Z
2026-07-10,CHN,China,CNY,Renminbi,6.7989,USD,LCU_per_USD,official_central_parity,PBC-authorized daily USD/CNY central parity reference rate.,reported_public_series,CFETS_CNY_PARITY,USD/CNY Central Parity Rate - Historical Data,https://www.chinamoney.com.cn/ags/ms/cm-u-bk-ccpr/CcprHisNew,https://www.chinamoney.com.cn/english/bmkcpr/index.html?tab=2,2026-08-31T14:36:31.558512Z
2026-07-13,CHN,China,CNY,Renminbi,6.7972,USD,LCU_per_USD,official_central_parity,PBC-authorized daily USD/CNY central parity reference rate.,reported_public_series,CFETS_CNY_PARITY,USD/CNY Central Parity Rate - Historical Data,https://www.chinamoney.com.cn/ags/ms/cm-u-bk-ccpr/CcprHisNew,https://www.chinamoney.com.cn/english/bmkcpr/index.html?tab=2,2026-08-31T14:36:31.558512Z
2026-07-14,CHN,China,CNY,Renminbi,6.799,USD,LCU_per_USD,official_central_parity,PBC-authorized daily USD/CNY central parity reference rate.,reported_public_series,CFETS_CNY_PARITY,USD/CNY Central Parity Rate - Historical Data,https://www.chinamoney.com.cn/ags/ms/cm-u-bk-ccpr/CcprHisNew,https://www.chinamoney.com.cn/english/bmkcpr/index.html?tab=2,2026-08-31T14:36:31.558512Z
2026-07-15,CHN,China,CNY,Renminbi,6.791,USD,LCU_per_USD,official_central_parity,PBC-authorized daily USD/CNY central parity reference rate.,reported_public_series,CFETS_CNY_PARITY,USD/CNY Central Parity Rate - Historical Data,https://www.chinamoney.com.cn/ags/ms/cm-u-bk-ccpr/CcprHisNew,https://www.chinamoney.com.cn/english/bmkcpr/index.html?tab=2,2026-08-31T14:36:31.558512Z
2026-07-16,CHN,China,CNY,Renminbi,6.7909,USD,LCU_per_USD,official_central_parity,PBC-authorized daily USD/CNY central parity reference rate.,reported_public_series,CFETS_CNY_PARITY,USD/CNY Central Parity Rate - Historical Data,https://www.chinamoney.com.cn/ags/ms/cm-u-bk-ccpr/CcprHisNew,https://www.chinamoney.com.cn/english/bmkcpr/index.html?tab=2,2026-08-31T14:36:31.558512Z
2026-07-17,CHN,China,CNY,Renminbi,6.7934,USD,LCU_per_USD,official_central_parity,PBC-authorized daily USD/CNY central parity reference rate.,reported_public_series,CFETS_CNY_PARITY,USD/CNY Central Parity Rate - Historical Data,https://www.chinamoney.com.cn/ags/ms/cm-u-bk-ccpr/CcprHisNew,https://www.chinamoney.com.cn/english/bmkcpr/index.html?tab=2,2026-08-31T14:36:31.558512Z
2026-07-20,CHN,China,CNY,Renminbi,6.7948,USD,LCU_per_USD,official_central_parity,PBC-authorized daily USD/CNY central parity reference rate.,reported_public_series,CFETS_CNY_PARITY,USD/CNY Central Parity Rate - Historical Data,https://www.chinamoney.com.cn/ags/ms/cm-u-bk-ccpr/CcprHisNew,https://www.chinamoney.com.cn/english/bmkcpr/index.html?tab=2,2026-08-31T14:36:31.558512Z
2026-07-21,CHN,China,CNY,Renminbi,6.7917,USD,LCU_per_USD,official_central_parity,PBC-authorized daily USD/CNY central parity reference rate.,reported_public_series,CFETS_CNY_PARITY,USD/CNY Central Parity Rate - Historical Data,https://www.chinamoney.com.cn/ags/ms/cm-u-bk-ccpr/CcprHisNew,https://www.chinamoney.com.cn/english/bmkcpr/index.html?tab=2,2026-08-31T14:36:31.558512Z
2026-07-22,CHN,China,CNY,Renminbi,6.7933,USD,LCU_per_USD,official_central_parity,PBC-authorized daily USD/CNY central parity reference rate.,reported_public_series,CFETS_CNY_PARITY,USD/CNY Central Parity Rate - Historical Data,https://www.chinamoney.com.cn/ags/ms/cm-u-bk-ccpr/CcprHisNew,https://www.chinamoney.com.cn/english/bmkcpr/index.html?tab=2,2026-08-31T14:36:31.558512Z
2026-07-23,CHN,China,CNY,Renminbi,6.7906,USD,LCU_per_USD,official_central_parity,PBC-authorized daily USD/CNY central parity reference rate.,reported_public_series,CFETS_CNY_PARITY,USD/CNY Central Parity Rate - Historical Data,https://www.chinamoney.com.cn/ags/ms/cm-u-bk-ccpr/CcprHisNew,https://www.chinamoney.com.cn/english/bmkcpr/index.html?tab=2,2026-08-31T14:36:31.558512Z
2026-07-24,CHN,China,CNY,Renminbi,6.7939,USD,LCU_per_USD,official_central_parity,PBC-authorized daily USD/CNY central parity reference rate.,reported_public_series,CFETS_CNY_PARITY,USD/CNY Central Parity Rate - Historical Data,https://www.chinamoney.com.cn/ags/ms/cm-u-bk-ccpr/CcprHisNew,https://www.chinamoney.com.cn/english/bmkcpr/index.html?tab=2,2026-08-31T14:36:31.558512Z
2026-07-27,CHN,China,CNY,Renminbi,6.7911,USD,LCU_per_USD,official_central_parity,PBC-authorized daily USD/CNY central parity reference rate.,reported_public_series,CFETS_CNY_PARITY,USD/CNY Central Parity Rate - Historical Data,https://www.chinamoney.com.cn/ags/ms/cm-u-bk-ccpr/CcprHisNew,https://www.chinamoney.com.cn/english/bmkcpr/index.html?tab=2,2026-08-31T14:36:31.558512Z
2026-07-28,CHN,China,CNY,Renminbi,6.7928,USD,LCU_per_USD,official_central_parity,PBC-authorized daily USD/CNY central parity reference rate.,reported_public_series,CFETS_CNY_PARITY,USD/CNY Central Parity Rate - Historical Data,https://www.chinamoney.com.cn/ags/ms/cm-u-bk-ccpr/CcprHisNew,https://www.chinamoney.com.cn/english/bmkcpr/index.html?tab=2,2026-08-31T14:36:31.558512Z
2026-07-29,CHN,China,CNY,Renminbi,6.7899,USD,LCU_per_USD,official_central_parity,PBC-authorized daily USD/CNY central parity reference rate.,reported_public_series,CFETS_CNY_PARITY,USD/CNY Central Parity Rate - Historical Data,https://www.chinamoney.com.cn/ags/ms/cm-u-bk-ccpr/CcprHisNew,https://www.chinamoney.com.cn/english/bmkcpr/index.html?tab=2,2026-08-31T14:36:31.558512Z
2026-07-30,CHN,China,CNY,Renminbi,6.7892,USD,LCU_per_USD,official_central_parity,PBC-authorized daily USD/CNY central parity reference rate.,reported_public_series,CFETS_CNY_PARITY,USD/CNY Central Parity Rate - Historical Data,https://www.chinamoney.com.cn/ags/ms/cm-u-bk-ccpr/CcprHisNew,https://www.chinamoney.com.cn/english/bmkcpr/index.html?tab=2,2026-08-31T14:36:31.558512Z
2026-07-31,CHN,China,CNY,Renminbi,6.7894,USD,LCU_per_USD,official_central_parity,PBC-authorized daily USD/CNY central parity reference rate.,reported_public_series,CFETS_CNY_PARITY,USD/CNY Central Parity Rate - Historical Data,https://www.chinamoney.com.cn/ags/ms/cm-u-bk-ccpr/CcprHisNew,https://www.chinamoney.com.cn/english/bmkcpr/index.html?tab=2,2026-08-31T14:36:31.558512Z
2026-08-03,CHN,China,CNY,Renminbi,6.7898,USD,LCU_per_USD,official_central_parity,PBC-authorized daily USD/CNY central parity reference rate.,reported_public_series,CFETS_CNY_PARITY,USD/CNY Central Parity Rate - Historical Data,https://www.chinamoney.com.cn/ags/ms/cm-u-bk-ccpr/CcprHisNew,https://www.chinamoney.com.cn/english/bmkcpr/index.html?tab=2,2026-08-31T14:36:31.774288Z
2026-08-04,CHN,China,CNY,Renminbi,6.7917,USD,LCU_per_USD,official_central_parity,PBC-authorized daily USD/CNY central parity reference rate.,reported_public_series,CFETS_CNY_PARITY,USD/CNY Central Parity Rate - Historical Data,https://www.chinamoney.com.cn/ags/ms/cm-u-bk-ccpr/CcprHisNew,https://www.chinamoney.com.cn/english/bmkcpr/index.html?tab=2,2026-08-31T14:36:31.774288Z
2026-08-05,CHN,China,CNY,Renminbi,6.7889,USD,LCU_per_USD,official_central_parity,PBC-authorized daily USD/CNY central parity reference rate.,reported_public_series,CFETS_CNY_PARITY,USD/CNY Central Parity Rate - Historical Data,https://www.chinamoney.com.cn/ags/ms/cm-u-bk-ccpr/CcprHisNew,https://www.chinamoney.com.cn/english/bmkcpr/index.html?tab=2,2026-08-31T14:36:31.774288Z
2026-08-06,CHN,China,CNY,Renminbi,6.7895,USD,LCU_per_USD,official_central_parity,PBC-authorized daily USD/CNY central parity reference rate.,reported_public_series,CFETS_CNY_PARITY,USD/CNY Central Parity Rate - Historical Data,https://www.chinamoney.com.cn/ags/ms/cm-u-bk-ccpr/CcprHisNew,https://www.chinamoney.com.cn/english/bmkcpr/index.html?tab=2,2026-08-31T14:36:31.774288Z
2026-08-07,CHN,China,CNY,Renminbi,6.7904,USD,LCU_per_USD,official_central_parity,PBC-authorized daily USD/CNY central parity reference rate.,reported_public_series,CFETS_CNY_PARITY,USD/CNY Central Parity Rate - Historical Data,https://www.chinamoney.com.cn/ags/ms/cm-u-bk-ccpr/CcprHisNew,https://www.chinamoney.com.cn/english/bmkcpr/index.html?tab=2,2026-08-31T14:36:31.774288Z
2026-08-10,CHN,China,CNY,Renminbi,6.7884,USD,LCU_per_USD,official_central_parity,PBC-authorized daily USD/CNY central parity reference rate.,reported_public_series,CFETS_CNY_PARITY,USD/CNY Central Parity Rate - Historical Data,https://www.chinamoney.com.cn/ags/ms/cm-u-bk-ccpr/CcprHisNew,https://www.chinamoney.com.cn/english/bmkcpr/index.html?tab=2,2026-08-31T14:36:31.774288Z
2026-08-11,CHN,China,CNY,Renminbi,6.79,USD,LCU_per_USD,official_central_parity,PBC-authorized daily USD/CNY central parity reference rate.,reported_public_series,CFETS_CNY_PARITY,USD/CNY Central Parity Rate - Historical Data,https://www.chinamoney.com.cn/ags/ms/cm-u-bk-ccpr/CcprHisNew,https://www.chinamoney.com.cn/english/bmkcpr/index.html?tab=2,2026-08-31T14:36:31.774288Z
2026-08-12,CHN,China,CNY,Renminbi,6.7882,USD,LCU_per_USD,official_central_parity,PBC-authorized daily USD/CNY central parity reference rate.,reported_public_series,CFETS_CNY_PARITY,USD/CNY Central Parity Rate - Historical Data,https://www.chinamoney.com.cn/ags/ms/cm-u-bk-ccpr/CcprHisNew,https://www.chinamoney.com.cn/english/bmkcpr/index.html?tab=2,2026-08-31T14:36:31.774288Z
2026-08-13,CHN,China,CNY,Renminbi,6.7888,USD,LCU_per_USD,official_central_parity,PBC-authorized daily USD/CNY central parity reference rate.,reported_public_series,CFETS_CNY_PARITY,USD/CNY Central Parity Rate - Historical Data,https://www.chinamoney.com.cn/ags/ms/cm-u-bk-ccpr/CcprHisNew,https://www.chinamoney.com.cn/english/bmkcpr/index.html?tab=2,2026-08-31T14:36:31.774288Z
2026-08-14,CHN,China,CNY,Renminbi,6.7878,USD,LCU_per_USD,official_central_parity,PBC-authorized daily USD/CNY central parity reference rate.,reported_public_series,CFETS_CNY_PARITY,USD/CNY Central Parity Rate - Historical Data,https://www.chinamoney.com.cn/ags/ms/cm-u-bk-ccpr/CcprHisNew,https://www.chinamoney.com.cn/english/bmkcpr/index.html?tab=2,2026-08-31T14:36:31.774288Z
2026-08-17,CHN,China,CNY,Renminbi,6.7873,USD,LCU_per_USD,official_central_parity,PBC-authorized daily USD/CNY central parity reference rate.,reported_public_series,CFETS_CNY_PARITY,USD/CNY Central Parity Rate - Historical Data,https://www.chinamoney.com.cn/ags/ms/cm-u-bk-ccpr/CcprHisNew,https://www.chinamoney.com.cn/english/bmkcpr/index.html?tab=2,2026-08-31T14:36:31.774288Z
2026-08-18,CHN,China,CNY,Renminbi,6.7905,USD,LCU_per_USD,official_central_parity,PBC-authorized daily USD/CNY central parity reference rate.,reported_public_series,CFETS_CNY_PARITY,USD/CNY Central Parity Rate - Historical Data,https://www.chinamoney.com.cn/ags/ms/cm-u-bk-ccpr/CcprHisNew,https://www.chinamoney.com.cn/english/bmkcpr/index.html?tab=2,2026-08-31T14:36:31.774288Z
2026-08-19,CHN,China,CNY,Renminbi,6.7854,USD,LCU_per_USD,official_central_parity,PBC-authorized daily USD/CNY central parity reference rate.,reported_public_series,CFETS_CNY_PARITY,USD/CNY Central Parity Rate - Historical Data,https://www.chinamoney.com.cn/ags/ms/cm-u-bk-ccpr/CcprHisNew,https://www.chinamoney.com.cn/english/bmkcpr/index.html?tab=2,2026-08-31T14:36:31.774288Z
2026-08-20,CHN,China,CNY,Renminbi,6.7808,USD,LCU_per_USD,official_central_parity,PBC-authorized daily USD/CNY central parity reference rate.,reported_public_series,CFETS_CNY_PARITY,USD/CNY Central Parity Rate - Historical Data,https://www.chinamoney.com.cn/ags/ms/cm-u-bk-ccpr/CcprHisNew,https://www.chinamoney.com.cn/english/bmkcpr/index.html?tab=2,2026-08-31T14:36:31.774288Z
2026-08-21,CHN,China,CNY,Renminbi,6.7817,USD,LCU_per_USD,official_central_parity,PBC-authorized daily USD/CNY central parity reference rate.,reported_public_series,CFETS_CNY_PARITY,USD/CNY Central Parity Rate - Historical Data,https://www.chinamoney.com.cn/ags/ms/cm-u-bk-ccpr/CcprHisNew,https://www.chinamoney.com.cn/english/bmkcpr/index.html?tab=2,2026-08-31T14:36:31.774288Z
2026-08-24,CHN,China,CNY,Renminbi,6.7841,USD,LCU_per_USD,official_central_parity,PBC-authorized daily USD/CNY central parity reference rate.,reported_public_series,CFETS_CNY_PARITY,USD/CNY Central Parity Rate - Historical Data,https://www.chinamoney.com.cn/ags/ms/cm-u-bk-ccpr/CcprHisNew,https://www.chinamoney.com.cn/english/bmkcpr/index.html?tab=2,2026-08-31T14:36:31.774288Z
2026-08-25,CHN,China,CNY,Renminbi,6.7852,USD,LCU_per_USD,official_central_parity,PBC-authorized daily USD/CNY central parity reference rate.,reported_public_series,CFETS_CNY_PARITY,USD/CNY Central Parity Rate - Historical Data,https://www.chinamoney.com.cn/ags/ms/cm-u-bk-ccpr/CcprHisNew,https://www.chinamoney.com.cn/english/bmkcpr/index.html?tab=2,2026-08-31T14:36:31.774288Z
2026-08-26,CHN,China,CNY,Renminbi,6.7829,USD,LCU_per_USD,official_central_parity,PBC-authorized daily USD/CNY central parity reference rate.,reported_public_series,CFETS_CNY_PARITY,USD/CNY Central Parity Rate - Historical Data,https://www.chinamoney.com.cn/ags/ms/cm-u-bk-ccpr/CcprHisNew,https://www.chinamoney.com.cn/english/bmkcpr/index.html?tab=2,2026-08-31T14:36:31.774288Z
2026-08-27,CHN,China,CNY,Renminbi,6.784,USD,LCU_per_USD,official_central_parity,PBC-authorized daily USD/CNY central parity reference rate.,reported_public_series,CFETS_CNY_PARITY,USD/CNY Central Parity Rate - Historical Data,https://www.chinamoney.com.cn/ags/ms/cm-u-bk-ccpr/CcprHisNew,https://www.chinamoney.com.cn/english/bmkcpr/index.html?tab=2,2026-08-31T14:36:31.774288Z
2026-08-28,CHN,China,CNY,Renminbi,6.7811,USD,LCU_per_USD,official_central_parity,PBC-authorized daily USD/CNY central parity reference rate.,reported_public_series,CFETS_CNY_PARITY,USD/CNY Central Parity Rate - Historical Data,https://www.chinamoney.com.cn/ags/ms/cm-u-bk-ccpr/CcprHisNew,https://www.chinamoney.com.cn/english/bmkcpr/index.html?tab=2,2026-08-31T14:36:31.774288Z
2026-08-31,CHN,China,CNY,Renminbi,6.7828,USD,LCU_per_USD,official_central_parity,PBC-authorized daily USD/CNY central parity reference rate.,reported_public_series,CFETS_CNY_PARITY,USD/CNY Central Parity Rate - Historical Data,https://www.chinamoney.com.cn/ags/ms/cm-u-bk-ccpr/CcprHisNew,https://www.chinamoney.com.cn/english/bmkcpr/index.html?tab=2,2026-08-31T14:36:31.774288Z
