observation_date,series_id,tab_id,country_iso3,currency_iso3,label,value,unit,frequency,source_id,source_name,source_url,source_documentation_url,source_retrieved_at,transformation
1992-01-01,cocoa_price,agriculture,,,Global price of cocoa,1281.56811523,USD_per_metric_ton,monthly,FRED_IMF_PCPS,IMF Primary Commodity Prices System series,https://fred.stlouisfed.org/categories/32217,https://data.imf.org/en/datasets/IMF.STA:PCPS,2026-09-01T00:29:20.948875Z,none
1992-02-01,cocoa_price,agriculture,,,Global price of cocoa,1191.04858398,USD_per_metric_ton,monthly,FRED_IMF_PCPS,IMF Primary Commodity Prices System series,https://fred.stlouisfed.org/categories/32217,https://data.imf.org/en/datasets/IMF.STA:PCPS,2026-09-01T00:29:20.948875Z,none
1992-03-01,cocoa_price,agriculture,,,Global price of cocoa,1127.96362305,USD_per_metric_ton,monthly,FRED_IMF_PCPS,IMF Primary Commodity Prices System series,https://fred.stlouisfed.org/categories/32217,https://data.imf.org/en/datasets/IMF.STA:PCPS,2026-09-01T00:29:20.948875Z,none
1992-04-01,cocoa_price,agriculture,,,Global price of cocoa,1045.48022461,USD_per_metric_ton,monthly,FRED_IMF_PCPS,IMF Primary Commodity Prices System series,https://fred.stlouisfed.org/categories/32217,https://data.imf.org/en/datasets/IMF.STA:PCPS,2026-09-01T00:29:20.948875Z,none
1992-05-01,cocoa_price,agriculture,,,Global price of cocoa,995.3112793,USD_per_metric_ton,monthly,FRED_IMF_PCPS,IMF Primary Commodity Prices System series,https://fred.stlouisfed.org/categories/32217,https://data.imf.org/en/datasets/IMF.STA:PCPS,2026-09-01T00:29:20.948875Z,none
1992-06-01,cocoa_price,agriculture,,,Global price of cocoa,962.63208008,USD_per_metric_ton,monthly,FRED_IMF_PCPS,IMF Primary Commodity Prices System series,https://fred.stlouisfed.org/categories/32217,https://data.imf.org/en/datasets/IMF.STA:PCPS,2026-09-01T00:29:20.948875Z,none
1992-07-01,cocoa_price,agriculture,,,Global price of cocoa,1105.23828125,USD_per_metric_ton,monthly,FRED_IMF_PCPS,IMF Primary Commodity Prices System series,https://fred.stlouisfed.org/categories/32217,https://data.imf.org/en/datasets/IMF.STA:PCPS,2026-09-01T00:29:20.948875Z,none
1992-08-01,cocoa_price,agriculture,,,Global price of cocoa,1182.10791016,USD_per_metric_ton,monthly,FRED_IMF_PCPS,IMF Primary Commodity Prices System series,https://fred.stlouisfed.org/categories/32217,https://data.imf.org/en/datasets/IMF.STA:PCPS,2026-09-01T00:29:20.948875Z,none
1992-09-01,cocoa_price,agriculture,,,Global price of cocoa,1118.92773438,USD_per_metric_ton,monthly,FRED_IMF_PCPS,IMF Primary Commodity Prices System series,https://fred.stlouisfed.org/categories/32217,https://data.imf.org/en/datasets/IMF.STA:PCPS,2026-09-01T00:29:20.948875Z,none
1992-10-01,cocoa_price,agriculture,,,Global price of cocoa,1071.4753418,USD_per_metric_ton,monthly,FRED_IMF_PCPS,IMF Primary Commodity Prices System series,https://fred.stlouisfed.org/categories/32217,https://data.imf.org/en/datasets/IMF.STA:PCPS,2026-09-01T00:29:20.948875Z,none
1992-11-01,cocoa_price,agriculture,,,Global price of cocoa,1076.38452148,USD_per_metric_ton,monthly,FRED_IMF_PCPS,IMF Primary Commodity Prices System series,https://fred.stlouisfed.org/categories/32217,https://data.imf.org/en/datasets/IMF.STA:PCPS,2026-09-01T00:29:20.948875Z,none
1992-12-01,cocoa_price,agriculture,,,Global price of cocoa,1034.90209961,USD_per_metric_ton,monthly,FRED_IMF_PCPS,IMF Primary Commodity Prices System series,https://fred.stlouisfed.org/categories/32217,https://data.imf.org/en/datasets/IMF.STA:PCPS,2026-09-01T00:29:20.948875Z,none
1993-01-01,cocoa_price,agriculture,,,Global price of cocoa,1035.56970215,USD_per_metric_ton,monthly,FRED_IMF_PCPS,IMF Primary Commodity Prices System series,https://fred.stlouisfed.org/categories/32217,https://data.imf.org/en/datasets/IMF.STA:PCPS,2026-09-01T00:29:20.948875Z,none
1993-02-01,cocoa_price,agriculture,,,Global price of cocoa,990.99133301,USD_per_metric_ton,monthly,FRED_IMF_PCPS,IMF Primary Commodity Prices System series,https://fred.stlouisfed.org/categories/32217,https://data.imf.org/en/datasets/IMF.STA:PCPS,2026-09-01T00:29:20.948875Z,none
1993-03-01,cocoa_price,agriculture,,,Global price of cocoa,977.31890869,USD_per_metric_ton,monthly,FRED_IMF_PCPS,IMF Primary Commodity Prices System series,https://fred.stlouisfed.org/categories/32217,https://data.imf.org/en/datasets/IMF.STA:PCPS,2026-09-01T00:29:20.948875Z,none
1993-04-01,cocoa_price,agriculture,,,Global price of cocoa,1010.74786377,USD_per_metric_ton,monthly,FRED_IMF_PCPS,IMF Primary Commodity Prices System series,https://fred.stlouisfed.org/categories/32217,https://data.imf.org/en/datasets/IMF.STA:PCPS,2026-09-01T00:29:20.948875Z,none
1993-05-01,cocoa_price,agriculture,,,Global price of cocoa,998.06665039,USD_per_metric_ton,monthly,FRED_IMF_PCPS,IMF Primary Commodity Prices System series,https://fred.stlouisfed.org/categories/32217,https://data.imf.org/en/datasets/IMF.STA:PCPS,2026-09-01T00:29:20.948875Z,none
1993-06-01,cocoa_price,agriculture,,,Global price of cocoa,941.6854248,USD_per_metric_ton,monthly,FRED_IMF_PCPS,IMF Primary Commodity Prices System series,https://fred.stlouisfed.org/categories/32217,https://data.imf.org/en/datasets/IMF.STA:PCPS,2026-09-01T00:29:20.948875Z,none
1993-07-01,cocoa_price,agriculture,,,Global price of cocoa,1058.64367676,USD_per_metric_ton,monthly,FRED_IMF_PCPS,IMF Primary Commodity Prices System series,https://fred.stlouisfed.org/categories/32217,https://data.imf.org/en/datasets/IMF.STA:PCPS,2026-09-01T00:29:20.948875Z,none
1993-08-01,cocoa_price,agriculture,,,Global price of cocoa,1087.17260742,USD_per_metric_ton,monthly,FRED_IMF_PCPS,IMF Primary Commodity Prices System series,https://fred.stlouisfed.org/categories/32217,https://data.imf.org/en/datasets/IMF.STA:PCPS,2026-09-01T00:29:20.948875Z,none
1993-09-01,cocoa_price,agriculture,,,Global price of cocoa,1263.30114746,USD_per_metric_ton,monthly,FRED_IMF_PCPS,IMF Primary Commodity Prices System series,https://fred.stlouisfed.org/categories/32217,https://data.imf.org/en/datasets/IMF.STA:PCPS,2026-09-01T00:29:20.948875Z,none
1993-10-01,cocoa_price,agriculture,,,Global price of cocoa,1290.4720459,USD_per_metric_ton,monthly,FRED_IMF_PCPS,IMF Primary Commodity Prices System series,https://fred.stlouisfed.org/categories/32217,https://data.imf.org/en/datasets/IMF.STA:PCPS,2026-09-01T00:29:20.948875Z,none
1993-11-01,cocoa_price,agriculture,,,Global price of cocoa,1321.77636719,USD_per_metric_ton,monthly,FRED_IMF_PCPS,IMF Primary Commodity Prices System series,https://fred.stlouisfed.org/categories/32217,https://data.imf.org/en/datasets/IMF.STA:PCPS,2026-09-01T00:29:20.948875Z,none
1993-12-01,cocoa_price,agriculture,,,Global price of cocoa,1359.50708008,USD_per_metric_ton,monthly,FRED_IMF_PCPS,IMF Primary Commodity Prices System series,https://fred.stlouisfed.org/categories/32217,https://data.imf.org/en/datasets/IMF.STA:PCPS,2026-09-01T00:29:20.948875Z,none
1994-01-01,cocoa_price,agriculture,,,Global price of cocoa,1263.6262207,USD_per_metric_ton,monthly,FRED_IMF_PCPS,IMF Primary Commodity Prices System series,https://fred.stlouisfed.org/categories/32217,https://data.imf.org/en/datasets/IMF.STA:PCPS,2026-09-01T00:29:20.948875Z,none
1994-02-01,cocoa_price,agriculture,,,Global price of cocoa,1226.59399414,USD_per_metric_ton,monthly,FRED_IMF_PCPS,IMF Primary Commodity Prices System series,https://fred.stlouisfed.org/categories/32217,https://data.imf.org/en/datasets/IMF.STA:PCPS,2026-09-01T00:29:20.948875Z,none
1994-03-01,cocoa_price,agriculture,,,Global price of cocoa,1307.18884277,USD_per_metric_ton,monthly,FRED_IMF_PCPS,IMF Primary Commodity Prices System series,https://fred.stlouisfed.org/categories/32217,https://data.imf.org/en/datasets/IMF.STA:PCPS,2026-09-01T00:29:20.948875Z,none
1994-04-01,cocoa_price,agriculture,,,Global price of cocoa,1244.00183105,USD_per_metric_ton,monthly,FRED_IMF_PCPS,IMF Primary Commodity Prices System series,https://fred.stlouisfed.org/categories/32217,https://data.imf.org/en/datasets/IMF.STA:PCPS,2026-09-01T00:29:20.948875Z,none
1994-05-01,cocoa_price,agriculture,,,Global price of cocoa,1378.69335938,USD_per_metric_ton,monthly,FRED_IMF_PCPS,IMF Primary Commodity Prices System series,https://fred.stlouisfed.org/categories/32217,https://data.imf.org/en/datasets/IMF.STA:PCPS,2026-09-01T00:29:20.948875Z,none
1994-06-01,cocoa_price,agriculture,,,Global price of cocoa,1458.94848633,USD_per_metric_ton,monthly,FRED_IMF_PCPS,IMF Primary Commodity Prices System series,https://fred.stlouisfed.org/categories/32217,https://data.imf.org/en/datasets/IMF.STA:PCPS,2026-09-01T00:29:20.948875Z,none
1994-07-01,cocoa_price,agriculture,,,Global price of cocoa,1555.86914062,USD_per_metric_ton,monthly,FRED_IMF_PCPS,IMF Primary Commodity Prices System series,https://fred.stlouisfed.org/categories/32217,https://data.imf.org/en/datasets/IMF.STA:PCPS,2026-09-01T00:29:20.948875Z,none
1994-08-01,cocoa_price,agriculture,,,Global price of cocoa,1551.17114258,USD_per_metric_ton,monthly,FRED_IMF_PCPS,IMF Primary Commodity Prices System series,https://fred.stlouisfed.org/categories/32217,https://data.imf.org/en/datasets/IMF.STA:PCPS,2026-09-01T00:29:20.948875Z,none
1994-09-01,cocoa_price,agriculture,,,Global price of cocoa,1486.2635498,USD_per_metric_ton,monthly,FRED_IMF_PCPS,IMF Primary Commodity Prices System series,https://fred.stlouisfed.org/categories/32217,https://data.imf.org/en/datasets/IMF.STA:PCPS,2026-09-01T00:29:20.948875Z,none
1994-10-01,cocoa_price,agriculture,,,Global price of cocoa,1447.7076416,USD_per_metric_ton,monthly,FRED_IMF_PCPS,IMF Primary Commodity Prices System series,https://fred.stlouisfed.org/categories/32217,https://data.imf.org/en/datasets/IMF.STA:PCPS,2026-09-01T00:29:20.948875Z,none
1994-11-01,cocoa_price,agriculture,,,Global price of cocoa,1430.61608887,USD_per_metric_ton,monthly,FRED_IMF_PCPS,IMF Primary Commodity Prices System series,https://fred.stlouisfed.org/categories/32217,https://data.imf.org/en/datasets/IMF.STA:PCPS,2026-09-01T00:29:20.948875Z,none
1994-12-01,cocoa_price,agriculture,,,Global price of cocoa,1397.50695801,USD_per_metric_ton,monthly,FRED_IMF_PCPS,IMF Primary Commodity Prices System series,https://fred.stlouisfed.org/categories/32217,https://data.imf.org/en/datasets/IMF.STA:PCPS,2026-09-01T00:29:20.948875Z,none
1995-01-01,cocoa_price,agriculture,,,Global price of cocoa,1467.55847168,USD_per_metric_ton,monthly,FRED_IMF_PCPS,IMF Primary Commodity Prices System series,https://fred.stlouisfed.org/categories/32217,https://data.imf.org/en/datasets/IMF.STA:PCPS,2026-09-01T00:29:20.948875Z,none
1995-02-01,cocoa_price,agriculture,,,Global price of cocoa,1510.63232422,USD_per_metric_ton,monthly,FRED_IMF_PCPS,IMF Primary Commodity Prices System series,https://fred.stlouisfed.org/categories/32217,https://data.imf.org/en/datasets/IMF.STA:PCPS,2026-09-01T00:29:20.948875Z,none
1995-03-01,cocoa_price,agriculture,,,Global price of cocoa,1484.93188477,USD_per_metric_ton,monthly,FRED_IMF_PCPS,IMF Primary Commodity Prices System series,https://fred.stlouisfed.org/categories/32217,https://data.imf.org/en/datasets/IMF.STA:PCPS,2026-09-01T00:29:20.948875Z,none
1995-04-01,cocoa_price,agriculture,,,Global price of cocoa,1463.96557617,USD_per_metric_ton,monthly,FRED_IMF_PCPS,IMF Primary Commodity Prices System series,https://fred.stlouisfed.org/categories/32217,https://data.imf.org/en/datasets/IMF.STA:PCPS,2026-09-01T00:29:20.948875Z,none
1995-05-01,cocoa_price,agriculture,,,Global price of cocoa,1448.40893555,USD_per_metric_ton,monthly,FRED_IMF_PCPS,IMF Primary Commodity Prices System series,https://fred.stlouisfed.org/categories/32217,https://data.imf.org/en/datasets/IMF.STA:PCPS,2026-09-01T00:29:20.948875Z,none
1995-06-01,cocoa_price,agriculture,,,Global price of cocoa,1437.16955566,USD_per_metric_ton,monthly,FRED_IMF_PCPS,IMF Primary Commodity Prices System series,https://fred.stlouisfed.org/categories/32217,https://data.imf.org/en/datasets/IMF.STA:PCPS,2026-09-01T00:29:20.948875Z,none
1995-07-01,cocoa_price,agriculture,,,Global price of cocoa,1360.76269531,USD_per_metric_ton,monthly,FRED_IMF_PCPS,IMF Primary Commodity Prices System series,https://fred.stlouisfed.org/categories/32217,https://data.imf.org/en/datasets/IMF.STA:PCPS,2026-09-01T00:29:20.948875Z,none
1995-08-01,cocoa_price,agriculture,,,Global price of cocoa,1410.49462891,USD_per_metric_ton,monthly,FRED_IMF_PCPS,IMF Primary Commodity Prices System series,https://fred.stlouisfed.org/categories/32217,https://data.imf.org/en/datasets/IMF.STA:PCPS,2026-09-01T00:29:20.948875Z,none
1995-09-01,cocoa_price,agriculture,,,Global price of cocoa,1395.07531738,USD_per_metric_ton,monthly,FRED_IMF_PCPS,IMF Primary Commodity Prices System series,https://fred.stlouisfed.org/categories/32217,https://data.imf.org/en/datasets/IMF.STA:PCPS,2026-09-01T00:29:20.948875Z,none
1995-10-01,cocoa_price,agriculture,,,Global price of cocoa,1394.64013672,USD_per_metric_ton,monthly,FRED_IMF_PCPS,IMF Primary Commodity Prices System series,https://fred.stlouisfed.org/categories/32217,https://data.imf.org/en/datasets/IMF.STA:PCPS,2026-09-01T00:29:20.948875Z,none
1995-11-01,cocoa_price,agriculture,,,Global price of cocoa,1435.90319824,USD_per_metric_ton,monthly,FRED_IMF_PCPS,IMF Primary Commodity Prices System series,https://fred.stlouisfed.org/categories/32217,https://data.imf.org/en/datasets/IMF.STA:PCPS,2026-09-01T00:29:20.948875Z,none
1995-12-01,cocoa_price,agriculture,,,Global price of cocoa,1380.96191406,USD_per_metric_ton,monthly,FRED_IMF_PCPS,IMF Primary Commodity Prices System series,https://fred.stlouisfed.org/categories/32217,https://data.imf.org/en/datasets/IMF.STA:PCPS,2026-09-01T00:29:20.948875Z,none
1996-01-01,cocoa_price,agriculture,,,Global price of cocoa,1349.1126709,USD_per_metric_ton,monthly,FRED_IMF_PCPS,IMF Primary Commodity Prices System series,https://fred.stlouisfed.org/categories/32217,https://data.imf.org/en/datasets/IMF.STA:PCPS,2026-09-01T00:29:20.948875Z,none
1996-02-01,cocoa_price,agriculture,,,Global price of cocoa,1370.55334473,USD_per_metric_ton,monthly,FRED_IMF_PCPS,IMF Primary Commodity Prices System series,https://fred.stlouisfed.org/categories/32217,https://data.imf.org/en/datasets/IMF.STA:PCPS,2026-09-01T00:29:20.948875Z,none
1996-03-01,cocoa_price,agriculture,,,Global price of cocoa,1338.6003418,USD_per_metric_ton,monthly,FRED_IMF_PCPS,IMF Primary Commodity Prices System series,https://fred.stlouisfed.org/categories/32217,https://data.imf.org/en/datasets/IMF.STA:PCPS,2026-09-01T00:29:20.948875Z,none
1996-04-01,cocoa_price,agriculture,,,Global price of cocoa,1457.33117676,USD_per_metric_ton,monthly,FRED_IMF_PCPS,IMF Primary Commodity Prices System series,https://fred.stlouisfed.org/categories/32217,https://data.imf.org/en/datasets/IMF.STA:PCPS,2026-09-01T00:29:20.948875Z,none
1996-05-01,cocoa_price,agriculture,,,Global price of cocoa,1524.44140625,USD_per_metric_ton,monthly,FRED_IMF_PCPS,IMF Primary Commodity Prices System series,https://fred.stlouisfed.org/categories/32217,https://data.imf.org/en/datasets/IMF.STA:PCPS,2026-09-01T00:29:20.948875Z,none
1996-06-01,cocoa_price,agriculture,,,Global price of cocoa,1537.56213379,USD_per_metric_ton,monthly,FRED_IMF_PCPS,IMF Primary Commodity Prices System series,https://fred.stlouisfed.org/categories/32217,https://data.imf.org/en/datasets/IMF.STA:PCPS,2026-09-01T00:29:20.948875Z,none
1996-07-01,cocoa_price,agriculture,,,Global price of cocoa,1490.3770752,USD_per_metric_ton,monthly,FRED_IMF_PCPS,IMF Primary Commodity Prices System series,https://fred.stlouisfed.org/categories/32217,https://data.imf.org/en/datasets/IMF.STA:PCPS,2026-09-01T00:29:20.948875Z,none
1996-08-01,cocoa_price,agriculture,,,Global price of cocoa,1501.71887207,USD_per_metric_ton,monthly,FRED_IMF_PCPS,IMF Primary Commodity Prices System series,https://fred.stlouisfed.org/categories/32217,https://data.imf.org/en/datasets/IMF.STA:PCPS,2026-09-01T00:29:20.948875Z,none
1996-09-01,cocoa_price,agriculture,,,Global price of cocoa,1475.95288086,USD_per_metric_ton,monthly,FRED_IMF_PCPS,IMF Primary Commodity Prices System series,https://fred.stlouisfed.org/categories/32217,https://data.imf.org/en/datasets/IMF.STA:PCPS,2026-09-01T00:29:20.948875Z,none
1996-10-01,cocoa_price,agriculture,,,Global price of cocoa,1477.58007812,USD_per_metric_ton,monthly,FRED_IMF_PCPS,IMF Primary Commodity Prices System series,https://fred.stlouisfed.org/categories/32217,https://data.imf.org/en/datasets/IMF.STA:PCPS,2026-09-01T00:29:20.948875Z,none
1996-11-01,cocoa_price,agriculture,,,Global price of cocoa,1465.53503418,USD_per_metric_ton,monthly,FRED_IMF_PCPS,IMF Primary Commodity Prices System series,https://fred.stlouisfed.org/categories/32217,https://data.imf.org/en/datasets/IMF.STA:PCPS,2026-09-01T00:29:20.948875Z,none
1996-12-01,cocoa_price,agriculture,,,Global price of cocoa,1474.23242188,USD_per_metric_ton,monthly,FRED_IMF_PCPS,IMF Primary Commodity Prices System series,https://fred.stlouisfed.org/categories/32217,https://data.imf.org/en/datasets/IMF.STA:PCPS,2026-09-01T00:29:20.948875Z,none
1997-01-01,cocoa_price,agriculture,,,Global price of cocoa,1428.79064941,USD_per_metric_ton,monthly,FRED_IMF_PCPS,IMF Primary Commodity Prices System series,https://fred.stlouisfed.org/categories/32217,https://data.imf.org/en/datasets/IMF.STA:PCPS,2026-09-01T00:29:20.948875Z,none
1997-02-01,cocoa_price,agriculture,,,Global price of cocoa,1373.28405762,USD_per_metric_ton,monthly,FRED_IMF_PCPS,IMF Primary Commodity Prices System series,https://fred.stlouisfed.org/categories/32217,https://data.imf.org/en/datasets/IMF.STA:PCPS,2026-09-01T00:29:20.948875Z,none
1997-03-01,cocoa_price,agriculture,,,Global price of cocoa,1521.87548828,USD_per_metric_ton,monthly,FRED_IMF_PCPS,IMF Primary Commodity Prices System series,https://fred.stlouisfed.org/categories/32217,https://data.imf.org/en/datasets/IMF.STA:PCPS,2026-09-01T00:29:20.948875Z,none
1997-04-01,cocoa_price,agriculture,,,Global price of cocoa,1570.61486816,USD_per_metric_ton,monthly,FRED_IMF_PCPS,IMF Primary Commodity Prices System series,https://fred.stlouisfed.org/categories/32217,https://data.imf.org/en/datasets/IMF.STA:PCPS,2026-09-01T00:29:20.948875Z,none
1997-05-01,cocoa_price,agriculture,,,Global price of cocoa,1568.2980957,USD_per_metric_ton,monthly,FRED_IMF_PCPS,IMF Primary Commodity Prices System series,https://fred.stlouisfed.org/categories/32217,https://data.imf.org/en/datasets/IMF.STA:PCPS,2026-09-01T00:29:20.948875Z,none
1997-06-01,cocoa_price,agriculture,,,Global price of cocoa,1693.6237793,USD_per_metric_ton,monthly,FRED_IMF_PCPS,IMF Primary Commodity Prices System series,https://fred.stlouisfed.org/categories/32217,https://data.imf.org/en/datasets/IMF.STA:PCPS,2026-09-01T00:29:20.948875Z,none
1997-07-01,cocoa_price,agriculture,,,Global price of cocoa,1677.43139648,USD_per_metric_ton,monthly,FRED_IMF_PCPS,IMF Primary Commodity Prices System series,https://fred.stlouisfed.org/categories/32217,https://data.imf.org/en/datasets/IMF.STA:PCPS,2026-09-01T00:29:20.948875Z,none
1997-08-01,cocoa_price,agriculture,,,Global price of cocoa,1649.19458008,USD_per_metric_ton,monthly,FRED_IMF_PCPS,IMF Primary Commodity Prices System series,https://fred.stlouisfed.org/categories/32217,https://data.imf.org/en/datasets/IMF.STA:PCPS,2026-09-01T00:29:20.948875Z,none
1997-09-01,cocoa_price,agriculture,,,Global price of cocoa,1765.58422852,USD_per_metric_ton,monthly,FRED_IMF_PCPS,IMF Primary Commodity Prices System series,https://fred.stlouisfed.org/categories/32217,https://data.imf.org/en/datasets/IMF.STA:PCPS,2026-09-01T00:29:20.948875Z,none
1997-10-01,cocoa_price,agriculture,,,Global price of cocoa,1741.09875488,USD_per_metric_ton,monthly,FRED_IMF_PCPS,IMF Primary Commodity Prices System series,https://fred.stlouisfed.org/categories/32217,https://data.imf.org/en/datasets/IMF.STA:PCPS,2026-09-01T00:29:20.948875Z,none
1997-11-01,cocoa_price,agriculture,,,Global price of cocoa,1696.37390137,USD_per_metric_ton,monthly,FRED_IMF_PCPS,IMF Primary Commodity Prices System series,https://fred.stlouisfed.org/categories/32217,https://data.imf.org/en/datasets/IMF.STA:PCPS,2026-09-01T00:29:20.948875Z,none
1997-12-01,cocoa_price,agriculture,,,Global price of cocoa,1738.74926758,USD_per_metric_ton,monthly,FRED_IMF_PCPS,IMF Primary Commodity Prices System series,https://fred.stlouisfed.org/categories/32217,https://data.imf.org/en/datasets/IMF.STA:PCPS,2026-09-01T00:29:20.948875Z,none
1998-01-01,cocoa_price,agriculture,,,Global price of cocoa,1670.671875,USD_per_metric_ton,monthly,FRED_IMF_PCPS,IMF Primary Commodity Prices System series,https://fred.stlouisfed.org/categories/32217,https://data.imf.org/en/datasets/IMF.STA:PCPS,2026-09-01T00:29:20.948875Z,none
1998-02-01,cocoa_price,agriculture,,,Global price of cocoa,1643.22595215,USD_per_metric_ton,monthly,FRED_IMF_PCPS,IMF Primary Commodity Prices System series,https://fred.stlouisfed.org/categories/32217,https://data.imf.org/en/datasets/IMF.STA:PCPS,2026-09-01T00:29:20.948875Z,none
1998-03-01,cocoa_price,agriculture,,,Global price of cocoa,1721.06396484,USD_per_metric_ton,monthly,FRED_IMF_PCPS,IMF Primary Commodity Prices System series,https://fred.stlouisfed.org/categories/32217,https://data.imf.org/en/datasets/IMF.STA:PCPS,2026-09-01T00:29:20.948875Z,none
1998-04-01,cocoa_price,agriculture,,,Global price of cocoa,1720.15942383,USD_per_metric_ton,monthly,FRED_IMF_PCPS,IMF Primary Commodity Prices System series,https://fred.stlouisfed.org/categories/32217,https://data.imf.org/en/datasets/IMF.STA:PCPS,2026-09-01T00:29:20.948875Z,none
1998-05-01,cocoa_price,agriculture,,,Global price of cocoa,1781.40881348,USD_per_metric_ton,monthly,FRED_IMF_PCPS,IMF Primary Commodity Prices System series,https://fred.stlouisfed.org/categories/32217,https://data.imf.org/en/datasets/IMF.STA:PCPS,2026-09-01T00:29:20.948875Z,none
1998-06-01,cocoa_price,agriculture,,,Global price of cocoa,1723.35205078,USD_per_metric_ton,monthly,FRED_IMF_PCPS,IMF Primary Commodity Prices System series,https://fred.stlouisfed.org/categories/32217,https://data.imf.org/en/datasets/IMF.STA:PCPS,2026-09-01T00:29:20.948875Z,none
1998-07-01,cocoa_price,agriculture,,,Global price of cocoa,1712.24377441,USD_per_metric_ton,monthly,FRED_IMF_PCPS,IMF Primary Commodity Prices System series,https://fred.stlouisfed.org/categories/32217,https://data.imf.org/en/datasets/IMF.STA:PCPS,2026-09-01T00:29:20.948875Z,none
1998-08-01,cocoa_price,agriculture,,,Global price of cocoa,1682.50231934,USD_per_metric_ton,monthly,FRED_IMF_PCPS,IMF Primary Commodity Prices System series,https://fred.stlouisfed.org/categories/32217,https://data.imf.org/en/datasets/IMF.STA:PCPS,2026-09-01T00:29:20.948875Z,none
1998-09-01,cocoa_price,agriculture,,,Global price of cocoa,1685.86206055,USD_per_metric_ton,monthly,FRED_IMF_PCPS,IMF Primary Commodity Prices System series,https://fred.stlouisfed.org/categories/32217,https://data.imf.org/en/datasets/IMF.STA:PCPS,2026-09-01T00:29:20.948875Z,none
1998-10-01,cocoa_price,agriculture,,,Global price of cocoa,1647.51867676,USD_per_metric_ton,monthly,FRED_IMF_PCPS,IMF Primary Commodity Prices System series,https://fred.stlouisfed.org/categories/32217,https://data.imf.org/en/datasets/IMF.STA:PCPS,2026-09-01T00:29:20.948875Z,none
1998-11-01,cocoa_price,agriculture,,,Global price of cocoa,1599.91125488,USD_per_metric_ton,monthly,FRED_IMF_PCPS,IMF Primary Commodity Prices System series,https://fred.stlouisfed.org/categories/32217,https://data.imf.org/en/datasets/IMF.STA:PCPS,2026-09-01T00:29:20.948875Z,none
1998-12-01,cocoa_price,agriculture,,,Global price of cocoa,1524.12133789,USD_per_metric_ton,monthly,FRED_IMF_PCPS,IMF Primary Commodity Prices System series,https://fred.stlouisfed.org/categories/32217,https://data.imf.org/en/datasets/IMF.STA:PCPS,2026-09-01T00:29:20.948875Z,none
1999-01-01,cocoa_price,agriculture,,,Global price of cocoa,1455.78771973,USD_per_metric_ton,monthly,FRED_IMF_PCPS,IMF Primary Commodity Prices System series,https://fred.stlouisfed.org/categories/32217,https://data.imf.org/en/datasets/IMF.STA:PCPS,2026-09-01T00:29:20.948875Z,none
1999-02-01,cocoa_price,agriculture,,,Global price of cocoa,1411.13742502,USD_per_metric_ton,monthly,FRED_IMF_PCPS,IMF Primary Commodity Prices System series,https://fred.stlouisfed.org/categories/32217,https://data.imf.org/en/datasets/IMF.STA:PCPS,2026-09-01T00:29:20.948875Z,none
1999-03-01,cocoa_price,agriculture,,,Global price of cocoa,1313.89494313,USD_per_metric_ton,monthly,FRED_IMF_PCPS,IMF Primary Commodity Prices System series,https://fred.stlouisfed.org/categories/32217,https://data.imf.org/en/datasets/IMF.STA:PCPS,2026-09-01T00:29:20.948875Z,none
1999-04-01,cocoa_price,agriculture,,,Global price of cocoa,1177.88805991,USD_per_metric_ton,monthly,FRED_IMF_PCPS,IMF Primary Commodity Prices System series,https://fred.stlouisfed.org/categories/32217,https://data.imf.org/en/datasets/IMF.STA:PCPS,2026-09-01T00:29:20.948875Z,none
1999-05-01,cocoa_price,agriculture,,,Global price of cocoa,1059.23634622,USD_per_metric_ton,monthly,FRED_IMF_PCPS,IMF Primary Commodity Prices System series,https://fred.stlouisfed.org/categories/32217,https://data.imf.org/en/datasets/IMF.STA:PCPS,2026-09-01T00:29:20.948875Z,none
1999-06-01,cocoa_price,agriculture,,,Global price of cocoa,1162.90740491,USD_per_metric_ton,monthly,FRED_IMF_PCPS,IMF Primary Commodity Prices System series,https://fred.stlouisfed.org/categories/32217,https://data.imf.org/en/datasets/IMF.STA:PCPS,2026-09-01T00:29:20.948875Z,none
1999-07-01,cocoa_price,agriculture,,,Global price of cocoa,1113.23917242,USD_per_metric_ton,monthly,FRED_IMF_PCPS,IMF Primary Commodity Prices System series,https://fred.stlouisfed.org/categories/32217,https://data.imf.org/en/datasets/IMF.STA:PCPS,2026-09-01T00:29:20.948875Z,none
1999-08-01,cocoa_price,agriculture,,,Global price of cocoa,1003.57274583,USD_per_metric_ton,monthly,FRED_IMF_PCPS,IMF Primary Commodity Prices System series,https://fred.stlouisfed.org/categories/32217,https://data.imf.org/en/datasets/IMF.STA:PCPS,2026-09-01T00:29:20.948875Z,none
1999-09-01,cocoa_price,agriculture,,,Global price of cocoa,1060.56153713,USD_per_metric_ton,monthly,FRED_IMF_PCPS,IMF Primary Commodity Prices System series,https://fred.stlouisfed.org/categories/32217,https://data.imf.org/en/datasets/IMF.STA:PCPS,2026-09-01T00:29:20.948875Z,none
1999-10-01,cocoa_price,agriculture,,,Global price of cocoa,1021.53721604,USD_per_metric_ton,monthly,FRED_IMF_PCPS,IMF Primary Commodity Prices System series,https://fred.stlouisfed.org/categories/32217,https://data.imf.org/en/datasets/IMF.STA:PCPS,2026-09-01T00:29:20.948875Z,none
1999-11-01,cocoa_price,agriculture,,,Global price of cocoa,922.07661755,USD_per_metric_ton,monthly,FRED_IMF_PCPS,IMF Primary Commodity Prices System series,https://fred.stlouisfed.org/categories/32217,https://data.imf.org/en/datasets/IMF.STA:PCPS,2026-09-01T00:29:20.948875Z,none
1999-12-01,cocoa_price,agriculture,,,Global price of cocoa,918.75368564,USD_per_metric_ton,monthly,FRED_IMF_PCPS,IMF Primary Commodity Prices System series,https://fred.stlouisfed.org/categories/32217,https://data.imf.org/en/datasets/IMF.STA:PCPS,2026-09-01T00:29:20.948875Z,none
2000-01-01,cocoa_price,agriculture,,,Global price of cocoa,918.48174271,USD_per_metric_ton,monthly,FRED_IMF_PCPS,IMF Primary Commodity Prices System series,https://fred.stlouisfed.org/categories/32217,https://data.imf.org/en/datasets/IMF.STA:PCPS,2026-09-01T00:29:20.948875Z,none
2000-02-01,cocoa_price,agriculture,,,Global price of cocoa,860.73996886,USD_per_metric_ton,monthly,FRED_IMF_PCPS,IMF Primary Commodity Prices System series,https://fred.stlouisfed.org/categories/32217,https://data.imf.org/en/datasets/IMF.STA:PCPS,2026-09-01T00:29:20.948875Z,none
2000-03-01,cocoa_price,agriculture,,,Global price of cocoa,925.9258035,USD_per_metric_ton,monthly,FRED_IMF_PCPS,IMF Primary Commodity Prices System series,https://fred.stlouisfed.org/categories/32217,https://data.imf.org/en/datasets/IMF.STA:PCPS,2026-09-01T00:29:20.948875Z,none
2000-04-01,cocoa_price,agriculture,,,Global price of cocoa,911.95235658,USD_per_metric_ton,monthly,FRED_IMF_PCPS,IMF Primary Commodity Prices System series,https://fred.stlouisfed.org/categories/32217,https://data.imf.org/en/datasets/IMF.STA:PCPS,2026-09-01T00:29:20.948875Z,none
2000-05-01,cocoa_price,agriculture,,,Global price of cocoa,909.42241399,USD_per_metric_ton,monthly,FRED_IMF_PCPS,IMF Primary Commodity Prices System series,https://fred.stlouisfed.org/categories/32217,https://data.imf.org/en/datasets/IMF.STA:PCPS,2026-09-01T00:29:20.948875Z,none
2000-06-01,cocoa_price,agriculture,,,Global price of cocoa,948.22785785,USD_per_metric_ton,monthly,FRED_IMF_PCPS,IMF Primary Commodity Prices System series,https://fred.stlouisfed.org/categories/32217,https://data.imf.org/en/datasets/IMF.STA:PCPS,2026-09-01T00:29:20.948875Z,none
2000-07-01,cocoa_price,agriculture,,,Global price of cocoa,967.11155013,USD_per_metric_ton,monthly,FRED_IMF_PCPS,IMF Primary Commodity Prices System series,https://fred.stlouisfed.org/categories/32217,https://data.imf.org/en/datasets/IMF.STA:PCPS,2026-09-01T00:29:20.948875Z,none
2000-08-01,cocoa_price,agriculture,,,Global price of cocoa,877.79272635,USD_per_metric_ton,monthly,FRED_IMF_PCPS,IMF Primary Commodity Prices System series,https://fred.stlouisfed.org/categories/32217,https://data.imf.org/en/datasets/IMF.STA:PCPS,2026-09-01T00:29:20.948875Z,none
2000-09-01,cocoa_price,agriculture,,,Global price of cocoa,882.72917563,USD_per_metric_ton,monthly,FRED_IMF_PCPS,IMF Primary Commodity Prices System series,https://fred.stlouisfed.org/categories/32217,https://data.imf.org/en/datasets/IMF.STA:PCPS,2026-09-01T00:29:20.948875Z,none
2000-10-01,cocoa_price,agriculture,,,Global price of cocoa,877.72294414,USD_per_metric_ton,monthly,FRED_IMF_PCPS,IMF Primary Commodity Prices System series,https://fred.stlouisfed.org/categories/32217,https://data.imf.org/en/datasets/IMF.STA:PCPS,2026-09-01T00:29:20.948875Z,none
2000-11-01,cocoa_price,agriculture,,,Global price of cocoa,873.98715946,USD_per_metric_ton,monthly,FRED_IMF_PCPS,IMF Primary Commodity Prices System series,https://fred.stlouisfed.org/categories/32217,https://data.imf.org/en/datasets/IMF.STA:PCPS,2026-09-01T00:29:20.948875Z,none
2000-12-01,cocoa_price,agriculture,,,Global price of cocoa,892.78264684,USD_per_metric_ton,monthly,FRED_IMF_PCPS,IMF Primary Commodity Prices System series,https://fred.stlouisfed.org/categories/32217,https://data.imf.org/en/datasets/IMF.STA:PCPS,2026-09-01T00:29:20.948875Z,none
2001-01-01,cocoa_price,agriculture,,,Global price of cocoa,966.39499219,USD_per_metric_ton,monthly,FRED_IMF_PCPS,IMF Primary Commodity Prices System series,https://fred.stlouisfed.org/categories/32217,https://data.imf.org/en/datasets/IMF.STA:PCPS,2026-09-01T00:29:20.948875Z,none
2001-02-01,cocoa_price,agriculture,,,Global price of cocoa,1157.46657541,USD_per_metric_ton,monthly,FRED_IMF_PCPS,IMF Primary Commodity Prices System series,https://fred.stlouisfed.org/categories/32217,https://data.imf.org/en/datasets/IMF.STA:PCPS,2026-09-01T00:29:20.948875Z,none
2001-03-01,cocoa_price,agriculture,,,Global price of cocoa,1124.40551391,USD_per_metric_ton,monthly,FRED_IMF_PCPS,IMF Primary Commodity Prices System series,https://fred.stlouisfed.org/categories/32217,https://data.imf.org/en/datasets/IMF.STA:PCPS,2026-09-01T00:29:20.948875Z,none
2001-04-01,cocoa_price,agriculture,,,Global price of cocoa,1083.66282594,USD_per_metric_ton,monthly,FRED_IMF_PCPS,IMF Primary Commodity Prices System series,https://fred.stlouisfed.org/categories/32217,https://data.imf.org/en/datasets/IMF.STA:PCPS,2026-09-01T00:29:20.948875Z,none
2001-05-01,cocoa_price,agriculture,,,Global price of cocoa,1077.43612686,USD_per_metric_ton,monthly,FRED_IMF_PCPS,IMF Primary Commodity Prices System series,https://fred.stlouisfed.org/categories/32217,https://data.imf.org/en/datasets/IMF.STA:PCPS,2026-09-01T00:29:20.948875Z,none
2001-06-01,cocoa_price,agriculture,,,Global price of cocoa,973.29105489,USD_per_metric_ton,monthly,FRED_IMF_PCPS,IMF Primary Commodity Prices System series,https://fred.stlouisfed.org/categories/32217,https://data.imf.org/en/datasets/IMF.STA:PCPS,2026-09-01T00:29:20.948875Z,none
2001-07-01,cocoa_price,agriculture,,,Global price of cocoa,965.32272696,USD_per_metric_ton,monthly,FRED_IMF_PCPS,IMF Primary Commodity Prices System series,https://fred.stlouisfed.org/categories/32217,https://data.imf.org/en/datasets/IMF.STA:PCPS,2026-09-01T00:29:20.948875Z,none
2001-08-01,cocoa_price,agriculture,,,Global price of cocoa,1032.48380907,USD_per_metric_ton,monthly,FRED_IMF_PCPS,IMF Primary Commodity Prices System series,https://fred.stlouisfed.org/categories/32217,https://data.imf.org/en/datasets/IMF.STA:PCPS,2026-09-01T00:29:20.948875Z,none
2001-09-01,cocoa_price,agriculture,,,Global price of cocoa,1026.20329398,USD_per_metric_ton,monthly,FRED_IMF_PCPS,IMF Primary Commodity Prices System series,https://fred.stlouisfed.org/categories/32217,https://data.imf.org/en/datasets/IMF.STA:PCPS,2026-09-01T00:29:20.948875Z,none
2001-10-01,cocoa_price,agriculture,,,Global price of cocoa,1084.86237758,USD_per_metric_ton,monthly,FRED_IMF_PCPS,IMF Primary Commodity Prices System series,https://fred.stlouisfed.org/categories/32217,https://data.imf.org/en/datasets/IMF.STA:PCPS,2026-09-01T00:29:20.948875Z,none
2001-11-01,cocoa_price,agriculture,,,Global price of cocoa,1231.55077882,USD_per_metric_ton,monthly,FRED_IMF_PCPS,IMF Primary Commodity Prices System series,https://fred.stlouisfed.org/categories/32217,https://data.imf.org/en/datasets/IMF.STA:PCPS,2026-09-01T00:29:20.948875Z,none
2001-12-01,cocoa_price,agriculture,,,Global price of cocoa,1337.42945636,USD_per_metric_ton,monthly,FRED_IMF_PCPS,IMF Primary Commodity Prices System series,https://fred.stlouisfed.org/categories/32217,https://data.imf.org/en/datasets/IMF.STA:PCPS,2026-09-01T00:29:20.948875Z,none
2002-01-01,cocoa_price,agriculture,,,Global price of cocoa,1385.93297714,USD_per_metric_ton,monthly,FRED_IMF_PCPS,IMF Primary Commodity Prices System series,https://fred.stlouisfed.org/categories/32217,https://data.imf.org/en/datasets/IMF.STA:PCPS,2026-09-01T00:29:20.948875Z,none
2002-02-01,cocoa_price,agriculture,,,Global price of cocoa,1490.38718251,USD_per_metric_ton,monthly,FRED_IMF_PCPS,IMF Primary Commodity Prices System series,https://fred.stlouisfed.org/categories/32217,https://data.imf.org/en/datasets/IMF.STA:PCPS,2026-09-01T00:29:20.948875Z,none
2002-03-01,cocoa_price,agriculture,,,Global price of cocoa,1592.02923231,USD_per_metric_ton,monthly,FRED_IMF_PCPS,IMF Primary Commodity Prices System series,https://fred.stlouisfed.org/categories/32217,https://data.imf.org/en/datasets/IMF.STA:PCPS,2026-09-01T00:29:20.948875Z,none
2002-04-01,cocoa_price,agriculture,,,Global price of cocoa,1568.14640849,USD_per_metric_ton,monthly,FRED_IMF_PCPS,IMF Primary Commodity Prices System series,https://fred.stlouisfed.org/categories/32217,https://data.imf.org/en/datasets/IMF.STA:PCPS,2026-09-01T00:29:20.948875Z,none
2002-05-01,cocoa_price,agriculture,,,Global price of cocoa,1604.69583787,USD_per_metric_ton,monthly,FRED_IMF_PCPS,IMF Primary Commodity Prices System series,https://fred.stlouisfed.org/categories/32217,https://data.imf.org/en/datasets/IMF.STA:PCPS,2026-09-01T00:29:20.948875Z,none
2002-06-01,cocoa_price,agriculture,,,Global price of cocoa,1656.45666952,USD_per_metric_ton,monthly,FRED_IMF_PCPS,IMF Primary Commodity Prices System series,https://fred.stlouisfed.org/categories/32217,https://data.imf.org/en/datasets/IMF.STA:PCPS,2026-09-01T00:29:20.948875Z,none
2002-07-01,cocoa_price,agriculture,,,Global price of cocoa,1871.99852314,USD_per_metric_ton,monthly,FRED_IMF_PCPS,IMF Primary Commodity Prices System series,https://fred.stlouisfed.org/categories/32217,https://data.imf.org/en/datasets/IMF.STA:PCPS,2026-09-01T00:29:20.948875Z,none
2002-08-01,cocoa_price,agriculture,,,Global price of cocoa,1959.27273312,USD_per_metric_ton,monthly,FRED_IMF_PCPS,IMF Primary Commodity Prices System series,https://fred.stlouisfed.org/categories/32217,https://data.imf.org/en/datasets/IMF.STA:PCPS,2026-09-01T00:29:20.948875Z,none
2002-09-01,cocoa_price,agriculture,,,Global price of cocoa,2167.41225965,USD_per_metric_ton,monthly,FRED_IMF_PCPS,IMF Primary Commodity Prices System series,https://fred.stlouisfed.org/categories/32217,https://data.imf.org/en/datasets/IMF.STA:PCPS,2026-09-01T00:29:20.948875Z,none
2002-10-01,cocoa_price,agriculture,,,Global price of cocoa,2201.49510769,USD_per_metric_ton,monthly,FRED_IMF_PCPS,IMF Primary Commodity Prices System series,https://fred.stlouisfed.org/categories/32217,https://data.imf.org/en/datasets/IMF.STA:PCPS,2026-09-01T00:29:20.948875Z,none
2002-11-01,cocoa_price,agriculture,,,Global price of cocoa,1825.05743791,USD_per_metric_ton,monthly,FRED_IMF_PCPS,IMF Primary Commodity Prices System series,https://fred.stlouisfed.org/categories/32217,https://data.imf.org/en/datasets/IMF.STA:PCPS,2026-09-01T00:29:20.948875Z,none
2002-12-01,cocoa_price,agriculture,,,Global price of cocoa,2025.61102182,USD_per_metric_ton,monthly,FRED_IMF_PCPS,IMF Primary Commodity Prices System series,https://fred.stlouisfed.org/categories/32217,https://data.imf.org/en/datasets/IMF.STA:PCPS,2026-09-01T00:29:20.948875Z,none
2003-01-01,cocoa_price,agriculture,,,Global price of cocoa,2190.13811118,USD_per_metric_ton,monthly,FRED_IMF_PCPS,IMF Primary Commodity Prices System series,https://fred.stlouisfed.org/categories/32217,https://data.imf.org/en/datasets/IMF.STA:PCPS,2026-09-01T00:29:20.948875Z,none
2003-02-01,cocoa_price,agriculture,,,Global price of cocoa,2230.35224955,USD_per_metric_ton,monthly,FRED_IMF_PCPS,IMF Primary Commodity Prices System series,https://fred.stlouisfed.org/categories/32217,https://data.imf.org/en/datasets/IMF.STA:PCPS,2026-09-01T00:29:20.948875Z,none
2003-03-01,cocoa_price,agriculture,,,Global price of cocoa,1993.11300888,USD_per_metric_ton,monthly,FRED_IMF_PCPS,IMF Primary Commodity Prices System series,https://fred.stlouisfed.org/categories/32217,https://data.imf.org/en/datasets/IMF.STA:PCPS,2026-09-01T00:29:20.948875Z,none
2003-04-01,cocoa_price,agriculture,,,Global price of cocoa,1932.19453124,USD_per_metric_ton,monthly,FRED_IMF_PCPS,IMF Primary Commodity Prices System series,https://fred.stlouisfed.org/categories/32217,https://data.imf.org/en/datasets/IMF.STA:PCPS,2026-09-01T00:29:20.948875Z,none
2003-05-01,cocoa_price,agriculture,,,Global price of cocoa,1732.51744968,USD_per_metric_ton,monthly,FRED_IMF_PCPS,IMF Primary Commodity Prices System series,https://fred.stlouisfed.org/categories/32217,https://data.imf.org/en/datasets/IMF.STA:PCPS,2026-09-01T00:29:20.948875Z,none
2003-06-01,cocoa_price,agriculture,,,Global price of cocoa,1579.10846478,USD_per_metric_ton,monthly,FRED_IMF_PCPS,IMF Primary Commodity Prices System series,https://fred.stlouisfed.org/categories/32217,https://data.imf.org/en/datasets/IMF.STA:PCPS,2026-09-01T00:29:20.948875Z,none
2003-07-01,cocoa_price,agriculture,,,Global price of cocoa,1562.70990884,USD_per_metric_ton,monthly,FRED_IMF_PCPS,IMF Primary Commodity Prices System series,https://fred.stlouisfed.org/categories/32217,https://data.imf.org/en/datasets/IMF.STA:PCPS,2026-09-01T00:29:20.948875Z,none
2003-08-01,cocoa_price,agriculture,,,Global price of cocoa,1565.54768022,USD_per_metric_ton,monthly,FRED_IMF_PCPS,IMF Primary Commodity Prices System series,https://fred.stlouisfed.org/categories/32217,https://data.imf.org/en/datasets/IMF.STA:PCPS,2026-09-01T00:29:20.948875Z,none
2003-09-01,cocoa_price,agriculture,,,Global price of cocoa,1625.38851629,USD_per_metric_ton,monthly,FRED_IMF_PCPS,IMF Primary Commodity Prices System series,https://fred.stlouisfed.org/categories/32217,https://data.imf.org/en/datasets/IMF.STA:PCPS,2026-09-01T00:29:20.948875Z,none
2003-10-01,cocoa_price,agriculture,,,Global price of cocoa,1481.68128782,USD_per_metric_ton,monthly,FRED_IMF_PCPS,IMF Primary Commodity Prices System series,https://fred.stlouisfed.org/categories/32217,https://data.imf.org/en/datasets/IMF.STA:PCPS,2026-09-01T00:29:20.948875Z,none
2003-11-01,cocoa_price,agriculture,,,Global price of cocoa,1510.00935029,USD_per_metric_ton,monthly,FRED_IMF_PCPS,IMF Primary Commodity Prices System series,https://fred.stlouisfed.org/categories/32217,https://data.imf.org/en/datasets/IMF.STA:PCPS,2026-09-01T00:29:20.948875Z,none
2003-12-01,cocoa_price,agriculture,,,Global price of cocoa,1627.28128473,USD_per_metric_ton,monthly,FRED_IMF_PCPS,IMF Primary Commodity Prices System series,https://fred.stlouisfed.org/categories/32217,https://data.imf.org/en/datasets/IMF.STA:PCPS,2026-09-01T00:29:20.948875Z,none
2004-01-01,cocoa_price,agriculture,,,Global price of cocoa,1626.39785347,USD_per_metric_ton,monthly,FRED_IMF_PCPS,IMF Primary Commodity Prices System series,https://fred.stlouisfed.org/categories/32217,https://data.imf.org/en/datasets/IMF.STA:PCPS,2026-09-01T00:29:20.948875Z,none
2004-02-01,cocoa_price,agriculture,,,Global price of cocoa,1566.08602786,USD_per_metric_ton,monthly,FRED_IMF_PCPS,IMF Primary Commodity Prices System series,https://fred.stlouisfed.org/categories/32217,https://data.imf.org/en/datasets/IMF.STA:PCPS,2026-09-01T00:29:20.948875Z,none
2004-03-01,cocoa_price,agriculture,,,Global price of cocoa,1504.42840728,USD_per_metric_ton,monthly,FRED_IMF_PCPS,IMF Primary Commodity Prices System series,https://fred.stlouisfed.org/categories/32217,https://data.imf.org/en/datasets/IMF.STA:PCPS,2026-09-01T00:29:20.948875Z,none
2004-04-01,cocoa_price,agriculture,,,Global price of cocoa,1435.66806574,USD_per_metric_ton,monthly,FRED_IMF_PCPS,IMF Primary Commodity Prices System series,https://fred.stlouisfed.org/categories/32217,https://data.imf.org/en/datasets/IMF.STA:PCPS,2026-09-01T00:29:20.948875Z,none
2004-05-01,cocoa_price,agriculture,,,Global price of cocoa,1412.96118905,USD_per_metric_ton,monthly,FRED_IMF_PCPS,IMF Primary Commodity Prices System series,https://fred.stlouisfed.org/categories/32217,https://data.imf.org/en/datasets/IMF.STA:PCPS,2026-09-01T00:29:20.948875Z,none
2004-06-01,cocoa_price,agriculture,,,Global price of cocoa,1407.88545649,USD_per_metric_ton,monthly,FRED_IMF_PCPS,IMF Primary Commodity Prices System series,https://fred.stlouisfed.org/categories/32217,https://data.imf.org/en/datasets/IMF.STA:PCPS,2026-09-01T00:29:20.948875Z,none
2004-07-01,cocoa_price,agriculture,,,Global price of cocoa,1567.86437902,USD_per_metric_ton,monthly,FRED_IMF_PCPS,IMF Primary Commodity Prices System series,https://fred.stlouisfed.org/categories/32217,https://data.imf.org/en/datasets/IMF.STA:PCPS,2026-09-01T00:29:20.948875Z,none
2004-08-01,cocoa_price,agriculture,,,Global price of cocoa,1727.33360266,USD_per_metric_ton,monthly,FRED_IMF_PCPS,IMF Primary Commodity Prices System series,https://fred.stlouisfed.org/categories/32217,https://data.imf.org/en/datasets/IMF.STA:PCPS,2026-09-01T00:29:20.948875Z,none
2004-09-01,cocoa_price,agriculture,,,Global price of cocoa,1541.13666739,USD_per_metric_ton,monthly,FRED_IMF_PCPS,IMF Primary Commodity Prices System series,https://fred.stlouisfed.org/categories/32217,https://data.imf.org/en/datasets/IMF.STA:PCPS,2026-09-01T00:29:20.948875Z,none
2004-10-01,cocoa_price,agriculture,,,Global price of cocoa,1483.80204969,USD_per_metric_ton,monthly,FRED_IMF_PCPS,IMF Primary Commodity Prices System series,https://fred.stlouisfed.org/categories/32217,https://data.imf.org/en/datasets/IMF.STA:PCPS,2026-09-01T00:29:20.948875Z,none
2004-11-01,cocoa_price,agriculture,,,Global price of cocoa,1665.70854676,USD_per_metric_ton,monthly,FRED_IMF_PCPS,IMF Primary Commodity Prices System series,https://fred.stlouisfed.org/categories/32217,https://data.imf.org/en/datasets/IMF.STA:PCPS,2026-09-01T00:29:20.948875Z,none
2004-12-01,cocoa_price,agriculture,,,Global price of cocoa,1672.74882933,USD_per_metric_ton,monthly,FRED_IMF_PCPS,IMF Primary Commodity Prices System series,https://fred.stlouisfed.org/categories/32217,https://data.imf.org/en/datasets/IMF.STA:PCPS,2026-09-01T00:29:20.948875Z,none
2005-01-01,cocoa_price,agriculture,,,Global price of cocoa,1550.215511,USD_per_metric_ton,monthly,FRED_IMF_PCPS,IMF Primary Commodity Prices System series,https://fred.stlouisfed.org/categories/32217,https://data.imf.org/en/datasets/IMF.STA:PCPS,2026-09-01T00:29:20.948875Z,none
2005-02-01,cocoa_price,agriculture,,,Global price of cocoa,1633.99760325,USD_per_metric_ton,monthly,FRED_IMF_PCPS,IMF Primary Commodity Prices System series,https://fred.stlouisfed.org/categories/32217,https://data.imf.org/en/datasets/IMF.STA:PCPS,2026-09-01T00:29:20.948875Z,none
2005-03-01,cocoa_price,agriculture,,,Global price of cocoa,1764.45285008,USD_per_metric_ton,monthly,FRED_IMF_PCPS,IMF Primary Commodity Prices System series,https://fred.stlouisfed.org/categories/32217,https://data.imf.org/en/datasets/IMF.STA:PCPS,2026-09-01T00:29:20.948875Z,none
2005-04-01,cocoa_price,agriculture,,,Global price of cocoa,1585.95038907,USD_per_metric_ton,monthly,FRED_IMF_PCPS,IMF Primary Commodity Prices System series,https://fred.stlouisfed.org/categories/32217,https://data.imf.org/en/datasets/IMF.STA:PCPS,2026-09-01T00:29:20.948875Z,none
2005-05-01,cocoa_price,agriculture,,,Global price of cocoa,1509.46467003,USD_per_metric_ton,monthly,FRED_IMF_PCPS,IMF Primary Commodity Prices System series,https://fred.stlouisfed.org/categories/32217,https://data.imf.org/en/datasets/IMF.STA:PCPS,2026-09-01T00:29:20.948875Z,none
2005-06-01,cocoa_price,agriculture,,,Global price of cocoa,1538.62995912,USD_per_metric_ton,monthly,FRED_IMF_PCPS,IMF Primary Commodity Prices System series,https://fred.stlouisfed.org/categories/32217,https://data.imf.org/en/datasets/IMF.STA:PCPS,2026-09-01T00:29:20.948875Z,none
2005-07-01,cocoa_price,agriculture,,,Global price of cocoa,1488.31593214,USD_per_metric_ton,monthly,FRED_IMF_PCPS,IMF Primary Commodity Prices System series,https://fred.stlouisfed.org/categories/32217,https://data.imf.org/en/datasets/IMF.STA:PCPS,2026-09-01T00:29:20.948875Z,none
2005-08-01,cocoa_price,agriculture,,,Global price of cocoa,1482.23083627,USD_per_metric_ton,monthly,FRED_IMF_PCPS,IMF Primary Commodity Prices System series,https://fred.stlouisfed.org/categories/32217,https://data.imf.org/en/datasets/IMF.STA:PCPS,2026-09-01T00:29:20.948875Z,none
2005-09-01,cocoa_price,agriculture,,,Global price of cocoa,1504.15599803,USD_per_metric_ton,monthly,FRED_IMF_PCPS,IMF Primary Commodity Prices System series,https://fred.stlouisfed.org/categories/32217,https://data.imf.org/en/datasets/IMF.STA:PCPS,2026-09-01T00:29:20.948875Z,none
2005-10-01,cocoa_price,agriculture,,,Global price of cocoa,1453.83030526,USD_per_metric_ton,monthly,FRED_IMF_PCPS,IMF Primary Commodity Prices System series,https://fred.stlouisfed.org/categories/32217,https://data.imf.org/en/datasets/IMF.STA:PCPS,2026-09-01T00:29:20.948875Z,none
2005-11-01,cocoa_price,agriculture,,,Global price of cocoa,1428.77721017,USD_per_metric_ton,monthly,FRED_IMF_PCPS,IMF Primary Commodity Prices System series,https://fred.stlouisfed.org/categories/32217,https://data.imf.org/en/datasets/IMF.STA:PCPS,2026-09-01T00:29:20.948875Z,none
2005-12-01,cocoa_price,agriculture,,,Global price of cocoa,1517.61038273,USD_per_metric_ton,monthly,FRED_IMF_PCPS,IMF Primary Commodity Prices System series,https://fred.stlouisfed.org/categories/32217,https://data.imf.org/en/datasets/IMF.STA:PCPS,2026-09-01T00:29:20.948875Z,none
2006-01-01,cocoa_price,agriculture,,,Global price of cocoa,1576.2298009,USD_per_metric_ton,monthly,FRED_IMF_PCPS,IMF Primary Commodity Prices System series,https://fred.stlouisfed.org/categories/32217,https://data.imf.org/en/datasets/IMF.STA:PCPS,2026-09-01T00:29:20.948875Z,none
2006-02-01,cocoa_price,agriculture,,,Global price of cocoa,1545.4011001,USD_per_metric_ton,monthly,FRED_IMF_PCPS,IMF Primary Commodity Prices System series,https://fred.stlouisfed.org/categories/32217,https://data.imf.org/en/datasets/IMF.STA:PCPS,2026-09-01T00:29:20.948875Z,none
2006-03-01,cocoa_price,agriculture,,,Global price of cocoa,1545.05127638,USD_per_metric_ton,monthly,FRED_IMF_PCPS,IMF Primary Commodity Prices System series,https://fred.stlouisfed.org/categories/32217,https://data.imf.org/en/datasets/IMF.STA:PCPS,2026-09-01T00:29:20.948875Z,none
2006-04-01,cocoa_price,agriculture,,,Global price of cocoa,1552.34094845,USD_per_metric_ton,monthly,FRED_IMF_PCPS,IMF Primary Commodity Prices System series,https://fred.stlouisfed.org/categories/32217,https://data.imf.org/en/datasets/IMF.STA:PCPS,2026-09-01T00:29:20.948875Z,none
2006-05-01,cocoa_price,agriculture,,,Global price of cocoa,1594.29627919,USD_per_metric_ton,monthly,FRED_IMF_PCPS,IMF Primary Commodity Prices System series,https://fred.stlouisfed.org/categories/32217,https://data.imf.org/en/datasets/IMF.STA:PCPS,2026-09-01T00:29:20.948875Z,none
2006-06-01,cocoa_price,agriculture,,,Global price of cocoa,1605.78038875,USD_per_metric_ton,monthly,FRED_IMF_PCPS,IMF Primary Commodity Prices System series,https://fred.stlouisfed.org/categories/32217,https://data.imf.org/en/datasets/IMF.STA:PCPS,2026-09-01T00:29:20.948875Z,none
2006-07-01,cocoa_price,agriculture,,,Global price of cocoa,1673.20654475,USD_per_metric_ton,monthly,FRED_IMF_PCPS,IMF Primary Commodity Prices System series,https://fred.stlouisfed.org/categories/32217,https://data.imf.org/en/datasets/IMF.STA:PCPS,2026-09-01T00:29:20.948875Z,none
2006-08-01,cocoa_price,agriculture,,,Global price of cocoa,1612.94257039,USD_per_metric_ton,monthly,FRED_IMF_PCPS,IMF Primary Commodity Prices System series,https://fred.stlouisfed.org/categories/32217,https://data.imf.org/en/datasets/IMF.STA:PCPS,2026-09-01T00:29:20.948875Z,none
2006-09-01,cocoa_price,agriculture,,,Global price of cocoa,1566.33607224,USD_per_metric_ton,monthly,FRED_IMF_PCPS,IMF Primary Commodity Prices System series,https://fred.stlouisfed.org/categories/32217,https://data.imf.org/en/datasets/IMF.STA:PCPS,2026-09-01T00:29:20.948875Z,none
2006-10-01,cocoa_price,agriculture,,,Global price of cocoa,1530.17100004,USD_per_metric_ton,monthly,FRED_IMF_PCPS,IMF Primary Commodity Prices System series,https://fred.stlouisfed.org/categories/32217,https://data.imf.org/en/datasets/IMF.STA:PCPS,2026-09-01T00:29:20.948875Z,none
2006-11-01,cocoa_price,agriculture,,,Global price of cocoa,1582.54181245,USD_per_metric_ton,monthly,FRED_IMF_PCPS,IMF Primary Commodity Prices System series,https://fred.stlouisfed.org/categories/32217,https://data.imf.org/en/datasets/IMF.STA:PCPS,2026-09-01T00:29:20.948875Z,none
2006-12-01,cocoa_price,agriculture,,,Global price of cocoa,1702.15624794,USD_per_metric_ton,monthly,FRED_IMF_PCPS,IMF Primary Commodity Prices System series,https://fred.stlouisfed.org/categories/32217,https://data.imf.org/en/datasets/IMF.STA:PCPS,2026-09-01T00:29:20.948875Z,none
2007-01-01,cocoa_price,agriculture,,,Global price of cocoa,1701.92811053,USD_per_metric_ton,monthly,FRED_IMF_PCPS,IMF Primary Commodity Prices System series,https://fred.stlouisfed.org/categories/32217,https://data.imf.org/en/datasets/IMF.STA:PCPS,2026-09-01T00:29:20.948875Z,none
2007-02-01,cocoa_price,agriculture,,,Global price of cocoa,1811.15204788,USD_per_metric_ton,monthly,FRED_IMF_PCPS,IMF Primary Commodity Prices System series,https://fred.stlouisfed.org/categories/32217,https://data.imf.org/en/datasets/IMF.STA:PCPS,2026-09-01T00:29:20.948875Z,none
2007-03-01,cocoa_price,agriculture,,,Global price of cocoa,1924.20251093,USD_per_metric_ton,monthly,FRED_IMF_PCPS,IMF Primary Commodity Prices System series,https://fred.stlouisfed.org/categories/32217,https://data.imf.org/en/datasets/IMF.STA:PCPS,2026-09-01T00:29:20.948875Z,none
2007-04-01,cocoa_price,agriculture,,,Global price of cocoa,1975.43260569,USD_per_metric_ton,monthly,FRED_IMF_PCPS,IMF Primary Commodity Prices System series,https://fred.stlouisfed.org/categories/32217,https://data.imf.org/en/datasets/IMF.STA:PCPS,2026-09-01T00:29:20.948875Z,none
2007-05-01,cocoa_price,agriculture,,,Global price of cocoa,2004.62709526,USD_per_metric_ton,monthly,FRED_IMF_PCPS,IMF Primary Commodity Prices System series,https://fred.stlouisfed.org/categories/32217,https://data.imf.org/en/datasets/IMF.STA:PCPS,2026-09-01T00:29:20.948875Z,none
2007-06-01,cocoa_price,agriculture,,,Global price of cocoa,2012.51910971,USD_per_metric_ton,monthly,FRED_IMF_PCPS,IMF Primary Commodity Prices System series,https://fred.stlouisfed.org/categories/32217,https://data.imf.org/en/datasets/IMF.STA:PCPS,2026-09-01T00:29:20.948875Z,none
2007-07-01,cocoa_price,agriculture,,,Global price of cocoa,2151.6658519,USD_per_metric_ton,monthly,FRED_IMF_PCPS,IMF Primary Commodity Prices System series,https://fred.stlouisfed.org/categories/32217,https://data.imf.org/en/datasets/IMF.STA:PCPS,2026-09-01T00:29:20.948875Z,none
2007-08-01,cocoa_price,agriculture,,,Global price of cocoa,1902.09189193,USD_per_metric_ton,monthly,FRED_IMF_PCPS,IMF Primary Commodity Prices System series,https://fred.stlouisfed.org/categories/32217,https://data.imf.org/en/datasets/IMF.STA:PCPS,2026-09-01T00:29:20.948875Z,none
2007-09-01,cocoa_price,agriculture,,,Global price of cocoa,1965.13916568,USD_per_metric_ton,monthly,FRED_IMF_PCPS,IMF Primary Commodity Prices System series,https://fred.stlouisfed.org/categories/32217,https://data.imf.org/en/datasets/IMF.STA:PCPS,2026-09-01T00:29:20.948875Z,none
2007-10-01,cocoa_price,agriculture,,,Global price of cocoa,1916.66995097,USD_per_metric_ton,monthly,FRED_IMF_PCPS,IMF Primary Commodity Prices System series,https://fred.stlouisfed.org/categories/32217,https://data.imf.org/en/datasets/IMF.STA:PCPS,2026-09-01T00:29:20.948875Z,none
2007-11-01,cocoa_price,agriculture,,,Global price of cocoa,1967.41592267,USD_per_metric_ton,monthly,FRED_IMF_PCPS,IMF Primary Commodity Prices System series,https://fred.stlouisfed.org/categories/32217,https://data.imf.org/en/datasets/IMF.STA:PCPS,2026-09-01T00:29:20.948875Z,none
2007-12-01,cocoa_price,agriculture,,,Global price of cocoa,2119.84635941,USD_per_metric_ton,monthly,FRED_IMF_PCPS,IMF Primary Commodity Prices System series,https://fred.stlouisfed.org/categories/32217,https://data.imf.org/en/datasets/IMF.STA:PCPS,2026-09-01T00:29:20.948875Z,none
2008-01-01,cocoa_price,agriculture,,,Global price of cocoa,2213.53913913,USD_per_metric_ton,monthly,FRED_IMF_PCPS,IMF Primary Commodity Prices System series,https://fred.stlouisfed.org/categories/32217,https://data.imf.org/en/datasets/IMF.STA:PCPS,2026-09-01T00:29:20.948875Z,none
2008-02-01,cocoa_price,agriculture,,,Global price of cocoa,2523.0506311,USD_per_metric_ton,monthly,FRED_IMF_PCPS,IMF Primary Commodity Prices System series,https://fred.stlouisfed.org/categories/32217,https://data.imf.org/en/datasets/IMF.STA:PCPS,2026-09-01T00:29:20.948875Z,none
2008-03-01,cocoa_price,agriculture,,,Global price of cocoa,2649.83870813,USD_per_metric_ton,monthly,FRED_IMF_PCPS,IMF Primary Commodity Prices System series,https://fred.stlouisfed.org/categories/32217,https://data.imf.org/en/datasets/IMF.STA:PCPS,2026-09-01T00:29:20.948875Z,none
2008-04-01,cocoa_price,agriculture,,,Global price of cocoa,2628.32916353,USD_per_metric_ton,monthly,FRED_IMF_PCPS,IMF Primary Commodity Prices System series,https://fred.stlouisfed.org/categories/32217,https://data.imf.org/en/datasets/IMF.STA:PCPS,2026-09-01T00:29:20.948875Z,none
2008-05-01,cocoa_price,agriculture,,,Global price of cocoa,2689.62027062,USD_per_metric_ton,monthly,FRED_IMF_PCPS,IMF Primary Commodity Prices System series,https://fred.stlouisfed.org/categories/32217,https://data.imf.org/en/datasets/IMF.STA:PCPS,2026-09-01T00:29:20.948875Z,none
2008-06-01,cocoa_price,agriculture,,,Global price of cocoa,3021.75666698,USD_per_metric_ton,monthly,FRED_IMF_PCPS,IMF Primary Commodity Prices System series,https://fred.stlouisfed.org/categories/32217,https://data.imf.org/en/datasets/IMF.STA:PCPS,2026-09-01T00:29:20.948875Z,none
2008-07-01,cocoa_price,agriculture,,,Global price of cocoa,2953.67156356,USD_per_metric_ton,monthly,FRED_IMF_PCPS,IMF Primary Commodity Prices System series,https://fred.stlouisfed.org/categories/32217,https://data.imf.org/en/datasets/IMF.STA:PCPS,2026-09-01T00:29:20.948875Z,none
2008-08-01,cocoa_price,agriculture,,,Global price of cocoa,2812.44491417,USD_per_metric_ton,monthly,FRED_IMF_PCPS,IMF Primary Commodity Prices System series,https://fred.stlouisfed.org/categories/32217,https://data.imf.org/en/datasets/IMF.STA:PCPS,2026-09-01T00:29:20.948875Z,none
2008-09-01,cocoa_price,agriculture,,,Global price of cocoa,2672.05245165,USD_per_metric_ton,monthly,FRED_IMF_PCPS,IMF Primary Commodity Prices System series,https://fred.stlouisfed.org/categories/32217,https://data.imf.org/en/datasets/IMF.STA:PCPS,2026-09-01T00:29:20.948875Z,none
2008-10-01,cocoa_price,agriculture,,,Global price of cocoa,2258.67681449,USD_per_metric_ton,monthly,FRED_IMF_PCPS,IMF Primary Commodity Prices System series,https://fred.stlouisfed.org/categories/32217,https://data.imf.org/en/datasets/IMF.STA:PCPS,2026-09-01T00:29:20.948875Z,none
2008-11-01,cocoa_price,agriculture,,,Global price of cocoa,2068.0434272,USD_per_metric_ton,monthly,FRED_IMF_PCPS,IMF Primary Commodity Prices System series,https://fred.stlouisfed.org/categories/32217,https://data.imf.org/en/datasets/IMF.STA:PCPS,2026-09-01T00:29:20.948875Z,none
2008-12-01,cocoa_price,agriculture,,,Global price of cocoa,2432.90600279,USD_per_metric_ton,monthly,FRED_IMF_PCPS,IMF Primary Commodity Prices System series,https://fred.stlouisfed.org/categories/32217,https://data.imf.org/en/datasets/IMF.STA:PCPS,2026-09-01T00:29:20.948875Z,none
2009-01-01,cocoa_price,agriculture,,,Global price of cocoa,2624.29313444,USD_per_metric_ton,monthly,FRED_IMF_PCPS,IMF Primary Commodity Prices System series,https://fred.stlouisfed.org/categories/32217,https://data.imf.org/en/datasets/IMF.STA:PCPS,2026-09-01T00:29:20.948875Z,none
2009-02-01,cocoa_price,agriculture,,,Global price of cocoa,2660.466212,USD_per_metric_ton,monthly,FRED_IMF_PCPS,IMF Primary Commodity Prices System series,https://fred.stlouisfed.org/categories/32217,https://data.imf.org/en/datasets/IMF.STA:PCPS,2026-09-01T00:29:20.948875Z,none
2009-03-01,cocoa_price,agriculture,,,Global price of cocoa,2501.7509416,USD_per_metric_ton,monthly,FRED_IMF_PCPS,IMF Primary Commodity Prices System series,https://fred.stlouisfed.org/categories/32217,https://data.imf.org/en/datasets/IMF.STA:PCPS,2026-09-01T00:29:20.948875Z,none
2009-04-01,cocoa_price,agriculture,,,Global price of cocoa,2555.16632072,USD_per_metric_ton,monthly,FRED_IMF_PCPS,IMF Primary Commodity Prices System series,https://fred.stlouisfed.org/categories/32217,https://data.imf.org/en/datasets/IMF.STA:PCPS,2026-09-01T00:29:20.948875Z,none
2009-05-01,cocoa_price,agriculture,,,Global price of cocoa,2483.47925893,USD_per_metric_ton,monthly,FRED_IMF_PCPS,IMF Primary Commodity Prices System series,https://fred.stlouisfed.org/categories/32217,https://data.imf.org/en/datasets/IMF.STA:PCPS,2026-09-01T00:29:20.948875Z,none
2009-06-01,cocoa_price,agriculture,,,Global price of cocoa,2700.3662011,USD_per_metric_ton,monthly,FRED_IMF_PCPS,IMF Primary Commodity Prices System series,https://fred.stlouisfed.org/categories/32217,https://data.imf.org/en/datasets/IMF.STA:PCPS,2026-09-01T00:29:20.948875Z,none
2009-07-01,cocoa_price,agriculture,,,Global price of cocoa,2791.35122181,USD_per_metric_ton,monthly,FRED_IMF_PCPS,IMF Primary Commodity Prices System series,https://fred.stlouisfed.org/categories/32217,https://data.imf.org/en/datasets/IMF.STA:PCPS,2026-09-01T00:29:20.948875Z,none
2009-08-01,cocoa_price,agriculture,,,Global price of cocoa,2956.66366727,USD_per_metric_ton,monthly,FRED_IMF_PCPS,IMF Primary Commodity Prices System series,https://fred.stlouisfed.org/categories/32217,https://data.imf.org/en/datasets/IMF.STA:PCPS,2026-09-01T00:29:20.948875Z,none
2009-09-01,cocoa_price,agriculture,,,Global price of cocoa,3142.86387558,USD_per_metric_ton,monthly,FRED_IMF_PCPS,IMF Primary Commodity Prices System series,https://fred.stlouisfed.org/categories/32217,https://data.imf.org/en/datasets/IMF.STA:PCPS,2026-09-01T00:29:20.948875Z,none
2009-10-01,cocoa_price,agriculture,,,Global price of cocoa,3372.50339663,USD_per_metric_ton,monthly,FRED_IMF_PCPS,IMF Primary Commodity Prices System series,https://fred.stlouisfed.org/categories/32217,https://data.imf.org/en/datasets/IMF.STA:PCPS,2026-09-01T00:29:20.948875Z,none
2009-11-01,cocoa_price,agriculture,,,Global price of cocoa,3384.12808577,USD_per_metric_ton,monthly,FRED_IMF_PCPS,IMF Primary Commodity Prices System series,https://fred.stlouisfed.org/categories/32217,https://data.imf.org/en/datasets/IMF.STA:PCPS,2026-09-01T00:29:20.948875Z,none
2009-12-01,cocoa_price,agriculture,,,Global price of cocoa,3517.54364173,USD_per_metric_ton,monthly,FRED_IMF_PCPS,IMF Primary Commodity Prices System series,https://fred.stlouisfed.org/categories/32217,https://data.imf.org/en/datasets/IMF.STA:PCPS,2026-09-01T00:29:20.948875Z,none
2010-01-01,cocoa_price,agriculture,,,Global price of cocoa,3522.09539822,USD_per_metric_ton,monthly,FRED_IMF_PCPS,IMF Primary Commodity Prices System series,https://fred.stlouisfed.org/categories/32217,https://data.imf.org/en/datasets/IMF.STA:PCPS,2026-09-01T00:29:20.948875Z,none
2010-02-01,cocoa_price,agriculture,,,Global price of cocoa,3276.54577476,USD_per_metric_ton,monthly,FRED_IMF_PCPS,IMF Primary Commodity Prices System series,https://fred.stlouisfed.org/categories/32217,https://data.imf.org/en/datasets/IMF.STA:PCPS,2026-09-01T00:29:20.948875Z,none
2010-03-01,cocoa_price,agriculture,,,Global price of cocoa,3089.64581386,USD_per_metric_ton,monthly,FRED_IMF_PCPS,IMF Primary Commodity Prices System series,https://fred.stlouisfed.org/categories/32217,https://data.imf.org/en/datasets/IMF.STA:PCPS,2026-09-01T00:29:20.948875Z,none
2010-04-01,cocoa_price,agriculture,,,Global price of cocoa,3221.23721166,USD_per_metric_ton,monthly,FRED_IMF_PCPS,IMF Primary Commodity Prices System series,https://fred.stlouisfed.org/categories/32217,https://data.imf.org/en/datasets/IMF.STA:PCPS,2026-09-01T00:29:20.948875Z,none
2010-05-01,cocoa_price,agriculture,,,Global price of cocoa,3165.76109446,USD_per_metric_ton,monthly,FRED_IMF_PCPS,IMF Primary Commodity Prices System series,https://fred.stlouisfed.org/categories/32217,https://data.imf.org/en/datasets/IMF.STA:PCPS,2026-09-01T00:29:20.948875Z,none
2010-06-01,cocoa_price,agriculture,,,Global price of cocoa,3230.82767912,USD_per_metric_ton,monthly,FRED_IMF_PCPS,IMF Primary Commodity Prices System series,https://fred.stlouisfed.org/categories/32217,https://data.imf.org/en/datasets/IMF.STA:PCPS,2026-09-01T00:29:20.948875Z,none
2010-07-01,cocoa_price,agriculture,,,Global price of cocoa,3229.54722564,USD_per_metric_ton,monthly,FRED_IMF_PCPS,IMF Primary Commodity Prices System series,https://fred.stlouisfed.org/categories/32217,https://data.imf.org/en/datasets/IMF.STA:PCPS,2026-09-01T00:29:20.948875Z,none
2010-08-01,cocoa_price,agriculture,,,Global price of cocoa,3071.71481749,USD_per_metric_ton,monthly,FRED_IMF_PCPS,IMF Primary Commodity Prices System series,https://fred.stlouisfed.org/categories/32217,https://data.imf.org/en/datasets/IMF.STA:PCPS,2026-09-01T00:29:20.948875Z,none
2010-09-01,cocoa_price,agriculture,,,Global price of cocoa,2874.98361396,USD_per_metric_ton,monthly,FRED_IMF_PCPS,IMF Primary Commodity Prices System series,https://fred.stlouisfed.org/categories/32217,https://data.imf.org/en/datasets/IMF.STA:PCPS,2026-09-01T00:29:20.948875Z,none
2010-10-01,cocoa_price,agriculture,,,Global price of cocoa,2927.45462292,USD_per_metric_ton,monthly,FRED_IMF_PCPS,IMF Primary Commodity Prices System series,https://fred.stlouisfed.org/categories/32217,https://data.imf.org/en/datasets/IMF.STA:PCPS,2026-09-01T00:29:20.948875Z,none
2010-11-01,cocoa_price,agriculture,,,Global price of cocoa,2910.31091568,USD_per_metric_ton,monthly,FRED_IMF_PCPS,IMF Primary Commodity Prices System series,https://fred.stlouisfed.org/categories/32217,https://data.imf.org/en/datasets/IMF.STA:PCPS,2026-09-01T00:29:20.948875Z,none
2010-12-01,cocoa_price,agriculture,,,Global price of cocoa,3047.06214221,USD_per_metric_ton,monthly,FRED_IMF_PCPS,IMF Primary Commodity Prices System series,https://fred.stlouisfed.org/categories/32217,https://data.imf.org/en/datasets/IMF.STA:PCPS,2026-09-01T00:29:20.948875Z,none
2011-01-01,cocoa_price,agriculture,,,Global price of cocoa,3164.48435752,USD_per_metric_ton,monthly,FRED_IMF_PCPS,IMF Primary Commodity Prices System series,https://fred.stlouisfed.org/categories/32217,https://data.imf.org/en/datasets/IMF.STA:PCPS,2026-09-01T00:29:20.948875Z,none
2011-02-01,cocoa_price,agriculture,,,Global price of cocoa,3471.09674095,USD_per_metric_ton,monthly,FRED_IMF_PCPS,IMF Primary Commodity Prices System series,https://fred.stlouisfed.org/categories/32217,https://data.imf.org/en/datasets/IMF.STA:PCPS,2026-09-01T00:29:20.948875Z,none
2011-03-01,cocoa_price,agriculture,,,Global price of cocoa,3392.96851972,USD_per_metric_ton,monthly,FRED_IMF_PCPS,IMF Primary Commodity Prices System series,https://fred.stlouisfed.org/categories/32217,https://data.imf.org/en/datasets/IMF.STA:PCPS,2026-09-01T00:29:20.948875Z,none
2011-04-01,cocoa_price,agriculture,,,Global price of cocoa,3113.50842459,USD_per_metric_ton,monthly,FRED_IMF_PCPS,IMF Primary Commodity Prices System series,https://fred.stlouisfed.org/categories/32217,https://data.imf.org/en/datasets/IMF.STA:PCPS,2026-09-01T00:29:20.948875Z,none
2011-05-01,cocoa_price,agriculture,,,Global price of cocoa,3070.76634546,USD_per_metric_ton,monthly,FRED_IMF_PCPS,IMF Primary Commodity Prices System series,https://fred.stlouisfed.org/categories/32217,https://data.imf.org/en/datasets/IMF.STA:PCPS,2026-09-01T00:29:20.948875Z,none
2011-06-01,cocoa_price,agriculture,,,Global price of cocoa,3015.64080673,USD_per_metric_ton,monthly,FRED_IMF_PCPS,IMF Primary Commodity Prices System series,https://fred.stlouisfed.org/categories/32217,https://data.imf.org/en/datasets/IMF.STA:PCPS,2026-09-01T00:29:20.948875Z,none
2011-07-01,cocoa_price,agriculture,,,Global price of cocoa,3167.18407758,USD_per_metric_ton,monthly,FRED_IMF_PCPS,IMF Primary Commodity Prices System series,https://fred.stlouisfed.org/categories/32217,https://data.imf.org/en/datasets/IMF.STA:PCPS,2026-09-01T00:29:20.948875Z,none
2011-08-01,cocoa_price,agriculture,,,Global price of cocoa,3064.30919638,USD_per_metric_ton,monthly,FRED_IMF_PCPS,IMF Primary Commodity Prices System series,https://fred.stlouisfed.org/categories/32217,https://data.imf.org/en/datasets/IMF.STA:PCPS,2026-09-01T00:29:20.948875Z,none
2011-09-01,cocoa_price,agriculture,,,Global price of cocoa,2873.88312749,USD_per_metric_ton,monthly,FRED_IMF_PCPS,IMF Primary Commodity Prices System series,https://fred.stlouisfed.org/categories/32217,https://data.imf.org/en/datasets/IMF.STA:PCPS,2026-09-01T00:29:20.948875Z,none
2011-10-01,cocoa_price,agriculture,,,Global price of cocoa,2680.04617734,USD_per_metric_ton,monthly,FRED_IMF_PCPS,IMF Primary Commodity Prices System series,https://fred.stlouisfed.org/categories/32217,https://data.imf.org/en/datasets/IMF.STA:PCPS,2026-09-01T00:29:20.948875Z,none
2011-11-01,cocoa_price,agriculture,,,Global price of cocoa,2527.42713963,USD_per_metric_ton,monthly,FRED_IMF_PCPS,IMF Primary Commodity Prices System series,https://fred.stlouisfed.org/categories/32217,https://data.imf.org/en/datasets/IMF.STA:PCPS,2026-09-01T00:29:20.948875Z,none
2011-12-01,cocoa_price,agriculture,,,Global price of cocoa,2200.60517185,USD_per_metric_ton,monthly,FRED_IMF_PCPS,IMF Primary Commodity Prices System series,https://fred.stlouisfed.org/categories/32217,https://data.imf.org/en/datasets/IMF.STA:PCPS,2026-09-01T00:29:20.948875Z,none
2012-01-01,cocoa_price,agriculture,,,Global price of cocoa,2307.76184936,USD_per_metric_ton,monthly,FRED_IMF_PCPS,IMF Primary Commodity Prices System series,https://fred.stlouisfed.org/categories/32217,https://data.imf.org/en/datasets/IMF.STA:PCPS,2026-09-01T00:29:20.948875Z,none
2012-02-01,cocoa_price,agriculture,,,Global price of cocoa,2356.23988067,USD_per_metric_ton,monthly,FRED_IMF_PCPS,IMF Primary Commodity Prices System series,https://fred.stlouisfed.org/categories/32217,https://data.imf.org/en/datasets/IMF.STA:PCPS,2026-09-01T00:29:20.948875Z,none
2012-03-01,cocoa_price,agriculture,,,Global price of cocoa,2359.25129322,USD_per_metric_ton,monthly,FRED_IMF_PCPS,IMF Primary Commodity Prices System series,https://fred.stlouisfed.org/categories/32217,https://data.imf.org/en/datasets/IMF.STA:PCPS,2026-09-01T00:29:20.948875Z,none
2012-04-01,cocoa_price,agriculture,,,Global price of cocoa,2266.78289363,USD_per_metric_ton,monthly,FRED_IMF_PCPS,IMF Primary Commodity Prices System series,https://fred.stlouisfed.org/categories/32217,https://data.imf.org/en/datasets/IMF.STA:PCPS,2026-09-01T00:29:20.948875Z,none
2012-05-01,cocoa_price,agriculture,,,Global price of cocoa,2309.50799143,USD_per_metric_ton,monthly,FRED_IMF_PCPS,IMF Primary Commodity Prices System series,https://fred.stlouisfed.org/categories/32217,https://data.imf.org/en/datasets/IMF.STA:PCPS,2026-09-01T00:29:20.948875Z,none
2012-06-01,cocoa_price,agriculture,,,Global price of cocoa,2265.84009648,USD_per_metric_ton,monthly,FRED_IMF_PCPS,IMF Primary Commodity Prices System series,https://fred.stlouisfed.org/categories/32217,https://data.imf.org/en/datasets/IMF.STA:PCPS,2026-09-01T00:29:20.948875Z,none
2012-07-01,cocoa_price,agriculture,,,Global price of cocoa,2349.81840762,USD_per_metric_ton,monthly,FRED_IMF_PCPS,IMF Primary Commodity Prices System series,https://fred.stlouisfed.org/categories/32217,https://data.imf.org/en/datasets/IMF.STA:PCPS,2026-09-01T00:29:20.948875Z,none
2012-08-01,cocoa_price,agriculture,,,Global price of cocoa,2512.25983282,USD_per_metric_ton,monthly,FRED_IMF_PCPS,IMF Primary Commodity Prices System series,https://fred.stlouisfed.org/categories/32217,https://data.imf.org/en/datasets/IMF.STA:PCPS,2026-09-01T00:29:20.948875Z,none
2012-09-01,cocoa_price,agriculture,,,Global price of cocoa,2620.28367092,USD_per_metric_ton,monthly,FRED_IMF_PCPS,IMF Primary Commodity Prices System series,https://fred.stlouisfed.org/categories/32217,https://data.imf.org/en/datasets/IMF.STA:PCPS,2026-09-01T00:29:20.948875Z,none
2012-10-01,cocoa_price,agriculture,,,Global price of cocoa,2463.5368821,USD_per_metric_ton,monthly,FRED_IMF_PCPS,IMF Primary Commodity Prices System series,https://fred.stlouisfed.org/categories/32217,https://data.imf.org/en/datasets/IMF.STA:PCPS,2026-09-01T00:29:20.948875Z,none
2012-11-01,cocoa_price,agriculture,,,Global price of cocoa,2478.16359624,USD_per_metric_ton,monthly,FRED_IMF_PCPS,IMF Primary Commodity Prices System series,https://fred.stlouisfed.org/categories/32217,https://data.imf.org/en/datasets/IMF.STA:PCPS,2026-09-01T00:29:20.948875Z,none
2012-12-01,cocoa_price,agriculture,,,Global price of cocoa,2431.82200482,USD_per_metric_ton,monthly,FRED_IMF_PCPS,IMF Primary Commodity Prices System series,https://fred.stlouisfed.org/categories/32217,https://data.imf.org/en/datasets/IMF.STA:PCPS,2026-09-01T00:29:20.948875Z,none
2013-01-01,cocoa_price,agriculture,,,Global price of cocoa,2275.43563492,USD_per_metric_ton,monthly,FRED_IMF_PCPS,IMF Primary Commodity Prices System series,https://fred.stlouisfed.org/categories/32217,https://data.imf.org/en/datasets/IMF.STA:PCPS,2026-09-01T00:29:20.948875Z,none
2013-02-01,cocoa_price,agriculture,,,Global price of cocoa,2197.70182384,USD_per_metric_ton,monthly,FRED_IMF_PCPS,IMF Primary Commodity Prices System series,https://fred.stlouisfed.org/categories/32217,https://data.imf.org/en/datasets/IMF.STA:PCPS,2026-09-01T00:29:20.948875Z,none
2013-03-01,cocoa_price,agriculture,,,Global price of cocoa,2153.35871192,USD_per_metric_ton,monthly,FRED_IMF_PCPS,IMF Primary Commodity Prices System series,https://fred.stlouisfed.org/categories/32217,https://data.imf.org/en/datasets/IMF.STA:PCPS,2026-09-01T00:29:20.948875Z,none
2013-04-01,cocoa_price,agriculture,,,Global price of cocoa,2294.72034731,USD_per_metric_ton,monthly,FRED_IMF_PCPS,IMF Primary Commodity Prices System series,https://fred.stlouisfed.org/categories/32217,https://data.imf.org/en/datasets/IMF.STA:PCPS,2026-09-01T00:29:20.948875Z,none
2013-05-01,cocoa_price,agriculture,,,Global price of cocoa,2345.72859261,USD_per_metric_ton,monthly,FRED_IMF_PCPS,IMF Primary Commodity Prices System series,https://fred.stlouisfed.org/categories/32217,https://data.imf.org/en/datasets/IMF.STA:PCPS,2026-09-01T00:29:20.948875Z,none
2013-06-01,cocoa_price,agriculture,,,Global price of cocoa,2283.58387254,USD_per_metric_ton,monthly,FRED_IMF_PCPS,IMF Primary Commodity Prices System series,https://fred.stlouisfed.org/categories/32217,https://data.imf.org/en/datasets/IMF.STA:PCPS,2026-09-01T00:29:20.948875Z,none
2013-07-01,cocoa_price,agriculture,,,Global price of cocoa,2308.52929089,USD_per_metric_ton,monthly,FRED_IMF_PCPS,IMF Primary Commodity Prices System series,https://fred.stlouisfed.org/categories/32217,https://data.imf.org/en/datasets/IMF.STA:PCPS,2026-09-01T00:29:20.948875Z,none
2013-08-01,cocoa_price,agriculture,,,Global price of cocoa,2483.6057473,USD_per_metric_ton,monthly,FRED_IMF_PCPS,IMF Primary Commodity Prices System series,https://fred.stlouisfed.org/categories/32217,https://data.imf.org/en/datasets/IMF.STA:PCPS,2026-09-01T00:29:20.948875Z,none
2013-09-01,cocoa_price,agriculture,,,Global price of cocoa,2616.04732342,USD_per_metric_ton,monthly,FRED_IMF_PCPS,IMF Primary Commodity Prices System series,https://fred.stlouisfed.org/categories/32217,https://data.imf.org/en/datasets/IMF.STA:PCPS,2026-09-01T00:29:20.948875Z,none
2013-10-01,cocoa_price,agriculture,,,Global price of cocoa,2730.69858637,USD_per_metric_ton,monthly,FRED_IMF_PCPS,IMF Primary Commodity Prices System series,https://fred.stlouisfed.org/categories/32217,https://data.imf.org/en/datasets/IMF.STA:PCPS,2026-09-01T00:29:20.948875Z,none
2013-11-01,cocoa_price,agriculture,,,Global price of cocoa,2755.17338185,USD_per_metric_ton,monthly,FRED_IMF_PCPS,IMF Primary Commodity Prices System series,https://fred.stlouisfed.org/categories/32217,https://data.imf.org/en/datasets/IMF.STA:PCPS,2026-09-01T00:29:20.948875Z,none
2013-12-01,cocoa_price,agriculture,,,Global price of cocoa,2824.5391429,USD_per_metric_ton,monthly,FRED_IMF_PCPS,IMF Primary Commodity Prices System series,https://fred.stlouisfed.org/categories/32217,https://data.imf.org/en/datasets/IMF.STA:PCPS,2026-09-01T00:29:20.948875Z,none
2014-01-01,cocoa_price,agriculture,,,Global price of cocoa,2819.43096144,USD_per_metric_ton,monthly,FRED_IMF_PCPS,IMF Primary Commodity Prices System series,https://fred.stlouisfed.org/categories/32217,https://data.imf.org/en/datasets/IMF.STA:PCPS,2026-09-01T00:29:20.948875Z,none
2014-02-01,cocoa_price,agriculture,,,Global price of cocoa,2992.76476822,USD_per_metric_ton,monthly,FRED_IMF_PCPS,IMF Primary Commodity Prices System series,https://fred.stlouisfed.org/categories/32217,https://data.imf.org/en/datasets/IMF.STA:PCPS,2026-09-01T00:29:20.948875Z,none
2014-03-01,cocoa_price,agriculture,,,Global price of cocoa,3041.66697704,USD_per_metric_ton,monthly,FRED_IMF_PCPS,IMF Primary Commodity Prices System series,https://fred.stlouisfed.org/categories/32217,https://data.imf.org/en/datasets/IMF.STA:PCPS,2026-09-01T00:29:20.948875Z,none
2014-04-01,cocoa_price,agriculture,,,Global price of cocoa,3050.61206385,USD_per_metric_ton,monthly,FRED_IMF_PCPS,IMF Primary Commodity Prices System series,https://fred.stlouisfed.org/categories/32217,https://data.imf.org/en/datasets/IMF.STA:PCPS,2026-09-01T00:29:20.948875Z,none
2014-05-01,cocoa_price,agriculture,,,Global price of cocoa,3029.99543125,USD_per_metric_ton,monthly,FRED_IMF_PCPS,IMF Primary Commodity Prices System series,https://fred.stlouisfed.org/categories/32217,https://data.imf.org/en/datasets/IMF.STA:PCPS,2026-09-01T00:29:20.948875Z,none
2014-06-01,cocoa_price,agriculture,,,Global price of cocoa,3174.30611681,USD_per_metric_ton,monthly,FRED_IMF_PCPS,IMF Primary Commodity Prices System series,https://fred.stlouisfed.org/categories/32217,https://data.imf.org/en/datasets/IMF.STA:PCPS,2026-09-01T00:29:20.948875Z,none
2014-07-01,cocoa_price,agriculture,,,Global price of cocoa,3196.03942765,USD_per_metric_ton,monthly,FRED_IMF_PCPS,IMF Primary Commodity Prices System series,https://fred.stlouisfed.org/categories/32217,https://data.imf.org/en/datasets/IMF.STA:PCPS,2026-09-01T00:29:20.948875Z,none
2014-08-01,cocoa_price,agriculture,,,Global price of cocoa,3270.26771811,USD_per_metric_ton,monthly,FRED_IMF_PCPS,IMF Primary Commodity Prices System series,https://fred.stlouisfed.org/categories/32217,https://data.imf.org/en/datasets/IMF.STA:PCPS,2026-09-01T00:29:20.948875Z,none
2014-09-01,cocoa_price,agriculture,,,Global price of cocoa,3221.26737448,USD_per_metric_ton,monthly,FRED_IMF_PCPS,IMF Primary Commodity Prices System series,https://fred.stlouisfed.org/categories/32217,https://data.imf.org/en/datasets/IMF.STA:PCPS,2026-09-01T00:29:20.948875Z,none
2014-10-01,cocoa_price,agriculture,,,Global price of cocoa,3100.82970931,USD_per_metric_ton,monthly,FRED_IMF_PCPS,IMF Primary Commodity Prices System series,https://fred.stlouisfed.org/categories/32217,https://data.imf.org/en/datasets/IMF.STA:PCPS,2026-09-01T00:29:20.948875Z,none
2014-11-01,cocoa_price,agriculture,,,Global price of cocoa,2909.0913667,USD_per_metric_ton,monthly,FRED_IMF_PCPS,IMF Primary Commodity Prices System series,https://fred.stlouisfed.org/categories/32217,https://data.imf.org/en/datasets/IMF.STA:PCPS,2026-09-01T00:29:20.948875Z,none
2014-12-01,cocoa_price,agriculture,,,Global price of cocoa,2946.94535933,USD_per_metric_ton,monthly,FRED_IMF_PCPS,IMF Primary Commodity Prices System series,https://fred.stlouisfed.org/categories/32217,https://data.imf.org/en/datasets/IMF.STA:PCPS,2026-09-01T00:29:20.948875Z,none
2015-01-01,cocoa_price,agriculture,,,Global price of cocoa,2915.6042037,USD_per_metric_ton,monthly,FRED_IMF_PCPS,IMF Primary Commodity Prices System series,https://fred.stlouisfed.org/categories/32217,https://data.imf.org/en/datasets/IMF.STA:PCPS,2026-09-01T00:29:20.948875Z,none
2015-02-01,cocoa_price,agriculture,,,Global price of cocoa,2961.9357136,USD_per_metric_ton,monthly,FRED_IMF_PCPS,IMF Primary Commodity Prices System series,https://fred.stlouisfed.org/categories/32217,https://data.imf.org/en/datasets/IMF.STA:PCPS,2026-09-01T00:29:20.948875Z,none
2015-03-01,cocoa_price,agriculture,,,Global price of cocoa,2878.03316733,USD_per_metric_ton,monthly,FRED_IMF_PCPS,IMF Primary Commodity Prices System series,https://fred.stlouisfed.org/categories/32217,https://data.imf.org/en/datasets/IMF.STA:PCPS,2026-09-01T00:29:20.948875Z,none
2015-04-01,cocoa_price,agriculture,,,Global price of cocoa,2868.27445389,USD_per_metric_ton,monthly,FRED_IMF_PCPS,IMF Primary Commodity Prices System series,https://fred.stlouisfed.org/categories/32217,https://data.imf.org/en/datasets/IMF.STA:PCPS,2026-09-01T00:29:20.948875Z,none
2015-05-01,cocoa_price,agriculture,,,Global price of cocoa,3095.99671499,USD_per_metric_ton,monthly,FRED_IMF_PCPS,IMF Primary Commodity Prices System series,https://fred.stlouisfed.org/categories/32217,https://data.imf.org/en/datasets/IMF.STA:PCPS,2026-09-01T00:29:20.948875Z,none
2015-06-01,cocoa_price,agriculture,,,Global price of cocoa,3239.88417879,USD_per_metric_ton,monthly,FRED_IMF_PCPS,IMF Primary Commodity Prices System series,https://fred.stlouisfed.org/categories/32217,https://data.imf.org/en/datasets/IMF.STA:PCPS,2026-09-01T00:29:20.948875Z,none
2015-07-01,cocoa_price,agriculture,,,Global price of cocoa,3325.96010781,USD_per_metric_ton,monthly,FRED_IMF_PCPS,IMF Primary Commodity Prices System series,https://fred.stlouisfed.org/categories/32217,https://data.imf.org/en/datasets/IMF.STA:PCPS,2026-09-01T00:29:20.948875Z,none
2015-08-01,cocoa_price,agriculture,,,Global price of cocoa,3154.01802015,USD_per_metric_ton,monthly,FRED_IMF_PCPS,IMF Primary Commodity Prices System series,https://fred.stlouisfed.org/categories/32217,https://data.imf.org/en/datasets/IMF.STA:PCPS,2026-09-01T00:29:20.948875Z,none
2015-09-01,cocoa_price,agriculture,,,Global price of cocoa,3278.45236059,USD_per_metric_ton,monthly,FRED_IMF_PCPS,IMF Primary Commodity Prices System series,https://fred.stlouisfed.org/categories/32217,https://data.imf.org/en/datasets/IMF.STA:PCPS,2026-09-01T00:29:20.948875Z,none
2015-10-01,cocoa_price,agriculture,,,Global price of cocoa,3197.33984143,USD_per_metric_ton,monthly,FRED_IMF_PCPS,IMF Primary Commodity Prices System series,https://fred.stlouisfed.org/categories/32217,https://data.imf.org/en/datasets/IMF.STA:PCPS,2026-09-01T00:29:20.948875Z,none
2015-11-01,cocoa_price,agriculture,,,Global price of cocoa,3360.84046322,USD_per_metric_ton,monthly,FRED_IMF_PCPS,IMF Primary Commodity Prices System series,https://fred.stlouisfed.org/categories/32217,https://data.imf.org/en/datasets/IMF.STA:PCPS,2026-09-01T00:29:20.948875Z,none
2015-12-01,cocoa_price,agriculture,,,Global price of cocoa,3345.65621942,USD_per_metric_ton,monthly,FRED_IMF_PCPS,IMF Primary Commodity Prices System series,https://fred.stlouisfed.org/categories/32217,https://data.imf.org/en/datasets/IMF.STA:PCPS,2026-09-01T00:29:20.948875Z,none
2016-01-01,cocoa_price,agriculture,,,Global price of cocoa,2952.41608728,USD_per_metric_ton,monthly,FRED_IMF_PCPS,IMF Primary Commodity Prices System series,https://fred.stlouisfed.org/categories/32217,https://data.imf.org/en/datasets/IMF.STA:PCPS,2026-09-01T00:29:20.948875Z,none
2016-02-01,cocoa_price,agriculture,,,Global price of cocoa,2916.3665338,USD_per_metric_ton,monthly,FRED_IMF_PCPS,IMF Primary Commodity Prices System series,https://fred.stlouisfed.org/categories/32217,https://data.imf.org/en/datasets/IMF.STA:PCPS,2026-09-01T00:29:20.948875Z,none
2016-03-01,cocoa_price,agriculture,,,Global price of cocoa,3073.51913804,USD_per_metric_ton,monthly,FRED_IMF_PCPS,IMF Primary Commodity Prices System series,https://fred.stlouisfed.org/categories/32217,https://data.imf.org/en/datasets/IMF.STA:PCPS,2026-09-01T00:29:20.948875Z,none
2016-04-01,cocoa_price,agriculture,,,Global price of cocoa,3078.4935333,USD_per_metric_ton,monthly,FRED_IMF_PCPS,IMF Primary Commodity Prices System series,https://fred.stlouisfed.org/categories/32217,https://data.imf.org/en/datasets/IMF.STA:PCPS,2026-09-01T00:29:20.948875Z,none
2016-05-01,cocoa_price,agriculture,,,Global price of cocoa,3098.38858371,USD_per_metric_ton,monthly,FRED_IMF_PCPS,IMF Primary Commodity Prices System series,https://fred.stlouisfed.org/categories/32217,https://data.imf.org/en/datasets/IMF.STA:PCPS,2026-09-01T00:29:20.948875Z,none
2016-06-01,cocoa_price,agriculture,,,Global price of cocoa,3122.75028267,USD_per_metric_ton,monthly,FRED_IMF_PCPS,IMF Primary Commodity Prices System series,https://fred.stlouisfed.org/categories/32217,https://data.imf.org/en/datasets/IMF.STA:PCPS,2026-09-01T00:29:20.948875Z,none
2016-07-01,cocoa_price,agriculture,,,Global price of cocoa,3049.97729682,USD_per_metric_ton,monthly,FRED_IMF_PCPS,IMF Primary Commodity Prices System series,https://fred.stlouisfed.org/categories/32217,https://data.imf.org/en/datasets/IMF.STA:PCPS,2026-09-01T00:29:20.948875Z,none
2016-08-01,cocoa_price,agriculture,,,Global price of cocoa,3032.48820297,USD_per_metric_ton,monthly,FRED_IMF_PCPS,IMF Primary Commodity Prices System series,https://fred.stlouisfed.org/categories/32217,https://data.imf.org/en/datasets/IMF.STA:PCPS,2026-09-01T00:29:20.948875Z,none
2016-09-01,cocoa_price,agriculture,,,Global price of cocoa,2881.18737013,USD_per_metric_ton,monthly,FRED_IMF_PCPS,IMF Primary Commodity Prices System series,https://fred.stlouisfed.org/categories/32217,https://data.imf.org/en/datasets/IMF.STA:PCPS,2026-09-01T00:29:20.948875Z,none
2016-10-01,cocoa_price,agriculture,,,Global price of cocoa,2711.35091111,USD_per_metric_ton,monthly,FRED_IMF_PCPS,IMF Primary Commodity Prices System series,https://fred.stlouisfed.org/categories/32217,https://data.imf.org/en/datasets/IMF.STA:PCPS,2026-09-01T00:29:20.948875Z,none
2016-11-01,cocoa_price,agriculture,,,Global price of cocoa,2482.83126356,USD_per_metric_ton,monthly,FRED_IMF_PCPS,IMF Primary Commodity Prices System series,https://fred.stlouisfed.org/categories/32217,https://data.imf.org/en/datasets/IMF.STA:PCPS,2026-09-01T00:29:20.948875Z,none
2016-12-01,cocoa_price,agriculture,,,Global price of cocoa,2295.30967168,USD_per_metric_ton,monthly,FRED_IMF_PCPS,IMF Primary Commodity Prices System series,https://fred.stlouisfed.org/categories/32217,https://data.imf.org/en/datasets/IMF.STA:PCPS,2026-09-01T00:29:20.948875Z,none
2017-01-01,cocoa_price,agriculture,,,Global price of cocoa,2193.82674125,USD_per_metric_ton,monthly,FRED_IMF_PCPS,IMF Primary Commodity Prices System series,https://fred.stlouisfed.org/categories/32217,https://data.imf.org/en/datasets/IMF.STA:PCPS,2026-09-01T00:29:20.948875Z,none
2017-02-01,cocoa_price,agriculture,,,Global price of cocoa,2034.08396328,USD_per_metric_ton,monthly,FRED_IMF_PCPS,IMF Primary Commodity Prices System series,https://fred.stlouisfed.org/categories/32217,https://data.imf.org/en/datasets/IMF.STA:PCPS,2026-09-01T00:29:20.948875Z,none
2017-03-01,cocoa_price,agriculture,,,Global price of cocoa,2063.09378082,USD_per_metric_ton,monthly,FRED_IMF_PCPS,IMF Primary Commodity Prices System series,https://fred.stlouisfed.org/categories/32217,https://data.imf.org/en/datasets/IMF.STA:PCPS,2026-09-01T00:29:20.948875Z,none
2017-04-01,cocoa_price,agriculture,,,Global price of cocoa,1961.1573096,USD_per_metric_ton,monthly,FRED_IMF_PCPS,IMF Primary Commodity Prices System series,https://fred.stlouisfed.org/categories/32217,https://data.imf.org/en/datasets/IMF.STA:PCPS,2026-09-01T00:29:20.948875Z,none
2017-05-01,cocoa_price,agriculture,,,Global price of cocoa,1983.48485388,USD_per_metric_ton,monthly,FRED_IMF_PCPS,IMF Primary Commodity Prices System series,https://fred.stlouisfed.org/categories/32217,https://data.imf.org/en/datasets/IMF.STA:PCPS,2026-09-01T00:29:20.948875Z,none
2017-06-01,cocoa_price,agriculture,,,Global price of cocoa,1998.24532344,USD_per_metric_ton,monthly,FRED_IMF_PCPS,IMF Primary Commodity Prices System series,https://fred.stlouisfed.org/categories/32217,https://data.imf.org/en/datasets/IMF.STA:PCPS,2026-09-01T00:29:20.948875Z,none
2017-07-01,cocoa_price,agriculture,,,Global price of cocoa,1988.57753866,USD_per_metric_ton,monthly,FRED_IMF_PCPS,IMF Primary Commodity Prices System series,https://fred.stlouisfed.org/categories/32217,https://data.imf.org/en/datasets/IMF.STA:PCPS,2026-09-01T00:29:20.948875Z,none
2017-08-01,cocoa_price,agriculture,,,Global price of cocoa,1988.55858478,USD_per_metric_ton,monthly,FRED_IMF_PCPS,IMF Primary Commodity Prices System series,https://fred.stlouisfed.org/categories/32217,https://data.imf.org/en/datasets/IMF.STA:PCPS,2026-09-01T00:29:20.948875Z,none
2017-09-01,cocoa_price,agriculture,,,Global price of cocoa,1998.29596544,USD_per_metric_ton,monthly,FRED_IMF_PCPS,IMF Primary Commodity Prices System series,https://fred.stlouisfed.org/categories/32217,https://data.imf.org/en/datasets/IMF.STA:PCPS,2026-09-01T00:29:20.948875Z,none
2017-10-01,cocoa_price,agriculture,,,Global price of cocoa,2097.05323804,USD_per_metric_ton,monthly,FRED_IMF_PCPS,IMF Primary Commodity Prices System series,https://fred.stlouisfed.org/categories/32217,https://data.imf.org/en/datasets/IMF.STA:PCPS,2026-09-01T00:29:20.948875Z,none
2017-11-01,cocoa_price,agriculture,,,Global price of cocoa,2127.90190238,USD_per_metric_ton,monthly,FRED_IMF_PCPS,IMF Primary Commodity Prices System series,https://fred.stlouisfed.org/categories/32217,https://data.imf.org/en/datasets/IMF.STA:PCPS,2026-09-01T00:29:20.948875Z,none
2017-12-01,cocoa_price,agriculture,,,Global price of cocoa,1917.7756041,USD_per_metric_ton,monthly,FRED_IMF_PCPS,IMF Primary Commodity Prices System series,https://fred.stlouisfed.org/categories/32217,https://data.imf.org/en/datasets/IMF.STA:PCPS,2026-09-01T00:29:20.948875Z,none
2018-01-01,cocoa_price,agriculture,,,Global price of cocoa,1951.82636759,USD_per_metric_ton,monthly,FRED_IMF_PCPS,IMF Primary Commodity Prices System series,https://fred.stlouisfed.org/categories/32217,https://data.imf.org/en/datasets/IMF.STA:PCPS,2026-09-01T00:29:20.948875Z,none
2018-02-01,cocoa_price,agriculture,,,Global price of cocoa,2122.79856106,USD_per_metric_ton,monthly,FRED_IMF_PCPS,IMF Primary Commodity Prices System series,https://fred.stlouisfed.org/categories/32217,https://data.imf.org/en/datasets/IMF.STA:PCPS,2026-09-01T00:29:20.948875Z,none
2018-03-01,cocoa_price,agriculture,,,Global price of cocoa,2503.95123442,USD_per_metric_ton,monthly,FRED_IMF_PCPS,IMF Primary Commodity Prices System series,https://fred.stlouisfed.org/categories/32217,https://data.imf.org/en/datasets/IMF.STA:PCPS,2026-09-01T00:29:20.948875Z,none
2018-04-01,cocoa_price,agriculture,,,Global price of cocoa,2624.73533457,USD_per_metric_ton,monthly,FRED_IMF_PCPS,IMF Primary Commodity Prices System series,https://fred.stlouisfed.org/categories/32217,https://data.imf.org/en/datasets/IMF.STA:PCPS,2026-09-01T00:29:20.948875Z,none
2018-05-01,cocoa_price,agriculture,,,Global price of cocoa,2659.61316533,USD_per_metric_ton,monthly,FRED_IMF_PCPS,IMF Primary Commodity Prices System series,https://fred.stlouisfed.org/categories/32217,https://data.imf.org/en/datasets/IMF.STA:PCPS,2026-09-01T00:29:20.948875Z,none
2018-06-01,cocoa_price,agriculture,,,Global price of cocoa,2410.75862633,USD_per_metric_ton,monthly,FRED_IMF_PCPS,IMF Primary Commodity Prices System series,https://fred.stlouisfed.org/categories/32217,https://data.imf.org/en/datasets/IMF.STA:PCPS,2026-09-01T00:29:20.948875Z,none
2018-07-01,cocoa_price,agriculture,,,Global price of cocoa,2357.04788545,USD_per_metric_ton,monthly,FRED_IMF_PCPS,IMF Primary Commodity Prices System series,https://fred.stlouisfed.org/categories/32217,https://data.imf.org/en/datasets/IMF.STA:PCPS,2026-09-01T00:29:20.948875Z,none
2018-08-01,cocoa_price,agriculture,,,Global price of cocoa,2171.61071074,USD_per_metric_ton,monthly,FRED_IMF_PCPS,IMF Primary Commodity Prices System series,https://fred.stlouisfed.org/categories/32217,https://data.imf.org/en/datasets/IMF.STA:PCPS,2026-09-01T00:29:20.948875Z,none
2018-09-01,cocoa_price,agriculture,,,Global price of cocoa,2194.88579622,USD_per_metric_ton,monthly,FRED_IMF_PCPS,IMF Primary Commodity Prices System series,https://fred.stlouisfed.org/categories/32217,https://data.imf.org/en/datasets/IMF.STA:PCPS,2026-09-01T00:29:20.948875Z,none
2018-10-01,cocoa_price,agriculture,,,Global price of cocoa,2134.19877175,USD_per_metric_ton,monthly,FRED_IMF_PCPS,IMF Primary Commodity Prices System series,https://fred.stlouisfed.org/categories/32217,https://data.imf.org/en/datasets/IMF.STA:PCPS,2026-09-01T00:29:20.948875Z,none
2018-11-01,cocoa_price,agriculture,,,Global price of cocoa,2185.03430248,USD_per_metric_ton,monthly,FRED_IMF_PCPS,IMF Primary Commodity Prices System series,https://fred.stlouisfed.org/categories/32217,https://data.imf.org/en/datasets/IMF.STA:PCPS,2026-09-01T00:29:20.948875Z,none
2018-12-01,cocoa_price,agriculture,,,Global price of cocoa,2208.40804308,USD_per_metric_ton,monthly,FRED_IMF_PCPS,IMF Primary Commodity Prices System series,https://fred.stlouisfed.org/categories/32217,https://data.imf.org/en/datasets/IMF.STA:PCPS,2026-09-01T00:29:20.948875Z,none
2019-01-01,cocoa_price,agriculture,,,Global price of cocoa,2263.33503647,USD_per_metric_ton,monthly,FRED_IMF_PCPS,IMF Primary Commodity Prices System series,https://fred.stlouisfed.org/categories/32217,https://data.imf.org/en/datasets/IMF.STA:PCPS,2026-09-01T00:29:20.948875Z,none
2019-02-01,cocoa_price,agriculture,,,Global price of cocoa,2255.80497303,USD_per_metric_ton,monthly,FRED_IMF_PCPS,IMF Primary Commodity Prices System series,https://fred.stlouisfed.org/categories/32217,https://data.imf.org/en/datasets/IMF.STA:PCPS,2026-09-01T00:29:20.948875Z,none
2019-03-01,cocoa_price,agriculture,,,Global price of cocoa,2200.4846737,USD_per_metric_ton,monthly,FRED_IMF_PCPS,IMF Primary Commodity Prices System series,https://fred.stlouisfed.org/categories/32217,https://data.imf.org/en/datasets/IMF.STA:PCPS,2026-09-01T00:29:20.948875Z,none
2019-04-01,cocoa_price,agriculture,,,Global price of cocoa,2331.13102209,USD_per_metric_ton,monthly,FRED_IMF_PCPS,IMF Primary Commodity Prices System series,https://fred.stlouisfed.org/categories/32217,https://data.imf.org/en/datasets/IMF.STA:PCPS,2026-09-01T00:29:20.948875Z,none
2019-05-01,cocoa_price,agriculture,,,Global price of cocoa,2315.07239968,USD_per_metric_ton,monthly,FRED_IMF_PCPS,IMF Primary Commodity Prices System series,https://fred.stlouisfed.org/categories/32217,https://data.imf.org/en/datasets/IMF.STA:PCPS,2026-09-01T00:29:20.948875Z,none
2019-06-01,cocoa_price,agriculture,,,Global price of cocoa,2407.73108774,USD_per_metric_ton,monthly,FRED_IMF_PCPS,IMF Primary Commodity Prices System series,https://fred.stlouisfed.org/categories/32217,https://data.imf.org/en/datasets/IMF.STA:PCPS,2026-09-01T00:29:20.948875Z,none
2019-07-01,cocoa_price,agriculture,,,Global price of cocoa,2416.52962109,USD_per_metric_ton,monthly,FRED_IMF_PCPS,IMF Primary Commodity Prices System series,https://fred.stlouisfed.org/categories/32217,https://data.imf.org/en/datasets/IMF.STA:PCPS,2026-09-01T00:29:20.948875Z,none
2019-08-01,cocoa_price,agriculture,,,Global price of cocoa,2194.69841555,USD_per_metric_ton,monthly,FRED_IMF_PCPS,IMF Primary Commodity Prices System series,https://fred.stlouisfed.org/categories/32217,https://data.imf.org/en/datasets/IMF.STA:PCPS,2026-09-01T00:29:20.948875Z,none
2019-09-01,cocoa_price,agriculture,,,Global price of cocoa,2305.34171366,USD_per_metric_ton,monthly,FRED_IMF_PCPS,IMF Primary Commodity Prices System series,https://fred.stlouisfed.org/categories/32217,https://data.imf.org/en/datasets/IMF.STA:PCPS,2026-09-01T00:29:20.948875Z,none
2019-10-01,cocoa_price,agriculture,,,Global price of cocoa,2435.27454024,USD_per_metric_ton,monthly,FRED_IMF_PCPS,IMF Primary Commodity Prices System series,https://fred.stlouisfed.org/categories/32217,https://data.imf.org/en/datasets/IMF.STA:PCPS,2026-09-01T00:29:20.948875Z,none
2019-11-01,cocoa_price,agriculture,,,Global price of cocoa,2519.66253231,USD_per_metric_ton,monthly,FRED_IMF_PCPS,IMF Primary Commodity Prices System series,https://fred.stlouisfed.org/categories/32217,https://data.imf.org/en/datasets/IMF.STA:PCPS,2026-09-01T00:29:20.948875Z,none
2019-12-01,cocoa_price,agriculture,,,Global price of cocoa,2444.79207812,USD_per_metric_ton,monthly,FRED_IMF_PCPS,IMF Primary Commodity Prices System series,https://fred.stlouisfed.org/categories/32217,https://data.imf.org/en/datasets/IMF.STA:PCPS,2026-09-01T00:29:20.948875Z,none
2020-01-01,cocoa_price,agriculture,,,Global price of cocoa,2603.07556121,USD_per_metric_ton,monthly,FRED_IMF_PCPS,IMF Primary Commodity Prices System series,https://fred.stlouisfed.org/categories/32217,https://data.imf.org/en/datasets/IMF.STA:PCPS,2026-09-01T00:29:20.948875Z,none
2020-02-01,cocoa_price,agriculture,,,Global price of cocoa,2716.21439778,USD_per_metric_ton,monthly,FRED_IMF_PCPS,IMF Primary Commodity Prices System series,https://fred.stlouisfed.org/categories/32217,https://data.imf.org/en/datasets/IMF.STA:PCPS,2026-09-01T00:29:20.948875Z,none
2020-03-01,cocoa_price,agriculture,,,Global price of cocoa,2338.47053622,USD_per_metric_ton,monthly,FRED_IMF_PCPS,IMF Primary Commodity Prices System series,https://fred.stlouisfed.org/categories/32217,https://data.imf.org/en/datasets/IMF.STA:PCPS,2026-09-01T00:29:20.948875Z,none
2020-04-01,cocoa_price,agriculture,,,Global price of cocoa,2270.23869685,USD_per_metric_ton,monthly,FRED_IMF_PCPS,IMF Primary Commodity Prices System series,https://fred.stlouisfed.org/categories/32217,https://data.imf.org/en/datasets/IMF.STA:PCPS,2026-09-01T00:29:20.948875Z,none
2020-05-01,cocoa_price,agriculture,,,Global price of cocoa,2317.45393156,USD_per_metric_ton,monthly,FRED_IMF_PCPS,IMF Primary Commodity Prices System series,https://fred.stlouisfed.org/categories/32217,https://data.imf.org/en/datasets/IMF.STA:PCPS,2026-09-01T00:29:20.948875Z,none
2020-06-01,cocoa_price,agriculture,,,Global price of cocoa,2228.61763558,USD_per_metric_ton,monthly,FRED_IMF_PCPS,IMF Primary Commodity Prices System series,https://fred.stlouisfed.org/categories/32217,https://data.imf.org/en/datasets/IMF.STA:PCPS,2026-09-01T00:29:20.948875Z,none
2020-07-01,cocoa_price,agriculture,,,Global price of cocoa,2102.0771318,USD_per_metric_ton,monthly,FRED_IMF_PCPS,IMF Primary Commodity Prices System series,https://fred.stlouisfed.org/categories/32217,https://data.imf.org/en/datasets/IMF.STA:PCPS,2026-09-01T00:29:20.948875Z,none
2020-08-01,cocoa_price,agriculture,,,Global price of cocoa,2348.67630926,USD_per_metric_ton,monthly,FRED_IMF_PCPS,IMF Primary Commodity Prices System series,https://fred.stlouisfed.org/categories/32217,https://data.imf.org/en/datasets/IMF.STA:PCPS,2026-09-01T00:29:20.948875Z,none
2020-09-01,cocoa_price,agriculture,,,Global price of cocoa,2457.61192366,USD_per_metric_ton,monthly,FRED_IMF_PCPS,IMF Primary Commodity Prices System series,https://fred.stlouisfed.org/categories/32217,https://data.imf.org/en/datasets/IMF.STA:PCPS,2026-09-01T00:29:20.948875Z,none
2020-10-01,cocoa_price,agriculture,,,Global price of cocoa,2292.05417557,USD_per_metric_ton,monthly,FRED_IMF_PCPS,IMF Primary Commodity Prices System series,https://fred.stlouisfed.org/categories/32217,https://data.imf.org/en/datasets/IMF.STA:PCPS,2026-09-01T00:29:20.948875Z,none
2020-11-01,cocoa_price,agriculture,,,Global price of cocoa,2359.24371616,USD_per_metric_ton,monthly,FRED_IMF_PCPS,IMF Primary Commodity Prices System series,https://fred.stlouisfed.org/categories/32217,https://data.imf.org/en/datasets/IMF.STA:PCPS,2026-09-01T00:29:20.948875Z,none
2020-12-01,cocoa_price,agriculture,,,Global price of cocoa,2405.76492397,USD_per_metric_ton,monthly,FRED_IMF_PCPS,IMF Primary Commodity Prices System series,https://fred.stlouisfed.org/categories/32217,https://data.imf.org/en/datasets/IMF.STA:PCPS,2026-09-01T00:29:20.948875Z,none
2021-01-01,cocoa_price,agriculture,,,Global price of cocoa,2392.97356342,USD_per_metric_ton,monthly,FRED_IMF_PCPS,IMF Primary Commodity Prices System series,https://fred.stlouisfed.org/categories/32217,https://data.imf.org/en/datasets/IMF.STA:PCPS,2026-09-01T00:29:20.948875Z,none
2021-02-01,cocoa_price,agriculture,,,Global price of cocoa,2383.02850666,USD_per_metric_ton,monthly,FRED_IMF_PCPS,IMF Primary Commodity Prices System series,https://fred.stlouisfed.org/categories/32217,https://data.imf.org/en/datasets/IMF.STA:PCPS,2026-09-01T00:29:20.948875Z,none
2021-03-01,cocoa_price,agriculture,,,Global price of cocoa,2471.20432217,USD_per_metric_ton,monthly,FRED_IMF_PCPS,IMF Primary Commodity Prices System series,https://fred.stlouisfed.org/categories/32217,https://data.imf.org/en/datasets/IMF.STA:PCPS,2026-09-01T00:29:20.948875Z,none
2021-04-01,cocoa_price,agriculture,,,Global price of cocoa,2366.48605729,USD_per_metric_ton,monthly,FRED_IMF_PCPS,IMF Primary Commodity Prices System series,https://fred.stlouisfed.org/categories/32217,https://data.imf.org/en/datasets/IMF.STA:PCPS,2026-09-01T00:29:20.948875Z,none
2021-05-01,cocoa_price,agriculture,,,Global price of cocoa,2409.35743127,USD_per_metric_ton,monthly,FRED_IMF_PCPS,IMF Primary Commodity Prices System series,https://fred.stlouisfed.org/categories/32217,https://data.imf.org/en/datasets/IMF.STA:PCPS,2026-09-01T00:29:20.948875Z,none
2021-06-01,cocoa_price,agriculture,,,Global price of cocoa,2366.29376388,USD_per_metric_ton,monthly,FRED_IMF_PCPS,IMF Primary Commodity Prices System series,https://fred.stlouisfed.org/categories/32217,https://data.imf.org/en/datasets/IMF.STA:PCPS,2026-09-01T00:29:20.948875Z,none
2021-07-01,cocoa_price,agriculture,,,Global price of cocoa,2328.27955316,USD_per_metric_ton,monthly,FRED_IMF_PCPS,IMF Primary Commodity Prices System series,https://fred.stlouisfed.org/categories/32217,https://data.imf.org/en/datasets/IMF.STA:PCPS,2026-09-01T00:29:20.948875Z,none
2021-08-01,cocoa_price,agriculture,,,Global price of cocoa,2477.50036167,USD_per_metric_ton,monthly,FRED_IMF_PCPS,IMF Primary Commodity Prices System series,https://fred.stlouisfed.org/categories/32217,https://data.imf.org/en/datasets/IMF.STA:PCPS,2026-09-01T00:29:20.948875Z,none
2021-09-01,cocoa_price,agriculture,,,Global price of cocoa,2552.76442186,USD_per_metric_ton,monthly,FRED_IMF_PCPS,IMF Primary Commodity Prices System series,https://fred.stlouisfed.org/categories/32217,https://data.imf.org/en/datasets/IMF.STA:PCPS,2026-09-01T00:29:20.948875Z,none
2021-10-01,cocoa_price,agriculture,,,Global price of cocoa,2573.72524793,USD_per_metric_ton,monthly,FRED_IMF_PCPS,IMF Primary Commodity Prices System series,https://fred.stlouisfed.org/categories/32217,https://data.imf.org/en/datasets/IMF.STA:PCPS,2026-09-01T00:29:20.948875Z,none
2021-11-01,cocoa_price,agriculture,,,Global price of cocoa,2405.87446549,USD_per_metric_ton,monthly,FRED_IMF_PCPS,IMF Primary Commodity Prices System series,https://fred.stlouisfed.org/categories/32217,https://data.imf.org/en/datasets/IMF.STA:PCPS,2026-09-01T00:29:20.948875Z,none
2021-12-01,cocoa_price,agriculture,,,Global price of cocoa,2378.73085849,USD_per_metric_ton,monthly,FRED_IMF_PCPS,IMF Primary Commodity Prices System series,https://fred.stlouisfed.org/categories/32217,https://data.imf.org/en/datasets/IMF.STA:PCPS,2026-09-01T00:29:20.948875Z,none
2022-01-01,cocoa_price,agriculture,,,Global price of cocoa,2467.35686258,USD_per_metric_ton,monthly,FRED_IMF_PCPS,IMF Primary Commodity Prices System series,https://fred.stlouisfed.org/categories/32217,https://data.imf.org/en/datasets/IMF.STA:PCPS,2026-09-01T00:29:20.948875Z,none
2022-02-01,cocoa_price,agriculture,,,Global price of cocoa,2551.32688358,USD_per_metric_ton,monthly,FRED_IMF_PCPS,IMF Primary Commodity Prices System series,https://fred.stlouisfed.org/categories/32217,https://data.imf.org/en/datasets/IMF.STA:PCPS,2026-09-01T00:29:20.948875Z,none
2022-03-01,cocoa_price,agriculture,,,Global price of cocoa,2459.39831964,USD_per_metric_ton,monthly,FRED_IMF_PCPS,IMF Primary Commodity Prices System series,https://fred.stlouisfed.org/categories/32217,https://data.imf.org/en/datasets/IMF.STA:PCPS,2026-09-01T00:29:20.948875Z,none
2022-04-01,cocoa_price,agriculture,,,Global price of cocoa,2457.38410729,USD_per_metric_ton,monthly,FRED_IMF_PCPS,IMF Primary Commodity Prices System series,https://fred.stlouisfed.org/categories/32217,https://data.imf.org/en/datasets/IMF.STA:PCPS,2026-09-01T00:29:20.948875Z,none
2022-05-01,cocoa_price,agriculture,,,Global price of cocoa,2363.87112904,USD_per_metric_ton,monthly,FRED_IMF_PCPS,IMF Primary Commodity Prices System series,https://fred.stlouisfed.org/categories/32217,https://data.imf.org/en/datasets/IMF.STA:PCPS,2026-09-01T00:29:20.948875Z,none
2022-06-01,cocoa_price,agriculture,,,Global price of cocoa,2323.11668724,USD_per_metric_ton,monthly,FRED_IMF_PCPS,IMF Primary Commodity Prices System series,https://fred.stlouisfed.org/categories/32217,https://data.imf.org/en/datasets/IMF.STA:PCPS,2026-09-01T00:29:20.948875Z,none
2022-07-01,cocoa_price,agriculture,,,Global price of cocoa,2239.40228613,USD_per_metric_ton,monthly,FRED_IMF_PCPS,IMF Primary Commodity Prices System series,https://fred.stlouisfed.org/categories/32217,https://data.imf.org/en/datasets/IMF.STA:PCPS,2026-09-01T00:29:20.948875Z,none
2022-08-01,cocoa_price,agriculture,,,Global price of cocoa,2270.10277361,USD_per_metric_ton,monthly,FRED_IMF_PCPS,IMF Primary Commodity Prices System series,https://fred.stlouisfed.org/categories/32217,https://data.imf.org/en/datasets/IMF.STA:PCPS,2026-09-01T00:29:20.948875Z,none
2022-09-01,cocoa_price,agriculture,,,Global price of cocoa,2220.21424463,USD_per_metric_ton,monthly,FRED_IMF_PCPS,IMF Primary Commodity Prices System series,https://fred.stlouisfed.org/categories/32217,https://data.imf.org/en/datasets/IMF.STA:PCPS,2026-09-01T00:29:20.948875Z,none
2022-10-01,cocoa_price,agriculture,,,Global price of cocoa,2243.63109825,USD_per_metric_ton,monthly,FRED_IMF_PCPS,IMF Primary Commodity Prices System series,https://fred.stlouisfed.org/categories/32217,https://data.imf.org/en/datasets/IMF.STA:PCPS,2026-09-01T00:29:20.948875Z,none
2022-11-01,cocoa_price,agriculture,,,Global price of cocoa,2380.80307027,USD_per_metric_ton,monthly,FRED_IMF_PCPS,IMF Primary Commodity Prices System series,https://fred.stlouisfed.org/categories/32217,https://data.imf.org/en/datasets/IMF.STA:PCPS,2026-09-01T00:29:20.948875Z,none
2022-12-01,cocoa_price,agriculture,,,Global price of cocoa,2456.22695376,USD_per_metric_ton,monthly,FRED_IMF_PCPS,IMF Primary Commodity Prices System series,https://fred.stlouisfed.org/categories/32217,https://data.imf.org/en/datasets/IMF.STA:PCPS,2026-09-01T00:29:20.948875Z,none
2023-01-01,cocoa_price,agriculture,,,Global price of cocoa,2540.07652396,USD_per_metric_ton,monthly,FRED_IMF_PCPS,IMF Primary Commodity Prices System series,https://fred.stlouisfed.org/categories/32217,https://data.imf.org/en/datasets/IMF.STA:PCPS,2026-09-01T00:29:20.948875Z,none
2023-02-01,cocoa_price,agriculture,,,Global price of cocoa,2586.52681703,USD_per_metric_ton,monthly,FRED_IMF_PCPS,IMF Primary Commodity Prices System series,https://fred.stlouisfed.org/categories/32217,https://data.imf.org/en/datasets/IMF.STA:PCPS,2026-09-01T00:29:20.948875Z,none
2023-03-01,cocoa_price,agriculture,,,Global price of cocoa,2665.79131628,USD_per_metric_ton,monthly,FRED_IMF_PCPS,IMF Primary Commodity Prices System series,https://fred.stlouisfed.org/categories/32217,https://data.imf.org/en/datasets/IMF.STA:PCPS,2026-09-01T00:29:20.948875Z,none
2023-04-01,cocoa_price,agriculture,,,Global price of cocoa,2823.27398457,USD_per_metric_ton,monthly,FRED_IMF_PCPS,IMF Primary Commodity Prices System series,https://fred.stlouisfed.org/categories/32217,https://data.imf.org/en/datasets/IMF.STA:PCPS,2026-09-01T00:29:20.948875Z,none
2023-05-01,cocoa_price,agriculture,,,Global price of cocoa,2905.3417333,USD_per_metric_ton,monthly,FRED_IMF_PCPS,IMF Primary Commodity Prices System series,https://fred.stlouisfed.org/categories/32217,https://data.imf.org/en/datasets/IMF.STA:PCPS,2026-09-01T00:29:20.948875Z,none
2023-06-01,cocoa_price,agriculture,,,Global price of cocoa,3124.43913502,USD_per_metric_ton,monthly,FRED_IMF_PCPS,IMF Primary Commodity Prices System series,https://fred.stlouisfed.org/categories/32217,https://data.imf.org/en/datasets/IMF.STA:PCPS,2026-09-01T00:29:20.948875Z,none
2023-07-01,cocoa_price,agriculture,,,Global price of cocoa,3346.63454851,USD_per_metric_ton,monthly,FRED_IMF_PCPS,IMF Primary Commodity Prices System series,https://fred.stlouisfed.org/categories/32217,https://data.imf.org/en/datasets/IMF.STA:PCPS,2026-09-01T00:29:20.948875Z,none
2023-08-01,cocoa_price,agriculture,,,Global price of cocoa,3434.40659619,USD_per_metric_ton,monthly,FRED_IMF_PCPS,IMF Primary Commodity Prices System series,https://fred.stlouisfed.org/categories/32217,https://data.imf.org/en/datasets/IMF.STA:PCPS,2026-09-01T00:29:20.948875Z,none
2023-09-01,cocoa_price,agriculture,,,Global price of cocoa,3629.16688339,USD_per_metric_ton,monthly,FRED_IMF_PCPS,IMF Primary Commodity Prices System series,https://fred.stlouisfed.org/categories/32217,https://data.imf.org/en/datasets/IMF.STA:PCPS,2026-09-01T00:29:20.948875Z,none
2023-10-01,cocoa_price,agriculture,,,Global price of cocoa,3691.61471618,USD_per_metric_ton,monthly,FRED_IMF_PCPS,IMF Primary Commodity Prices System series,https://fred.stlouisfed.org/categories/32217,https://data.imf.org/en/datasets/IMF.STA:PCPS,2026-09-01T00:29:20.948875Z,none
2023-11-01,cocoa_price,agriculture,,,Global price of cocoa,4095.3562071,USD_per_metric_ton,monthly,FRED_IMF_PCPS,IMF Primary Commodity Prices System series,https://fred.stlouisfed.org/categories/32217,https://data.imf.org/en/datasets/IMF.STA:PCPS,2026-09-01T00:29:20.948875Z,none
2023-12-01,cocoa_price,agriculture,,,Global price of cocoa,4253.90432911,USD_per_metric_ton,monthly,FRED_IMF_PCPS,IMF Primary Commodity Prices System series,https://fred.stlouisfed.org/categories/32217,https://data.imf.org/en/datasets/IMF.STA:PCPS,2026-09-01T00:29:20.948875Z,none
2024-01-01,cocoa_price,agriculture,,,Global price of cocoa,4442.91977544,USD_per_metric_ton,monthly,FRED_IMF_PCPS,IMF Primary Commodity Prices System series,https://fred.stlouisfed.org/categories/32217,https://data.imf.org/en/datasets/IMF.STA:PCPS,2026-09-01T00:29:20.948875Z,none
2024-02-01,cocoa_price,agriculture,,,Global price of cocoa,5640.08761868,USD_per_metric_ton,monthly,FRED_IMF_PCPS,IMF Primary Commodity Prices System series,https://fred.stlouisfed.org/categories/32217,https://data.imf.org/en/datasets/IMF.STA:PCPS,2026-09-01T00:29:20.948875Z,none
2024-03-01,cocoa_price,agriculture,,,Global price of cocoa,7297.55388407,USD_per_metric_ton,monthly,FRED_IMF_PCPS,IMF Primary Commodity Prices System series,https://fred.stlouisfed.org/categories/32217,https://data.imf.org/en/datasets/IMF.STA:PCPS,2026-09-01T00:29:20.948875Z,none
2024-04-01,cocoa_price,agriculture,,,Global price of cocoa,9865.20603444,USD_per_metric_ton,monthly,FRED_IMF_PCPS,IMF Primary Commodity Prices System series,https://fred.stlouisfed.org/categories/32217,https://data.imf.org/en/datasets/IMF.STA:PCPS,2026-09-01T00:29:20.948875Z,none
2024-05-01,cocoa_price,agriculture,,,Global price of cocoa,7768.09837983,USD_per_metric_ton,monthly,FRED_IMF_PCPS,IMF Primary Commodity Prices System series,https://fred.stlouisfed.org/categories/32217,https://data.imf.org/en/datasets/IMF.STA:PCPS,2026-09-01T00:29:20.948875Z,none
2024-06-01,cocoa_price,agriculture,,,Global price of cocoa,8380.12660952,USD_per_metric_ton,monthly,FRED_IMF_PCPS,IMF Primary Commodity Prices System series,https://fred.stlouisfed.org/categories/32217,https://data.imf.org/en/datasets/IMF.STA:PCPS,2026-09-01T00:29:20.948875Z,none
2024-07-01,cocoa_price,agriculture,,,Global price of cocoa,7164.62803529,USD_per_metric_ton,monthly,FRED_IMF_PCPS,IMF Primary Commodity Prices System series,https://fred.stlouisfed.org/categories/32217,https://data.imf.org/en/datasets/IMF.STA:PCPS,2026-09-01T00:29:20.948875Z,none
2024-08-01,cocoa_price,agriculture,,,Global price of cocoa,6791.95381705,USD_per_metric_ton,monthly,FRED_IMF_PCPS,IMF Primary Commodity Prices System series,https://fred.stlouisfed.org/categories/32217,https://data.imf.org/en/datasets/IMF.STA:PCPS,2026-09-01T00:29:20.948875Z,none
2024-09-01,cocoa_price,agriculture,,,Global price of cocoa,6421.82565866,USD_per_metric_ton,monthly,FRED_IMF_PCPS,IMF Primary Commodity Prices System series,https://fred.stlouisfed.org/categories/32217,https://data.imf.org/en/datasets/IMF.STA:PCPS,2026-09-01T00:29:20.948875Z,none
2024-10-01,cocoa_price,agriculture,,,Global price of cocoa,6582.85801936,USD_per_metric_ton,monthly,FRED_IMF_PCPS,IMF Primary Commodity Prices System series,https://fred.stlouisfed.org/categories/32217,https://data.imf.org/en/datasets/IMF.STA:PCPS,2026-09-01T00:29:20.948875Z,none
2024-11-01,cocoa_price,agriculture,,,Global price of cocoa,7919.32826959,USD_per_metric_ton,monthly,FRED_IMF_PCPS,IMF Primary Commodity Prices System series,https://fred.stlouisfed.org/categories/32217,https://data.imf.org/en/datasets/IMF.STA:PCPS,2026-09-01T00:29:20.948875Z,none
2024-12-01,cocoa_price,agriculture,,,Global price of cocoa,10412.18571199,USD_per_metric_ton,monthly,FRED_IMF_PCPS,IMF Primary Commodity Prices System series,https://fred.stlouisfed.org/categories/32217,https://data.imf.org/en/datasets/IMF.STA:PCPS,2026-09-01T00:29:20.948875Z,none
2025-01-01,cocoa_price,agriculture,,,Global price of cocoa,10710.34548328,USD_per_metric_ton,monthly,FRED_IMF_PCPS,IMF Primary Commodity Prices System series,https://fred.stlouisfed.org/categories/32217,https://data.imf.org/en/datasets/IMF.STA:PCPS,2026-09-01T00:29:20.948875Z,none
2025-02-01,cocoa_price,agriculture,,,Global price of cocoa,9792.66420916,USD_per_metric_ton,monthly,FRED_IMF_PCPS,IMF Primary Commodity Prices System series,https://fred.stlouisfed.org/categories/32217,https://data.imf.org/en/datasets/IMF.STA:PCPS,2026-09-01T00:29:20.948875Z,none
2025-03-01,cocoa_price,agriculture,,,Global price of cocoa,8079.55612766,USD_per_metric_ton,monthly,FRED_IMF_PCPS,IMF Primary Commodity Prices System series,https://fred.stlouisfed.org/categories/32217,https://data.imf.org/en/datasets/IMF.STA:PCPS,2026-09-01T00:29:20.948875Z,none
2025-04-01,cocoa_price,agriculture,,,Global price of cocoa,8132.21849171,USD_per_metric_ton,monthly,FRED_IMF_PCPS,IMF Primary Commodity Prices System series,https://fred.stlouisfed.org/categories/32217,https://data.imf.org/en/datasets/IMF.STA:PCPS,2026-09-01T00:29:20.948875Z,none
2025-05-01,cocoa_price,agriculture,,,Global price of cocoa,9000.78733885,USD_per_metric_ton,monthly,FRED_IMF_PCPS,IMF Primary Commodity Prices System series,https://fred.stlouisfed.org/categories/32217,https://data.imf.org/en/datasets/IMF.STA:PCPS,2026-09-01T00:29:20.948875Z,none
2025-06-01,cocoa_price,agriculture,,,Global price of cocoa,8401.95273129,USD_per_metric_ton,monthly,FRED_IMF_PCPS,IMF Primary Commodity Prices System series,https://fred.stlouisfed.org/categories/32217,https://data.imf.org/en/datasets/IMF.STA:PCPS,2026-09-01T00:29:20.948875Z,none
2025-07-01,cocoa_price,agriculture,,,Global price of cocoa,7371.89076576,USD_per_metric_ton,monthly,FRED_IMF_PCPS,IMF Primary Commodity Prices System series,https://fred.stlouisfed.org/categories/32217,https://data.imf.org/en/datasets/IMF.STA:PCPS,2026-09-01T00:29:20.948875Z,none
2025-08-01,cocoa_price,agriculture,,,Global price of cocoa,7604.12362713,USD_per_metric_ton,monthly,FRED_IMF_PCPS,IMF Primary Commodity Prices System series,https://fred.stlouisfed.org/categories/32217,https://data.imf.org/en/datasets/IMF.STA:PCPS,2026-09-01T00:29:20.948875Z,none
2025-09-01,cocoa_price,agriculture,,,Global price of cocoa,7006.52585553,USD_per_metric_ton,monthly,FRED_IMF_PCPS,IMF Primary Commodity Prices System series,https://fred.stlouisfed.org/categories/32217,https://data.imf.org/en/datasets/IMF.STA:PCPS,2026-09-01T00:29:20.948875Z,none
2025-10-01,cocoa_price,agriculture,,,Global price of cocoa,5953.56781431,USD_per_metric_ton,monthly,FRED_IMF_PCPS,IMF Primary Commodity Prices System series,https://fred.stlouisfed.org/categories/32217,https://data.imf.org/en/datasets/IMF.STA:PCPS,2026-09-01T00:29:20.948875Z,none
2025-11-01,cocoa_price,agriculture,,,Global price of cocoa,5590.70810326,USD_per_metric_ton,monthly,FRED_IMF_PCPS,IMF Primary Commodity Prices System series,https://fred.stlouisfed.org/categories/32217,https://data.imf.org/en/datasets/IMF.STA:PCPS,2026-09-01T00:29:20.948875Z,none
2025-12-01,cocoa_price,agriculture,,,Global price of cocoa,5814.85691857,USD_per_metric_ton,monthly,FRED_IMF_PCPS,IMF Primary Commodity Prices System series,https://fred.stlouisfed.org/categories/32217,https://data.imf.org/en/datasets/IMF.STA:PCPS,2026-09-01T00:29:20.948875Z,none
2026-01-01,cocoa_price,agriculture,,,Global price of cocoa,5018.13152073,USD_per_metric_ton,monthly,FRED_IMF_PCPS,IMF Primary Commodity Prices System series,https://fred.stlouisfed.org/categories/32217,https://data.imf.org/en/datasets/IMF.STA:PCPS,2026-09-01T00:29:20.948875Z,none
2026-02-01,cocoa_price,agriculture,,,Global price of cocoa,3587.18595118,USD_per_metric_ton,monthly,FRED_IMF_PCPS,IMF Primary Commodity Prices System series,https://fred.stlouisfed.org/categories/32217,https://data.imf.org/en/datasets/IMF.STA:PCPS,2026-09-01T00:29:20.948875Z,none
2026-03-01,cocoa_price,agriculture,,,Global price of cocoa,3241.48895129,USD_per_metric_ton,monthly,FRED_IMF_PCPS,IMF Primary Commodity Prices System series,https://fred.stlouisfed.org/categories/32217,https://data.imf.org/en/datasets/IMF.STA:PCPS,2026-09-01T00:29:20.948875Z,none
2026-04-01,cocoa_price,agriculture,,,Global price of cocoa,3392.14355423,USD_per_metric_ton,monthly,FRED_IMF_PCPS,IMF Primary Commodity Prices System series,https://fred.stlouisfed.org/categories/32217,https://data.imf.org/en/datasets/IMF.STA:PCPS,2026-09-01T00:29:20.948875Z,none
2026-05-01,cocoa_price,agriculture,,,Global price of cocoa,4142.97309251,USD_per_metric_ton,monthly,FRED_IMF_PCPS,IMF Primary Commodity Prices System series,https://fred.stlouisfed.org/categories/32217,https://data.imf.org/en/datasets/IMF.STA:PCPS,2026-09-01T00:29:20.948875Z,none
2026-06-01,cocoa_price,agriculture,,,Global price of cocoa,4395.45843195,USD_per_metric_ton,monthly,FRED_IMF_PCPS,IMF Primary Commodity Prices System series,https://fred.stlouisfed.org/categories/32217,https://data.imf.org/en/datasets/IMF.STA:PCPS,2026-09-01T00:29:20.948875Z,none
2026-07-01,cocoa_price,agriculture,,,Global price of cocoa,5619.18987359,USD_per_metric_ton,monthly,FRED_IMF_PCPS,IMF Primary Commodity Prices System series,https://fred.stlouisfed.org/categories/32217,https://data.imf.org/en/datasets/IMF.STA:PCPS,2026-09-01T00:29:20.948875Z,none
