observation_date,series_id,tab_id,country_iso3,currency_iso3,label,value,unit,frequency,source_id,source_name,source_url,source_documentation_url,source_retrieved_at,transformation
1992-01-01,coffee_arabica_price,agriculture,,,Global price of other mild Arabica coffee,73.03181818,USD_cents_per_pound,monthly,FRED_IMF_PCPS,IMF Primary Commodity Prices System series,https://fred.stlouisfed.org/categories/32217,https://data.imf.org/en/datasets/IMF.STA:PCPS,2026-09-01T00:29:21.298967Z,none
1992-02-01,coffee_arabica_price,agriculture,,,Global price of other mild Arabica coffee,69.298,USD_cents_per_pound,monthly,FRED_IMF_PCPS,IMF Primary Commodity Prices System series,https://fred.stlouisfed.org/categories/32217,https://data.imf.org/en/datasets/IMF.STA:PCPS,2026-09-01T00:29:21.298967Z,none
1992-03-01,coffee_arabica_price,agriculture,,,Global price of other mild Arabica coffee,69.89363636,USD_cents_per_pound,monthly,FRED_IMF_PCPS,IMF Primary Commodity Prices System series,https://fred.stlouisfed.org/categories/32217,https://data.imf.org/en/datasets/IMF.STA:PCPS,2026-09-01T00:29:21.298967Z,none
1992-04-01,coffee_arabica_price,agriculture,,,Global price of other mild Arabica coffee,66.52227273,USD_cents_per_pound,monthly,FRED_IMF_PCPS,IMF Primary Commodity Prices System series,https://fred.stlouisfed.org/categories/32217,https://data.imf.org/en/datasets/IMF.STA:PCPS,2026-09-01T00:29:21.298967Z,none
1992-05-01,coffee_arabica_price,agriculture,,,Global price of other mild Arabica coffee,60.79666667,USD_cents_per_pound,monthly,FRED_IMF_PCPS,IMF Primary Commodity Prices System series,https://fred.stlouisfed.org/categories/32217,https://data.imf.org/en/datasets/IMF.STA:PCPS,2026-09-01T00:29:21.298967Z,none
1992-06-01,coffee_arabica_price,agriculture,,,Global price of other mild Arabica coffee,59.44818182,USD_cents_per_pound,monthly,FRED_IMF_PCPS,IMF Primary Commodity Prices System series,https://fred.stlouisfed.org/categories/32217,https://data.imf.org/en/datasets/IMF.STA:PCPS,2026-09-01T00:29:21.298967Z,none
1992-07-01,coffee_arabica_price,agriculture,,,Global price of other mild Arabica coffee,58.34913043,USD_cents_per_pound,monthly,FRED_IMF_PCPS,IMF Primary Commodity Prices System series,https://fred.stlouisfed.org/categories/32217,https://data.imf.org/en/datasets/IMF.STA:PCPS,2026-09-01T00:29:21.298967Z,none
1992-08-01,coffee_arabica_price,agriculture,,,Global price of other mild Arabica coffee,53.35380952,USD_cents_per_pound,monthly,FRED_IMF_PCPS,IMF Primary Commodity Prices System series,https://fred.stlouisfed.org/categories/32217,https://data.imf.org/en/datasets/IMF.STA:PCPS,2026-09-01T00:29:21.298967Z,none
1992-09-01,coffee_arabica_price,agriculture,,,Global price of other mild Arabica coffee,51.67318182,USD_cents_per_pound,monthly,FRED_IMF_PCPS,IMF Primary Commodity Prices System series,https://fred.stlouisfed.org/categories/32217,https://data.imf.org/en/datasets/IMF.STA:PCPS,2026-09-01T00:29:21.298967Z,none
1992-10-01,coffee_arabica_price,agriculture,,,Global price of other mild Arabica coffee,50.83,USD_cents_per_pound,monthly,FRED_IMF_PCPS,IMF Primary Commodity Prices System series,https://fred.stlouisfed.org/categories/32217,https://data.imf.org/en/datasets/IMF.STA:PCPS,2026-09-01T00:29:21.298967Z,none
1992-11-01,coffee_arabica_price,agriculture,,,Global price of other mild Arabica coffee,52.51285714,USD_cents_per_pound,monthly,FRED_IMF_PCPS,IMF Primary Commodity Prices System series,https://fred.stlouisfed.org/categories/32217,https://data.imf.org/en/datasets/IMF.STA:PCPS,2026-09-01T00:29:21.298967Z,none
1992-12-01,coffee_arabica_price,agriculture,,,Global price of other mild Arabica coffee,75.13913043,USD_cents_per_pound,monthly,FRED_IMF_PCPS,IMF Primary Commodity Prices System series,https://fred.stlouisfed.org/categories/32217,https://data.imf.org/en/datasets/IMF.STA:PCPS,2026-09-01T00:29:21.298967Z,none
1993-01-01,coffee_arabica_price,agriculture,,,Global price of other mild Arabica coffee,71.81904762,USD_cents_per_pound,monthly,FRED_IMF_PCPS,IMF Primary Commodity Prices System series,https://fred.stlouisfed.org/categories/32217,https://data.imf.org/en/datasets/IMF.STA:PCPS,2026-09-01T00:29:21.298967Z,none
1993-02-01,coffee_arabica_price,agriculture,,,Global price of other mild Arabica coffee,67.4365,USD_cents_per_pound,monthly,FRED_IMF_PCPS,IMF Primary Commodity Prices System series,https://fred.stlouisfed.org/categories/32217,https://data.imf.org/en/datasets/IMF.STA:PCPS,2026-09-01T00:29:21.298967Z,none
1993-03-01,coffee_arabica_price,agriculture,,,Global price of other mild Arabica coffee,64.68130435,USD_cents_per_pound,monthly,FRED_IMF_PCPS,IMF Primary Commodity Prices System series,https://fred.stlouisfed.org/categories/32217,https://data.imf.org/en/datasets/IMF.STA:PCPS,2026-09-01T00:29:21.298967Z,none
1993-04-01,coffee_arabica_price,agriculture,,,Global price of other mild Arabica coffee,58.41454545,USD_cents_per_pound,monthly,FRED_IMF_PCPS,IMF Primary Commodity Prices System series,https://fred.stlouisfed.org/categories/32217,https://data.imf.org/en/datasets/IMF.STA:PCPS,2026-09-01T00:29:21.298967Z,none
1993-05-01,coffee_arabica_price,agriculture,,,Global price of other mild Arabica coffee,61.65904762,USD_cents_per_pound,monthly,FRED_IMF_PCPS,IMF Primary Commodity Prices System series,https://fred.stlouisfed.org/categories/32217,https://data.imf.org/en/datasets/IMF.STA:PCPS,2026-09-01T00:29:21.298967Z,none
1993-06-01,coffee_arabica_price,agriculture,,,Global price of other mild Arabica coffee,63.19045455,USD_cents_per_pound,monthly,FRED_IMF_PCPS,IMF Primary Commodity Prices System series,https://fred.stlouisfed.org/categories/32217,https://data.imf.org/en/datasets/IMF.STA:PCPS,2026-09-01T00:29:21.298967Z,none
1993-07-01,coffee_arabica_price,agriculture,,,Global price of other mild Arabica coffee,70.47909091,USD_cents_per_pound,monthly,FRED_IMF_PCPS,IMF Primary Commodity Prices System series,https://fred.stlouisfed.org/categories/32217,https://data.imf.org/en/datasets/IMF.STA:PCPS,2026-09-01T00:29:21.298967Z,none
1993-08-01,coffee_arabica_price,agriculture,,,Global price of other mild Arabica coffee,76.18727273,USD_cents_per_pound,monthly,FRED_IMF_PCPS,IMF Primary Commodity Prices System series,https://fred.stlouisfed.org/categories/32217,https://data.imf.org/en/datasets/IMF.STA:PCPS,2026-09-01T00:29:21.298967Z,none
1993-09-01,coffee_arabica_price,agriculture,,,Global price of other mild Arabica coffee,81.12181818,USD_cents_per_pound,monthly,FRED_IMF_PCPS,IMF Primary Commodity Prices System series,https://fred.stlouisfed.org/categories/32217,https://data.imf.org/en/datasets/IMF.STA:PCPS,2026-09-01T00:29:21.298967Z,none
1993-10-01,coffee_arabica_price,agriculture,,,Global price of other mild Arabica coffee,76.64333333,USD_cents_per_pound,monthly,FRED_IMF_PCPS,IMF Primary Commodity Prices System series,https://fred.stlouisfed.org/categories/32217,https://data.imf.org/en/datasets/IMF.STA:PCPS,2026-09-01T00:29:21.298967Z,none
1993-11-01,coffee_arabica_price,agriculture,,,Global price of other mild Arabica coffee,79.23863636,USD_cents_per_pound,monthly,FRED_IMF_PCPS,IMF Primary Commodity Prices System series,https://fred.stlouisfed.org/categories/32217,https://data.imf.org/en/datasets/IMF.STA:PCPS,2026-09-01T00:29:21.298967Z,none
1993-12-01,coffee_arabica_price,agriculture,,,Global price of other mild Arabica coffee,82.5526087,USD_cents_per_pound,monthly,FRED_IMF_PCPS,IMF Primary Commodity Prices System series,https://fred.stlouisfed.org/categories/32217,https://data.imf.org/en/datasets/IMF.STA:PCPS,2026-09-01T00:29:21.298967Z,none
1994-01-01,coffee_arabica_price,agriculture,,,Global price of other mild Arabica coffee,79.58238095,USD_cents_per_pound,monthly,FRED_IMF_PCPS,IMF Primary Commodity Prices System series,https://fred.stlouisfed.org/categories/32217,https://data.imf.org/en/datasets/IMF.STA:PCPS,2026-09-01T00:29:21.298967Z,none
1994-02-01,coffee_arabica_price,agriculture,,,Global price of other mild Arabica coffee,83.2,USD_cents_per_pound,monthly,FRED_IMF_PCPS,IMF Primary Commodity Prices System series,https://fred.stlouisfed.org/categories/32217,https://data.imf.org/en/datasets/IMF.STA:PCPS,2026-09-01T00:29:21.298967Z,none
1994-03-01,coffee_arabica_price,agriculture,,,Global price of other mild Arabica coffee,87.01478261,USD_cents_per_pound,monthly,FRED_IMF_PCPS,IMF Primary Commodity Prices System series,https://fred.stlouisfed.org/categories/32217,https://data.imf.org/en/datasets/IMF.STA:PCPS,2026-09-01T00:29:21.298967Z,none
1994-04-01,coffee_arabica_price,agriculture,,,Global price of other mild Arabica coffee,90.93761905,USD_cents_per_pound,monthly,FRED_IMF_PCPS,IMF Primary Commodity Prices System series,https://fred.stlouisfed.org/categories/32217,https://data.imf.org/en/datasets/IMF.STA:PCPS,2026-09-01T00:29:21.298967Z,none
1994-05-01,coffee_arabica_price,agriculture,,,Global price of other mild Arabica coffee,117.16636364,USD_cents_per_pound,monthly,FRED_IMF_PCPS,IMF Primary Commodity Prices System series,https://fred.stlouisfed.org/categories/32217,https://data.imf.org/en/datasets/IMF.STA:PCPS,2026-09-01T00:29:21.298967Z,none
1994-06-01,coffee_arabica_price,agriculture,,,Global price of other mild Arabica coffee,133.36136364,USD_cents_per_pound,monthly,FRED_IMF_PCPS,IMF Primary Commodity Prices System series,https://fred.stlouisfed.org/categories/32217,https://data.imf.org/en/datasets/IMF.STA:PCPS,2026-09-01T00:29:21.298967Z,none
1994-07-01,coffee_arabica_price,agriculture,,,Global price of other mild Arabica coffee,201.41,USD_cents_per_pound,monthly,FRED_IMF_PCPS,IMF Primary Commodity Prices System series,https://fred.stlouisfed.org/categories/32217,https://data.imf.org/en/datasets/IMF.STA:PCPS,2026-09-01T00:29:21.298967Z,none
1994-08-01,coffee_arabica_price,agriculture,,,Global price of other mild Arabica coffee,199.13956522,USD_cents_per_pound,monthly,FRED_IMF_PCPS,IMF Primary Commodity Prices System series,https://fred.stlouisfed.org/categories/32217,https://data.imf.org/en/datasets/IMF.STA:PCPS,2026-09-01T00:29:21.298967Z,none
1994-09-01,coffee_arabica_price,agriculture,,,Global price of other mild Arabica coffee,218.68045455,USD_cents_per_pound,monthly,FRED_IMF_PCPS,IMF Primary Commodity Prices System series,https://fred.stlouisfed.org/categories/32217,https://data.imf.org/en/datasets/IMF.STA:PCPS,2026-09-01T00:29:21.298967Z,none
1994-10-01,coffee_arabica_price,agriculture,,,Global price of other mild Arabica coffee,207.31380952,USD_cents_per_pound,monthly,FRED_IMF_PCPS,IMF Primary Commodity Prices System series,https://fred.stlouisfed.org/categories/32217,https://data.imf.org/en/datasets/IMF.STA:PCPS,2026-09-01T00:29:21.298967Z,none
1994-11-01,coffee_arabica_price,agriculture,,,Global price of other mild Arabica coffee,188.11636364,USD_cents_per_pound,monthly,FRED_IMF_PCPS,IMF Primary Commodity Prices System series,https://fred.stlouisfed.org/categories/32217,https://data.imf.org/en/datasets/IMF.STA:PCPS,2026-09-01T00:29:21.298967Z,none
1994-12-01,coffee_arabica_price,agriculture,,,Global price of other mild Arabica coffee,162.265,USD_cents_per_pound,monthly,FRED_IMF_PCPS,IMF Primary Commodity Prices System series,https://fred.stlouisfed.org/categories/32217,https://data.imf.org/en/datasets/IMF.STA:PCPS,2026-09-01T00:29:21.298967Z,none
1995-01-01,coffee_arabica_price,agriculture,,,Global price of other mild Arabica coffee,171.08818182,USD_cents_per_pound,monthly,FRED_IMF_PCPS,IMF Primary Commodity Prices System series,https://fred.stlouisfed.org/categories/32217,https://data.imf.org/en/datasets/IMF.STA:PCPS,2026-09-01T00:29:21.298967Z,none
1995-02-01,coffee_arabica_price,agriculture,,,Global price of other mild Arabica coffee,167.475,USD_cents_per_pound,monthly,FRED_IMF_PCPS,IMF Primary Commodity Prices System series,https://fred.stlouisfed.org/categories/32217,https://data.imf.org/en/datasets/IMF.STA:PCPS,2026-09-01T00:29:21.298967Z,none
1995-03-01,coffee_arabica_price,agriculture,,,Global price of other mild Arabica coffee,179.21086957,USD_cents_per_pound,monthly,FRED_IMF_PCPS,IMF Primary Commodity Prices System series,https://fred.stlouisfed.org/categories/32217,https://data.imf.org/en/datasets/IMF.STA:PCPS,2026-09-01T00:29:21.298967Z,none
1995-04-01,coffee_arabica_price,agriculture,,,Global price of other mild Arabica coffee,173.237,USD_cents_per_pound,monthly,FRED_IMF_PCPS,IMF Primary Commodity Prices System series,https://fred.stlouisfed.org/categories/32217,https://data.imf.org/en/datasets/IMF.STA:PCPS,2026-09-01T00:29:21.298967Z,none
1995-05-01,coffee_arabica_price,agriculture,,,Global price of other mild Arabica coffee,173.24565217,USD_cents_per_pound,monthly,FRED_IMF_PCPS,IMF Primary Commodity Prices System series,https://fred.stlouisfed.org/categories/32217,https://data.imf.org/en/datasets/IMF.STA:PCPS,2026-09-01T00:29:21.298967Z,none
1995-06-01,coffee_arabica_price,agriculture,,,Global price of other mild Arabica coffee,158.60318182,USD_cents_per_pound,monthly,FRED_IMF_PCPS,IMF Primary Commodity Prices System series,https://fred.stlouisfed.org/categories/32217,https://data.imf.org/en/datasets/IMF.STA:PCPS,2026-09-01T00:29:21.298967Z,none
1995-07-01,coffee_arabica_price,agriculture,,,Global price of other mild Arabica coffee,140.29666667,USD_cents_per_pound,monthly,FRED_IMF_PCPS,IMF Primary Commodity Prices System series,https://fred.stlouisfed.org/categories/32217,https://data.imf.org/en/datasets/IMF.STA:PCPS,2026-09-01T00:29:21.298967Z,none
1995-08-01,coffee_arabica_price,agriculture,,,Global price of other mild Arabica coffee,150.99173913,USD_cents_per_pound,monthly,FRED_IMF_PCPS,IMF Primary Commodity Prices System series,https://fred.stlouisfed.org/categories/32217,https://data.imf.org/en/datasets/IMF.STA:PCPS,2026-09-01T00:29:21.298967Z,none
1995-09-01,coffee_arabica_price,agriculture,,,Global price of other mild Arabica coffee,137.13809524,USD_cents_per_pound,monthly,FRED_IMF_PCPS,IMF Primary Commodity Prices System series,https://fred.stlouisfed.org/categories/32217,https://data.imf.org/en/datasets/IMF.STA:PCPS,2026-09-01T00:29:21.298967Z,none
1995-10-01,coffee_arabica_price,agriculture,,,Global price of other mild Arabica coffee,127.08590909,USD_cents_per_pound,monthly,FRED_IMF_PCPS,IMF Primary Commodity Prices System series,https://fred.stlouisfed.org/categories/32217,https://data.imf.org/en/datasets/IMF.STA:PCPS,2026-09-01T00:29:21.298967Z,none
1995-11-01,coffee_arabica_price,agriculture,,,Global price of other mild Arabica coffee,125.26045455,USD_cents_per_pound,monthly,FRED_IMF_PCPS,IMF Primary Commodity Prices System series,https://fred.stlouisfed.org/categories/32217,https://data.imf.org/en/datasets/IMF.STA:PCPS,2026-09-01T00:29:21.298967Z,none
1995-12-01,coffee_arabica_price,agriculture,,,Global price of other mild Arabica coffee,106.36809524,USD_cents_per_pound,monthly,FRED_IMF_PCPS,IMF Primary Commodity Prices System series,https://fred.stlouisfed.org/categories/32217,https://data.imf.org/en/datasets/IMF.STA:PCPS,2026-09-01T00:29:21.298967Z,none
1996-01-01,coffee_arabica_price,agriculture,,,Global price of other mild Arabica coffee,107.96173913,USD_cents_per_pound,monthly,FRED_IMF_PCPS,IMF Primary Commodity Prices System series,https://fred.stlouisfed.org/categories/32217,https://data.imf.org/en/datasets/IMF.STA:PCPS,2026-09-01T00:29:21.298967Z,none
1996-02-01,coffee_arabica_price,agriculture,,,Global price of other mild Arabica coffee,124.78047619,USD_cents_per_pound,monthly,FRED_IMF_PCPS,IMF Primary Commodity Prices System series,https://fred.stlouisfed.org/categories/32217,https://data.imf.org/en/datasets/IMF.STA:PCPS,2026-09-01T00:29:21.298967Z,none
1996-03-01,coffee_arabica_price,agriculture,,,Global price of other mild Arabica coffee,120.80761905,USD_cents_per_pound,monthly,FRED_IMF_PCPS,IMF Primary Commodity Prices System series,https://fred.stlouisfed.org/categories/32217,https://data.imf.org/en/datasets/IMF.STA:PCPS,2026-09-01T00:29:21.298967Z,none
1996-04-01,coffee_arabica_price,agriculture,,,Global price of other mild Arabica coffee,121.88318182,USD_cents_per_pound,monthly,FRED_IMF_PCPS,IMF Primary Commodity Prices System series,https://fred.stlouisfed.org/categories/32217,https://data.imf.org/en/datasets/IMF.STA:PCPS,2026-09-01T00:29:21.298967Z,none
1996-05-01,coffee_arabica_price,agriculture,,,Global price of other mild Arabica coffee,129.59565217,USD_cents_per_pound,monthly,FRED_IMF_PCPS,IMF Primary Commodity Prices System series,https://fred.stlouisfed.org/categories/32217,https://data.imf.org/en/datasets/IMF.STA:PCPS,2026-09-01T00:29:21.298967Z,none
1996-06-01,coffee_arabica_price,agriculture,,,Global price of other mild Arabica coffee,125.03,USD_cents_per_pound,monthly,FRED_IMF_PCPS,IMF Primary Commodity Prices System series,https://fred.stlouisfed.org/categories/32217,https://data.imf.org/en/datasets/IMF.STA:PCPS,2026-09-01T00:29:21.298967Z,none
1996-07-01,coffee_arabica_price,agriculture,,,Global price of other mild Arabica coffee,123.70086957,USD_cents_per_pound,monthly,FRED_IMF_PCPS,IMF Primary Commodity Prices System series,https://fred.stlouisfed.org/categories/32217,https://data.imf.org/en/datasets/IMF.STA:PCPS,2026-09-01T00:29:21.298967Z,none
1996-08-01,coffee_arabica_price,agriculture,,,Global price of other mild Arabica coffee,125.50772727,USD_cents_per_pound,monthly,FRED_IMF_PCPS,IMF Primary Commodity Prices System series,https://fred.stlouisfed.org/categories/32217,https://data.imf.org/en/datasets/IMF.STA:PCPS,2026-09-01T00:29:21.298967Z,none
1996-09-01,coffee_arabica_price,agriculture,,,Global price of other mild Arabica coffee,119.81238095,USD_cents_per_pound,monthly,FRED_IMF_PCPS,IMF Primary Commodity Prices System series,https://fred.stlouisfed.org/categories/32217,https://data.imf.org/en/datasets/IMF.STA:PCPS,2026-09-01T00:29:21.298967Z,none
1996-10-01,coffee_arabica_price,agriculture,,,Global price of other mild Arabica coffee,123.77695652,USD_cents_per_pound,monthly,FRED_IMF_PCPS,IMF Primary Commodity Prices System series,https://fred.stlouisfed.org/categories/32217,https://data.imf.org/en/datasets/IMF.STA:PCPS,2026-09-01T00:29:21.298967Z,none
1996-11-01,coffee_arabica_price,agriculture,,,Global price of other mild Arabica coffee,123.91380952,USD_cents_per_pound,monthly,FRED_IMF_PCPS,IMF Primary Commodity Prices System series,https://fred.stlouisfed.org/categories/32217,https://data.imf.org/en/datasets/IMF.STA:PCPS,2026-09-01T00:29:21.298967Z,none
1996-12-01,coffee_arabica_price,agriculture,,,Global price of other mild Arabica coffee,116.89363636,USD_cents_per_pound,monthly,FRED_IMF_PCPS,IMF Primary Commodity Prices System series,https://fred.stlouisfed.org/categories/32217,https://data.imf.org/en/datasets/IMF.STA:PCPS,2026-09-01T00:29:21.298967Z,none
1997-01-01,coffee_arabica_price,agriculture,,,Global price of other mild Arabica coffee,131.23391304,USD_cents_per_pound,monthly,FRED_IMF_PCPS,IMF Primary Commodity Prices System series,https://fred.stlouisfed.org/categories/32217,https://data.imf.org/en/datasets/IMF.STA:PCPS,2026-09-01T00:29:21.298967Z,none
1997-02-01,coffee_arabica_price,agriculture,,,Global price of other mild Arabica coffee,166.3255,USD_cents_per_pound,monthly,FRED_IMF_PCPS,IMF Primary Commodity Prices System series,https://fred.stlouisfed.org/categories/32217,https://data.imf.org/en/datasets/IMF.STA:PCPS,2026-09-01T00:29:21.298967Z,none
1997-03-01,coffee_arabica_price,agriculture,,,Global price of other mild Arabica coffee,193.40809524,USD_cents_per_pound,monthly,FRED_IMF_PCPS,IMF Primary Commodity Prices System series,https://fred.stlouisfed.org/categories/32217,https://data.imf.org/en/datasets/IMF.STA:PCPS,2026-09-01T00:29:21.298967Z,none
1997-04-01,coffee_arabica_price,agriculture,,,Global price of other mild Arabica coffee,205.44090909,USD_cents_per_pound,monthly,FRED_IMF_PCPS,IMF Primary Commodity Prices System series,https://fred.stlouisfed.org/categories/32217,https://data.imf.org/en/datasets/IMF.STA:PCPS,2026-09-01T00:29:21.298967Z,none
1997-05-01,coffee_arabica_price,agriculture,,,Global price of other mild Arabica coffee,265.60590909,USD_cents_per_pound,monthly,FRED_IMF_PCPS,IMF Primary Commodity Prices System series,https://fred.stlouisfed.org/categories/32217,https://data.imf.org/en/datasets/IMF.STA:PCPS,2026-09-01T00:29:21.298967Z,none
1997-06-01,coffee_arabica_price,agriculture,,,Global price of other mild Arabica coffee,226.76095238,USD_cents_per_pound,monthly,FRED_IMF_PCPS,IMF Primary Commodity Prices System series,https://fred.stlouisfed.org/categories/32217,https://data.imf.org/en/datasets/IMF.STA:PCPS,2026-09-01T00:29:21.298967Z,none
1997-07-01,coffee_arabica_price,agriculture,,,Global price of other mild Arabica coffee,190.15826087,USD_cents_per_pound,monthly,FRED_IMF_PCPS,IMF Primary Commodity Prices System series,https://fred.stlouisfed.org/categories/32217,https://data.imf.org/en/datasets/IMF.STA:PCPS,2026-09-01T00:29:21.298967Z,none
1997-08-01,coffee_arabica_price,agriculture,,,Global price of other mild Arabica coffee,191.09904762,USD_cents_per_pound,monthly,FRED_IMF_PCPS,IMF Primary Commodity Prices System series,https://fred.stlouisfed.org/categories/32217,https://data.imf.org/en/datasets/IMF.STA:PCPS,2026-09-01T00:29:21.298967Z,none
1997-09-01,coffee_arabica_price,agriculture,,,Global price of other mild Arabica coffee,190.86454545,USD_cents_per_pound,monthly,FRED_IMF_PCPS,IMF Primary Commodity Prices System series,https://fred.stlouisfed.org/categories/32217,https://data.imf.org/en/datasets/IMF.STA:PCPS,2026-09-01T00:29:21.298967Z,none
1997-10-01,coffee_arabica_price,agriculture,,,Global price of other mild Arabica coffee,169.14913043,USD_cents_per_pound,monthly,FRED_IMF_PCPS,IMF Primary Commodity Prices System series,https://fred.stlouisfed.org/categories/32217,https://data.imf.org/en/datasets/IMF.STA:PCPS,2026-09-01T00:29:21.298967Z,none
1997-11-01,coffee_arabica_price,agriculture,,,Global price of other mild Arabica coffee,160.3115,USD_cents_per_pound,monthly,FRED_IMF_PCPS,IMF Primary Commodity Prices System series,https://fred.stlouisfed.org/categories/32217,https://data.imf.org/en/datasets/IMF.STA:PCPS,2026-09-01T00:29:21.298967Z,none
1997-12-01,coffee_arabica_price,agriculture,,,Global price of other mild Arabica coffee,176.77956522,USD_cents_per_pound,monthly,FRED_IMF_PCPS,IMF Primary Commodity Prices System series,https://fred.stlouisfed.org/categories/32217,https://data.imf.org/en/datasets/IMF.STA:PCPS,2026-09-01T00:29:21.298967Z,none
1998-01-01,coffee_arabica_price,agriculture,,,Global price of other mild Arabica coffee,176.91363636,USD_cents_per_pound,monthly,FRED_IMF_PCPS,IMF Primary Commodity Prices System series,https://fred.stlouisfed.org/categories/32217,https://data.imf.org/en/datasets/IMF.STA:PCPS,2026-09-01T00:29:21.298967Z,none
1998-02-01,coffee_arabica_price,agriculture,,,Global price of other mild Arabica coffee,178.374,USD_cents_per_pound,monthly,FRED_IMF_PCPS,IMF Primary Commodity Prices System series,https://fred.stlouisfed.org/categories/32217,https://data.imf.org/en/datasets/IMF.STA:PCPS,2026-09-01T00:29:21.298967Z,none
1998-03-01,coffee_arabica_price,agriculture,,,Global price of other mild Arabica coffee,158.39,USD_cents_per_pound,monthly,FRED_IMF_PCPS,IMF Primary Commodity Prices System series,https://fred.stlouisfed.org/categories/32217,https://data.imf.org/en/datasets/IMF.STA:PCPS,2026-09-01T00:29:21.298967Z,none
1998-04-01,coffee_arabica_price,agriculture,,,Global price of other mild Arabica coffee,150.255,USD_cents_per_pound,monthly,FRED_IMF_PCPS,IMF Primary Commodity Prices System series,https://fred.stlouisfed.org/categories/32217,https://data.imf.org/en/datasets/IMF.STA:PCPS,2026-09-01T00:29:21.298967Z,none
1998-05-01,coffee_arabica_price,agriculture,,,Global price of other mild Arabica coffee,138.93761905,USD_cents_per_pound,monthly,FRED_IMF_PCPS,IMF Primary Commodity Prices System series,https://fred.stlouisfed.org/categories/32217,https://data.imf.org/en/datasets/IMF.STA:PCPS,2026-09-01T00:29:21.298967Z,none
1998-06-01,coffee_arabica_price,agriculture,,,Global price of other mild Arabica coffee,126.66318182,USD_cents_per_pound,monthly,FRED_IMF_PCPS,IMF Primary Commodity Prices System series,https://fred.stlouisfed.org/categories/32217,https://data.imf.org/en/datasets/IMF.STA:PCPS,2026-09-01T00:29:21.298967Z,none
1998-07-01,coffee_arabica_price,agriculture,,,Global price of other mild Arabica coffee,116.94130435,USD_cents_per_pound,monthly,FRED_IMF_PCPS,IMF Primary Commodity Prices System series,https://fred.stlouisfed.org/categories/32217,https://data.imf.org/en/datasets/IMF.STA:PCPS,2026-09-01T00:29:21.298967Z,none
1998-08-01,coffee_arabica_price,agriculture,,,Global price of other mild Arabica coffee,123.64714286,USD_cents_per_pound,monthly,FRED_IMF_PCPS,IMF Primary Commodity Prices System series,https://fred.stlouisfed.org/categories/32217,https://data.imf.org/en/datasets/IMF.STA:PCPS,2026-09-01T00:29:21.298967Z,none
1998-09-01,coffee_arabica_price,agriculture,,,Global price of other mild Arabica coffee,112.94409091,USD_cents_per_pound,monthly,FRED_IMF_PCPS,IMF Primary Commodity Prices System series,https://fred.stlouisfed.org/categories/32217,https://data.imf.org/en/datasets/IMF.STA:PCPS,2026-09-01T00:29:21.298967Z,none
1998-10-01,coffee_arabica_price,agriculture,,,Global price of other mild Arabica coffee,109.38727273,USD_cents_per_pound,monthly,FRED_IMF_PCPS,IMF Primary Commodity Prices System series,https://fred.stlouisfed.org/categories/32217,https://data.imf.org/en/datasets/IMF.STA:PCPS,2026-09-01T00:29:21.298967Z,none
1998-11-01,coffee_arabica_price,agriculture,,,Global price of other mild Arabica coffee,116.12190476,USD_cents_per_pound,monthly,FRED_IMF_PCPS,IMF Primary Commodity Prices System series,https://fred.stlouisfed.org/categories/32217,https://data.imf.org/en/datasets/IMF.STA:PCPS,2026-09-01T00:29:21.298967Z,none
1998-12-01,coffee_arabica_price,agriculture,,,Global price of other mild Arabica coffee,117.05608696,USD_cents_per_pound,monthly,FRED_IMF_PCPS,IMF Primary Commodity Prices System series,https://fred.stlouisfed.org/categories/32217,https://data.imf.org/en/datasets/IMF.STA:PCPS,2026-09-01T00:29:21.298967Z,none
1999-01-01,coffee_arabica_price,agriculture,,,Global price of other mild Arabica coffee,114.22761905,USD_cents_per_pound,monthly,FRED_IMF_PCPS,IMF Primary Commodity Prices System series,https://fred.stlouisfed.org/categories/32217,https://data.imf.org/en/datasets/IMF.STA:PCPS,2026-09-01T00:29:21.298967Z,none
1999-02-01,coffee_arabica_price,agriculture,,,Global price of other mild Arabica coffee,104.762,USD_cents_per_pound,monthly,FRED_IMF_PCPS,IMF Primary Commodity Prices System series,https://fred.stlouisfed.org/categories/32217,https://data.imf.org/en/datasets/IMF.STA:PCPS,2026-09-01T00:29:21.298967Z,none
1999-03-01,coffee_arabica_price,agriculture,,,Global price of other mild Arabica coffee,105.13217391,USD_cents_per_pound,monthly,FRED_IMF_PCPS,IMF Primary Commodity Prices System series,https://fred.stlouisfed.org/categories/32217,https://data.imf.org/en/datasets/IMF.STA:PCPS,2026-09-01T00:29:21.298967Z,none
1999-04-01,coffee_arabica_price,agriculture,,,Global price of other mild Arabica coffee,102.82863636,USD_cents_per_pound,monthly,FRED_IMF_PCPS,IMF Primary Commodity Prices System series,https://fred.stlouisfed.org/categories/32217,https://data.imf.org/en/datasets/IMF.STA:PCPS,2026-09-01T00:29:21.298967Z,none
1999-05-01,coffee_arabica_price,agriculture,,,Global price of other mild Arabica coffee,111.3547619,USD_cents_per_pound,monthly,FRED_IMF_PCPS,IMF Primary Commodity Prices System series,https://fred.stlouisfed.org/categories/32217,https://data.imf.org/en/datasets/IMF.STA:PCPS,2026-09-01T00:29:21.298967Z,none
1999-06-01,coffee_arabica_price,agriculture,,,Global price of other mild Arabica coffee,108.11727273,USD_cents_per_pound,monthly,FRED_IMF_PCPS,IMF Primary Commodity Prices System series,https://fred.stlouisfed.org/categories/32217,https://data.imf.org/en/datasets/IMF.STA:PCPS,2026-09-01T00:29:21.298967Z,none
1999-07-01,coffee_arabica_price,agriculture,,,Global price of other mild Arabica coffee,95.79181818,USD_cents_per_pound,monthly,FRED_IMF_PCPS,IMF Primary Commodity Prices System series,https://fred.stlouisfed.org/categories/32217,https://data.imf.org/en/datasets/IMF.STA:PCPS,2026-09-01T00:29:21.298967Z,none
1999-08-01,coffee_arabica_price,agriculture,,,Global price of other mild Arabica coffee,91.49954545,USD_cents_per_pound,monthly,FRED_IMF_PCPS,IMF Primary Commodity Prices System series,https://fred.stlouisfed.org/categories/32217,https://data.imf.org/en/datasets/IMF.STA:PCPS,2026-09-01T00:29:21.298967Z,none
1999-09-01,coffee_arabica_price,agriculture,,,Global price of other mild Arabica coffee,84.52409091,USD_cents_per_pound,monthly,FRED_IMF_PCPS,IMF Primary Commodity Prices System series,https://fred.stlouisfed.org/categories/32217,https://data.imf.org/en/datasets/IMF.STA:PCPS,2026-09-01T00:29:21.298967Z,none
1999-10-01,coffee_arabica_price,agriculture,,,Global price of other mild Arabica coffee,92.75904762,USD_cents_per_pound,monthly,FRED_IMF_PCPS,IMF Primary Commodity Prices System series,https://fred.stlouisfed.org/categories/32217,https://data.imf.org/en/datasets/IMF.STA:PCPS,2026-09-01T00:29:21.298967Z,none
1999-11-01,coffee_arabica_price,agriculture,,,Global price of other mild Arabica coffee,112.45090909,USD_cents_per_pound,monthly,FRED_IMF_PCPS,IMF Primary Commodity Prices System series,https://fred.stlouisfed.org/categories/32217,https://data.imf.org/en/datasets/IMF.STA:PCPS,2026-09-01T00:29:21.298967Z,none
1999-12-01,coffee_arabica_price,agriculture,,,Global price of other mild Arabica coffee,123.16521739,USD_cents_per_pound,monthly,FRED_IMF_PCPS,IMF Primary Commodity Prices System series,https://fred.stlouisfed.org/categories/32217,https://data.imf.org/en/datasets/IMF.STA:PCPS,2026-09-01T00:29:21.298967Z,none
2000-01-01,coffee_arabica_price,agriculture,,,Global price of other mild Arabica coffee,111.85142857,USD_cents_per_pound,monthly,FRED_IMF_PCPS,IMF Primary Commodity Prices System series,https://fred.stlouisfed.org/categories/32217,https://data.imf.org/en/datasets/IMF.STA:PCPS,2026-09-01T00:29:21.298967Z,none
2000-02-01,coffee_arabica_price,agriculture,,,Global price of other mild Arabica coffee,104.04142857,USD_cents_per_pound,monthly,FRED_IMF_PCPS,IMF Primary Commodity Prices System series,https://fred.stlouisfed.org/categories/32217,https://data.imf.org/en/datasets/IMF.STA:PCPS,2026-09-01T00:29:21.298967Z,none
2000-03-01,coffee_arabica_price,agriculture,,,Global price of other mild Arabica coffee,100.6526087,USD_cents_per_pound,monthly,FRED_IMF_PCPS,IMF Primary Commodity Prices System series,https://fred.stlouisfed.org/categories/32217,https://data.imf.org/en/datasets/IMF.STA:PCPS,2026-09-01T00:29:21.298967Z,none
2000-04-01,coffee_arabica_price,agriculture,,,Global price of other mild Arabica coffee,94.65,USD_cents_per_pound,monthly,FRED_IMF_PCPS,IMF Primary Commodity Prices System series,https://fred.stlouisfed.org/categories/32217,https://data.imf.org/en/datasets/IMF.STA:PCPS,2026-09-01T00:29:21.298967Z,none
2000-05-01,coffee_arabica_price,agriculture,,,Global price of other mild Arabica coffee,91.50608696,USD_cents_per_pound,monthly,FRED_IMF_PCPS,IMF Primary Commodity Prices System series,https://fred.stlouisfed.org/categories/32217,https://data.imf.org/en/datasets/IMF.STA:PCPS,2026-09-01T00:29:21.298967Z,none
2000-06-01,coffee_arabica_price,agriculture,,,Global price of other mild Arabica coffee,86.89409091,USD_cents_per_pound,monthly,FRED_IMF_PCPS,IMF Primary Commodity Prices System series,https://fred.stlouisfed.org/categories/32217,https://data.imf.org/en/datasets/IMF.STA:PCPS,2026-09-01T00:29:21.298967Z,none
2000-07-01,coffee_arabica_price,agriculture,,,Global price of other mild Arabica coffee,87.65619048,USD_cents_per_pound,monthly,FRED_IMF_PCPS,IMF Primary Commodity Prices System series,https://fred.stlouisfed.org/categories/32217,https://data.imf.org/en/datasets/IMF.STA:PCPS,2026-09-01T00:29:21.298967Z,none
2000-08-01,coffee_arabica_price,agriculture,,,Global price of other mild Arabica coffee,79.30391304,USD_cents_per_pound,monthly,FRED_IMF_PCPS,IMF Primary Commodity Prices System series,https://fred.stlouisfed.org/categories/32217,https://data.imf.org/en/datasets/IMF.STA:PCPS,2026-09-01T00:29:21.298967Z,none
2000-09-01,coffee_arabica_price,agriculture,,,Global price of other mild Arabica coffee,75.8352381,USD_cents_per_pound,monthly,FRED_IMF_PCPS,IMF Primary Commodity Prices System series,https://fred.stlouisfed.org/categories/32217,https://data.imf.org/en/datasets/IMF.STA:PCPS,2026-09-01T00:29:21.298967Z,none
2000-10-01,coffee_arabica_price,agriculture,,,Global price of other mild Arabica coffee,76.76454545,USD_cents_per_pound,monthly,FRED_IMF_PCPS,IMF Primary Commodity Prices System series,https://fred.stlouisfed.org/categories/32217,https://data.imf.org/en/datasets/IMF.STA:PCPS,2026-09-01T00:29:21.298967Z,none
2000-11-01,coffee_arabica_price,agriculture,,,Global price of other mild Arabica coffee,71.39045455,USD_cents_per_pound,monthly,FRED_IMF_PCPS,IMF Primary Commodity Prices System series,https://fred.stlouisfed.org/categories/32217,https://data.imf.org/en/datasets/IMF.STA:PCPS,2026-09-01T00:29:21.298967Z,none
2000-12-01,coffee_arabica_price,agriculture,,,Global price of other mild Arabica coffee,65.90333333,USD_cents_per_pound,monthly,FRED_IMF_PCPS,IMF Primary Commodity Prices System series,https://fred.stlouisfed.org/categories/32217,https://data.imf.org/en/datasets/IMF.STA:PCPS,2026-09-01T00:29:21.298967Z,none
2001-01-01,coffee_arabica_price,agriculture,,,Global price of other mild Arabica coffee,65.6526087,USD_cents_per_pound,monthly,FRED_IMF_PCPS,IMF Primary Commodity Prices System series,https://fred.stlouisfed.org/categories/32217,https://data.imf.org/en/datasets/IMF.STA:PCPS,2026-09-01T00:29:21.298967Z,none
2001-02-01,coffee_arabica_price,agriculture,,,Global price of other mild Arabica coffee,67.2755,USD_cents_per_pound,monthly,FRED_IMF_PCPS,IMF Primary Commodity Prices System series,https://fred.stlouisfed.org/categories/32217,https://data.imf.org/en/datasets/IMF.STA:PCPS,2026-09-01T00:29:21.298967Z,none
2001-03-01,coffee_arabica_price,agriculture,,,Global price of other mild Arabica coffee,66.66590909,USD_cents_per_pound,monthly,FRED_IMF_PCPS,IMF Primary Commodity Prices System series,https://fred.stlouisfed.org/categories/32217,https://data.imf.org/en/datasets/IMF.STA:PCPS,2026-09-01T00:29:21.298967Z,none
2001-04-01,coffee_arabica_price,agriculture,,,Global price of other mild Arabica coffee,65.99761905,USD_cents_per_pound,monthly,FRED_IMF_PCPS,IMF Primary Commodity Prices System series,https://fred.stlouisfed.org/categories/32217,https://data.imf.org/en/datasets/IMF.STA:PCPS,2026-09-01T00:29:21.298967Z,none
2001-05-01,coffee_arabica_price,agriculture,,,Global price of other mild Arabica coffee,69.63130435,USD_cents_per_pound,monthly,FRED_IMF_PCPS,IMF Primary Commodity Prices System series,https://fred.stlouisfed.org/categories/32217,https://data.imf.org/en/datasets/IMF.STA:PCPS,2026-09-01T00:29:21.298967Z,none
2001-06-01,coffee_arabica_price,agriculture,,,Global price of other mild Arabica coffee,63.84619048,USD_cents_per_pound,monthly,FRED_IMF_PCPS,IMF Primary Commodity Prices System series,https://fred.stlouisfed.org/categories/32217,https://data.imf.org/en/datasets/IMF.STA:PCPS,2026-09-01T00:29:21.298967Z,none
2001-07-01,coffee_arabica_price,agriculture,,,Global price of other mild Arabica coffee,58.94136364,USD_cents_per_pound,monthly,FRED_IMF_PCPS,IMF Primary Commodity Prices System series,https://fred.stlouisfed.org/categories/32217,https://data.imf.org/en/datasets/IMF.STA:PCPS,2026-09-01T00:29:21.298967Z,none
2001-08-01,coffee_arabica_price,agriculture,,,Global price of other mild Arabica coffee,59.33130435,USD_cents_per_pound,monthly,FRED_IMF_PCPS,IMF Primary Commodity Prices System series,https://fred.stlouisfed.org/categories/32217,https://data.imf.org/en/datasets/IMF.STA:PCPS,2026-09-01T00:29:21.298967Z,none
2001-09-01,coffee_arabica_price,agriculture,,,Global price of other mild Arabica coffee,58.267,USD_cents_per_pound,monthly,FRED_IMF_PCPS,IMF Primary Commodity Prices System series,https://fred.stlouisfed.org/categories/32217,https://data.imf.org/en/datasets/IMF.STA:PCPS,2026-09-01T00:29:21.298967Z,none
2001-10-01,coffee_arabica_price,agriculture,,,Global price of other mild Arabica coffee,56.36782609,USD_cents_per_pound,monthly,FRED_IMF_PCPS,IMF Primary Commodity Prices System series,https://fred.stlouisfed.org/categories/32217,https://data.imf.org/en/datasets/IMF.STA:PCPS,2026-09-01T00:29:21.298967Z,none
2001-11-01,coffee_arabica_price,agriculture,,,Global price of other mild Arabica coffee,58.84772727,USD_cents_per_pound,monthly,FRED_IMF_PCPS,IMF Primary Commodity Prices System series,https://fred.stlouisfed.org/categories/32217,https://data.imf.org/en/datasets/IMF.STA:PCPS,2026-09-01T00:29:21.298967Z,none
2001-12-01,coffee_arabica_price,agriculture,,,Global price of other mild Arabica coffee,56.5852381,USD_cents_per_pound,monthly,FRED_IMF_PCPS,IMF Primary Commodity Prices System series,https://fred.stlouisfed.org/categories/32217,https://data.imf.org/en/datasets/IMF.STA:PCPS,2026-09-01T00:29:21.298967Z,none
2002-01-01,coffee_arabica_price,agriculture,,,Global price of other mild Arabica coffee,58.24304348,USD_cents_per_pound,monthly,FRED_IMF_PCPS,IMF Primary Commodity Prices System series,https://fred.stlouisfed.org/categories/32217,https://data.imf.org/en/datasets/IMF.STA:PCPS,2026-09-01T00:29:21.298967Z,none
2002-02-01,coffee_arabica_price,agriculture,,,Global price of other mild Arabica coffee,59.116,USD_cents_per_pound,monthly,FRED_IMF_PCPS,IMF Primary Commodity Prices System series,https://fred.stlouisfed.org/categories/32217,https://data.imf.org/en/datasets/IMF.STA:PCPS,2026-09-01T00:29:21.298967Z,none
2002-03-01,coffee_arabica_price,agriculture,,,Global price of other mild Arabica coffee,64.07047619,USD_cents_per_pound,monthly,FRED_IMF_PCPS,IMF Primary Commodity Prices System series,https://fred.stlouisfed.org/categories/32217,https://data.imf.org/en/datasets/IMF.STA:PCPS,2026-09-01T00:29:21.298967Z,none
2002-04-01,coffee_arabica_price,agriculture,,,Global price of other mild Arabica coffee,65.33681818,USD_cents_per_pound,monthly,FRED_IMF_PCPS,IMF Primary Commodity Prices System series,https://fred.stlouisfed.org/categories/32217,https://data.imf.org/en/datasets/IMF.STA:PCPS,2026-09-01T00:29:21.298967Z,none
2002-05-01,coffee_arabica_price,agriculture,,,Global price of other mild Arabica coffee,61.46043478,USD_cents_per_pound,monthly,FRED_IMF_PCPS,IMF Primary Commodity Prices System series,https://fred.stlouisfed.org/categories/32217,https://data.imf.org/en/datasets/IMF.STA:PCPS,2026-09-01T00:29:21.298967Z,none
2002-06-01,coffee_arabica_price,agriculture,,,Global price of other mild Arabica coffee,58.5555,USD_cents_per_pound,monthly,FRED_IMF_PCPS,IMF Primary Commodity Prices System series,https://fred.stlouisfed.org/categories/32217,https://data.imf.org/en/datasets/IMF.STA:PCPS,2026-09-01T00:29:21.298967Z,none
2002-07-01,coffee_arabica_price,agriculture,,,Global price of other mild Arabica coffee,56.4773913,USD_cents_per_pound,monthly,FRED_IMF_PCPS,IMF Primary Commodity Prices System series,https://fred.stlouisfed.org/categories/32217,https://data.imf.org/en/datasets/IMF.STA:PCPS,2026-09-01T00:29:21.298967Z,none
2002-08-01,coffee_arabica_price,agriculture,,,Global price of other mild Arabica coffee,54.36409091,USD_cents_per_pound,monthly,FRED_IMF_PCPS,IMF Primary Commodity Prices System series,https://fred.stlouisfed.org/categories/32217,https://data.imf.org/en/datasets/IMF.STA:PCPS,2026-09-01T00:29:21.298967Z,none
2002-09-01,coffee_arabica_price,agriculture,,,Global price of other mild Arabica coffee,60.66619048,USD_cents_per_pound,monthly,FRED_IMF_PCPS,IMF Primary Commodity Prices System series,https://fred.stlouisfed.org/categories/32217,https://data.imf.org/en/datasets/IMF.STA:PCPS,2026-09-01T00:29:21.298967Z,none
2002-10-01,coffee_arabica_price,agriculture,,,Global price of other mild Arabica coffee,65.73086957,USD_cents_per_pound,monthly,FRED_IMF_PCPS,IMF Primary Commodity Prices System series,https://fred.stlouisfed.org/categories/32217,https://data.imf.org/en/datasets/IMF.STA:PCPS,2026-09-01T00:29:21.298967Z,none
2002-11-01,coffee_arabica_price,agriculture,,,Global price of other mild Arabica coffee,69.86809524,USD_cents_per_pound,monthly,FRED_IMF_PCPS,IMF Primary Commodity Prices System series,https://fred.stlouisfed.org/categories/32217,https://data.imf.org/en/datasets/IMF.STA:PCPS,2026-09-01T00:29:21.298967Z,none
2002-12-01,coffee_arabica_price,agriculture,,,Global price of other mild Arabica coffee,63.65590909,USD_cents_per_pound,monthly,FRED_IMF_PCPS,IMF Primary Commodity Prices System series,https://fred.stlouisfed.org/categories/32217,https://data.imf.org/en/datasets/IMF.STA:PCPS,2026-09-01T00:29:21.298967Z,none
2003-01-01,coffee_arabica_price,agriculture,,,Global price of other mild Arabica coffee,65.38347826,USD_cents_per_pound,monthly,FRED_IMF_PCPS,IMF Primary Commodity Prices System series,https://fred.stlouisfed.org/categories/32217,https://data.imf.org/en/datasets/IMF.STA:PCPS,2026-09-01T00:29:21.298967Z,none
2003-02-01,coffee_arabica_price,agriculture,,,Global price of other mild Arabica coffee,66.4085,USD_cents_per_pound,monthly,FRED_IMF_PCPS,IMF Primary Commodity Prices System series,https://fred.stlouisfed.org/categories/32217,https://data.imf.org/en/datasets/IMF.STA:PCPS,2026-09-01T00:29:21.298967Z,none
2003-03-01,coffee_arabica_price,agriculture,,,Global price of other mild Arabica coffee,61.74809524,USD_cents_per_pound,monthly,FRED_IMF_PCPS,IMF Primary Commodity Prices System series,https://fred.stlouisfed.org/categories/32217,https://data.imf.org/en/datasets/IMF.STA:PCPS,2026-09-01T00:29:21.298967Z,none
2003-04-01,coffee_arabica_price,agriculture,,,Global price of other mild Arabica coffee,64.69227273,USD_cents_per_pound,monthly,FRED_IMF_PCPS,IMF Primary Commodity Prices System series,https://fred.stlouisfed.org/categories/32217,https://data.imf.org/en/datasets/IMF.STA:PCPS,2026-09-01T00:29:21.298967Z,none
2003-05-01,coffee_arabica_price,agriculture,,,Global price of other mild Arabica coffee,66.09681818,USD_cents_per_pound,monthly,FRED_IMF_PCPS,IMF Primary Commodity Prices System series,https://fred.stlouisfed.org/categories/32217,https://data.imf.org/en/datasets/IMF.STA:PCPS,2026-09-01T00:29:21.298967Z,none
2003-06-01,coffee_arabica_price,agriculture,,,Global price of other mild Arabica coffee,61.04666667,USD_cents_per_pound,monthly,FRED_IMF_PCPS,IMF Primary Commodity Prices System series,https://fred.stlouisfed.org/categories/32217,https://data.imf.org/en/datasets/IMF.STA:PCPS,2026-09-01T00:29:21.298967Z,none
2003-07-01,coffee_arabica_price,agriculture,,,Global price of other mild Arabica coffee,62.95130435,USD_cents_per_pound,monthly,FRED_IMF_PCPS,IMF Primary Commodity Prices System series,https://fred.stlouisfed.org/categories/32217,https://data.imf.org/en/datasets/IMF.STA:PCPS,2026-09-01T00:29:21.298967Z,none
2003-08-01,coffee_arabica_price,agriculture,,,Global price of other mild Arabica coffee,63.89142857,USD_cents_per_pound,monthly,FRED_IMF_PCPS,IMF Primary Commodity Prices System series,https://fred.stlouisfed.org/categories/32217,https://data.imf.org/en/datasets/IMF.STA:PCPS,2026-09-01T00:29:21.298967Z,none
2003-09-01,coffee_arabica_price,agriculture,,,Global price of other mild Arabica coffee,66.41045455,USD_cents_per_pound,monthly,FRED_IMF_PCPS,IMF Primary Commodity Prices System series,https://fred.stlouisfed.org/categories/32217,https://data.imf.org/en/datasets/IMF.STA:PCPS,2026-09-01T00:29:21.298967Z,none
2003-10-01,coffee_arabica_price,agriculture,,,Global price of other mild Arabica coffee,64.28347826,USD_cents_per_pound,monthly,FRED_IMF_PCPS,IMF Primary Commodity Prices System series,https://fred.stlouisfed.org/categories/32217,https://data.imf.org/en/datasets/IMF.STA:PCPS,2026-09-01T00:29:21.298967Z,none
2003-11-01,coffee_arabica_price,agriculture,,,Global price of other mild Arabica coffee,62.2775,USD_cents_per_pound,monthly,FRED_IMF_PCPS,IMF Primary Commodity Prices System series,https://fred.stlouisfed.org/categories/32217,https://data.imf.org/en/datasets/IMF.STA:PCPS,2026-09-01T00:29:21.298967Z,none
2003-12-01,coffee_arabica_price,agriculture,,,Global price of other mild Arabica coffee,64.88434783,USD_cents_per_pound,monthly,FRED_IMF_PCPS,IMF Primary Commodity Prices System series,https://fred.stlouisfed.org/categories/32217,https://data.imf.org/en/datasets/IMF.STA:PCPS,2026-09-01T00:29:21.298967Z,none
2004-01-01,coffee_arabica_price,agriculture,,,Global price of other mild Arabica coffee,72.02863636,USD_cents_per_pound,monthly,FRED_IMF_PCPS,IMF Primary Commodity Prices System series,https://fred.stlouisfed.org/categories/32217,https://data.imf.org/en/datasets/IMF.STA:PCPS,2026-09-01T00:29:21.298967Z,none
2004-02-01,coffee_arabica_price,agriculture,,,Global price of other mild Arabica coffee,76.2255,USD_cents_per_pound,monthly,FRED_IMF_PCPS,IMF Primary Commodity Prices System series,https://fred.stlouisfed.org/categories/32217,https://data.imf.org/en/datasets/IMF.STA:PCPS,2026-09-01T00:29:21.298967Z,none
2004-03-01,coffee_arabica_price,agriculture,,,Global price of other mild Arabica coffee,78.05913043,USD_cents_per_pound,monthly,FRED_IMF_PCPS,IMF Primary Commodity Prices System series,https://fred.stlouisfed.org/categories/32217,https://data.imf.org/en/datasets/IMF.STA:PCPS,2026-09-01T00:29:21.298967Z,none
2004-04-01,coffee_arabica_price,agriculture,,,Global price of other mild Arabica coffee,75.53772727,USD_cents_per_pound,monthly,FRED_IMF_PCPS,IMF Primary Commodity Prices System series,https://fred.stlouisfed.org/categories/32217,https://data.imf.org/en/datasets/IMF.STA:PCPS,2026-09-01T00:29:21.298967Z,none
2004-05-01,coffee_arabica_price,agriculture,,,Global price of other mild Arabica coffee,77.44,USD_cents_per_pound,monthly,FRED_IMF_PCPS,IMF Primary Commodity Prices System series,https://fred.stlouisfed.org/categories/32217,https://data.imf.org/en/datasets/IMF.STA:PCPS,2026-09-01T00:29:21.298967Z,none
2004-06-01,coffee_arabica_price,agriculture,,,Global price of other mild Arabica coffee,82.21454545,USD_cents_per_pound,monthly,FRED_IMF_PCPS,IMF Primary Commodity Prices System series,https://fred.stlouisfed.org/categories/32217,https://data.imf.org/en/datasets/IMF.STA:PCPS,2026-09-01T00:29:21.298967Z,none
2004-07-01,coffee_arabica_price,agriculture,,,Global price of other mild Arabica coffee,74.96772727,USD_cents_per_pound,monthly,FRED_IMF_PCPS,IMF Primary Commodity Prices System series,https://fred.stlouisfed.org/categories/32217,https://data.imf.org/en/datasets/IMF.STA:PCPS,2026-09-01T00:29:21.298967Z,none
2004-08-01,coffee_arabica_price,agriculture,,,Global price of other mild Arabica coffee,73.60818182,USD_cents_per_pound,monthly,FRED_IMF_PCPS,IMF Primary Commodity Prices System series,https://fred.stlouisfed.org/categories/32217,https://data.imf.org/en/datasets/IMF.STA:PCPS,2026-09-01T00:29:21.298967Z,none
2004-09-01,coffee_arabica_price,agriculture,,,Global price of other mild Arabica coffee,80.46590909,USD_cents_per_pound,monthly,FRED_IMF_PCPS,IMF Primary Commodity Prices System series,https://fred.stlouisfed.org/categories/32217,https://data.imf.org/en/datasets/IMF.STA:PCPS,2026-09-01T00:29:21.298967Z,none
2004-10-01,coffee_arabica_price,agriculture,,,Global price of other mild Arabica coffee,80.55095238,USD_cents_per_pound,monthly,FRED_IMF_PCPS,IMF Primary Commodity Prices System series,https://fred.stlouisfed.org/categories/32217,https://data.imf.org/en/datasets/IMF.STA:PCPS,2026-09-01T00:29:21.298967Z,none
2004-11-01,coffee_arabica_price,agriculture,,,Global price of other mild Arabica coffee,90.26772727,USD_cents_per_pound,monthly,FRED_IMF_PCPS,IMF Primary Commodity Prices System series,https://fred.stlouisfed.org/categories/32217,https://data.imf.org/en/datasets/IMF.STA:PCPS,2026-09-01T00:29:21.298967Z,none
2004-12-01,coffee_arabica_price,agriculture,,,Global price of other mild Arabica coffee,104.38826087,USD_cents_per_pound,monthly,FRED_IMF_PCPS,IMF Primary Commodity Prices System series,https://fred.stlouisfed.org/categories/32217,https://data.imf.org/en/datasets/IMF.STA:PCPS,2026-09-01T00:29:21.298967Z,none
2005-01-01,coffee_arabica_price,agriculture,,,Global price of other mild Arabica coffee,107.16428571,USD_cents_per_pound,monthly,FRED_IMF_PCPS,IMF Primary Commodity Prices System series,https://fred.stlouisfed.org/categories/32217,https://data.imf.org/en/datasets/IMF.STA:PCPS,2026-09-01T00:29:21.298967Z,none
2005-02-01,coffee_arabica_price,agriculture,,,Global price of other mild Arabica coffee,120.8325,USD_cents_per_pound,monthly,FRED_IMF_PCPS,IMF Primary Commodity Prices System series,https://fred.stlouisfed.org/categories/32217,https://data.imf.org/en/datasets/IMF.STA:PCPS,2026-09-01T00:29:21.298967Z,none
2005-03-01,coffee_arabica_price,agriculture,,,Global price of other mild Arabica coffee,134.77782609,USD_cents_per_pound,monthly,FRED_IMF_PCPS,IMF Primary Commodity Prices System series,https://fred.stlouisfed.org/categories/32217,https://data.imf.org/en/datasets/IMF.STA:PCPS,2026-09-01T00:29:21.298967Z,none
2005-04-01,coffee_arabica_price,agriculture,,,Global price of other mild Arabica coffee,129.52952381,USD_cents_per_pound,monthly,FRED_IMF_PCPS,IMF Primary Commodity Prices System series,https://fred.stlouisfed.org/categories/32217,https://data.imf.org/en/datasets/IMF.STA:PCPS,2026-09-01T00:29:21.298967Z,none
2005-05-01,coffee_arabica_price,agriculture,,,Global price of other mild Arabica coffee,128.39772727,USD_cents_per_pound,monthly,FRED_IMF_PCPS,IMF Primary Commodity Prices System series,https://fred.stlouisfed.org/categories/32217,https://data.imf.org/en/datasets/IMF.STA:PCPS,2026-09-01T00:29:21.298967Z,none
2005-06-01,coffee_arabica_price,agriculture,,,Global price of other mild Arabica coffee,121.15590909,USD_cents_per_pound,monthly,FRED_IMF_PCPS,IMF Primary Commodity Prices System series,https://fred.stlouisfed.org/categories/32217,https://data.imf.org/en/datasets/IMF.STA:PCPS,2026-09-01T00:29:21.298967Z,none
2005-07-01,coffee_arabica_price,agriculture,,,Global price of other mild Arabica coffee,109.92857143,USD_cents_per_pound,monthly,FRED_IMF_PCPS,IMF Primary Commodity Prices System series,https://fred.stlouisfed.org/categories/32217,https://data.imf.org/en/datasets/IMF.STA:PCPS,2026-09-01T00:29:21.298967Z,none
2005-08-01,coffee_arabica_price,agriculture,,,Global price of other mild Arabica coffee,108.20391304,USD_cents_per_pound,monthly,FRED_IMF_PCPS,IMF Primary Commodity Prices System series,https://fred.stlouisfed.org/categories/32217,https://data.imf.org/en/datasets/IMF.STA:PCPS,2026-09-01T00:29:21.298967Z,none
2005-09-01,coffee_arabica_price,agriculture,,,Global price of other mild Arabica coffee,99.49090909,USD_cents_per_pound,monthly,FRED_IMF_PCPS,IMF Primary Commodity Prices System series,https://fred.stlouisfed.org/categories/32217,https://data.imf.org/en/datasets/IMF.STA:PCPS,2026-09-01T00:29:21.298967Z,none
2005-10-01,coffee_arabica_price,agriculture,,,Global price of other mild Arabica coffee,105.09904762,USD_cents_per_pound,monthly,FRED_IMF_PCPS,IMF Primary Commodity Prices System series,https://fred.stlouisfed.org/categories/32217,https://data.imf.org/en/datasets/IMF.STA:PCPS,2026-09-01T00:29:21.298967Z,none
2005-11-01,coffee_arabica_price,agriculture,,,Global price of other mild Arabica coffee,107.74227273,USD_cents_per_pound,monthly,FRED_IMF_PCPS,IMF Primary Commodity Prices System series,https://fred.stlouisfed.org/categories/32217,https://data.imf.org/en/datasets/IMF.STA:PCPS,2026-09-01T00:29:21.298967Z,none
2005-12-01,coffee_arabica_price,agriculture,,,Global price of other mild Arabica coffee,105.92454545,USD_cents_per_pound,monthly,FRED_IMF_PCPS,IMF Primary Commodity Prices System series,https://fred.stlouisfed.org/categories/32217,https://data.imf.org/en/datasets/IMF.STA:PCPS,2026-09-01T00:29:21.298967Z,none
2006-01-01,coffee_arabica_price,agriculture,,,Global price of other mild Arabica coffee,124.19863636,USD_cents_per_pound,monthly,FRED_IMF_PCPS,IMF Primary Commodity Prices System series,https://fred.stlouisfed.org/categories/32217,https://data.imf.org/en/datasets/IMF.STA:PCPS,2026-09-01T00:29:21.298967Z,none
2006-02-01,coffee_arabica_price,agriculture,,,Global price of other mild Arabica coffee,119.1215,USD_cents_per_pound,monthly,FRED_IMF_PCPS,IMF Primary Commodity Prices System series,https://fred.stlouisfed.org/categories/32217,https://data.imf.org/en/datasets/IMF.STA:PCPS,2026-09-01T00:29:21.298967Z,none
2006-03-01,coffee_arabica_price,agriculture,,,Global price of other mild Arabica coffee,113.66043478,USD_cents_per_pound,monthly,FRED_IMF_PCPS,IMF Primary Commodity Prices System series,https://fred.stlouisfed.org/categories/32217,https://data.imf.org/en/datasets/IMF.STA:PCPS,2026-09-01T00:29:21.298967Z,none
2006-04-01,coffee_arabica_price,agriculture,,,Global price of other mild Arabica coffee,115.3375,USD_cents_per_pound,monthly,FRED_IMF_PCPS,IMF Primary Commodity Prices System series,https://fred.stlouisfed.org/categories/32217,https://data.imf.org/en/datasets/IMF.STA:PCPS,2026-09-01T00:29:21.298967Z,none
2006-05-01,coffee_arabica_price,agriculture,,,Global price of other mild Arabica coffee,109.62956522,USD_cents_per_pound,monthly,FRED_IMF_PCPS,IMF Primary Commodity Prices System series,https://fred.stlouisfed.org/categories/32217,https://data.imf.org/en/datasets/IMF.STA:PCPS,2026-09-01T00:29:21.298967Z,none
2006-06-01,coffee_arabica_price,agriculture,,,Global price of other mild Arabica coffee,103.14954545,USD_cents_per_pound,monthly,FRED_IMF_PCPS,IMF Primary Commodity Prices System series,https://fred.stlouisfed.org/categories/32217,https://data.imf.org/en/datasets/IMF.STA:PCPS,2026-09-01T00:29:21.298967Z,none
2006-07-01,coffee_arabica_price,agriculture,,,Global price of other mild Arabica coffee,104.99761905,USD_cents_per_pound,monthly,FRED_IMF_PCPS,IMF Primary Commodity Prices System series,https://fred.stlouisfed.org/categories/32217,https://data.imf.org/en/datasets/IMF.STA:PCPS,2026-09-01T00:29:21.298967Z,none
2006-08-01,coffee_arabica_price,agriculture,,,Global price of other mild Arabica coffee,111.73,USD_cents_per_pound,monthly,FRED_IMF_PCPS,IMF Primary Commodity Prices System series,https://fred.stlouisfed.org/categories/32217,https://data.imf.org/en/datasets/IMF.STA:PCPS,2026-09-01T00:29:21.298967Z,none
2006-09-01,coffee_arabica_price,agriculture,,,Global price of other mild Arabica coffee,109.82666667,USD_cents_per_pound,monthly,FRED_IMF_PCPS,IMF Primary Commodity Prices System series,https://fred.stlouisfed.org/categories/32217,https://data.imf.org/en/datasets/IMF.STA:PCPS,2026-09-01T00:29:21.298967Z,none
2006-10-01,coffee_arabica_price,agriculture,,,Global price of other mild Arabica coffee,110.63318182,USD_cents_per_pound,monthly,FRED_IMF_PCPS,IMF Primary Commodity Prices System series,https://fred.stlouisfed.org/categories/32217,https://data.imf.org/en/datasets/IMF.STA:PCPS,2026-09-01T00:29:21.298967Z,none
2006-11-01,coffee_arabica_price,agriculture,,,Global price of other mild Arabica coffee,122.26545455,USD_cents_per_pound,monthly,FRED_IMF_PCPS,IMF Primary Commodity Prices System series,https://fred.stlouisfed.org/categories/32217,https://data.imf.org/en/datasets/IMF.STA:PCPS,2026-09-01T00:29:21.298967Z,none
2006-12-01,coffee_arabica_price,agriculture,,,Global price of other mild Arabica coffee,128.35619048,USD_cents_per_pound,monthly,FRED_IMF_PCPS,IMF Primary Commodity Prices System series,https://fred.stlouisfed.org/categories/32217,https://data.imf.org/en/datasets/IMF.STA:PCPS,2026-09-01T00:29:21.298967Z,none
2007-01-01,coffee_arabica_price,agriculture,,,Global price of other mild Arabica coffee,124.69434783,USD_cents_per_pound,monthly,FRED_IMF_PCPS,IMF Primary Commodity Prices System series,https://fred.stlouisfed.org/categories/32217,https://data.imf.org/en/datasets/IMF.STA:PCPS,2026-09-01T00:29:21.298967Z,none
2007-02-01,coffee_arabica_price,agriculture,,,Global price of other mild Arabica coffee,122.032,USD_cents_per_pound,monthly,FRED_IMF_PCPS,IMF Primary Commodity Prices System series,https://fred.stlouisfed.org/categories/32217,https://data.imf.org/en/datasets/IMF.STA:PCPS,2026-09-01T00:29:21.298967Z,none
2007-03-01,coffee_arabica_price,agriculture,,,Global price of other mild Arabica coffee,117.08363636,USD_cents_per_pound,monthly,FRED_IMF_PCPS,IMF Primary Commodity Prices System series,https://fred.stlouisfed.org/categories/32217,https://data.imf.org/en/datasets/IMF.STA:PCPS,2026-09-01T00:29:21.298967Z,none
2007-04-01,coffee_arabica_price,agriculture,,,Global price of other mild Arabica coffee,114.6947619,USD_cents_per_pound,monthly,FRED_IMF_PCPS,IMF Primary Commodity Prices System series,https://fred.stlouisfed.org/categories/32217,https://data.imf.org/en/datasets/IMF.STA:PCPS,2026-09-01T00:29:21.298967Z,none
2007-05-01,coffee_arabica_price,agriculture,,,Global price of other mild Arabica coffee,113.32695652,USD_cents_per_pound,monthly,FRED_IMF_PCPS,IMF Primary Commodity Prices System series,https://fred.stlouisfed.org/categories/32217,https://data.imf.org/en/datasets/IMF.STA:PCPS,2026-09-01T00:29:21.298967Z,none
2007-06-01,coffee_arabica_price,agriculture,,,Global price of other mild Arabica coffee,119.32809524,USD_cents_per_pound,monthly,FRED_IMF_PCPS,IMF Primary Commodity Prices System series,https://fred.stlouisfed.org/categories/32217,https://data.imf.org/en/datasets/IMF.STA:PCPS,2026-09-01T00:29:21.298967Z,none
2007-07-01,coffee_arabica_price,agriculture,,,Global price of other mild Arabica coffee,117.63318182,USD_cents_per_pound,monthly,FRED_IMF_PCPS,IMF Primary Commodity Prices System series,https://fred.stlouisfed.org/categories/32217,https://data.imf.org/en/datasets/IMF.STA:PCPS,2026-09-01T00:29:21.298967Z,none
2007-08-01,coffee_arabica_price,agriculture,,,Global price of other mild Arabica coffee,123.15086957,USD_cents_per_pound,monthly,FRED_IMF_PCPS,IMF Primary Commodity Prices System series,https://fred.stlouisfed.org/categories/32217,https://data.imf.org/en/datasets/IMF.STA:PCPS,2026-09-01T00:29:21.298967Z,none
2007-09-01,coffee_arabica_price,agriculture,,,Global price of other mild Arabica coffee,128.0435,USD_cents_per_pound,monthly,FRED_IMF_PCPS,IMF Primary Commodity Prices System series,https://fred.stlouisfed.org/categories/32217,https://data.imf.org/en/datasets/IMF.STA:PCPS,2026-09-01T00:29:21.298967Z,none
2007-10-01,coffee_arabica_price,agriculture,,,Global price of other mild Arabica coffee,134.29086957,USD_cents_per_pound,monthly,FRED_IMF_PCPS,IMF Primary Commodity Prices System series,https://fred.stlouisfed.org/categories/32217,https://data.imf.org/en/datasets/IMF.STA:PCPS,2026-09-01T00:29:21.298967Z,none
2007-11-01,coffee_arabica_price,agriculture,,,Global price of other mild Arabica coffee,131.04545455,USD_cents_per_pound,monthly,FRED_IMF_PCPS,IMF Primary Commodity Prices System series,https://fred.stlouisfed.org/categories/32217,https://data.imf.org/en/datasets/IMF.STA:PCPS,2026-09-01T00:29:21.298967Z,none
2007-12-01,coffee_arabica_price,agriculture,,,Global price of other mild Arabica coffee,138.04285714,USD_cents_per_pound,monthly,FRED_IMF_PCPS,IMF Primary Commodity Prices System series,https://fred.stlouisfed.org/categories/32217,https://data.imf.org/en/datasets/IMF.STA:PCPS,2026-09-01T00:29:21.298967Z,none
2008-01-01,coffee_arabica_price,agriculture,,,Global price of other mild Arabica coffee,139.8226087,USD_cents_per_pound,monthly,FRED_IMF_PCPS,IMF Primary Commodity Prices System series,https://fred.stlouisfed.org/categories/32217,https://data.imf.org/en/datasets/IMF.STA:PCPS,2026-09-01T00:29:21.298967Z,none
2008-02-01,coffee_arabica_price,agriculture,,,Global price of other mild Arabica coffee,157.28952381,USD_cents_per_pound,monthly,FRED_IMF_PCPS,IMF Primary Commodity Prices System series,https://fred.stlouisfed.org/categories/32217,https://data.imf.org/en/datasets/IMF.STA:PCPS,2026-09-01T00:29:21.298967Z,none
2008-03-01,coffee_arabica_price,agriculture,,,Global price of other mild Arabica coffee,149.22047619,USD_cents_per_pound,monthly,FRED_IMF_PCPS,IMF Primary Commodity Prices System series,https://fred.stlouisfed.org/categories/32217,https://data.imf.org/en/datasets/IMF.STA:PCPS,2026-09-01T00:29:21.298967Z,none
2008-04-01,coffee_arabica_price,agriculture,,,Global price of other mild Arabica coffee,140.70454545,USD_cents_per_pound,monthly,FRED_IMF_PCPS,IMF Primary Commodity Prices System series,https://fred.stlouisfed.org/categories/32217,https://data.imf.org/en/datasets/IMF.STA:PCPS,2026-09-01T00:29:21.298967Z,none
2008-05-01,coffee_arabica_price,agriculture,,,Global price of other mild Arabica coffee,142.04363636,USD_cents_per_pound,monthly,FRED_IMF_PCPS,IMF Primary Commodity Prices System series,https://fred.stlouisfed.org/categories/32217,https://data.imf.org/en/datasets/IMF.STA:PCPS,2026-09-01T00:29:21.298967Z,none
2008-06-01,coffee_arabica_price,agriculture,,,Global price of other mild Arabica coffee,146.14952381,USD_cents_per_pound,monthly,FRED_IMF_PCPS,IMF Primary Commodity Prices System series,https://fred.stlouisfed.org/categories/32217,https://data.imf.org/en/datasets/IMF.STA:PCPS,2026-09-01T00:29:21.298967Z,none
2008-07-01,coffee_arabica_price,agriculture,,,Global price of other mild Arabica coffee,147.35695652,USD_cents_per_pound,monthly,FRED_IMF_PCPS,IMF Primary Commodity Prices System series,https://fred.stlouisfed.org/categories/32217,https://data.imf.org/en/datasets/IMF.STA:PCPS,2026-09-01T00:29:21.298967Z,none
2008-08-01,coffee_arabica_price,agriculture,,,Global price of other mild Arabica coffee,146.42809524,USD_cents_per_pound,monthly,FRED_IMF_PCPS,IMF Primary Commodity Prices System series,https://fred.stlouisfed.org/categories/32217,https://data.imf.org/en/datasets/IMF.STA:PCPS,2026-09-01T00:29:21.298967Z,none
2008-09-01,coffee_arabica_price,agriculture,,,Global price of other mild Arabica coffee,143.26909091,USD_cents_per_pound,monthly,FRED_IMF_PCPS,IMF Primary Commodity Prices System series,https://fred.stlouisfed.org/categories/32217,https://data.imf.org/en/datasets/IMF.STA:PCPS,2026-09-01T00:29:21.298967Z,none
2008-10-01,coffee_arabica_price,agriculture,,,Global price of other mild Arabica coffee,123.58695652,USD_cents_per_pound,monthly,FRED_IMF_PCPS,IMF Primary Commodity Prices System series,https://fred.stlouisfed.org/categories/32217,https://data.imf.org/en/datasets/IMF.STA:PCPS,2026-09-01T00:29:21.298967Z,none
2008-11-01,coffee_arabica_price,agriculture,,,Global price of other mild Arabica coffee,121.886,USD_cents_per_pound,monthly,FRED_IMF_PCPS,IMF Primary Commodity Prices System series,https://fred.stlouisfed.org/categories/32217,https://data.imf.org/en/datasets/IMF.STA:PCPS,2026-09-01T00:29:21.298967Z,none
2008-12-01,coffee_arabica_price,agriculture,,,Global price of other mild Arabica coffee,118.79217391,USD_cents_per_pound,monthly,FRED_IMF_PCPS,IMF Primary Commodity Prices System series,https://fred.stlouisfed.org/categories/32217,https://data.imf.org/en/datasets/IMF.STA:PCPS,2026-09-01T00:29:21.298967Z,none
2009-01-01,coffee_arabica_price,agriculture,,,Global price of other mild Arabica coffee,127.80727273,USD_cents_per_pound,monthly,FRED_IMF_PCPS,IMF Primary Commodity Prices System series,https://fred.stlouisfed.org/categories/32217,https://data.imf.org/en/datasets/IMF.STA:PCPS,2026-09-01T00:29:21.298967Z,none
2009-02-01,coffee_arabica_price,agriculture,,,Global price of other mild Arabica coffee,129.4815,USD_cents_per_pound,monthly,FRED_IMF_PCPS,IMF Primary Commodity Prices System series,https://fred.stlouisfed.org/categories/32217,https://data.imf.org/en/datasets/IMF.STA:PCPS,2026-09-01T00:29:21.298967Z,none
2009-03-01,coffee_arabica_price,agriculture,,,Global price of other mild Arabica coffee,128.52,USD_cents_per_pound,monthly,FRED_IMF_PCPS,IMF Primary Commodity Prices System series,https://fred.stlouisfed.org/categories/32217,https://data.imf.org/en/datasets/IMF.STA:PCPS,2026-09-01T00:29:21.298967Z,none
2009-04-01,coffee_arabica_price,agriculture,,,Global price of other mild Arabica coffee,135.07818182,USD_cents_per_pound,monthly,FRED_IMF_PCPS,IMF Primary Commodity Prices System series,https://fred.stlouisfed.org/categories/32217,https://data.imf.org/en/datasets/IMF.STA:PCPS,2026-09-01T00:29:21.298967Z,none
2009-05-01,coffee_arabica_price,agriculture,,,Global price of other mild Arabica coffee,150.49238095,USD_cents_per_pound,monthly,FRED_IMF_PCPS,IMF Primary Commodity Prices System series,https://fred.stlouisfed.org/categories/32217,https://data.imf.org/en/datasets/IMF.STA:PCPS,2026-09-01T00:29:21.298967Z,none
2009-06-01,coffee_arabica_price,agriculture,,,Global price of other mild Arabica coffee,149.78136364,USD_cents_per_pound,monthly,FRED_IMF_PCPS,IMF Primary Commodity Prices System series,https://fred.stlouisfed.org/categories/32217,https://data.imf.org/en/datasets/IMF.STA:PCPS,2026-09-01T00:29:21.298967Z,none
2009-07-01,coffee_arabica_price,agriculture,,,Global price of other mild Arabica coffee,140.89782609,USD_cents_per_pound,monthly,FRED_IMF_PCPS,IMF Primary Commodity Prices System series,https://fred.stlouisfed.org/categories/32217,https://data.imf.org/en/datasets/IMF.STA:PCPS,2026-09-01T00:29:21.298967Z,none
2009-08-01,coffee_arabica_price,agriculture,,,Global price of other mild Arabica coffee,149.76190476,USD_cents_per_pound,monthly,FRED_IMF_PCPS,IMF Primary Commodity Prices System series,https://fred.stlouisfed.org/categories/32217,https://data.imf.org/en/datasets/IMF.STA:PCPS,2026-09-01T00:29:21.298967Z,none
2009-09-01,coffee_arabica_price,agriculture,,,Global price of other mild Arabica coffee,148.51,USD_cents_per_pound,monthly,FRED_IMF_PCPS,IMF Primary Commodity Prices System series,https://fred.stlouisfed.org/categories/32217,https://data.imf.org/en/datasets/IMF.STA:PCPS,2026-09-01T00:29:21.298967Z,none
2009-10-01,coffee_arabica_price,agriculture,,,Global price of other mild Arabica coffee,154.57227273,USD_cents_per_pound,monthly,FRED_IMF_PCPS,IMF Primary Commodity Prices System series,https://fred.stlouisfed.org/categories/32217,https://data.imf.org/en/datasets/IMF.STA:PCPS,2026-09-01T00:29:21.298967Z,none
2009-11-01,coffee_arabica_price,agriculture,,,Global price of other mild Arabica coffee,152.21047619,USD_cents_per_pound,monthly,FRED_IMF_PCPS,IMF Primary Commodity Prices System series,https://fred.stlouisfed.org/categories/32217,https://data.imf.org/en/datasets/IMF.STA:PCPS,2026-09-01T00:29:21.298967Z,none
2009-12-01,coffee_arabica_price,agriculture,,,Global price of other mild Arabica coffee,157.94391304,USD_cents_per_pound,monthly,FRED_IMF_PCPS,IMF Primary Commodity Prices System series,https://fred.stlouisfed.org/categories/32217,https://data.imf.org/en/datasets/IMF.STA:PCPS,2026-09-01T00:29:21.298967Z,none
2010-01-01,coffee_arabica_price,agriculture,,,Global price of other mild Arabica coffee,158.65571429,USD_cents_per_pound,monthly,FRED_IMF_PCPS,IMF Primary Commodity Prices System series,https://fred.stlouisfed.org/categories/32217,https://data.imf.org/en/datasets/IMF.STA:PCPS,2026-09-01T00:29:21.298967Z,none
2010-02-01,coffee_arabica_price,agriculture,,,Global price of other mild Arabica coffee,157.8565,USD_cents_per_pound,monthly,FRED_IMF_PCPS,IMF Primary Commodity Prices System series,https://fred.stlouisfed.org/categories/32217,https://data.imf.org/en/datasets/IMF.STA:PCPS,2026-09-01T00:29:21.298967Z,none
2010-03-01,coffee_arabica_price,agriculture,,,Global price of other mild Arabica coffee,164.5026087,USD_cents_per_pound,monthly,FRED_IMF_PCPS,IMF Primary Commodity Prices System series,https://fred.stlouisfed.org/categories/32217,https://data.imf.org/en/datasets/IMF.STA:PCPS,2026-09-01T00:29:21.298967Z,none
2010-04-01,coffee_arabica_price,agriculture,,,Global price of other mild Arabica coffee,169.38954545,USD_cents_per_pound,monthly,FRED_IMF_PCPS,IMF Primary Commodity Prices System series,https://fred.stlouisfed.org/categories/32217,https://data.imf.org/en/datasets/IMF.STA:PCPS,2026-09-01T00:29:21.298967Z,none
2010-05-01,coffee_arabica_price,agriculture,,,Global price of other mild Arabica coffee,173.36904762,USD_cents_per_pound,monthly,FRED_IMF_PCPS,IMF Primary Commodity Prices System series,https://fred.stlouisfed.org/categories/32217,https://data.imf.org/en/datasets/IMF.STA:PCPS,2026-09-01T00:29:21.298967Z,none
2010-06-01,coffee_arabica_price,agriculture,,,Global price of other mild Arabica coffee,190.90318182,USD_cents_per_pound,monthly,FRED_IMF_PCPS,IMF Primary Commodity Prices System series,https://fred.stlouisfed.org/categories/32217,https://data.imf.org/en/datasets/IMF.STA:PCPS,2026-09-01T00:29:21.298967Z,none
2010-07-01,coffee_arabica_price,agriculture,,,Global price of other mild Arabica coffee,203.21363636,USD_cents_per_pound,monthly,FRED_IMF_PCPS,IMF Primary Commodity Prices System series,https://fred.stlouisfed.org/categories/32217,https://data.imf.org/en/datasets/IMF.STA:PCPS,2026-09-01T00:29:21.298967Z,none
2010-08-01,coffee_arabica_price,agriculture,,,Global price of other mild Arabica coffee,211.59,USD_cents_per_pound,monthly,FRED_IMF_PCPS,IMF Primary Commodity Prices System series,https://fred.stlouisfed.org/categories/32217,https://data.imf.org/en/datasets/IMF.STA:PCPS,2026-09-01T00:29:21.298967Z,none
2010-09-01,coffee_arabica_price,agriculture,,,Global price of other mild Arabica coffee,222.71318182,USD_cents_per_pound,monthly,FRED_IMF_PCPS,IMF Primary Commodity Prices System series,https://fred.stlouisfed.org/categories/32217,https://data.imf.org/en/datasets/IMF.STA:PCPS,2026-09-01T00:29:21.298967Z,none
2010-10-01,coffee_arabica_price,agriculture,,,Global price of other mild Arabica coffee,217.43904762,USD_cents_per_pound,monthly,FRED_IMF_PCPS,IMF Primary Commodity Prices System series,https://fred.stlouisfed.org/categories/32217,https://data.imf.org/en/datasets/IMF.STA:PCPS,2026-09-01T00:29:21.298967Z,none
2010-11-01,coffee_arabica_price,agriculture,,,Global price of other mild Arabica coffee,233.51272727,USD_cents_per_pound,monthly,FRED_IMF_PCPS,IMF Primary Commodity Prices System series,https://fred.stlouisfed.org/categories/32217,https://data.imf.org/en/datasets/IMF.STA:PCPS,2026-09-01T00:29:21.298967Z,none
2010-12-01,coffee_arabica_price,agriculture,,,Global price of other mild Arabica coffee,249.44391304,USD_cents_per_pound,monthly,FRED_IMF_PCPS,IMF Primary Commodity Prices System series,https://fred.stlouisfed.org/categories/32217,https://data.imf.org/en/datasets/IMF.STA:PCPS,2026-09-01T00:29:21.298967Z,none
2011-01-01,coffee_arabica_price,agriculture,,,Global price of other mild Arabica coffee,263.76571429,USD_cents_per_pound,monthly,FRED_IMF_PCPS,IMF Primary Commodity Prices System series,https://fred.stlouisfed.org/categories/32217,https://data.imf.org/en/datasets/IMF.STA:PCPS,2026-09-01T00:29:21.298967Z,none
2011-02-01,coffee_arabica_price,agriculture,,,Global price of other mild Arabica coffee,288.3885,USD_cents_per_pound,monthly,FRED_IMF_PCPS,IMF Primary Commodity Prices System series,https://fred.stlouisfed.org/categories/32217,https://data.imf.org/en/datasets/IMF.STA:PCPS,2026-09-01T00:29:21.298967Z,none
2011-03-01,coffee_arabica_price,agriculture,,,Global price of other mild Arabica coffee,292.0673913,USD_cents_per_pound,monthly,FRED_IMF_PCPS,IMF Primary Commodity Prices System series,https://fred.stlouisfed.org/categories/32217,https://data.imf.org/en/datasets/IMF.STA:PCPS,2026-09-01T00:29:21.298967Z,none
2011-04-01,coffee_arabica_price,agriculture,,,Global price of other mild Arabica coffee,300.47714286,USD_cents_per_pound,monthly,FRED_IMF_PCPS,IMF Primary Commodity Prices System series,https://fred.stlouisfed.org/categories/32217,https://data.imf.org/en/datasets/IMF.STA:PCPS,2026-09-01T00:29:21.298967Z,none
2011-05-01,coffee_arabica_price,agriculture,,,Global price of other mild Arabica coffee,291.06590909,USD_cents_per_pound,monthly,FRED_IMF_PCPS,IMF Primary Commodity Prices System series,https://fred.stlouisfed.org/categories/32217,https://data.imf.org/en/datasets/IMF.STA:PCPS,2026-09-01T00:29:21.298967Z,none
2011-06-01,coffee_arabica_price,agriculture,,,Global price of other mild Arabica coffee,274.98090909,USD_cents_per_pound,monthly,FRED_IMF_PCPS,IMF Primary Commodity Prices System series,https://fred.stlouisfed.org/categories/32217,https://data.imf.org/en/datasets/IMF.STA:PCPS,2026-09-01T00:29:21.298967Z,none
2011-07-01,coffee_arabica_price,agriculture,,,Global price of other mild Arabica coffee,268.02142857,USD_cents_per_pound,monthly,FRED_IMF_PCPS,IMF Primary Commodity Prices System series,https://fred.stlouisfed.org/categories/32217,https://data.imf.org/en/datasets/IMF.STA:PCPS,2026-09-01T00:29:21.298967Z,none
2011-08-01,coffee_arabica_price,agriculture,,,Global price of other mild Arabica coffee,270.44043478,USD_cents_per_pound,monthly,FRED_IMF_PCPS,IMF Primary Commodity Prices System series,https://fred.stlouisfed.org/categories/32217,https://data.imf.org/en/datasets/IMF.STA:PCPS,2026-09-01T00:29:21.298967Z,none
2011-09-01,coffee_arabica_price,agriculture,,,Global price of other mild Arabica coffee,274.88045455,USD_cents_per_pound,monthly,FRED_IMF_PCPS,IMF Primary Commodity Prices System series,https://fred.stlouisfed.org/categories/32217,https://data.imf.org/en/datasets/IMF.STA:PCPS,2026-09-01T00:29:21.298967Z,none
2011-10-01,coffee_arabica_price,agriculture,,,Global price of other mild Arabica coffee,247.82380952,USD_cents_per_pound,monthly,FRED_IMF_PCPS,IMF Primary Commodity Prices System series,https://fred.stlouisfed.org/categories/32217,https://data.imf.org/en/datasets/IMF.STA:PCPS,2026-09-01T00:29:21.298967Z,none
2011-11-01,coffee_arabica_price,agriculture,,,Global price of other mild Arabica coffee,245.08727273,USD_cents_per_pound,monthly,FRED_IMF_PCPS,IMF Primary Commodity Prices System series,https://fred.stlouisfed.org/categories/32217,https://data.imf.org/en/datasets/IMF.STA:PCPS,2026-09-01T00:29:21.298967Z,none
2011-12-01,coffee_arabica_price,agriculture,,,Global price of other mild Arabica coffee,236.29772727,USD_cents_per_pound,monthly,FRED_IMF_PCPS,IMF Primary Commodity Prices System series,https://fred.stlouisfed.org/categories/32217,https://data.imf.org/en/datasets/IMF.STA:PCPS,2026-09-01T00:29:21.298967Z,none
2012-01-01,coffee_arabica_price,agriculture,,,Global price of other mild Arabica coffee,237.20681818,USD_cents_per_pound,monthly,FRED_IMF_PCPS,IMF Primary Commodity Prices System series,https://fred.stlouisfed.org/categories/32217,https://data.imf.org/en/datasets/IMF.STA:PCPS,2026-09-01T00:29:21.298967Z,none
2012-02-01,coffee_arabica_price,agriculture,,,Global price of other mild Arabica coffee,224.15761905,USD_cents_per_pound,monthly,FRED_IMF_PCPS,IMF Primary Commodity Prices System series,https://fred.stlouisfed.org/categories/32217,https://data.imf.org/en/datasets/IMF.STA:PCPS,2026-09-01T00:29:21.298967Z,none
2012-03-01,coffee_arabica_price,agriculture,,,Global price of other mild Arabica coffee,201.25590909,USD_cents_per_pound,monthly,FRED_IMF_PCPS,IMF Primary Commodity Prices System series,https://fred.stlouisfed.org/categories/32217,https://data.imf.org/en/datasets/IMF.STA:PCPS,2026-09-01T00:29:21.298967Z,none
2012-04-01,coffee_arabica_price,agriculture,,,Global price of other mild Arabica coffee,191.44857143,USD_cents_per_pound,monthly,FRED_IMF_PCPS,IMF Primary Commodity Prices System series,https://fred.stlouisfed.org/categories/32217,https://data.imf.org/en/datasets/IMF.STA:PCPS,2026-09-01T00:29:21.298967Z,none
2012-05-01,coffee_arabica_price,agriculture,,,Global price of other mild Arabica coffee,184.36478261,USD_cents_per_pound,monthly,FRED_IMF_PCPS,IMF Primary Commodity Prices System series,https://fred.stlouisfed.org/categories/32217,https://data.imf.org/en/datasets/IMF.STA:PCPS,2026-09-01T00:29:21.298967Z,none
2012-06-01,coffee_arabica_price,agriculture,,,Global price of other mild Arabica coffee,168.68666667,USD_cents_per_pound,monthly,FRED_IMF_PCPS,IMF Primary Commodity Prices System series,https://fred.stlouisfed.org/categories/32217,https://data.imf.org/en/datasets/IMF.STA:PCPS,2026-09-01T00:29:21.298967Z,none
2012-07-01,coffee_arabica_price,agriculture,,,Global price of other mild Arabica coffee,190.44590909,USD_cents_per_pound,monthly,FRED_IMF_PCPS,IMF Primary Commodity Prices System series,https://fred.stlouisfed.org/categories/32217,https://data.imf.org/en/datasets/IMF.STA:PCPS,2026-09-01T00:29:21.298967Z,none
2012-08-01,coffee_arabica_price,agriculture,,,Global price of other mild Arabica coffee,174.82434783,USD_cents_per_pound,monthly,FRED_IMF_PCPS,IMF Primary Commodity Prices System series,https://fred.stlouisfed.org/categories/32217,https://data.imf.org/en/datasets/IMF.STA:PCPS,2026-09-01T00:29:21.298967Z,none
2012-09-01,coffee_arabica_price,agriculture,,,Global price of other mild Arabica coffee,178.977,USD_cents_per_pound,monthly,FRED_IMF_PCPS,IMF Primary Commodity Prices System series,https://fred.stlouisfed.org/categories/32217,https://data.imf.org/en/datasets/IMF.STA:PCPS,2026-09-01T00:29:21.298967Z,none
2012-10-01,coffee_arabica_price,agriculture,,,Global price of other mild Arabica coffee,173.3173913,USD_cents_per_pound,monthly,FRED_IMF_PCPS,IMF Primary Commodity Prices System series,https://fred.stlouisfed.org/categories/32217,https://data.imf.org/en/datasets/IMF.STA:PCPS,2026-09-01T00:29:21.298967Z,none
2012-11-01,coffee_arabica_price,agriculture,,,Global price of other mild Arabica coffee,159.90636364,USD_cents_per_pound,monthly,FRED_IMF_PCPS,IMF Primary Commodity Prices System series,https://fred.stlouisfed.org/categories/32217,https://data.imf.org/en/datasets/IMF.STA:PCPS,2026-09-01T00:29:21.298967Z,none
2012-12-01,coffee_arabica_price,agriculture,,,Global price of other mild Arabica coffee,152.70761905,USD_cents_per_pound,monthly,FRED_IMF_PCPS,IMF Primary Commodity Prices System series,https://fred.stlouisfed.org/categories/32217,https://data.imf.org/en/datasets/IMF.STA:PCPS,2026-09-01T00:29:21.298967Z,none
2013-01-01,coffee_arabica_price,agriculture,,,Global price of other mild Arabica coffee,157.0373913,USD_cents_per_pound,monthly,FRED_IMF_PCPS,IMF Primary Commodity Prices System series,https://fred.stlouisfed.org/categories/32217,https://data.imf.org/en/datasets/IMF.STA:PCPS,2026-09-01T00:29:21.298967Z,none
2013-02-01,coffee_arabica_price,agriculture,,,Global price of other mild Arabica coffee,149.459,USD_cents_per_pound,monthly,FRED_IMF_PCPS,IMF Primary Commodity Prices System series,https://fred.stlouisfed.org/categories/32217,https://data.imf.org/en/datasets/IMF.STA:PCPS,2026-09-01T00:29:21.298967Z,none
2013-03-01,coffee_arabica_price,agriculture,,,Global price of other mild Arabica coffee,149.80809524,USD_cents_per_pound,monthly,FRED_IMF_PCPS,IMF Primary Commodity Prices System series,https://fred.stlouisfed.org/categories/32217,https://data.imf.org/en/datasets/IMF.STA:PCPS,2026-09-01T00:29:21.298967Z,none
2013-04-01,coffee_arabica_price,agriculture,,,Global price of other mild Arabica coffee,149.78681818,USD_cents_per_pound,monthly,FRED_IMF_PCPS,IMF Primary Commodity Prices System series,https://fred.stlouisfed.org/categories/32217,https://data.imf.org/en/datasets/IMF.STA:PCPS,2026-09-01T00:29:21.298967Z,none
2013-05-01,coffee_arabica_price,agriculture,,,Global price of other mild Arabica coffee,147.18608696,USD_cents_per_pound,monthly,FRED_IMF_PCPS,IMF Primary Commodity Prices System series,https://fred.stlouisfed.org/categories/32217,https://data.imf.org/en/datasets/IMF.STA:PCPS,2026-09-01T00:29:21.298967Z,none
2013-06-01,coffee_arabica_price,agriculture,,,Global price of other mild Arabica coffee,138.2595,USD_cents_per_pound,monthly,FRED_IMF_PCPS,IMF Primary Commodity Prices System series,https://fred.stlouisfed.org/categories/32217,https://data.imf.org/en/datasets/IMF.STA:PCPS,2026-09-01T00:29:21.298967Z,none
2013-07-01,coffee_arabica_price,agriculture,,,Global price of other mild Arabica coffee,138.3873913,USD_cents_per_pound,monthly,FRED_IMF_PCPS,IMF Primary Commodity Prices System series,https://fred.stlouisfed.org/categories/32217,https://data.imf.org/en/datasets/IMF.STA:PCPS,2026-09-01T00:29:21.298967Z,none
2013-08-01,coffee_arabica_price,agriculture,,,Global price of other mild Arabica coffee,135.15409091,USD_cents_per_pound,monthly,FRED_IMF_PCPS,IMF Primary Commodity Prices System series,https://fred.stlouisfed.org/categories/32217,https://data.imf.org/en/datasets/IMF.STA:PCPS,2026-09-01T00:29:21.298967Z,none
2013-09-01,coffee_arabica_price,agriculture,,,Global price of other mild Arabica coffee,132.28142857,USD_cents_per_pound,monthly,FRED_IMF_PCPS,IMF Primary Commodity Prices System series,https://fred.stlouisfed.org/categories/32217,https://data.imf.org/en/datasets/IMF.STA:PCPS,2026-09-01T00:29:21.298967Z,none
2013-10-01,coffee_arabica_price,agriculture,,,Global price of other mild Arabica coffee,128.69869565,USD_cents_per_pound,monthly,FRED_IMF_PCPS,IMF Primary Commodity Prices System series,https://fred.stlouisfed.org/categories/32217,https://data.imf.org/en/datasets/IMF.STA:PCPS,2026-09-01T00:29:21.298967Z,none
2013-11-01,coffee_arabica_price,agriculture,,,Global price of other mild Arabica coffee,122.01809524,USD_cents_per_pound,monthly,FRED_IMF_PCPS,IMF Primary Commodity Prices System series,https://fred.stlouisfed.org/categories/32217,https://data.imf.org/en/datasets/IMF.STA:PCPS,2026-09-01T00:29:21.298967Z,none
2013-12-01,coffee_arabica_price,agriculture,,,Global price of other mild Arabica coffee,125.73545455,USD_cents_per_pound,monthly,FRED_IMF_PCPS,IMF Primary Commodity Prices System series,https://fred.stlouisfed.org/categories/32217,https://data.imf.org/en/datasets/IMF.STA:PCPS,2026-09-01T00:29:21.298967Z,none
2014-01-01,coffee_arabica_price,agriculture,,,Global price of other mild Arabica coffee,132.51826087,USD_cents_per_pound,monthly,FRED_IMF_PCPS,IMF Primary Commodity Prices System series,https://fred.stlouisfed.org/categories/32217,https://data.imf.org/en/datasets/IMF.STA:PCPS,2026-09-01T00:29:21.298967Z,none
2014-02-01,coffee_arabica_price,agriculture,,,Global price of other mild Arabica coffee,173.6435,USD_cents_per_pound,monthly,FRED_IMF_PCPS,IMF Primary Commodity Prices System series,https://fred.stlouisfed.org/categories/32217,https://data.imf.org/en/datasets/IMF.STA:PCPS,2026-09-01T00:29:21.298967Z,none
2014-03-01,coffee_arabica_price,agriculture,,,Global price of other mild Arabica coffee,214.08666667,USD_cents_per_pound,monthly,FRED_IMF_PCPS,IMF Primary Commodity Prices System series,https://fred.stlouisfed.org/categories/32217,https://data.imf.org/en/datasets/IMF.STA:PCPS,2026-09-01T00:29:21.298967Z,none
2014-04-01,coffee_arabica_price,agriculture,,,Global price of other mild Arabica coffee,223.49409091,USD_cents_per_pound,monthly,FRED_IMF_PCPS,IMF Primary Commodity Prices System series,https://fred.stlouisfed.org/categories/32217,https://data.imf.org/en/datasets/IMF.STA:PCPS,2026-09-01T00:29:21.298967Z,none
2014-05-01,coffee_arabica_price,agriculture,,,Global price of other mild Arabica coffee,214.20272727,USD_cents_per_pound,monthly,FRED_IMF_PCPS,IMF Primary Commodity Prices System series,https://fred.stlouisfed.org/categories/32217,https://data.imf.org/en/datasets/IMF.STA:PCPS,2026-09-01T00:29:21.298967Z,none
2014-06-01,coffee_arabica_price,agriculture,,,Global price of other mild Arabica coffee,197.89095238,USD_cents_per_pound,monthly,FRED_IMF_PCPS,IMF Primary Commodity Prices System series,https://fred.stlouisfed.org/categories/32217,https://data.imf.org/en/datasets/IMF.STA:PCPS,2026-09-01T00:29:21.298967Z,none
2014-07-01,coffee_arabica_price,agriculture,,,Global price of other mild Arabica coffee,196.89521739,USD_cents_per_pound,monthly,FRED_IMF_PCPS,IMF Primary Commodity Prices System series,https://fred.stlouisfed.org/categories/32217,https://data.imf.org/en/datasets/IMF.STA:PCPS,2026-09-01T00:29:21.298967Z,none
2014-08-01,coffee_arabica_price,agriculture,,,Global price of other mild Arabica coffee,212.9652381,USD_cents_per_pound,monthly,FRED_IMF_PCPS,IMF Primary Commodity Prices System series,https://fred.stlouisfed.org/categories/32217,https://data.imf.org/en/datasets/IMF.STA:PCPS,2026-09-01T00:29:21.298967Z,none
2014-09-01,coffee_arabica_price,agriculture,,,Global price of other mild Arabica coffee,210.52636364,USD_cents_per_pound,monthly,FRED_IMF_PCPS,IMF Primary Commodity Prices System series,https://fred.stlouisfed.org/categories/32217,https://data.imf.org/en/datasets/IMF.STA:PCPS,2026-09-01T00:29:21.298967Z,none
2014-10-01,coffee_arabica_price,agriculture,,,Global price of other mild Arabica coffee,225.28565217,USD_cents_per_pound,monthly,FRED_IMF_PCPS,IMF Primary Commodity Prices System series,https://fred.stlouisfed.org/categories/32217,https://data.imf.org/en/datasets/IMF.STA:PCPS,2026-09-01T00:29:21.298967Z,none
2014-11-01,coffee_arabica_price,agriculture,,,Global price of other mild Arabica coffee,209.376,USD_cents_per_pound,monthly,FRED_IMF_PCPS,IMF Primary Commodity Prices System series,https://fred.stlouisfed.org/categories/32217,https://data.imf.org/en/datasets/IMF.STA:PCPS,2026-09-01T00:29:21.298967Z,none
2014-12-01,coffee_arabica_price,agriculture,,,Global price of other mild Arabica coffee,193.38608696,USD_cents_per_pound,monthly,FRED_IMF_PCPS,IMF Primary Commodity Prices System series,https://fred.stlouisfed.org/categories/32217,https://data.imf.org/en/datasets/IMF.STA:PCPS,2026-09-01T00:29:21.298967Z,none
2015-01-01,coffee_arabica_price,agriculture,,,Global price of other mild Arabica coffee,189.62636364,USD_cents_per_pound,monthly,FRED_IMF_PCPS,IMF Primary Commodity Prices System series,https://fred.stlouisfed.org/categories/32217,https://data.imf.org/en/datasets/IMF.STA:PCPS,2026-09-01T00:29:21.298967Z,none
2015-02-01,coffee_arabica_price,agriculture,,,Global price of other mild Arabica coffee,178.8885,USD_cents_per_pound,monthly,FRED_IMF_PCPS,IMF Primary Commodity Prices System series,https://fred.stlouisfed.org/categories/32217,https://data.imf.org/en/datasets/IMF.STA:PCPS,2026-09-01T00:29:21.298967Z,none
2015-03-01,coffee_arabica_price,agriculture,,,Global price of other mild Arabica coffee,160.73590909,USD_cents_per_pound,monthly,FRED_IMF_PCPS,IMF Primary Commodity Prices System series,https://fred.stlouisfed.org/categories/32217,https://data.imf.org/en/datasets/IMF.STA:PCPS,2026-09-01T00:29:21.298967Z,none
2015-04-01,coffee_arabica_price,agriculture,,,Global price of other mild Arabica coffee,163.99772727,USD_cents_per_pound,monthly,FRED_IMF_PCPS,IMF Primary Commodity Prices System series,https://fred.stlouisfed.org/categories/32217,https://data.imf.org/en/datasets/IMF.STA:PCPS,2026-09-01T00:29:21.298967Z,none
2015-05-01,coffee_arabica_price,agriculture,,,Global price of other mild Arabica coffee,158.48285714,USD_cents_per_pound,monthly,FRED_IMF_PCPS,IMF Primary Commodity Prices System series,https://fred.stlouisfed.org/categories/32217,https://data.imf.org/en/datasets/IMF.STA:PCPS,2026-09-01T00:29:21.298967Z,none
2015-06-01,coffee_arabica_price,agriculture,,,Global price of other mild Arabica coffee,159.755,USD_cents_per_pound,monthly,FRED_IMF_PCPS,IMF Primary Commodity Prices System series,https://fred.stlouisfed.org/categories/32217,https://data.imf.org/en/datasets/IMF.STA:PCPS,2026-09-01T00:29:21.298967Z,none
2015-07-01,coffee_arabica_price,agriculture,,,Global price of other mild Arabica coffee,154.44652174,USD_cents_per_pound,monthly,FRED_IMF_PCPS,IMF Primary Commodity Prices System series,https://fred.stlouisfed.org/categories/32217,https://data.imf.org/en/datasets/IMF.STA:PCPS,2026-09-01T00:29:21.298967Z,none
2015-08-01,coffee_arabica_price,agriculture,,,Global price of other mild Arabica coffee,156.92333333,USD_cents_per_pound,monthly,FRED_IMF_PCPS,IMF Primary Commodity Prices System series,https://fred.stlouisfed.org/categories/32217,https://data.imf.org/en/datasets/IMF.STA:PCPS,2026-09-01T00:29:21.298967Z,none
2015-09-01,coffee_arabica_price,agriculture,,,Global price of other mild Arabica coffee,146.14681818,USD_cents_per_pound,monthly,FRED_IMF_PCPS,IMF Primary Commodity Prices System series,https://fred.stlouisfed.org/categories/32217,https://data.imf.org/en/datasets/IMF.STA:PCPS,2026-09-01T00:29:21.298967Z,none
2015-10-01,coffee_arabica_price,agriculture,,,Global price of other mild Arabica coffee,153.25045455,USD_cents_per_pound,monthly,FRED_IMF_PCPS,IMF Primary Commodity Prices System series,https://fred.stlouisfed.org/categories/32217,https://data.imf.org/en/datasets/IMF.STA:PCPS,2026-09-01T00:29:21.298967Z,none
2015-11-01,coffee_arabica_price,agriculture,,,Global price of other mild Arabica coffee,147.97857143,USD_cents_per_pound,monthly,FRED_IMF_PCPS,IMF Primary Commodity Prices System series,https://fred.stlouisfed.org/categories/32217,https://data.imf.org/en/datasets/IMF.STA:PCPS,2026-09-01T00:29:21.298967Z,none
2015-12-01,coffee_arabica_price,agriculture,,,Global price of other mild Arabica coffee,148.61217391,USD_cents_per_pound,monthly,FRED_IMF_PCPS,IMF Primary Commodity Prices System series,https://fred.stlouisfed.org/categories/32217,https://data.imf.org/en/datasets/IMF.STA:PCPS,2026-09-01T00:29:21.298967Z,none
2016-01-01,coffee_arabica_price,agriculture,,,Global price of other mild Arabica coffee,145.4347619,USD_cents_per_pound,monthly,FRED_IMF_PCPS,IMF Primary Commodity Prices System series,https://fred.stlouisfed.org/categories/32217,https://data.imf.org/en/datasets/IMF.STA:PCPS,2026-09-01T00:29:21.298967Z,none
2016-02-01,coffee_arabica_price,agriculture,,,Global price of other mild Arabica coffee,147.69714286,USD_cents_per_pound,monthly,FRED_IMF_PCPS,IMF Primary Commodity Prices System series,https://fred.stlouisfed.org/categories/32217,https://data.imf.org/en/datasets/IMF.STA:PCPS,2026-09-01T00:29:21.298967Z,none
2016-03-01,coffee_arabica_price,agriculture,,,Global price of other mild Arabica coffee,157.63130435,USD_cents_per_pound,monthly,FRED_IMF_PCPS,IMF Primary Commodity Prices System series,https://fred.stlouisfed.org/categories/32217,https://data.imf.org/en/datasets/IMF.STA:PCPS,2026-09-01T00:29:21.298967Z,none
2016-04-01,coffee_arabica_price,agriculture,,,Global price of other mild Arabica coffee,154.21761905,USD_cents_per_pound,monthly,FRED_IMF_PCPS,IMF Primary Commodity Prices System series,https://fred.stlouisfed.org/categories/32217,https://data.imf.org/en/datasets/IMF.STA:PCPS,2026-09-01T00:29:21.298967Z,none
2016-05-01,coffee_arabica_price,agriculture,,,Global price of other mild Arabica coffee,155.19454545,USD_cents_per_pound,monthly,FRED_IMF_PCPS,IMF Primary Commodity Prices System series,https://fred.stlouisfed.org/categories/32217,https://data.imf.org/en/datasets/IMF.STA:PCPS,2026-09-01T00:29:21.298967Z,none
2016-06-01,coffee_arabica_price,agriculture,,,Global price of other mild Arabica coffee,165.45227273,USD_cents_per_pound,monthly,FRED_IMF_PCPS,IMF Primary Commodity Prices System series,https://fred.stlouisfed.org/categories/32217,https://data.imf.org/en/datasets/IMF.STA:PCPS,2026-09-01T00:29:21.298967Z,none
2016-07-01,coffee_arabica_price,agriculture,,,Global price of other mild Arabica coffee,171.76380952,USD_cents_per_pound,monthly,FRED_IMF_PCPS,IMF Primary Commodity Prices System series,https://fred.stlouisfed.org/categories/32217,https://data.imf.org/en/datasets/IMF.STA:PCPS,2026-09-01T00:29:21.298967Z,none
2016-08-01,coffee_arabica_price,agriculture,,,Global price of other mild Arabica coffee,167.54130435,USD_cents_per_pound,monthly,FRED_IMF_PCPS,IMF Primary Commodity Prices System series,https://fred.stlouisfed.org/categories/32217,https://data.imf.org/en/datasets/IMF.STA:PCPS,2026-09-01T00:29:21.298967Z,none
2016-09-01,coffee_arabica_price,agriculture,,,Global price of other mild Arabica coffee,176.29545455,USD_cents_per_pound,monthly,FRED_IMF_PCPS,IMF Primary Commodity Prices System series,https://fred.stlouisfed.org/categories/32217,https://data.imf.org/en/datasets/IMF.STA:PCPS,2026-09-01T00:29:21.298967Z,none
2016-10-01,coffee_arabica_price,agriculture,,,Global price of other mild Arabica coffee,178.9552381,USD_cents_per_pound,monthly,FRED_IMF_PCPS,IMF Primary Commodity Prices System series,https://fred.stlouisfed.org/categories/32217,https://data.imf.org/en/datasets/IMF.STA:PCPS,2026-09-01T00:29:21.298967Z,none
2016-11-01,coffee_arabica_price,agriculture,,,Global price of other mild Arabica coffee,184.11545455,USD_cents_per_pound,monthly,FRED_IMF_PCPS,IMF Primary Commodity Prices System series,https://fred.stlouisfed.org/categories/32217,https://data.imf.org/en/datasets/IMF.STA:PCPS,2026-09-01T00:29:21.298967Z,none
2016-12-01,coffee_arabica_price,agriculture,,,Global price of other mild Arabica coffee,161.78090909,USD_cents_per_pound,monthly,FRED_IMF_PCPS,IMF Primary Commodity Prices System series,https://fred.stlouisfed.org/categories/32217,https://data.imf.org/en/datasets/IMF.STA:PCPS,2026-09-01T00:29:21.298967Z,none
2017-01-01,coffee_arabica_price,agriculture,,,Global price of other mild Arabica coffee,168.61272727,USD_cents_per_pound,monthly,FRED_IMF_PCPS,IMF Primary Commodity Prices System series,https://fred.stlouisfed.org/categories/32217,https://data.imf.org/en/datasets/IMF.STA:PCPS,2026-09-01T00:29:21.298967Z,none
2017-02-01,coffee_arabica_price,agriculture,,,Global price of other mild Arabica coffee,166.351,USD_cents_per_pound,monthly,FRED_IMF_PCPS,IMF Primary Commodity Prices System series,https://fred.stlouisfed.org/categories/32217,https://data.imf.org/en/datasets/IMF.STA:PCPS,2026-09-01T00:29:21.298967Z,none
2017-03-01,coffee_arabica_price,agriculture,,,Global price of other mild Arabica coffee,160.15043478,USD_cents_per_pound,monthly,FRED_IMF_PCPS,IMF Primary Commodity Prices System series,https://fred.stlouisfed.org/categories/32217,https://data.imf.org/en/datasets/IMF.STA:PCPS,2026-09-01T00:29:21.298967Z,none
2017-04-01,coffee_arabica_price,agriculture,,,Global price of other mild Arabica coffee,155.574,USD_cents_per_pound,monthly,FRED_IMF_PCPS,IMF Primary Commodity Prices System series,https://fred.stlouisfed.org/categories/32217,https://data.imf.org/en/datasets/IMF.STA:PCPS,2026-09-01T00:29:21.298967Z,none
2017-05-01,coffee_arabica_price,agriculture,,,Global price of other mild Arabica coffee,150,USD_cents_per_pound,monthly,FRED_IMF_PCPS,IMF Primary Commodity Prices System series,https://fred.stlouisfed.org/categories/32217,https://data.imf.org/en/datasets/IMF.STA:PCPS,2026-09-01T00:29:21.298967Z,none
2017-06-01,coffee_arabica_price,agriculture,,,Global price of other mild Arabica coffee,143.22272727,USD_cents_per_pound,monthly,FRED_IMF_PCPS,IMF Primary Commodity Prices System series,https://fred.stlouisfed.org/categories/32217,https://data.imf.org/en/datasets/IMF.STA:PCPS,2026-09-01T00:29:21.298967Z,none
2017-07-01,coffee_arabica_price,agriculture,,,Global price of other mild Arabica coffee,149.80285714,USD_cents_per_pound,monthly,FRED_IMF_PCPS,IMF Primary Commodity Prices System series,https://fred.stlouisfed.org/categories/32217,https://data.imf.org/en/datasets/IMF.STA:PCPS,2026-09-01T00:29:21.298967Z,none
2017-08-01,coffee_arabica_price,agriculture,,,Global price of other mild Arabica coffee,149.8773913,USD_cents_per_pound,monthly,FRED_IMF_PCPS,IMF Primary Commodity Prices System series,https://fred.stlouisfed.org/categories/32217,https://data.imf.org/en/datasets/IMF.STA:PCPS,2026-09-01T00:29:21.298967Z,none
2017-09-01,coffee_arabica_price,agriculture,,,Global price of other mild Arabica coffee,146.56047619,USD_cents_per_pound,monthly,FRED_IMF_PCPS,IMF Primary Commodity Prices System series,https://fred.stlouisfed.org/categories/32217,https://data.imf.org/en/datasets/IMF.STA:PCPS,2026-09-01T00:29:21.298967Z,none
2017-10-01,coffee_arabica_price,agriculture,,,Global price of other mild Arabica coffee,140.70954545,USD_cents_per_pound,monthly,FRED_IMF_PCPS,IMF Primary Commodity Prices System series,https://fred.stlouisfed.org/categories/32217,https://data.imf.org/en/datasets/IMF.STA:PCPS,2026-09-01T00:29:21.298967Z,none
2017-11-01,coffee_arabica_price,agriculture,,,Global price of other mild Arabica coffee,140.90409091,USD_cents_per_pound,monthly,FRED_IMF_PCPS,IMF Primary Commodity Prices System series,https://fred.stlouisfed.org/categories/32217,https://data.imf.org/en/datasets/IMF.STA:PCPS,2026-09-01T00:29:21.298967Z,none
2017-12-01,coffee_arabica_price,agriculture,,,Global price of other mild Arabica coffee,137.30619048,USD_cents_per_pound,monthly,FRED_IMF_PCPS,IMF Primary Commodity Prices System series,https://fred.stlouisfed.org/categories/32217,https://data.imf.org/en/datasets/IMF.STA:PCPS,2026-09-01T00:29:21.298967Z,none
2018-01-01,coffee_arabica_price,agriculture,,,Global price of other mild Arabica coffee,138.87608696,USD_cents_per_pound,monthly,FRED_IMF_PCPS,IMF Primary Commodity Prices System series,https://fred.stlouisfed.org/categories/32217,https://data.imf.org/en/datasets/IMF.STA:PCPS,2026-09-01T00:29:21.298967Z,none
2018-02-01,coffee_arabica_price,agriculture,,,Global price of other mild Arabica coffee,136.2835,USD_cents_per_pound,monthly,FRED_IMF_PCPS,IMF Primary Commodity Prices System series,https://fred.stlouisfed.org/categories/32217,https://data.imf.org/en/datasets/IMF.STA:PCPS,2026-09-01T00:29:21.298967Z,none
2018-03-01,coffee_arabica_price,agriculture,,,Global price of other mild Arabica coffee,134.93909091,USD_cents_per_pound,monthly,FRED_IMF_PCPS,IMF Primary Commodity Prices System series,https://fred.stlouisfed.org/categories/32217,https://data.imf.org/en/datasets/IMF.STA:PCPS,2026-09-01T00:29:21.298967Z,none
2018-04-01,coffee_arabica_price,agriculture,,,Global price of other mild Arabica coffee,134.33952381,USD_cents_per_pound,monthly,FRED_IMF_PCPS,IMF Primary Commodity Prices System series,https://fred.stlouisfed.org/categories/32217,https://data.imf.org/en/datasets/IMF.STA:PCPS,2026-09-01T00:29:21.298967Z,none
2018-05-01,coffee_arabica_price,agriculture,,,Global price of other mild Arabica coffee,135.60956522,USD_cents_per_pound,monthly,FRED_IMF_PCPS,IMF Primary Commodity Prices System series,https://fred.stlouisfed.org/categories/32217,https://data.imf.org/en/datasets/IMF.STA:PCPS,2026-09-01T00:29:21.298967Z,none
2018-06-01,coffee_arabica_price,agriculture,,,Global price of other mild Arabica coffee,134.03380952,USD_cents_per_pound,monthly,FRED_IMF_PCPS,IMF Primary Commodity Prices System series,https://fred.stlouisfed.org/categories/32217,https://data.imf.org/en/datasets/IMF.STA:PCPS,2026-09-01T00:29:21.298967Z,none
2018-07-01,coffee_arabica_price,agriculture,,,Global price of other mild Arabica coffee,130.59863636,USD_cents_per_pound,monthly,FRED_IMF_PCPS,IMF Primary Commodity Prices System series,https://fred.stlouisfed.org/categories/32217,https://data.imf.org/en/datasets/IMF.STA:PCPS,2026-09-01T00:29:21.298967Z,none
2018-08-01,coffee_arabica_price,agriculture,,,Global price of other mild Arabica coffee,125.21086957,USD_cents_per_pound,monthly,FRED_IMF_PCPS,IMF Primary Commodity Prices System series,https://fred.stlouisfed.org/categories/32217,https://data.imf.org/en/datasets/IMF.STA:PCPS,2026-09-01T00:29:21.298967Z,none
2018-09-01,coffee_arabica_price,agriculture,,,Global price of other mild Arabica coffee,121.18,USD_cents_per_pound,monthly,FRED_IMF_PCPS,IMF Primary Commodity Prices System series,https://fred.stlouisfed.org/categories/32217,https://data.imf.org/en/datasets/IMF.STA:PCPS,2026-09-01T00:29:21.298967Z,none
2018-10-01,coffee_arabica_price,agriculture,,,Global price of other mild Arabica coffee,137.34173913,USD_cents_per_pound,monthly,FRED_IMF_PCPS,IMF Primary Commodity Prices System series,https://fred.stlouisfed.org/categories/32217,https://data.imf.org/en/datasets/IMF.STA:PCPS,2026-09-01T00:29:21.298967Z,none
2018-11-01,coffee_arabica_price,agriculture,,,Global price of other mild Arabica coffee,137.10772727,USD_cents_per_pound,monthly,FRED_IMF_PCPS,IMF Primary Commodity Prices System series,https://fred.stlouisfed.org/categories/32217,https://data.imf.org/en/datasets/IMF.STA:PCPS,2026-09-01T00:29:21.298967Z,none
2018-12-01,coffee_arabica_price,agriculture,,,Global price of other mild Arabica coffee,127.05857143,USD_cents_per_pound,monthly,FRED_IMF_PCPS,IMF Primary Commodity Prices System series,https://fred.stlouisfed.org/categories/32217,https://data.imf.org/en/datasets/IMF.STA:PCPS,2026-09-01T00:29:21.298967Z,none
2019-01-01,coffee_arabica_price,agriculture,,,Global price of other mild Arabica coffee,128.3573913,USD_cents_per_pound,monthly,FRED_IMF_PCPS,IMF Primary Commodity Prices System series,https://fred.stlouisfed.org/categories/32217,https://data.imf.org/en/datasets/IMF.STA:PCPS,2026-09-01T00:29:21.298967Z,none
2019-02-01,coffee_arabica_price,agriculture,,,Global price of other mild Arabica coffee,128.454,USD_cents_per_pound,monthly,FRED_IMF_PCPS,IMF Primary Commodity Prices System series,https://fred.stlouisfed.org/categories/32217,https://data.imf.org/en/datasets/IMF.STA:PCPS,2026-09-01T00:29:21.298967Z,none
2019-03-01,coffee_arabica_price,agriculture,,,Global price of other mild Arabica coffee,123.88857143,USD_cents_per_pound,monthly,FRED_IMF_PCPS,IMF Primary Commodity Prices System series,https://fred.stlouisfed.org/categories/32217,https://data.imf.org/en/datasets/IMF.STA:PCPS,2026-09-01T00:29:21.298967Z,none
2019-04-01,coffee_arabica_price,agriculture,,,Global price of other mild Arabica coffee,120.99045455,USD_cents_per_pound,monthly,FRED_IMF_PCPS,IMF Primary Commodity Prices System series,https://fred.stlouisfed.org/categories/32217,https://data.imf.org/en/datasets/IMF.STA:PCPS,2026-09-01T00:29:21.298967Z,none
2019-05-01,coffee_arabica_price,agriculture,,,Global price of other mild Arabica coffee,120.54913043,USD_cents_per_pound,monthly,FRED_IMF_PCPS,IMF Primary Commodity Prices System series,https://fred.stlouisfed.org/categories/32217,https://data.imf.org/en/datasets/IMF.STA:PCPS,2026-09-01T00:29:21.298967Z,none
2019-06-01,coffee_arabica_price,agriculture,,,Global price of other mild Arabica coffee,129.7235,USD_cents_per_pound,monthly,FRED_IMF_PCPS,IMF Primary Commodity Prices System series,https://fred.stlouisfed.org/categories/32217,https://data.imf.org/en/datasets/IMF.STA:PCPS,2026-09-01T00:29:21.298967Z,none
2019-07-01,coffee_arabica_price,agriculture,,,Global price of other mild Arabica coffee,135.47043478,USD_cents_per_pound,monthly,FRED_IMF_PCPS,IMF Primary Commodity Prices System series,https://fred.stlouisfed.org/categories/32217,https://data.imf.org/en/datasets/IMF.STA:PCPS,2026-09-01T00:29:21.298967Z,none
2019-08-01,coffee_arabica_price,agriculture,,,Global price of other mild Arabica coffee,126.27954545,USD_cents_per_pound,monthly,FRED_IMF_PCPS,IMF Primary Commodity Prices System series,https://fred.stlouisfed.org/categories/32217,https://data.imf.org/en/datasets/IMF.STA:PCPS,2026-09-01T00:29:21.298967Z,none
2019-09-01,coffee_arabica_price,agriculture,,,Global price of other mild Arabica coffee,128.89428571,USD_cents_per_pound,monthly,FRED_IMF_PCPS,IMF Primary Commodity Prices System series,https://fred.stlouisfed.org/categories/32217,https://data.imf.org/en/datasets/IMF.STA:PCPS,2026-09-01T00:29:21.298967Z,none
2019-10-01,coffee_arabica_price,agriculture,,,Global price of other mild Arabica coffee,127.05130435,USD_cents_per_pound,monthly,FRED_IMF_PCPS,IMF Primary Commodity Prices System series,https://fred.stlouisfed.org/categories/32217,https://data.imf.org/en/datasets/IMF.STA:PCPS,2026-09-01T00:29:21.298967Z,none
2019-11-01,coffee_arabica_price,agriculture,,,Global price of other mild Arabica coffee,140.98142857,USD_cents_per_pound,monthly,FRED_IMF_PCPS,IMF Primary Commodity Prices System series,https://fred.stlouisfed.org/categories/32217,https://data.imf.org/en/datasets/IMF.STA:PCPS,2026-09-01T00:29:21.298967Z,none
2019-12-01,coffee_arabica_price,agriculture,,,Global price of other mild Arabica coffee,156.02909091,USD_cents_per_pound,monthly,FRED_IMF_PCPS,IMF Primary Commodity Prices System series,https://fred.stlouisfed.org/categories/32217,https://data.imf.org/en/datasets/IMF.STA:PCPS,2026-09-01T00:29:21.298967Z,none
2020-01-01,coffee_arabica_price,agriculture,,,Global price of other mild Arabica coffee,142.93652174,USD_cents_per_pound,monthly,FRED_IMF_PCPS,IMF Primary Commodity Prices System series,https://fred.stlouisfed.org/categories/32217,https://data.imf.org/en/datasets/IMF.STA:PCPS,2026-09-01T00:29:21.298967Z,none
2020-02-01,coffee_arabica_price,agriculture,,,Global price of other mild Arabica coffee,135.5005,USD_cents_per_pound,monthly,FRED_IMF_PCPS,IMF Primary Commodity Prices System series,https://fred.stlouisfed.org/categories/32217,https://data.imf.org/en/datasets/IMF.STA:PCPS,2026-09-01T00:29:21.298967Z,none
2020-03-01,coffee_arabica_price,agriculture,,,Global price of other mild Arabica coffee,148.32727273,USD_cents_per_pound,monthly,FRED_IMF_PCPS,IMF Primary Commodity Prices System series,https://fred.stlouisfed.org/categories/32217,https://data.imf.org/en/datasets/IMF.STA:PCPS,2026-09-01T00:29:21.298967Z,none
2020-04-01,coffee_arabica_price,agriculture,,,Global price of other mild Arabica coffee,154.63045455,USD_cents_per_pound,monthly,FRED_IMF_PCPS,IMF Primary Commodity Prices System series,https://fred.stlouisfed.org/categories/32217,https://data.imf.org/en/datasets/IMF.STA:PCPS,2026-09-01T00:29:21.298967Z,none
2020-05-01,coffee_arabica_price,agriculture,,,Global price of other mild Arabica coffee,149.91619048,USD_cents_per_pound,monthly,FRED_IMF_PCPS,IMF Primary Commodity Prices System series,https://fred.stlouisfed.org/categories/32217,https://data.imf.org/en/datasets/IMF.STA:PCPS,2026-09-01T00:29:21.298967Z,none
2020-06-01,coffee_arabica_price,agriculture,,,Global price of other mild Arabica coffee,141.52,USD_cents_per_pound,monthly,FRED_IMF_PCPS,IMF Primary Commodity Prices System series,https://fred.stlouisfed.org/categories/32217,https://data.imf.org/en/datasets/IMF.STA:PCPS,2026-09-01T00:29:21.298967Z,none
2020-07-01,coffee_arabica_price,agriculture,,,Global price of other mild Arabica coffee,146.78086957,USD_cents_per_pound,monthly,FRED_IMF_PCPS,IMF Primary Commodity Prices System series,https://fred.stlouisfed.org/categories/32217,https://data.imf.org/en/datasets/IMF.STA:PCPS,2026-09-01T00:29:21.298967Z,none
2020-08-01,coffee_arabica_price,agriculture,,,Global price of other mild Arabica coffee,163.07142857,USD_cents_per_pound,monthly,FRED_IMF_PCPS,IMF Primary Commodity Prices System series,https://fred.stlouisfed.org/categories/32217,https://data.imf.org/en/datasets/IMF.STA:PCPS,2026-09-01T00:29:21.298967Z,none
2020-09-01,coffee_arabica_price,agriculture,,,Global price of other mild Arabica coffee,166.56454545,USD_cents_per_pound,monthly,FRED_IMF_PCPS,IMF Primary Commodity Prices System series,https://fred.stlouisfed.org/categories/32217,https://data.imf.org/en/datasets/IMF.STA:PCPS,2026-09-01T00:29:21.298967Z,none
2020-10-01,coffee_arabica_price,agriculture,,,Global price of other mild Arabica coffee,152.05681818,USD_cents_per_pound,monthly,FRED_IMF_PCPS,IMF Primary Commodity Prices System series,https://fred.stlouisfed.org/categories/32217,https://data.imf.org/en/datasets/IMF.STA:PCPS,2026-09-01T00:29:21.298967Z,none
2020-11-01,coffee_arabica_price,agriculture,,,Global price of other mild Arabica coffee,150.72619048,USD_cents_per_pound,monthly,FRED_IMF_PCPS,IMF Primary Commodity Prices System series,https://fred.stlouisfed.org/categories/32217,https://data.imf.org/en/datasets/IMF.STA:PCPS,2026-09-01T00:29:21.298967Z,none
2020-12-01,coffee_arabica_price,agriculture,,,Global price of other mild Arabica coffee,157.9526087,USD_cents_per_pound,monthly,FRED_IMF_PCPS,IMF Primary Commodity Prices System series,https://fred.stlouisfed.org/categories/32217,https://data.imf.org/en/datasets/IMF.STA:PCPS,2026-09-01T00:29:21.298967Z,none
2021-01-01,coffee_arabica_price,agriculture,,,Global price of other mild Arabica coffee,160.81952381,USD_cents_per_pound,monthly,FRED_IMF_PCPS,IMF Primary Commodity Prices System series,https://fred.stlouisfed.org/categories/32217,https://data.imf.org/en/datasets/IMF.STA:PCPS,2026-09-01T00:29:21.298967Z,none
2021-02-01,coffee_arabica_price,agriculture,,,Global price of other mild Arabica coffee,166.429,USD_cents_per_pound,monthly,FRED_IMF_PCPS,IMF Primary Commodity Prices System series,https://fred.stlouisfed.org/categories/32217,https://data.imf.org/en/datasets/IMF.STA:PCPS,2026-09-01T00:29:21.298967Z,none
2021-03-01,coffee_arabica_price,agriculture,,,Global price of other mild Arabica coffee,167.05086957,USD_cents_per_pound,monthly,FRED_IMF_PCPS,IMF Primary Commodity Prices System series,https://fred.stlouisfed.org/categories/32217,https://data.imf.org/en/datasets/IMF.STA:PCPS,2026-09-01T00:29:21.298967Z,none
2021-04-01,coffee_arabica_price,agriculture,,,Global price of other mild Arabica coffee,168.64863636,USD_cents_per_pound,monthly,FRED_IMF_PCPS,IMF Primary Commodity Prices System series,https://fred.stlouisfed.org/categories/32217,https://data.imf.org/en/datasets/IMF.STA:PCPS,2026-09-01T00:29:21.298967Z,none
2021-05-01,coffee_arabica_price,agriculture,,,Global price of other mild Arabica coffee,186.46285714,USD_cents_per_pound,monthly,FRED_IMF_PCPS,IMF Primary Commodity Prices System series,https://fred.stlouisfed.org/categories/32217,https://data.imf.org/en/datasets/IMF.STA:PCPS,2026-09-01T00:29:21.298967Z,none
2021-06-01,coffee_arabica_price,agriculture,,,Global price of other mild Arabica coffee,192.06454545,USD_cents_per_pound,monthly,FRED_IMF_PCPS,IMF Primary Commodity Prices System series,https://fred.stlouisfed.org/categories/32217,https://data.imf.org/en/datasets/IMF.STA:PCPS,2026-09-01T00:29:21.298967Z,none
2021-07-01,coffee_arabica_price,agriculture,,,Global price of other mild Arabica coffee,204.50090909,USD_cents_per_pound,monthly,FRED_IMF_PCPS,IMF Primary Commodity Prices System series,https://fred.stlouisfed.org/categories/32217,https://data.imf.org/en/datasets/IMF.STA:PCPS,2026-09-01T00:29:21.298967Z,none
2021-08-01,coffee_arabica_price,agriculture,,,Global price of other mild Arabica coffee,216.43454545,USD_cents_per_pound,monthly,FRED_IMF_PCPS,IMF Primary Commodity Prices System series,https://fred.stlouisfed.org/categories/32217,https://data.imf.org/en/datasets/IMF.STA:PCPS,2026-09-01T00:29:21.298967Z,none
2021-09-01,coffee_arabica_price,agriculture,,,Global price of other mild Arabica coffee,225.53681818,USD_cents_per_pound,monthly,FRED_IMF_PCPS,IMF Primary Commodity Prices System series,https://fred.stlouisfed.org/categories/32217,https://data.imf.org/en/datasets/IMF.STA:PCPS,2026-09-01T00:29:21.298967Z,none
2021-10-01,coffee_arabica_price,agriculture,,,Global price of other mild Arabica coffee,241.07333333,USD_cents_per_pound,monthly,FRED_IMF_PCPS,IMF Primary Commodity Prices System series,https://fred.stlouisfed.org/categories/32217,https://data.imf.org/en/datasets/IMF.STA:PCPS,2026-09-01T00:29:21.298967Z,none
2021-11-01,coffee_arabica_price,agriculture,,,Global price of other mild Arabica coffee,258.97818182,USD_cents_per_pound,monthly,FRED_IMF_PCPS,IMF Primary Commodity Prices System series,https://fred.stlouisfed.org/categories/32217,https://data.imf.org/en/datasets/IMF.STA:PCPS,2026-09-01T00:29:21.298967Z,none
2021-12-01,coffee_arabica_price,agriculture,,,Global price of other mild Arabica coffee,268.32913043,USD_cents_per_pound,monthly,FRED_IMF_PCPS,IMF Primary Commodity Prices System series,https://fred.stlouisfed.org/categories/32217,https://data.imf.org/en/datasets/IMF.STA:PCPS,2026-09-01T00:29:21.298967Z,none
2022-01-01,coffee_arabica_price,agriculture,,,Global price of other mild Arabica coffee,271.08142857,USD_cents_per_pound,monthly,FRED_IMF_PCPS,IMF Primary Commodity Prices System series,https://fred.stlouisfed.org/categories/32217,https://data.imf.org/en/datasets/IMF.STA:PCPS,2026-09-01T00:29:21.298967Z,none
2022-02-01,coffee_arabica_price,agriculture,,,Global price of other mild Arabica coffee,279.8335,USD_cents_per_pound,monthly,FRED_IMF_PCPS,IMF Primary Commodity Prices System series,https://fred.stlouisfed.org/categories/32217,https://data.imf.org/en/datasets/IMF.STA:PCPS,2026-09-01T00:29:21.298967Z,none
2022-03-01,coffee_arabica_price,agriculture,,,Global price of other mild Arabica coffee,258.99347826,USD_cents_per_pound,monthly,FRED_IMF_PCPS,IMF Primary Commodity Prices System series,https://fred.stlouisfed.org/categories/32217,https://data.imf.org/en/datasets/IMF.STA:PCPS,2026-09-01T00:29:21.298967Z,none
2022-04-01,coffee_arabica_price,agriculture,,,Global price of other mild Arabica coffee,265.39761905,USD_cents_per_pound,monthly,FRED_IMF_PCPS,IMF Primary Commodity Prices System series,https://fred.stlouisfed.org/categories/32217,https://data.imf.org/en/datasets/IMF.STA:PCPS,2026-09-01T00:29:21.298967Z,none
2022-05-01,coffee_arabica_price,agriculture,,,Global price of other mild Arabica coffee,260.44954545,USD_cents_per_pound,monthly,FRED_IMF_PCPS,IMF Primary Commodity Prices System series,https://fred.stlouisfed.org/categories/32217,https://data.imf.org/en/datasets/IMF.STA:PCPS,2026-09-01T00:29:21.298967Z,none
2022-06-01,coffee_arabica_price,agriculture,,,Global price of other mild Arabica coffee,273.76363636,USD_cents_per_pound,monthly,FRED_IMF_PCPS,IMF Primary Commodity Prices System series,https://fred.stlouisfed.org/categories/32217,https://data.imf.org/en/datasets/IMF.STA:PCPS,2026-09-01T00:29:21.298967Z,none
2022-07-01,coffee_arabica_price,agriculture,,,Global price of other mild Arabica coffee,255.90666667,USD_cents_per_pound,monthly,FRED_IMF_PCPS,IMF Primary Commodity Prices System series,https://fred.stlouisfed.org/categories/32217,https://data.imf.org/en/datasets/IMF.STA:PCPS,2026-09-01T00:29:21.298967Z,none
2022-08-01,coffee_arabica_price,agriculture,,,Global price of other mild Arabica coffee,268.48347826,USD_cents_per_pound,monthly,FRED_IMF_PCPS,IMF Primary Commodity Prices System series,https://fred.stlouisfed.org/categories/32217,https://data.imf.org/en/datasets/IMF.STA:PCPS,2026-09-01T00:29:21.298967Z,none
2022-09-01,coffee_arabica_price,agriculture,,,Global price of other mild Arabica coffee,267.49227273,USD_cents_per_pound,monthly,FRED_IMF_PCPS,IMF Primary Commodity Prices System series,https://fred.stlouisfed.org/categories/32217,https://data.imf.org/en/datasets/IMF.STA:PCPS,2026-09-01T00:29:21.298967Z,none
2022-10-01,coffee_arabica_price,agriculture,,,Global price of other mild Arabica coffee,240.08238095,USD_cents_per_pound,monthly,FRED_IMF_PCPS,IMF Primary Commodity Prices System series,https://fred.stlouisfed.org/categories/32217,https://data.imf.org/en/datasets/IMF.STA:PCPS,2026-09-01T00:29:21.298967Z,none
2022-11-01,coffee_arabica_price,agriculture,,,Global price of other mild Arabica coffee,213.71818182,USD_cents_per_pound,monthly,FRED_IMF_PCPS,IMF Primary Commodity Prices System series,https://fred.stlouisfed.org/categories/32217,https://data.imf.org/en/datasets/IMF.STA:PCPS,2026-09-01T00:29:21.298967Z,none
2022-12-01,coffee_arabica_price,agriculture,,,Global price of other mild Arabica coffee,210.38863636,USD_cents_per_pound,monthly,FRED_IMF_PCPS,IMF Primary Commodity Prices System series,https://fred.stlouisfed.org/categories/32217,https://data.imf.org/en/datasets/IMF.STA:PCPS,2026-09-01T00:29:21.298967Z,none
2023-01-01,coffee_arabica_price,agriculture,,,Global price of other mild Arabica coffee,206.76,USD_cents_per_pound,monthly,FRED_IMF_PCPS,IMF Primary Commodity Prices System series,https://fred.stlouisfed.org/categories/32217,https://data.imf.org/en/datasets/IMF.STA:PCPS,2026-09-01T00:29:21.298967Z,none
2023-02-01,coffee_arabica_price,agriculture,,,Global price of other mild Arabica coffee,229.506,USD_cents_per_pound,monthly,FRED_IMF_PCPS,IMF Primary Commodity Prices System series,https://fred.stlouisfed.org/categories/32217,https://data.imf.org/en/datasets/IMF.STA:PCPS,2026-09-01T00:29:21.298967Z,none
2023-03-01,coffee_arabica_price,agriculture,,,Global price of other mild Arabica coffee,222.66391304,USD_cents_per_pound,monthly,FRED_IMF_PCPS,IMF Primary Commodity Prices System series,https://fred.stlouisfed.org/categories/32217,https://data.imf.org/en/datasets/IMF.STA:PCPS,2026-09-01T00:29:21.298967Z,none
2023-04-01,coffee_arabica_price,agriculture,,,Global price of other mild Arabica coffee,229.9555,USD_cents_per_pound,monthly,FRED_IMF_PCPS,IMF Primary Commodity Prices System series,https://fred.stlouisfed.org/categories/32217,https://data.imf.org/en/datasets/IMF.STA:PCPS,2026-09-01T00:29:21.298967Z,none
2023-05-01,coffee_arabica_price,agriculture,,,Global price of other mild Arabica coffee,220.12130435,USD_cents_per_pound,monthly,FRED_IMF_PCPS,IMF Primary Commodity Prices System series,https://fred.stlouisfed.org/categories/32217,https://data.imf.org/en/datasets/IMF.STA:PCPS,2026-09-01T00:29:21.298967Z,none
2023-06-01,coffee_arabica_price,agriculture,,,Global price of other mild Arabica coffee,207.385,USD_cents_per_pound,monthly,FRED_IMF_PCPS,IMF Primary Commodity Prices System series,https://fred.stlouisfed.org/categories/32217,https://data.imf.org/en/datasets/IMF.STA:PCPS,2026-09-01T00:29:21.298967Z,none
2023-07-01,coffee_arabica_price,agriculture,,,Global price of other mild Arabica coffee,193.49428571,USD_cents_per_pound,monthly,FRED_IMF_PCPS,IMF Primary Commodity Prices System series,https://fred.stlouisfed.org/categories/32217,https://data.imf.org/en/datasets/IMF.STA:PCPS,2026-09-01T00:29:21.298967Z,none
2023-08-01,coffee_arabica_price,agriculture,,,Global price of other mild Arabica coffee,186.34695652,USD_cents_per_pound,monthly,FRED_IMF_PCPS,IMF Primary Commodity Prices System series,https://fred.stlouisfed.org/categories/32217,https://data.imf.org/en/datasets/IMF.STA:PCPS,2026-09-01T00:29:21.298967Z,none
2023-09-01,coffee_arabica_price,agriculture,,,Global price of other mild Arabica coffee,183.58904762,USD_cents_per_pound,monthly,FRED_IMF_PCPS,IMF Primary Commodity Prices System series,https://fred.stlouisfed.org/categories/32217,https://data.imf.org/en/datasets/IMF.STA:PCPS,2026-09-01T00:29:21.298967Z,none
2023-10-01,coffee_arabica_price,agriculture,,,Global price of other mild Arabica coffee,183.95136364,USD_cents_per_pound,monthly,FRED_IMF_PCPS,IMF Primary Commodity Prices System series,https://fred.stlouisfed.org/categories/32217,https://data.imf.org/en/datasets/IMF.STA:PCPS,2026-09-01T00:29:21.298967Z,none
2023-11-01,coffee_arabica_price,agriculture,,,Global price of other mild Arabica coffee,197.43318182,USD_cents_per_pound,monthly,FRED_IMF_PCPS,IMF Primary Commodity Prices System series,https://fred.stlouisfed.org/categories/32217,https://data.imf.org/en/datasets/IMF.STA:PCPS,2026-09-01T00:29:21.298967Z,none
2023-12-01,coffee_arabica_price,agriculture,,,Global price of other mild Arabica coffee,210.31047619,USD_cents_per_pound,monthly,FRED_IMF_PCPS,IMF Primary Commodity Prices System series,https://fred.stlouisfed.org/categories/32217,https://data.imf.org/en/datasets/IMF.STA:PCPS,2026-09-01T00:29:21.298967Z,none
2024-01-01,coffee_arabica_price,agriculture,,,Global price of other mild Arabica coffee,203.87913043,USD_cents_per_pound,monthly,FRED_IMF_PCPS,IMF Primary Commodity Prices System series,https://fred.stlouisfed.org/categories/32217,https://data.imf.org/en/datasets/IMF.STA:PCPS,2026-09-01T00:29:21.298967Z,none
2024-02-01,coffee_arabica_price,agriculture,,,Global price of other mild Arabica coffee,208.78333333,USD_cents_per_pound,monthly,FRED_IMF_PCPS,IMF Primary Commodity Prices System series,https://fred.stlouisfed.org/categories/32217,https://data.imf.org/en/datasets/IMF.STA:PCPS,2026-09-01T00:29:21.298967Z,none
2024-03-01,coffee_arabica_price,agriculture,,,Global price of other mild Arabica coffee,208.91333333,USD_cents_per_pound,monthly,FRED_IMF_PCPS,IMF Primary Commodity Prices System series,https://fred.stlouisfed.org/categories/32217,https://data.imf.org/en/datasets/IMF.STA:PCPS,2026-09-01T00:29:21.298967Z,none
2024-04-01,coffee_arabica_price,agriculture,,,Global price of other mild Arabica coffee,239.86636364,USD_cents_per_pound,monthly,FRED_IMF_PCPS,IMF Primary Commodity Prices System series,https://fred.stlouisfed.org/categories/32217,https://data.imf.org/en/datasets/IMF.STA:PCPS,2026-09-01T00:29:21.298967Z,none
2024-05-01,coffee_arabica_price,agriculture,,,Global price of other mild Arabica coffee,232.3426087,USD_cents_per_pound,monthly,FRED_IMF_PCPS,IMF Primary Commodity Prices System series,https://fred.stlouisfed.org/categories/32217,https://data.imf.org/en/datasets/IMF.STA:PCPS,2026-09-01T00:29:21.298967Z,none
2024-06-01,coffee_arabica_price,agriculture,,,Global price of other mild Arabica coffee,248.405,USD_cents_per_pound,monthly,FRED_IMF_PCPS,IMF Primary Commodity Prices System series,https://fred.stlouisfed.org/categories/32217,https://data.imf.org/en/datasets/IMF.STA:PCPS,2026-09-01T00:29:21.298967Z,none
2024-07-01,coffee_arabica_price,agriculture,,,Global price of other mild Arabica coffee,257.09869565,USD_cents_per_pound,monthly,FRED_IMF_PCPS,IMF Primary Commodity Prices System series,https://fred.stlouisfed.org/categories/32217,https://data.imf.org/en/datasets/IMF.STA:PCPS,2026-09-01T00:29:21.298967Z,none
2024-08-01,coffee_arabica_price,agriculture,,,Global price of other mild Arabica coffee,261.43772727,USD_cents_per_pound,monthly,FRED_IMF_PCPS,IMF Primary Commodity Prices System series,https://fred.stlouisfed.org/categories/32217,https://data.imf.org/en/datasets/IMF.STA:PCPS,2026-09-01T00:29:21.298967Z,none
2024-09-01,coffee_arabica_price,agriculture,,,Global price of other mild Arabica coffee,278.76047619,USD_cents_per_pound,monthly,FRED_IMF_PCPS,IMF Primary Commodity Prices System series,https://fred.stlouisfed.org/categories/32217,https://data.imf.org/en/datasets/IMF.STA:PCPS,2026-09-01T00:29:21.298967Z,none
2024-10-01,coffee_arabica_price,agriculture,,,Global price of other mild Arabica coffee,276.7773913,USD_cents_per_pound,monthly,FRED_IMF_PCPS,IMF Primary Commodity Prices System series,https://fred.stlouisfed.org/categories/32217,https://data.imf.org/en/datasets/IMF.STA:PCPS,2026-09-01T00:29:21.298967Z,none
2024-11-01,coffee_arabica_price,agriculture,,,Global price of other mild Arabica coffee,304.95285714,USD_cents_per_pound,monthly,FRED_IMF_PCPS,IMF Primary Commodity Prices System series,https://fred.stlouisfed.org/categories/32217,https://data.imf.org/en/datasets/IMF.STA:PCPS,2026-09-01T00:29:21.298967Z,none
2024-12-01,coffee_arabica_price,agriculture,,,Global price of other mild Arabica coffee,344.11863636,USD_cents_per_pound,monthly,FRED_IMF_PCPS,IMF Primary Commodity Prices System series,https://fred.stlouisfed.org/categories/32217,https://data.imf.org/en/datasets/IMF.STA:PCPS,2026-09-01T00:29:21.298967Z,none
2025-01-01,coffee_arabica_price,agriculture,,,Global price of other mild Arabica coffee,353.93347826,USD_cents_per_pound,monthly,FRED_IMF_PCPS,IMF Primary Commodity Prices System series,https://fred.stlouisfed.org/categories/32217,https://data.imf.org/en/datasets/IMF.STA:PCPS,2026-09-01T00:29:21.298967Z,none
2025-02-01,coffee_arabica_price,agriculture,,,Global price of other mild Arabica coffee,409.5165,USD_cents_per_pound,monthly,FRED_IMF_PCPS,IMF Primary Commodity Prices System series,https://fred.stlouisfed.org/categories/32217,https://data.imf.org/en/datasets/IMF.STA:PCPS,2026-09-01T00:29:21.298967Z,none
2025-03-01,coffee_arabica_price,agriculture,,,Global price of other mild Arabica coffee,404.21047619,USD_cents_per_pound,monthly,FRED_IMF_PCPS,IMF Primary Commodity Prices System series,https://fred.stlouisfed.org/categories/32217,https://data.imf.org/en/datasets/IMF.STA:PCPS,2026-09-01T00:29:21.298967Z,none
2025-04-01,coffee_arabica_price,agriculture,,,Global price of other mild Arabica coffee,392.91272727,USD_cents_per_pound,monthly,FRED_IMF_PCPS,IMF Primary Commodity Prices System series,https://fred.stlouisfed.org/categories/32217,https://data.imf.org/en/datasets/IMF.STA:PCPS,2026-09-01T00:29:21.298967Z,none
2025-05-01,coffee_arabica_price,agriculture,,,Global price of other mild Arabica coffee,397.58863636,USD_cents_per_pound,monthly,FRED_IMF_PCPS,IMF Primary Commodity Prices System series,https://fred.stlouisfed.org/categories/32217,https://data.imf.org/en/datasets/IMF.STA:PCPS,2026-09-01T00:29:21.298967Z,none
2025-06-01,coffee_arabica_price,agriculture,,,Global price of other mild Arabica coffee,363.16238095,USD_cents_per_pound,monthly,FRED_IMF_PCPS,IMF Primary Commodity Prices System series,https://fred.stlouisfed.org/categories/32217,https://data.imf.org/en/datasets/IMF.STA:PCPS,2026-09-01T00:29:21.298967Z,none
2025-07-01,coffee_arabica_price,agriculture,,,Global price of other mild Arabica coffee,316.72565217,USD_cents_per_pound,monthly,FRED_IMF_PCPS,IMF Primary Commodity Prices System series,https://fred.stlouisfed.org/categories/32217,https://data.imf.org/en/datasets/IMF.STA:PCPS,2026-09-01T00:29:21.298967Z,none
2025-08-01,coffee_arabica_price,agriculture,,,Global price of other mild Arabica coffee,365.68571429,USD_cents_per_pound,monthly,FRED_IMF_PCPS,IMF Primary Commodity Prices System series,https://fred.stlouisfed.org/categories/32217,https://data.imf.org/en/datasets/IMF.STA:PCPS,2026-09-01T00:29:21.298967Z,none
2025-09-01,coffee_arabica_price,agriculture,,,Global price of other mild Arabica coffee,399.55136364,USD_cents_per_pound,monthly,FRED_IMF_PCPS,IMF Primary Commodity Prices System series,https://fred.stlouisfed.org/categories/32217,https://data.imf.org/en/datasets/IMF.STA:PCPS,2026-09-01T00:29:21.298967Z,none
2025-10-01,coffee_arabica_price,agriculture,,,Global price of other mild Arabica coffee,403.7926087,USD_cents_per_pound,monthly,FRED_IMF_PCPS,IMF Primary Commodity Prices System series,https://fred.stlouisfed.org/categories/32217,https://data.imf.org/en/datasets/IMF.STA:PCPS,2026-09-01T00:29:21.298967Z,none
2025-11-01,coffee_arabica_price,agriculture,,,Global price of other mild Arabica coffee,409.679,USD_cents_per_pound,monthly,FRED_IMF_PCPS,IMF Primary Commodity Prices System series,https://fred.stlouisfed.org/categories/32217,https://data.imf.org/en/datasets/IMF.STA:PCPS,2026-09-01T00:29:21.298967Z,none
2025-12-01,coffee_arabica_price,agriculture,,,Global price of other mild Arabica coffee,380.41727273,USD_cents_per_pound,monthly,FRED_IMF_PCPS,IMF Primary Commodity Prices System series,https://fred.stlouisfed.org/categories/32217,https://data.imf.org/en/datasets/IMF.STA:PCPS,2026-09-01T00:29:21.298967Z,none
2026-01-01,coffee_arabica_price,agriculture,,,Global price of other mild Arabica coffee,363.91045455,USD_cents_per_pound,monthly,FRED_IMF_PCPS,IMF Primary Commodity Prices System series,https://fred.stlouisfed.org/categories/32217,https://data.imf.org/en/datasets/IMF.STA:PCPS,2026-09-01T00:29:21.298967Z,none
2026-02-01,coffee_arabica_price,agriculture,,,Global price of other mild Arabica coffee,321.3525,USD_cents_per_pound,monthly,FRED_IMF_PCPS,IMF Primary Commodity Prices System series,https://fred.stlouisfed.org/categories/32217,https://data.imf.org/en/datasets/IMF.STA:PCPS,2026-09-01T00:29:21.298967Z,none
2026-03-01,coffee_arabica_price,agriculture,,,Global price of other mild Arabica coffee,334.11181818,USD_cents_per_pound,monthly,FRED_IMF_PCPS,IMF Primary Commodity Prices System series,https://fred.stlouisfed.org/categories/32217,https://data.imf.org/en/datasets/IMF.STA:PCPS,2026-09-01T00:29:21.298967Z,none
2026-04-01,coffee_arabica_price,agriculture,,,Global price of other mild Arabica coffee,331.22272727,USD_cents_per_pound,monthly,FRED_IMF_PCPS,IMF Primary Commodity Prices System series,https://fred.stlouisfed.org/categories/32217,https://data.imf.org/en/datasets/IMF.STA:PCPS,2026-09-01T00:29:21.298967Z,none
2026-05-01,coffee_arabica_price,agriculture,,,Global price of other mild Arabica coffee,315.05952381,USD_cents_per_pound,monthly,FRED_IMF_PCPS,IMF Primary Commodity Prices System series,https://fred.stlouisfed.org/categories/32217,https://data.imf.org/en/datasets/IMF.STA:PCPS,2026-09-01T00:29:21.298967Z,none
2026-06-01,coffee_arabica_price,agriculture,,,Global price of other mild Arabica coffee,307.82636364,USD_cents_per_pound,monthly,FRED_IMF_PCPS,IMF Primary Commodity Prices System series,https://fred.stlouisfed.org/categories/32217,https://data.imf.org/en/datasets/IMF.STA:PCPS,2026-09-01T00:29:21.298967Z,none
2026-07-01,coffee_arabica_price,agriculture,,,Global price of other mild Arabica coffee,359.16227273,USD_cents_per_pound,monthly,FRED_IMF_PCPS,IMF Primary Commodity Prices System series,https://fred.stlouisfed.org/categories/32217,https://data.imf.org/en/datasets/IMF.STA:PCPS,2026-09-01T00:29:21.298967Z,none
