observation_date,series_id,tab_id,country_iso3,currency_iso3,label,value,unit,frequency,source_id,source_name,source_url,source_documentation_url,source_retrieved_at,transformation
1992-01-01,copper_price,energy-industrial,,,Global price of copper,2150.57962902,USD_per_metric_ton,monthly,FRED_IMF_PCPS,IMF Primary Commodity Prices System series,https://fred.stlouisfed.org/categories/32217,https://data.imf.org/en/datasets/IMF.STA:PCPS,2026-09-01T00:29:20.618727Z,none
1992-02-01,copper_price,energy-industrial,,,Global price of copper,2208.89225861,USD_per_metric_ton,monthly,FRED_IMF_PCPS,IMF Primary Commodity Prices System series,https://fred.stlouisfed.org/categories/32217,https://data.imf.org/en/datasets/IMF.STA:PCPS,2026-09-01T00:29:20.618727Z,none
1992-03-01,copper_price,energy-industrial,,,Global price of copper,2231.78550956,USD_per_metric_ton,monthly,FRED_IMF_PCPS,IMF Primary Commodity Prices System series,https://fred.stlouisfed.org/categories/32217,https://data.imf.org/en/datasets/IMF.STA:PCPS,2026-09-01T00:29:20.618727Z,none
1992-04-01,copper_price,energy-industrial,,,Global price of copper,2214.16681599,USD_per_metric_ton,monthly,FRED_IMF_PCPS,IMF Primary Commodity Prices System series,https://fred.stlouisfed.org/categories/32217,https://data.imf.org/en/datasets/IMF.STA:PCPS,2026-09-01T00:29:20.618727Z,none
1992-05-01,copper_price,energy-industrial,,,Global price of copper,2219.31505581,USD_per_metric_ton,monthly,FRED_IMF_PCPS,IMF Primary Commodity Prices System series,https://fred.stlouisfed.org/categories/32217,https://data.imf.org/en/datasets/IMF.STA:PCPS,2026-09-01T00:29:20.618727Z,none
1992-06-01,copper_price,energy-industrial,,,Global price of copper,2296.44193859,USD_per_metric_ton,monthly,FRED_IMF_PCPS,IMF Primary Commodity Prices System series,https://fred.stlouisfed.org/categories/32217,https://data.imf.org/en/datasets/IMF.STA:PCPS,2026-09-01T00:29:20.618727Z,none
1992-07-01,copper_price,energy-industrial,,,Global price of copper,2527.2850224,USD_per_metric_ton,monthly,FRED_IMF_PCPS,IMF Primary Commodity Prices System series,https://fred.stlouisfed.org/categories/32217,https://data.imf.org/en/datasets/IMF.STA:PCPS,2026-09-01T00:29:20.618727Z,none
1992-08-01,copper_price,energy-industrial,,,Global price of copper,2513.46998458,USD_per_metric_ton,monthly,FRED_IMF_PCPS,IMF Primary Commodity Prices System series,https://fred.stlouisfed.org/categories/32217,https://data.imf.org/en/datasets/IMF.STA:PCPS,2026-09-01T00:29:20.618727Z,none
1992-09-01,copper_price,energy-industrial,,,Global price of copper,2419.61418178,USD_per_metric_ton,monthly,FRED_IMF_PCPS,IMF Primary Commodity Prices System series,https://fred.stlouisfed.org/categories/32217,https://data.imf.org/en/datasets/IMF.STA:PCPS,2026-09-01T00:29:20.618727Z,none
1992-10-01,copper_price,energy-industrial,,,Global price of copper,2262.45696237,USD_per_metric_ton,monthly,FRED_IMF_PCPS,IMF Primary Commodity Prices System series,https://fred.stlouisfed.org/categories/32217,https://data.imf.org/en/datasets/IMF.STA:PCPS,2026-09-01T00:29:20.618727Z,none
1992-11-01,copper_price,energy-industrial,,,Global price of copper,2161.78909368,USD_per_metric_ton,monthly,FRED_IMF_PCPS,IMF Primary Commodity Prices System series,https://fred.stlouisfed.org/categories/32217,https://data.imf.org/en/datasets/IMF.STA:PCPS,2026-09-01T00:29:20.618727Z,none
1992-12-01,copper_price,energy-industrial,,,Global price of copper,2211.95028749,USD_per_metric_ton,monthly,FRED_IMF_PCPS,IMF Primary Commodity Prices System series,https://fred.stlouisfed.org/categories/32217,https://data.imf.org/en/datasets/IMF.STA:PCPS,2026-09-01T00:29:20.618727Z,none
1993-01-01,copper_price,energy-industrial,,,Global price of copper,2264.21397077,USD_per_metric_ton,monthly,FRED_IMF_PCPS,IMF Primary Commodity Prices System series,https://fred.stlouisfed.org/categories/32217,https://data.imf.org/en/datasets/IMF.STA:PCPS,2026-09-01T00:29:20.618727Z,none
1993-02-01,copper_price,energy-industrial,,,Global price of copper,2212.18139314,USD_per_metric_ton,monthly,FRED_IMF_PCPS,IMF Primary Commodity Prices System series,https://fred.stlouisfed.org/categories/32217,https://data.imf.org/en/datasets/IMF.STA:PCPS,2026-09-01T00:29:20.618727Z,none
1993-03-01,copper_price,energy-industrial,,,Global price of copper,2152.380201,USD_per_metric_ton,monthly,FRED_IMF_PCPS,IMF Primary Commodity Prices System series,https://fred.stlouisfed.org/categories/32217,https://data.imf.org/en/datasets/IMF.STA:PCPS,2026-09-01T00:29:20.618727Z,none
1993-04-01,copper_price,energy-industrial,,,Global price of copper,1953.62060192,USD_per_metric_ton,monthly,FRED_IMF_PCPS,IMF Primary Commodity Prices System series,https://fred.stlouisfed.org/categories/32217,https://data.imf.org/en/datasets/IMF.STA:PCPS,2026-09-01T00:29:20.618727Z,none
1993-05-01,copper_price,energy-industrial,,,Global price of copper,1799.35169845,USD_per_metric_ton,monthly,FRED_IMF_PCPS,IMF Primary Commodity Prices System series,https://fred.stlouisfed.org/categories/32217,https://data.imf.org/en/datasets/IMF.STA:PCPS,2026-09-01T00:29:20.618727Z,none
1993-06-01,copper_price,energy-industrial,,,Global price of copper,1857.8707084,USD_per_metric_ton,monthly,FRED_IMF_PCPS,IMF Primary Commodity Prices System series,https://fred.stlouisfed.org/categories/32217,https://data.imf.org/en/datasets/IMF.STA:PCPS,2026-09-01T00:29:20.618727Z,none
1993-07-01,copper_price,energy-industrial,,,Global price of copper,1927.33981993,USD_per_metric_ton,monthly,FRED_IMF_PCPS,IMF Primary Commodity Prices System series,https://fred.stlouisfed.org/categories/32217,https://data.imf.org/en/datasets/IMF.STA:PCPS,2026-09-01T00:29:20.618727Z,none
1993-08-01,copper_price,energy-industrial,,,Global price of copper,1951.07137549,USD_per_metric_ton,monthly,FRED_IMF_PCPS,IMF Primary Commodity Prices System series,https://fred.stlouisfed.org/categories/32217,https://data.imf.org/en/datasets/IMF.STA:PCPS,2026-09-01T00:29:20.618727Z,none
1993-09-01,copper_price,energy-industrial,,,Global price of copper,1858.24999751,USD_per_metric_ton,monthly,FRED_IMF_PCPS,IMF Primary Commodity Prices System series,https://fred.stlouisfed.org/categories/32217,https://data.imf.org/en/datasets/IMF.STA:PCPS,2026-09-01T00:29:20.618727Z,none
1993-10-01,copper_price,energy-industrial,,,Global price of copper,1646.99992897,USD_per_metric_ton,monthly,FRED_IMF_PCPS,IMF Primary Commodity Prices System series,https://fred.stlouisfed.org/categories/32217,https://data.imf.org/en/datasets/IMF.STA:PCPS,2026-09-01T00:29:20.618727Z,none
1993-11-01,copper_price,energy-industrial,,,Global price of copper,1632.56810484,USD_per_metric_ton,monthly,FRED_IMF_PCPS,IMF Primary Commodity Prices System series,https://fred.stlouisfed.org/categories/32217,https://data.imf.org/en/datasets/IMF.STA:PCPS,2026-09-01T00:29:20.618727Z,none
1993-12-01,copper_price,energy-industrial,,,Global price of copper,1723.62507366,USD_per_metric_ton,monthly,FRED_IMF_PCPS,IMF Primary Commodity Prices System series,https://fred.stlouisfed.org/categories/32217,https://data.imf.org/en/datasets/IMF.STA:PCPS,2026-09-01T00:29:20.618727Z,none
1994-01-01,copper_price,energy-industrial,,,Global price of copper,1807.07136699,USD_per_metric_ton,monthly,FRED_IMF_PCPS,IMF Primary Commodity Prices System series,https://fred.stlouisfed.org/categories/32217,https://data.imf.org/en/datasets/IMF.STA:PCPS,2026-09-01T00:29:20.618727Z,none
1994-02-01,copper_price,energy-industrial,,,Global price of copper,1865.07501473,USD_per_metric_ton,monthly,FRED_IMF_PCPS,IMF Primary Commodity Prices System series,https://fred.stlouisfed.org/categories/32217,https://data.imf.org/en/datasets/IMF.STA:PCPS,2026-09-01T00:29:20.618727Z,none
1994-03-01,copper_price,energy-industrial,,,Global price of copper,1913.17391866,USD_per_metric_ton,monthly,FRED_IMF_PCPS,IMF Primary Commodity Prices System series,https://fred.stlouisfed.org/categories/32217,https://data.imf.org/en/datasets/IMF.STA:PCPS,2026-09-01T00:29:20.618727Z,none
1994-04-01,copper_price,energy-industrial,,,Global price of copper,1881.36846714,USD_per_metric_ton,monthly,FRED_IMF_PCPS,IMF Primary Commodity Prices System series,https://fred.stlouisfed.org/categories/32217,https://data.imf.org/en/datasets/IMF.STA:PCPS,2026-09-01T00:29:20.618727Z,none
1994-05-01,copper_price,energy-industrial,,,Global price of copper,2144.50007046,USD_per_metric_ton,monthly,FRED_IMF_PCPS,IMF Primary Commodity Prices System series,https://fred.stlouisfed.org/categories/32217,https://data.imf.org/en/datasets/IMF.STA:PCPS,2026-09-01T00:29:20.618727Z,none
1994-06-01,copper_price,energy-industrial,,,Global price of copper,2363.09102303,USD_per_metric_ton,monthly,FRED_IMF_PCPS,IMF Primary Commodity Prices System series,https://fred.stlouisfed.org/categories/32217,https://data.imf.org/en/datasets/IMF.STA:PCPS,2026-09-01T00:29:20.618727Z,none
1994-07-01,copper_price,energy-industrial,,,Global price of copper,2447.23803405,USD_per_metric_ton,monthly,FRED_IMF_PCPS,IMF Primary Commodity Prices System series,https://fred.stlouisfed.org/categories/32217,https://data.imf.org/en/datasets/IMF.STA:PCPS,2026-09-01T00:29:20.618727Z,none
1994-08-01,copper_price,energy-industrial,,,Global price of copper,2409.74997398,USD_per_metric_ton,monthly,FRED_IMF_PCPS,IMF Primary Commodity Prices System series,https://fred.stlouisfed.org/categories/32217,https://data.imf.org/en/datasets/IMF.STA:PCPS,2026-09-01T00:29:20.618727Z,none
1994-09-01,copper_price,energy-industrial,,,Global price of copper,2504.84103139,USD_per_metric_ton,monthly,FRED_IMF_PCPS,IMF Primary Commodity Prices System series,https://fred.stlouisfed.org/categories/32217,https://data.imf.org/en/datasets/IMF.STA:PCPS,2026-09-01T00:29:20.618727Z,none
1994-10-01,copper_price,energy-industrial,,,Global price of copper,2546.02375416,USD_per_metric_ton,monthly,FRED_IMF_PCPS,IMF Primary Commodity Prices System series,https://fred.stlouisfed.org/categories/32217,https://data.imf.org/en/datasets/IMF.STA:PCPS,2026-09-01T00:29:20.618727Z,none
1994-11-01,copper_price,energy-industrial,,,Global price of copper,2803.54541098,USD_per_metric_ton,monthly,FRED_IMF_PCPS,IMF Primary Commodity Prices System series,https://fred.stlouisfed.org/categories/32217,https://data.imf.org/en/datasets/IMF.STA:PCPS,2026-09-01T00:29:20.618727Z,none
1994-12-01,copper_price,energy-industrial,,,Global price of copper,2980.69999645,USD_per_metric_ton,monthly,FRED_IMF_PCPS,IMF Primary Commodity Prices System series,https://fred.stlouisfed.org/categories/32217,https://data.imf.org/en/datasets/IMF.STA:PCPS,2026-09-01T00:29:20.618727Z,none
1995-01-01,copper_price,energy-industrial,,,Global price of copper,3003.26189507,USD_per_metric_ton,monthly,FRED_IMF_PCPS,IMF Primary Commodity Prices System series,https://fred.stlouisfed.org/categories/32217,https://data.imf.org/en/datasets/IMF.STA:PCPS,2026-09-01T00:29:20.618727Z,none
1995-02-01,copper_price,energy-industrial,,,Global price of copper,2870.45015815,USD_per_metric_ton,monthly,FRED_IMF_PCPS,IMF Primary Commodity Prices System series,https://fred.stlouisfed.org/categories/32217,https://data.imf.org/en/datasets/IMF.STA:PCPS,2026-09-01T00:29:20.618727Z,none
1995-03-01,copper_price,energy-industrial,,,Global price of copper,2919.67397805,USD_per_metric_ton,monthly,FRED_IMF_PCPS,IMF Primary Commodity Prices System series,https://fred.stlouisfed.org/categories/32217,https://data.imf.org/en/datasets/IMF.STA:PCPS,2026-09-01T00:29:20.618727Z,none
1995-04-01,copper_price,energy-industrial,,,Global price of copper,2894.88882296,USD_per_metric_ton,monthly,FRED_IMF_PCPS,IMF Primary Commodity Prices System series,https://fred.stlouisfed.org/categories/32217,https://data.imf.org/en/datasets/IMF.STA:PCPS,2026-09-01T00:29:20.618727Z,none
1995-05-01,copper_price,energy-industrial,,,Global price of copper,2771.5712557,USD_per_metric_ton,monthly,FRED_IMF_PCPS,IMF Primary Commodity Prices System series,https://fred.stlouisfed.org/categories/32217,https://data.imf.org/en/datasets/IMF.STA:PCPS,2026-09-01T00:29:20.618727Z,none
1995-06-01,copper_price,energy-industrial,,,Global price of copper,2987.68194349,USD_per_metric_ton,monthly,FRED_IMF_PCPS,IMF Primary Commodity Prices System series,https://fred.stlouisfed.org/categories/32217,https://data.imf.org/en/datasets/IMF.STA:PCPS,2026-09-01T00:29:20.618727Z,none
1995-07-01,copper_price,energy-industrial,,,Global price of copper,3076.45005817,USD_per_metric_ton,monthly,FRED_IMF_PCPS,IMF Primary Commodity Prices System series,https://fred.stlouisfed.org/categories/32217,https://data.imf.org/en/datasets/IMF.STA:PCPS,2026-09-01T00:29:20.618727Z,none
1995-08-01,copper_price,energy-industrial,,,Global price of copper,3040.13619641,USD_per_metric_ton,monthly,FRED_IMF_PCPS,IMF Primary Commodity Prices System series,https://fred.stlouisfed.org/categories/32217,https://data.imf.org/en/datasets/IMF.STA:PCPS,2026-09-01T00:29:20.618727Z,none
1995-09-01,copper_price,energy-industrial,,,Global price of copper,2910.42504276,USD_per_metric_ton,monthly,FRED_IMF_PCPS,IMF Primary Commodity Prices System series,https://fred.stlouisfed.org/categories/32217,https://data.imf.org/en/datasets/IMF.STA:PCPS,2026-09-01T00:29:20.618727Z,none
1995-10-01,copper_price,energy-industrial,,,Global price of copper,2810.06817432,USD_per_metric_ton,monthly,FRED_IMF_PCPS,IMF Primary Commodity Prices System series,https://fred.stlouisfed.org/categories/32217,https://data.imf.org/en/datasets/IMF.STA:PCPS,2026-09-01T00:29:20.618727Z,none
1995-11-01,copper_price,energy-industrial,,,Global price of copper,2981.61903665,USD_per_metric_ton,monthly,FRED_IMF_PCPS,IMF Primary Commodity Prices System series,https://fred.stlouisfed.org/categories/32217,https://data.imf.org/en/datasets/IMF.STA:PCPS,2026-09-01T00:29:20.618727Z,none
1995-12-01,copper_price,energy-industrial,,,Global price of copper,2918.21064538,USD_per_metric_ton,monthly,FRED_IMF_PCPS,IMF Primary Commodity Prices System series,https://fred.stlouisfed.org/categories/32217,https://data.imf.org/en/datasets/IMF.STA:PCPS,2026-09-01T00:29:20.618727Z,none
1996-01-01,copper_price,energy-industrial,,,Global price of copper,2604.99992943,USD_per_metric_ton,monthly,FRED_IMF_PCPS,IMF Primary Commodity Prices System series,https://fred.stlouisfed.org/categories/32217,https://data.imf.org/en/datasets/IMF.STA:PCPS,2026-09-01T00:29:20.618727Z,none
1996-02-01,copper_price,energy-industrial,,,Global price of copper,2544.66672336,USD_per_metric_ton,monthly,FRED_IMF_PCPS,IMF Primary Commodity Prices System series,https://fred.stlouisfed.org/categories/32217,https://data.imf.org/en/datasets/IMF.STA:PCPS,2026-09-01T00:29:20.618727Z,none
1996-03-01,copper_price,energy-industrial,,,Global price of copper,2563.3499494,USD_per_metric_ton,monthly,FRED_IMF_PCPS,IMF Primary Commodity Prices System series,https://fred.stlouisfed.org/categories/32217,https://data.imf.org/en/datasets/IMF.STA:PCPS,2026-09-01T00:29:20.618727Z,none
1996-04-01,copper_price,energy-industrial,,,Global price of copper,2594.17496804,USD_per_metric_ton,monthly,FRED_IMF_PCPS,IMF Primary Commodity Prices System series,https://fred.stlouisfed.org/categories/32217,https://data.imf.org/en/datasets/IMF.STA:PCPS,2026-09-01T00:29:20.618727Z,none
1996-05-01,copper_price,energy-industrial,,,Global price of copper,2658.76193081,USD_per_metric_ton,monthly,FRED_IMF_PCPS,IMF Primary Commodity Prices System series,https://fred.stlouisfed.org/categories/32217,https://data.imf.org/en/datasets/IMF.STA:PCPS,2026-09-01T00:29:20.618727Z,none
1996-06-01,copper_price,energy-industrial,,,Global price of copper,2177.59998271,USD_per_metric_ton,monthly,FRED_IMF_PCPS,IMF Primary Commodity Prices System series,https://fred.stlouisfed.org/categories/32217,https://data.imf.org/en/datasets/IMF.STA:PCPS,2026-09-01T00:29:20.618727Z,none
1996-07-01,copper_price,energy-industrial,,,Global price of copper,1983.93479972,USD_per_metric_ton,monthly,FRED_IMF_PCPS,IMF Primary Commodity Prices System series,https://fred.stlouisfed.org/categories/32217,https://data.imf.org/en/datasets/IMF.STA:PCPS,2026-09-01T00:29:20.618727Z,none
1996-08-01,copper_price,energy-industrial,,,Global price of copper,2017.85720585,USD_per_metric_ton,monthly,FRED_IMF_PCPS,IMF Primary Commodity Prices System series,https://fred.stlouisfed.org/categories/32217,https://data.imf.org/en/datasets/IMF.STA:PCPS,2026-09-01T00:29:20.618727Z,none
1996-09-01,copper_price,energy-industrial,,,Global price of copper,1935.07143061,USD_per_metric_ton,monthly,FRED_IMF_PCPS,IMF Primary Commodity Prices System series,https://fred.stlouisfed.org/categories/32217,https://data.imf.org/en/datasets/IMF.STA:PCPS,2026-09-01T00:29:20.618727Z,none
1996-10-01,copper_price,energy-industrial,,,Global price of copper,1960.1956752,USD_per_metric_ton,monthly,FRED_IMF_PCPS,IMF Primary Commodity Prices System series,https://fred.stlouisfed.org/categories/32217,https://data.imf.org/en/datasets/IMF.STA:PCPS,2026-09-01T00:29:20.618727Z,none
1996-11-01,copper_price,energy-industrial,,,Global price of copper,2215.42864607,USD_per_metric_ton,monthly,FRED_IMF_PCPS,IMF Primary Commodity Prices System series,https://fred.stlouisfed.org/categories/32217,https://data.imf.org/en/datasets/IMF.STA:PCPS,2026-09-01T00:29:20.618727Z,none
1996-12-01,copper_price,energy-industrial,,,Global price of copper,2264.59527826,USD_per_metric_ton,monthly,FRED_IMF_PCPS,IMF Primary Commodity Prices System series,https://fred.stlouisfed.org/categories/32217,https://data.imf.org/en/datasets/IMF.STA:PCPS,2026-09-01T00:29:20.618727Z,none
1997-01-01,copper_price,energy-industrial,,,Global price of copper,2427.27279403,USD_per_metric_ton,monthly,FRED_IMF_PCPS,IMF Primary Commodity Prices System series,https://fred.stlouisfed.org/categories/32217,https://data.imf.org/en/datasets/IMF.STA:PCPS,2026-09-01T00:29:20.618727Z,none
1997-02-01,copper_price,energy-industrial,,,Global price of copper,2406.63156159,USD_per_metric_ton,monthly,FRED_IMF_PCPS,IMF Primary Commodity Prices System series,https://fred.stlouisfed.org/categories/32217,https://data.imf.org/en/datasets/IMF.STA:PCPS,2026-09-01T00:29:20.618727Z,none
1997-03-01,copper_price,energy-industrial,,,Global price of copper,2420.18420873,USD_per_metric_ton,monthly,FRED_IMF_PCPS,IMF Primary Commodity Prices System series,https://fred.stlouisfed.org/categories/32217,https://data.imf.org/en/datasets/IMF.STA:PCPS,2026-09-01T00:29:20.618727Z,none
1997-04-01,copper_price,energy-industrial,,,Global price of copper,2389.31814949,USD_per_metric_ton,monthly,FRED_IMF_PCPS,IMF Primary Commodity Prices System series,https://fred.stlouisfed.org/categories/32217,https://data.imf.org/en/datasets/IMF.STA:PCPS,2026-09-01T00:29:20.618727Z,none
1997-05-01,copper_price,energy-industrial,,,Global price of copper,2513.29993523,USD_per_metric_ton,monthly,FRED_IMF_PCPS,IMF Primary Commodity Prices System series,https://fred.stlouisfed.org/categories/32217,https://data.imf.org/en/datasets/IMF.STA:PCPS,2026-09-01T00:29:20.618727Z,none
1997-06-01,copper_price,energy-industrial,,,Global price of copper,2611.28570015,USD_per_metric_ton,monthly,FRED_IMF_PCPS,IMF Primary Commodity Prices System series,https://fred.stlouisfed.org/categories/32217,https://data.imf.org/en/datasets/IMF.STA:PCPS,2026-09-01T00:29:20.618727Z,none
1997-07-01,copper_price,energy-industrial,,,Global price of copper,2449.19570405,USD_per_metric_ton,monthly,FRED_IMF_PCPS,IMF Primary Commodity Prices System series,https://fred.stlouisfed.org/categories/32217,https://data.imf.org/en/datasets/IMF.STA:PCPS,2026-09-01T00:29:20.618727Z,none
1997-08-01,copper_price,energy-industrial,,,Global price of copper,2250.10004305,USD_per_metric_ton,monthly,FRED_IMF_PCPS,IMF Primary Commodity Prices System series,https://fred.stlouisfed.org/categories/32217,https://data.imf.org/en/datasets/IMF.STA:PCPS,2026-09-01T00:29:20.618727Z,none
1997-09-01,copper_price,energy-industrial,,,Global price of copper,2104.30955452,USD_per_metric_ton,monthly,FRED_IMF_PCPS,IMF Primary Commodity Prices System series,https://fred.stlouisfed.org/categories/32217,https://data.imf.org/en/datasets/IMF.STA:PCPS,2026-09-01T00:29:20.618727Z,none
1997-10-01,copper_price,energy-industrial,,,Global price of copper,2050.6955684,USD_per_metric_ton,monthly,FRED_IMF_PCPS,IMF Primary Commodity Prices System series,https://fred.stlouisfed.org/categories/32217,https://data.imf.org/en/datasets/IMF.STA:PCPS,2026-09-01T00:29:20.618727Z,none
1997-11-01,copper_price,energy-industrial,,,Global price of copper,1918.49994499,USD_per_metric_ton,monthly,FRED_IMF_PCPS,IMF Primary Commodity Prices System series,https://fred.stlouisfed.org/categories/32217,https://data.imf.org/en/datasets/IMF.STA:PCPS,2026-09-01T00:29:20.618727Z,none
1997-12-01,copper_price,energy-industrial,,,Global price of copper,1761.45239144,USD_per_metric_ton,monthly,FRED_IMF_PCPS,IMF Primary Commodity Prices System series,https://fred.stlouisfed.org/categories/32217,https://data.imf.org/en/datasets/IMF.STA:PCPS,2026-09-01T00:29:20.618727Z,none
1998-01-01,copper_price,energy-industrial,,,Global price of copper,1687.60000986,USD_per_metric_ton,monthly,FRED_IMF_PCPS,IMF Primary Commodity Prices System series,https://fred.stlouisfed.org/categories/32217,https://data.imf.org/en/datasets/IMF.STA:PCPS,2026-09-01T00:29:20.618727Z,none
1998-02-01,copper_price,energy-industrial,,,Global price of copper,1663.99998604,USD_per_metric_ton,monthly,FRED_IMF_PCPS,IMF Primary Commodity Prices System series,https://fred.stlouisfed.org/categories/32217,https://data.imf.org/en/datasets/IMF.STA:PCPS,2026-09-01T00:29:20.618727Z,none
1998-03-01,copper_price,energy-industrial,,,Global price of copper,1747.15916341,USD_per_metric_ton,monthly,FRED_IMF_PCPS,IMF Primary Commodity Prices System series,https://fred.stlouisfed.org/categories/32217,https://data.imf.org/en/datasets/IMF.STA:PCPS,2026-09-01T00:29:20.618727Z,none
1998-04-01,copper_price,energy-industrial,,,Global price of copper,1800.12507818,USD_per_metric_ton,monthly,FRED_IMF_PCPS,IMF Primary Commodity Prices System series,https://fred.stlouisfed.org/categories/32217,https://data.imf.org/en/datasets/IMF.STA:PCPS,2026-09-01T00:29:20.618727Z,none
1998-05-01,copper_price,energy-industrial,,,Global price of copper,1731.65792904,USD_per_metric_ton,monthly,FRED_IMF_PCPS,IMF Primary Commodity Prices System series,https://fred.stlouisfed.org/categories/32217,https://data.imf.org/en/datasets/IMF.STA:PCPS,2026-09-01T00:29:20.618727Z,none
1998-06-01,copper_price,energy-industrial,,,Global price of copper,1656.59518633,USD_per_metric_ton,monthly,FRED_IMF_PCPS,IMF Primary Commodity Prices System series,https://fred.stlouisfed.org/categories/32217,https://data.imf.org/en/datasets/IMF.STA:PCPS,2026-09-01T00:29:20.618727Z,none
1998-07-01,copper_price,energy-industrial,,,Global price of copper,1655.66672697,USD_per_metric_ton,monthly,FRED_IMF_PCPS,IMF Primary Commodity Prices System series,https://fred.stlouisfed.org/categories/32217,https://data.imf.org/en/datasets/IMF.STA:PCPS,2026-09-01T00:29:20.618727Z,none
1998-08-01,copper_price,energy-industrial,,,Global price of copper,1619.92507876,USD_per_metric_ton,monthly,FRED_IMF_PCPS,IMF Primary Commodity Prices System series,https://fred.stlouisfed.org/categories/32217,https://data.imf.org/en/datasets/IMF.STA:PCPS,2026-09-01T00:29:20.618727Z,none
1998-09-01,copper_price,energy-industrial,,,Global price of copper,1646.77269191,USD_per_metric_ton,monthly,FRED_IMF_PCPS,IMF Primary Commodity Prices System series,https://fred.stlouisfed.org/categories/32217,https://data.imf.org/en/datasets/IMF.STA:PCPS,2026-09-01T00:29:20.618727Z,none
1998-10-01,copper_price,energy-industrial,,,Global price of copper,1585.49992535,USD_per_metric_ton,monthly,FRED_IMF_PCPS,IMF Primary Commodity Prices System series,https://fred.stlouisfed.org/categories/32217,https://data.imf.org/en/datasets/IMF.STA:PCPS,2026-09-01T00:29:20.618727Z,none
1998-11-01,copper_price,energy-industrial,,,Global price of copper,1573.72497511,USD_per_metric_ton,monthly,FRED_IMF_PCPS,IMF Primary Commodity Prices System series,https://fred.stlouisfed.org/categories/32217,https://data.imf.org/en/datasets/IMF.STA:PCPS,2026-09-01T00:29:20.618727Z,none
1998-12-01,copper_price,energy-industrial,,,Global price of copper,1475.76309447,USD_per_metric_ton,monthly,FRED_IMF_PCPS,IMF Primary Commodity Prices System series,https://fred.stlouisfed.org/categories/32217,https://data.imf.org/en/datasets/IMF.STA:PCPS,2026-09-01T00:29:20.618727Z,none
1999-01-01,copper_price,energy-industrial,,,Global price of copper,1432.00002842,USD_per_metric_ton,monthly,FRED_IMF_PCPS,IMF Primary Commodity Prices System series,https://fred.stlouisfed.org/categories/32217,https://data.imf.org/en/datasets/IMF.STA:PCPS,2026-09-01T00:29:20.618727Z,none
1999-02-01,copper_price,energy-industrial,,,Global price of copper,1412.95,USD_per_metric_ton,monthly,FRED_IMF_PCPS,IMF Primary Commodity Prices System series,https://fred.stlouisfed.org/categories/32217,https://data.imf.org/en/datasets/IMF.STA:PCPS,2026-09-01T00:29:20.618727Z,none
1999-03-01,copper_price,energy-industrial,,,Global price of copper,1378.47727273,USD_per_metric_ton,monthly,FRED_IMF_PCPS,IMF Primary Commodity Prices System series,https://fred.stlouisfed.org/categories/32217,https://data.imf.org/en/datasets/IMF.STA:PCPS,2026-09-01T00:29:20.618727Z,none
1999-04-01,copper_price,energy-industrial,,,Global price of copper,1463.725,USD_per_metric_ton,monthly,FRED_IMF_PCPS,IMF Primary Commodity Prices System series,https://fred.stlouisfed.org/categories/32217,https://data.imf.org/en/datasets/IMF.STA:PCPS,2026-09-01T00:29:20.618727Z,none
1999-05-01,copper_price,energy-industrial,,,Global price of copper,1510.44736842,USD_per_metric_ton,monthly,FRED_IMF_PCPS,IMF Primary Commodity Prices System series,https://fred.stlouisfed.org/categories/32217,https://data.imf.org/en/datasets/IMF.STA:PCPS,2026-09-01T00:29:20.618727Z,none
1999-06-01,copper_price,energy-industrial,,,Global price of copper,1422.15909091,USD_per_metric_ton,monthly,FRED_IMF_PCPS,IMF Primary Commodity Prices System series,https://fred.stlouisfed.org/categories/32217,https://data.imf.org/en/datasets/IMF.STA:PCPS,2026-09-01T00:29:20.618727Z,none
1999-07-01,copper_price,energy-industrial,,,Global price of copper,1639.18181818,USD_per_metric_ton,monthly,FRED_IMF_PCPS,IMF Primary Commodity Prices System series,https://fred.stlouisfed.org/categories/32217,https://data.imf.org/en/datasets/IMF.STA:PCPS,2026-09-01T00:29:20.618727Z,none
1999-08-01,copper_price,energy-industrial,,,Global price of copper,1646.73809524,USD_per_metric_ton,monthly,FRED_IMF_PCPS,IMF Primary Commodity Prices System series,https://fred.stlouisfed.org/categories/32217,https://data.imf.org/en/datasets/IMF.STA:PCPS,2026-09-01T00:29:20.618727Z,none
1999-09-01,copper_price,energy-industrial,,,Global price of copper,1749.68181818,USD_per_metric_ton,monthly,FRED_IMF_PCPS,IMF Primary Commodity Prices System series,https://fred.stlouisfed.org/categories/32217,https://data.imf.org/en/datasets/IMF.STA:PCPS,2026-09-01T00:29:20.618727Z,none
1999-10-01,copper_price,energy-industrial,,,Global price of copper,1723.28571429,USD_per_metric_ton,monthly,FRED_IMF_PCPS,IMF Primary Commodity Prices System series,https://fred.stlouisfed.org/categories/32217,https://data.imf.org/en/datasets/IMF.STA:PCPS,2026-09-01T00:29:20.618727Z,none
1999-11-01,copper_price,energy-industrial,,,Global price of copper,1726.77272727,USD_per_metric_ton,monthly,FRED_IMF_PCPS,IMF Primary Commodity Prices System series,https://fred.stlouisfed.org/categories/32217,https://data.imf.org/en/datasets/IMF.STA:PCPS,2026-09-01T00:29:20.618727Z,none
1999-12-01,copper_price,energy-industrial,,,Global price of copper,1764.88235294,USD_per_metric_ton,monthly,FRED_IMF_PCPS,IMF Primary Commodity Prices System series,https://fred.stlouisfed.org/categories/32217,https://data.imf.org/en/datasets/IMF.STA:PCPS,2026-09-01T00:29:20.618727Z,none
2000-01-01,copper_price,energy-industrial,,,Global price of copper,1843.85,USD_per_metric_ton,monthly,FRED_IMF_PCPS,IMF Primary Commodity Prices System series,https://fred.stlouisfed.org/categories/32217,https://data.imf.org/en/datasets/IMF.STA:PCPS,2026-09-01T00:29:20.618727Z,none
2000-02-01,copper_price,energy-industrial,,,Global price of copper,1807.025,USD_per_metric_ton,monthly,FRED_IMF_PCPS,IMF Primary Commodity Prices System series,https://fred.stlouisfed.org/categories/32217,https://data.imf.org/en/datasets/IMF.STA:PCPS,2026-09-01T00:29:20.618727Z,none
2000-03-01,copper_price,energy-industrial,,,Global price of copper,1739.8,USD_per_metric_ton,monthly,FRED_IMF_PCPS,IMF Primary Commodity Prices System series,https://fred.stlouisfed.org/categories/32217,https://data.imf.org/en/datasets/IMF.STA:PCPS,2026-09-01T00:29:20.618727Z,none
2000-04-01,copper_price,energy-industrial,,,Global price of copper,1681.9075,USD_per_metric_ton,monthly,FRED_IMF_PCPS,IMF Primary Commodity Prices System series,https://fred.stlouisfed.org/categories/32217,https://data.imf.org/en/datasets/IMF.STA:PCPS,2026-09-01T00:29:20.618727Z,none
2000-05-01,copper_price,energy-industrial,,,Global price of copper,1785.09782609,USD_per_metric_ton,monthly,FRED_IMF_PCPS,IMF Primary Commodity Prices System series,https://fred.stlouisfed.org/categories/32217,https://data.imf.org/en/datasets/IMF.STA:PCPS,2026-09-01T00:29:20.618727Z,none
2000-06-01,copper_price,energy-industrial,,,Global price of copper,1752.07272727,USD_per_metric_ton,monthly,FRED_IMF_PCPS,IMF Primary Commodity Prices System series,https://fred.stlouisfed.org/categories/32217,https://data.imf.org/en/datasets/IMF.STA:PCPS,2026-09-01T00:29:20.618727Z,none
2000-07-01,copper_price,energy-industrial,,,Global price of copper,1803.14285714,USD_per_metric_ton,monthly,FRED_IMF_PCPS,IMF Primary Commodity Prices System series,https://fred.stlouisfed.org/categories/32217,https://data.imf.org/en/datasets/IMF.STA:PCPS,2026-09-01T00:29:20.618727Z,none
2000-08-01,copper_price,energy-industrial,,,Global price of copper,1857.12391304,USD_per_metric_ton,monthly,FRED_IMF_PCPS,IMF Primary Commodity Prices System series,https://fred.stlouisfed.org/categories/32217,https://data.imf.org/en/datasets/IMF.STA:PCPS,2026-09-01T00:29:20.618727Z,none
2000-09-01,copper_price,energy-industrial,,,Global price of copper,1961.89285714,USD_per_metric_ton,monthly,FRED_IMF_PCPS,IMF Primary Commodity Prices System series,https://fred.stlouisfed.org/categories/32217,https://data.imf.org/en/datasets/IMF.STA:PCPS,2026-09-01T00:29:20.618727Z,none
2000-10-01,copper_price,energy-industrial,,,Global price of copper,1894.37272727,USD_per_metric_ton,monthly,FRED_IMF_PCPS,IMF Primary Commodity Prices System series,https://fred.stlouisfed.org/categories/32217,https://data.imf.org/en/datasets/IMF.STA:PCPS,2026-09-01T00:29:20.618727Z,none
2000-11-01,copper_price,energy-industrial,,,Global price of copper,1795.60227273,USD_per_metric_ton,monthly,FRED_IMF_PCPS,IMF Primary Commodity Prices System series,https://fred.stlouisfed.org/categories/32217,https://data.imf.org/en/datasets/IMF.STA:PCPS,2026-09-01T00:29:20.618727Z,none
2000-12-01,copper_price,energy-industrial,,,Global price of copper,1852.4,USD_per_metric_ton,monthly,FRED_IMF_PCPS,IMF Primary Commodity Prices System series,https://fred.stlouisfed.org/categories/32217,https://data.imf.org/en/datasets/IMF.STA:PCPS,2026-09-01T00:29:20.618727Z,none
2001-01-01,copper_price,energy-industrial,,,Global price of copper,1787.05681818,USD_per_metric_ton,monthly,FRED_IMF_PCPS,IMF Primary Commodity Prices System series,https://fred.stlouisfed.org/categories/32217,https://data.imf.org/en/datasets/IMF.STA:PCPS,2026-09-01T00:29:20.618727Z,none
2001-02-01,copper_price,energy-industrial,,,Global price of copper,1766.125,USD_per_metric_ton,monthly,FRED_IMF_PCPS,IMF Primary Commodity Prices System series,https://fred.stlouisfed.org/categories/32217,https://data.imf.org/en/datasets/IMF.STA:PCPS,2026-09-01T00:29:20.618727Z,none
2001-03-01,copper_price,energy-industrial,,,Global price of copper,1742.15909091,USD_per_metric_ton,monthly,FRED_IMF_PCPS,IMF Primary Commodity Prices System series,https://fred.stlouisfed.org/categories/32217,https://data.imf.org/en/datasets/IMF.STA:PCPS,2026-09-01T00:29:20.618727Z,none
2001-04-01,copper_price,energy-industrial,,,Global price of copper,1665.97222222,USD_per_metric_ton,monthly,FRED_IMF_PCPS,IMF Primary Commodity Prices System series,https://fred.stlouisfed.org/categories/32217,https://data.imf.org/en/datasets/IMF.STA:PCPS,2026-09-01T00:29:20.618727Z,none
2001-05-01,copper_price,energy-industrial,,,Global price of copper,1684.85,USD_per_metric_ton,monthly,FRED_IMF_PCPS,IMF Primary Commodity Prices System series,https://fred.stlouisfed.org/categories/32217,https://data.imf.org/en/datasets/IMF.STA:PCPS,2026-09-01T00:29:20.618727Z,none
2001-06-01,copper_price,energy-industrial,,,Global price of copper,1610.46904762,USD_per_metric_ton,monthly,FRED_IMF_PCPS,IMF Primary Commodity Prices System series,https://fred.stlouisfed.org/categories/32217,https://data.imf.org/en/datasets/IMF.STA:PCPS,2026-09-01T00:29:20.618727Z,none
2001-07-01,copper_price,energy-industrial,,,Global price of copper,1526.77045455,USD_per_metric_ton,monthly,FRED_IMF_PCPS,IMF Primary Commodity Prices System series,https://fred.stlouisfed.org/categories/32217,https://data.imf.org/en/datasets/IMF.STA:PCPS,2026-09-01T00:29:20.618727Z,none
2001-08-01,copper_price,energy-industrial,,,Global price of copper,1466.41136364,USD_per_metric_ton,monthly,FRED_IMF_PCPS,IMF Primary Commodity Prices System series,https://fred.stlouisfed.org/categories/32217,https://data.imf.org/en/datasets/IMF.STA:PCPS,2026-09-01T00:29:20.618727Z,none
2001-09-01,copper_price,energy-industrial,,,Global price of copper,1427.69736842,USD_per_metric_ton,monthly,FRED_IMF_PCPS,IMF Primary Commodity Prices System series,https://fred.stlouisfed.org/categories/32217,https://data.imf.org/en/datasets/IMF.STA:PCPS,2026-09-01T00:29:20.618727Z,none
2001-10-01,copper_price,energy-industrial,,,Global price of copper,1377.37608696,USD_per_metric_ton,monthly,FRED_IMF_PCPS,IMF Primary Commodity Prices System series,https://fred.stlouisfed.org/categories/32217,https://data.imf.org/en/datasets/IMF.STA:PCPS,2026-09-01T00:29:20.618727Z,none
2001-11-01,copper_price,energy-industrial,,,Global price of copper,1434.29318182,USD_per_metric_ton,monthly,FRED_IMF_PCPS,IMF Primary Commodity Prices System series,https://fred.stlouisfed.org/categories/32217,https://data.imf.org/en/datasets/IMF.STA:PCPS,2026-09-01T00:29:20.618727Z,none
2001-12-01,copper_price,energy-industrial,,,Global price of copper,1472.84705882,USD_per_metric_ton,monthly,FRED_IMF_PCPS,IMF Primary Commodity Prices System series,https://fred.stlouisfed.org/categories/32217,https://data.imf.org/en/datasets/IMF.STA:PCPS,2026-09-01T00:29:20.618727Z,none
2002-01-01,copper_price,energy-industrial,,,Global price of copper,1508.22727273,USD_per_metric_ton,monthly,FRED_IMF_PCPS,IMF Primary Commodity Prices System series,https://fred.stlouisfed.org/categories/32217,https://data.imf.org/en/datasets/IMF.STA:PCPS,2026-09-01T00:29:20.618727Z,none
2002-02-01,copper_price,energy-industrial,,,Global price of copper,1561.3675,USD_per_metric_ton,monthly,FRED_IMF_PCPS,IMF Primary Commodity Prices System series,https://fred.stlouisfed.org/categories/32217,https://data.imf.org/en/datasets/IMF.STA:PCPS,2026-09-01T00:29:20.618727Z,none
2002-03-01,copper_price,energy-industrial,,,Global price of copper,1607.3925,USD_per_metric_ton,monthly,FRED_IMF_PCPS,IMF Primary Commodity Prices System series,https://fred.stlouisfed.org/categories/32217,https://data.imf.org/en/datasets/IMF.STA:PCPS,2026-09-01T00:29:20.618727Z,none
2002-04-01,copper_price,energy-industrial,,,Global price of copper,1588.57142857,USD_per_metric_ton,monthly,FRED_IMF_PCPS,IMF Primary Commodity Prices System series,https://fred.stlouisfed.org/categories/32217,https://data.imf.org/en/datasets/IMF.STA:PCPS,2026-09-01T00:29:20.618727Z,none
2002-05-01,copper_price,energy-industrial,,,Global price of copper,1597.02272727,USD_per_metric_ton,monthly,FRED_IMF_PCPS,IMF Primary Commodity Prices System series,https://fred.stlouisfed.org/categories/32217,https://data.imf.org/en/datasets/IMF.STA:PCPS,2026-09-01T00:29:20.618727Z,none
2002-06-01,copper_price,energy-industrial,,,Global price of copper,1650.59444444,USD_per_metric_ton,monthly,FRED_IMF_PCPS,IMF Primary Commodity Prices System series,https://fred.stlouisfed.org/categories/32217,https://data.imf.org/en/datasets/IMF.STA:PCPS,2026-09-01T00:29:20.618727Z,none
2002-07-01,copper_price,energy-industrial,,,Global price of copper,1588.28478261,USD_per_metric_ton,monthly,FRED_IMF_PCPS,IMF Primary Commodity Prices System series,https://fred.stlouisfed.org/categories/32217,https://data.imf.org/en/datasets/IMF.STA:PCPS,2026-09-01T00:29:20.618727Z,none
2002-08-01,copper_price,energy-industrial,,,Global price of copper,1482.91666667,USD_per_metric_ton,monthly,FRED_IMF_PCPS,IMF Primary Commodity Prices System series,https://fred.stlouisfed.org/categories/32217,https://data.imf.org/en/datasets/IMF.STA:PCPS,2026-09-01T00:29:20.618727Z,none
2002-09-01,copper_price,energy-industrial,,,Global price of copper,1478.93333333,USD_per_metric_ton,monthly,FRED_IMF_PCPS,IMF Primary Commodity Prices System series,https://fred.stlouisfed.org/categories/32217,https://data.imf.org/en/datasets/IMF.STA:PCPS,2026-09-01T00:29:20.618727Z,none
2002-10-01,copper_price,energy-industrial,,,Global price of copper,1486.17173913,USD_per_metric_ton,monthly,FRED_IMF_PCPS,IMF Primary Commodity Prices System series,https://fred.stlouisfed.org/categories/32217,https://data.imf.org/en/datasets/IMF.STA:PCPS,2026-09-01T00:29:20.618727Z,none
2002-11-01,copper_price,energy-industrial,,,Global price of copper,1581.03571429,USD_per_metric_ton,monthly,FRED_IMF_PCPS,IMF Primary Commodity Prices System series,https://fred.stlouisfed.org/categories/32217,https://data.imf.org/en/datasets/IMF.STA:PCPS,2026-09-01T00:29:20.618727Z,none
2002-12-01,copper_price,energy-industrial,,,Global price of copper,1592.96428571,USD_per_metric_ton,monthly,FRED_IMF_PCPS,IMF Primary Commodity Prices System series,https://fred.stlouisfed.org/categories/32217,https://data.imf.org/en/datasets/IMF.STA:PCPS,2026-09-01T00:29:20.618727Z,none
2003-01-01,copper_price,energy-industrial,,,Global price of copper,1650.31136364,USD_per_metric_ton,monthly,FRED_IMF_PCPS,IMF Primary Commodity Prices System series,https://fred.stlouisfed.org/categories/32217,https://data.imf.org/en/datasets/IMF.STA:PCPS,2026-09-01T00:29:20.618727Z,none
2003-02-01,copper_price,energy-industrial,,,Global price of copper,1682.145,USD_per_metric_ton,monthly,FRED_IMF_PCPS,IMF Primary Commodity Prices System series,https://fred.stlouisfed.org/categories/32217,https://data.imf.org/en/datasets/IMF.STA:PCPS,2026-09-01T00:29:20.618727Z,none
2003-03-01,copper_price,energy-industrial,,,Global price of copper,1655.69285714,USD_per_metric_ton,monthly,FRED_IMF_PCPS,IMF Primary Commodity Prices System series,https://fred.stlouisfed.org/categories/32217,https://data.imf.org/en/datasets/IMF.STA:PCPS,2026-09-01T00:29:20.618727Z,none
2003-04-01,copper_price,energy-industrial,,,Global price of copper,1587.8675,USD_per_metric_ton,monthly,FRED_IMF_PCPS,IMF Primary Commodity Prices System series,https://fred.stlouisfed.org/categories/32217,https://data.imf.org/en/datasets/IMF.STA:PCPS,2026-09-01T00:29:20.618727Z,none
2003-05-01,copper_price,energy-industrial,,,Global price of copper,1651.1,USD_per_metric_ton,monthly,FRED_IMF_PCPS,IMF Primary Commodity Prices System series,https://fred.stlouisfed.org/categories/32217,https://data.imf.org/en/datasets/IMF.STA:PCPS,2026-09-01T00:29:20.618727Z,none
2003-06-01,copper_price,energy-industrial,,,Global price of copper,1685.10714286,USD_per_metric_ton,monthly,FRED_IMF_PCPS,IMF Primary Commodity Prices System series,https://fred.stlouisfed.org/categories/32217,https://data.imf.org/en/datasets/IMF.STA:PCPS,2026-09-01T00:29:20.618727Z,none
2003-07-01,copper_price,energy-industrial,,,Global price of copper,1712.82608696,USD_per_metric_ton,monthly,FRED_IMF_PCPS,IMF Primary Commodity Prices System series,https://fred.stlouisfed.org/categories/32217,https://data.imf.org/en/datasets/IMF.STA:PCPS,2026-09-01T00:29:20.618727Z,none
2003-08-01,copper_price,energy-industrial,,,Global price of copper,1756.725,USD_per_metric_ton,monthly,FRED_IMF_PCPS,IMF Primary Commodity Prices System series,https://fred.stlouisfed.org/categories/32217,https://data.imf.org/en/datasets/IMF.STA:PCPS,2026-09-01T00:29:20.618727Z,none
2003-09-01,copper_price,energy-industrial,,,Global price of copper,1789.67045455,USD_per_metric_ton,monthly,FRED_IMF_PCPS,IMF Primary Commodity Prices System series,https://fred.stlouisfed.org/categories/32217,https://data.imf.org/en/datasets/IMF.STA:PCPS,2026-09-01T00:29:20.618727Z,none
2003-10-01,copper_price,energy-industrial,,,Global price of copper,1925.5826087,USD_per_metric_ton,monthly,FRED_IMF_PCPS,IMF Primary Commodity Prices System series,https://fred.stlouisfed.org/categories/32217,https://data.imf.org/en/datasets/IMF.STA:PCPS,2026-09-01T00:29:20.618727Z,none
2003-11-01,copper_price,energy-industrial,,,Global price of copper,2053.275,USD_per_metric_ton,monthly,FRED_IMF_PCPS,IMF Primary Commodity Prices System series,https://fred.stlouisfed.org/categories/32217,https://data.imf.org/en/datasets/IMF.STA:PCPS,2026-09-01T00:29:20.618727Z,none
2003-12-01,copper_price,energy-industrial,,,Global price of copper,2202.03571429,USD_per_metric_ton,monthly,FRED_IMF_PCPS,IMF Primary Commodity Prices System series,https://fred.stlouisfed.org/categories/32217,https://data.imf.org/en/datasets/IMF.STA:PCPS,2026-09-01T00:29:20.618727Z,none
2004-01-01,copper_price,energy-industrial,,,Global price of copper,2421.47619048,USD_per_metric_ton,monthly,FRED_IMF_PCPS,IMF Primary Commodity Prices System series,https://fred.stlouisfed.org/categories/32217,https://data.imf.org/en/datasets/IMF.STA:PCPS,2026-09-01T00:29:20.618727Z,none
2004-02-01,copper_price,energy-industrial,,,Global price of copper,2751.7175,USD_per_metric_ton,monthly,FRED_IMF_PCPS,IMF Primary Commodity Prices System series,https://fred.stlouisfed.org/categories/32217,https://data.imf.org/en/datasets/IMF.STA:PCPS,2026-09-01T00:29:20.618727Z,none
2004-03-01,copper_price,energy-industrial,,,Global price of copper,3000.2826087,USD_per_metric_ton,monthly,FRED_IMF_PCPS,IMF Primary Commodity Prices System series,https://fred.stlouisfed.org/categories/32217,https://data.imf.org/en/datasets/IMF.STA:PCPS,2026-09-01T00:29:20.618727Z,none
2004-04-01,copper_price,energy-industrial,,,Global price of copper,2926.975,USD_per_metric_ton,monthly,FRED_IMF_PCPS,IMF Primary Commodity Prices System series,https://fred.stlouisfed.org/categories/32217,https://data.imf.org/en/datasets/IMF.STA:PCPS,2026-09-01T00:29:20.618727Z,none
2004-05-01,copper_price,energy-industrial,,,Global price of copper,2728.46052632,USD_per_metric_ton,monthly,FRED_IMF_PCPS,IMF Primary Commodity Prices System series,https://fred.stlouisfed.org/categories/32217,https://data.imf.org/en/datasets/IMF.STA:PCPS,2026-09-01T00:29:20.618727Z,none
2004-06-01,copper_price,energy-industrial,,,Global price of copper,2689.04545455,USD_per_metric_ton,monthly,FRED_IMF_PCPS,IMF Primary Commodity Prices System series,https://fred.stlouisfed.org/categories/32217,https://data.imf.org/en/datasets/IMF.STA:PCPS,2026-09-01T00:29:20.618727Z,none
2004-07-01,copper_price,energy-industrial,,,Global price of copper,2816.79545455,USD_per_metric_ton,monthly,FRED_IMF_PCPS,IMF Primary Commodity Prices System series,https://fred.stlouisfed.org/categories/32217,https://data.imf.org/en/datasets/IMF.STA:PCPS,2026-09-01T00:29:20.618727Z,none
2004-08-01,copper_price,energy-industrial,,,Global price of copper,2844.20238095,USD_per_metric_ton,monthly,FRED_IMF_PCPS,IMF Primary Commodity Prices System series,https://fred.stlouisfed.org/categories/32217,https://data.imf.org/en/datasets/IMF.STA:PCPS,2026-09-01T00:29:20.618727Z,none
2004-09-01,copper_price,energy-industrial,,,Global price of copper,2903.17045455,USD_per_metric_ton,monthly,FRED_IMF_PCPS,IMF Primary Commodity Prices System series,https://fred.stlouisfed.org/categories/32217,https://data.imf.org/en/datasets/IMF.STA:PCPS,2026-09-01T00:29:20.618727Z,none
2004-10-01,copper_price,energy-industrial,,,Global price of copper,3009.4047619,USD_per_metric_ton,monthly,FRED_IMF_PCPS,IMF Primary Commodity Prices System series,https://fred.stlouisfed.org/categories/32217,https://data.imf.org/en/datasets/IMF.STA:PCPS,2026-09-01T00:29:20.618727Z,none
2004-11-01,copper_price,energy-industrial,,,Global price of copper,3130.30909091,USD_per_metric_ton,monthly,FRED_IMF_PCPS,IMF Primary Commodity Prices System series,https://fred.stlouisfed.org/categories/32217,https://data.imf.org/en/datasets/IMF.STA:PCPS,2026-09-01T00:29:20.618727Z,none
2004-12-01,copper_price,energy-industrial,,,Global price of copper,3139.78571429,USD_per_metric_ton,monthly,FRED_IMF_PCPS,IMF Primary Commodity Prices System series,https://fred.stlouisfed.org/categories/32217,https://data.imf.org/en/datasets/IMF.STA:PCPS,2026-09-01T00:29:20.618727Z,none
2005-01-01,copper_price,energy-industrial,,,Global price of copper,3168.1,USD_per_metric_ton,monthly,FRED_IMF_PCPS,IMF Primary Commodity Prices System series,https://fred.stlouisfed.org/categories/32217,https://data.imf.org/en/datasets/IMF.STA:PCPS,2026-09-01T00:29:20.618727Z,none
2005-02-01,copper_price,energy-industrial,,,Global price of copper,3247.1,USD_per_metric_ton,monthly,FRED_IMF_PCPS,IMF Primary Commodity Prices System series,https://fred.stlouisfed.org/categories/32217,https://data.imf.org/en/datasets/IMF.STA:PCPS,2026-09-01T00:29:20.618727Z,none
2005-03-01,copper_price,energy-industrial,,,Global price of copper,3378.9047619,USD_per_metric_ton,monthly,FRED_IMF_PCPS,IMF Primary Commodity Prices System series,https://fred.stlouisfed.org/categories/32217,https://data.imf.org/en/datasets/IMF.STA:PCPS,2026-09-01T00:29:20.618727Z,none
2005-04-01,copper_price,energy-industrial,,,Global price of copper,3389.80952381,USD_per_metric_ton,monthly,FRED_IMF_PCPS,IMF Primary Commodity Prices System series,https://fred.stlouisfed.org/categories/32217,https://data.imf.org/en/datasets/IMF.STA:PCPS,2026-09-01T00:29:20.618727Z,none
2005-05-01,copper_price,energy-industrial,,,Global price of copper,3241.9,USD_per_metric_ton,monthly,FRED_IMF_PCPS,IMF Primary Commodity Prices System series,https://fred.stlouisfed.org/categories/32217,https://data.imf.org/en/datasets/IMF.STA:PCPS,2026-09-01T00:29:20.618727Z,none
2005-06-01,copper_price,energy-industrial,,,Global price of copper,3529.72727273,USD_per_metric_ton,monthly,FRED_IMF_PCPS,IMF Primary Commodity Prices System series,https://fred.stlouisfed.org/categories/32217,https://data.imf.org/en/datasets/IMF.STA:PCPS,2026-09-01T00:29:20.618727Z,none
2005-07-01,copper_price,energy-industrial,,,Global price of copper,3608.47619048,USD_per_metric_ton,monthly,FRED_IMF_PCPS,IMF Primary Commodity Prices System series,https://fred.stlouisfed.org/categories/32217,https://data.imf.org/en/datasets/IMF.STA:PCPS,2026-09-01T00:29:20.618727Z,none
2005-08-01,copper_price,energy-industrial,,,Global price of copper,3791.90909091,USD_per_metric_ton,monthly,FRED_IMF_PCPS,IMF Primary Commodity Prices System series,https://fred.stlouisfed.org/categories/32217,https://data.imf.org/en/datasets/IMF.STA:PCPS,2026-09-01T00:29:20.618727Z,none
2005-09-01,copper_price,energy-industrial,,,Global price of copper,3850.65909091,USD_per_metric_ton,monthly,FRED_IMF_PCPS,IMF Primary Commodity Prices System series,https://fred.stlouisfed.org/categories/32217,https://data.imf.org/en/datasets/IMF.STA:PCPS,2026-09-01T00:29:20.618727Z,none
2005-10-01,copper_price,energy-industrial,,,Global price of copper,4056.16666667,USD_per_metric_ton,monthly,FRED_IMF_PCPS,IMF Primary Commodity Prices System series,https://fred.stlouisfed.org/categories/32217,https://data.imf.org/en/datasets/IMF.STA:PCPS,2026-09-01T00:29:20.618727Z,none
2005-11-01,copper_price,energy-industrial,,,Global price of copper,4278.15909091,USD_per_metric_ton,monthly,FRED_IMF_PCPS,IMF Primary Commodity Prices System series,https://fred.stlouisfed.org/categories/32217,https://data.imf.org/en/datasets/IMF.STA:PCPS,2026-09-01T00:29:20.618727Z,none
2005-12-01,copper_price,energy-industrial,,,Global price of copper,4577.025,USD_per_metric_ton,monthly,FRED_IMF_PCPS,IMF Primary Commodity Prices System series,https://fred.stlouisfed.org/categories/32217,https://data.imf.org/en/datasets/IMF.STA:PCPS,2026-09-01T00:29:20.618727Z,none
2006-01-01,copper_price,energy-industrial,,,Global price of copper,4743.85714286,USD_per_metric_ton,monthly,FRED_IMF_PCPS,IMF Primary Commodity Prices System series,https://fred.stlouisfed.org/categories/32217,https://data.imf.org/en/datasets/IMF.STA:PCPS,2026-09-01T00:29:20.618727Z,none
2006-02-01,copper_price,energy-industrial,,,Global price of copper,4974.975,USD_per_metric_ton,monthly,FRED_IMF_PCPS,IMF Primary Commodity Prices System series,https://fred.stlouisfed.org/categories/32217,https://data.imf.org/en/datasets/IMF.STA:PCPS,2026-09-01T00:29:20.618727Z,none
2006-03-01,copper_price,energy-industrial,,,Global price of copper,5123.67391304,USD_per_metric_ton,monthly,FRED_IMF_PCPS,IMF Primary Commodity Prices System series,https://fred.stlouisfed.org/categories/32217,https://data.imf.org/en/datasets/IMF.STA:PCPS,2026-09-01T00:29:20.618727Z,none
2006-04-01,copper_price,energy-industrial,,,Global price of copper,6404.44444444,USD_per_metric_ton,monthly,FRED_IMF_PCPS,IMF Primary Commodity Prices System series,https://fred.stlouisfed.org/categories/32217,https://data.imf.org/en/datasets/IMF.STA:PCPS,2026-09-01T00:29:20.618727Z,none
2006-05-01,copper_price,energy-industrial,,,Global price of copper,8059.19047619,USD_per_metric_ton,monthly,FRED_IMF_PCPS,IMF Primary Commodity Prices System series,https://fred.stlouisfed.org/categories/32217,https://data.imf.org/en/datasets/IMF.STA:PCPS,2026-09-01T00:29:20.618727Z,none
2006-06-01,copper_price,energy-industrial,,,Global price of copper,7222.77272727,USD_per_metric_ton,monthly,FRED_IMF_PCPS,IMF Primary Commodity Prices System series,https://fred.stlouisfed.org/categories/32217,https://data.imf.org/en/datasets/IMF.STA:PCPS,2026-09-01T00:29:20.618727Z,none
2006-07-01,copper_price,energy-industrial,,,Global price of copper,7726.73809524,USD_per_metric_ton,monthly,FRED_IMF_PCPS,IMF Primary Commodity Prices System series,https://fred.stlouisfed.org/categories/32217,https://data.imf.org/en/datasets/IMF.STA:PCPS,2026-09-01T00:29:20.618727Z,none
2006-08-01,copper_price,energy-industrial,,,Global price of copper,7690.25,USD_per_metric_ton,monthly,FRED_IMF_PCPS,IMF Primary Commodity Prices System series,https://fred.stlouisfed.org/categories/32217,https://data.imf.org/en/datasets/IMF.STA:PCPS,2026-09-01T00:29:20.618727Z,none
2006-09-01,copper_price,energy-industrial,,,Global price of copper,7622.64285714,USD_per_metric_ton,monthly,FRED_IMF_PCPS,IMF Primary Commodity Prices System series,https://fred.stlouisfed.org/categories/32217,https://data.imf.org/en/datasets/IMF.STA:PCPS,2026-09-01T00:29:20.618727Z,none
2006-10-01,copper_price,energy-industrial,,,Global price of copper,7497.40909091,USD_per_metric_ton,monthly,FRED_IMF_PCPS,IMF Primary Commodity Prices System series,https://fred.stlouisfed.org/categories/32217,https://data.imf.org/en/datasets/IMF.STA:PCPS,2026-09-01T00:29:20.618727Z,none
2006-11-01,copper_price,energy-industrial,,,Global price of copper,7029.29545455,USD_per_metric_ton,monthly,FRED_IMF_PCPS,IMF Primary Commodity Prices System series,https://fred.stlouisfed.org/categories/32217,https://data.imf.org/en/datasets/IMF.STA:PCPS,2026-09-01T00:29:20.618727Z,none
2006-12-01,copper_price,energy-industrial,,,Global price of copper,6680.97368421,USD_per_metric_ton,monthly,FRED_IMF_PCPS,IMF Primary Commodity Prices System series,https://fred.stlouisfed.org/categories/32217,https://data.imf.org/en/datasets/IMF.STA:PCPS,2026-09-01T00:29:20.618727Z,none
2007-01-01,copper_price,energy-industrial,,,Global price of copper,5689.34090909,USD_per_metric_ton,monthly,FRED_IMF_PCPS,IMF Primary Commodity Prices System series,https://fred.stlouisfed.org/categories/32217,https://data.imf.org/en/datasets/IMF.STA:PCPS,2026-09-01T00:29:20.618727Z,none
2007-02-01,copper_price,energy-industrial,,,Global price of copper,5718.15,USD_per_metric_ton,monthly,FRED_IMF_PCPS,IMF Primary Commodity Prices System series,https://fred.stlouisfed.org/categories/32217,https://data.imf.org/en/datasets/IMF.STA:PCPS,2026-09-01T00:29:20.618727Z,none
2007-03-01,copper_price,energy-industrial,,,Global price of copper,6465.29545455,USD_per_metric_ton,monthly,FRED_IMF_PCPS,IMF Primary Commodity Prices System series,https://fred.stlouisfed.org/categories/32217,https://data.imf.org/en/datasets/IMF.STA:PCPS,2026-09-01T00:29:20.618727Z,none
2007-04-01,copper_price,energy-industrial,,,Global price of copper,7753.34210526,USD_per_metric_ton,monthly,FRED_IMF_PCPS,IMF Primary Commodity Prices System series,https://fred.stlouisfed.org/categories/32217,https://data.imf.org/en/datasets/IMF.STA:PCPS,2026-09-01T00:29:20.618727Z,none
2007-05-01,copper_price,energy-industrial,,,Global price of copper,7677.95238095,USD_per_metric_ton,monthly,FRED_IMF_PCPS,IMF Primary Commodity Prices System series,https://fred.stlouisfed.org/categories/32217,https://data.imf.org/en/datasets/IMF.STA:PCPS,2026-09-01T00:29:20.618727Z,none
2007-06-01,copper_price,energy-industrial,,,Global price of copper,7514.23809524,USD_per_metric_ton,monthly,FRED_IMF_PCPS,IMF Primary Commodity Prices System series,https://fred.stlouisfed.org/categories/32217,https://data.imf.org/en/datasets/IMF.STA:PCPS,2026-09-01T00:29:20.618727Z,none
2007-07-01,copper_price,energy-industrial,,,Global price of copper,7980.93181818,USD_per_metric_ton,monthly,FRED_IMF_PCPS,IMF Primary Commodity Prices System series,https://fred.stlouisfed.org/categories/32217,https://data.imf.org/en/datasets/IMF.STA:PCPS,2026-09-01T00:29:20.618727Z,none
2007-08-01,copper_price,energy-industrial,,,Global price of copper,7500.20454545,USD_per_metric_ton,monthly,FRED_IMF_PCPS,IMF Primary Commodity Prices System series,https://fred.stlouisfed.org/categories/32217,https://data.imf.org/en/datasets/IMF.STA:PCPS,2026-09-01T00:29:20.618727Z,none
2007-09-01,copper_price,energy-industrial,,,Global price of copper,7671.35,USD_per_metric_ton,monthly,FRED_IMF_PCPS,IMF Primary Commodity Prices System series,https://fred.stlouisfed.org/categories/32217,https://data.imf.org/en/datasets/IMF.STA:PCPS,2026-09-01T00:29:20.618727Z,none
2007-10-01,copper_price,energy-industrial,,,Global price of copper,8020.58695652,USD_per_metric_ton,monthly,FRED_IMF_PCPS,IMF Primary Commodity Prices System series,https://fred.stlouisfed.org/categories/32217,https://data.imf.org/en/datasets/IMF.STA:PCPS,2026-09-01T00:29:20.618727Z,none
2007-11-01,copper_price,energy-industrial,,,Global price of copper,6957.43181818,USD_per_metric_ton,monthly,FRED_IMF_PCPS,IMF Primary Commodity Prices System series,https://fred.stlouisfed.org/categories/32217,https://data.imf.org/en/datasets/IMF.STA:PCPS,2026-09-01T00:29:20.618727Z,none
2007-12-01,copper_price,energy-industrial,,,Global price of copper,6630.73611111,USD_per_metric_ton,monthly,FRED_IMF_PCPS,IMF Primary Commodity Prices System series,https://fred.stlouisfed.org/categories/32217,https://data.imf.org/en/datasets/IMF.STA:PCPS,2026-09-01T00:29:20.618727Z,none
2008-01-01,copper_price,energy-industrial,,,Global price of copper,7078.90909091,USD_per_metric_ton,monthly,FRED_IMF_PCPS,IMF Primary Commodity Prices System series,https://fred.stlouisfed.org/categories/32217,https://data.imf.org/en/datasets/IMF.STA:PCPS,2026-09-01T00:29:20.618727Z,none
2008-02-01,copper_price,energy-industrial,,,Global price of copper,7941.14285714,USD_per_metric_ton,monthly,FRED_IMF_PCPS,IMF Primary Commodity Prices System series,https://fred.stlouisfed.org/categories/32217,https://data.imf.org/en/datasets/IMF.STA:PCPS,2026-09-01T00:29:20.618727Z,none
2008-03-01,copper_price,energy-industrial,,,Global price of copper,8434.31578947,USD_per_metric_ton,monthly,FRED_IMF_PCPS,IMF Primary Commodity Prices System series,https://fred.stlouisfed.org/categories/32217,https://data.imf.org/en/datasets/IMF.STA:PCPS,2026-09-01T00:29:20.618727Z,none
2008-04-01,copper_price,energy-industrial,,,Global price of copper,8714.18181818,USD_per_metric_ton,monthly,FRED_IMF_PCPS,IMF Primary Commodity Prices System series,https://fred.stlouisfed.org/categories/32217,https://data.imf.org/en/datasets/IMF.STA:PCPS,2026-09-01T00:29:20.618727Z,none
2008-05-01,copper_price,energy-industrial,,,Global price of copper,8356.125,USD_per_metric_ton,monthly,FRED_IMF_PCPS,IMF Primary Commodity Prices System series,https://fred.stlouisfed.org/categories/32217,https://data.imf.org/en/datasets/IMF.STA:PCPS,2026-09-01T00:29:20.618727Z,none
2008-06-01,copper_price,energy-industrial,,,Global price of copper,8292,USD_per_metric_ton,monthly,FRED_IMF_PCPS,IMF Primary Commodity Prices System series,https://fred.stlouisfed.org/categories/32217,https://data.imf.org/en/datasets/IMF.STA:PCPS,2026-09-01T00:29:20.618727Z,none
2008-07-01,copper_price,energy-industrial,,,Global price of copper,8407.02173913,USD_per_metric_ton,monthly,FRED_IMF_PCPS,IMF Primary Commodity Prices System series,https://fred.stlouisfed.org/categories/32217,https://data.imf.org/en/datasets/IMF.STA:PCPS,2026-09-01T00:29:20.618727Z,none
2008-08-01,copper_price,energy-industrial,,,Global price of copper,7633.8,USD_per_metric_ton,monthly,FRED_IMF_PCPS,IMF Primary Commodity Prices System series,https://fred.stlouisfed.org/categories/32217,https://data.imf.org/en/datasets/IMF.STA:PCPS,2026-09-01T00:29:20.618727Z,none
2008-09-01,copper_price,energy-industrial,,,Global price of copper,6975.11363636,USD_per_metric_ton,monthly,FRED_IMF_PCPS,IMF Primary Commodity Prices System series,https://fred.stlouisfed.org/categories/32217,https://data.imf.org/en/datasets/IMF.STA:PCPS,2026-09-01T00:29:20.618727Z,none
2008-10-01,copper_price,energy-industrial,,,Global price of copper,4894.89130435,USD_per_metric_ton,monthly,FRED_IMF_PCPS,IMF Primary Commodity Prices System series,https://fred.stlouisfed.org/categories/32217,https://data.imf.org/en/datasets/IMF.STA:PCPS,2026-09-01T00:29:20.618727Z,none
2008-11-01,copper_price,energy-industrial,,,Global price of copper,3729.1875,USD_per_metric_ton,monthly,FRED_IMF_PCPS,IMF Primary Commodity Prices System series,https://fred.stlouisfed.org/categories/32217,https://data.imf.org/en/datasets/IMF.STA:PCPS,2026-09-01T00:29:20.618727Z,none
2008-12-01,copper_price,energy-industrial,,,Global price of copper,3105.0952381,USD_per_metric_ton,monthly,FRED_IMF_PCPS,IMF Primary Commodity Prices System series,https://fred.stlouisfed.org/categories/32217,https://data.imf.org/en/datasets/IMF.STA:PCPS,2026-09-01T00:29:20.618727Z,none
2009-01-01,copper_price,energy-industrial,,,Global price of copper,3260.35714286,USD_per_metric_ton,monthly,FRED_IMF_PCPS,IMF Primary Commodity Prices System series,https://fred.stlouisfed.org/categories/32217,https://data.imf.org/en/datasets/IMF.STA:PCPS,2026-09-01T00:29:20.618727Z,none
2009-02-01,copper_price,energy-industrial,,,Global price of copper,3328.4125,USD_per_metric_ton,monthly,FRED_IMF_PCPS,IMF Primary Commodity Prices System series,https://fred.stlouisfed.org/categories/32217,https://data.imf.org/en/datasets/IMF.STA:PCPS,2026-09-01T00:29:20.618727Z,none
2009-03-01,copper_price,energy-industrial,,,Global price of copper,3770.875,USD_per_metric_ton,monthly,FRED_IMF_PCPS,IMF Primary Commodity Prices System series,https://fred.stlouisfed.org/categories/32217,https://data.imf.org/en/datasets/IMF.STA:PCPS,2026-09-01T00:29:20.618727Z,none
2009-04-01,copper_price,energy-industrial,,,Global price of copper,4436.925,USD_per_metric_ton,monthly,FRED_IMF_PCPS,IMF Primary Commodity Prices System series,https://fred.stlouisfed.org/categories/32217,https://data.imf.org/en/datasets/IMF.STA:PCPS,2026-09-01T00:29:20.618727Z,none
2009-05-01,copper_price,energy-industrial,,,Global price of copper,4591.46052632,USD_per_metric_ton,monthly,FRED_IMF_PCPS,IMF Primary Commodity Prices System series,https://fred.stlouisfed.org/categories/32217,https://data.imf.org/en/datasets/IMF.STA:PCPS,2026-09-01T00:29:20.618727Z,none
2009-06-01,copper_price,energy-industrial,,,Global price of copper,5015.43181818,USD_per_metric_ton,monthly,FRED_IMF_PCPS,IMF Primary Commodity Prices System series,https://fred.stlouisfed.org/categories/32217,https://data.imf.org/en/datasets/IMF.STA:PCPS,2026-09-01T00:29:20.618727Z,none
2009-07-01,copper_price,energy-industrial,,,Global price of copper,5228.41304348,USD_per_metric_ton,monthly,FRED_IMF_PCPS,IMF Primary Commodity Prices System series,https://fred.stlouisfed.org/categories/32217,https://data.imf.org/en/datasets/IMF.STA:PCPS,2026-09-01T00:29:20.618727Z,none
2009-08-01,copper_price,energy-industrial,,,Global price of copper,6176.875,USD_per_metric_ton,monthly,FRED_IMF_PCPS,IMF Primary Commodity Prices System series,https://fred.stlouisfed.org/categories/32217,https://data.imf.org/en/datasets/IMF.STA:PCPS,2026-09-01T00:29:20.618727Z,none
2009-09-01,copper_price,energy-industrial,,,Global price of copper,6195.75,USD_per_metric_ton,monthly,FRED_IMF_PCPS,IMF Primary Commodity Prices System series,https://fred.stlouisfed.org/categories/32217,https://data.imf.org/en/datasets/IMF.STA:PCPS,2026-09-01T00:29:20.618727Z,none
2009-10-01,copper_price,energy-industrial,,,Global price of copper,6305.98863636,USD_per_metric_ton,monthly,FRED_IMF_PCPS,IMF Primary Commodity Prices System series,https://fred.stlouisfed.org/categories/32217,https://data.imf.org/en/datasets/IMF.STA:PCPS,2026-09-01T00:29:20.618727Z,none
2009-11-01,copper_price,energy-industrial,,,Global price of copper,6682.44047619,USD_per_metric_ton,monthly,FRED_IMF_PCPS,IMF Primary Commodity Prices System series,https://fred.stlouisfed.org/categories/32217,https://data.imf.org/en/datasets/IMF.STA:PCPS,2026-09-01T00:29:20.618727Z,none
2009-12-01,copper_price,energy-industrial,,,Global price of copper,6976.97619048,USD_per_metric_ton,monthly,FRED_IMF_PCPS,IMF Primary Commodity Prices System series,https://fred.stlouisfed.org/categories/32217,https://data.imf.org/en/datasets/IMF.STA:PCPS,2026-09-01T00:29:20.618727Z,none
2010-01-01,copper_price,energy-industrial,,,Global price of copper,7367.375,USD_per_metric_ton,monthly,FRED_IMF_PCPS,IMF Primary Commodity Prices System series,https://fred.stlouisfed.org/categories/32217,https://data.imf.org/en/datasets/IMF.STA:PCPS,2026-09-01T00:29:20.618727Z,none
2010-02-01,copper_price,energy-industrial,,,Global price of copper,6867.675,USD_per_metric_ton,monthly,FRED_IMF_PCPS,IMF Primary Commodity Prices System series,https://fred.stlouisfed.org/categories/32217,https://data.imf.org/en/datasets/IMF.STA:PCPS,2026-09-01T00:29:20.618727Z,none
2010-03-01,copper_price,energy-industrial,,,Global price of copper,7466.93478261,USD_per_metric_ton,monthly,FRED_IMF_PCPS,IMF Primary Commodity Prices System series,https://fred.stlouisfed.org/categories/32217,https://data.imf.org/en/datasets/IMF.STA:PCPS,2026-09-01T00:29:20.618727Z,none
2010-04-01,copper_price,energy-industrial,,,Global price of copper,7729.8375,USD_per_metric_ton,monthly,FRED_IMF_PCPS,IMF Primary Commodity Prices System series,https://fred.stlouisfed.org/categories/32217,https://data.imf.org/en/datasets/IMF.STA:PCPS,2026-09-01T00:29:20.618727Z,none
2010-05-01,copper_price,energy-industrial,,,Global price of copper,6843.15789474,USD_per_metric_ton,monthly,FRED_IMF_PCPS,IMF Primary Commodity Prices System series,https://fred.stlouisfed.org/categories/32217,https://data.imf.org/en/datasets/IMF.STA:PCPS,2026-09-01T00:29:20.618727Z,none
2010-06-01,copper_price,energy-industrial,,,Global price of copper,6501.5,USD_per_metric_ton,monthly,FRED_IMF_PCPS,IMF Primary Commodity Prices System series,https://fred.stlouisfed.org/categories/32217,https://data.imf.org/en/datasets/IMF.STA:PCPS,2026-09-01T00:29:20.618727Z,none
2010-07-01,copper_price,energy-industrial,,,Global price of copper,6750.56818182,USD_per_metric_ton,monthly,FRED_IMF_PCPS,IMF Primary Commodity Prices System series,https://fred.stlouisfed.org/categories/32217,https://data.imf.org/en/datasets/IMF.STA:PCPS,2026-09-01T00:29:20.618727Z,none
2010-08-01,copper_price,energy-industrial,,,Global price of copper,7302.66666667,USD_per_metric_ton,monthly,FRED_IMF_PCPS,IMF Primary Commodity Prices System series,https://fred.stlouisfed.org/categories/32217,https://data.imf.org/en/datasets/IMF.STA:PCPS,2026-09-01T00:29:20.618727Z,none
2010-09-01,copper_price,energy-industrial,,,Global price of copper,7729.59090909,USD_per_metric_ton,monthly,FRED_IMF_PCPS,IMF Primary Commodity Prices System series,https://fred.stlouisfed.org/categories/32217,https://data.imf.org/en/datasets/IMF.STA:PCPS,2026-09-01T00:29:20.618727Z,none
2010-10-01,copper_price,energy-industrial,,,Global price of copper,8289.76190476,USD_per_metric_ton,monthly,FRED_IMF_PCPS,IMF Primary Commodity Prices System series,https://fred.stlouisfed.org/categories/32217,https://data.imf.org/en/datasets/IMF.STA:PCPS,2026-09-01T00:29:20.618727Z,none
2010-11-01,copper_price,energy-industrial,,,Global price of copper,8458.42045455,USD_per_metric_ton,monthly,FRED_IMF_PCPS,IMF Primary Commodity Prices System series,https://fred.stlouisfed.org/categories/32217,https://data.imf.org/en/datasets/IMF.STA:PCPS,2026-09-01T00:29:20.618727Z,none
2010-12-01,copper_price,energy-industrial,,,Global price of copper,9152.85714286,USD_per_metric_ton,monthly,FRED_IMF_PCPS,IMF Primary Commodity Prices System series,https://fred.stlouisfed.org/categories/32217,https://data.imf.org/en/datasets/IMF.STA:PCPS,2026-09-01T00:29:20.618727Z,none
2011-01-01,copper_price,energy-industrial,,,Global price of copper,9533.2,USD_per_metric_ton,monthly,FRED_IMF_PCPS,IMF Primary Commodity Prices System series,https://fred.stlouisfed.org/categories/32217,https://data.imf.org/en/datasets/IMF.STA:PCPS,2026-09-01T00:29:20.618727Z,none
2011-02-01,copper_price,energy-industrial,,,Global price of copper,9880.9375,USD_per_metric_ton,monthly,FRED_IMF_PCPS,IMF Primary Commodity Prices System series,https://fred.stlouisfed.org/categories/32217,https://data.imf.org/en/datasets/IMF.STA:PCPS,2026-09-01T00:29:20.618727Z,none
2011-03-01,copper_price,energy-industrial,,,Global price of copper,9503.35869565,USD_per_metric_ton,monthly,FRED_IMF_PCPS,IMF Primary Commodity Prices System series,https://fred.stlouisfed.org/categories/32217,https://data.imf.org/en/datasets/IMF.STA:PCPS,2026-09-01T00:29:20.618727Z,none
2011-04-01,copper_price,energy-industrial,,,Global price of copper,9482.75,USD_per_metric_ton,monthly,FRED_IMF_PCPS,IMF Primary Commodity Prices System series,https://fred.stlouisfed.org/categories/32217,https://data.imf.org/en/datasets/IMF.STA:PCPS,2026-09-01T00:29:20.618727Z,none
2011-05-01,copper_price,energy-industrial,,,Global price of copper,8931.675,USD_per_metric_ton,monthly,FRED_IMF_PCPS,IMF Primary Commodity Prices System series,https://fred.stlouisfed.org/categories/32217,https://data.imf.org/en/datasets/IMF.STA:PCPS,2026-09-01T00:29:20.618727Z,none
2011-06-01,copper_price,energy-industrial,,,Global price of copper,9066.85227273,USD_per_metric_ton,monthly,FRED_IMF_PCPS,IMF Primary Commodity Prices System series,https://fred.stlouisfed.org/categories/32217,https://data.imf.org/en/datasets/IMF.STA:PCPS,2026-09-01T00:29:20.618727Z,none
2011-07-01,copper_price,energy-industrial,,,Global price of copper,9650.46428571,USD_per_metric_ton,monthly,FRED_IMF_PCPS,IMF Primary Commodity Prices System series,https://fred.stlouisfed.org/categories/32217,https://data.imf.org/en/datasets/IMF.STA:PCPS,2026-09-01T00:29:20.618727Z,none
2011-08-01,copper_price,energy-industrial,,,Global price of copper,8997.98863636,USD_per_metric_ton,monthly,FRED_IMF_PCPS,IMF Primary Commodity Prices System series,https://fred.stlouisfed.org/categories/32217,https://data.imf.org/en/datasets/IMF.STA:PCPS,2026-09-01T00:29:20.618727Z,none
2011-09-01,copper_price,energy-industrial,,,Global price of copper,8300.13636364,USD_per_metric_ton,monthly,FRED_IMF_PCPS,IMF Primary Commodity Prices System series,https://fred.stlouisfed.org/categories/32217,https://data.imf.org/en/datasets/IMF.STA:PCPS,2026-09-01T00:29:20.618727Z,none
2011-10-01,copper_price,energy-industrial,,,Global price of copper,7394.19047619,USD_per_metric_ton,monthly,FRED_IMF_PCPS,IMF Primary Commodity Prices System series,https://fred.stlouisfed.org/categories/32217,https://data.imf.org/en/datasets/IMF.STA:PCPS,2026-09-01T00:29:20.618727Z,none
2011-11-01,copper_price,energy-industrial,,,Global price of copper,7581.02272727,USD_per_metric_ton,monthly,FRED_IMF_PCPS,IMF Primary Commodity Prices System series,https://fred.stlouisfed.org/categories/32217,https://data.imf.org/en/datasets/IMF.STA:PCPS,2026-09-01T00:29:20.618727Z,none
2011-12-01,copper_price,energy-industrial,,,Global price of copper,7558.875,USD_per_metric_ton,monthly,FRED_IMF_PCPS,IMF Primary Commodity Prices System series,https://fred.stlouisfed.org/categories/32217,https://data.imf.org/en/datasets/IMF.STA:PCPS,2026-09-01T00:29:20.618727Z,none
2012-01-01,copper_price,energy-industrial,,,Global price of copper,8061.91666667,USD_per_metric_ton,monthly,FRED_IMF_PCPS,IMF Primary Commodity Prices System series,https://fred.stlouisfed.org/categories/32217,https://data.imf.org/en/datasets/IMF.STA:PCPS,2026-09-01T00:29:20.618727Z,none
2012-02-01,copper_price,energy-industrial,,,Global price of copper,8441.48809524,USD_per_metric_ton,monthly,FRED_IMF_PCPS,IMF Primary Commodity Prices System series,https://fred.stlouisfed.org/categories/32217,https://data.imf.org/en/datasets/IMF.STA:PCPS,2026-09-01T00:29:20.618727Z,none
2012-03-01,copper_price,energy-industrial,,,Global price of copper,8470.78409091,USD_per_metric_ton,monthly,FRED_IMF_PCPS,IMF Primary Commodity Prices System series,https://fred.stlouisfed.org/categories/32217,https://data.imf.org/en/datasets/IMF.STA:PCPS,2026-09-01T00:29:20.618727Z,none
2012-04-01,copper_price,energy-industrial,,,Global price of copper,8285.52631579,USD_per_metric_ton,monthly,FRED_IMF_PCPS,IMF Primary Commodity Prices System series,https://fred.stlouisfed.org/categories/32217,https://data.imf.org/en/datasets/IMF.STA:PCPS,2026-09-01T00:29:20.618727Z,none
2012-05-01,copper_price,energy-industrial,,,Global price of copper,7896.90909091,USD_per_metric_ton,monthly,FRED_IMF_PCPS,IMF Primary Commodity Prices System series,https://fred.stlouisfed.org/categories/32217,https://data.imf.org/en/datasets/IMF.STA:PCPS,2026-09-01T00:29:20.618727Z,none
2012-06-01,copper_price,energy-industrial,,,Global price of copper,7428.28947368,USD_per_metric_ton,monthly,FRED_IMF_PCPS,IMF Primary Commodity Prices System series,https://fred.stlouisfed.org/categories/32217,https://data.imf.org/en/datasets/IMF.STA:PCPS,2026-09-01T00:29:20.618727Z,none
2012-07-01,copper_price,energy-industrial,,,Global price of copper,7584.26136364,USD_per_metric_ton,monthly,FRED_IMF_PCPS,IMF Primary Commodity Prices System series,https://fred.stlouisfed.org/categories/32217,https://data.imf.org/en/datasets/IMF.STA:PCPS,2026-09-01T00:29:20.618727Z,none
2012-08-01,copper_price,energy-industrial,,,Global price of copper,7510.43181818,USD_per_metric_ton,monthly,FRED_IMF_PCPS,IMF Primary Commodity Prices System series,https://fred.stlouisfed.org/categories/32217,https://data.imf.org/en/datasets/IMF.STA:PCPS,2026-09-01T00:29:20.618727Z,none
2012-09-01,copper_price,energy-industrial,,,Global price of copper,8087.7425,USD_per_metric_ton,monthly,FRED_IMF_PCPS,IMF Primary Commodity Prices System series,https://fred.stlouisfed.org/categories/32217,https://data.imf.org/en/datasets/IMF.STA:PCPS,2026-09-01T00:29:20.618727Z,none
2012-10-01,copper_price,energy-industrial,,,Global price of copper,8062.0326087,USD_per_metric_ton,monthly,FRED_IMF_PCPS,IMF Primary Commodity Prices System series,https://fred.stlouisfed.org/categories/32217,https://data.imf.org/en/datasets/IMF.STA:PCPS,2026-09-01T00:29:20.618727Z,none
2012-11-01,copper_price,energy-industrial,,,Global price of copper,7711.22727273,USD_per_metric_ton,monthly,FRED_IMF_PCPS,IMF Primary Commodity Prices System series,https://fred.stlouisfed.org/categories/32217,https://data.imf.org/en/datasets/IMF.STA:PCPS,2026-09-01T00:29:20.618727Z,none
2012-12-01,copper_price,energy-industrial,,,Global price of copper,7966.48684211,USD_per_metric_ton,monthly,FRED_IMF_PCPS,IMF Primary Commodity Prices System series,https://fred.stlouisfed.org/categories/32217,https://data.imf.org/en/datasets/IMF.STA:PCPS,2026-09-01T00:29:20.618727Z,none
2013-01-01,copper_price,energy-industrial,,,Global price of copper,8053.73863636,USD_per_metric_ton,monthly,FRED_IMF_PCPS,IMF Primary Commodity Prices System series,https://fred.stlouisfed.org/categories/32217,https://data.imf.org/en/datasets/IMF.STA:PCPS,2026-09-01T00:29:20.618727Z,none
2013-02-01,copper_price,energy-industrial,,,Global price of copper,8060.925,USD_per_metric_ton,monthly,FRED_IMF_PCPS,IMF Primary Commodity Prices System series,https://fred.stlouisfed.org/categories/32217,https://data.imf.org/en/datasets/IMF.STA:PCPS,2026-09-01T00:29:20.618727Z,none
2013-03-01,copper_price,energy-industrial,,,Global price of copper,7652.375,USD_per_metric_ton,monthly,FRED_IMF_PCPS,IMF Primary Commodity Prices System series,https://fred.stlouisfed.org/categories/32217,https://data.imf.org/en/datasets/IMF.STA:PCPS,2026-09-01T00:29:20.618727Z,none
2013-04-01,copper_price,energy-industrial,,,Global price of copper,7221.16190476,USD_per_metric_ton,monthly,FRED_IMF_PCPS,IMF Primary Commodity Prices System series,https://fred.stlouisfed.org/categories/32217,https://data.imf.org/en/datasets/IMF.STA:PCPS,2026-09-01T00:29:20.618727Z,none
2013-05-01,copper_price,energy-industrial,,,Global price of copper,7248.71428571,USD_per_metric_ton,monthly,FRED_IMF_PCPS,IMF Primary Commodity Prices System series,https://fred.stlouisfed.org/categories/32217,https://data.imf.org/en/datasets/IMF.STA:PCPS,2026-09-01T00:29:20.618727Z,none
2013-06-01,copper_price,energy-industrial,,,Global price of copper,7000.2375,USD_per_metric_ton,monthly,FRED_IMF_PCPS,IMF Primary Commodity Prices System series,https://fred.stlouisfed.org/categories/32217,https://data.imf.org/en/datasets/IMF.STA:PCPS,2026-09-01T00:29:20.618727Z,none
2013-07-01,copper_price,energy-industrial,,,Global price of copper,6906.64130435,USD_per_metric_ton,monthly,FRED_IMF_PCPS,IMF Primary Commodity Prices System series,https://fred.stlouisfed.org/categories/32217,https://data.imf.org/en/datasets/IMF.STA:PCPS,2026-09-01T00:29:20.618727Z,none
2013-08-01,copper_price,energy-industrial,,,Global price of copper,7186.25,USD_per_metric_ton,monthly,FRED_IMF_PCPS,IMF Primary Commodity Prices System series,https://fred.stlouisfed.org/categories/32217,https://data.imf.org/en/datasets/IMF.STA:PCPS,2026-09-01T00:29:20.618727Z,none
2013-09-01,copper_price,energy-industrial,,,Global price of copper,7159.26904762,USD_per_metric_ton,monthly,FRED_IMF_PCPS,IMF Primary Commodity Prices System series,https://fred.stlouisfed.org/categories/32217,https://data.imf.org/en/datasets/IMF.STA:PCPS,2026-09-01T00:29:20.618727Z,none
2013-10-01,copper_price,energy-industrial,,,Global price of copper,7203.02173913,USD_per_metric_ton,monthly,FRED_IMF_PCPS,IMF Primary Commodity Prices System series,https://fred.stlouisfed.org/categories/32217,https://data.imf.org/en/datasets/IMF.STA:PCPS,2026-09-01T00:29:20.618727Z,none
2013-11-01,copper_price,energy-industrial,,,Global price of copper,7070.6547619,USD_per_metric_ton,monthly,FRED_IMF_PCPS,IMF Primary Commodity Prices System series,https://fred.stlouisfed.org/categories/32217,https://data.imf.org/en/datasets/IMF.STA:PCPS,2026-09-01T00:29:20.618727Z,none
2013-12-01,copper_price,energy-industrial,,,Global price of copper,7214.9,USD_per_metric_ton,monthly,FRED_IMF_PCPS,IMF Primary Commodity Prices System series,https://fred.stlouisfed.org/categories/32217,https://data.imf.org/en/datasets/IMF.STA:PCPS,2026-09-01T00:29:20.618727Z,none
2014-01-01,copper_price,energy-industrial,,,Global price of copper,7291.46590909,USD_per_metric_ton,monthly,FRED_IMF_PCPS,IMF Primary Commodity Prices System series,https://fred.stlouisfed.org/categories/32217,https://data.imf.org/en/datasets/IMF.STA:PCPS,2026-09-01T00:29:20.618727Z,none
2014-02-01,copper_price,energy-industrial,,,Global price of copper,7149.2125,USD_per_metric_ton,monthly,FRED_IMF_PCPS,IMF Primary Commodity Prices System series,https://fred.stlouisfed.org/categories/32217,https://data.imf.org/en/datasets/IMF.STA:PCPS,2026-09-01T00:29:20.618727Z,none
2014-03-01,copper_price,energy-industrial,,,Global price of copper,6650.03571429,USD_per_metric_ton,monthly,FRED_IMF_PCPS,IMF Primary Commodity Prices System series,https://fred.stlouisfed.org/categories/32217,https://data.imf.org/en/datasets/IMF.STA:PCPS,2026-09-01T00:29:20.618727Z,none
2014-04-01,copper_price,energy-industrial,,,Global price of copper,6673.5625,USD_per_metric_ton,monthly,FRED_IMF_PCPS,IMF Primary Commodity Prices System series,https://fred.stlouisfed.org/categories/32217,https://data.imf.org/en/datasets/IMF.STA:PCPS,2026-09-01T00:29:20.618727Z,none
2014-05-01,copper_price,energy-industrial,,,Global price of copper,6891.125,USD_per_metric_ton,monthly,FRED_IMF_PCPS,IMF Primary Commodity Prices System series,https://fred.stlouisfed.org/categories/32217,https://data.imf.org/en/datasets/IMF.STA:PCPS,2026-09-01T00:29:20.618727Z,none
2014-06-01,copper_price,energy-industrial,,,Global price of copper,6821.14285714,USD_per_metric_ton,monthly,FRED_IMF_PCPS,IMF Primary Commodity Prices System series,https://fred.stlouisfed.org/categories/32217,https://data.imf.org/en/datasets/IMF.STA:PCPS,2026-09-01T00:29:20.618727Z,none
2014-07-01,copper_price,energy-industrial,,,Global price of copper,7113.38043478,USD_per_metric_ton,monthly,FRED_IMF_PCPS,IMF Primary Commodity Prices System series,https://fred.stlouisfed.org/categories/32217,https://data.imf.org/en/datasets/IMF.STA:PCPS,2026-09-01T00:29:20.618727Z,none
2014-08-01,copper_price,energy-industrial,,,Global price of copper,7001.8375,USD_per_metric_ton,monthly,FRED_IMF_PCPS,IMF Primary Commodity Prices System series,https://fred.stlouisfed.org/categories/32217,https://data.imf.org/en/datasets/IMF.STA:PCPS,2026-09-01T00:29:20.618727Z,none
2014-09-01,copper_price,energy-industrial,,,Global price of copper,6872.21590909,USD_per_metric_ton,monthly,FRED_IMF_PCPS,IMF Primary Commodity Prices System series,https://fred.stlouisfed.org/categories/32217,https://data.imf.org/en/datasets/IMF.STA:PCPS,2026-09-01T00:29:20.618727Z,none
2014-10-01,copper_price,energy-industrial,,,Global price of copper,6737.47826087,USD_per_metric_ton,monthly,FRED_IMF_PCPS,IMF Primary Commodity Prices System series,https://fred.stlouisfed.org/categories/32217,https://data.imf.org/en/datasets/IMF.STA:PCPS,2026-09-01T00:29:20.618727Z,none
2014-11-01,copper_price,energy-industrial,,,Global price of copper,6712.85,USD_per_metric_ton,monthly,FRED_IMF_PCPS,IMF Primary Commodity Prices System series,https://fred.stlouisfed.org/categories/32217,https://data.imf.org/en/datasets/IMF.STA:PCPS,2026-09-01T00:29:20.618727Z,none
2014-12-01,copper_price,energy-industrial,,,Global price of copper,6446.45238095,USD_per_metric_ton,monthly,FRED_IMF_PCPS,IMF Primary Commodity Prices System series,https://fred.stlouisfed.org/categories/32217,https://data.imf.org/en/datasets/IMF.STA:PCPS,2026-09-01T00:29:20.618727Z,none
2015-01-01,copper_price,energy-industrial,,,Global price of copper,5830.53571429,USD_per_metric_ton,monthly,FRED_IMF_PCPS,IMF Primary Commodity Prices System series,https://fred.stlouisfed.org/categories/32217,https://data.imf.org/en/datasets/IMF.STA:PCPS,2026-09-01T00:29:20.618727Z,none
2015-02-01,copper_price,energy-industrial,,,Global price of copper,5729.275,USD_per_metric_ton,monthly,FRED_IMF_PCPS,IMF Primary Commodity Prices System series,https://fred.stlouisfed.org/categories/32217,https://data.imf.org/en/datasets/IMF.STA:PCPS,2026-09-01T00:29:20.618727Z,none
2015-03-01,copper_price,energy-industrial,,,Global price of copper,5939.67045455,USD_per_metric_ton,monthly,FRED_IMF_PCPS,IMF Primary Commodity Prices System series,https://fred.stlouisfed.org/categories/32217,https://data.imf.org/en/datasets/IMF.STA:PCPS,2026-09-01T00:29:20.618727Z,none
2015-04-01,copper_price,energy-industrial,,,Global price of copper,6042.0875,USD_per_metric_ton,monthly,FRED_IMF_PCPS,IMF Primary Commodity Prices System series,https://fred.stlouisfed.org/categories/32217,https://data.imf.org/en/datasets/IMF.STA:PCPS,2026-09-01T00:29:20.618727Z,none
2015-05-01,copper_price,energy-industrial,,,Global price of copper,6294.77631579,USD_per_metric_ton,monthly,FRED_IMF_PCPS,IMF Primary Commodity Prices System series,https://fred.stlouisfed.org/categories/32217,https://data.imf.org/en/datasets/IMF.STA:PCPS,2026-09-01T00:29:20.618727Z,none
2015-06-01,copper_price,energy-industrial,,,Global price of copper,5833.01136364,USD_per_metric_ton,monthly,FRED_IMF_PCPS,IMF Primary Commodity Prices System series,https://fred.stlouisfed.org/categories/32217,https://data.imf.org/en/datasets/IMF.STA:PCPS,2026-09-01T00:29:20.618727Z,none
2015-07-01,copper_price,energy-industrial,,,Global price of copper,5456.75,USD_per_metric_ton,monthly,FRED_IMF_PCPS,IMF Primary Commodity Prices System series,https://fred.stlouisfed.org/categories/32217,https://data.imf.org/en/datasets/IMF.STA:PCPS,2026-09-01T00:29:20.618727Z,none
2015-08-01,copper_price,energy-industrial,,,Global price of copper,5127.3,USD_per_metric_ton,monthly,FRED_IMF_PCPS,IMF Primary Commodity Prices System series,https://fred.stlouisfed.org/categories/32217,https://data.imf.org/en/datasets/IMF.STA:PCPS,2026-09-01T00:29:20.618727Z,none
2015-09-01,copper_price,energy-industrial,,,Global price of copper,5217.25,USD_per_metric_ton,monthly,FRED_IMF_PCPS,IMF Primary Commodity Prices System series,https://fred.stlouisfed.org/categories/32217,https://data.imf.org/en/datasets/IMF.STA:PCPS,2026-09-01T00:29:20.618727Z,none
2015-10-01,copper_price,energy-industrial,,,Global price of copper,5216.09090909,USD_per_metric_ton,monthly,FRED_IMF_PCPS,IMF Primary Commodity Prices System series,https://fred.stlouisfed.org/categories/32217,https://data.imf.org/en/datasets/IMF.STA:PCPS,2026-09-01T00:29:20.618727Z,none
2015-11-01,copper_price,energy-industrial,,,Global price of copper,4799.9047619,USD_per_metric_ton,monthly,FRED_IMF_PCPS,IMF Primary Commodity Prices System series,https://fred.stlouisfed.org/categories/32217,https://data.imf.org/en/datasets/IMF.STA:PCPS,2026-09-01T00:29:20.618727Z,none
2015-12-01,copper_price,energy-industrial,,,Global price of copper,4638.83333333,USD_per_metric_ton,monthly,FRED_IMF_PCPS,IMF Primary Commodity Prices System series,https://fred.stlouisfed.org/categories/32217,https://data.imf.org/en/datasets/IMF.STA:PCPS,2026-09-01T00:29:20.618727Z,none
2016-01-01,copper_price,energy-industrial,,,Global price of copper,4471.7875,USD_per_metric_ton,monthly,FRED_IMF_PCPS,IMF Primary Commodity Prices System series,https://fred.stlouisfed.org/categories/32217,https://data.imf.org/en/datasets/IMF.STA:PCPS,2026-09-01T00:29:20.618727Z,none
2016-02-01,copper_price,energy-industrial,,,Global price of copper,4598.61904762,USD_per_metric_ton,monthly,FRED_IMF_PCPS,IMF Primary Commodity Prices System series,https://fred.stlouisfed.org/categories/32217,https://data.imf.org/en/datasets/IMF.STA:PCPS,2026-09-01T00:29:20.618727Z,none
2016-03-01,copper_price,energy-industrial,,,Global price of copper,4953.79761905,USD_per_metric_ton,monthly,FRED_IMF_PCPS,IMF Primary Commodity Prices System series,https://fred.stlouisfed.org/categories/32217,https://data.imf.org/en/datasets/IMF.STA:PCPS,2026-09-01T00:29:20.618727Z,none
2016-04-01,copper_price,energy-industrial,,,Global price of copper,4872.73809524,USD_per_metric_ton,monthly,FRED_IMF_PCPS,IMF Primary Commodity Prices System series,https://fred.stlouisfed.org/categories/32217,https://data.imf.org/en/datasets/IMF.STA:PCPS,2026-09-01T00:29:20.618727Z,none
2016-05-01,copper_price,energy-industrial,,,Global price of copper,4694.5375,USD_per_metric_ton,monthly,FRED_IMF_PCPS,IMF Primary Commodity Prices System series,https://fred.stlouisfed.org/categories/32217,https://data.imf.org/en/datasets/IMF.STA:PCPS,2026-09-01T00:29:20.618727Z,none
2016-06-01,copper_price,energy-industrial,,,Global price of copper,4641.96590909,USD_per_metric_ton,monthly,FRED_IMF_PCPS,IMF Primary Commodity Prices System series,https://fred.stlouisfed.org/categories/32217,https://data.imf.org/en/datasets/IMF.STA:PCPS,2026-09-01T00:29:20.618727Z,none
2016-07-01,copper_price,energy-industrial,,,Global price of copper,4864.9047619,USD_per_metric_ton,monthly,FRED_IMF_PCPS,IMF Primary Commodity Prices System series,https://fred.stlouisfed.org/categories/32217,https://data.imf.org/en/datasets/IMF.STA:PCPS,2026-09-01T00:29:20.618727Z,none
2016-08-01,copper_price,energy-industrial,,,Global price of copper,4751.67045455,USD_per_metric_ton,monthly,FRED_IMF_PCPS,IMF Primary Commodity Prices System series,https://fred.stlouisfed.org/categories/32217,https://data.imf.org/en/datasets/IMF.STA:PCPS,2026-09-01T00:29:20.618727Z,none
2016-09-01,copper_price,energy-industrial,,,Global price of copper,4722.20454545,USD_per_metric_ton,monthly,FRED_IMF_PCPS,IMF Primary Commodity Prices System series,https://fred.stlouisfed.org/categories/32217,https://data.imf.org/en/datasets/IMF.STA:PCPS,2026-09-01T00:29:20.618727Z,none
2016-10-01,copper_price,energy-industrial,,,Global price of copper,4731.26190476,USD_per_metric_ton,monthly,FRED_IMF_PCPS,IMF Primary Commodity Prices System series,https://fred.stlouisfed.org/categories/32217,https://data.imf.org/en/datasets/IMF.STA:PCPS,2026-09-01T00:29:20.618727Z,none
2016-11-01,copper_price,energy-industrial,,,Global price of copper,5450.93181818,USD_per_metric_ton,monthly,FRED_IMF_PCPS,IMF Primary Commodity Prices System series,https://fred.stlouisfed.org/categories/32217,https://data.imf.org/en/datasets/IMF.STA:PCPS,2026-09-01T00:29:20.618727Z,none
2016-12-01,copper_price,energy-industrial,,,Global price of copper,5660.35,USD_per_metric_ton,monthly,FRED_IMF_PCPS,IMF Primary Commodity Prices System series,https://fred.stlouisfed.org/categories/32217,https://data.imf.org/en/datasets/IMF.STA:PCPS,2026-09-01T00:29:20.618727Z,none
2017-01-01,copper_price,energy-industrial,,,Global price of copper,5754.55952381,USD_per_metric_ton,monthly,FRED_IMF_PCPS,IMF Primary Commodity Prices System series,https://fred.stlouisfed.org/categories/32217,https://data.imf.org/en/datasets/IMF.STA:PCPS,2026-09-01T00:29:20.618727Z,none
2017-02-01,copper_price,energy-industrial,,,Global price of copper,5940.9125,USD_per_metric_ton,monthly,FRED_IMF_PCPS,IMF Primary Commodity Prices System series,https://fred.stlouisfed.org/categories/32217,https://data.imf.org/en/datasets/IMF.STA:PCPS,2026-09-01T00:29:20.618727Z,none
2017-03-01,copper_price,energy-industrial,,,Global price of copper,5824.63043478,USD_per_metric_ton,monthly,FRED_IMF_PCPS,IMF Primary Commodity Prices System series,https://fred.stlouisfed.org/categories/32217,https://data.imf.org/en/datasets/IMF.STA:PCPS,2026-09-01T00:29:20.618727Z,none
2017-04-01,copper_price,energy-industrial,,,Global price of copper,5683.90277778,USD_per_metric_ton,monthly,FRED_IMF_PCPS,IMF Primary Commodity Prices System series,https://fred.stlouisfed.org/categories/32217,https://data.imf.org/en/datasets/IMF.STA:PCPS,2026-09-01T00:29:20.618727Z,none
2017-05-01,copper_price,energy-industrial,,,Global price of copper,5599.55952381,USD_per_metric_ton,monthly,FRED_IMF_PCPS,IMF Primary Commodity Prices System series,https://fred.stlouisfed.org/categories/32217,https://data.imf.org/en/datasets/IMF.STA:PCPS,2026-09-01T00:29:20.618727Z,none
2017-06-01,copper_price,energy-industrial,,,Global price of copper,5719.76136364,USD_per_metric_ton,monthly,FRED_IMF_PCPS,IMF Primary Commodity Prices System series,https://fred.stlouisfed.org/categories/32217,https://data.imf.org/en/datasets/IMF.STA:PCPS,2026-09-01T00:29:20.618727Z,none
2017-07-01,copper_price,energy-industrial,,,Global price of copper,5985.11904762,USD_per_metric_ton,monthly,FRED_IMF_PCPS,IMF Primary Commodity Prices System series,https://fred.stlouisfed.org/categories/32217,https://data.imf.org/en/datasets/IMF.STA:PCPS,2026-09-01T00:29:20.618727Z,none
2017-08-01,copper_price,energy-industrial,,,Global price of copper,6485.625,USD_per_metric_ton,monthly,FRED_IMF_PCPS,IMF Primary Commodity Prices System series,https://fred.stlouisfed.org/categories/32217,https://data.imf.org/en/datasets/IMF.STA:PCPS,2026-09-01T00:29:20.618727Z,none
2017-09-01,copper_price,energy-industrial,,,Global price of copper,6577.16666667,USD_per_metric_ton,monthly,FRED_IMF_PCPS,IMF Primary Commodity Prices System series,https://fred.stlouisfed.org/categories/32217,https://data.imf.org/en/datasets/IMF.STA:PCPS,2026-09-01T00:29:20.618727Z,none
2017-10-01,copper_price,energy-industrial,,,Global price of copper,6807.60227273,USD_per_metric_ton,monthly,FRED_IMF_PCPS,IMF Primary Commodity Prices System series,https://fred.stlouisfed.org/categories/32217,https://data.imf.org/en/datasets/IMF.STA:PCPS,2026-09-01T00:29:20.618727Z,none
2017-11-01,copper_price,energy-industrial,,,Global price of copper,6826.54545455,USD_per_metric_ton,monthly,FRED_IMF_PCPS,IMF Primary Commodity Prices System series,https://fred.stlouisfed.org/categories/32217,https://data.imf.org/en/datasets/IMF.STA:PCPS,2026-09-01T00:29:20.618727Z,none
2017-12-01,copper_price,energy-industrial,,,Global price of copper,6833.89473684,USD_per_metric_ton,monthly,FRED_IMF_PCPS,IMF Primary Commodity Prices System series,https://fred.stlouisfed.org/categories/32217,https://data.imf.org/en/datasets/IMF.STA:PCPS,2026-09-01T00:29:20.618727Z,none
2018-01-01,copper_price,energy-industrial,,,Global price of copper,7065.85227273,USD_per_metric_ton,monthly,FRED_IMF_PCPS,IMF Primary Commodity Prices System series,https://fred.stlouisfed.org/categories/32217,https://data.imf.org/en/datasets/IMF.STA:PCPS,2026-09-01T00:29:20.618727Z,none
2018-02-01,copper_price,energy-industrial,,,Global price of copper,7006.525,USD_per_metric_ton,monthly,FRED_IMF_PCPS,IMF Primary Commodity Prices System series,https://fred.stlouisfed.org/categories/32217,https://data.imf.org/en/datasets/IMF.STA:PCPS,2026-09-01T00:29:20.618727Z,none
2018-03-01,copper_price,energy-industrial,,,Global price of copper,6799.17857143,USD_per_metric_ton,monthly,FRED_IMF_PCPS,IMF Primary Commodity Prices System series,https://fred.stlouisfed.org/categories/32217,https://data.imf.org/en/datasets/IMF.STA:PCPS,2026-09-01T00:29:20.618727Z,none
2018-04-01,copper_price,energy-industrial,,,Global price of copper,6851.5125,USD_per_metric_ton,monthly,FRED_IMF_PCPS,IMF Primary Commodity Prices System series,https://fred.stlouisfed.org/categories/32217,https://data.imf.org/en/datasets/IMF.STA:PCPS,2026-09-01T00:29:20.618727Z,none
2018-05-01,copper_price,energy-industrial,,,Global price of copper,6825.27380952,USD_per_metric_ton,monthly,FRED_IMF_PCPS,IMF Primary Commodity Prices System series,https://fred.stlouisfed.org/categories/32217,https://data.imf.org/en/datasets/IMF.STA:PCPS,2026-09-01T00:29:20.618727Z,none
2018-06-01,copper_price,energy-industrial,,,Global price of copper,6965.85714286,USD_per_metric_ton,monthly,FRED_IMF_PCPS,IMF Primary Commodity Prices System series,https://fred.stlouisfed.org/categories/32217,https://data.imf.org/en/datasets/IMF.STA:PCPS,2026-09-01T00:29:20.618727Z,none
2018-07-01,copper_price,energy-industrial,,,Global price of copper,6250.75,USD_per_metric_ton,monthly,FRED_IMF_PCPS,IMF Primary Commodity Prices System series,https://fred.stlouisfed.org/categories/32217,https://data.imf.org/en/datasets/IMF.STA:PCPS,2026-09-01T00:29:20.618727Z,none
2018-08-01,copper_price,energy-industrial,,,Global price of copper,6051.04545455,USD_per_metric_ton,monthly,FRED_IMF_PCPS,IMF Primary Commodity Prices System series,https://fred.stlouisfed.org/categories/32217,https://data.imf.org/en/datasets/IMF.STA:PCPS,2026-09-01T00:29:20.618727Z,none
2018-09-01,copper_price,energy-industrial,,,Global price of copper,6050.7625,USD_per_metric_ton,monthly,FRED_IMF_PCPS,IMF Primary Commodity Prices System series,https://fred.stlouisfed.org/categories/32217,https://data.imf.org/en/datasets/IMF.STA:PCPS,2026-09-01T00:29:20.618727Z,none
2018-10-01,copper_price,energy-industrial,,,Global price of copper,6219.58695652,USD_per_metric_ton,monthly,FRED_IMF_PCPS,IMF Primary Commodity Prices System series,https://fred.stlouisfed.org/categories/32217,https://data.imf.org/en/datasets/IMF.STA:PCPS,2026-09-01T00:29:20.618727Z,none
2018-11-01,copper_price,energy-industrial,,,Global price of copper,6195.92045455,USD_per_metric_ton,monthly,FRED_IMF_PCPS,IMF Primary Commodity Prices System series,https://fred.stlouisfed.org/categories/32217,https://data.imf.org/en/datasets/IMF.STA:PCPS,2026-09-01T00:29:20.618727Z,none
2018-12-01,copper_price,energy-industrial,,,Global price of copper,6075.31578947,USD_per_metric_ton,monthly,FRED_IMF_PCPS,IMF Primary Commodity Prices System series,https://fred.stlouisfed.org/categories/32217,https://data.imf.org/en/datasets/IMF.STA:PCPS,2026-09-01T00:29:20.618727Z,none
2019-01-01,copper_price,energy-industrial,,,Global price of copper,5939.10227273,USD_per_metric_ton,monthly,FRED_IMF_PCPS,IMF Primary Commodity Prices System series,https://fred.stlouisfed.org/categories/32217,https://data.imf.org/en/datasets/IMF.STA:PCPS,2026-09-01T00:29:20.618727Z,none
2019-02-01,copper_price,energy-industrial,,,Global price of copper,6300.4875,USD_per_metric_ton,monthly,FRED_IMF_PCPS,IMF Primary Commodity Prices System series,https://fred.stlouisfed.org/categories/32217,https://data.imf.org/en/datasets/IMF.STA:PCPS,2026-09-01T00:29:20.618727Z,none
2019-03-01,copper_price,energy-industrial,,,Global price of copper,6439.46428571,USD_per_metric_ton,monthly,FRED_IMF_PCPS,IMF Primary Commodity Prices System series,https://fred.stlouisfed.org/categories/32217,https://data.imf.org/en/datasets/IMF.STA:PCPS,2026-09-01T00:29:20.618727Z,none
2019-04-01,copper_price,energy-industrial,,,Global price of copper,6438.3625,USD_per_metric_ton,monthly,FRED_IMF_PCPS,IMF Primary Commodity Prices System series,https://fred.stlouisfed.org/categories/32217,https://data.imf.org/en/datasets/IMF.STA:PCPS,2026-09-01T00:29:20.618727Z,none
2019-05-01,copper_price,energy-industrial,,,Global price of copper,6017.9047619,USD_per_metric_ton,monthly,FRED_IMF_PCPS,IMF Primary Commodity Prices System series,https://fred.stlouisfed.org/categories/32217,https://data.imf.org/en/datasets/IMF.STA:PCPS,2026-09-01T00:29:20.618727Z,none
2019-06-01,copper_price,energy-industrial,,,Global price of copper,5882.225,USD_per_metric_ton,monthly,FRED_IMF_PCPS,IMF Primary Commodity Prices System series,https://fred.stlouisfed.org/categories/32217,https://data.imf.org/en/datasets/IMF.STA:PCPS,2026-09-01T00:29:20.618727Z,none
2019-07-01,copper_price,energy-industrial,,,Global price of copper,5941.19565217,USD_per_metric_ton,monthly,FRED_IMF_PCPS,IMF Primary Commodity Prices System series,https://fred.stlouisfed.org/categories/32217,https://data.imf.org/en/datasets/IMF.STA:PCPS,2026-09-01T00:29:20.618727Z,none
2019-08-01,copper_price,energy-industrial,,,Global price of copper,5709.44047619,USD_per_metric_ton,monthly,FRED_IMF_PCPS,IMF Primary Commodity Prices System series,https://fred.stlouisfed.org/categories/32217,https://data.imf.org/en/datasets/IMF.STA:PCPS,2026-09-01T00:29:20.618727Z,none
2019-09-01,copper_price,energy-industrial,,,Global price of copper,5759.25,USD_per_metric_ton,monthly,FRED_IMF_PCPS,IMF Primary Commodity Prices System series,https://fred.stlouisfed.org/categories/32217,https://data.imf.org/en/datasets/IMF.STA:PCPS,2026-09-01T00:29:20.618727Z,none
2019-10-01,copper_price,energy-industrial,,,Global price of copper,5757.29782609,USD_per_metric_ton,monthly,FRED_IMF_PCPS,IMF Primary Commodity Prices System series,https://fred.stlouisfed.org/categories/32217,https://data.imf.org/en/datasets/IMF.STA:PCPS,2026-09-01T00:29:20.618727Z,none
2019-11-01,copper_price,energy-industrial,,,Global price of copper,5859.95238095,USD_per_metric_ton,monthly,FRED_IMF_PCPS,IMF Primary Commodity Prices System series,https://fred.stlouisfed.org/categories/32217,https://data.imf.org/en/datasets/IMF.STA:PCPS,2026-09-01T00:29:20.618727Z,none
2019-12-01,copper_price,energy-industrial,,,Global price of copper,6077.0625,USD_per_metric_ton,monthly,FRED_IMF_PCPS,IMF Primary Commodity Prices System series,https://fred.stlouisfed.org/categories/32217,https://data.imf.org/en/datasets/IMF.STA:PCPS,2026-09-01T00:29:20.618727Z,none
2020-01-01,copper_price,energy-industrial,,,Global price of copper,6031.20909091,USD_per_metric_ton,monthly,FRED_IMF_PCPS,IMF Primary Commodity Prices System series,https://fred.stlouisfed.org/categories/32217,https://data.imf.org/en/datasets/IMF.STA:PCPS,2026-09-01T00:29:20.618727Z,none
2020-02-01,copper_price,energy-industrial,,,Global price of copper,5687.75,USD_per_metric_ton,monthly,FRED_IMF_PCPS,IMF Primary Commodity Prices System series,https://fred.stlouisfed.org/categories/32217,https://data.imf.org/en/datasets/IMF.STA:PCPS,2026-09-01T00:29:20.618727Z,none
2020-03-01,copper_price,energy-industrial,,,Global price of copper,5182.63181818,USD_per_metric_ton,monthly,FRED_IMF_PCPS,IMF Primary Commodity Prices System series,https://fred.stlouisfed.org/categories/32217,https://data.imf.org/en/datasets/IMF.STA:PCPS,2026-09-01T00:29:20.618727Z,none
2020-04-01,copper_price,energy-industrial,,,Global price of copper,5057.972,USD_per_metric_ton,monthly,FRED_IMF_PCPS,IMF Primary Commodity Prices System series,https://fred.stlouisfed.org/categories/32217,https://data.imf.org/en/datasets/IMF.STA:PCPS,2026-09-01T00:29:20.618727Z,none
2020-05-01,copper_price,energy-industrial,,,Global price of copper,5239.82631579,USD_per_metric_ton,monthly,FRED_IMF_PCPS,IMF Primary Commodity Prices System series,https://fred.stlouisfed.org/categories/32217,https://data.imf.org/en/datasets/IMF.STA:PCPS,2026-09-01T00:29:20.618727Z,none
2020-06-01,copper_price,energy-industrial,,,Global price of copper,5754.59545455,USD_per_metric_ton,monthly,FRED_IMF_PCPS,IMF Primary Commodity Prices System series,https://fred.stlouisfed.org/categories/32217,https://data.imf.org/en/datasets/IMF.STA:PCPS,2026-09-01T00:29:20.618727Z,none
2020-07-01,copper_price,energy-industrial,,,Global price of copper,6372.46086957,USD_per_metric_ton,monthly,FRED_IMF_PCPS,IMF Primary Commodity Prices System series,https://fred.stlouisfed.org/categories/32217,https://data.imf.org/en/datasets/IMF.STA:PCPS,2026-09-01T00:29:20.618727Z,none
2020-08-01,copper_price,energy-industrial,,,Global price of copper,6508.39285714,USD_per_metric_ton,monthly,FRED_IMF_PCPS,IMF Primary Commodity Prices System series,https://fred.stlouisfed.org/categories/32217,https://data.imf.org/en/datasets/IMF.STA:PCPS,2026-09-01T00:29:20.618727Z,none
2020-09-01,copper_price,energy-industrial,,,Global price of copper,6704.9,USD_per_metric_ton,monthly,FRED_IMF_PCPS,IMF Primary Commodity Prices System series,https://fred.stlouisfed.org/categories/32217,https://data.imf.org/en/datasets/IMF.STA:PCPS,2026-09-01T00:29:20.618727Z,none
2020-10-01,copper_price,energy-industrial,,,Global price of copper,6713.81136364,USD_per_metric_ton,monthly,FRED_IMF_PCPS,IMF Primary Commodity Prices System series,https://fred.stlouisfed.org/categories/32217,https://data.imf.org/en/datasets/IMF.STA:PCPS,2026-09-01T00:29:20.618727Z,none
2020-11-01,copper_price,energy-industrial,,,Global price of copper,7068.90714286,USD_per_metric_ton,monthly,FRED_IMF_PCPS,IMF Primary Commodity Prices System series,https://fred.stlouisfed.org/categories/32217,https://data.imf.org/en/datasets/IMF.STA:PCPS,2026-09-01T00:29:20.618727Z,none
2020-12-01,copper_price,energy-industrial,,,Global price of copper,7772.23809524,USD_per_metric_ton,monthly,FRED_IMF_PCPS,IMF Primary Commodity Prices System series,https://fred.stlouisfed.org/categories/32217,https://data.imf.org/en/datasets/IMF.STA:PCPS,2026-09-01T00:29:20.618727Z,none
2021-01-01,copper_price,energy-industrial,,,Global price of copper,7972.1475,USD_per_metric_ton,monthly,FRED_IMF_PCPS,IMF Primary Commodity Prices System series,https://fred.stlouisfed.org/categories/32217,https://data.imf.org/en/datasets/IMF.STA:PCPS,2026-09-01T00:29:20.618727Z,none
2021-02-01,copper_price,energy-industrial,,,Global price of copper,8470.94,USD_per_metric_ton,monthly,FRED_IMF_PCPS,IMF Primary Commodity Prices System series,https://fred.stlouisfed.org/categories/32217,https://data.imf.org/en/datasets/IMF.STA:PCPS,2026-09-01T00:29:20.618727Z,none
2021-03-01,copper_price,energy-industrial,,,Global price of copper,8988.24782609,USD_per_metric_ton,monthly,FRED_IMF_PCPS,IMF Primary Commodity Prices System series,https://fred.stlouisfed.org/categories/32217,https://data.imf.org/en/datasets/IMF.STA:PCPS,2026-09-01T00:29:20.618727Z,none
2021-04-01,copper_price,energy-industrial,,,Global price of copper,9324.8175,USD_per_metric_ton,monthly,FRED_IMF_PCPS,IMF Primary Commodity Prices System series,https://fred.stlouisfed.org/categories/32217,https://data.imf.org/en/datasets/IMF.STA:PCPS,2026-09-01T00:29:20.618727Z,none
2021-05-01,copper_price,energy-industrial,,,Global price of copper,10166.285,USD_per_metric_ton,monthly,FRED_IMF_PCPS,IMF Primary Commodity Prices System series,https://fred.stlouisfed.org/categories/32217,https://data.imf.org/en/datasets/IMF.STA:PCPS,2026-09-01T00:29:20.618727Z,none
2021-06-01,copper_price,energy-industrial,,,Global price of copper,9631.5,USD_per_metric_ton,monthly,FRED_IMF_PCPS,IMF Primary Commodity Prices System series,https://fred.stlouisfed.org/categories/32217,https://data.imf.org/en/datasets/IMF.STA:PCPS,2026-09-01T00:29:20.618727Z,none
2021-07-01,copper_price,energy-industrial,,,Global price of copper,9450.82045455,USD_per_metric_ton,monthly,FRED_IMF_PCPS,IMF Primary Commodity Prices System series,https://fred.stlouisfed.org/categories/32217,https://data.imf.org/en/datasets/IMF.STA:PCPS,2026-09-01T00:29:20.618727Z,none
2021-08-01,copper_price,energy-industrial,,,Global price of copper,9370.13857143,USD_per_metric_ton,monthly,FRED_IMF_PCPS,IMF Primary Commodity Prices System series,https://fred.stlouisfed.org/categories/32217,https://data.imf.org/en/datasets/IMF.STA:PCPS,2026-09-01T00:29:20.618727Z,none
2021-09-01,copper_price,energy-industrial,,,Global price of copper,9324.70954545,USD_per_metric_ton,monthly,FRED_IMF_PCPS,IMF Primary Commodity Prices System series,https://fred.stlouisfed.org/categories/32217,https://data.imf.org/en/datasets/IMF.STA:PCPS,2026-09-01T00:29:20.618727Z,none
2021-10-01,copper_price,energy-industrial,,,Global price of copper,9829.21904762,USD_per_metric_ton,monthly,FRED_IMF_PCPS,IMF Primary Commodity Prices System series,https://fred.stlouisfed.org/categories/32217,https://data.imf.org/en/datasets/IMF.STA:PCPS,2026-09-01T00:29:20.618727Z,none
2021-11-01,copper_price,energy-industrial,,,Global price of copper,9728.90454545,USD_per_metric_ton,monthly,FRED_IMF_PCPS,IMF Primary Commodity Prices System series,https://fred.stlouisfed.org/categories/32217,https://data.imf.org/en/datasets/IMF.STA:PCPS,2026-09-01T00:29:20.618727Z,none
2021-12-01,copper_price,energy-industrial,,,Global price of copper,9551.18,USD_per_metric_ton,monthly,FRED_IMF_PCPS,IMF Primary Commodity Prices System series,https://fred.stlouisfed.org/categories/32217,https://data.imf.org/en/datasets/IMF.STA:PCPS,2026-09-01T00:29:20.618727Z,none
2022-01-01,copper_price,energy-industrial,,,Global price of copper,9782.3375,USD_per_metric_ton,monthly,FRED_IMF_PCPS,IMF Primary Commodity Prices System series,https://fred.stlouisfed.org/categories/32217,https://data.imf.org/en/datasets/IMF.STA:PCPS,2026-09-01T00:29:20.618727Z,none
2022-02-01,copper_price,energy-industrial,,,Global price of copper,9943.175,USD_per_metric_ton,monthly,FRED_IMF_PCPS,IMF Primary Commodity Prices System series,https://fred.stlouisfed.org/categories/32217,https://data.imf.org/en/datasets/IMF.STA:PCPS,2026-09-01T00:29:20.618727Z,none
2022-03-01,copper_price,energy-industrial,,,Global price of copper,10230.89391304,USD_per_metric_ton,monthly,FRED_IMF_PCPS,IMF Primary Commodity Prices System series,https://fred.stlouisfed.org/categories/32217,https://data.imf.org/en/datasets/IMF.STA:PCPS,2026-09-01T00:29:20.618727Z,none
2022-04-01,copper_price,energy-industrial,,,Global price of copper,10174.34761905,USD_per_metric_ton,monthly,FRED_IMF_PCPS,IMF Primary Commodity Prices System series,https://fred.stlouisfed.org/categories/32217,https://data.imf.org/en/datasets/IMF.STA:PCPS,2026-09-01T00:29:20.618727Z,none
2022-05-01,copper_price,energy-industrial,,,Global price of copper,9395.02727273,USD_per_metric_ton,monthly,FRED_IMF_PCPS,IMF Primary Commodity Prices System series,https://fred.stlouisfed.org/categories/32217,https://data.imf.org/en/datasets/IMF.STA:PCPS,2026-09-01T00:29:20.618727Z,none
2022-06-01,copper_price,energy-industrial,,,Global price of copper,9067.55181818,USD_per_metric_ton,monthly,FRED_IMF_PCPS,IMF Primary Commodity Prices System series,https://fred.stlouisfed.org/categories/32217,https://data.imf.org/en/datasets/IMF.STA:PCPS,2026-09-01T00:29:20.618727Z,none
2022-07-01,copper_price,energy-industrial,,,Global price of copper,7544.80952381,USD_per_metric_ton,monthly,FRED_IMF_PCPS,IMF Primary Commodity Prices System series,https://fred.stlouisfed.org/categories/32217,https://data.imf.org/en/datasets/IMF.STA:PCPS,2026-09-01T00:29:20.618727Z,none
2022-08-01,copper_price,energy-industrial,,,Global price of copper,7990.81217391,USD_per_metric_ton,monthly,FRED_IMF_PCPS,IMF Primary Commodity Prices System series,https://fred.stlouisfed.org/categories/32217,https://data.imf.org/en/datasets/IMF.STA:PCPS,2026-09-01T00:29:20.618727Z,none
2022-09-01,copper_price,energy-industrial,,,Global price of copper,7746.01136364,USD_per_metric_ton,monthly,FRED_IMF_PCPS,IMF Primary Commodity Prices System series,https://fred.stlouisfed.org/categories/32217,https://data.imf.org/en/datasets/IMF.STA:PCPS,2026-09-01T00:29:20.618727Z,none
2022-10-01,copper_price,energy-industrial,,,Global price of copper,7651.08285714,USD_per_metric_ton,monthly,FRED_IMF_PCPS,IMF Primary Commodity Prices System series,https://fred.stlouisfed.org/categories/32217,https://data.imf.org/en/datasets/IMF.STA:PCPS,2026-09-01T00:29:20.618727Z,none
2022-11-01,copper_price,energy-industrial,,,Global price of copper,8049.86136364,USD_per_metric_ton,monthly,FRED_IMF_PCPS,IMF Primary Commodity Prices System series,https://fred.stlouisfed.org/categories/32217,https://data.imf.org/en/datasets/IMF.STA:PCPS,2026-09-01T00:29:20.618727Z,none
2022-12-01,copper_price,energy-industrial,,,Global price of copper,8371.09136364,USD_per_metric_ton,monthly,FRED_IMF_PCPS,IMF Primary Commodity Prices System series,https://fred.stlouisfed.org/categories/32217,https://data.imf.org/en/datasets/IMF.STA:PCPS,2026-09-01T00:29:20.618727Z,none
2023-01-01,copper_price,energy-industrial,,,Global price of copper,9007.34636364,USD_per_metric_ton,monthly,FRED_IMF_PCPS,IMF Primary Commodity Prices System series,https://fred.stlouisfed.org/categories/32217,https://data.imf.org/en/datasets/IMF.STA:PCPS,2026-09-01T00:29:20.618727Z,none
2023-02-01,copper_price,energy-industrial,,,Global price of copper,8936.587,USD_per_metric_ton,monthly,FRED_IMF_PCPS,IMF Primary Commodity Prices System series,https://fred.stlouisfed.org/categories/32217,https://data.imf.org/en/datasets/IMF.STA:PCPS,2026-09-01T00:29:20.618727Z,none
2023-03-01,copper_price,energy-industrial,,,Global price of copper,8856.31086957,USD_per_metric_ton,monthly,FRED_IMF_PCPS,IMF Primary Commodity Prices System series,https://fred.stlouisfed.org/categories/32217,https://data.imf.org/en/datasets/IMF.STA:PCPS,2026-09-01T00:29:20.618727Z,none
2023-04-01,copper_price,energy-industrial,,,Global price of copper,8809.1575,USD_per_metric_ton,monthly,FRED_IMF_PCPS,IMF Primary Commodity Prices System series,https://fred.stlouisfed.org/categories/32217,https://data.imf.org/en/datasets/IMF.STA:PCPS,2026-09-01T00:29:20.618727Z,none
2023-05-01,copper_price,energy-industrial,,,Global price of copper,8243.15608696,USD_per_metric_ton,monthly,FRED_IMF_PCPS,IMF Primary Commodity Prices System series,https://fred.stlouisfed.org/categories/32217,https://data.imf.org/en/datasets/IMF.STA:PCPS,2026-09-01T00:29:20.618727Z,none
2023-06-01,copper_price,energy-industrial,,,Global price of copper,8396.51772727,USD_per_metric_ton,monthly,FRED_IMF_PCPS,IMF Primary Commodity Prices System series,https://fred.stlouisfed.org/categories/32217,https://data.imf.org/en/datasets/IMF.STA:PCPS,2026-09-01T00:29:20.618727Z,none
2023-07-01,copper_price,energy-industrial,,,Global price of copper,8476.67904762,USD_per_metric_ton,monthly,FRED_IMF_PCPS,IMF Primary Commodity Prices System series,https://fred.stlouisfed.org/categories/32217,https://data.imf.org/en/datasets/IMF.STA:PCPS,2026-09-01T00:29:20.618727Z,none
2023-08-01,copper_price,energy-industrial,,,Global price of copper,8347.82826087,USD_per_metric_ton,monthly,FRED_IMF_PCPS,IMF Primary Commodity Prices System series,https://fred.stlouisfed.org/categories/32217,https://data.imf.org/en/datasets/IMF.STA:PCPS,2026-09-01T00:29:20.618727Z,none
2023-09-01,copper_price,energy-industrial,,,Global price of copper,8276.71380952,USD_per_metric_ton,monthly,FRED_IMF_PCPS,IMF Primary Commodity Prices System series,https://fred.stlouisfed.org/categories/32217,https://data.imf.org/en/datasets/IMF.STA:PCPS,2026-09-01T00:29:20.618727Z,none
2023-10-01,copper_price,energy-industrial,,,Global price of copper,7941.35590909,USD_per_metric_ton,monthly,FRED_IMF_PCPS,IMF Primary Commodity Prices System series,https://fred.stlouisfed.org/categories/32217,https://data.imf.org/en/datasets/IMF.STA:PCPS,2026-09-01T00:29:20.618727Z,none
2023-11-01,copper_price,energy-industrial,,,Global price of copper,8189.58772727,USD_per_metric_ton,monthly,FRED_IMF_PCPS,IMF Primary Commodity Prices System series,https://fred.stlouisfed.org/categories/32217,https://data.imf.org/en/datasets/IMF.STA:PCPS,2026-09-01T00:29:20.618727Z,none
2023-12-01,copper_price,energy-industrial,,,Global price of copper,8407.90047619,USD_per_metric_ton,monthly,FRED_IMF_PCPS,IMF Primary Commodity Prices System series,https://fred.stlouisfed.org/categories/32217,https://data.imf.org/en/datasets/IMF.STA:PCPS,2026-09-01T00:29:20.618727Z,none
2024-01-01,copper_price,energy-industrial,,,Global price of copper,8351.33956522,USD_per_metric_ton,monthly,FRED_IMF_PCPS,IMF Primary Commodity Prices System series,https://fred.stlouisfed.org/categories/32217,https://data.imf.org/en/datasets/IMF.STA:PCPS,2026-09-01T00:29:20.618727Z,none
2024-02-01,copper_price,energy-industrial,,,Global price of copper,8304.95047619,USD_per_metric_ton,monthly,FRED_IMF_PCPS,IMF Primary Commodity Prices System series,https://fred.stlouisfed.org/categories/32217,https://data.imf.org/en/datasets/IMF.STA:PCPS,2026-09-01T00:29:20.618727Z,none
2024-03-01,copper_price,energy-industrial,,,Global price of copper,8692.81904762,USD_per_metric_ton,monthly,FRED_IMF_PCPS,IMF Primary Commodity Prices System series,https://fred.stlouisfed.org/categories/32217,https://data.imf.org/en/datasets/IMF.STA:PCPS,2026-09-01T00:29:20.618727Z,none
2024-04-01,copper_price,energy-industrial,,,Global price of copper,9445.59363636,USD_per_metric_ton,monthly,FRED_IMF_PCPS,IMF Primary Commodity Prices System series,https://fred.stlouisfed.org/categories/32217,https://data.imf.org/en/datasets/IMF.STA:PCPS,2026-09-01T00:29:20.618727Z,none
2024-05-01,copper_price,energy-industrial,,,Global price of copper,10117.16347826,USD_per_metric_ton,monthly,FRED_IMF_PCPS,IMF Primary Commodity Prices System series,https://fred.stlouisfed.org/categories/32217,https://data.imf.org/en/datasets/IMF.STA:PCPS,2026-09-01T00:29:20.618727Z,none
2024-06-01,copper_price,energy-industrial,,,Global price of copper,9648.167,USD_per_metric_ton,monthly,FRED_IMF_PCPS,IMF Primary Commodity Prices System series,https://fred.stlouisfed.org/categories/32217,https://data.imf.org/en/datasets/IMF.STA:PCPS,2026-09-01T00:29:20.618727Z,none
2024-07-01,copper_price,energy-industrial,,,Global price of copper,9385.31304348,USD_per_metric_ton,monthly,FRED_IMF_PCPS,IMF Primary Commodity Prices System series,https://fred.stlouisfed.org/categories/32217,https://data.imf.org/en/datasets/IMF.STA:PCPS,2026-09-01T00:29:20.618727Z,none
2024-08-01,copper_price,energy-industrial,,,Global price of copper,8981.11772727,USD_per_metric_ton,monthly,FRED_IMF_PCPS,IMF Primary Commodity Prices System series,https://fred.stlouisfed.org/categories/32217,https://data.imf.org/en/datasets/IMF.STA:PCPS,2026-09-01T00:29:20.618727Z,none
2024-09-01,copper_price,energy-industrial,,,Global price of copper,9259.12857143,USD_per_metric_ton,monthly,FRED_IMF_PCPS,IMF Primary Commodity Prices System series,https://fred.stlouisfed.org/categories/32217,https://data.imf.org/en/datasets/IMF.STA:PCPS,2026-09-01T00:29:20.618727Z,none
2024-10-01,copper_price,energy-industrial,,,Global price of copper,9533.99130435,USD_per_metric_ton,monthly,FRED_IMF_PCPS,IMF Primary Commodity Prices System series,https://fred.stlouisfed.org/categories/32217,https://data.imf.org/en/datasets/IMF.STA:PCPS,2026-09-01T00:29:20.618727Z,none
2024-11-01,copper_price,energy-industrial,,,Global price of copper,9075.72714286,USD_per_metric_ton,monthly,FRED_IMF_PCPS,IMF Primary Commodity Prices System series,https://fred.stlouisfed.org/categories/32217,https://data.imf.org/en/datasets/IMF.STA:PCPS,2026-09-01T00:29:20.618727Z,none
2024-12-01,copper_price,energy-industrial,,,Global price of copper,8909.90772727,USD_per_metric_ton,monthly,FRED_IMF_PCPS,IMF Primary Commodity Prices System series,https://fred.stlouisfed.org/categories/32217,https://data.imf.org/en/datasets/IMF.STA:PCPS,2026-09-01T00:29:20.618727Z,none
2025-01-01,copper_price,energy-industrial,,,Global price of copper,8976.68043478,USD_per_metric_ton,monthly,FRED_IMF_PCPS,IMF Primary Commodity Prices System series,https://fred.stlouisfed.org/categories/32217,https://data.imf.org/en/datasets/IMF.STA:PCPS,2026-09-01T00:29:20.618727Z,none
2025-02-01,copper_price,energy-industrial,,,Global price of copper,9330.975,USD_per_metric_ton,monthly,FRED_IMF_PCPS,IMF Primary Commodity Prices System series,https://fred.stlouisfed.org/categories/32217,https://data.imf.org/en/datasets/IMF.STA:PCPS,2026-09-01T00:29:20.618727Z,none
2025-03-01,copper_price,energy-industrial,,,Global price of copper,9735.82333333,USD_per_metric_ton,monthly,FRED_IMF_PCPS,IMF Primary Commodity Prices System series,https://fred.stlouisfed.org/categories/32217,https://data.imf.org/en/datasets/IMF.STA:PCPS,2026-09-01T00:29:20.618727Z,none
2025-04-01,copper_price,energy-industrial,,,Global price of copper,9172.69590909,USD_per_metric_ton,monthly,FRED_IMF_PCPS,IMF Primary Commodity Prices System series,https://fred.stlouisfed.org/categories/32217,https://data.imf.org/en/datasets/IMF.STA:PCPS,2026-09-01T00:29:20.618727Z,none
2025-05-01,copper_price,energy-industrial,,,Global price of copper,9531.20090909,USD_per_metric_ton,monthly,FRED_IMF_PCPS,IMF Primary Commodity Prices System series,https://fred.stlouisfed.org/categories/32217,https://data.imf.org/en/datasets/IMF.STA:PCPS,2026-09-01T00:29:20.618727Z,none
2025-06-01,copper_price,energy-industrial,,,Global price of copper,9835.06809524,USD_per_metric_ton,monthly,FRED_IMF_PCPS,IMF Primary Commodity Prices System series,https://fred.stlouisfed.org/categories/32217,https://data.imf.org/en/datasets/IMF.STA:PCPS,2026-09-01T00:29:20.618727Z,none
2025-07-01,copper_price,energy-industrial,,,Global price of copper,9770.58043478,USD_per_metric_ton,monthly,FRED_IMF_PCPS,IMF Primary Commodity Prices System series,https://fred.stlouisfed.org/categories/32217,https://data.imf.org/en/datasets/IMF.STA:PCPS,2026-09-01T00:29:20.618727Z,none
2025-08-01,copper_price,energy-industrial,,,Global price of copper,9671.87571429,USD_per_metric_ton,monthly,FRED_IMF_PCPS,IMF Primary Commodity Prices System series,https://fred.stlouisfed.org/categories/32217,https://data.imf.org/en/datasets/IMF.STA:PCPS,2026-09-01T00:29:20.618727Z,none
2025-09-01,copper_price,energy-industrial,,,Global price of copper,9994.77318182,USD_per_metric_ton,monthly,FRED_IMF_PCPS,IMF Primary Commodity Prices System series,https://fred.stlouisfed.org/categories/32217,https://data.imf.org/en/datasets/IMF.STA:PCPS,2026-09-01T00:29:20.618727Z,none
2025-10-01,copper_price,energy-industrial,,,Global price of copper,10739.91826087,USD_per_metric_ton,monthly,FRED_IMF_PCPS,IMF Primary Commodity Prices System series,https://fred.stlouisfed.org/categories/32217,https://data.imf.org/en/datasets/IMF.STA:PCPS,2026-09-01T00:29:20.618727Z,none
2025-11-01,copper_price,energy-industrial,,,Global price of copper,10812.028,USD_per_metric_ton,monthly,FRED_IMF_PCPS,IMF Primary Commodity Prices System series,https://fred.stlouisfed.org/categories/32217,https://data.imf.org/en/datasets/IMF.STA:PCPS,2026-09-01T00:29:20.618727Z,none
2025-12-01,copper_price,energy-industrial,,,Global price of copper,11790.96409091,USD_per_metric_ton,monthly,FRED_IMF_PCPS,IMF Primary Commodity Prices System series,https://fred.stlouisfed.org/categories/32217,https://data.imf.org/en/datasets/IMF.STA:PCPS,2026-09-01T00:29:20.618727Z,none
2026-01-01,copper_price,energy-industrial,,,Global price of copper,12986.60681818,USD_per_metric_ton,monthly,FRED_IMF_PCPS,IMF Primary Commodity Prices System series,https://fred.stlouisfed.org/categories/32217,https://data.imf.org/en/datasets/IMF.STA:PCPS,2026-09-01T00:29:20.618727Z,none
2026-02-01,copper_price,energy-industrial,,,Global price of copper,12951.345,USD_per_metric_ton,monthly,FRED_IMF_PCPS,IMF Primary Commodity Prices System series,https://fred.stlouisfed.org/categories/32217,https://data.imf.org/en/datasets/IMF.STA:PCPS,2026-09-01T00:29:20.618727Z,none
2026-03-01,copper_price,energy-industrial,,,Global price of copper,12528.70954545,USD_per_metric_ton,monthly,FRED_IMF_PCPS,IMF Primary Commodity Prices System series,https://fred.stlouisfed.org/categories/32217,https://data.imf.org/en/datasets/IMF.STA:PCPS,2026-09-01T00:29:20.618727Z,none
2026-04-01,copper_price,energy-industrial,,,Global price of copper,12890.68772727,USD_per_metric_ton,monthly,FRED_IMF_PCPS,IMF Primary Commodity Prices System series,https://fred.stlouisfed.org/categories/32217,https://data.imf.org/en/datasets/IMF.STA:PCPS,2026-09-01T00:29:20.618727Z,none
2026-05-01,copper_price,energy-industrial,,,Global price of copper,13512.15619048,USD_per_metric_ton,monthly,FRED_IMF_PCPS,IMF Primary Commodity Prices System series,https://fred.stlouisfed.org/categories/32217,https://data.imf.org/en/datasets/IMF.STA:PCPS,2026-09-01T00:29:20.618727Z,none
2026-06-01,copper_price,energy-industrial,,,Global price of copper,13552.04090909,USD_per_metric_ton,monthly,FRED_IMF_PCPS,IMF Primary Commodity Prices System series,https://fred.stlouisfed.org/categories/32217,https://data.imf.org/en/datasets/IMF.STA:PCPS,2026-09-01T00:29:20.618727Z,none
2026-07-01,copper_price,energy-industrial,,,Global price of copper,13542.82086957,USD_per_metric_ton,monthly,FRED_IMF_PCPS,IMF Primary Commodity Prices System series,https://fred.stlouisfed.org/categories/32217,https://data.imf.org/en/datasets/IMF.STA:PCPS,2026-09-01T00:29:20.618727Z,none
