observation_date,series_id,tab_id,country_iso3,currency_iso3,label,value,unit,frequency,source_id,source_name,source_url,source_documentation_url,source_retrieved_at,transformation
2024-09-25,etb_fx,africa,ETH,ETB,ETB per US dollar,120.3023,LCU_per_USD,daily,NBE_DAILY_FX,Indicative Daily Exchange Rates,https://api.nbe.gov.et/api/filter-exchange-rates,https://nbe.gov.et/exchange/indicatives-rates/,2026-08-14T07:36:47.282161Z,none
2024-09-26,etb_fx,africa,ETH,ETB,ETB per US dollar,119.1519,LCU_per_USD,daily,NBE_DAILY_FX,Indicative Daily Exchange Rates,https://api.nbe.gov.et/api/filter-exchange-rates,https://nbe.gov.et/exchange/indicatives-rates/,2026-08-14T07:36:50.695436Z,none
2024-09-30,etb_fx,africa,ETH,ETB,ETB per US dollar,120.3395,LCU_per_USD,daily,NBE_DAILY_FX,Indicative Daily Exchange Rates,https://api.nbe.gov.et/api/filter-exchange-rates,https://nbe.gov.et/exchange/indicatives-rates/,2026-08-31T23:22:18.493833Z,none
2024-10-01,etb_fx,africa,ETH,ETB,ETB per US dollar,120.9111,LCU_per_USD,daily,NBE_DAILY_FX,Indicative Daily Exchange Rates,https://api.nbe.gov.et/api/filter-exchange-rates,https://nbe.gov.et/exchange/indicatives-rates/,2026-08-14T07:37:01.769211Z,none
2024-10-02,etb_fx,africa,ETH,ETB,ETB per US dollar,120.8244,LCU_per_USD,daily,NBE_DAILY_FX,Indicative Daily Exchange Rates,https://api.nbe.gov.et/api/filter-exchange-rates,https://nbe.gov.et/exchange/indicatives-rates/,2026-08-14T07:37:05.749898Z,none
2024-10-03,etb_fx,africa,ETH,ETB,ETB per US dollar,120.8063,LCU_per_USD,daily,NBE_DAILY_FX,Indicative Daily Exchange Rates,https://api.nbe.gov.et/api/filter-exchange-rates,https://nbe.gov.et/exchange/indicatives-rates/,2026-08-14T07:37:09.522062Z,none
2024-10-04,etb_fx,africa,ETH,ETB,ETB per US dollar,120.4505,LCU_per_USD,daily,NBE_DAILY_FX,Indicative Daily Exchange Rates,https://api.nbe.gov.et/api/filter-exchange-rates,https://nbe.gov.et/exchange/indicatives-rates/,2026-08-14T07:37:10.965626Z,none
2024-10-07,etb_fx,africa,ETH,ETB,ETB per US dollar,122.221,LCU_per_USD,daily,NBE_DAILY_FX,Indicative Daily Exchange Rates,https://api.nbe.gov.et/api/filter-exchange-rates,https://nbe.gov.et/exchange/indicatives-rates/,2026-08-14T07:37:17.760965Z,none
2024-10-08,etb_fx,africa,ETH,ETB,ETB per US dollar,121.3502,LCU_per_USD,daily,NBE_DAILY_FX,Indicative Daily Exchange Rates,https://api.nbe.gov.et/api/filter-exchange-rates,https://nbe.gov.et/exchange/indicatives-rates/,2026-08-14T07:37:20.903980Z,none
2024-10-09,etb_fx,africa,ETH,ETB,ETB per US dollar,121.845,LCU_per_USD,daily,NBE_DAILY_FX,Indicative Daily Exchange Rates,https://api.nbe.gov.et/api/filter-exchange-rates,https://nbe.gov.et/exchange/indicatives-rates/,2026-08-14T07:37:22.612017Z,none
2024-10-10,etb_fx,africa,ETH,ETB,ETB per US dollar,121.1872,LCU_per_USD,daily,NBE_DAILY_FX,Indicative Daily Exchange Rates,https://api.nbe.gov.et/api/filter-exchange-rates,https://nbe.gov.et/exchange/indicatives-rates/,2026-08-14T07:37:25.819433Z,none
2024-10-11,etb_fx,africa,ETH,ETB,ETB per US dollar,121.3928,LCU_per_USD,daily,NBE_DAILY_FX,Indicative Daily Exchange Rates,https://api.nbe.gov.et/api/filter-exchange-rates,https://nbe.gov.et/exchange/indicatives-rates/,2026-08-14T07:37:27.133819Z,none
2024-10-14,etb_fx,africa,ETH,ETB,ETB per US dollar,121.5428,LCU_per_USD,daily,NBE_DAILY_FX,Indicative Daily Exchange Rates,https://api.nbe.gov.et/api/filter-exchange-rates,https://nbe.gov.et/exchange/indicatives-rates/,2026-08-14T07:37:30.070057Z,none
2024-10-15,etb_fx,africa,ETH,ETB,ETB per US dollar,119.6952,LCU_per_USD,daily,NBE_DAILY_FX,Indicative Daily Exchange Rates,https://api.nbe.gov.et/api/filter-exchange-rates,https://nbe.gov.et/exchange/indicatives-rates/,2026-08-14T07:37:31.466607Z,none
2024-10-16,etb_fx,africa,ETH,ETB,ETB per US dollar,119.5952,LCU_per_USD,daily,NBE_DAILY_FX,Indicative Daily Exchange Rates,https://api.nbe.gov.et/api/filter-exchange-rates,https://nbe.gov.et/exchange/indicatives-rates/,2026-08-14T07:37:33.055033Z,none
2024-10-17,etb_fx,africa,ETH,ETB,ETB per US dollar,118.6257,LCU_per_USD,daily,NBE_DAILY_FX,Indicative Daily Exchange Rates,https://api.nbe.gov.et/api/filter-exchange-rates,https://nbe.gov.et/exchange/indicatives-rates/,2026-08-14T07:37:34.972030Z,none
2024-10-18,etb_fx,africa,ETH,ETB,ETB per US dollar,118.5046,LCU_per_USD,daily,NBE_DAILY_FX,Indicative Daily Exchange Rates,https://api.nbe.gov.et/api/filter-exchange-rates,https://nbe.gov.et/exchange/indicatives-rates/,2026-08-14T07:37:37.061209Z,none
2024-10-21,etb_fx,africa,ETH,ETB,ETB per US dollar,118.6077,LCU_per_USD,daily,NBE_DAILY_FX,Indicative Daily Exchange Rates,https://api.nbe.gov.et/api/filter-exchange-rates,https://nbe.gov.et/exchange/indicatives-rates/,2026-08-14T07:37:38.577634Z,none
2024-10-22,etb_fx,africa,ETH,ETB,ETB per US dollar,119.9892,LCU_per_USD,daily,NBE_DAILY_FX,Indicative Daily Exchange Rates,https://api.nbe.gov.et/api/filter-exchange-rates,https://nbe.gov.et/exchange/indicatives-rates/,2026-08-14T07:37:39.910127Z,none
2024-10-23,etb_fx,africa,ETH,ETB,ETB per US dollar,117.5883,LCU_per_USD,daily,NBE_DAILY_FX,Indicative Daily Exchange Rates,https://api.nbe.gov.et/api/filter-exchange-rates,https://nbe.gov.et/exchange/indicatives-rates/,2026-08-14T07:37:42.869379Z,none
2024-10-24,etb_fx,africa,ETH,ETB,ETB per US dollar,119.8971,LCU_per_USD,daily,NBE_DAILY_FX,Indicative Daily Exchange Rates,https://api.nbe.gov.et/api/filter-exchange-rates,https://nbe.gov.et/exchange/indicatives-rates/,2026-08-14T07:37:45.851366Z,none
2024-10-25,etb_fx,africa,ETH,ETB,ETB per US dollar,120.223,LCU_per_USD,daily,NBE_DAILY_FX,Indicative Daily Exchange Rates,https://api.nbe.gov.et/api/filter-exchange-rates,https://nbe.gov.et/exchange/indicatives-rates/,2026-08-14T07:37:50.446613Z,none
2024-10-28,etb_fx,africa,ETH,ETB,ETB per US dollar,120.5252,LCU_per_USD,daily,NBE_DAILY_FX,Indicative Daily Exchange Rates,https://api.nbe.gov.et/api/filter-exchange-rates,https://nbe.gov.et/exchange/indicatives-rates/,2026-08-14T07:37:51.869285Z,none
2024-10-29,etb_fx,africa,ETH,ETB,ETB per US dollar,120.7748,LCU_per_USD,daily,NBE_DAILY_FX,Indicative Daily Exchange Rates,https://api.nbe.gov.et/api/filter-exchange-rates,https://nbe.gov.et/exchange/indicatives-rates/,2026-08-14T07:37:53.271081Z,none
2024-10-30,etb_fx,africa,ETH,ETB,ETB per US dollar,120.7804,LCU_per_USD,daily,NBE_DAILY_FX,Indicative Daily Exchange Rates,https://api.nbe.gov.et/api/filter-exchange-rates,https://nbe.gov.et/exchange/indicatives-rates/,2026-08-14T07:37:56.860266Z,none
2024-10-31,etb_fx,africa,ETH,ETB,ETB per US dollar,120.9896,LCU_per_USD,daily,NBE_DAILY_FX,Indicative Daily Exchange Rates,https://api.nbe.gov.et/api/filter-exchange-rates,https://nbe.gov.et/exchange/indicatives-rates/,2026-08-31T23:22:19.329694Z,none
2024-11-01,etb_fx,africa,ETH,ETB,ETB per US dollar,121.0958,LCU_per_USD,daily,NBE_DAILY_FX,Indicative Daily Exchange Rates,https://api.nbe.gov.et/api/filter-exchange-rates,https://nbe.gov.et/exchange/indicatives-rates/,2026-08-14T07:38:04.788952Z,none
2024-11-04,etb_fx,africa,ETH,ETB,ETB per US dollar,121.1315,LCU_per_USD,daily,NBE_DAILY_FX,Indicative Daily Exchange Rates,https://api.nbe.gov.et/api/filter-exchange-rates,https://nbe.gov.et/exchange/indicatives-rates/,2026-08-14T07:38:06.413012Z,none
2024-11-05,etb_fx,africa,ETH,ETB,ETB per US dollar,120.9952,LCU_per_USD,daily,NBE_DAILY_FX,Indicative Daily Exchange Rates,https://api.nbe.gov.et/api/filter-exchange-rates,https://nbe.gov.et/exchange/indicatives-rates/,2026-08-14T07:38:07.783098Z,none
2024-11-06,etb_fx,africa,ETH,ETB,ETB per US dollar,121.5858,LCU_per_USD,daily,NBE_DAILY_FX,Indicative Daily Exchange Rates,https://api.nbe.gov.et/api/filter-exchange-rates,https://nbe.gov.et/exchange/indicatives-rates/,2026-08-14T07:38:09.375511Z,none
2024-11-07,etb_fx,africa,ETH,ETB,ETB per US dollar,121.847,LCU_per_USD,daily,NBE_DAILY_FX,Indicative Daily Exchange Rates,https://api.nbe.gov.et/api/filter-exchange-rates,https://nbe.gov.et/exchange/indicatives-rates/,2026-08-14T07:38:10.715758Z,none
2024-11-08,etb_fx,africa,ETH,ETB,ETB per US dollar,121.4968,LCU_per_USD,daily,NBE_DAILY_FX,Indicative Daily Exchange Rates,https://api.nbe.gov.et/api/filter-exchange-rates,https://nbe.gov.et/exchange/indicatives-rates/,2026-08-14T07:38:12.630368Z,none
2024-11-11,etb_fx,africa,ETH,ETB,ETB per US dollar,121.681,LCU_per_USD,daily,NBE_DAILY_FX,Indicative Daily Exchange Rates,https://api.nbe.gov.et/api/filter-exchange-rates,https://nbe.gov.et/exchange/indicatives-rates/,2026-08-14T07:38:16.051484Z,none
2024-11-12,etb_fx,africa,ETH,ETB,ETB per US dollar,122.0011,LCU_per_USD,daily,NBE_DAILY_FX,Indicative Daily Exchange Rates,https://api.nbe.gov.et/api/filter-exchange-rates,https://nbe.gov.et/exchange/indicatives-rates/,2026-08-14T07:38:19.293004Z,none
2024-11-13,etb_fx,africa,ETH,ETB,ETB per US dollar,122.0419,LCU_per_USD,daily,NBE_DAILY_FX,Indicative Daily Exchange Rates,https://api.nbe.gov.et/api/filter-exchange-rates,https://nbe.gov.et/exchange/indicatives-rates/,2026-08-14T07:38:20.860319Z,none
2024-11-14,etb_fx,africa,ETH,ETB,ETB per US dollar,121.93,LCU_per_USD,daily,NBE_DAILY_FX,Indicative Daily Exchange Rates,https://api.nbe.gov.et/api/filter-exchange-rates,https://nbe.gov.et/exchange/indicatives-rates/,2026-08-14T07:38:22.195741Z,none
2024-11-15,etb_fx,africa,ETH,ETB,ETB per US dollar,122.009,LCU_per_USD,daily,NBE_DAILY_FX,Indicative Daily Exchange Rates,https://api.nbe.gov.et/api/filter-exchange-rates,https://nbe.gov.et/exchange/indicatives-rates/,2026-08-14T07:38:23.618566Z,none
2024-11-18,etb_fx,africa,ETH,ETB,ETB per US dollar,122.009,LCU_per_USD,daily,NBE_DAILY_FX,Indicative Daily Exchange Rates,https://api.nbe.gov.et/api/filter-exchange-rates,https://nbe.gov.et/exchange/indicatives-rates/,2026-08-14T07:38:25.117368Z,none
2024-11-19,etb_fx,africa,ETH,ETB,ETB per US dollar,122.009,LCU_per_USD,daily,NBE_DAILY_FX,Indicative Daily Exchange Rates,https://api.nbe.gov.et/api/filter-exchange-rates,https://nbe.gov.et/exchange/indicatives-rates/,2026-08-14T07:38:26.644864Z,none
2024-11-20,etb_fx,africa,ETH,ETB,ETB per US dollar,122.009,LCU_per_USD,daily,NBE_DAILY_FX,Indicative Daily Exchange Rates,https://api.nbe.gov.et/api/filter-exchange-rates,https://nbe.gov.et/exchange/indicatives-rates/,2026-08-14T07:38:28.184193Z,none
2024-11-21,etb_fx,africa,ETH,ETB,ETB per US dollar,122.009,LCU_per_USD,daily,NBE_DAILY_FX,Indicative Daily Exchange Rates,https://api.nbe.gov.et/api/filter-exchange-rates,https://nbe.gov.et/exchange/indicatives-rates/,2026-08-14T07:38:29.596002Z,none
2024-11-22,etb_fx,africa,ETH,ETB,ETB per US dollar,122.009,LCU_per_USD,daily,NBE_DAILY_FX,Indicative Daily Exchange Rates,https://api.nbe.gov.et/api/filter-exchange-rates,https://nbe.gov.et/exchange/indicatives-rates/,2026-08-14T07:38:30.953902Z,none
2024-11-25,etb_fx,africa,ETH,ETB,ETB per US dollar,122.009,LCU_per_USD,daily,NBE_DAILY_FX,Indicative Daily Exchange Rates,https://api.nbe.gov.et/api/filter-exchange-rates,https://nbe.gov.et/exchange/indicatives-rates/,2026-08-14T07:38:33.776384Z,none
2024-11-26,etb_fx,africa,ETH,ETB,ETB per US dollar,122.009,LCU_per_USD,daily,NBE_DAILY_FX,Indicative Daily Exchange Rates,https://api.nbe.gov.et/api/filter-exchange-rates,https://nbe.gov.et/exchange/indicatives-rates/,2026-08-14T07:38:35.973919Z,none
2024-11-27,etb_fx,africa,ETH,ETB,ETB per US dollar,122.009,LCU_per_USD,daily,NBE_DAILY_FX,Indicative Daily Exchange Rates,https://api.nbe.gov.et/api/filter-exchange-rates,https://nbe.gov.et/exchange/indicatives-rates/,2026-08-14T07:38:37.613895Z,none
2024-11-28,etb_fx,africa,ETH,ETB,ETB per US dollar,122.009,LCU_per_USD,daily,NBE_DAILY_FX,Indicative Daily Exchange Rates,https://api.nbe.gov.et/api/filter-exchange-rates,https://nbe.gov.et/exchange/indicatives-rates/,2026-08-14T07:38:39.628944Z,none
2024-11-29,etb_fx,africa,ETH,ETB,ETB per US dollar,122.009,LCU_per_USD,daily,NBE_DAILY_FX,Indicative Daily Exchange Rates,https://api.nbe.gov.et/api/filter-exchange-rates,https://nbe.gov.et/exchange/indicatives-rates/,2026-08-31T23:22:20.907300Z,none
2024-12-02,etb_fx,africa,ETH,ETB,ETB per US dollar,122.009,LCU_per_USD,daily,NBE_DAILY_FX,Indicative Daily Exchange Rates,https://api.nbe.gov.et/api/filter-exchange-rates,https://nbe.gov.et/exchange/indicatives-rates/,2026-08-14T07:38:43.574897Z,none
2024-12-03,etb_fx,africa,ETH,ETB,ETB per US dollar,122.009,LCU_per_USD,daily,NBE_DAILY_FX,Indicative Daily Exchange Rates,https://api.nbe.gov.et/api/filter-exchange-rates,https://nbe.gov.et/exchange/indicatives-rates/,2026-08-14T07:38:45.517766Z,none
2024-12-04,etb_fx,africa,ETH,ETB,ETB per US dollar,122.009,LCU_per_USD,daily,NBE_DAILY_FX,Indicative Daily Exchange Rates,https://api.nbe.gov.et/api/filter-exchange-rates,https://nbe.gov.et/exchange/indicatives-rates/,2026-08-14T07:38:46.967490Z,none
2024-12-05,etb_fx,africa,ETH,ETB,ETB per US dollar,122.009,LCU_per_USD,daily,NBE_DAILY_FX,Indicative Daily Exchange Rates,https://api.nbe.gov.et/api/filter-exchange-rates,https://nbe.gov.et/exchange/indicatives-rates/,2026-08-14T07:38:49.399716Z,none
2024-12-06,etb_fx,africa,ETH,ETB,ETB per US dollar,122.009,LCU_per_USD,daily,NBE_DAILY_FX,Indicative Daily Exchange Rates,https://api.nbe.gov.et/api/filter-exchange-rates,https://nbe.gov.et/exchange/indicatives-rates/,2026-08-14T07:38:50.842761Z,none
2024-12-09,etb_fx,africa,ETH,ETB,ETB per US dollar,122.009,LCU_per_USD,daily,NBE_DAILY_FX,Indicative Daily Exchange Rates,https://api.nbe.gov.et/api/filter-exchange-rates,https://nbe.gov.et/exchange/indicatives-rates/,2026-08-14T07:38:52.185614Z,none
2024-12-10,etb_fx,africa,ETH,ETB,ETB per US dollar,122.009,LCU_per_USD,daily,NBE_DAILY_FX,Indicative Daily Exchange Rates,https://api.nbe.gov.et/api/filter-exchange-rates,https://nbe.gov.et/exchange/indicatives-rates/,2026-08-14T07:38:53.625384Z,none
2024-12-11,etb_fx,africa,ETH,ETB,ETB per US dollar,122.009,LCU_per_USD,daily,NBE_DAILY_FX,Indicative Daily Exchange Rates,https://api.nbe.gov.et/api/filter-exchange-rates,https://nbe.gov.et/exchange/indicatives-rates/,2026-08-14T07:38:54.976479Z,none
2024-12-12,etb_fx,africa,ETH,ETB,ETB per US dollar,122.009,LCU_per_USD,daily,NBE_DAILY_FX,Indicative Daily Exchange Rates,https://api.nbe.gov.et/api/filter-exchange-rates,https://nbe.gov.et/exchange/indicatives-rates/,2026-08-14T07:38:56.443323Z,none
2024-12-13,etb_fx,africa,ETH,ETB,ETB per US dollar,122.009,LCU_per_USD,daily,NBE_DAILY_FX,Indicative Daily Exchange Rates,https://api.nbe.gov.et/api/filter-exchange-rates,https://nbe.gov.et/exchange/indicatives-rates/,2026-08-14T07:38:57.849210Z,none
2024-12-16,etb_fx,africa,ETH,ETB,ETB per US dollar,122.009,LCU_per_USD,daily,NBE_DAILY_FX,Indicative Daily Exchange Rates,https://api.nbe.gov.et/api/filter-exchange-rates,https://nbe.gov.et/exchange/indicatives-rates/,2026-08-14T07:38:59.411560Z,none
2024-12-17,etb_fx,africa,ETH,ETB,ETB per US dollar,125.9073,LCU_per_USD,daily,NBE_DAILY_FX,Indicative Daily Exchange Rates,https://api.nbe.gov.et/api/filter-exchange-rates,https://nbe.gov.et/exchange/indicatives-rates/,2026-08-14T07:39:00.827467Z,none
2024-12-18,etb_fx,africa,ETH,ETB,ETB per US dollar,125.439,LCU_per_USD,daily,NBE_DAILY_FX,Indicative Daily Exchange Rates,https://api.nbe.gov.et/api/filter-exchange-rates,https://nbe.gov.et/exchange/indicatives-rates/,2026-08-14T07:39:02.326484Z,none
2024-12-19,etb_fx,africa,ETH,ETB,ETB per US dollar,125.5527,LCU_per_USD,daily,NBE_DAILY_FX,Indicative Daily Exchange Rates,https://api.nbe.gov.et/api/filter-exchange-rates,https://nbe.gov.et/exchange/indicatives-rates/,2026-08-14T07:39:03.757152Z,none
2024-12-20,etb_fx,africa,ETH,ETB,ETB per US dollar,125.3637,LCU_per_USD,daily,NBE_DAILY_FX,Indicative Daily Exchange Rates,https://api.nbe.gov.et/api/filter-exchange-rates,https://nbe.gov.et/exchange/indicatives-rates/,2026-08-14T07:39:05.692069Z,none
2024-12-23,etb_fx,africa,ETH,ETB,ETB per US dollar,125.6692,LCU_per_USD,daily,NBE_DAILY_FX,Indicative Daily Exchange Rates,https://api.nbe.gov.et/api/filter-exchange-rates,https://nbe.gov.et/exchange/indicatives-rates/,2026-08-14T07:39:07.550206Z,none
2024-12-24,etb_fx,africa,ETH,ETB,ETB per US dollar,125.8473,LCU_per_USD,daily,NBE_DAILY_FX,Indicative Daily Exchange Rates,https://api.nbe.gov.et/api/filter-exchange-rates,https://nbe.gov.et/exchange/indicatives-rates/,2026-08-14T07:39:09.795774Z,none
2024-12-25,etb_fx,africa,ETH,ETB,ETB per US dollar,125.9882,LCU_per_USD,daily,NBE_DAILY_FX,Indicative Daily Exchange Rates,https://api.nbe.gov.et/api/filter-exchange-rates,https://nbe.gov.et/exchange/indicatives-rates/,2026-08-14T07:39:11.325382Z,none
2024-12-26,etb_fx,africa,ETH,ETB,ETB per US dollar,126.0669,LCU_per_USD,daily,NBE_DAILY_FX,Indicative Daily Exchange Rates,https://api.nbe.gov.et/api/filter-exchange-rates,https://nbe.gov.et/exchange/indicatives-rates/,2026-08-14T07:39:12.800141Z,none
2024-12-27,etb_fx,africa,ETH,ETB,ETB per US dollar,125.7401,LCU_per_USD,daily,NBE_DAILY_FX,Indicative Daily Exchange Rates,https://api.nbe.gov.et/api/filter-exchange-rates,https://nbe.gov.et/exchange/indicatives-rates/,2026-08-14T07:39:14.162190Z,none
2024-12-30,etb_fx,africa,ETH,ETB,ETB per US dollar,125.7989,LCU_per_USD,daily,NBE_DAILY_FX,Indicative Daily Exchange Rates,https://api.nbe.gov.et/api/filter-exchange-rates,https://nbe.gov.et/exchange/indicatives-rates/,2026-08-14T07:39:15.509289Z,none
2024-12-31,etb_fx,africa,ETH,ETB,ETB per US dollar,125.8553,LCU_per_USD,daily,NBE_DAILY_FX,Indicative Daily Exchange Rates,https://api.nbe.gov.et/api/filter-exchange-rates,https://nbe.gov.et/exchange/indicatives-rates/,2026-08-31T23:22:21.685202Z,none
2025-01-01,etb_fx,africa,ETH,ETB,ETB per US dollar,125.9288,LCU_per_USD,daily,NBE_DAILY_FX,Indicative Daily Exchange Rates,https://api.nbe.gov.et/api/filter-exchange-rates,https://nbe.gov.et/exchange/indicatives-rates/,2026-08-14T07:39:19.362113Z,none
2025-01-02,etb_fx,africa,ETH,ETB,ETB per US dollar,126.1184,LCU_per_USD,daily,NBE_DAILY_FX,Indicative Daily Exchange Rates,https://api.nbe.gov.et/api/filter-exchange-rates,https://nbe.gov.et/exchange/indicatives-rates/,2026-08-14T07:39:20.787295Z,none
2025-01-03,etb_fx,africa,ETH,ETB,ETB per US dollar,126.4007,LCU_per_USD,daily,NBE_DAILY_FX,Indicative Daily Exchange Rates,https://api.nbe.gov.et/api/filter-exchange-rates,https://nbe.gov.et/exchange/indicatives-rates/,2026-08-14T07:39:22.176865Z,none
2025-01-06,etb_fx,africa,ETH,ETB,ETB per US dollar,126.0684,LCU_per_USD,daily,NBE_DAILY_FX,Indicative Daily Exchange Rates,https://api.nbe.gov.et/api/filter-exchange-rates,https://nbe.gov.et/exchange/indicatives-rates/,2026-08-14T07:39:23.866408Z,none
2025-01-08,etb_fx,africa,ETH,ETB,ETB per US dollar,125.8032,LCU_per_USD,daily,NBE_DAILY_FX,Indicative Daily Exchange Rates,https://api.nbe.gov.et/api/filter-exchange-rates,https://nbe.gov.et/exchange/indicatives-rates/,2026-08-14T07:39:27.026672Z,none
2025-01-09,etb_fx,africa,ETH,ETB,ETB per US dollar,126.2894,LCU_per_USD,daily,NBE_DAILY_FX,Indicative Daily Exchange Rates,https://api.nbe.gov.et/api/filter-exchange-rates,https://nbe.gov.et/exchange/indicatives-rates/,2026-08-14T07:39:28.406104Z,none
2025-01-10,etb_fx,africa,ETH,ETB,ETB per US dollar,125.9885,LCU_per_USD,daily,NBE_DAILY_FX,Indicative Daily Exchange Rates,https://api.nbe.gov.et/api/filter-exchange-rates,https://nbe.gov.et/exchange/indicatives-rates/,2026-08-14T07:39:30.158265Z,none
2025-01-13,etb_fx,africa,ETH,ETB,ETB per US dollar,126.2285,LCU_per_USD,daily,NBE_DAILY_FX,Indicative Daily Exchange Rates,https://api.nbe.gov.et/api/filter-exchange-rates,https://nbe.gov.et/exchange/indicatives-rates/,2026-08-14T07:39:33.802004Z,none
2025-01-14,etb_fx,africa,ETH,ETB,ETB per US dollar,126.2953,LCU_per_USD,daily,NBE_DAILY_FX,Indicative Daily Exchange Rates,https://api.nbe.gov.et/api/filter-exchange-rates,https://nbe.gov.et/exchange/indicatives-rates/,2026-08-14T07:39:35.910537Z,none
2025-01-15,etb_fx,africa,ETH,ETB,ETB per US dollar,126.026,LCU_per_USD,daily,NBE_DAILY_FX,Indicative Daily Exchange Rates,https://api.nbe.gov.et/api/filter-exchange-rates,https://nbe.gov.et/exchange/indicatives-rates/,2026-08-14T07:39:38.692517Z,none
2025-01-16,etb_fx,africa,ETH,ETB,ETB per US dollar,126.1461,LCU_per_USD,daily,NBE_DAILY_FX,Indicative Daily Exchange Rates,https://api.nbe.gov.et/api/filter-exchange-rates,https://nbe.gov.et/exchange/indicatives-rates/,2026-08-14T07:39:42.985785Z,none
2025-01-17,etb_fx,africa,ETH,ETB,ETB per US dollar,126.144,LCU_per_USD,daily,NBE_DAILY_FX,Indicative Daily Exchange Rates,https://api.nbe.gov.et/api/filter-exchange-rates,https://nbe.gov.et/exchange/indicatives-rates/,2026-08-14T07:39:45.746010Z,none
2025-01-20,etb_fx,africa,ETH,ETB,ETB per US dollar,126.0105,LCU_per_USD,daily,NBE_DAILY_FX,Indicative Daily Exchange Rates,https://api.nbe.gov.et/api/filter-exchange-rates,https://nbe.gov.et/exchange/indicatives-rates/,2026-08-14T07:39:47.812558Z,none
2025-01-21,etb_fx,africa,ETH,ETB,ETB per US dollar,126.0364,LCU_per_USD,daily,NBE_DAILY_FX,Indicative Daily Exchange Rates,https://api.nbe.gov.et/api/filter-exchange-rates,https://nbe.gov.et/exchange/indicatives-rates/,2026-08-14T07:39:50.868176Z,none
2025-01-22,etb_fx,africa,ETH,ETB,ETB per US dollar,126.1389,LCU_per_USD,daily,NBE_DAILY_FX,Indicative Daily Exchange Rates,https://api.nbe.gov.et/api/filter-exchange-rates,https://nbe.gov.et/exchange/indicatives-rates/,2026-08-14T07:39:52.956288Z,none
2025-01-23,etb_fx,africa,ETH,ETB,ETB per US dollar,126.5914,LCU_per_USD,daily,NBE_DAILY_FX,Indicative Daily Exchange Rates,https://api.nbe.gov.et/api/filter-exchange-rates,https://nbe.gov.et/exchange/indicatives-rates/,2026-08-14T07:39:54.313443Z,none
2025-01-24,etb_fx,africa,ETH,ETB,ETB per US dollar,126.2267,LCU_per_USD,daily,NBE_DAILY_FX,Indicative Daily Exchange Rates,https://api.nbe.gov.et/api/filter-exchange-rates,https://nbe.gov.et/exchange/indicatives-rates/,2026-08-14T07:39:56.855143Z,none
2025-01-27,etb_fx,africa,ETH,ETB,ETB per US dollar,126.1073,LCU_per_USD,daily,NBE_DAILY_FX,Indicative Daily Exchange Rates,https://api.nbe.gov.et/api/filter-exchange-rates,https://nbe.gov.et/exchange/indicatives-rates/,2026-08-14T07:39:59.667867Z,none
2025-01-28,etb_fx,africa,ETH,ETB,ETB per US dollar,126.2696,LCU_per_USD,daily,NBE_DAILY_FX,Indicative Daily Exchange Rates,https://api.nbe.gov.et/api/filter-exchange-rates,https://nbe.gov.et/exchange/indicatives-rates/,2026-08-14T07:40:02.114523Z,none
2025-01-29,etb_fx,africa,ETH,ETB,ETB per US dollar,125.9026,LCU_per_USD,daily,NBE_DAILY_FX,Indicative Daily Exchange Rates,https://api.nbe.gov.et/api/filter-exchange-rates,https://nbe.gov.et/exchange/indicatives-rates/,2026-08-14T07:40:03.850081Z,none
2025-01-30,etb_fx,africa,ETH,ETB,ETB per US dollar,126.174,LCU_per_USD,daily,NBE_DAILY_FX,Indicative Daily Exchange Rates,https://api.nbe.gov.et/api/filter-exchange-rates,https://nbe.gov.et/exchange/indicatives-rates/,2026-08-14T07:40:06.301501Z,none
2025-01-31,etb_fx,africa,ETH,ETB,ETB per US dollar,126.2294,LCU_per_USD,daily,NBE_DAILY_FX,Indicative Daily Exchange Rates,https://api.nbe.gov.et/api/filter-exchange-rates,https://nbe.gov.et/exchange/indicatives-rates/,2026-08-31T23:22:22.546080Z,none
2025-02-03,etb_fx,africa,ETH,ETB,ETB per US dollar,126.3605,LCU_per_USD,daily,NBE_DAILY_FX,Indicative Daily Exchange Rates,https://api.nbe.gov.et/api/filter-exchange-rates,https://nbe.gov.et/exchange/indicatives-rates/,2026-08-14T07:40:14.599264Z,none
2025-02-04,etb_fx,africa,ETH,ETB,ETB per US dollar,126.258,LCU_per_USD,daily,NBE_DAILY_FX,Indicative Daily Exchange Rates,https://api.nbe.gov.et/api/filter-exchange-rates,https://nbe.gov.et/exchange/indicatives-rates/,2026-08-14T07:40:16.608111Z,none
2025-02-05,etb_fx,africa,ETH,ETB,ETB per US dollar,126.3466,LCU_per_USD,daily,NBE_DAILY_FX,Indicative Daily Exchange Rates,https://api.nbe.gov.et/api/filter-exchange-rates,https://nbe.gov.et/exchange/indicatives-rates/,2026-08-14T07:40:18.821045Z,none
2025-02-06,etb_fx,africa,ETH,ETB,ETB per US dollar,126.2359,LCU_per_USD,daily,NBE_DAILY_FX,Indicative Daily Exchange Rates,https://api.nbe.gov.et/api/filter-exchange-rates,https://nbe.gov.et/exchange/indicatives-rates/,2026-08-14T07:40:20.425343Z,none
2025-02-07,etb_fx,africa,ETH,ETB,ETB per US dollar,126.2052,LCU_per_USD,daily,NBE_DAILY_FX,Indicative Daily Exchange Rates,https://api.nbe.gov.et/api/filter-exchange-rates,https://nbe.gov.et/exchange/indicatives-rates/,2026-08-14T07:40:21.996803Z,none
2025-02-10,etb_fx,africa,ETH,ETB,ETB per US dollar,126.0659,LCU_per_USD,daily,NBE_DAILY_FX,Indicative Daily Exchange Rates,https://api.nbe.gov.et/api/filter-exchange-rates,https://nbe.gov.et/exchange/indicatives-rates/,2026-08-14T07:40:25.047265Z,none
2025-02-11,etb_fx,africa,ETH,ETB,ETB per US dollar,126.2451,LCU_per_USD,daily,NBE_DAILY_FX,Indicative Daily Exchange Rates,https://api.nbe.gov.et/api/filter-exchange-rates,https://nbe.gov.et/exchange/indicatives-rates/,2026-08-14T07:40:29.244199Z,none
2025-02-12,etb_fx,africa,ETH,ETB,ETB per US dollar,126.1726,LCU_per_USD,daily,NBE_DAILY_FX,Indicative Daily Exchange Rates,https://api.nbe.gov.et/api/filter-exchange-rates,https://nbe.gov.et/exchange/indicatives-rates/,2026-08-14T07:40:31.315940Z,none
2025-02-13,etb_fx,africa,ETH,ETB,ETB per US dollar,126.1048,LCU_per_USD,daily,NBE_DAILY_FX,Indicative Daily Exchange Rates,https://api.nbe.gov.et/api/filter-exchange-rates,https://nbe.gov.et/exchange/indicatives-rates/,2026-08-14T07:40:34.169937Z,none
2025-02-14,etb_fx,africa,ETH,ETB,ETB per US dollar,126.1824,LCU_per_USD,daily,NBE_DAILY_FX,Indicative Daily Exchange Rates,https://api.nbe.gov.et/api/filter-exchange-rates,https://nbe.gov.et/exchange/indicatives-rates/,2026-08-14T07:40:35.595399Z,none
2025-02-17,etb_fx,africa,ETH,ETB,ETB per US dollar,126.7405,LCU_per_USD,daily,NBE_DAILY_FX,Indicative Daily Exchange Rates,https://api.nbe.gov.et/api/filter-exchange-rates,https://nbe.gov.et/exchange/indicatives-rates/,2026-08-14T07:40:37.116083Z,none
2025-02-18,etb_fx,africa,ETH,ETB,ETB per US dollar,126.5521,LCU_per_USD,daily,NBE_DAILY_FX,Indicative Daily Exchange Rates,https://api.nbe.gov.et/api/filter-exchange-rates,https://nbe.gov.et/exchange/indicatives-rates/,2026-08-14T07:40:38.877446Z,none
2025-02-19,etb_fx,africa,ETH,ETB,ETB per US dollar,126.6753,LCU_per_USD,daily,NBE_DAILY_FX,Indicative Daily Exchange Rates,https://api.nbe.gov.et/api/filter-exchange-rates,https://nbe.gov.et/exchange/indicatives-rates/,2026-08-14T07:40:40.900175Z,none
2025-02-20,etb_fx,africa,ETH,ETB,ETB per US dollar,126.4069,LCU_per_USD,daily,NBE_DAILY_FX,Indicative Daily Exchange Rates,https://api.nbe.gov.et/api/filter-exchange-rates,https://nbe.gov.et/exchange/indicatives-rates/,2026-08-14T07:40:42.271310Z,none
2025-02-21,etb_fx,africa,ETH,ETB,ETB per US dollar,126.9738,LCU_per_USD,daily,NBE_DAILY_FX,Indicative Daily Exchange Rates,https://api.nbe.gov.et/api/filter-exchange-rates,https://nbe.gov.et/exchange/indicatives-rates/,2026-08-14T07:40:43.906144Z,none
2025-02-24,etb_fx,africa,ETH,ETB,ETB per US dollar,126.75,LCU_per_USD,daily,NBE_DAILY_FX,Indicative Daily Exchange Rates,https://api.nbe.gov.et/api/filter-exchange-rates,https://nbe.gov.et/exchange/indicatives-rates/,2026-08-14T07:40:45.395807Z,none
2025-02-25,etb_fx,africa,ETH,ETB,ETB per US dollar,127.0061,LCU_per_USD,daily,NBE_DAILY_FX,Indicative Daily Exchange Rates,https://api.nbe.gov.et/api/filter-exchange-rates,https://nbe.gov.et/exchange/indicatives-rates/,2026-08-14T07:40:46.862570Z,none
2025-02-26,etb_fx,africa,ETH,ETB,ETB per US dollar,126.8971,LCU_per_USD,daily,NBE_DAILY_FX,Indicative Daily Exchange Rates,https://api.nbe.gov.et/api/filter-exchange-rates,https://nbe.gov.et/exchange/indicatives-rates/,2026-08-14T07:40:48.335676Z,none
2025-02-27,etb_fx,africa,ETH,ETB,ETB per US dollar,126.8917,LCU_per_USD,daily,NBE_DAILY_FX,Indicative Daily Exchange Rates,https://api.nbe.gov.et/api/filter-exchange-rates,https://nbe.gov.et/exchange/indicatives-rates/,2026-08-14T07:40:49.844571Z,none
2025-02-28,etb_fx,africa,ETH,ETB,ETB per US dollar,127.1544,LCU_per_USD,daily,NBE_DAILY_FX,Indicative Daily Exchange Rates,https://api.nbe.gov.et/api/filter-exchange-rates,https://nbe.gov.et/exchange/indicatives-rates/,2026-08-31T23:22:23.351017Z,none
2025-03-03,etb_fx,africa,ETH,ETB,ETB per US dollar,127.6368,LCU_per_USD,daily,NBE_DAILY_FX,Indicative Daily Exchange Rates,https://api.nbe.gov.et/api/filter-exchange-rates,https://nbe.gov.et/exchange/indicatives-rates/,2026-08-14T07:40:52.956257Z,none
2025-03-04,etb_fx,africa,ETH,ETB,ETB per US dollar,128.5108,LCU_per_USD,daily,NBE_DAILY_FX,Indicative Daily Exchange Rates,https://api.nbe.gov.et/api/filter-exchange-rates,https://nbe.gov.et/exchange/indicatives-rates/,2026-08-14T07:40:54.514925Z,none
2025-03-05,etb_fx,africa,ETH,ETB,ETB per US dollar,126.9043,LCU_per_USD,daily,NBE_DAILY_FX,Indicative Daily Exchange Rates,https://api.nbe.gov.et/api/filter-exchange-rates,https://nbe.gov.et/exchange/indicatives-rates/,2026-08-14T07:40:55.917863Z,none
2025-03-06,etb_fx,africa,ETH,ETB,ETB per US dollar,129.0875,LCU_per_USD,daily,NBE_DAILY_FX,Indicative Daily Exchange Rates,https://api.nbe.gov.et/api/filter-exchange-rates,https://nbe.gov.et/exchange/indicatives-rates/,2026-08-14T07:40:57.992097Z,none
2025-03-07,etb_fx,africa,ETH,ETB,ETB per US dollar,128.9777,LCU_per_USD,daily,NBE_DAILY_FX,Indicative Daily Exchange Rates,https://api.nbe.gov.et/api/filter-exchange-rates,https://nbe.gov.et/exchange/indicatives-rates/,2026-08-14T07:40:59.373308Z,none
2025-03-10,etb_fx,africa,ETH,ETB,ETB per US dollar,129.1439,LCU_per_USD,daily,NBE_DAILY_FX,Indicative Daily Exchange Rates,https://api.nbe.gov.et/api/filter-exchange-rates,https://nbe.gov.et/exchange/indicatives-rates/,2026-08-14T07:41:00.787414Z,none
2025-03-11,etb_fx,africa,ETH,ETB,ETB per US dollar,128.8321,LCU_per_USD,daily,NBE_DAILY_FX,Indicative Daily Exchange Rates,https://api.nbe.gov.et/api/filter-exchange-rates,https://nbe.gov.et/exchange/indicatives-rates/,2026-08-14T07:41:02.106412Z,none
2025-03-12,etb_fx,africa,ETH,ETB,ETB per US dollar,129.441,LCU_per_USD,daily,NBE_DAILY_FX,Indicative Daily Exchange Rates,https://api.nbe.gov.et/api/filter-exchange-rates,https://nbe.gov.et/exchange/indicatives-rates/,2026-08-14T07:41:03.524418Z,none
2025-03-13,etb_fx,africa,ETH,ETB,ETB per US dollar,129.0823,LCU_per_USD,daily,NBE_DAILY_FX,Indicative Daily Exchange Rates,https://api.nbe.gov.et/api/filter-exchange-rates,https://nbe.gov.et/exchange/indicatives-rates/,2026-08-14T07:41:05.195521Z,none
2025-03-14,etb_fx,africa,ETH,ETB,ETB per US dollar,129.2509,LCU_per_USD,daily,NBE_DAILY_FX,Indicative Daily Exchange Rates,https://api.nbe.gov.et/api/filter-exchange-rates,https://nbe.gov.et/exchange/indicatives-rates/,2026-08-14T07:41:06.566380Z,none
2025-03-17,etb_fx,africa,ETH,ETB,ETB per US dollar,129.057,LCU_per_USD,daily,NBE_DAILY_FX,Indicative Daily Exchange Rates,https://api.nbe.gov.et/api/filter-exchange-rates,https://nbe.gov.et/exchange/indicatives-rates/,2026-08-14T07:41:07.906094Z,none
2025-03-18,etb_fx,africa,ETH,ETB,ETB per US dollar,129.9316,LCU_per_USD,daily,NBE_DAILY_FX,Indicative Daily Exchange Rates,https://api.nbe.gov.et/api/filter-exchange-rates,https://nbe.gov.et/exchange/indicatives-rates/,2026-08-14T07:41:09.483043Z,none
2025-03-19,etb_fx,africa,ETH,ETB,ETB per US dollar,129.0759,LCU_per_USD,daily,NBE_DAILY_FX,Indicative Daily Exchange Rates,https://api.nbe.gov.et/api/filter-exchange-rates,https://nbe.gov.et/exchange/indicatives-rates/,2026-08-14T07:41:11.987936Z,none
2025-03-20,etb_fx,africa,ETH,ETB,ETB per US dollar,129.6696,LCU_per_USD,daily,NBE_DAILY_FX,Indicative Daily Exchange Rates,https://api.nbe.gov.et/api/filter-exchange-rates,https://nbe.gov.et/exchange/indicatives-rates/,2026-08-14T07:41:13.672218Z,none
2025-03-21,etb_fx,africa,ETH,ETB,ETB per US dollar,129.7316,LCU_per_USD,daily,NBE_DAILY_FX,Indicative Daily Exchange Rates,https://api.nbe.gov.et/api/filter-exchange-rates,https://nbe.gov.et/exchange/indicatives-rates/,2026-08-14T07:41:15.118018Z,none
2025-03-24,etb_fx,africa,ETH,ETB,ETB per US dollar,129.1903,LCU_per_USD,daily,NBE_DAILY_FX,Indicative Daily Exchange Rates,https://api.nbe.gov.et/api/filter-exchange-rates,https://nbe.gov.et/exchange/indicatives-rates/,2026-08-14T07:41:16.594850Z,none
2025-03-25,etb_fx,africa,ETH,ETB,ETB per US dollar,129.2189,LCU_per_USD,daily,NBE_DAILY_FX,Indicative Daily Exchange Rates,https://api.nbe.gov.et/api/filter-exchange-rates,https://nbe.gov.et/exchange/indicatives-rates/,2026-08-14T07:41:17.949427Z,none
2025-03-26,etb_fx,africa,ETH,ETB,ETB per US dollar,129.1828,LCU_per_USD,daily,NBE_DAILY_FX,Indicative Daily Exchange Rates,https://api.nbe.gov.et/api/filter-exchange-rates,https://nbe.gov.et/exchange/indicatives-rates/,2026-08-14T07:41:19.538707Z,none
2025-03-27,etb_fx,africa,ETH,ETB,ETB per US dollar,129.7971,LCU_per_USD,daily,NBE_DAILY_FX,Indicative Daily Exchange Rates,https://api.nbe.gov.et/api/filter-exchange-rates,https://nbe.gov.et/exchange/indicatives-rates/,2026-08-14T07:41:20.979176Z,none
2025-03-28,etb_fx,africa,ETH,ETB,ETB per US dollar,130.2072,LCU_per_USD,daily,NBE_DAILY_FX,Indicative Daily Exchange Rates,https://api.nbe.gov.et/api/filter-exchange-rates,https://nbe.gov.et/exchange/indicatives-rates/,2026-08-14T07:41:22.305597Z,none
2025-03-31,etb_fx,africa,ETH,ETB,ETB per US dollar,130.0013,LCU_per_USD,daily,NBE_DAILY_FX,Indicative Daily Exchange Rates,https://api.nbe.gov.et/api/filter-exchange-rates,https://nbe.gov.et/exchange/indicatives-rates/,2026-08-31T23:22:24.188878Z,none
2025-04-01,etb_fx,africa,ETH,ETB,ETB per US dollar,130.1101,LCU_per_USD,daily,NBE_DAILY_FX,Indicative Daily Exchange Rates,https://api.nbe.gov.et/api/filter-exchange-rates,https://nbe.gov.et/exchange/indicatives-rates/,2026-08-14T07:41:25.141145Z,none
2025-04-02,etb_fx,africa,ETH,ETB,ETB per US dollar,129.8465,LCU_per_USD,daily,NBE_DAILY_FX,Indicative Daily Exchange Rates,https://api.nbe.gov.et/api/filter-exchange-rates,https://nbe.gov.et/exchange/indicatives-rates/,2026-08-14T07:41:27.130161Z,none
2025-04-03,etb_fx,africa,ETH,ETB,ETB per US dollar,129.7396,LCU_per_USD,daily,NBE_DAILY_FX,Indicative Daily Exchange Rates,https://api.nbe.gov.et/api/filter-exchange-rates,https://nbe.gov.et/exchange/indicatives-rates/,2026-08-14T07:41:28.518945Z,none
2025-04-04,etb_fx,africa,ETH,ETB,ETB per US dollar,130.0901,LCU_per_USD,daily,NBE_DAILY_FX,Indicative Daily Exchange Rates,https://api.nbe.gov.et/api/filter-exchange-rates,https://nbe.gov.et/exchange/indicatives-rates/,2026-08-14T07:41:30.624626Z,none
2025-04-07,etb_fx,africa,ETH,ETB,ETB per US dollar,129.7616,LCU_per_USD,daily,NBE_DAILY_FX,Indicative Daily Exchange Rates,https://api.nbe.gov.et/api/filter-exchange-rates,https://nbe.gov.et/exchange/indicatives-rates/,2026-08-14T07:41:32.602761Z,none
2025-04-08,etb_fx,africa,ETH,ETB,ETB per US dollar,129.9593,LCU_per_USD,daily,NBE_DAILY_FX,Indicative Daily Exchange Rates,https://api.nbe.gov.et/api/filter-exchange-rates,https://nbe.gov.et/exchange/indicatives-rates/,2026-08-14T07:41:34.063574Z,none
2025-04-09,etb_fx,africa,ETH,ETB,ETB per US dollar,129.7137,LCU_per_USD,daily,NBE_DAILY_FX,Indicative Daily Exchange Rates,https://api.nbe.gov.et/api/filter-exchange-rates,https://nbe.gov.et/exchange/indicatives-rates/,2026-08-14T07:41:36.912531Z,none
2025-04-10,etb_fx,africa,ETH,ETB,ETB per US dollar,130.1973,LCU_per_USD,daily,NBE_DAILY_FX,Indicative Daily Exchange Rates,https://api.nbe.gov.et/api/filter-exchange-rates,https://nbe.gov.et/exchange/indicatives-rates/,2026-08-14T07:41:38.932065Z,none
2025-04-11,etb_fx,africa,ETH,ETB,ETB per US dollar,130.7526,LCU_per_USD,daily,NBE_DAILY_FX,Indicative Daily Exchange Rates,https://api.nbe.gov.et/api/filter-exchange-rates,https://nbe.gov.et/exchange/indicatives-rates/,2026-08-14T07:41:42.159893Z,none
2025-04-14,etb_fx,africa,ETH,ETB,ETB per US dollar,129.9933,LCU_per_USD,daily,NBE_DAILY_FX,Indicative Daily Exchange Rates,https://api.nbe.gov.et/api/filter-exchange-rates,https://nbe.gov.et/exchange/indicatives-rates/,2026-08-14T07:41:44.586900Z,none
2025-04-15,etb_fx,africa,ETH,ETB,ETB per US dollar,130.8582,LCU_per_USD,daily,NBE_DAILY_FX,Indicative Daily Exchange Rates,https://api.nbe.gov.et/api/filter-exchange-rates,https://nbe.gov.et/exchange/indicatives-rates/,2026-08-14T07:41:46.213130Z,none
2025-04-16,etb_fx,africa,ETH,ETB,ETB per US dollar,130.8166,LCU_per_USD,daily,NBE_DAILY_FX,Indicative Daily Exchange Rates,https://api.nbe.gov.et/api/filter-exchange-rates,https://nbe.gov.et/exchange/indicatives-rates/,2026-08-14T07:41:47.637833Z,none
2025-04-17,etb_fx,africa,ETH,ETB,ETB per US dollar,131.1585,LCU_per_USD,daily,NBE_DAILY_FX,Indicative Daily Exchange Rates,https://api.nbe.gov.et/api/filter-exchange-rates,https://nbe.gov.et/exchange/indicatives-rates/,2026-08-14T07:41:50.265327Z,none
2025-04-21,etb_fx,africa,ETH,ETB,ETB per US dollar,130.9867,LCU_per_USD,daily,NBE_DAILY_FX,Indicative Daily Exchange Rates,https://api.nbe.gov.et/api/filter-exchange-rates,https://nbe.gov.et/exchange/indicatives-rates/,2026-08-14T07:41:53.325210Z,none
2025-04-22,etb_fx,africa,ETH,ETB,ETB per US dollar,131.9097,LCU_per_USD,daily,NBE_DAILY_FX,Indicative Daily Exchange Rates,https://api.nbe.gov.et/api/filter-exchange-rates,https://nbe.gov.et/exchange/indicatives-rates/,2026-08-14T07:41:55.660071Z,none
2025-04-23,etb_fx,africa,ETH,ETB,ETB per US dollar,130.9449,LCU_per_USD,daily,NBE_DAILY_FX,Indicative Daily Exchange Rates,https://api.nbe.gov.et/api/filter-exchange-rates,https://nbe.gov.et/exchange/indicatives-rates/,2026-08-14T07:41:57.122322Z,none
2025-04-24,etb_fx,africa,ETH,ETB,ETB per US dollar,131.0435,LCU_per_USD,daily,NBE_DAILY_FX,Indicative Daily Exchange Rates,https://api.nbe.gov.et/api/filter-exchange-rates,https://nbe.gov.et/exchange/indicatives-rates/,2026-08-14T07:41:58.773377Z,none
2025-04-25,etb_fx,africa,ETH,ETB,ETB per US dollar,131.1224,LCU_per_USD,daily,NBE_DAILY_FX,Indicative Daily Exchange Rates,https://api.nbe.gov.et/api/filter-exchange-rates,https://nbe.gov.et/exchange/indicatives-rates/,2026-08-14T07:42:00.260552Z,none
2025-04-28,etb_fx,africa,ETH,ETB,ETB per US dollar,131.8972,LCU_per_USD,daily,NBE_DAILY_FX,Indicative Daily Exchange Rates,https://api.nbe.gov.et/api/filter-exchange-rates,https://nbe.gov.et/exchange/indicatives-rates/,2026-08-14T07:42:15.124947Z,none
2025-04-29,etb_fx,africa,ETH,ETB,ETB per US dollar,131.8572,LCU_per_USD,daily,NBE_DAILY_FX,Indicative Daily Exchange Rates,https://api.nbe.gov.et/api/filter-exchange-rates,https://nbe.gov.et/exchange/indicatives-rates/,2026-08-14T07:42:20.354795Z,none
2025-04-30,etb_fx,africa,ETH,ETB,ETB per US dollar,131.6043,LCU_per_USD,daily,NBE_DAILY_FX,Indicative Daily Exchange Rates,https://api.nbe.gov.et/api/filter-exchange-rates,https://nbe.gov.et/exchange/indicatives-rates/,2026-08-31T23:22:24.999018Z,none
2025-05-02,etb_fx,africa,ETH,ETB,ETB per US dollar,131.1624,LCU_per_USD,daily,NBE_DAILY_FX,Indicative Daily Exchange Rates,https://api.nbe.gov.et/api/filter-exchange-rates,https://nbe.gov.et/exchange/indicatives-rates/,2026-08-14T07:42:29.311951Z,none
2025-05-06,etb_fx,africa,ETH,ETB,ETB per US dollar,131.9789,LCU_per_USD,daily,NBE_DAILY_FX,Indicative Daily Exchange Rates,https://api.nbe.gov.et/api/filter-exchange-rates,https://nbe.gov.et/exchange/indicatives-rates/,2026-08-14T07:42:32.134834Z,none
2025-05-07,etb_fx,africa,ETH,ETB,ETB per US dollar,132.6253,LCU_per_USD,daily,NBE_DAILY_FX,Indicative Daily Exchange Rates,https://api.nbe.gov.et/api/filter-exchange-rates,https://nbe.gov.et/exchange/indicatives-rates/,2026-08-14T07:42:33.869462Z,none
2025-05-08,etb_fx,africa,ETH,ETB,ETB per US dollar,132.0236,LCU_per_USD,daily,NBE_DAILY_FX,Indicative Daily Exchange Rates,https://api.nbe.gov.et/api/filter-exchange-rates,https://nbe.gov.et/exchange/indicatives-rates/,2026-08-14T07:42:35.711649Z,none
2025-05-09,etb_fx,africa,ETH,ETB,ETB per US dollar,132.911,LCU_per_USD,daily,NBE_DAILY_FX,Indicative Daily Exchange Rates,https://api.nbe.gov.et/api/filter-exchange-rates,https://nbe.gov.et/exchange/indicatives-rates/,2026-08-14T07:42:39.175347Z,none
2025-05-12,etb_fx,africa,ETH,ETB,ETB per US dollar,132.0328,LCU_per_USD,daily,NBE_DAILY_FX,Indicative Daily Exchange Rates,https://api.nbe.gov.et/api/filter-exchange-rates,https://nbe.gov.et/exchange/indicatives-rates/,2026-08-14T07:42:40.679499Z,none
2025-05-13,etb_fx,africa,ETH,ETB,ETB per US dollar,133.1115,LCU_per_USD,daily,NBE_DAILY_FX,Indicative Daily Exchange Rates,https://api.nbe.gov.et/api/filter-exchange-rates,https://nbe.gov.et/exchange/indicatives-rates/,2026-08-14T07:42:42.495036Z,none
2025-05-14,etb_fx,africa,ETH,ETB,ETB per US dollar,132.8498,LCU_per_USD,daily,NBE_DAILY_FX,Indicative Daily Exchange Rates,https://api.nbe.gov.et/api/filter-exchange-rates,https://nbe.gov.et/exchange/indicatives-rates/,2026-08-14T07:42:43.899396Z,none
2025-05-15,etb_fx,africa,ETH,ETB,ETB per US dollar,132.7674,LCU_per_USD,daily,NBE_DAILY_FX,Indicative Daily Exchange Rates,https://api.nbe.gov.et/api/filter-exchange-rates,https://nbe.gov.et/exchange/indicatives-rates/,2026-08-14T07:42:45.450943Z,none
2025-05-16,etb_fx,africa,ETH,ETB,ETB per US dollar,132.447,LCU_per_USD,daily,NBE_DAILY_FX,Indicative Daily Exchange Rates,https://api.nbe.gov.et/api/filter-exchange-rates,https://nbe.gov.et/exchange/indicatives-rates/,2026-08-14T07:42:46.992242Z,none
2025-05-19,etb_fx,africa,ETH,ETB,ETB per US dollar,133.2427,LCU_per_USD,daily,NBE_DAILY_FX,Indicative Daily Exchange Rates,https://api.nbe.gov.et/api/filter-exchange-rates,https://nbe.gov.et/exchange/indicatives-rates/,2026-08-14T07:42:48.427613Z,none
2025-05-20,etb_fx,africa,ETH,ETB,ETB per US dollar,132.2494,LCU_per_USD,daily,NBE_DAILY_FX,Indicative Daily Exchange Rates,https://api.nbe.gov.et/api/filter-exchange-rates,https://nbe.gov.et/exchange/indicatives-rates/,2026-08-14T07:42:54.333594Z,none
2025-05-21,etb_fx,africa,ETH,ETB,ETB per US dollar,133.4741,LCU_per_USD,daily,NBE_DAILY_FX,Indicative Daily Exchange Rates,https://api.nbe.gov.et/api/filter-exchange-rates,https://nbe.gov.et/exchange/indicatives-rates/,2026-08-14T07:42:55.723928Z,none
2025-05-22,etb_fx,africa,ETH,ETB,ETB per US dollar,132.8909,LCU_per_USD,daily,NBE_DAILY_FX,Indicative Daily Exchange Rates,https://api.nbe.gov.et/api/filter-exchange-rates,https://nbe.gov.et/exchange/indicatives-rates/,2026-08-14T07:42:57.131458Z,none
2025-05-23,etb_fx,africa,ETH,ETB,ETB per US dollar,133.4509,LCU_per_USD,daily,NBE_DAILY_FX,Indicative Daily Exchange Rates,https://api.nbe.gov.et/api/filter-exchange-rates,https://nbe.gov.et/exchange/indicatives-rates/,2026-08-14T07:42:58.496668Z,none
2025-05-26,etb_fx,africa,ETH,ETB,ETB per US dollar,133.4977,LCU_per_USD,daily,NBE_DAILY_FX,Indicative Daily Exchange Rates,https://api.nbe.gov.et/api/filter-exchange-rates,https://nbe.gov.et/exchange/indicatives-rates/,2026-08-14T07:43:01.167370Z,none
2025-05-27,etb_fx,africa,ETH,ETB,ETB per US dollar,134.2816,LCU_per_USD,daily,NBE_DAILY_FX,Indicative Daily Exchange Rates,https://api.nbe.gov.et/api/filter-exchange-rates,https://nbe.gov.et/exchange/indicatives-rates/,2026-08-14T07:43:07.418609Z,none
2025-05-28,etb_fx,africa,ETH,ETB,ETB per US dollar,133.6818,LCU_per_USD,daily,NBE_DAILY_FX,Indicative Daily Exchange Rates,https://api.nbe.gov.et/api/filter-exchange-rates,https://nbe.gov.et/exchange/indicatives-rates/,2026-08-14T07:43:09.628790Z,none
2025-05-29,etb_fx,africa,ETH,ETB,ETB per US dollar,132.7188,LCU_per_USD,daily,NBE_DAILY_FX,Indicative Daily Exchange Rates,https://api.nbe.gov.et/api/filter-exchange-rates,https://nbe.gov.et/exchange/indicatives-rates/,2026-08-14T07:43:11.061340Z,none
2025-05-30,etb_fx,africa,ETH,ETB,ETB per US dollar,134.1625,LCU_per_USD,daily,NBE_DAILY_FX,Indicative Daily Exchange Rates,https://api.nbe.gov.et/api/filter-exchange-rates,https://nbe.gov.et/exchange/indicatives-rates/,2026-08-31T23:22:26.580799Z,none
2025-06-02,etb_fx,africa,ETH,ETB,ETB per US dollar,134.0396,LCU_per_USD,daily,NBE_DAILY_FX,Indicative Daily Exchange Rates,https://api.nbe.gov.et/api/filter-exchange-rates,https://nbe.gov.et/exchange/indicatives-rates/,2026-08-14T07:43:13.922718Z,none
2025-06-03,etb_fx,africa,ETH,ETB,ETB per US dollar,134.1708,LCU_per_USD,daily,NBE_DAILY_FX,Indicative Daily Exchange Rates,https://api.nbe.gov.et/api/filter-exchange-rates,https://nbe.gov.et/exchange/indicatives-rates/,2026-08-14T07:43:15.296595Z,none
2025-06-04,etb_fx,africa,ETH,ETB,ETB per US dollar,134.2128,LCU_per_USD,daily,NBE_DAILY_FX,Indicative Daily Exchange Rates,https://api.nbe.gov.et/api/filter-exchange-rates,https://nbe.gov.et/exchange/indicatives-rates/,2026-08-14T07:43:16.817973Z,none
2025-06-05,etb_fx,africa,ETH,ETB,ETB per US dollar,134.0819,LCU_per_USD,daily,NBE_DAILY_FX,Indicative Daily Exchange Rates,https://api.nbe.gov.et/api/filter-exchange-rates,https://nbe.gov.et/exchange/indicatives-rates/,2026-08-14T07:43:18.933309Z,none
2025-06-09,etb_fx,africa,ETH,ETB,ETB per US dollar,134.4378,LCU_per_USD,daily,NBE_DAILY_FX,Indicative Daily Exchange Rates,https://api.nbe.gov.et/api/filter-exchange-rates,https://nbe.gov.et/exchange/indicatives-rates/,2026-08-14T07:43:21.836573Z,none
2025-06-10,etb_fx,africa,ETH,ETB,ETB per US dollar,134.4017,LCU_per_USD,daily,NBE_DAILY_FX,Indicative Daily Exchange Rates,https://api.nbe.gov.et/api/filter-exchange-rates,https://nbe.gov.et/exchange/indicatives-rates/,2026-08-14T07:43:23.227352Z,none
2025-06-11,etb_fx,africa,ETH,ETB,ETB per US dollar,134.6714,LCU_per_USD,daily,NBE_DAILY_FX,Indicative Daily Exchange Rates,https://api.nbe.gov.et/api/filter-exchange-rates,https://nbe.gov.et/exchange/indicatives-rates/,2026-08-14T07:43:24.568658Z,none
2025-06-12,etb_fx,africa,ETH,ETB,ETB per US dollar,134.9135,LCU_per_USD,daily,NBE_DAILY_FX,Indicative Daily Exchange Rates,https://api.nbe.gov.et/api/filter-exchange-rates,https://nbe.gov.et/exchange/indicatives-rates/,2026-08-14T07:43:25.965307Z,none
2025-06-13,etb_fx,africa,ETH,ETB,ETB per US dollar,134.3936,LCU_per_USD,daily,NBE_DAILY_FX,Indicative Daily Exchange Rates,https://api.nbe.gov.et/api/filter-exchange-rates,https://nbe.gov.et/exchange/indicatives-rates/,2026-08-14T07:43:27.652249Z,none
2025-06-16,etb_fx,africa,ETH,ETB,ETB per US dollar,134.2923,LCU_per_USD,daily,NBE_DAILY_FX,Indicative Daily Exchange Rates,https://api.nbe.gov.et/api/filter-exchange-rates,https://nbe.gov.et/exchange/indicatives-rates/,2026-08-14T07:43:29.058457Z,none
2025-06-17,etb_fx,africa,ETH,ETB,ETB per US dollar,134.8104,LCU_per_USD,daily,NBE_DAILY_FX,Indicative Daily Exchange Rates,https://api.nbe.gov.et/api/filter-exchange-rates,https://nbe.gov.et/exchange/indicatives-rates/,2026-08-14T07:43:31.189330Z,none
2025-06-18,etb_fx,africa,ETH,ETB,ETB per US dollar,135.4753,LCU_per_USD,daily,NBE_DAILY_FX,Indicative Daily Exchange Rates,https://api.nbe.gov.et/api/filter-exchange-rates,https://nbe.gov.et/exchange/indicatives-rates/,2026-08-14T07:43:32.634197Z,none
2025-06-19,etb_fx,africa,ETH,ETB,ETB per US dollar,135.0174,LCU_per_USD,daily,NBE_DAILY_FX,Indicative Daily Exchange Rates,https://api.nbe.gov.et/api/filter-exchange-rates,https://nbe.gov.et/exchange/indicatives-rates/,2026-08-14T07:43:34.070298Z,none
2025-06-20,etb_fx,africa,ETH,ETB,ETB per US dollar,134.6812,LCU_per_USD,daily,NBE_DAILY_FX,Indicative Daily Exchange Rates,https://api.nbe.gov.et/api/filter-exchange-rates,https://nbe.gov.et/exchange/indicatives-rates/,2026-08-14T07:43:35.492465Z,none
2025-06-23,etb_fx,africa,ETH,ETB,ETB per US dollar,134.9714,LCU_per_USD,daily,NBE_DAILY_FX,Indicative Daily Exchange Rates,https://api.nbe.gov.et/api/filter-exchange-rates,https://nbe.gov.et/exchange/indicatives-rates/,2026-08-14T07:43:36.885893Z,none
2025-06-24,etb_fx,africa,ETH,ETB,ETB per US dollar,134.8218,LCU_per_USD,daily,NBE_DAILY_FX,Indicative Daily Exchange Rates,https://api.nbe.gov.et/api/filter-exchange-rates,https://nbe.gov.et/exchange/indicatives-rates/,2026-08-14T07:43:38.567785Z,none
2025-06-25,etb_fx,africa,ETH,ETB,ETB per US dollar,135.3248,LCU_per_USD,daily,NBE_DAILY_FX,Indicative Daily Exchange Rates,https://api.nbe.gov.et/api/filter-exchange-rates,https://nbe.gov.et/exchange/indicatives-rates/,2026-08-14T07:43:40.082164Z,none
2025-06-26,etb_fx,africa,ETH,ETB,ETB per US dollar,135.2851,LCU_per_USD,daily,NBE_DAILY_FX,Indicative Daily Exchange Rates,https://api.nbe.gov.et/api/filter-exchange-rates,https://nbe.gov.et/exchange/indicatives-rates/,2026-08-14T07:43:41.624872Z,none
2025-06-27,etb_fx,africa,ETH,ETB,ETB per US dollar,134.8777,LCU_per_USD,daily,NBE_DAILY_FX,Indicative Daily Exchange Rates,https://api.nbe.gov.et/api/filter-exchange-rates,https://nbe.gov.et/exchange/indicatives-rates/,2026-08-14T07:43:44.399060Z,none
2025-06-30,etb_fx,africa,ETH,ETB,ETB per US dollar,135.3679,LCU_per_USD,daily,NBE_DAILY_FX,Indicative Daily Exchange Rates,https://api.nbe.gov.et/api/filter-exchange-rates,https://nbe.gov.et/exchange/indicatives-rates/,2026-08-31T23:22:27.417415Z,none
2025-07-01,etb_fx,africa,ETH,ETB,ETB per US dollar,135.4787,LCU_per_USD,daily,NBE_DAILY_FX,Indicative Daily Exchange Rates,https://api.nbe.gov.et/api/filter-exchange-rates,https://nbe.gov.et/exchange/indicatives-rates/,2026-08-14T07:43:48.667877Z,none
2025-07-02,etb_fx,africa,ETH,ETB,ETB per US dollar,135.4544,LCU_per_USD,daily,NBE_DAILY_FX,Indicative Daily Exchange Rates,https://api.nbe.gov.et/api/filter-exchange-rates,https://nbe.gov.et/exchange/indicatives-rates/,2026-08-14T07:43:53.281751Z,none
2025-07-03,etb_fx,africa,ETH,ETB,ETB per US dollar,136.3046,LCU_per_USD,daily,NBE_DAILY_FX,Indicative Daily Exchange Rates,https://api.nbe.gov.et/api/filter-exchange-rates,https://nbe.gov.et/exchange/indicatives-rates/,2026-08-14T07:43:54.698254Z,none
2025-07-04,etb_fx,africa,ETH,ETB,ETB per US dollar,135.1559,LCU_per_USD,daily,NBE_DAILY_FX,Indicative Daily Exchange Rates,https://api.nbe.gov.et/api/filter-exchange-rates,https://nbe.gov.et/exchange/indicatives-rates/,2026-08-14T07:43:56.936853Z,none
2025-07-07,etb_fx,africa,ETH,ETB,ETB per US dollar,135.7952,LCU_per_USD,daily,NBE_DAILY_FX,Indicative Daily Exchange Rates,https://api.nbe.gov.et/api/filter-exchange-rates,https://nbe.gov.et/exchange/indicatives-rates/,2026-08-14T07:43:58.400445Z,none
2025-07-08,etb_fx,africa,ETH,ETB,ETB per US dollar,136.415,LCU_per_USD,daily,NBE_DAILY_FX,Indicative Daily Exchange Rates,https://api.nbe.gov.et/api/filter-exchange-rates,https://nbe.gov.et/exchange/indicatives-rates/,2026-08-14T07:43:59.785059Z,none
2025-07-09,etb_fx,africa,ETH,ETB,ETB per US dollar,136.11,LCU_per_USD,daily,NBE_DAILY_FX,Indicative Daily Exchange Rates,https://api.nbe.gov.et/api/filter-exchange-rates,https://nbe.gov.et/exchange/indicatives-rates/,2026-08-14T07:44:01.380340Z,none
2025-07-10,etb_fx,africa,ETH,ETB,ETB per US dollar,135.2761,LCU_per_USD,daily,NBE_DAILY_FX,Indicative Daily Exchange Rates,https://api.nbe.gov.et/api/filter-exchange-rates,https://nbe.gov.et/exchange/indicatives-rates/,2026-08-14T07:44:02.912132Z,none
2025-07-11,etb_fx,africa,ETH,ETB,ETB per US dollar,136.9228,LCU_per_USD,daily,NBE_DAILY_FX,Indicative Daily Exchange Rates,https://api.nbe.gov.et/api/filter-exchange-rates,https://nbe.gov.et/exchange/indicatives-rates/,2026-08-14T07:44:04.428772Z,none
2025-07-14,etb_fx,africa,ETH,ETB,ETB per US dollar,136.4982,LCU_per_USD,daily,NBE_DAILY_FX,Indicative Daily Exchange Rates,https://api.nbe.gov.et/api/filter-exchange-rates,https://nbe.gov.et/exchange/indicatives-rates/,2026-08-14T07:44:05.812443Z,none
2025-07-15,etb_fx,africa,ETH,ETB,ETB per US dollar,136.544,LCU_per_USD,daily,NBE_DAILY_FX,Indicative Daily Exchange Rates,https://api.nbe.gov.et/api/filter-exchange-rates,https://nbe.gov.et/exchange/indicatives-rates/,2026-08-14T07:44:07.163141Z,none
2025-07-16,etb_fx,africa,ETH,ETB,ETB per US dollar,136.3741,LCU_per_USD,daily,NBE_DAILY_FX,Indicative Daily Exchange Rates,https://api.nbe.gov.et/api/filter-exchange-rates,https://nbe.gov.et/exchange/indicatives-rates/,2026-08-14T07:44:08.503671Z,none
2025-07-17,etb_fx,africa,ETH,ETB,ETB per US dollar,136.445,LCU_per_USD,daily,NBE_DAILY_FX,Indicative Daily Exchange Rates,https://api.nbe.gov.et/api/filter-exchange-rates,https://nbe.gov.et/exchange/indicatives-rates/,2026-08-14T07:44:10.171615Z,none
2025-07-18,etb_fx,africa,ETH,ETB,ETB per US dollar,136.4773,LCU_per_USD,daily,NBE_DAILY_FX,Indicative Daily Exchange Rates,https://api.nbe.gov.et/api/filter-exchange-rates,https://nbe.gov.et/exchange/indicatives-rates/,2026-08-14T07:44:12.292359Z,none
2025-07-21,etb_fx,africa,ETH,ETB,ETB per US dollar,136.6958,LCU_per_USD,daily,NBE_DAILY_FX,Indicative Daily Exchange Rates,https://api.nbe.gov.et/api/filter-exchange-rates,https://nbe.gov.et/exchange/indicatives-rates/,2026-08-14T07:44:13.752248Z,none
2025-07-22,etb_fx,africa,ETH,ETB,ETB per US dollar,137.0956,LCU_per_USD,daily,NBE_DAILY_FX,Indicative Daily Exchange Rates,https://api.nbe.gov.et/api/filter-exchange-rates,https://nbe.gov.et/exchange/indicatives-rates/,2026-08-14T07:44:15.149344Z,none
2025-07-23,etb_fx,africa,ETH,ETB,ETB per US dollar,138.1325,LCU_per_USD,daily,NBE_DAILY_FX,Indicative Daily Exchange Rates,https://api.nbe.gov.et/api/filter-exchange-rates,https://nbe.gov.et/exchange/indicatives-rates/,2026-08-14T07:44:16.580333Z,none
2025-07-24,etb_fx,africa,ETH,ETB,ETB per US dollar,136.8613,LCU_per_USD,daily,NBE_DAILY_FX,Indicative Daily Exchange Rates,https://api.nbe.gov.et/api/filter-exchange-rates,https://nbe.gov.et/exchange/indicatives-rates/,2026-08-14T07:44:18.036868Z,none
2025-07-25,etb_fx,africa,ETH,ETB,ETB per US dollar,138.6682,LCU_per_USD,daily,NBE_DAILY_FX,Indicative Daily Exchange Rates,https://api.nbe.gov.et/api/filter-exchange-rates,https://nbe.gov.et/exchange/indicatives-rates/,2026-08-14T07:44:20.054499Z,none
2025-07-28,etb_fx,africa,ETH,ETB,ETB per US dollar,137.7796,LCU_per_USD,daily,NBE_DAILY_FX,Indicative Daily Exchange Rates,https://api.nbe.gov.et/api/filter-exchange-rates,https://nbe.gov.et/exchange/indicatives-rates/,2026-08-14T07:44:21.494117Z,none
2025-07-29,etb_fx,africa,ETH,ETB,ETB per US dollar,138.2777,LCU_per_USD,daily,NBE_DAILY_FX,Indicative Daily Exchange Rates,https://api.nbe.gov.et/api/filter-exchange-rates,https://nbe.gov.et/exchange/indicatives-rates/,2026-08-14T07:44:23.711942Z,none
2025-07-30,etb_fx,africa,ETH,ETB,ETB per US dollar,138.2074,LCU_per_USD,daily,NBE_DAILY_FX,Indicative Daily Exchange Rates,https://api.nbe.gov.et/api/filter-exchange-rates,https://nbe.gov.et/exchange/indicatives-rates/,2026-08-14T07:44:26.928045Z,none
2025-07-31,etb_fx,africa,ETH,ETB,ETB per US dollar,137.9485,LCU_per_USD,daily,NBE_DAILY_FX,Indicative Daily Exchange Rates,https://api.nbe.gov.et/api/filter-exchange-rates,https://nbe.gov.et/exchange/indicatives-rates/,2026-08-31T23:22:28.207852Z,none
2025-08-01,etb_fx,africa,ETH,ETB,ETB per US dollar,138.1154,LCU_per_USD,daily,NBE_DAILY_FX,Indicative Daily Exchange Rates,https://api.nbe.gov.et/api/filter-exchange-rates,https://nbe.gov.et/exchange/indicatives-rates/,2026-08-14T07:44:31.225342Z,none
2025-08-04,etb_fx,africa,ETH,ETB,ETB per US dollar,138.1687,LCU_per_USD,daily,NBE_DAILY_FX,Indicative Daily Exchange Rates,https://api.nbe.gov.et/api/filter-exchange-rates,https://nbe.gov.et/exchange/indicatives-rates/,2026-08-14T07:44:33.222026Z,none
2025-08-05,etb_fx,africa,ETH,ETB,ETB per US dollar,138.4842,LCU_per_USD,daily,NBE_DAILY_FX,Indicative Daily Exchange Rates,https://api.nbe.gov.et/api/filter-exchange-rates,https://nbe.gov.et/exchange/indicatives-rates/,2026-08-14T07:44:34.909215Z,none
2025-08-06,etb_fx,africa,ETH,ETB,ETB per US dollar,138.1575,LCU_per_USD,daily,NBE_DAILY_FX,Indicative Daily Exchange Rates,https://api.nbe.gov.et/api/filter-exchange-rates,https://nbe.gov.et/exchange/indicatives-rates/,2026-08-14T07:44:40.528395Z,none
2025-08-07,etb_fx,africa,ETH,ETB,ETB per US dollar,139.1198,LCU_per_USD,daily,NBE_DAILY_FX,Indicative Daily Exchange Rates,https://api.nbe.gov.et/api/filter-exchange-rates,https://nbe.gov.et/exchange/indicatives-rates/,2026-08-14T07:44:46.475333Z,none
2025-08-08,etb_fx,africa,ETH,ETB,ETB per US dollar,138.9665,LCU_per_USD,daily,NBE_DAILY_FX,Indicative Daily Exchange Rates,https://api.nbe.gov.et/api/filter-exchange-rates,https://nbe.gov.et/exchange/indicatives-rates/,2026-08-14T07:44:47.822354Z,none
2025-08-11,etb_fx,africa,ETH,ETB,ETB per US dollar,139.5847,LCU_per_USD,daily,NBE_DAILY_FX,Indicative Daily Exchange Rates,https://api.nbe.gov.et/api/filter-exchange-rates,https://nbe.gov.et/exchange/indicatives-rates/,2026-08-14T07:44:49.187528Z,none
2025-08-12,etb_fx,africa,ETH,ETB,ETB per US dollar,139.9001,LCU_per_USD,daily,NBE_DAILY_FX,Indicative Daily Exchange Rates,https://api.nbe.gov.et/api/filter-exchange-rates,https://nbe.gov.et/exchange/indicatives-rates/,2026-08-14T07:44:50.596726Z,none
2025-08-13,etb_fx,africa,ETH,ETB,ETB per US dollar,140.1513,LCU_per_USD,daily,NBE_DAILY_FX,Indicative Daily Exchange Rates,https://api.nbe.gov.et/api/filter-exchange-rates,https://nbe.gov.et/exchange/indicatives-rates/,2026-08-14T07:44:51.993925Z,none
2025-08-14,etb_fx,africa,ETH,ETB,ETB per US dollar,140.341,LCU_per_USD,daily,NBE_DAILY_FX,Indicative Daily Exchange Rates,https://api.nbe.gov.et/api/filter-exchange-rates,https://nbe.gov.et/exchange/indicatives-rates/,2026-08-14T07:44:53.350849Z,none
2025-08-15,etb_fx,africa,ETH,ETB,ETB per US dollar,141.1108,LCU_per_USD,daily,NBE_DAILY_FX,Indicative Daily Exchange Rates,https://api.nbe.gov.et/api/filter-exchange-rates,https://nbe.gov.et/exchange/indicatives-rates/,2026-08-14T07:44:54.720761Z,none
2025-08-18,etb_fx,africa,ETH,ETB,ETB per US dollar,140.6466,LCU_per_USD,daily,NBE_DAILY_FX,Indicative Daily Exchange Rates,https://api.nbe.gov.et/api/filter-exchange-rates,https://nbe.gov.et/exchange/indicatives-rates/,2026-08-14T07:44:56.798392Z,none
2025-08-19,etb_fx,africa,ETH,ETB,ETB per US dollar,140.9465,LCU_per_USD,daily,NBE_DAILY_FX,Indicative Daily Exchange Rates,https://api.nbe.gov.et/api/filter-exchange-rates,https://nbe.gov.et/exchange/indicatives-rates/,2026-08-14T07:44:58.198685Z,none
2025-08-20,etb_fx,africa,ETH,ETB,ETB per US dollar,141.7795,LCU_per_USD,daily,NBE_DAILY_FX,Indicative Daily Exchange Rates,https://api.nbe.gov.et/api/filter-exchange-rates,https://nbe.gov.et/exchange/indicatives-rates/,2026-08-14T07:44:59.961743Z,none
2025-08-21,etb_fx,africa,ETH,ETB,ETB per US dollar,141.349,LCU_per_USD,daily,NBE_DAILY_FX,Indicative Daily Exchange Rates,https://api.nbe.gov.et/api/filter-exchange-rates,https://nbe.gov.et/exchange/indicatives-rates/,2026-08-14T07:45:01.865359Z,none
2025-08-22,etb_fx,africa,ETH,ETB,ETB per US dollar,141.2546,LCU_per_USD,daily,NBE_DAILY_FX,Indicative Daily Exchange Rates,https://api.nbe.gov.et/api/filter-exchange-rates,https://nbe.gov.et/exchange/indicatives-rates/,2026-08-14T07:45:03.275304Z,none
2025-08-25,etb_fx,africa,ETH,ETB,ETB per US dollar,141.5006,LCU_per_USD,daily,NBE_DAILY_FX,Indicative Daily Exchange Rates,https://api.nbe.gov.et/api/filter-exchange-rates,https://nbe.gov.et/exchange/indicatives-rates/,2026-08-14T07:45:04.694988Z,none
2025-08-26,etb_fx,africa,ETH,ETB,ETB per US dollar,141.8961,LCU_per_USD,daily,NBE_DAILY_FX,Indicative Daily Exchange Rates,https://api.nbe.gov.et/api/filter-exchange-rates,https://nbe.gov.et/exchange/indicatives-rates/,2026-08-14T07:45:06.794031Z,none
2025-08-27,etb_fx,africa,ETH,ETB,ETB per US dollar,142.8343,LCU_per_USD,daily,NBE_DAILY_FX,Indicative Daily Exchange Rates,https://api.nbe.gov.et/api/filter-exchange-rates,https://nbe.gov.et/exchange/indicatives-rates/,2026-08-14T07:45:09.358846Z,none
2025-08-28,etb_fx,africa,ETH,ETB,ETB per US dollar,142.4291,LCU_per_USD,daily,NBE_DAILY_FX,Indicative Daily Exchange Rates,https://api.nbe.gov.et/api/filter-exchange-rates,https://nbe.gov.et/exchange/indicatives-rates/,2026-08-14T07:45:10.865914Z,none
2025-08-29,etb_fx,africa,ETH,ETB,ETB per US dollar,141.747,LCU_per_USD,daily,NBE_DAILY_FX,Indicative Daily Exchange Rates,https://api.nbe.gov.et/api/filter-exchange-rates,https://nbe.gov.et/exchange/indicatives-rates/,2026-08-31T23:22:30.608875Z,none
2025-09-01,etb_fx,africa,ETH,ETB,ETB per US dollar,142.8874,LCU_per_USD,daily,NBE_DAILY_FX,Indicative Daily Exchange Rates,https://api.nbe.gov.et/api/filter-exchange-rates,https://nbe.gov.et/exchange/indicatives-rates/,2026-08-14T07:45:13.858355Z,none
2025-09-02,etb_fx,africa,ETH,ETB,ETB per US dollar,142.5965,LCU_per_USD,daily,NBE_DAILY_FX,Indicative Daily Exchange Rates,https://api.nbe.gov.et/api/filter-exchange-rates,https://nbe.gov.et/exchange/indicatives-rates/,2026-08-14T07:45:15.282886Z,none
2025-09-03,etb_fx,africa,ETH,ETB,ETB per US dollar,142.547,LCU_per_USD,daily,NBE_DAILY_FX,Indicative Daily Exchange Rates,https://api.nbe.gov.et/api/filter-exchange-rates,https://nbe.gov.et/exchange/indicatives-rates/,2026-08-14T07:45:17.309572Z,none
2025-09-05,etb_fx,africa,ETH,ETB,ETB per US dollar,142.1466,LCU_per_USD,daily,NBE_DAILY_FX,Indicative Daily Exchange Rates,https://api.nbe.gov.et/api/filter-exchange-rates,https://nbe.gov.et/exchange/indicatives-rates/,2026-08-14T07:45:20.014766Z,none
2025-09-08,etb_fx,africa,ETH,ETB,ETB per US dollar,142.6691,LCU_per_USD,daily,NBE_DAILY_FX,Indicative Daily Exchange Rates,https://api.nbe.gov.et/api/filter-exchange-rates,https://nbe.gov.et/exchange/indicatives-rates/,2026-08-14T07:45:21.348922Z,none
2025-09-09,etb_fx,africa,ETH,ETB,ETB per US dollar,143.3488,LCU_per_USD,daily,NBE_DAILY_FX,Indicative Daily Exchange Rates,https://api.nbe.gov.et/api/filter-exchange-rates,https://nbe.gov.et/exchange/indicatives-rates/,2026-08-14T07:45:23.523390Z,none
2025-09-10,etb_fx,africa,ETH,ETB,ETB per US dollar,143.0832,LCU_per_USD,daily,NBE_DAILY_FX,Indicative Daily Exchange Rates,https://api.nbe.gov.et/api/filter-exchange-rates,https://nbe.gov.et/exchange/indicatives-rates/,2026-08-14T07:45:24.973138Z,none
2025-09-12,etb_fx,africa,ETH,ETB,ETB per US dollar,143.6171,LCU_per_USD,daily,NBE_DAILY_FX,Indicative Daily Exchange Rates,https://api.nbe.gov.et/api/filter-exchange-rates,https://nbe.gov.et/exchange/indicatives-rates/,2026-08-14T07:45:29.443396Z,none
2025-09-15,etb_fx,africa,ETH,ETB,ETB per US dollar,143.8899,LCU_per_USD,daily,NBE_DAILY_FX,Indicative Daily Exchange Rates,https://api.nbe.gov.et/api/filter-exchange-rates,https://nbe.gov.et/exchange/indicatives-rates/,2026-08-14T07:45:31.265618Z,none
2025-09-16,etb_fx,africa,ETH,ETB,ETB per US dollar,144.4191,LCU_per_USD,daily,NBE_DAILY_FX,Indicative Daily Exchange Rates,https://api.nbe.gov.et/api/filter-exchange-rates,https://nbe.gov.et/exchange/indicatives-rates/,2026-08-14T07:45:34.988779Z,none
2025-09-17,etb_fx,africa,ETH,ETB,ETB per US dollar,143.3278,LCU_per_USD,daily,NBE_DAILY_FX,Indicative Daily Exchange Rates,https://api.nbe.gov.et/api/filter-exchange-rates,https://nbe.gov.et/exchange/indicatives-rates/,2026-08-14T07:45:37.373113Z,none
2025-09-18,etb_fx,africa,ETH,ETB,ETB per US dollar,143.0415,LCU_per_USD,daily,NBE_DAILY_FX,Indicative Daily Exchange Rates,https://api.nbe.gov.et/api/filter-exchange-rates,https://nbe.gov.et/exchange/indicatives-rates/,2026-08-14T07:45:39.839890Z,none
2025-09-19,etb_fx,africa,ETH,ETB,ETB per US dollar,143.7036,LCU_per_USD,daily,NBE_DAILY_FX,Indicative Daily Exchange Rates,https://api.nbe.gov.et/api/filter-exchange-rates,https://nbe.gov.et/exchange/indicatives-rates/,2026-08-14T07:45:41.416264Z,none
2025-09-22,etb_fx,africa,ETH,ETB,ETB per US dollar,145.9446,LCU_per_USD,daily,NBE_DAILY_FX,Indicative Daily Exchange Rates,https://api.nbe.gov.et/api/filter-exchange-rates,https://nbe.gov.et/exchange/indicatives-rates/,2026-08-14T07:45:43.090947Z,none
2025-09-23,etb_fx,africa,ETH,ETB,ETB per US dollar,144.8605,LCU_per_USD,daily,NBE_DAILY_FX,Indicative Daily Exchange Rates,https://api.nbe.gov.et/api/filter-exchange-rates,https://nbe.gov.et/exchange/indicatives-rates/,2026-08-14T07:45:45.187160Z,none
2025-09-24,etb_fx,africa,ETH,ETB,ETB per US dollar,144.638,LCU_per_USD,daily,NBE_DAILY_FX,Indicative Daily Exchange Rates,https://api.nbe.gov.et/api/filter-exchange-rates,https://nbe.gov.et/exchange/indicatives-rates/,2026-08-14T07:45:46.589872Z,none
2025-09-25,etb_fx,africa,ETH,ETB,ETB per US dollar,144.3346,LCU_per_USD,daily,NBE_DAILY_FX,Indicative Daily Exchange Rates,https://api.nbe.gov.et/api/filter-exchange-rates,https://nbe.gov.et/exchange/indicatives-rates/,2026-08-14T07:45:48.119724Z,none
2025-09-26,etb_fx,africa,ETH,ETB,ETB per US dollar,144.3877,LCU_per_USD,daily,NBE_DAILY_FX,Indicative Daily Exchange Rates,https://api.nbe.gov.et/api/filter-exchange-rates,https://nbe.gov.et/exchange/indicatives-rates/,2026-08-14T07:45:49.654603Z,none
2025-09-29,etb_fx,africa,ETH,ETB,ETB per US dollar,144.7301,LCU_per_USD,daily,NBE_DAILY_FX,Indicative Daily Exchange Rates,https://api.nbe.gov.et/api/filter-exchange-rates,https://nbe.gov.et/exchange/indicatives-rates/,2026-08-14T07:45:54.223950Z,none
2025-09-30,etb_fx,africa,ETH,ETB,ETB per US dollar,146.4178,LCU_per_USD,daily,NBE_DAILY_FX,Indicative Daily Exchange Rates,https://api.nbe.gov.et/api/filter-exchange-rates,https://nbe.gov.et/exchange/indicatives-rates/,2026-08-31T23:22:31.432944Z,none
2025-10-01,etb_fx,africa,ETH,ETB,ETB per US dollar,144.6304,LCU_per_USD,daily,NBE_DAILY_FX,Indicative Daily Exchange Rates,https://api.nbe.gov.et/api/filter-exchange-rates,https://nbe.gov.et/exchange/indicatives-rates/,2026-08-14T07:45:56.947222Z,none
2025-10-02,etb_fx,africa,ETH,ETB,ETB per US dollar,144.2135,LCU_per_USD,daily,NBE_DAILY_FX,Indicative Daily Exchange Rates,https://api.nbe.gov.et/api/filter-exchange-rates,https://nbe.gov.et/exchange/indicatives-rates/,2026-08-14T07:45:58.492532Z,none
2025-10-03,etb_fx,africa,ETH,ETB,ETB per US dollar,145.0193,LCU_per_USD,daily,NBE_DAILY_FX,Indicative Daily Exchange Rates,https://api.nbe.gov.et/api/filter-exchange-rates,https://nbe.gov.et/exchange/indicatives-rates/,2026-08-14T07:45:59.941608Z,none
2025-10-06,etb_fx,africa,ETH,ETB,ETB per US dollar,144.4723,LCU_per_USD,daily,NBE_DAILY_FX,Indicative Daily Exchange Rates,https://api.nbe.gov.et/api/filter-exchange-rates,https://nbe.gov.et/exchange/indicatives-rates/,2026-08-14T07:46:02.014706Z,none
2025-10-07,etb_fx,africa,ETH,ETB,ETB per US dollar,144.9308,LCU_per_USD,daily,NBE_DAILY_FX,Indicative Daily Exchange Rates,https://api.nbe.gov.et/api/filter-exchange-rates,https://nbe.gov.et/exchange/indicatives-rates/,2026-08-14T07:46:07.984853Z,none
2025-10-08,etb_fx,africa,ETH,ETB,ETB per US dollar,146.0949,LCU_per_USD,daily,NBE_DAILY_FX,Indicative Daily Exchange Rates,https://api.nbe.gov.et/api/filter-exchange-rates,https://nbe.gov.et/exchange/indicatives-rates/,2026-08-14T07:46:10.611419Z,none
2025-10-09,etb_fx,africa,ETH,ETB,ETB per US dollar,146.9208,LCU_per_USD,daily,NBE_DAILY_FX,Indicative Daily Exchange Rates,https://api.nbe.gov.et/api/filter-exchange-rates,https://nbe.gov.et/exchange/indicatives-rates/,2026-08-14T07:46:12.008588Z,none
2025-10-10,etb_fx,africa,ETH,ETB,ETB per US dollar,146.2556,LCU_per_USD,daily,NBE_DAILY_FX,Indicative Daily Exchange Rates,https://api.nbe.gov.et/api/filter-exchange-rates,https://nbe.gov.et/exchange/indicatives-rates/,2026-08-14T07:46:13.451108Z,none
2025-10-13,etb_fx,africa,ETH,ETB,ETB per US dollar,146.4194,LCU_per_USD,daily,NBE_DAILY_FX,Indicative Daily Exchange Rates,https://api.nbe.gov.et/api/filter-exchange-rates,https://nbe.gov.et/exchange/indicatives-rates/,2026-08-14T07:46:14.828386Z,none
2025-10-14,etb_fx,africa,ETH,ETB,ETB per US dollar,147.1847,LCU_per_USD,daily,NBE_DAILY_FX,Indicative Daily Exchange Rates,https://api.nbe.gov.et/api/filter-exchange-rates,https://nbe.gov.et/exchange/indicatives-rates/,2026-08-14T07:46:16.502272Z,none
2025-10-15,etb_fx,africa,ETH,ETB,ETB per US dollar,147.3474,LCU_per_USD,daily,NBE_DAILY_FX,Indicative Daily Exchange Rates,https://api.nbe.gov.et/api/filter-exchange-rates,https://nbe.gov.et/exchange/indicatives-rates/,2026-08-14T07:46:18.075039Z,none
2025-10-16,etb_fx,africa,ETH,ETB,ETB per US dollar,148.1315,LCU_per_USD,daily,NBE_DAILY_FX,Indicative Daily Exchange Rates,https://api.nbe.gov.et/api/filter-exchange-rates,https://nbe.gov.et/exchange/indicatives-rates/,2026-08-14T07:46:19.466187Z,none
2025-10-17,etb_fx,africa,ETH,ETB,ETB per US dollar,149.4779,LCU_per_USD,daily,NBE_DAILY_FX,Indicative Daily Exchange Rates,https://api.nbe.gov.et/api/filter-exchange-rates,https://nbe.gov.et/exchange/indicatives-rates/,2026-08-14T07:46:21.173588Z,none
2025-10-20,etb_fx,africa,ETH,ETB,ETB per US dollar,150.3312,LCU_per_USD,daily,NBE_DAILY_FX,Indicative Daily Exchange Rates,https://api.nbe.gov.et/api/filter-exchange-rates,https://nbe.gov.et/exchange/indicatives-rates/,2026-08-14T07:46:22.512718Z,none
2025-10-21,etb_fx,africa,ETH,ETB,ETB per US dollar,149.6927,LCU_per_USD,daily,NBE_DAILY_FX,Indicative Daily Exchange Rates,https://api.nbe.gov.et/api/filter-exchange-rates,https://nbe.gov.et/exchange/indicatives-rates/,2026-08-14T07:46:23.913096Z,none
2025-10-22,etb_fx,africa,ETH,ETB,ETB per US dollar,150.9102,LCU_per_USD,daily,NBE_DAILY_FX,Indicative Daily Exchange Rates,https://api.nbe.gov.et/api/filter-exchange-rates,https://nbe.gov.et/exchange/indicatives-rates/,2026-08-14T07:46:25.851961Z,none
2025-10-23,etb_fx,africa,ETH,ETB,ETB per US dollar,152.5759,LCU_per_USD,daily,NBE_DAILY_FX,Indicative Daily Exchange Rates,https://api.nbe.gov.et/api/filter-exchange-rates,https://nbe.gov.et/exchange/indicatives-rates/,2026-08-14T07:46:27.207350Z,none
2025-10-24,etb_fx,africa,ETH,ETB,ETB per US dollar,150.963,LCU_per_USD,daily,NBE_DAILY_FX,Indicative Daily Exchange Rates,https://api.nbe.gov.et/api/filter-exchange-rates,https://nbe.gov.et/exchange/indicatives-rates/,2026-08-14T07:46:28.569647Z,none
2025-10-27,etb_fx,africa,ETH,ETB,ETB per US dollar,151.528,LCU_per_USD,daily,NBE_DAILY_FX,Indicative Daily Exchange Rates,https://api.nbe.gov.et/api/filter-exchange-rates,https://nbe.gov.et/exchange/indicatives-rates/,2026-08-14T07:46:29.913083Z,none
2025-10-28,etb_fx,africa,ETH,ETB,ETB per US dollar,152.91,LCU_per_USD,daily,NBE_DAILY_FX,Indicative Daily Exchange Rates,https://api.nbe.gov.et/api/filter-exchange-rates,https://nbe.gov.et/exchange/indicatives-rates/,2026-08-14T07:46:32.012972Z,none
2025-10-29,etb_fx,africa,ETH,ETB,ETB per US dollar,153.1947,LCU_per_USD,daily,NBE_DAILY_FX,Indicative Daily Exchange Rates,https://api.nbe.gov.et/api/filter-exchange-rates,https://nbe.gov.et/exchange/indicatives-rates/,2026-08-14T07:46:34.560939Z,none
2025-10-30,etb_fx,africa,ETH,ETB,ETB per US dollar,153.5658,LCU_per_USD,daily,NBE_DAILY_FX,Indicative Daily Exchange Rates,https://api.nbe.gov.et/api/filter-exchange-rates,https://nbe.gov.et/exchange/indicatives-rates/,2026-08-14T07:46:35.908224Z,none
2025-10-31,etb_fx,africa,ETH,ETB,ETB per US dollar,152.1386,LCU_per_USD,daily,NBE_DAILY_FX,Indicative Daily Exchange Rates,https://api.nbe.gov.et/api/filter-exchange-rates,https://nbe.gov.et/exchange/indicatives-rates/,2026-08-31T23:22:32.219733Z,none
2025-11-03,etb_fx,africa,ETH,ETB,ETB per US dollar,152.6746,LCU_per_USD,daily,NBE_DAILY_FX,Indicative Daily Exchange Rates,https://api.nbe.gov.et/api/filter-exchange-rates,https://nbe.gov.et/exchange/indicatives-rates/,2026-08-14T07:46:40.579199Z,none
2025-11-04,etb_fx,africa,ETH,ETB,ETB per US dollar,153.0087,LCU_per_USD,daily,NBE_DAILY_FX,Indicative Daily Exchange Rates,https://api.nbe.gov.et/api/filter-exchange-rates,https://nbe.gov.et/exchange/indicatives-rates/,2026-08-14T07:46:41.961918Z,none
2025-11-05,etb_fx,africa,ETH,ETB,ETB per US dollar,153.0382,LCU_per_USD,daily,NBE_DAILY_FX,Indicative Daily Exchange Rates,https://api.nbe.gov.et/api/filter-exchange-rates,https://nbe.gov.et/exchange/indicatives-rates/,2026-08-14T07:46:44.212339Z,none
2025-11-06,etb_fx,africa,ETH,ETB,ETB per US dollar,153.8702,LCU_per_USD,daily,NBE_DAILY_FX,Indicative Daily Exchange Rates,https://api.nbe.gov.et/api/filter-exchange-rates,https://nbe.gov.et/exchange/indicatives-rates/,2026-08-14T07:46:45.605481Z,none
2025-11-07,etb_fx,africa,ETH,ETB,ETB per US dollar,153.0671,LCU_per_USD,daily,NBE_DAILY_FX,Indicative Daily Exchange Rates,https://api.nbe.gov.et/api/filter-exchange-rates,https://nbe.gov.et/exchange/indicatives-rates/,2026-08-14T07:46:47.004000Z,none
2025-11-10,etb_fx,africa,ETH,ETB,ETB per US dollar,153.1498,LCU_per_USD,daily,NBE_DAILY_FX,Indicative Daily Exchange Rates,https://api.nbe.gov.et/api/filter-exchange-rates,https://nbe.gov.et/exchange/indicatives-rates/,2026-08-14T07:46:49.078669Z,none
2025-11-11,etb_fx,africa,ETH,ETB,ETB per US dollar,154.32,LCU_per_USD,daily,NBE_DAILY_FX,Indicative Daily Exchange Rates,https://api.nbe.gov.et/api/filter-exchange-rates,https://nbe.gov.et/exchange/indicatives-rates/,2026-08-14T07:46:50.573153Z,none
2025-11-12,etb_fx,africa,ETH,ETB,ETB per US dollar,153.1004,LCU_per_USD,daily,NBE_DAILY_FX,Indicative Daily Exchange Rates,https://api.nbe.gov.et/api/filter-exchange-rates,https://nbe.gov.et/exchange/indicatives-rates/,2026-08-14T07:46:51.912711Z,none
2025-11-13,etb_fx,africa,ETH,ETB,ETB per US dollar,154.4359,LCU_per_USD,daily,NBE_DAILY_FX,Indicative Daily Exchange Rates,https://api.nbe.gov.et/api/filter-exchange-rates,https://nbe.gov.et/exchange/indicatives-rates/,2026-08-14T07:46:53.436616Z,none
2025-11-14,etb_fx,africa,ETH,ETB,ETB per US dollar,155.6656,LCU_per_USD,daily,NBE_DAILY_FX,Indicative Daily Exchange Rates,https://api.nbe.gov.et/api/filter-exchange-rates,https://nbe.gov.et/exchange/indicatives-rates/,2026-08-14T07:46:54.794836Z,none
2025-11-17,etb_fx,africa,ETH,ETB,ETB per US dollar,154.7474,LCU_per_USD,daily,NBE_DAILY_FX,Indicative Daily Exchange Rates,https://api.nbe.gov.et/api/filter-exchange-rates,https://nbe.gov.et/exchange/indicatives-rates/,2026-08-14T07:46:56.921078Z,none
2025-11-18,etb_fx,africa,ETH,ETB,ETB per US dollar,154.2783,LCU_per_USD,daily,NBE_DAILY_FX,Indicative Daily Exchange Rates,https://api.nbe.gov.et/api/filter-exchange-rates,https://nbe.gov.et/exchange/indicatives-rates/,2026-08-14T07:46:58.270697Z,none
2025-11-19,etb_fx,africa,ETH,ETB,ETB per US dollar,153.9106,LCU_per_USD,daily,NBE_DAILY_FX,Indicative Daily Exchange Rates,https://api.nbe.gov.et/api/filter-exchange-rates,https://nbe.gov.et/exchange/indicatives-rates/,2026-08-14T07:47:01.279099Z,none
2025-11-20,etb_fx,africa,ETH,ETB,ETB per US dollar,154.2879,LCU_per_USD,daily,NBE_DAILY_FX,Indicative Daily Exchange Rates,https://api.nbe.gov.et/api/filter-exchange-rates,https://nbe.gov.et/exchange/indicatives-rates/,2026-08-14T07:47:03.147369Z,none
2025-11-21,etb_fx,africa,ETH,ETB,ETB per US dollar,154.0899,LCU_per_USD,daily,NBE_DAILY_FX,Indicative Daily Exchange Rates,https://api.nbe.gov.et/api/filter-exchange-rates,https://nbe.gov.et/exchange/indicatives-rates/,2026-08-14T07:47:04.616006Z,none
2025-11-24,etb_fx,africa,ETH,ETB,ETB per US dollar,153.1144,LCU_per_USD,daily,NBE_DAILY_FX,Indicative Daily Exchange Rates,https://api.nbe.gov.et/api/filter-exchange-rates,https://nbe.gov.et/exchange/indicatives-rates/,2026-08-14T07:47:06.284236Z,none
2025-11-25,etb_fx,africa,ETH,ETB,ETB per US dollar,153.957,LCU_per_USD,daily,NBE_DAILY_FX,Indicative Daily Exchange Rates,https://api.nbe.gov.et/api/filter-exchange-rates,https://nbe.gov.et/exchange/indicatives-rates/,2026-08-14T07:47:08.001071Z,none
2025-11-26,etb_fx,africa,ETH,ETB,ETB per US dollar,153.8224,LCU_per_USD,daily,NBE_DAILY_FX,Indicative Daily Exchange Rates,https://api.nbe.gov.et/api/filter-exchange-rates,https://nbe.gov.et/exchange/indicatives-rates/,2026-08-14T07:47:09.366702Z,none
2025-11-27,etb_fx,africa,ETH,ETB,ETB per US dollar,153.8858,LCU_per_USD,daily,NBE_DAILY_FX,Indicative Daily Exchange Rates,https://api.nbe.gov.et/api/filter-exchange-rates,https://nbe.gov.et/exchange/indicatives-rates/,2026-08-14T07:47:11.441923Z,none
2025-11-28,etb_fx,africa,ETH,ETB,ETB per US dollar,153.0288,LCU_per_USD,daily,NBE_DAILY_FX,Indicative Daily Exchange Rates,https://api.nbe.gov.et/api/filter-exchange-rates,https://nbe.gov.et/exchange/indicatives-rates/,2026-08-31T23:22:34.530085Z,none
2025-12-01,etb_fx,africa,ETH,ETB,ETB per US dollar,153.9499,LCU_per_USD,daily,NBE_DAILY_FX,Indicative Daily Exchange Rates,https://api.nbe.gov.et/api/filter-exchange-rates,https://nbe.gov.et/exchange/indicatives-rates/,2026-08-14T07:47:16.116638Z,none
2025-12-02,etb_fx,africa,ETH,ETB,ETB per US dollar,154.3112,LCU_per_USD,daily,NBE_DAILY_FX,Indicative Daily Exchange Rates,https://api.nbe.gov.et/api/filter-exchange-rates,https://nbe.gov.et/exchange/indicatives-rates/,2026-08-14T07:47:17.683653Z,none
2025-12-03,etb_fx,africa,ETH,ETB,ETB per US dollar,155.4285,LCU_per_USD,daily,NBE_DAILY_FX,Indicative Daily Exchange Rates,https://api.nbe.gov.et/api/filter-exchange-rates,https://nbe.gov.et/exchange/indicatives-rates/,2026-08-14T07:47:19.102554Z,none
2025-12-04,etb_fx,africa,ETH,ETB,ETB per US dollar,154.6093,LCU_per_USD,daily,NBE_DAILY_FX,Indicative Daily Exchange Rates,https://api.nbe.gov.et/api/filter-exchange-rates,https://nbe.gov.et/exchange/indicatives-rates/,2026-08-14T07:47:20.928173Z,none
2025-12-05,etb_fx,africa,ETH,ETB,ETB per US dollar,154.9523,LCU_per_USD,daily,NBE_DAILY_FX,Indicative Daily Exchange Rates,https://api.nbe.gov.et/api/filter-exchange-rates,https://nbe.gov.et/exchange/indicatives-rates/,2026-08-14T07:47:22.306006Z,none
2025-12-08,etb_fx,africa,ETH,ETB,ETB per US dollar,154.8124,LCU_per_USD,daily,NBE_DAILY_FX,Indicative Daily Exchange Rates,https://api.nbe.gov.et/api/filter-exchange-rates,https://nbe.gov.et/exchange/indicatives-rates/,2026-08-14T07:47:24.184322Z,none
2025-12-09,etb_fx,africa,ETH,ETB,ETB per US dollar,155.2664,LCU_per_USD,daily,NBE_DAILY_FX,Indicative Daily Exchange Rates,https://api.nbe.gov.et/api/filter-exchange-rates,https://nbe.gov.et/exchange/indicatives-rates/,2026-08-14T07:47:27.203285Z,none
2025-12-10,etb_fx,africa,ETH,ETB,ETB per US dollar,155.2181,LCU_per_USD,daily,NBE_DAILY_FX,Indicative Daily Exchange Rates,https://api.nbe.gov.et/api/filter-exchange-rates,https://nbe.gov.et/exchange/indicatives-rates/,2026-08-14T07:47:28.865376Z,none
2025-12-11,etb_fx,africa,ETH,ETB,ETB per US dollar,155.7503,LCU_per_USD,daily,NBE_DAILY_FX,Indicative Daily Exchange Rates,https://api.nbe.gov.et/api/filter-exchange-rates,https://nbe.gov.et/exchange/indicatives-rates/,2026-08-14T07:47:31.803792Z,none
2025-12-12,etb_fx,africa,ETH,ETB,ETB per US dollar,155.1412,LCU_per_USD,daily,NBE_DAILY_FX,Indicative Daily Exchange Rates,https://api.nbe.gov.et/api/filter-exchange-rates,https://nbe.gov.et/exchange/indicatives-rates/,2026-08-14T07:47:33.615545Z,none
2025-12-15,etb_fx,africa,ETH,ETB,ETB per US dollar,154.7376,LCU_per_USD,daily,NBE_DAILY_FX,Indicative Daily Exchange Rates,https://api.nbe.gov.et/api/filter-exchange-rates,https://nbe.gov.et/exchange/indicatives-rates/,2026-08-14T07:47:35.061414Z,none
2025-12-16,etb_fx,africa,ETH,ETB,ETB per US dollar,154.9613,LCU_per_USD,daily,NBE_DAILY_FX,Indicative Daily Exchange Rates,https://api.nbe.gov.et/api/filter-exchange-rates,https://nbe.gov.et/exchange/indicatives-rates/,2026-08-14T07:47:38.061003Z,none
2025-12-17,etb_fx,africa,ETH,ETB,ETB per US dollar,155.0224,LCU_per_USD,daily,NBE_DAILY_FX,Indicative Daily Exchange Rates,https://api.nbe.gov.et/api/filter-exchange-rates,https://nbe.gov.et/exchange/indicatives-rates/,2026-08-14T07:47:39.428073Z,none
2025-12-18,etb_fx,africa,ETH,ETB,ETB per US dollar,154.8512,LCU_per_USD,daily,NBE_DAILY_FX,Indicative Daily Exchange Rates,https://api.nbe.gov.et/api/filter-exchange-rates,https://nbe.gov.et/exchange/indicatives-rates/,2026-08-14T07:47:40.783261Z,none
2025-12-19,etb_fx,africa,ETH,ETB,ETB per US dollar,154.989,LCU_per_USD,daily,NBE_DAILY_FX,Indicative Daily Exchange Rates,https://api.nbe.gov.et/api/filter-exchange-rates,https://nbe.gov.et/exchange/indicatives-rates/,2026-08-14T07:47:42.087513Z,none
2025-12-22,etb_fx,africa,ETH,ETB,ETB per US dollar,155.2822,LCU_per_USD,daily,NBE_DAILY_FX,Indicative Daily Exchange Rates,https://api.nbe.gov.et/api/filter-exchange-rates,https://nbe.gov.et/exchange/indicatives-rates/,2026-08-14T07:47:43.421366Z,none
2025-12-23,etb_fx,africa,ETH,ETB,ETB per US dollar,155.1164,LCU_per_USD,daily,NBE_DAILY_FX,Indicative Daily Exchange Rates,https://api.nbe.gov.et/api/filter-exchange-rates,https://nbe.gov.et/exchange/indicatives-rates/,2026-08-14T07:47:44.782856Z,none
2025-12-24,etb_fx,africa,ETH,ETB,ETB per US dollar,155.1801,LCU_per_USD,daily,NBE_DAILY_FX,Indicative Daily Exchange Rates,https://api.nbe.gov.et/api/filter-exchange-rates,https://nbe.gov.et/exchange/indicatives-rates/,2026-08-14T07:47:46.170826Z,none
2025-12-25,etb_fx,africa,ETH,ETB,ETB per US dollar,155.4418,LCU_per_USD,daily,NBE_DAILY_FX,Indicative Daily Exchange Rates,https://api.nbe.gov.et/api/filter-exchange-rates,https://nbe.gov.et/exchange/indicatives-rates/,2026-08-14T07:47:47.506058Z,none
2025-12-26,etb_fx,africa,ETH,ETB,ETB per US dollar,154.9869,LCU_per_USD,daily,NBE_DAILY_FX,Indicative Daily Exchange Rates,https://api.nbe.gov.et/api/filter-exchange-rates,https://nbe.gov.et/exchange/indicatives-rates/,2026-08-14T07:47:49.020651Z,none
2025-12-29,etb_fx,africa,ETH,ETB,ETB per US dollar,154.8951,LCU_per_USD,daily,NBE_DAILY_FX,Indicative Daily Exchange Rates,https://api.nbe.gov.et/api/filter-exchange-rates,https://nbe.gov.et/exchange/indicatives-rates/,2026-08-14T07:47:50.403252Z,none
2025-12-30,etb_fx,africa,ETH,ETB,ETB per US dollar,154.6636,LCU_per_USD,daily,NBE_DAILY_FX,Indicative Daily Exchange Rates,https://api.nbe.gov.et/api/filter-exchange-rates,https://nbe.gov.et/exchange/indicatives-rates/,2026-08-14T07:47:51.740366Z,none
2025-12-31,etb_fx,africa,ETH,ETB,ETB per US dollar,154.8885,LCU_per_USD,daily,NBE_DAILY_FX,Indicative Daily Exchange Rates,https://api.nbe.gov.et/api/filter-exchange-rates,https://nbe.gov.et/exchange/indicatives-rates/,2026-08-31T23:22:35.313022Z,none
2026-01-01,etb_fx,africa,ETH,ETB,ETB per US dollar,154.8706,LCU_per_USD,daily,NBE_DAILY_FX,Indicative Daily Exchange Rates,https://api.nbe.gov.et/api/filter-exchange-rates,https://nbe.gov.et/exchange/indicatives-rates/,2026-08-14T07:47:54.415037Z,none
2026-01-02,etb_fx,africa,ETH,ETB,ETB per US dollar,155.1089,LCU_per_USD,daily,NBE_DAILY_FX,Indicative Daily Exchange Rates,https://api.nbe.gov.et/api/filter-exchange-rates,https://nbe.gov.et/exchange/indicatives-rates/,2026-08-14T07:47:56.018099Z,none
2026-01-05,etb_fx,africa,ETH,ETB,ETB per US dollar,154.8482,LCU_per_USD,daily,NBE_DAILY_FX,Indicative Daily Exchange Rates,https://api.nbe.gov.et/api/filter-exchange-rates,https://nbe.gov.et/exchange/indicatives-rates/,2026-08-14T07:47:57.352458Z,none
2026-01-06,etb_fx,africa,ETH,ETB,ETB per US dollar,155.26,LCU_per_USD,daily,NBE_DAILY_FX,Indicative Daily Exchange Rates,https://api.nbe.gov.et/api/filter-exchange-rates,https://nbe.gov.et/exchange/indicatives-rates/,2026-08-14T07:47:58.778828Z,none
2026-01-08,etb_fx,africa,ETH,ETB,ETB per US dollar,154.9757,LCU_per_USD,daily,NBE_DAILY_FX,Indicative Daily Exchange Rates,https://api.nbe.gov.et/api/filter-exchange-rates,https://nbe.gov.et/exchange/indicatives-rates/,2026-08-14T07:48:01.527907Z,none
2026-01-09,etb_fx,africa,ETH,ETB,ETB per US dollar,155.2083,LCU_per_USD,daily,NBE_DAILY_FX,Indicative Daily Exchange Rates,https://api.nbe.gov.et/api/filter-exchange-rates,https://nbe.gov.et/exchange/indicatives-rates/,2026-08-14T07:48:02.874189Z,none
2026-01-12,etb_fx,africa,ETH,ETB,ETB per US dollar,154.9083,LCU_per_USD,daily,NBE_DAILY_FX,Indicative Daily Exchange Rates,https://api.nbe.gov.et/api/filter-exchange-rates,https://nbe.gov.et/exchange/indicatives-rates/,2026-08-14T07:48:04.202202Z,none
2026-01-13,etb_fx,africa,ETH,ETB,ETB per US dollar,155.2448,LCU_per_USD,daily,NBE_DAILY_FX,Indicative Daily Exchange Rates,https://api.nbe.gov.et/api/filter-exchange-rates,https://nbe.gov.et/exchange/indicatives-rates/,2026-08-14T07:48:05.581059Z,none
2026-01-14,etb_fx,africa,ETH,ETB,ETB per US dollar,155.0668,LCU_per_USD,daily,NBE_DAILY_FX,Indicative Daily Exchange Rates,https://api.nbe.gov.et/api/filter-exchange-rates,https://nbe.gov.et/exchange/indicatives-rates/,2026-08-14T07:48:06.893575Z,none
2026-01-15,etb_fx,africa,ETH,ETB,ETB per US dollar,155.5399,LCU_per_USD,daily,NBE_DAILY_FX,Indicative Daily Exchange Rates,https://api.nbe.gov.et/api/filter-exchange-rates,https://nbe.gov.et/exchange/indicatives-rates/,2026-08-14T07:48:08.235512Z,none
2026-01-16,etb_fx,africa,ETH,ETB,ETB per US dollar,155.5573,LCU_per_USD,daily,NBE_DAILY_FX,Indicative Daily Exchange Rates,https://api.nbe.gov.et/api/filter-exchange-rates,https://nbe.gov.et/exchange/indicatives-rates/,2026-08-14T07:48:09.660518Z,none
2026-01-20,etb_fx,africa,ETH,ETB,ETB per US dollar,155.2821,LCU_per_USD,daily,NBE_DAILY_FX,Indicative Daily Exchange Rates,https://api.nbe.gov.et/api/filter-exchange-rates,https://nbe.gov.et/exchange/indicatives-rates/,2026-08-14T07:48:12.611704Z,none
2026-01-21,etb_fx,africa,ETH,ETB,ETB per US dollar,155.5434,LCU_per_USD,daily,NBE_DAILY_FX,Indicative Daily Exchange Rates,https://api.nbe.gov.et/api/filter-exchange-rates,https://nbe.gov.et/exchange/indicatives-rates/,2026-08-14T07:48:13.979954Z,none
2026-01-22,etb_fx,africa,ETH,ETB,ETB per US dollar,155.2672,LCU_per_USD,daily,NBE_DAILY_FX,Indicative Daily Exchange Rates,https://api.nbe.gov.et/api/filter-exchange-rates,https://nbe.gov.et/exchange/indicatives-rates/,2026-08-14T07:48:15.362341Z,none
2026-01-23,etb_fx,africa,ETH,ETB,ETB per US dollar,155.7553,LCU_per_USD,daily,NBE_DAILY_FX,Indicative Daily Exchange Rates,https://api.nbe.gov.et/api/filter-exchange-rates,https://nbe.gov.et/exchange/indicatives-rates/,2026-08-14T07:48:16.710318Z,none
2026-01-26,etb_fx,africa,ETH,ETB,ETB per US dollar,154.9797,LCU_per_USD,daily,NBE_DAILY_FX,Indicative Daily Exchange Rates,https://api.nbe.gov.et/api/filter-exchange-rates,https://nbe.gov.et/exchange/indicatives-rates/,2026-08-14T07:48:18.067197Z,none
2026-01-27,etb_fx,africa,ETH,ETB,ETB per US dollar,154.9966,LCU_per_USD,daily,NBE_DAILY_FX,Indicative Daily Exchange Rates,https://api.nbe.gov.et/api/filter-exchange-rates,https://nbe.gov.et/exchange/indicatives-rates/,2026-08-14T07:48:19.506609Z,none
2026-01-28,etb_fx,africa,ETH,ETB,ETB per US dollar,155.0611,LCU_per_USD,daily,NBE_DAILY_FX,Indicative Daily Exchange Rates,https://api.nbe.gov.et/api/filter-exchange-rates,https://nbe.gov.et/exchange/indicatives-rates/,2026-08-14T07:48:20.878617Z,none
2026-01-29,etb_fx,africa,ETH,ETB,ETB per US dollar,154.8456,LCU_per_USD,daily,NBE_DAILY_FX,Indicative Daily Exchange Rates,https://api.nbe.gov.et/api/filter-exchange-rates,https://nbe.gov.et/exchange/indicatives-rates/,2026-08-14T07:48:22.229851Z,none
2026-01-30,etb_fx,africa,ETH,ETB,ETB per US dollar,155.3827,LCU_per_USD,daily,NBE_DAILY_FX,Indicative Daily Exchange Rates,https://api.nbe.gov.et/api/filter-exchange-rates,https://nbe.gov.et/exchange/indicatives-rates/,2026-08-31T23:22:36.857421Z,none
2026-02-02,etb_fx,africa,ETH,ETB,ETB per US dollar,155.1203,LCU_per_USD,daily,NBE_DAILY_FX,Indicative Daily Exchange Rates,https://api.nbe.gov.et/api/filter-exchange-rates,https://nbe.gov.et/exchange/indicatives-rates/,2026-08-14T07:48:25.919516Z,none
2026-02-03,etb_fx,africa,ETH,ETB,ETB per US dollar,154.9309,LCU_per_USD,daily,NBE_DAILY_FX,Indicative Daily Exchange Rates,https://api.nbe.gov.et/api/filter-exchange-rates,https://nbe.gov.et/exchange/indicatives-rates/,2026-08-14T07:48:27.283804Z,none
2026-02-04,etb_fx,africa,ETH,ETB,ETB per US dollar,155.3158,LCU_per_USD,daily,NBE_DAILY_FX,Indicative Daily Exchange Rates,https://api.nbe.gov.et/api/filter-exchange-rates,https://nbe.gov.et/exchange/indicatives-rates/,2026-08-14T07:48:28.621704Z,none
2026-02-05,etb_fx,africa,ETH,ETB,ETB per US dollar,154.9593,LCU_per_USD,daily,NBE_DAILY_FX,Indicative Daily Exchange Rates,https://api.nbe.gov.et/api/filter-exchange-rates,https://nbe.gov.et/exchange/indicatives-rates/,2026-08-14T07:48:30.060066Z,none
2026-02-06,etb_fx,africa,ETH,ETB,ETB per US dollar,155.4778,LCU_per_USD,daily,NBE_DAILY_FX,Indicative Daily Exchange Rates,https://api.nbe.gov.et/api/filter-exchange-rates,https://nbe.gov.et/exchange/indicatives-rates/,2026-08-14T07:48:32.782186Z,none
2026-02-09,etb_fx,africa,ETH,ETB,ETB per US dollar,154.7368,LCU_per_USD,daily,NBE_DAILY_FX,Indicative Daily Exchange Rates,https://api.nbe.gov.et/api/filter-exchange-rates,https://nbe.gov.et/exchange/indicatives-rates/,2026-08-14T07:48:34.178408Z,none
2026-02-10,etb_fx,africa,ETH,ETB,ETB per US dollar,155.1856,LCU_per_USD,daily,NBE_DAILY_FX,Indicative Daily Exchange Rates,https://api.nbe.gov.et/api/filter-exchange-rates,https://nbe.gov.et/exchange/indicatives-rates/,2026-08-14T07:48:35.708941Z,none
2026-02-11,etb_fx,africa,ETH,ETB,ETB per US dollar,154.7758,LCU_per_USD,daily,NBE_DAILY_FX,Indicative Daily Exchange Rates,https://api.nbe.gov.et/api/filter-exchange-rates,https://nbe.gov.et/exchange/indicatives-rates/,2026-08-14T07:48:38.412715Z,none
2026-02-12,etb_fx,africa,ETH,ETB,ETB per US dollar,155.245,LCU_per_USD,daily,NBE_DAILY_FX,Indicative Daily Exchange Rates,https://api.nbe.gov.et/api/filter-exchange-rates,https://nbe.gov.et/exchange/indicatives-rates/,2026-08-14T07:48:39.780230Z,none
2026-02-13,etb_fx,africa,ETH,ETB,ETB per US dollar,155.0572,LCU_per_USD,daily,NBE_DAILY_FX,Indicative Daily Exchange Rates,https://api.nbe.gov.et/api/filter-exchange-rates,https://nbe.gov.et/exchange/indicatives-rates/,2026-08-14T07:48:41.124190Z,none
2026-02-16,etb_fx,africa,ETH,ETB,ETB per US dollar,155.5725,LCU_per_USD,daily,NBE_DAILY_FX,Indicative Daily Exchange Rates,https://api.nbe.gov.et/api/filter-exchange-rates,https://nbe.gov.et/exchange/indicatives-rates/,2026-08-14T07:48:42.860661Z,none
2026-02-17,etb_fx,africa,ETH,ETB,ETB per US dollar,155.1728,LCU_per_USD,daily,NBE_DAILY_FX,Indicative Daily Exchange Rates,https://api.nbe.gov.et/api/filter-exchange-rates,https://nbe.gov.et/exchange/indicatives-rates/,2026-08-14T07:48:44.219664Z,none
2026-02-18,etb_fx,africa,ETH,ETB,ETB per US dollar,154.8997,LCU_per_USD,daily,NBE_DAILY_FX,Indicative Daily Exchange Rates,https://api.nbe.gov.et/api/filter-exchange-rates,https://nbe.gov.et/exchange/indicatives-rates/,2026-08-14T07:48:45.682140Z,none
2026-02-19,etb_fx,africa,ETH,ETB,ETB per US dollar,156.5161,LCU_per_USD,daily,NBE_DAILY_FX,Indicative Daily Exchange Rates,https://api.nbe.gov.et/api/filter-exchange-rates,https://nbe.gov.et/exchange/indicatives-rates/,2026-08-14T07:48:47.034626Z,none
2026-02-20,etb_fx,africa,ETH,ETB,ETB per US dollar,155.5426,LCU_per_USD,daily,NBE_DAILY_FX,Indicative Daily Exchange Rates,https://api.nbe.gov.et/api/filter-exchange-rates,https://nbe.gov.et/exchange/indicatives-rates/,2026-08-14T07:48:48.380042Z,none
2026-02-23,etb_fx,africa,ETH,ETB,ETB per US dollar,156.033,LCU_per_USD,daily,NBE_DAILY_FX,Indicative Daily Exchange Rates,https://api.nbe.gov.et/api/filter-exchange-rates,https://nbe.gov.et/exchange/indicatives-rates/,2026-08-14T07:48:49.999409Z,none
2026-02-24,etb_fx,africa,ETH,ETB,ETB per US dollar,153.8837,LCU_per_USD,daily,NBE_DAILY_FX,Indicative Daily Exchange Rates,https://api.nbe.gov.et/api/filter-exchange-rates,https://nbe.gov.et/exchange/indicatives-rates/,2026-08-14T07:48:52.588357Z,none
2026-02-25,etb_fx,africa,ETH,ETB,ETB per US dollar,156.0215,LCU_per_USD,daily,NBE_DAILY_FX,Indicative Daily Exchange Rates,https://api.nbe.gov.et/api/filter-exchange-rates,https://nbe.gov.et/exchange/indicatives-rates/,2026-08-14T07:48:53.926057Z,none
2026-02-26,etb_fx,africa,ETH,ETB,ETB per US dollar,155.5704,LCU_per_USD,daily,NBE_DAILY_FX,Indicative Daily Exchange Rates,https://api.nbe.gov.et/api/filter-exchange-rates,https://nbe.gov.et/exchange/indicatives-rates/,2026-08-14T07:48:55.258491Z,none
2026-02-27,etb_fx,africa,ETH,ETB,ETB per US dollar,156.0315,LCU_per_USD,daily,NBE_DAILY_FX,Indicative Daily Exchange Rates,https://api.nbe.gov.et/api/filter-exchange-rates,https://nbe.gov.et/exchange/indicatives-rates/,2026-08-31T23:22:38.442121Z,none
2026-03-03,etb_fx,africa,ETH,ETB,ETB per US dollar,155.88,LCU_per_USD,daily,NBE_DAILY_FX,Indicative Daily Exchange Rates,https://api.nbe.gov.et/api/filter-exchange-rates,https://nbe.gov.et/exchange/indicatives-rates/,2026-08-14T07:49:00.368196Z,none
2026-03-04,etb_fx,africa,ETH,ETB,ETB per US dollar,155.9851,LCU_per_USD,daily,NBE_DAILY_FX,Indicative Daily Exchange Rates,https://api.nbe.gov.et/api/filter-exchange-rates,https://nbe.gov.et/exchange/indicatives-rates/,2026-08-14T07:49:02.834276Z,none
2026-03-05,etb_fx,africa,ETH,ETB,ETB per US dollar,156.0697,LCU_per_USD,daily,NBE_DAILY_FX,Indicative Daily Exchange Rates,https://api.nbe.gov.et/api/filter-exchange-rates,https://nbe.gov.et/exchange/indicatives-rates/,2026-08-14T07:49:04.223874Z,none
2026-03-06,etb_fx,africa,ETH,ETB,ETB per US dollar,155.9924,LCU_per_USD,daily,NBE_DAILY_FX,Indicative Daily Exchange Rates,https://api.nbe.gov.et/api/filter-exchange-rates,https://nbe.gov.et/exchange/indicatives-rates/,2026-08-14T07:49:07.217498Z,none
2026-03-09,etb_fx,africa,ETH,ETB,ETB per US dollar,156.7591,LCU_per_USD,daily,NBE_DAILY_FX,Indicative Daily Exchange Rates,https://api.nbe.gov.et/api/filter-exchange-rates,https://nbe.gov.et/exchange/indicatives-rates/,2026-08-14T07:49:08.900439Z,none
2026-03-10,etb_fx,africa,ETH,ETB,ETB per US dollar,156.4111,LCU_per_USD,daily,NBE_DAILY_FX,Indicative Daily Exchange Rates,https://api.nbe.gov.et/api/filter-exchange-rates,https://nbe.gov.et/exchange/indicatives-rates/,2026-08-14T07:49:10.229309Z,none
2026-03-11,etb_fx,africa,ETH,ETB,ETB per US dollar,156.3715,LCU_per_USD,daily,NBE_DAILY_FX,Indicative Daily Exchange Rates,https://api.nbe.gov.et/api/filter-exchange-rates,https://nbe.gov.et/exchange/indicatives-rates/,2026-08-14T07:49:11.577140Z,none
2026-03-12,etb_fx,africa,ETH,ETB,ETB per US dollar,156.3156,LCU_per_USD,daily,NBE_DAILY_FX,Indicative Daily Exchange Rates,https://api.nbe.gov.et/api/filter-exchange-rates,https://nbe.gov.et/exchange/indicatives-rates/,2026-08-14T07:49:12.938541Z,none
2026-03-13,etb_fx,africa,ETH,ETB,ETB per US dollar,156.7628,LCU_per_USD,daily,NBE_DAILY_FX,Indicative Daily Exchange Rates,https://api.nbe.gov.et/api/filter-exchange-rates,https://nbe.gov.et/exchange/indicatives-rates/,2026-08-14T07:49:14.236810Z,none
2026-03-16,etb_fx,africa,ETH,ETB,ETB per US dollar,157.0183,LCU_per_USD,daily,NBE_DAILY_FX,Indicative Daily Exchange Rates,https://api.nbe.gov.et/api/filter-exchange-rates,https://nbe.gov.et/exchange/indicatives-rates/,2026-08-14T07:49:15.538296Z,none
2026-03-17,etb_fx,africa,ETH,ETB,ETB per US dollar,156.6525,LCU_per_USD,daily,NBE_DAILY_FX,Indicative Daily Exchange Rates,https://api.nbe.gov.et/api/filter-exchange-rates,https://nbe.gov.et/exchange/indicatives-rates/,2026-08-14T07:49:16.912095Z,none
2026-03-18,etb_fx,africa,ETH,ETB,ETB per US dollar,156.7488,LCU_per_USD,daily,NBE_DAILY_FX,Indicative Daily Exchange Rates,https://api.nbe.gov.et/api/filter-exchange-rates,https://nbe.gov.et/exchange/indicatives-rates/,2026-08-14T07:49:18.361530Z,none
2026-03-19,etb_fx,africa,ETH,ETB,ETB per US dollar,157.1011,LCU_per_USD,daily,NBE_DAILY_FX,Indicative Daily Exchange Rates,https://api.nbe.gov.et/api/filter-exchange-rates,https://nbe.gov.et/exchange/indicatives-rates/,2026-08-14T07:49:19.762871Z,none
2026-03-23,etb_fx,africa,ETH,ETB,ETB per US dollar,157.2522,LCU_per_USD,daily,NBE_DAILY_FX,Indicative Daily Exchange Rates,https://api.nbe.gov.et/api/filter-exchange-rates,https://nbe.gov.et/exchange/indicatives-rates/,2026-08-14T07:49:22.448895Z,none
2026-03-24,etb_fx,africa,ETH,ETB,ETB per US dollar,156.7971,LCU_per_USD,daily,NBE_DAILY_FX,Indicative Daily Exchange Rates,https://api.nbe.gov.et/api/filter-exchange-rates,https://nbe.gov.et/exchange/indicatives-rates/,2026-08-14T07:49:23.838300Z,none
2026-03-25,etb_fx,africa,ETH,ETB,ETB per US dollar,156.6025,LCU_per_USD,daily,NBE_DAILY_FX,Indicative Daily Exchange Rates,https://api.nbe.gov.et/api/filter-exchange-rates,https://nbe.gov.et/exchange/indicatives-rates/,2026-08-14T07:49:25.336612Z,none
2026-03-26,etb_fx,africa,ETH,ETB,ETB per US dollar,156.8095,LCU_per_USD,daily,NBE_DAILY_FX,Indicative Daily Exchange Rates,https://api.nbe.gov.et/api/filter-exchange-rates,https://nbe.gov.et/exchange/indicatives-rates/,2026-08-14T07:49:27.281004Z,none
2026-03-27,etb_fx,africa,ETH,ETB,ETB per US dollar,156.4461,LCU_per_USD,daily,NBE_DAILY_FX,Indicative Daily Exchange Rates,https://api.nbe.gov.et/api/filter-exchange-rates,https://nbe.gov.et/exchange/indicatives-rates/,2026-08-14T07:49:28.624813Z,none
2026-03-30,etb_fx,africa,ETH,ETB,ETB per US dollar,156.8487,LCU_per_USD,daily,NBE_DAILY_FX,Indicative Daily Exchange Rates,https://api.nbe.gov.et/api/filter-exchange-rates,https://nbe.gov.et/exchange/indicatives-rates/,2026-08-14T07:49:30.005847Z,none
2026-03-31,etb_fx,africa,ETH,ETB,ETB per US dollar,156.71,LCU_per_USD,daily,NBE_DAILY_FX,Indicative Daily Exchange Rates,https://api.nbe.gov.et/api/filter-exchange-rates,https://nbe.gov.et/exchange/indicatives-rates/,2026-08-31T23:22:39.312162Z,none
2026-04-01,etb_fx,africa,ETH,ETB,ETB per US dollar,156.8061,LCU_per_USD,daily,NBE_DAILY_FX,Indicative Daily Exchange Rates,https://api.nbe.gov.et/api/filter-exchange-rates,https://nbe.gov.et/exchange/indicatives-rates/,2026-08-14T07:49:32.813708Z,none
2026-04-02,etb_fx,africa,ETH,ETB,ETB per US dollar,155.9152,LCU_per_USD,daily,NBE_DAILY_FX,Indicative Daily Exchange Rates,https://api.nbe.gov.et/api/filter-exchange-rates,https://nbe.gov.et/exchange/indicatives-rates/,2026-08-14T07:49:34.183341Z,none
2026-04-03,etb_fx,africa,ETH,ETB,ETB per US dollar,156.5812,LCU_per_USD,daily,NBE_DAILY_FX,Indicative Daily Exchange Rates,https://api.nbe.gov.et/api/filter-exchange-rates,https://nbe.gov.et/exchange/indicatives-rates/,2026-08-14T07:49:36.643155Z,none
2026-04-06,etb_fx,africa,ETH,ETB,ETB per US dollar,156.5721,LCU_per_USD,daily,NBE_DAILY_FX,Indicative Daily Exchange Rates,https://api.nbe.gov.et/api/filter-exchange-rates,https://nbe.gov.et/exchange/indicatives-rates/,2026-08-14T07:49:37.991689Z,none
2026-04-07,etb_fx,africa,ETH,ETB,ETB per US dollar,157.1517,LCU_per_USD,daily,NBE_DAILY_FX,Indicative Daily Exchange Rates,https://api.nbe.gov.et/api/filter-exchange-rates,https://nbe.gov.et/exchange/indicatives-rates/,2026-08-14T07:49:39.739324Z,none
2026-04-08,etb_fx,africa,ETH,ETB,ETB per US dollar,155.5153,LCU_per_USD,daily,NBE_DAILY_FX,Indicative Daily Exchange Rates,https://api.nbe.gov.et/api/filter-exchange-rates,https://nbe.gov.et/exchange/indicatives-rates/,2026-08-14T07:49:41.284974Z,none
2026-04-09,etb_fx,africa,ETH,ETB,ETB per US dollar,156.4156,LCU_per_USD,daily,NBE_DAILY_FX,Indicative Daily Exchange Rates,https://api.nbe.gov.et/api/filter-exchange-rates,https://nbe.gov.et/exchange/indicatives-rates/,2026-08-14T07:49:42.653088Z,none
2026-04-13,etb_fx,africa,ETH,ETB,ETB per US dollar,157.0558,LCU_per_USD,daily,NBE_DAILY_FX,Indicative Daily Exchange Rates,https://api.nbe.gov.et/api/filter-exchange-rates,https://nbe.gov.et/exchange/indicatives-rates/,2026-08-14T07:49:45.313500Z,none
2026-04-14,etb_fx,africa,ETH,ETB,ETB per US dollar,156.4462,LCU_per_USD,daily,NBE_DAILY_FX,Indicative Daily Exchange Rates,https://api.nbe.gov.et/api/filter-exchange-rates,https://nbe.gov.et/exchange/indicatives-rates/,2026-08-14T07:49:46.630123Z,none
2026-04-15,etb_fx,africa,ETH,ETB,ETB per US dollar,157.1263,LCU_per_USD,daily,NBE_DAILY_FX,Indicative Daily Exchange Rates,https://api.nbe.gov.et/api/filter-exchange-rates,https://nbe.gov.et/exchange/indicatives-rates/,2026-08-14T07:49:47.990775Z,none
2026-04-16,etb_fx,africa,ETH,ETB,ETB per US dollar,157.459,LCU_per_USD,daily,NBE_DAILY_FX,Indicative Daily Exchange Rates,https://api.nbe.gov.et/api/filter-exchange-rates,https://nbe.gov.et/exchange/indicatives-rates/,2026-08-14T07:49:49.416286Z,none
2026-04-17,etb_fx,africa,ETH,ETB,ETB per US dollar,156.9084,LCU_per_USD,daily,NBE_DAILY_FX,Indicative Daily Exchange Rates,https://api.nbe.gov.et/api/filter-exchange-rates,https://nbe.gov.et/exchange/indicatives-rates/,2026-08-14T07:49:51.114879Z,none
2026-04-20,etb_fx,africa,ETH,ETB,ETB per US dollar,156.8302,LCU_per_USD,daily,NBE_DAILY_FX,Indicative Daily Exchange Rates,https://api.nbe.gov.et/api/filter-exchange-rates,https://nbe.gov.et/exchange/indicatives-rates/,2026-08-14T07:49:54.391566Z,none
2026-04-21,etb_fx,africa,ETH,ETB,ETB per US dollar,156.8855,LCU_per_USD,daily,NBE_DAILY_FX,Indicative Daily Exchange Rates,https://api.nbe.gov.et/api/filter-exchange-rates,https://nbe.gov.et/exchange/indicatives-rates/,2026-08-14T07:49:55.859473Z,none
2026-04-22,etb_fx,africa,ETH,ETB,ETB per US dollar,157.2435,LCU_per_USD,daily,NBE_DAILY_FX,Indicative Daily Exchange Rates,https://api.nbe.gov.et/api/filter-exchange-rates,https://nbe.gov.et/exchange/indicatives-rates/,2026-08-14T07:49:57.236529Z,none
2026-04-23,etb_fx,africa,ETH,ETB,ETB per US dollar,156.4391,LCU_per_USD,daily,NBE_DAILY_FX,Indicative Daily Exchange Rates,https://api.nbe.gov.et/api/filter-exchange-rates,https://nbe.gov.et/exchange/indicatives-rates/,2026-08-14T07:49:58.678197Z,none
2026-04-24,etb_fx,africa,ETH,ETB,ETB per US dollar,157.4704,LCU_per_USD,daily,NBE_DAILY_FX,Indicative Daily Exchange Rates,https://api.nbe.gov.et/api/filter-exchange-rates,https://nbe.gov.et/exchange/indicatives-rates/,2026-08-14T07:50:00.058985Z,none
2026-04-27,etb_fx,africa,ETH,ETB,ETB per US dollar,156.755,LCU_per_USD,daily,NBE_DAILY_FX,Indicative Daily Exchange Rates,https://api.nbe.gov.et/api/filter-exchange-rates,https://nbe.gov.et/exchange/indicatives-rates/,2026-08-14T07:50:01.618287Z,none
2026-04-28,etb_fx,africa,ETH,ETB,ETB per US dollar,157.3647,LCU_per_USD,daily,NBE_DAILY_FX,Indicative Daily Exchange Rates,https://api.nbe.gov.et/api/filter-exchange-rates,https://nbe.gov.et/exchange/indicatives-rates/,2026-08-14T07:50:02.976434Z,none
2026-04-29,etb_fx,africa,ETH,ETB,ETB per US dollar,156.466,LCU_per_USD,daily,NBE_DAILY_FX,Indicative Daily Exchange Rates,https://api.nbe.gov.et/api/filter-exchange-rates,https://nbe.gov.et/exchange/indicatives-rates/,2026-08-14T07:50:04.618176Z,none
2026-04-30,etb_fx,africa,ETH,ETB,ETB per US dollar,156.7401,LCU_per_USD,daily,NBE_DAILY_FX,Indicative Daily Exchange Rates,https://api.nbe.gov.et/api/filter-exchange-rates,https://nbe.gov.et/exchange/indicatives-rates/,2026-08-31T23:22:40.116666Z,none
2026-05-04,etb_fx,africa,ETH,ETB,ETB per US dollar,156.7051,LCU_per_USD,daily,NBE_DAILY_FX,Indicative Daily Exchange Rates,https://api.nbe.gov.et/api/filter-exchange-rates,https://nbe.gov.et/exchange/indicatives-rates/,2026-08-14T07:50:12.506708Z,none
2026-05-06,etb_fx,africa,ETH,ETB,ETB per US dollar,157.0314,LCU_per_USD,daily,NBE_DAILY_FX,Indicative Daily Exchange Rates,https://api.nbe.gov.et/api/filter-exchange-rates,https://nbe.gov.et/exchange/indicatives-rates/,2026-08-14T07:50:15.221398Z,none
2026-05-07,etb_fx,africa,ETH,ETB,ETB per US dollar,157.33,LCU_per_USD,daily,NBE_DAILY_FX,Indicative Daily Exchange Rates,https://api.nbe.gov.et/api/filter-exchange-rates,https://nbe.gov.et/exchange/indicatives-rates/,2026-08-14T07:50:16.558708Z,none
2026-05-08,etb_fx,africa,ETH,ETB,ETB per US dollar,157.2932,LCU_per_USD,daily,NBE_DAILY_FX,Indicative Daily Exchange Rates,https://api.nbe.gov.et/api/filter-exchange-rates,https://nbe.gov.et/exchange/indicatives-rates/,2026-08-14T07:50:17.992030Z,none
2026-05-11,etb_fx,africa,ETH,ETB,ETB per US dollar,156.9874,LCU_per_USD,daily,NBE_DAILY_FX,Indicative Daily Exchange Rates,https://api.nbe.gov.et/api/filter-exchange-rates,https://nbe.gov.et/exchange/indicatives-rates/,2026-08-14T07:50:19.500950Z,none
2026-05-12,etb_fx,africa,ETH,ETB,ETB per US dollar,156.792,LCU_per_USD,daily,NBE_DAILY_FX,Indicative Daily Exchange Rates,https://api.nbe.gov.et/api/filter-exchange-rates,https://nbe.gov.et/exchange/indicatives-rates/,2026-08-14T07:50:21.025525Z,none
2026-05-13,etb_fx,africa,ETH,ETB,ETB per US dollar,157.3407,LCU_per_USD,daily,NBE_DAILY_FX,Indicative Daily Exchange Rates,https://api.nbe.gov.et/api/filter-exchange-rates,https://nbe.gov.et/exchange/indicatives-rates/,2026-08-14T07:50:22.382834Z,none
2026-05-14,etb_fx,africa,ETH,ETB,ETB per US dollar,157.3428,LCU_per_USD,daily,NBE_DAILY_FX,Indicative Daily Exchange Rates,https://api.nbe.gov.et/api/filter-exchange-rates,https://nbe.gov.et/exchange/indicatives-rates/,2026-08-14T07:50:23.734756Z,none
2026-05-15,etb_fx,africa,ETH,ETB,ETB per US dollar,157.4331,LCU_per_USD,daily,NBE_DAILY_FX,Indicative Daily Exchange Rates,https://api.nbe.gov.et/api/filter-exchange-rates,https://nbe.gov.et/exchange/indicatives-rates/,2026-08-14T07:50:25.362426Z,none
2026-05-18,etb_fx,africa,ETH,ETB,ETB per US dollar,157.227,LCU_per_USD,daily,NBE_DAILY_FX,Indicative Daily Exchange Rates,https://api.nbe.gov.et/api/filter-exchange-rates,https://nbe.gov.et/exchange/indicatives-rates/,2026-08-14T07:50:27.010021Z,none
2026-05-19,etb_fx,africa,ETH,ETB,ETB per US dollar,157.2694,LCU_per_USD,daily,NBE_DAILY_FX,Indicative Daily Exchange Rates,https://api.nbe.gov.et/api/filter-exchange-rates,https://nbe.gov.et/exchange/indicatives-rates/,2026-08-14T07:50:28.352324Z,none
2026-05-20,etb_fx,africa,ETH,ETB,ETB per US dollar,157.5889,LCU_per_USD,daily,NBE_DAILY_FX,Indicative Daily Exchange Rates,https://api.nbe.gov.et/api/filter-exchange-rates,https://nbe.gov.et/exchange/indicatives-rates/,2026-08-14T07:50:29.744333Z,none
2026-05-21,etb_fx,africa,ETH,ETB,ETB per US dollar,159.6247,LCU_per_USD,daily,NBE_DAILY_FX,Indicative Daily Exchange Rates,https://api.nbe.gov.et/api/filter-exchange-rates,https://nbe.gov.et/exchange/indicatives-rates/,2026-08-14T07:50:31.112307Z,none
2026-05-22,etb_fx,africa,ETH,ETB,ETB per US dollar,158.1702,LCU_per_USD,daily,NBE_DAILY_FX,Indicative Daily Exchange Rates,https://api.nbe.gov.et/api/filter-exchange-rates,https://nbe.gov.et/exchange/indicatives-rates/,2026-08-14T07:50:32.525521Z,none
2026-05-25,etb_fx,africa,ETH,ETB,ETB per US dollar,157.9324,LCU_per_USD,daily,NBE_DAILY_FX,Indicative Daily Exchange Rates,https://api.nbe.gov.et/api/filter-exchange-rates,https://nbe.gov.et/exchange/indicatives-rates/,2026-08-14T07:50:33.899491Z,none
2026-05-26,etb_fx,africa,ETH,ETB,ETB per US dollar,159.2671,LCU_per_USD,daily,NBE_DAILY_FX,Indicative Daily Exchange Rates,https://api.nbe.gov.et/api/filter-exchange-rates,https://nbe.gov.et/exchange/indicatives-rates/,2026-08-14T07:50:35.292908Z,none
2026-05-28,etb_fx,africa,ETH,ETB,ETB per US dollar,158.73,LCU_per_USD,daily,NBE_DAILY_FX,Indicative Daily Exchange Rates,https://api.nbe.gov.et/api/filter-exchange-rates,https://nbe.gov.et/exchange/indicatives-rates/,2026-08-14T07:50:38.731304Z,none
2026-05-29,etb_fx,africa,ETH,ETB,ETB per US dollar,157.9778,LCU_per_USD,daily,NBE_DAILY_FX,Indicative Daily Exchange Rates,https://api.nbe.gov.et/api/filter-exchange-rates,https://nbe.gov.et/exchange/indicatives-rates/,2026-08-31T23:22:42.470904Z,none
2026-06-02,etb_fx,africa,ETH,ETB,ETB per US dollar,159.3719,LCU_per_USD,daily,NBE_DAILY_FX,Indicative Daily Exchange Rates,https://api.nbe.gov.et/api/filter-exchange-rates,https://nbe.gov.et/exchange/indicatives-rates/,2026-08-14T07:50:43.576794Z,none
2026-06-03,etb_fx,africa,ETH,ETB,ETB per US dollar,159.6992,LCU_per_USD,daily,NBE_DAILY_FX,Indicative Daily Exchange Rates,https://api.nbe.gov.et/api/filter-exchange-rates,https://nbe.gov.et/exchange/indicatives-rates/,2026-08-14T07:50:44.911947Z,none
2026-06-04,etb_fx,africa,ETH,ETB,ETB per US dollar,158.4009,LCU_per_USD,daily,NBE_DAILY_FX,Indicative Daily Exchange Rates,https://api.nbe.gov.et/api/filter-exchange-rates,https://nbe.gov.et/exchange/indicatives-rates/,2026-08-14T07:50:46.249701Z,none
2026-06-05,etb_fx,africa,ETH,ETB,ETB per US dollar,158.2569,LCU_per_USD,daily,NBE_DAILY_FX,Indicative Daily Exchange Rates,https://api.nbe.gov.et/api/filter-exchange-rates,https://nbe.gov.et/exchange/indicatives-rates/,2026-08-14T07:50:47.622349Z,none
2026-06-08,etb_fx,africa,ETH,ETB,ETB per US dollar,157.9708,LCU_per_USD,daily,NBE_DAILY_FX,Indicative Daily Exchange Rates,https://api.nbe.gov.et/api/filter-exchange-rates,https://nbe.gov.et/exchange/indicatives-rates/,2026-08-14T07:50:48.949939Z,none
2026-06-09,etb_fx,africa,ETH,ETB,ETB per US dollar,157.9557,LCU_per_USD,daily,NBE_DAILY_FX,Indicative Daily Exchange Rates,https://api.nbe.gov.et/api/filter-exchange-rates,https://nbe.gov.et/exchange/indicatives-rates/,2026-08-14T07:50:50.313694Z,none
2026-06-10,etb_fx,africa,ETH,ETB,ETB per US dollar,158.448,LCU_per_USD,daily,NBE_DAILY_FX,Indicative Daily Exchange Rates,https://api.nbe.gov.et/api/filter-exchange-rates,https://nbe.gov.et/exchange/indicatives-rates/,2026-08-14T07:50:52.120291Z,none
2026-06-11,etb_fx,africa,ETH,ETB,ETB per US dollar,158.8469,LCU_per_USD,daily,NBE_DAILY_FX,Indicative Daily Exchange Rates,https://api.nbe.gov.et/api/filter-exchange-rates,https://nbe.gov.et/exchange/indicatives-rates/,2026-08-14T07:50:54.416517Z,none
2026-06-12,etb_fx,africa,ETH,ETB,ETB per US dollar,158.6998,LCU_per_USD,daily,NBE_DAILY_FX,Indicative Daily Exchange Rates,https://api.nbe.gov.et/api/filter-exchange-rates,https://nbe.gov.et/exchange/indicatives-rates/,2026-08-14T07:50:55.771519Z,none
2026-06-15,etb_fx,africa,ETH,ETB,ETB per US dollar,159.4177,LCU_per_USD,daily,NBE_DAILY_FX,Indicative Daily Exchange Rates,https://api.nbe.gov.et/api/filter-exchange-rates,https://nbe.gov.et/exchange/indicatives-rates/,2026-08-14T07:50:57.213600Z,none
2026-06-16,etb_fx,africa,ETH,ETB,ETB per US dollar,157.9906,LCU_per_USD,daily,NBE_DAILY_FX,Indicative Daily Exchange Rates,https://api.nbe.gov.et/api/filter-exchange-rates,https://nbe.gov.et/exchange/indicatives-rates/,2026-08-14T07:50:58.581562Z,none
2026-06-17,etb_fx,africa,ETH,ETB,ETB per US dollar,158.9737,LCU_per_USD,daily,NBE_DAILY_FX,Indicative Daily Exchange Rates,https://api.nbe.gov.et/api/filter-exchange-rates,https://nbe.gov.et/exchange/indicatives-rates/,2026-08-14T07:50:59.991794Z,none
2026-06-18,etb_fx,africa,ETH,ETB,ETB per US dollar,158.391,LCU_per_USD,daily,NBE_DAILY_FX,Indicative Daily Exchange Rates,https://api.nbe.gov.et/api/filter-exchange-rates,https://nbe.gov.et/exchange/indicatives-rates/,2026-08-14T07:51:01.382303Z,none
2026-06-19,etb_fx,africa,ETH,ETB,ETB per US dollar,158.8789,LCU_per_USD,daily,NBE_DAILY_FX,Indicative Daily Exchange Rates,https://api.nbe.gov.et/api/filter-exchange-rates,https://nbe.gov.et/exchange/indicatives-rates/,2026-08-14T07:51:02.732367Z,none
2026-06-22,etb_fx,africa,ETH,ETB,ETB per US dollar,158.9903,LCU_per_USD,daily,NBE_DAILY_FX,Indicative Daily Exchange Rates,https://api.nbe.gov.et/api/filter-exchange-rates,https://nbe.gov.et/exchange/indicatives-rates/,2026-08-14T07:51:04.792690Z,none
2026-06-23,etb_fx,africa,ETH,ETB,ETB per US dollar,158.9767,LCU_per_USD,daily,NBE_DAILY_FX,Indicative Daily Exchange Rates,https://api.nbe.gov.et/api/filter-exchange-rates,https://nbe.gov.et/exchange/indicatives-rates/,2026-08-14T07:51:06.188330Z,none
2026-06-24,etb_fx,africa,ETH,ETB,ETB per US dollar,158.3149,LCU_per_USD,daily,NBE_DAILY_FX,Indicative Daily Exchange Rates,https://api.nbe.gov.et/api/filter-exchange-rates,https://nbe.gov.et/exchange/indicatives-rates/,2026-08-14T07:51:07.564469Z,none
2026-06-25,etb_fx,africa,ETH,ETB,ETB per US dollar,159.4243,LCU_per_USD,daily,NBE_DAILY_FX,Indicative Daily Exchange Rates,https://api.nbe.gov.et/api/filter-exchange-rates,https://nbe.gov.et/exchange/indicatives-rates/,2026-08-14T07:51:08.879528Z,none
2026-06-26,etb_fx,africa,ETH,ETB,ETB per US dollar,158.1832,LCU_per_USD,daily,NBE_DAILY_FX,Indicative Daily Exchange Rates,https://api.nbe.gov.et/api/filter-exchange-rates,https://nbe.gov.et/exchange/indicatives-rates/,2026-08-14T07:51:11.068372Z,none
2026-06-29,etb_fx,africa,ETH,ETB,ETB per US dollar,158.8989,LCU_per_USD,daily,NBE_DAILY_FX,Indicative Daily Exchange Rates,https://api.nbe.gov.et/api/filter-exchange-rates,https://nbe.gov.et/exchange/indicatives-rates/,2026-08-14T07:51:12.415803Z,none
2026-06-30,etb_fx,africa,ETH,ETB,ETB per US dollar,158.0481,LCU_per_USD,daily,NBE_DAILY_FX,Indicative Daily Exchange Rates,https://api.nbe.gov.et/api/filter-exchange-rates,https://nbe.gov.et/exchange/indicatives-rates/,2026-08-31T23:22:43.265784Z,none
2026-07-01,etb_fx,africa,ETH,ETB,ETB per US dollar,158.9506,LCU_per_USD,daily,NBE_DAILY_FX,Indicative Daily Exchange Rates,https://api.nbe.gov.et/api/filter-exchange-rates,https://nbe.gov.et/exchange/indicatives-rates/,2026-08-14T07:51:15.045133Z,none
2026-07-02,etb_fx,africa,ETH,ETB,ETB per US dollar,157.977,LCU_per_USD,daily,NBE_DAILY_FX,Indicative Daily Exchange Rates,https://api.nbe.gov.et/api/filter-exchange-rates,https://nbe.gov.et/exchange/indicatives-rates/,2026-08-14T07:51:16.336184Z,none
2026-07-03,etb_fx,africa,ETH,ETB,ETB per US dollar,158.9944,LCU_per_USD,daily,NBE_DAILY_FX,Indicative Daily Exchange Rates,https://api.nbe.gov.et/api/filter-exchange-rates,https://nbe.gov.et/exchange/indicatives-rates/,2026-08-14T07:51:17.687625Z,none
2026-07-06,etb_fx,africa,ETH,ETB,ETB per US dollar,158.793,LCU_per_USD,daily,NBE_DAILY_FX,Indicative Daily Exchange Rates,https://api.nbe.gov.et/api/filter-exchange-rates,https://nbe.gov.et/exchange/indicatives-rates/,2026-08-14T07:51:19.422367Z,none
2026-07-07,etb_fx,africa,ETH,ETB,ETB per US dollar,158.8626,LCU_per_USD,daily,NBE_DAILY_FX,Indicative Daily Exchange Rates,https://api.nbe.gov.et/api/filter-exchange-rates,https://nbe.gov.et/exchange/indicatives-rates/,2026-08-14T07:51:20.696468Z,none
2026-07-08,etb_fx,africa,ETH,ETB,ETB per US dollar,158.8339,LCU_per_USD,daily,NBE_DAILY_FX,Indicative Daily Exchange Rates,https://api.nbe.gov.et/api/filter-exchange-rates,https://nbe.gov.et/exchange/indicatives-rates/,2026-08-14T07:51:22.110039Z,none
2026-07-09,etb_fx,africa,ETH,ETB,ETB per US dollar,158.9888,LCU_per_USD,daily,NBE_DAILY_FX,Indicative Daily Exchange Rates,https://api.nbe.gov.et/api/filter-exchange-rates,https://nbe.gov.et/exchange/indicatives-rates/,2026-08-14T07:51:23.417635Z,none
2026-07-10,etb_fx,africa,ETH,ETB,ETB per US dollar,158.8473,LCU_per_USD,daily,NBE_DAILY_FX,Indicative Daily Exchange Rates,https://api.nbe.gov.et/api/filter-exchange-rates,https://nbe.gov.et/exchange/indicatives-rates/,2026-08-14T07:51:24.789659Z,none
2026-07-13,etb_fx,africa,ETH,ETB,ETB per US dollar,158.9994,LCU_per_USD,daily,NBE_DAILY_FX,Indicative Daily Exchange Rates,https://api.nbe.gov.et/api/filter-exchange-rates,https://nbe.gov.et/exchange/indicatives-rates/,2026-08-14T07:51:26.105030Z,none
2026-07-14,etb_fx,africa,ETH,ETB,ETB per US dollar,158.7409,LCU_per_USD,daily,NBE_DAILY_FX,Indicative Daily Exchange Rates,https://api.nbe.gov.et/api/filter-exchange-rates,https://nbe.gov.et/exchange/indicatives-rates/,2026-08-14T07:51:27.814048Z,none
2026-07-15,etb_fx,africa,ETH,ETB,ETB per US dollar,159.9945,LCU_per_USD,daily,NBE_DAILY_FX,Indicative Daily Exchange Rates,https://api.nbe.gov.et/api/filter-exchange-rates,https://nbe.gov.et/exchange/indicatives-rates/,2026-08-14T07:51:29.207181Z,none
2026-07-16,etb_fx,africa,ETH,ETB,ETB per US dollar,159.319,LCU_per_USD,daily,NBE_DAILY_FX,Indicative Daily Exchange Rates,https://api.nbe.gov.et/api/filter-exchange-rates,https://nbe.gov.et/exchange/indicatives-rates/,2026-08-14T07:51:30.617602Z,none
2026-07-17,etb_fx,africa,ETH,ETB,ETB per US dollar,159.9998,LCU_per_USD,daily,NBE_DAILY_FX,Indicative Daily Exchange Rates,https://api.nbe.gov.et/api/filter-exchange-rates,https://nbe.gov.et/exchange/indicatives-rates/,2026-08-14T07:51:31.981774Z,none
2026-07-20,etb_fx,africa,ETH,ETB,ETB per US dollar,159.5976,LCU_per_USD,daily,NBE_DAILY_FX,Indicative Daily Exchange Rates,https://api.nbe.gov.et/api/filter-exchange-rates,https://nbe.gov.et/exchange/indicatives-rates/,2026-08-14T07:51:33.498530Z,none
2026-07-21,etb_fx,africa,ETH,ETB,ETB per US dollar,159.9999,LCU_per_USD,daily,NBE_DAILY_FX,Indicative Daily Exchange Rates,https://api.nbe.gov.et/api/filter-exchange-rates,https://nbe.gov.et/exchange/indicatives-rates/,2026-08-14T07:51:34.827394Z,none
2026-07-22,etb_fx,africa,ETH,ETB,ETB per US dollar,159.7943,LCU_per_USD,daily,NBE_DAILY_FX,Indicative Daily Exchange Rates,https://api.nbe.gov.et/api/filter-exchange-rates,https://nbe.gov.et/exchange/indicatives-rates/,2026-08-14T07:51:36.281354Z,none
2026-07-23,etb_fx,africa,ETH,ETB,ETB per US dollar,159.7909,LCU_per_USD,daily,NBE_DAILY_FX,Indicative Daily Exchange Rates,https://api.nbe.gov.et/api/filter-exchange-rates,https://nbe.gov.et/exchange/indicatives-rates/,2026-08-14T07:51:37.631475Z,none
2026-07-24,etb_fx,africa,ETH,ETB,ETB per US dollar,159.8194,LCU_per_USD,daily,NBE_DAILY_FX,Indicative Daily Exchange Rates,https://api.nbe.gov.et/api/filter-exchange-rates,https://nbe.gov.et/exchange/indicatives-rates/,2026-08-14T07:51:38.965841Z,none
2026-07-27,etb_fx,africa,ETH,ETB,ETB per US dollar,159.9995,LCU_per_USD,daily,NBE_DAILY_FX,Indicative Daily Exchange Rates,https://api.nbe.gov.et/api/filter-exchange-rates,https://nbe.gov.et/exchange/indicatives-rates/,2026-08-14T07:51:40.880168Z,none
2026-07-28,etb_fx,africa,ETH,ETB,ETB per US dollar,159.979,LCU_per_USD,daily,NBE_DAILY_FX,Indicative Daily Exchange Rates,https://api.nbe.gov.et/api/filter-exchange-rates,https://nbe.gov.et/exchange/indicatives-rates/,2026-08-14T07:51:42.730843Z,none
2026-07-29,etb_fx,africa,ETH,ETB,ETB per US dollar,159.9897,LCU_per_USD,daily,NBE_DAILY_FX,Indicative Daily Exchange Rates,https://api.nbe.gov.et/api/filter-exchange-rates,https://nbe.gov.et/exchange/indicatives-rates/,2026-08-14T07:51:44.116554Z,none
2026-07-30,etb_fx,africa,ETH,ETB,ETB per US dollar,159.8775,LCU_per_USD,daily,NBE_DAILY_FX,Indicative Daily Exchange Rates,https://api.nbe.gov.et/api/filter-exchange-rates,https://nbe.gov.et/exchange/indicatives-rates/,2026-08-14T07:51:45.444658Z,none
2026-07-31,etb_fx,africa,ETH,ETB,ETB per US dollar,159.9786,LCU_per_USD,daily,NBE_DAILY_FX,Indicative Daily Exchange Rates,https://api.nbe.gov.et/api/filter-exchange-rates,https://nbe.gov.et/exchange/indicatives-rates/,2026-08-31T23:22:44.052968Z,none
2026-08-03,etb_fx,africa,ETH,ETB,ETB per US dollar,159.8446,LCU_per_USD,daily,NBE_DAILY_FX,Indicative Daily Exchange Rates,https://api.nbe.gov.et/api/filter-exchange-rates,https://nbe.gov.et/exchange/indicatives-rates/,2026-08-14T07:51:48.149885Z,none
2026-08-04,etb_fx,africa,ETH,ETB,ETB per US dollar,159.9727,LCU_per_USD,daily,NBE_DAILY_FX,Indicative Daily Exchange Rates,https://api.nbe.gov.et/api/filter-exchange-rates,https://nbe.gov.et/exchange/indicatives-rates/,2026-08-14T07:51:49.465240Z,none
2026-08-05,etb_fx,africa,ETH,ETB,ETB per US dollar,159.967,LCU_per_USD,daily,NBE_DAILY_FX,Indicative Daily Exchange Rates,https://api.nbe.gov.et/api/filter-exchange-rates,https://nbe.gov.et/exchange/indicatives-rates/,2026-08-14T07:51:50.828655Z,none
2026-08-06,etb_fx,africa,ETH,ETB,ETB per US dollar,159.9705,LCU_per_USD,daily,NBE_DAILY_FX,Indicative Daily Exchange Rates,https://api.nbe.gov.et/api/filter-exchange-rates,https://nbe.gov.et/exchange/indicatives-rates/,2026-08-14T07:51:52.175313Z,none
2026-08-07,etb_fx,africa,ETH,ETB,ETB per US dollar,159.9833,LCU_per_USD,daily,NBE_DAILY_FX,Indicative Daily Exchange Rates,https://api.nbe.gov.et/api/filter-exchange-rates,https://nbe.gov.et/exchange/indicatives-rates/,2026-08-14T07:51:53.624726Z,none
2026-08-10,etb_fx,africa,ETH,ETB,ETB per US dollar,159.9826,LCU_per_USD,daily,NBE_DAILY_FX,Indicative Daily Exchange Rates,https://api.nbe.gov.et/api/filter-exchange-rates,https://nbe.gov.et/exchange/indicatives-rates/,2026-08-14T07:51:56.574138Z,none
2026-08-11,etb_fx,africa,ETH,ETB,ETB per US dollar,159.984,LCU_per_USD,daily,NBE_DAILY_FX,Indicative Daily Exchange Rates,https://api.nbe.gov.et/api/filter-exchange-rates,https://nbe.gov.et/exchange/indicatives-rates/,2026-08-14T07:51:57.896231Z,none
2026-08-12,etb_fx,africa,ETH,ETB,ETB per US dollar,159.9825,LCU_per_USD,daily,NBE_DAILY_FX,Indicative Daily Exchange Rates,https://api.nbe.gov.et/api/filter-exchange-rates,https://nbe.gov.et/exchange/indicatives-rates/,2026-08-14T07:51:59.212885Z,none
2026-08-13,etb_fx,africa,ETH,ETB,ETB per US dollar,159.9998,LCU_per_USD,daily,NBE_DAILY_FX,Indicative Daily Exchange Rates,https://api.nbe.gov.et/api/filter-exchange-rates,https://nbe.gov.et/exchange/indicatives-rates/,2026-08-14T07:52:00.565438Z,none
2026-08-14,etb_fx,africa,ETH,ETB,ETB per US dollar,161.7226,LCU_per_USD,daily,NBE_DAILY_FX,Indicative Daily Exchange Rates,https://api.nbe.gov.et/api/filter-exchange-rates,https://nbe.gov.et/exchange/indicatives-rates/,2026-08-14T07:52:01.921329Z,none
2026-08-17,etb_fx,africa,ETH,ETB,ETB per US dollar,161.1532,LCU_per_USD,daily,NBE_DAILY_FX,Indicative Daily Exchange Rates,https://api.nbe.gov.et/api/filter-exchange-rates,https://nbe.gov.et/exchange/indicatives-rates/,2026-08-18T01:19:43.366185Z,none
2026-08-18,etb_fx,africa,ETH,ETB,ETB per US dollar,160.2286,LCU_per_USD,daily,NBE_DAILY_FX,Indicative Daily Exchange Rates,https://api.nbe.gov.et/api/filter-exchange-rates,https://nbe.gov.et/exchange/indicatives-rates/,2026-08-19T00:22:32.459190Z,none
2026-08-19,etb_fx,africa,ETH,ETB,ETB per US dollar,161.0118,LCU_per_USD,daily,NBE_DAILY_FX,Indicative Daily Exchange Rates,https://api.nbe.gov.et/api/filter-exchange-rates,https://nbe.gov.et/exchange/indicatives-rates/,2026-08-20T01:32:03.097861Z,none
2026-08-20,etb_fx,africa,ETH,ETB,ETB per US dollar,160.2143,LCU_per_USD,daily,NBE_DAILY_FX,Indicative Daily Exchange Rates,https://api.nbe.gov.et/api/filter-exchange-rates,https://nbe.gov.et/exchange/indicatives-rates/,2026-08-21T11:58:14.769224Z,none
2026-08-21,etb_fx,africa,ETH,ETB,ETB per US dollar,160.9033,LCU_per_USD,daily,NBE_DAILY_FX,Indicative Daily Exchange Rates,https://api.nbe.gov.et/api/filter-exchange-rates,https://nbe.gov.et/exchange/indicatives-rates/,2026-08-21T11:58:16.110465Z,none
2026-08-24,etb_fx,africa,ETH,ETB,ETB per US dollar,160.4441,LCU_per_USD,daily,NBE_DAILY_FX,Indicative Daily Exchange Rates,https://api.nbe.gov.et/api/filter-exchange-rates,https://nbe.gov.et/exchange/indicatives-rates/,2026-08-26T00:27:35.671652Z,none
2026-08-26,etb_fx,africa,ETH,ETB,ETB per US dollar,160.2071,LCU_per_USD,daily,NBE_DAILY_FX,Indicative Daily Exchange Rates,https://api.nbe.gov.et/api/filter-exchange-rates,https://nbe.gov.et/exchange/indicatives-rates/,2026-08-26T00:27:38.292642Z,none
2026-08-27,etb_fx,africa,ETH,ETB,ETB per US dollar,160.4219,LCU_per_USD,daily,NBE_DAILY_FX,Indicative Daily Exchange Rates,https://api.nbe.gov.et/api/filter-exchange-rates,https://nbe.gov.et/exchange/indicatives-rates/,2026-08-31T02:51:20.024812Z,none
2026-08-28,etb_fx,africa,ETH,ETB,ETB per US dollar,160.2081,LCU_per_USD,daily,NBE_DAILY_FX,Indicative Daily Exchange Rates,https://api.nbe.gov.et/api/filter-exchange-rates,https://nbe.gov.et/exchange/indicatives-rates/,2026-08-31T02:51:21.232197Z,none
2026-08-31,etb_fx,africa,ETH,ETB,ETB per US dollar,160.7084,LCU_per_USD,daily,NBE_DAILY_FX,Indicative Daily Exchange Rates,https://api.nbe.gov.et/api/filter-exchange-rates,https://nbe.gov.et/exchange/indicatives-rates/,2026-08-31T23:22:44.917762Z,none
