observation_date,country_iso3,country_name,currency_iso3,currency_name,rate_lcu_per_usd,quote_currency,quote_convention,market_segment,rate_definition,observation_status,source_id,source_name,source_url,source_documentation_url,source_retrieved_at
2024-09-25,ETH,Ethiopia,ETB,Ethiopian birr,120.3023,USD,LCU_per_USD,nbe_indicative_weighted_average,Indicative weighted-average reference rate based on prior-day bank transactions.,reported_public_series,NBE_DAILY_FX,Indicative Daily Exchange Rates,https://api.nbe.gov.et/api/filter-exchange-rates,https://nbe.gov.et/exchange/indicatives-rates/,2026-08-14T07:36:47.282161Z
2024-09-26,ETH,Ethiopia,ETB,Ethiopian birr,119.1519,USD,LCU_per_USD,nbe_indicative_weighted_average,Indicative weighted-average reference rate based on prior-day bank transactions.,reported_public_series,NBE_DAILY_FX,Indicative Daily Exchange Rates,https://api.nbe.gov.et/api/filter-exchange-rates,https://nbe.gov.et/exchange/indicatives-rates/,2026-08-14T07:36:50.695436Z
2024-09-30,ETH,Ethiopia,ETB,Ethiopian birr,120.3395,USD,LCU_per_USD,nbe_indicative_weighted_average,Indicative weighted-average reference rate based on prior-day bank transactions.,reported_public_series,NBE_DAILY_FX,Indicative Daily Exchange Rates,https://api.nbe.gov.et/api/filter-exchange-rates,https://nbe.gov.et/exchange/indicatives-rates/,2026-08-14T07:36:59.151312Z
2024-10-01,ETH,Ethiopia,ETB,Ethiopian birr,120.9111,USD,LCU_per_USD,nbe_indicative_weighted_average,Indicative weighted-average reference rate based on prior-day bank transactions.,reported_public_series,NBE_DAILY_FX,Indicative Daily Exchange Rates,https://api.nbe.gov.et/api/filter-exchange-rates,https://nbe.gov.et/exchange/indicatives-rates/,2026-08-14T07:37:01.769211Z
2024-10-02,ETH,Ethiopia,ETB,Ethiopian birr,120.8244,USD,LCU_per_USD,nbe_indicative_weighted_average,Indicative weighted-average reference rate based on prior-day bank transactions.,reported_public_series,NBE_DAILY_FX,Indicative Daily Exchange Rates,https://api.nbe.gov.et/api/filter-exchange-rates,https://nbe.gov.et/exchange/indicatives-rates/,2026-08-14T07:37:05.749898Z
2024-10-03,ETH,Ethiopia,ETB,Ethiopian birr,120.8063,USD,LCU_per_USD,nbe_indicative_weighted_average,Indicative weighted-average reference rate based on prior-day bank transactions.,reported_public_series,NBE_DAILY_FX,Indicative Daily Exchange Rates,https://api.nbe.gov.et/api/filter-exchange-rates,https://nbe.gov.et/exchange/indicatives-rates/,2026-08-14T07:37:09.522062Z
2024-10-04,ETH,Ethiopia,ETB,Ethiopian birr,120.4505,USD,LCU_per_USD,nbe_indicative_weighted_average,Indicative weighted-average reference rate based on prior-day bank transactions.,reported_public_series,NBE_DAILY_FX,Indicative Daily Exchange Rates,https://api.nbe.gov.et/api/filter-exchange-rates,https://nbe.gov.et/exchange/indicatives-rates/,2026-08-14T07:37:10.965626Z
2024-10-07,ETH,Ethiopia,ETB,Ethiopian birr,122.221,USD,LCU_per_USD,nbe_indicative_weighted_average,Indicative weighted-average reference rate based on prior-day bank transactions.,reported_public_series,NBE_DAILY_FX,Indicative Daily Exchange Rates,https://api.nbe.gov.et/api/filter-exchange-rates,https://nbe.gov.et/exchange/indicatives-rates/,2026-08-14T07:37:17.760965Z
2024-10-08,ETH,Ethiopia,ETB,Ethiopian birr,121.3502,USD,LCU_per_USD,nbe_indicative_weighted_average,Indicative weighted-average reference rate based on prior-day bank transactions.,reported_public_series,NBE_DAILY_FX,Indicative Daily Exchange Rates,https://api.nbe.gov.et/api/filter-exchange-rates,https://nbe.gov.et/exchange/indicatives-rates/,2026-08-14T07:37:20.903980Z
2024-10-09,ETH,Ethiopia,ETB,Ethiopian birr,121.845,USD,LCU_per_USD,nbe_indicative_weighted_average,Indicative weighted-average reference rate based on prior-day bank transactions.,reported_public_series,NBE_DAILY_FX,Indicative Daily Exchange Rates,https://api.nbe.gov.et/api/filter-exchange-rates,https://nbe.gov.et/exchange/indicatives-rates/,2026-08-14T07:37:22.612017Z
2024-10-10,ETH,Ethiopia,ETB,Ethiopian birr,121.1872,USD,LCU_per_USD,nbe_indicative_weighted_average,Indicative weighted-average reference rate based on prior-day bank transactions.,reported_public_series,NBE_DAILY_FX,Indicative Daily Exchange Rates,https://api.nbe.gov.et/api/filter-exchange-rates,https://nbe.gov.et/exchange/indicatives-rates/,2026-08-14T07:37:25.819433Z
2024-10-11,ETH,Ethiopia,ETB,Ethiopian birr,121.3928,USD,LCU_per_USD,nbe_indicative_weighted_average,Indicative weighted-average reference rate based on prior-day bank transactions.,reported_public_series,NBE_DAILY_FX,Indicative Daily Exchange Rates,https://api.nbe.gov.et/api/filter-exchange-rates,https://nbe.gov.et/exchange/indicatives-rates/,2026-08-14T07:37:27.133819Z
2024-10-14,ETH,Ethiopia,ETB,Ethiopian birr,121.5428,USD,LCU_per_USD,nbe_indicative_weighted_average,Indicative weighted-average reference rate based on prior-day bank transactions.,reported_public_series,NBE_DAILY_FX,Indicative Daily Exchange Rates,https://api.nbe.gov.et/api/filter-exchange-rates,https://nbe.gov.et/exchange/indicatives-rates/,2026-08-14T07:37:30.070057Z
2024-10-15,ETH,Ethiopia,ETB,Ethiopian birr,119.6952,USD,LCU_per_USD,nbe_indicative_weighted_average,Indicative weighted-average reference rate based on prior-day bank transactions.,reported_public_series,NBE_DAILY_FX,Indicative Daily Exchange Rates,https://api.nbe.gov.et/api/filter-exchange-rates,https://nbe.gov.et/exchange/indicatives-rates/,2026-08-14T07:37:31.466607Z
2024-10-16,ETH,Ethiopia,ETB,Ethiopian birr,119.5952,USD,LCU_per_USD,nbe_indicative_weighted_average,Indicative weighted-average reference rate based on prior-day bank transactions.,reported_public_series,NBE_DAILY_FX,Indicative Daily Exchange Rates,https://api.nbe.gov.et/api/filter-exchange-rates,https://nbe.gov.et/exchange/indicatives-rates/,2026-08-14T07:37:33.055033Z
2024-10-17,ETH,Ethiopia,ETB,Ethiopian birr,118.6257,USD,LCU_per_USD,nbe_indicative_weighted_average,Indicative weighted-average reference rate based on prior-day bank transactions.,reported_public_series,NBE_DAILY_FX,Indicative Daily Exchange Rates,https://api.nbe.gov.et/api/filter-exchange-rates,https://nbe.gov.et/exchange/indicatives-rates/,2026-08-14T07:37:34.972030Z
2024-10-18,ETH,Ethiopia,ETB,Ethiopian birr,118.5046,USD,LCU_per_USD,nbe_indicative_weighted_average,Indicative weighted-average reference rate based on prior-day bank transactions.,reported_public_series,NBE_DAILY_FX,Indicative Daily Exchange Rates,https://api.nbe.gov.et/api/filter-exchange-rates,https://nbe.gov.et/exchange/indicatives-rates/,2026-08-14T07:37:37.061209Z
2024-10-21,ETH,Ethiopia,ETB,Ethiopian birr,118.6077,USD,LCU_per_USD,nbe_indicative_weighted_average,Indicative weighted-average reference rate based on prior-day bank transactions.,reported_public_series,NBE_DAILY_FX,Indicative Daily Exchange Rates,https://api.nbe.gov.et/api/filter-exchange-rates,https://nbe.gov.et/exchange/indicatives-rates/,2026-08-14T07:37:38.577634Z
2024-10-22,ETH,Ethiopia,ETB,Ethiopian birr,119.9892,USD,LCU_per_USD,nbe_indicative_weighted_average,Indicative weighted-average reference rate based on prior-day bank transactions.,reported_public_series,NBE_DAILY_FX,Indicative Daily Exchange Rates,https://api.nbe.gov.et/api/filter-exchange-rates,https://nbe.gov.et/exchange/indicatives-rates/,2026-08-14T07:37:39.910127Z
2024-10-23,ETH,Ethiopia,ETB,Ethiopian birr,117.5883,USD,LCU_per_USD,nbe_indicative_weighted_average,Indicative weighted-average reference rate based on prior-day bank transactions.,reported_public_series,NBE_DAILY_FX,Indicative Daily Exchange Rates,https://api.nbe.gov.et/api/filter-exchange-rates,https://nbe.gov.et/exchange/indicatives-rates/,2026-08-14T07:37:42.869379Z
2024-10-24,ETH,Ethiopia,ETB,Ethiopian birr,119.8971,USD,LCU_per_USD,nbe_indicative_weighted_average,Indicative weighted-average reference rate based on prior-day bank transactions.,reported_public_series,NBE_DAILY_FX,Indicative Daily Exchange Rates,https://api.nbe.gov.et/api/filter-exchange-rates,https://nbe.gov.et/exchange/indicatives-rates/,2026-08-14T07:37:45.851366Z
2024-10-25,ETH,Ethiopia,ETB,Ethiopian birr,120.223,USD,LCU_per_USD,nbe_indicative_weighted_average,Indicative weighted-average reference rate based on prior-day bank transactions.,reported_public_series,NBE_DAILY_FX,Indicative Daily Exchange Rates,https://api.nbe.gov.et/api/filter-exchange-rates,https://nbe.gov.et/exchange/indicatives-rates/,2026-08-14T07:37:50.446613Z
2024-10-28,ETH,Ethiopia,ETB,Ethiopian birr,120.5252,USD,LCU_per_USD,nbe_indicative_weighted_average,Indicative weighted-average reference rate based on prior-day bank transactions.,reported_public_series,NBE_DAILY_FX,Indicative Daily Exchange Rates,https://api.nbe.gov.et/api/filter-exchange-rates,https://nbe.gov.et/exchange/indicatives-rates/,2026-08-14T07:37:51.869285Z
2024-10-29,ETH,Ethiopia,ETB,Ethiopian birr,120.7748,USD,LCU_per_USD,nbe_indicative_weighted_average,Indicative weighted-average reference rate based on prior-day bank transactions.,reported_public_series,NBE_DAILY_FX,Indicative Daily Exchange Rates,https://api.nbe.gov.et/api/filter-exchange-rates,https://nbe.gov.et/exchange/indicatives-rates/,2026-08-14T07:37:53.271081Z
2024-10-30,ETH,Ethiopia,ETB,Ethiopian birr,120.7804,USD,LCU_per_USD,nbe_indicative_weighted_average,Indicative weighted-average reference rate based on prior-day bank transactions.,reported_public_series,NBE_DAILY_FX,Indicative Daily Exchange Rates,https://api.nbe.gov.et/api/filter-exchange-rates,https://nbe.gov.et/exchange/indicatives-rates/,2026-08-14T07:37:56.860266Z
2024-10-31,ETH,Ethiopia,ETB,Ethiopian birr,120.9896,USD,LCU_per_USD,nbe_indicative_weighted_average,Indicative weighted-average reference rate based on prior-day bank transactions.,reported_public_series,NBE_DAILY_FX,Indicative Daily Exchange Rates,https://api.nbe.gov.et/api/filter-exchange-rates,https://nbe.gov.et/exchange/indicatives-rates/,2026-08-14T07:38:00.649773Z
2024-11-01,ETH,Ethiopia,ETB,Ethiopian birr,121.0958,USD,LCU_per_USD,nbe_indicative_weighted_average,Indicative weighted-average reference rate based on prior-day bank transactions.,reported_public_series,NBE_DAILY_FX,Indicative Daily Exchange Rates,https://api.nbe.gov.et/api/filter-exchange-rates,https://nbe.gov.et/exchange/indicatives-rates/,2026-08-14T07:38:04.788952Z
2024-11-04,ETH,Ethiopia,ETB,Ethiopian birr,121.1315,USD,LCU_per_USD,nbe_indicative_weighted_average,Indicative weighted-average reference rate based on prior-day bank transactions.,reported_public_series,NBE_DAILY_FX,Indicative Daily Exchange Rates,https://api.nbe.gov.et/api/filter-exchange-rates,https://nbe.gov.et/exchange/indicatives-rates/,2026-08-14T07:38:06.413012Z
2024-11-05,ETH,Ethiopia,ETB,Ethiopian birr,120.9952,USD,LCU_per_USD,nbe_indicative_weighted_average,Indicative weighted-average reference rate based on prior-day bank transactions.,reported_public_series,NBE_DAILY_FX,Indicative Daily Exchange Rates,https://api.nbe.gov.et/api/filter-exchange-rates,https://nbe.gov.et/exchange/indicatives-rates/,2026-08-14T07:38:07.783098Z
2024-11-06,ETH,Ethiopia,ETB,Ethiopian birr,121.5858,USD,LCU_per_USD,nbe_indicative_weighted_average,Indicative weighted-average reference rate based on prior-day bank transactions.,reported_public_series,NBE_DAILY_FX,Indicative Daily Exchange Rates,https://api.nbe.gov.et/api/filter-exchange-rates,https://nbe.gov.et/exchange/indicatives-rates/,2026-08-14T07:38:09.375511Z
2024-11-07,ETH,Ethiopia,ETB,Ethiopian birr,121.847,USD,LCU_per_USD,nbe_indicative_weighted_average,Indicative weighted-average reference rate based on prior-day bank transactions.,reported_public_series,NBE_DAILY_FX,Indicative Daily Exchange Rates,https://api.nbe.gov.et/api/filter-exchange-rates,https://nbe.gov.et/exchange/indicatives-rates/,2026-08-14T07:38:10.715758Z
2024-11-08,ETH,Ethiopia,ETB,Ethiopian birr,121.4968,USD,LCU_per_USD,nbe_indicative_weighted_average,Indicative weighted-average reference rate based on prior-day bank transactions.,reported_public_series,NBE_DAILY_FX,Indicative Daily Exchange Rates,https://api.nbe.gov.et/api/filter-exchange-rates,https://nbe.gov.et/exchange/indicatives-rates/,2026-08-14T07:38:12.630368Z
2024-11-11,ETH,Ethiopia,ETB,Ethiopian birr,121.681,USD,LCU_per_USD,nbe_indicative_weighted_average,Indicative weighted-average reference rate based on prior-day bank transactions.,reported_public_series,NBE_DAILY_FX,Indicative Daily Exchange Rates,https://api.nbe.gov.et/api/filter-exchange-rates,https://nbe.gov.et/exchange/indicatives-rates/,2026-08-14T07:38:16.051484Z
2024-11-12,ETH,Ethiopia,ETB,Ethiopian birr,122.0011,USD,LCU_per_USD,nbe_indicative_weighted_average,Indicative weighted-average reference rate based on prior-day bank transactions.,reported_public_series,NBE_DAILY_FX,Indicative Daily Exchange Rates,https://api.nbe.gov.et/api/filter-exchange-rates,https://nbe.gov.et/exchange/indicatives-rates/,2026-08-14T07:38:19.293004Z
2024-11-13,ETH,Ethiopia,ETB,Ethiopian birr,122.0419,USD,LCU_per_USD,nbe_indicative_weighted_average,Indicative weighted-average reference rate based on prior-day bank transactions.,reported_public_series,NBE_DAILY_FX,Indicative Daily Exchange Rates,https://api.nbe.gov.et/api/filter-exchange-rates,https://nbe.gov.et/exchange/indicatives-rates/,2026-08-14T07:38:20.860319Z
2024-11-14,ETH,Ethiopia,ETB,Ethiopian birr,121.93,USD,LCU_per_USD,nbe_indicative_weighted_average,Indicative weighted-average reference rate based on prior-day bank transactions.,reported_public_series,NBE_DAILY_FX,Indicative Daily Exchange Rates,https://api.nbe.gov.et/api/filter-exchange-rates,https://nbe.gov.et/exchange/indicatives-rates/,2026-08-14T07:38:22.195741Z
2024-11-15,ETH,Ethiopia,ETB,Ethiopian birr,122.009,USD,LCU_per_USD,nbe_indicative_weighted_average,Indicative weighted-average reference rate based on prior-day bank transactions.,reported_public_series,NBE_DAILY_FX,Indicative Daily Exchange Rates,https://api.nbe.gov.et/api/filter-exchange-rates,https://nbe.gov.et/exchange/indicatives-rates/,2026-08-14T07:38:23.618566Z
2024-11-18,ETH,Ethiopia,ETB,Ethiopian birr,122.009,USD,LCU_per_USD,nbe_indicative_weighted_average,Indicative weighted-average reference rate based on prior-day bank transactions.,reported_public_series,NBE_DAILY_FX,Indicative Daily Exchange Rates,https://api.nbe.gov.et/api/filter-exchange-rates,https://nbe.gov.et/exchange/indicatives-rates/,2026-08-14T07:38:25.117368Z
2024-11-19,ETH,Ethiopia,ETB,Ethiopian birr,122.009,USD,LCU_per_USD,nbe_indicative_weighted_average,Indicative weighted-average reference rate based on prior-day bank transactions.,reported_public_series,NBE_DAILY_FX,Indicative Daily Exchange Rates,https://api.nbe.gov.et/api/filter-exchange-rates,https://nbe.gov.et/exchange/indicatives-rates/,2026-08-14T07:38:26.644864Z
2024-11-20,ETH,Ethiopia,ETB,Ethiopian birr,122.009,USD,LCU_per_USD,nbe_indicative_weighted_average,Indicative weighted-average reference rate based on prior-day bank transactions.,reported_public_series,NBE_DAILY_FX,Indicative Daily Exchange Rates,https://api.nbe.gov.et/api/filter-exchange-rates,https://nbe.gov.et/exchange/indicatives-rates/,2026-08-14T07:38:28.184193Z
2024-11-21,ETH,Ethiopia,ETB,Ethiopian birr,122.009,USD,LCU_per_USD,nbe_indicative_weighted_average,Indicative weighted-average reference rate based on prior-day bank transactions.,reported_public_series,NBE_DAILY_FX,Indicative Daily Exchange Rates,https://api.nbe.gov.et/api/filter-exchange-rates,https://nbe.gov.et/exchange/indicatives-rates/,2026-08-14T07:38:29.596002Z
2024-11-22,ETH,Ethiopia,ETB,Ethiopian birr,122.009,USD,LCU_per_USD,nbe_indicative_weighted_average,Indicative weighted-average reference rate based on prior-day bank transactions.,reported_public_series,NBE_DAILY_FX,Indicative Daily Exchange Rates,https://api.nbe.gov.et/api/filter-exchange-rates,https://nbe.gov.et/exchange/indicatives-rates/,2026-08-14T07:38:30.953902Z
2024-11-25,ETH,Ethiopia,ETB,Ethiopian birr,122.009,USD,LCU_per_USD,nbe_indicative_weighted_average,Indicative weighted-average reference rate based on prior-day bank transactions.,reported_public_series,NBE_DAILY_FX,Indicative Daily Exchange Rates,https://api.nbe.gov.et/api/filter-exchange-rates,https://nbe.gov.et/exchange/indicatives-rates/,2026-08-14T07:38:33.776384Z
2024-11-26,ETH,Ethiopia,ETB,Ethiopian birr,122.009,USD,LCU_per_USD,nbe_indicative_weighted_average,Indicative weighted-average reference rate based on prior-day bank transactions.,reported_public_series,NBE_DAILY_FX,Indicative Daily Exchange Rates,https://api.nbe.gov.et/api/filter-exchange-rates,https://nbe.gov.et/exchange/indicatives-rates/,2026-08-14T07:38:35.973919Z
2024-11-27,ETH,Ethiopia,ETB,Ethiopian birr,122.009,USD,LCU_per_USD,nbe_indicative_weighted_average,Indicative weighted-average reference rate based on prior-day bank transactions.,reported_public_series,NBE_DAILY_FX,Indicative Daily Exchange Rates,https://api.nbe.gov.et/api/filter-exchange-rates,https://nbe.gov.et/exchange/indicatives-rates/,2026-08-14T07:38:37.613895Z
2024-11-28,ETH,Ethiopia,ETB,Ethiopian birr,122.009,USD,LCU_per_USD,nbe_indicative_weighted_average,Indicative weighted-average reference rate based on prior-day bank transactions.,reported_public_series,NBE_DAILY_FX,Indicative Daily Exchange Rates,https://api.nbe.gov.et/api/filter-exchange-rates,https://nbe.gov.et/exchange/indicatives-rates/,2026-08-14T07:38:39.628944Z
2024-11-29,ETH,Ethiopia,ETB,Ethiopian birr,122.009,USD,LCU_per_USD,nbe_indicative_weighted_average,Indicative weighted-average reference rate based on prior-day bank transactions.,reported_public_series,NBE_DAILY_FX,Indicative Daily Exchange Rates,https://api.nbe.gov.et/api/filter-exchange-rates,https://nbe.gov.et/exchange/indicatives-rates/,2026-08-14T07:38:41.120046Z
2024-12-02,ETH,Ethiopia,ETB,Ethiopian birr,122.009,USD,LCU_per_USD,nbe_indicative_weighted_average,Indicative weighted-average reference rate based on prior-day bank transactions.,reported_public_series,NBE_DAILY_FX,Indicative Daily Exchange Rates,https://api.nbe.gov.et/api/filter-exchange-rates,https://nbe.gov.et/exchange/indicatives-rates/,2026-08-14T07:38:43.574897Z
2024-12-03,ETH,Ethiopia,ETB,Ethiopian birr,122.009,USD,LCU_per_USD,nbe_indicative_weighted_average,Indicative weighted-average reference rate based on prior-day bank transactions.,reported_public_series,NBE_DAILY_FX,Indicative Daily Exchange Rates,https://api.nbe.gov.et/api/filter-exchange-rates,https://nbe.gov.et/exchange/indicatives-rates/,2026-08-14T07:38:45.517766Z
2024-12-04,ETH,Ethiopia,ETB,Ethiopian birr,122.009,USD,LCU_per_USD,nbe_indicative_weighted_average,Indicative weighted-average reference rate based on prior-day bank transactions.,reported_public_series,NBE_DAILY_FX,Indicative Daily Exchange Rates,https://api.nbe.gov.et/api/filter-exchange-rates,https://nbe.gov.et/exchange/indicatives-rates/,2026-08-14T07:38:46.967490Z
2024-12-05,ETH,Ethiopia,ETB,Ethiopian birr,122.009,USD,LCU_per_USD,nbe_indicative_weighted_average,Indicative weighted-average reference rate based on prior-day bank transactions.,reported_public_series,NBE_DAILY_FX,Indicative Daily Exchange Rates,https://api.nbe.gov.et/api/filter-exchange-rates,https://nbe.gov.et/exchange/indicatives-rates/,2026-08-14T07:38:49.399716Z
2024-12-06,ETH,Ethiopia,ETB,Ethiopian birr,122.009,USD,LCU_per_USD,nbe_indicative_weighted_average,Indicative weighted-average reference rate based on prior-day bank transactions.,reported_public_series,NBE_DAILY_FX,Indicative Daily Exchange Rates,https://api.nbe.gov.et/api/filter-exchange-rates,https://nbe.gov.et/exchange/indicatives-rates/,2026-08-14T07:38:50.842761Z
2024-12-09,ETH,Ethiopia,ETB,Ethiopian birr,122.009,USD,LCU_per_USD,nbe_indicative_weighted_average,Indicative weighted-average reference rate based on prior-day bank transactions.,reported_public_series,NBE_DAILY_FX,Indicative Daily Exchange Rates,https://api.nbe.gov.et/api/filter-exchange-rates,https://nbe.gov.et/exchange/indicatives-rates/,2026-08-14T07:38:52.185614Z
2024-12-10,ETH,Ethiopia,ETB,Ethiopian birr,122.009,USD,LCU_per_USD,nbe_indicative_weighted_average,Indicative weighted-average reference rate based on prior-day bank transactions.,reported_public_series,NBE_DAILY_FX,Indicative Daily Exchange Rates,https://api.nbe.gov.et/api/filter-exchange-rates,https://nbe.gov.et/exchange/indicatives-rates/,2026-08-14T07:38:53.625384Z
2024-12-11,ETH,Ethiopia,ETB,Ethiopian birr,122.009,USD,LCU_per_USD,nbe_indicative_weighted_average,Indicative weighted-average reference rate based on prior-day bank transactions.,reported_public_series,NBE_DAILY_FX,Indicative Daily Exchange Rates,https://api.nbe.gov.et/api/filter-exchange-rates,https://nbe.gov.et/exchange/indicatives-rates/,2026-08-14T07:38:54.976479Z
2024-12-12,ETH,Ethiopia,ETB,Ethiopian birr,122.009,USD,LCU_per_USD,nbe_indicative_weighted_average,Indicative weighted-average reference rate based on prior-day bank transactions.,reported_public_series,NBE_DAILY_FX,Indicative Daily Exchange Rates,https://api.nbe.gov.et/api/filter-exchange-rates,https://nbe.gov.et/exchange/indicatives-rates/,2026-08-14T07:38:56.443323Z
2024-12-13,ETH,Ethiopia,ETB,Ethiopian birr,122.009,USD,LCU_per_USD,nbe_indicative_weighted_average,Indicative weighted-average reference rate based on prior-day bank transactions.,reported_public_series,NBE_DAILY_FX,Indicative Daily Exchange Rates,https://api.nbe.gov.et/api/filter-exchange-rates,https://nbe.gov.et/exchange/indicatives-rates/,2026-08-14T07:38:57.849210Z
2024-12-16,ETH,Ethiopia,ETB,Ethiopian birr,122.009,USD,LCU_per_USD,nbe_indicative_weighted_average,Indicative weighted-average reference rate based on prior-day bank transactions.,reported_public_series,NBE_DAILY_FX,Indicative Daily Exchange Rates,https://api.nbe.gov.et/api/filter-exchange-rates,https://nbe.gov.et/exchange/indicatives-rates/,2026-08-14T07:38:59.411560Z
2024-12-17,ETH,Ethiopia,ETB,Ethiopian birr,125.9073,USD,LCU_per_USD,nbe_indicative_weighted_average,Indicative weighted-average reference rate based on prior-day bank transactions.,reported_public_series,NBE_DAILY_FX,Indicative Daily Exchange Rates,https://api.nbe.gov.et/api/filter-exchange-rates,https://nbe.gov.et/exchange/indicatives-rates/,2026-08-14T07:39:00.827467Z
2024-12-18,ETH,Ethiopia,ETB,Ethiopian birr,125.439,USD,LCU_per_USD,nbe_indicative_weighted_average,Indicative weighted-average reference rate based on prior-day bank transactions.,reported_public_series,NBE_DAILY_FX,Indicative Daily Exchange Rates,https://api.nbe.gov.et/api/filter-exchange-rates,https://nbe.gov.et/exchange/indicatives-rates/,2026-08-14T07:39:02.326484Z
2024-12-19,ETH,Ethiopia,ETB,Ethiopian birr,125.5527,USD,LCU_per_USD,nbe_indicative_weighted_average,Indicative weighted-average reference rate based on prior-day bank transactions.,reported_public_series,NBE_DAILY_FX,Indicative Daily Exchange Rates,https://api.nbe.gov.et/api/filter-exchange-rates,https://nbe.gov.et/exchange/indicatives-rates/,2026-08-14T07:39:03.757152Z
2024-12-20,ETH,Ethiopia,ETB,Ethiopian birr,125.3637,USD,LCU_per_USD,nbe_indicative_weighted_average,Indicative weighted-average reference rate based on prior-day bank transactions.,reported_public_series,NBE_DAILY_FX,Indicative Daily Exchange Rates,https://api.nbe.gov.et/api/filter-exchange-rates,https://nbe.gov.et/exchange/indicatives-rates/,2026-08-14T07:39:05.692069Z
2024-12-23,ETH,Ethiopia,ETB,Ethiopian birr,125.6692,USD,LCU_per_USD,nbe_indicative_weighted_average,Indicative weighted-average reference rate based on prior-day bank transactions.,reported_public_series,NBE_DAILY_FX,Indicative Daily Exchange Rates,https://api.nbe.gov.et/api/filter-exchange-rates,https://nbe.gov.et/exchange/indicatives-rates/,2026-08-14T07:39:07.550206Z
2024-12-24,ETH,Ethiopia,ETB,Ethiopian birr,125.8473,USD,LCU_per_USD,nbe_indicative_weighted_average,Indicative weighted-average reference rate based on prior-day bank transactions.,reported_public_series,NBE_DAILY_FX,Indicative Daily Exchange Rates,https://api.nbe.gov.et/api/filter-exchange-rates,https://nbe.gov.et/exchange/indicatives-rates/,2026-08-14T07:39:09.795774Z
2024-12-25,ETH,Ethiopia,ETB,Ethiopian birr,125.9882,USD,LCU_per_USD,nbe_indicative_weighted_average,Indicative weighted-average reference rate based on prior-day bank transactions.,reported_public_series,NBE_DAILY_FX,Indicative Daily Exchange Rates,https://api.nbe.gov.et/api/filter-exchange-rates,https://nbe.gov.et/exchange/indicatives-rates/,2026-08-14T07:39:11.325382Z
2024-12-26,ETH,Ethiopia,ETB,Ethiopian birr,126.0669,USD,LCU_per_USD,nbe_indicative_weighted_average,Indicative weighted-average reference rate based on prior-day bank transactions.,reported_public_series,NBE_DAILY_FX,Indicative Daily Exchange Rates,https://api.nbe.gov.et/api/filter-exchange-rates,https://nbe.gov.et/exchange/indicatives-rates/,2026-08-14T07:39:12.800141Z
2024-12-27,ETH,Ethiopia,ETB,Ethiopian birr,125.7401,USD,LCU_per_USD,nbe_indicative_weighted_average,Indicative weighted-average reference rate based on prior-day bank transactions.,reported_public_series,NBE_DAILY_FX,Indicative Daily Exchange Rates,https://api.nbe.gov.et/api/filter-exchange-rates,https://nbe.gov.et/exchange/indicatives-rates/,2026-08-14T07:39:14.162190Z
2024-12-30,ETH,Ethiopia,ETB,Ethiopian birr,125.7989,USD,LCU_per_USD,nbe_indicative_weighted_average,Indicative weighted-average reference rate based on prior-day bank transactions.,reported_public_series,NBE_DAILY_FX,Indicative Daily Exchange Rates,https://api.nbe.gov.et/api/filter-exchange-rates,https://nbe.gov.et/exchange/indicatives-rates/,2026-08-14T07:39:15.509289Z
2024-12-31,ETH,Ethiopia,ETB,Ethiopian birr,125.8553,USD,LCU_per_USD,nbe_indicative_weighted_average,Indicative weighted-average reference rate based on prior-day bank transactions.,reported_public_series,NBE_DAILY_FX,Indicative Daily Exchange Rates,https://api.nbe.gov.et/api/filter-exchange-rates,https://nbe.gov.et/exchange/indicatives-rates/,2026-08-14T07:39:17.983885Z
2025-01-01,ETH,Ethiopia,ETB,Ethiopian birr,125.9288,USD,LCU_per_USD,nbe_indicative_weighted_average,Indicative weighted-average reference rate based on prior-day bank transactions.,reported_public_series,NBE_DAILY_FX,Indicative Daily Exchange Rates,https://api.nbe.gov.et/api/filter-exchange-rates,https://nbe.gov.et/exchange/indicatives-rates/,2026-08-14T07:39:19.362113Z
2025-01-02,ETH,Ethiopia,ETB,Ethiopian birr,126.1184,USD,LCU_per_USD,nbe_indicative_weighted_average,Indicative weighted-average reference rate based on prior-day bank transactions.,reported_public_series,NBE_DAILY_FX,Indicative Daily Exchange Rates,https://api.nbe.gov.et/api/filter-exchange-rates,https://nbe.gov.et/exchange/indicatives-rates/,2026-08-14T07:39:20.787295Z
2025-01-03,ETH,Ethiopia,ETB,Ethiopian birr,126.4007,USD,LCU_per_USD,nbe_indicative_weighted_average,Indicative weighted-average reference rate based on prior-day bank transactions.,reported_public_series,NBE_DAILY_FX,Indicative Daily Exchange Rates,https://api.nbe.gov.et/api/filter-exchange-rates,https://nbe.gov.et/exchange/indicatives-rates/,2026-08-14T07:39:22.176865Z
2025-01-06,ETH,Ethiopia,ETB,Ethiopian birr,126.0684,USD,LCU_per_USD,nbe_indicative_weighted_average,Indicative weighted-average reference rate based on prior-day bank transactions.,reported_public_series,NBE_DAILY_FX,Indicative Daily Exchange Rates,https://api.nbe.gov.et/api/filter-exchange-rates,https://nbe.gov.et/exchange/indicatives-rates/,2026-08-14T07:39:23.866408Z
2025-01-08,ETH,Ethiopia,ETB,Ethiopian birr,125.8032,USD,LCU_per_USD,nbe_indicative_weighted_average,Indicative weighted-average reference rate based on prior-day bank transactions.,reported_public_series,NBE_DAILY_FX,Indicative Daily Exchange Rates,https://api.nbe.gov.et/api/filter-exchange-rates,https://nbe.gov.et/exchange/indicatives-rates/,2026-08-14T07:39:27.026672Z
2025-01-09,ETH,Ethiopia,ETB,Ethiopian birr,126.2894,USD,LCU_per_USD,nbe_indicative_weighted_average,Indicative weighted-average reference rate based on prior-day bank transactions.,reported_public_series,NBE_DAILY_FX,Indicative Daily Exchange Rates,https://api.nbe.gov.et/api/filter-exchange-rates,https://nbe.gov.et/exchange/indicatives-rates/,2026-08-14T07:39:28.406104Z
2025-01-10,ETH,Ethiopia,ETB,Ethiopian birr,125.9885,USD,LCU_per_USD,nbe_indicative_weighted_average,Indicative weighted-average reference rate based on prior-day bank transactions.,reported_public_series,NBE_DAILY_FX,Indicative Daily Exchange Rates,https://api.nbe.gov.et/api/filter-exchange-rates,https://nbe.gov.et/exchange/indicatives-rates/,2026-08-14T07:39:30.158265Z
2025-01-13,ETH,Ethiopia,ETB,Ethiopian birr,126.2285,USD,LCU_per_USD,nbe_indicative_weighted_average,Indicative weighted-average reference rate based on prior-day bank transactions.,reported_public_series,NBE_DAILY_FX,Indicative Daily Exchange Rates,https://api.nbe.gov.et/api/filter-exchange-rates,https://nbe.gov.et/exchange/indicatives-rates/,2026-08-14T07:39:33.802004Z
2025-01-14,ETH,Ethiopia,ETB,Ethiopian birr,126.2953,USD,LCU_per_USD,nbe_indicative_weighted_average,Indicative weighted-average reference rate based on prior-day bank transactions.,reported_public_series,NBE_DAILY_FX,Indicative Daily Exchange Rates,https://api.nbe.gov.et/api/filter-exchange-rates,https://nbe.gov.et/exchange/indicatives-rates/,2026-08-14T07:39:35.910537Z
2025-01-15,ETH,Ethiopia,ETB,Ethiopian birr,126.026,USD,LCU_per_USD,nbe_indicative_weighted_average,Indicative weighted-average reference rate based on prior-day bank transactions.,reported_public_series,NBE_DAILY_FX,Indicative Daily Exchange Rates,https://api.nbe.gov.et/api/filter-exchange-rates,https://nbe.gov.et/exchange/indicatives-rates/,2026-08-14T07:39:38.692517Z
2025-01-16,ETH,Ethiopia,ETB,Ethiopian birr,126.1461,USD,LCU_per_USD,nbe_indicative_weighted_average,Indicative weighted-average reference rate based on prior-day bank transactions.,reported_public_series,NBE_DAILY_FX,Indicative Daily Exchange Rates,https://api.nbe.gov.et/api/filter-exchange-rates,https://nbe.gov.et/exchange/indicatives-rates/,2026-08-14T07:39:42.985785Z
2025-01-17,ETH,Ethiopia,ETB,Ethiopian birr,126.144,USD,LCU_per_USD,nbe_indicative_weighted_average,Indicative weighted-average reference rate based on prior-day bank transactions.,reported_public_series,NBE_DAILY_FX,Indicative Daily Exchange Rates,https://api.nbe.gov.et/api/filter-exchange-rates,https://nbe.gov.et/exchange/indicatives-rates/,2026-08-14T07:39:45.746010Z
2025-01-20,ETH,Ethiopia,ETB,Ethiopian birr,126.0105,USD,LCU_per_USD,nbe_indicative_weighted_average,Indicative weighted-average reference rate based on prior-day bank transactions.,reported_public_series,NBE_DAILY_FX,Indicative Daily Exchange Rates,https://api.nbe.gov.et/api/filter-exchange-rates,https://nbe.gov.et/exchange/indicatives-rates/,2026-08-14T07:39:47.812558Z
2025-01-21,ETH,Ethiopia,ETB,Ethiopian birr,126.0364,USD,LCU_per_USD,nbe_indicative_weighted_average,Indicative weighted-average reference rate based on prior-day bank transactions.,reported_public_series,NBE_DAILY_FX,Indicative Daily Exchange Rates,https://api.nbe.gov.et/api/filter-exchange-rates,https://nbe.gov.et/exchange/indicatives-rates/,2026-08-14T07:39:50.868176Z
2025-01-22,ETH,Ethiopia,ETB,Ethiopian birr,126.1389,USD,LCU_per_USD,nbe_indicative_weighted_average,Indicative weighted-average reference rate based on prior-day bank transactions.,reported_public_series,NBE_DAILY_FX,Indicative Daily Exchange Rates,https://api.nbe.gov.et/api/filter-exchange-rates,https://nbe.gov.et/exchange/indicatives-rates/,2026-08-14T07:39:52.956288Z
2025-01-23,ETH,Ethiopia,ETB,Ethiopian birr,126.5914,USD,LCU_per_USD,nbe_indicative_weighted_average,Indicative weighted-average reference rate based on prior-day bank transactions.,reported_public_series,NBE_DAILY_FX,Indicative Daily Exchange Rates,https://api.nbe.gov.et/api/filter-exchange-rates,https://nbe.gov.et/exchange/indicatives-rates/,2026-08-14T07:39:54.313443Z
2025-01-24,ETH,Ethiopia,ETB,Ethiopian birr,126.2267,USD,LCU_per_USD,nbe_indicative_weighted_average,Indicative weighted-average reference rate based on prior-day bank transactions.,reported_public_series,NBE_DAILY_FX,Indicative Daily Exchange Rates,https://api.nbe.gov.et/api/filter-exchange-rates,https://nbe.gov.et/exchange/indicatives-rates/,2026-08-14T07:39:56.855143Z
2025-01-27,ETH,Ethiopia,ETB,Ethiopian birr,126.1073,USD,LCU_per_USD,nbe_indicative_weighted_average,Indicative weighted-average reference rate based on prior-day bank transactions.,reported_public_series,NBE_DAILY_FX,Indicative Daily Exchange Rates,https://api.nbe.gov.et/api/filter-exchange-rates,https://nbe.gov.et/exchange/indicatives-rates/,2026-08-14T07:39:59.667867Z
2025-01-28,ETH,Ethiopia,ETB,Ethiopian birr,126.2696,USD,LCU_per_USD,nbe_indicative_weighted_average,Indicative weighted-average reference rate based on prior-day bank transactions.,reported_public_series,NBE_DAILY_FX,Indicative Daily Exchange Rates,https://api.nbe.gov.et/api/filter-exchange-rates,https://nbe.gov.et/exchange/indicatives-rates/,2026-08-14T07:40:02.114523Z
2025-01-29,ETH,Ethiopia,ETB,Ethiopian birr,125.9026,USD,LCU_per_USD,nbe_indicative_weighted_average,Indicative weighted-average reference rate based on prior-day bank transactions.,reported_public_series,NBE_DAILY_FX,Indicative Daily Exchange Rates,https://api.nbe.gov.et/api/filter-exchange-rates,https://nbe.gov.et/exchange/indicatives-rates/,2026-08-14T07:40:03.850081Z
2025-01-30,ETH,Ethiopia,ETB,Ethiopian birr,126.174,USD,LCU_per_USD,nbe_indicative_weighted_average,Indicative weighted-average reference rate based on prior-day bank transactions.,reported_public_series,NBE_DAILY_FX,Indicative Daily Exchange Rates,https://api.nbe.gov.et/api/filter-exchange-rates,https://nbe.gov.et/exchange/indicatives-rates/,2026-08-14T07:40:06.301501Z
2025-01-31,ETH,Ethiopia,ETB,Ethiopian birr,126.2294,USD,LCU_per_USD,nbe_indicative_weighted_average,Indicative weighted-average reference rate based on prior-day bank transactions.,reported_public_series,NBE_DAILY_FX,Indicative Daily Exchange Rates,https://api.nbe.gov.et/api/filter-exchange-rates,https://nbe.gov.et/exchange/indicatives-rates/,2026-08-14T07:40:12.466068Z
2025-02-03,ETH,Ethiopia,ETB,Ethiopian birr,126.3605,USD,LCU_per_USD,nbe_indicative_weighted_average,Indicative weighted-average reference rate based on prior-day bank transactions.,reported_public_series,NBE_DAILY_FX,Indicative Daily Exchange Rates,https://api.nbe.gov.et/api/filter-exchange-rates,https://nbe.gov.et/exchange/indicatives-rates/,2026-08-14T07:40:14.599264Z
2025-02-04,ETH,Ethiopia,ETB,Ethiopian birr,126.258,USD,LCU_per_USD,nbe_indicative_weighted_average,Indicative weighted-average reference rate based on prior-day bank transactions.,reported_public_series,NBE_DAILY_FX,Indicative Daily Exchange Rates,https://api.nbe.gov.et/api/filter-exchange-rates,https://nbe.gov.et/exchange/indicatives-rates/,2026-08-14T07:40:16.608111Z
2025-02-05,ETH,Ethiopia,ETB,Ethiopian birr,126.3466,USD,LCU_per_USD,nbe_indicative_weighted_average,Indicative weighted-average reference rate based on prior-day bank transactions.,reported_public_series,NBE_DAILY_FX,Indicative Daily Exchange Rates,https://api.nbe.gov.et/api/filter-exchange-rates,https://nbe.gov.et/exchange/indicatives-rates/,2026-08-14T07:40:18.821045Z
2025-02-06,ETH,Ethiopia,ETB,Ethiopian birr,126.2359,USD,LCU_per_USD,nbe_indicative_weighted_average,Indicative weighted-average reference rate based on prior-day bank transactions.,reported_public_series,NBE_DAILY_FX,Indicative Daily Exchange Rates,https://api.nbe.gov.et/api/filter-exchange-rates,https://nbe.gov.et/exchange/indicatives-rates/,2026-08-14T07:40:20.425343Z
2025-02-07,ETH,Ethiopia,ETB,Ethiopian birr,126.2052,USD,LCU_per_USD,nbe_indicative_weighted_average,Indicative weighted-average reference rate based on prior-day bank transactions.,reported_public_series,NBE_DAILY_FX,Indicative Daily Exchange Rates,https://api.nbe.gov.et/api/filter-exchange-rates,https://nbe.gov.et/exchange/indicatives-rates/,2026-08-14T07:40:21.996803Z
2025-02-10,ETH,Ethiopia,ETB,Ethiopian birr,126.0659,USD,LCU_per_USD,nbe_indicative_weighted_average,Indicative weighted-average reference rate based on prior-day bank transactions.,reported_public_series,NBE_DAILY_FX,Indicative Daily Exchange Rates,https://api.nbe.gov.et/api/filter-exchange-rates,https://nbe.gov.et/exchange/indicatives-rates/,2026-08-14T07:40:25.047265Z
2025-02-11,ETH,Ethiopia,ETB,Ethiopian birr,126.2451,USD,LCU_per_USD,nbe_indicative_weighted_average,Indicative weighted-average reference rate based on prior-day bank transactions.,reported_public_series,NBE_DAILY_FX,Indicative Daily Exchange Rates,https://api.nbe.gov.et/api/filter-exchange-rates,https://nbe.gov.et/exchange/indicatives-rates/,2026-08-14T07:40:29.244199Z
2025-02-12,ETH,Ethiopia,ETB,Ethiopian birr,126.1726,USD,LCU_per_USD,nbe_indicative_weighted_average,Indicative weighted-average reference rate based on prior-day bank transactions.,reported_public_series,NBE_DAILY_FX,Indicative Daily Exchange Rates,https://api.nbe.gov.et/api/filter-exchange-rates,https://nbe.gov.et/exchange/indicatives-rates/,2026-08-14T07:40:31.315940Z
2025-02-13,ETH,Ethiopia,ETB,Ethiopian birr,126.1048,USD,LCU_per_USD,nbe_indicative_weighted_average,Indicative weighted-average reference rate based on prior-day bank transactions.,reported_public_series,NBE_DAILY_FX,Indicative Daily Exchange Rates,https://api.nbe.gov.et/api/filter-exchange-rates,https://nbe.gov.et/exchange/indicatives-rates/,2026-08-14T07:40:34.169937Z
2025-02-14,ETH,Ethiopia,ETB,Ethiopian birr,126.1824,USD,LCU_per_USD,nbe_indicative_weighted_average,Indicative weighted-average reference rate based on prior-day bank transactions.,reported_public_series,NBE_DAILY_FX,Indicative Daily Exchange Rates,https://api.nbe.gov.et/api/filter-exchange-rates,https://nbe.gov.et/exchange/indicatives-rates/,2026-08-14T07:40:35.595399Z
2025-02-17,ETH,Ethiopia,ETB,Ethiopian birr,126.7405,USD,LCU_per_USD,nbe_indicative_weighted_average,Indicative weighted-average reference rate based on prior-day bank transactions.,reported_public_series,NBE_DAILY_FX,Indicative Daily Exchange Rates,https://api.nbe.gov.et/api/filter-exchange-rates,https://nbe.gov.et/exchange/indicatives-rates/,2026-08-14T07:40:37.116083Z
2025-02-18,ETH,Ethiopia,ETB,Ethiopian birr,126.5521,USD,LCU_per_USD,nbe_indicative_weighted_average,Indicative weighted-average reference rate based on prior-day bank transactions.,reported_public_series,NBE_DAILY_FX,Indicative Daily Exchange Rates,https://api.nbe.gov.et/api/filter-exchange-rates,https://nbe.gov.et/exchange/indicatives-rates/,2026-08-14T07:40:38.877446Z
2025-02-19,ETH,Ethiopia,ETB,Ethiopian birr,126.6753,USD,LCU_per_USD,nbe_indicative_weighted_average,Indicative weighted-average reference rate based on prior-day bank transactions.,reported_public_series,NBE_DAILY_FX,Indicative Daily Exchange Rates,https://api.nbe.gov.et/api/filter-exchange-rates,https://nbe.gov.et/exchange/indicatives-rates/,2026-08-14T07:40:40.900175Z
2025-02-20,ETH,Ethiopia,ETB,Ethiopian birr,126.4069,USD,LCU_per_USD,nbe_indicative_weighted_average,Indicative weighted-average reference rate based on prior-day bank transactions.,reported_public_series,NBE_DAILY_FX,Indicative Daily Exchange Rates,https://api.nbe.gov.et/api/filter-exchange-rates,https://nbe.gov.et/exchange/indicatives-rates/,2026-08-14T07:40:42.271310Z
2025-02-21,ETH,Ethiopia,ETB,Ethiopian birr,126.9738,USD,LCU_per_USD,nbe_indicative_weighted_average,Indicative weighted-average reference rate based on prior-day bank transactions.,reported_public_series,NBE_DAILY_FX,Indicative Daily Exchange Rates,https://api.nbe.gov.et/api/filter-exchange-rates,https://nbe.gov.et/exchange/indicatives-rates/,2026-08-14T07:40:43.906144Z
2025-02-24,ETH,Ethiopia,ETB,Ethiopian birr,126.75,USD,LCU_per_USD,nbe_indicative_weighted_average,Indicative weighted-average reference rate based on prior-day bank transactions.,reported_public_series,NBE_DAILY_FX,Indicative Daily Exchange Rates,https://api.nbe.gov.et/api/filter-exchange-rates,https://nbe.gov.et/exchange/indicatives-rates/,2026-08-14T07:40:45.395807Z
2025-02-25,ETH,Ethiopia,ETB,Ethiopian birr,127.0061,USD,LCU_per_USD,nbe_indicative_weighted_average,Indicative weighted-average reference rate based on prior-day bank transactions.,reported_public_series,NBE_DAILY_FX,Indicative Daily Exchange Rates,https://api.nbe.gov.et/api/filter-exchange-rates,https://nbe.gov.et/exchange/indicatives-rates/,2026-08-14T07:40:46.862570Z
2025-02-26,ETH,Ethiopia,ETB,Ethiopian birr,126.8971,USD,LCU_per_USD,nbe_indicative_weighted_average,Indicative weighted-average reference rate based on prior-day bank transactions.,reported_public_series,NBE_DAILY_FX,Indicative Daily Exchange Rates,https://api.nbe.gov.et/api/filter-exchange-rates,https://nbe.gov.et/exchange/indicatives-rates/,2026-08-14T07:40:48.335676Z
2025-02-27,ETH,Ethiopia,ETB,Ethiopian birr,126.8917,USD,LCU_per_USD,nbe_indicative_weighted_average,Indicative weighted-average reference rate based on prior-day bank transactions.,reported_public_series,NBE_DAILY_FX,Indicative Daily Exchange Rates,https://api.nbe.gov.et/api/filter-exchange-rates,https://nbe.gov.et/exchange/indicatives-rates/,2026-08-14T07:40:49.844571Z
2025-02-28,ETH,Ethiopia,ETB,Ethiopian birr,127.1544,USD,LCU_per_USD,nbe_indicative_weighted_average,Indicative weighted-average reference rate based on prior-day bank transactions.,reported_public_series,NBE_DAILY_FX,Indicative Daily Exchange Rates,https://api.nbe.gov.et/api/filter-exchange-rates,https://nbe.gov.et/exchange/indicatives-rates/,2026-08-14T07:40:51.505795Z
2025-03-03,ETH,Ethiopia,ETB,Ethiopian birr,127.6368,USD,LCU_per_USD,nbe_indicative_weighted_average,Indicative weighted-average reference rate based on prior-day bank transactions.,reported_public_series,NBE_DAILY_FX,Indicative Daily Exchange Rates,https://api.nbe.gov.et/api/filter-exchange-rates,https://nbe.gov.et/exchange/indicatives-rates/,2026-08-14T07:40:52.956257Z
2025-03-04,ETH,Ethiopia,ETB,Ethiopian birr,128.5108,USD,LCU_per_USD,nbe_indicative_weighted_average,Indicative weighted-average reference rate based on prior-day bank transactions.,reported_public_series,NBE_DAILY_FX,Indicative Daily Exchange Rates,https://api.nbe.gov.et/api/filter-exchange-rates,https://nbe.gov.et/exchange/indicatives-rates/,2026-08-14T07:40:54.514925Z
2025-03-05,ETH,Ethiopia,ETB,Ethiopian birr,126.9043,USD,LCU_per_USD,nbe_indicative_weighted_average,Indicative weighted-average reference rate based on prior-day bank transactions.,reported_public_series,NBE_DAILY_FX,Indicative Daily Exchange Rates,https://api.nbe.gov.et/api/filter-exchange-rates,https://nbe.gov.et/exchange/indicatives-rates/,2026-08-14T07:40:55.917863Z
2025-03-06,ETH,Ethiopia,ETB,Ethiopian birr,129.0875,USD,LCU_per_USD,nbe_indicative_weighted_average,Indicative weighted-average reference rate based on prior-day bank transactions.,reported_public_series,NBE_DAILY_FX,Indicative Daily Exchange Rates,https://api.nbe.gov.et/api/filter-exchange-rates,https://nbe.gov.et/exchange/indicatives-rates/,2026-08-14T07:40:57.992097Z
2025-03-07,ETH,Ethiopia,ETB,Ethiopian birr,128.9777,USD,LCU_per_USD,nbe_indicative_weighted_average,Indicative weighted-average reference rate based on prior-day bank transactions.,reported_public_series,NBE_DAILY_FX,Indicative Daily Exchange Rates,https://api.nbe.gov.et/api/filter-exchange-rates,https://nbe.gov.et/exchange/indicatives-rates/,2026-08-14T07:40:59.373308Z
2025-03-10,ETH,Ethiopia,ETB,Ethiopian birr,129.1439,USD,LCU_per_USD,nbe_indicative_weighted_average,Indicative weighted-average reference rate based on prior-day bank transactions.,reported_public_series,NBE_DAILY_FX,Indicative Daily Exchange Rates,https://api.nbe.gov.et/api/filter-exchange-rates,https://nbe.gov.et/exchange/indicatives-rates/,2026-08-14T07:41:00.787414Z
2025-03-11,ETH,Ethiopia,ETB,Ethiopian birr,128.8321,USD,LCU_per_USD,nbe_indicative_weighted_average,Indicative weighted-average reference rate based on prior-day bank transactions.,reported_public_series,NBE_DAILY_FX,Indicative Daily Exchange Rates,https://api.nbe.gov.et/api/filter-exchange-rates,https://nbe.gov.et/exchange/indicatives-rates/,2026-08-14T07:41:02.106412Z
2025-03-12,ETH,Ethiopia,ETB,Ethiopian birr,129.441,USD,LCU_per_USD,nbe_indicative_weighted_average,Indicative weighted-average reference rate based on prior-day bank transactions.,reported_public_series,NBE_DAILY_FX,Indicative Daily Exchange Rates,https://api.nbe.gov.et/api/filter-exchange-rates,https://nbe.gov.et/exchange/indicatives-rates/,2026-08-14T07:41:03.524418Z
2025-03-13,ETH,Ethiopia,ETB,Ethiopian birr,129.0823,USD,LCU_per_USD,nbe_indicative_weighted_average,Indicative weighted-average reference rate based on prior-day bank transactions.,reported_public_series,NBE_DAILY_FX,Indicative Daily Exchange Rates,https://api.nbe.gov.et/api/filter-exchange-rates,https://nbe.gov.et/exchange/indicatives-rates/,2026-08-14T07:41:05.195521Z
2025-03-14,ETH,Ethiopia,ETB,Ethiopian birr,129.2509,USD,LCU_per_USD,nbe_indicative_weighted_average,Indicative weighted-average reference rate based on prior-day bank transactions.,reported_public_series,NBE_DAILY_FX,Indicative Daily Exchange Rates,https://api.nbe.gov.et/api/filter-exchange-rates,https://nbe.gov.et/exchange/indicatives-rates/,2026-08-14T07:41:06.566380Z
2025-03-17,ETH,Ethiopia,ETB,Ethiopian birr,129.057,USD,LCU_per_USD,nbe_indicative_weighted_average,Indicative weighted-average reference rate based on prior-day bank transactions.,reported_public_series,NBE_DAILY_FX,Indicative Daily Exchange Rates,https://api.nbe.gov.et/api/filter-exchange-rates,https://nbe.gov.et/exchange/indicatives-rates/,2026-08-14T07:41:07.906094Z
2025-03-18,ETH,Ethiopia,ETB,Ethiopian birr,129.9316,USD,LCU_per_USD,nbe_indicative_weighted_average,Indicative weighted-average reference rate based on prior-day bank transactions.,reported_public_series,NBE_DAILY_FX,Indicative Daily Exchange Rates,https://api.nbe.gov.et/api/filter-exchange-rates,https://nbe.gov.et/exchange/indicatives-rates/,2026-08-14T07:41:09.483043Z
2025-03-19,ETH,Ethiopia,ETB,Ethiopian birr,129.0759,USD,LCU_per_USD,nbe_indicative_weighted_average,Indicative weighted-average reference rate based on prior-day bank transactions.,reported_public_series,NBE_DAILY_FX,Indicative Daily Exchange Rates,https://api.nbe.gov.et/api/filter-exchange-rates,https://nbe.gov.et/exchange/indicatives-rates/,2026-08-14T07:41:11.987936Z
2025-03-20,ETH,Ethiopia,ETB,Ethiopian birr,129.6696,USD,LCU_per_USD,nbe_indicative_weighted_average,Indicative weighted-average reference rate based on prior-day bank transactions.,reported_public_series,NBE_DAILY_FX,Indicative Daily Exchange Rates,https://api.nbe.gov.et/api/filter-exchange-rates,https://nbe.gov.et/exchange/indicatives-rates/,2026-08-14T07:41:13.672218Z
2025-03-21,ETH,Ethiopia,ETB,Ethiopian birr,129.7316,USD,LCU_per_USD,nbe_indicative_weighted_average,Indicative weighted-average reference rate based on prior-day bank transactions.,reported_public_series,NBE_DAILY_FX,Indicative Daily Exchange Rates,https://api.nbe.gov.et/api/filter-exchange-rates,https://nbe.gov.et/exchange/indicatives-rates/,2026-08-14T07:41:15.118018Z
2025-03-24,ETH,Ethiopia,ETB,Ethiopian birr,129.1903,USD,LCU_per_USD,nbe_indicative_weighted_average,Indicative weighted-average reference rate based on prior-day bank transactions.,reported_public_series,NBE_DAILY_FX,Indicative Daily Exchange Rates,https://api.nbe.gov.et/api/filter-exchange-rates,https://nbe.gov.et/exchange/indicatives-rates/,2026-08-14T07:41:16.594850Z
2025-03-25,ETH,Ethiopia,ETB,Ethiopian birr,129.2189,USD,LCU_per_USD,nbe_indicative_weighted_average,Indicative weighted-average reference rate based on prior-day bank transactions.,reported_public_series,NBE_DAILY_FX,Indicative Daily Exchange Rates,https://api.nbe.gov.et/api/filter-exchange-rates,https://nbe.gov.et/exchange/indicatives-rates/,2026-08-14T07:41:17.949427Z
2025-03-26,ETH,Ethiopia,ETB,Ethiopian birr,129.1828,USD,LCU_per_USD,nbe_indicative_weighted_average,Indicative weighted-average reference rate based on prior-day bank transactions.,reported_public_series,NBE_DAILY_FX,Indicative Daily Exchange Rates,https://api.nbe.gov.et/api/filter-exchange-rates,https://nbe.gov.et/exchange/indicatives-rates/,2026-08-14T07:41:19.538707Z
2025-03-27,ETH,Ethiopia,ETB,Ethiopian birr,129.7971,USD,LCU_per_USD,nbe_indicative_weighted_average,Indicative weighted-average reference rate based on prior-day bank transactions.,reported_public_series,NBE_DAILY_FX,Indicative Daily Exchange Rates,https://api.nbe.gov.et/api/filter-exchange-rates,https://nbe.gov.et/exchange/indicatives-rates/,2026-08-14T07:41:20.979176Z
2025-03-28,ETH,Ethiopia,ETB,Ethiopian birr,130.2072,USD,LCU_per_USD,nbe_indicative_weighted_average,Indicative weighted-average reference rate based on prior-day bank transactions.,reported_public_series,NBE_DAILY_FX,Indicative Daily Exchange Rates,https://api.nbe.gov.et/api/filter-exchange-rates,https://nbe.gov.et/exchange/indicatives-rates/,2026-08-14T07:41:22.305597Z
2025-03-31,ETH,Ethiopia,ETB,Ethiopian birr,130.0013,USD,LCU_per_USD,nbe_indicative_weighted_average,Indicative weighted-average reference rate based on prior-day bank transactions.,reported_public_series,NBE_DAILY_FX,Indicative Daily Exchange Rates,https://api.nbe.gov.et/api/filter-exchange-rates,https://nbe.gov.et/exchange/indicatives-rates/,2026-08-14T07:41:23.758948Z
2025-04-01,ETH,Ethiopia,ETB,Ethiopian birr,130.1101,USD,LCU_per_USD,nbe_indicative_weighted_average,Indicative weighted-average reference rate based on prior-day bank transactions.,reported_public_series,NBE_DAILY_FX,Indicative Daily Exchange Rates,https://api.nbe.gov.et/api/filter-exchange-rates,https://nbe.gov.et/exchange/indicatives-rates/,2026-08-14T07:41:25.141145Z
2025-04-02,ETH,Ethiopia,ETB,Ethiopian birr,129.8465,USD,LCU_per_USD,nbe_indicative_weighted_average,Indicative weighted-average reference rate based on prior-day bank transactions.,reported_public_series,NBE_DAILY_FX,Indicative Daily Exchange Rates,https://api.nbe.gov.et/api/filter-exchange-rates,https://nbe.gov.et/exchange/indicatives-rates/,2026-08-14T07:41:27.130161Z
2025-04-03,ETH,Ethiopia,ETB,Ethiopian birr,129.7396,USD,LCU_per_USD,nbe_indicative_weighted_average,Indicative weighted-average reference rate based on prior-day bank transactions.,reported_public_series,NBE_DAILY_FX,Indicative Daily Exchange Rates,https://api.nbe.gov.et/api/filter-exchange-rates,https://nbe.gov.et/exchange/indicatives-rates/,2026-08-14T07:41:28.518945Z
2025-04-04,ETH,Ethiopia,ETB,Ethiopian birr,130.0901,USD,LCU_per_USD,nbe_indicative_weighted_average,Indicative weighted-average reference rate based on prior-day bank transactions.,reported_public_series,NBE_DAILY_FX,Indicative Daily Exchange Rates,https://api.nbe.gov.et/api/filter-exchange-rates,https://nbe.gov.et/exchange/indicatives-rates/,2026-08-14T07:41:30.624626Z
2025-04-07,ETH,Ethiopia,ETB,Ethiopian birr,129.7616,USD,LCU_per_USD,nbe_indicative_weighted_average,Indicative weighted-average reference rate based on prior-day bank transactions.,reported_public_series,NBE_DAILY_FX,Indicative Daily Exchange Rates,https://api.nbe.gov.et/api/filter-exchange-rates,https://nbe.gov.et/exchange/indicatives-rates/,2026-08-14T07:41:32.602761Z
2025-04-08,ETH,Ethiopia,ETB,Ethiopian birr,129.9593,USD,LCU_per_USD,nbe_indicative_weighted_average,Indicative weighted-average reference rate based on prior-day bank transactions.,reported_public_series,NBE_DAILY_FX,Indicative Daily Exchange Rates,https://api.nbe.gov.et/api/filter-exchange-rates,https://nbe.gov.et/exchange/indicatives-rates/,2026-08-14T07:41:34.063574Z
2025-04-09,ETH,Ethiopia,ETB,Ethiopian birr,129.7137,USD,LCU_per_USD,nbe_indicative_weighted_average,Indicative weighted-average reference rate based on prior-day bank transactions.,reported_public_series,NBE_DAILY_FX,Indicative Daily Exchange Rates,https://api.nbe.gov.et/api/filter-exchange-rates,https://nbe.gov.et/exchange/indicatives-rates/,2026-08-14T07:41:36.912531Z
2025-04-10,ETH,Ethiopia,ETB,Ethiopian birr,130.1973,USD,LCU_per_USD,nbe_indicative_weighted_average,Indicative weighted-average reference rate based on prior-day bank transactions.,reported_public_series,NBE_DAILY_FX,Indicative Daily Exchange Rates,https://api.nbe.gov.et/api/filter-exchange-rates,https://nbe.gov.et/exchange/indicatives-rates/,2026-08-14T07:41:38.932065Z
2025-04-11,ETH,Ethiopia,ETB,Ethiopian birr,130.7526,USD,LCU_per_USD,nbe_indicative_weighted_average,Indicative weighted-average reference rate based on prior-day bank transactions.,reported_public_series,NBE_DAILY_FX,Indicative Daily Exchange Rates,https://api.nbe.gov.et/api/filter-exchange-rates,https://nbe.gov.et/exchange/indicatives-rates/,2026-08-14T07:41:42.159893Z
2025-04-14,ETH,Ethiopia,ETB,Ethiopian birr,129.9933,USD,LCU_per_USD,nbe_indicative_weighted_average,Indicative weighted-average reference rate based on prior-day bank transactions.,reported_public_series,NBE_DAILY_FX,Indicative Daily Exchange Rates,https://api.nbe.gov.et/api/filter-exchange-rates,https://nbe.gov.et/exchange/indicatives-rates/,2026-08-14T07:41:44.586900Z
2025-04-15,ETH,Ethiopia,ETB,Ethiopian birr,130.8582,USD,LCU_per_USD,nbe_indicative_weighted_average,Indicative weighted-average reference rate based on prior-day bank transactions.,reported_public_series,NBE_DAILY_FX,Indicative Daily Exchange Rates,https://api.nbe.gov.et/api/filter-exchange-rates,https://nbe.gov.et/exchange/indicatives-rates/,2026-08-14T07:41:46.213130Z
2025-04-16,ETH,Ethiopia,ETB,Ethiopian birr,130.8166,USD,LCU_per_USD,nbe_indicative_weighted_average,Indicative weighted-average reference rate based on prior-day bank transactions.,reported_public_series,NBE_DAILY_FX,Indicative Daily Exchange Rates,https://api.nbe.gov.et/api/filter-exchange-rates,https://nbe.gov.et/exchange/indicatives-rates/,2026-08-14T07:41:47.637833Z
2025-04-17,ETH,Ethiopia,ETB,Ethiopian birr,131.1585,USD,LCU_per_USD,nbe_indicative_weighted_average,Indicative weighted-average reference rate based on prior-day bank transactions.,reported_public_series,NBE_DAILY_FX,Indicative Daily Exchange Rates,https://api.nbe.gov.et/api/filter-exchange-rates,https://nbe.gov.et/exchange/indicatives-rates/,2026-08-14T07:41:50.265327Z
2025-04-21,ETH,Ethiopia,ETB,Ethiopian birr,130.9867,USD,LCU_per_USD,nbe_indicative_weighted_average,Indicative weighted-average reference rate based on prior-day bank transactions.,reported_public_series,NBE_DAILY_FX,Indicative Daily Exchange Rates,https://api.nbe.gov.et/api/filter-exchange-rates,https://nbe.gov.et/exchange/indicatives-rates/,2026-08-14T07:41:53.325210Z
2025-04-22,ETH,Ethiopia,ETB,Ethiopian birr,131.9097,USD,LCU_per_USD,nbe_indicative_weighted_average,Indicative weighted-average reference rate based on prior-day bank transactions.,reported_public_series,NBE_DAILY_FX,Indicative Daily Exchange Rates,https://api.nbe.gov.et/api/filter-exchange-rates,https://nbe.gov.et/exchange/indicatives-rates/,2026-08-14T07:41:55.660071Z
2025-04-23,ETH,Ethiopia,ETB,Ethiopian birr,130.9449,USD,LCU_per_USD,nbe_indicative_weighted_average,Indicative weighted-average reference rate based on prior-day bank transactions.,reported_public_series,NBE_DAILY_FX,Indicative Daily Exchange Rates,https://api.nbe.gov.et/api/filter-exchange-rates,https://nbe.gov.et/exchange/indicatives-rates/,2026-08-14T07:41:57.122322Z
2025-04-24,ETH,Ethiopia,ETB,Ethiopian birr,131.0435,USD,LCU_per_USD,nbe_indicative_weighted_average,Indicative weighted-average reference rate based on prior-day bank transactions.,reported_public_series,NBE_DAILY_FX,Indicative Daily Exchange Rates,https://api.nbe.gov.et/api/filter-exchange-rates,https://nbe.gov.et/exchange/indicatives-rates/,2026-08-14T07:41:58.773377Z
2025-04-25,ETH,Ethiopia,ETB,Ethiopian birr,131.1224,USD,LCU_per_USD,nbe_indicative_weighted_average,Indicative weighted-average reference rate based on prior-day bank transactions.,reported_public_series,NBE_DAILY_FX,Indicative Daily Exchange Rates,https://api.nbe.gov.et/api/filter-exchange-rates,https://nbe.gov.et/exchange/indicatives-rates/,2026-08-14T07:42:00.260552Z
2025-04-28,ETH,Ethiopia,ETB,Ethiopian birr,131.8972,USD,LCU_per_USD,nbe_indicative_weighted_average,Indicative weighted-average reference rate based on prior-day bank transactions.,reported_public_series,NBE_DAILY_FX,Indicative Daily Exchange Rates,https://api.nbe.gov.et/api/filter-exchange-rates,https://nbe.gov.et/exchange/indicatives-rates/,2026-08-14T07:42:15.124947Z
2025-04-29,ETH,Ethiopia,ETB,Ethiopian birr,131.8572,USD,LCU_per_USD,nbe_indicative_weighted_average,Indicative weighted-average reference rate based on prior-day bank transactions.,reported_public_series,NBE_DAILY_FX,Indicative Daily Exchange Rates,https://api.nbe.gov.et/api/filter-exchange-rates,https://nbe.gov.et/exchange/indicatives-rates/,2026-08-14T07:42:20.354795Z
2025-04-30,ETH,Ethiopia,ETB,Ethiopian birr,131.6043,USD,LCU_per_USD,nbe_indicative_weighted_average,Indicative weighted-average reference rate based on prior-day bank transactions.,reported_public_series,NBE_DAILY_FX,Indicative Daily Exchange Rates,https://api.nbe.gov.et/api/filter-exchange-rates,https://nbe.gov.et/exchange/indicatives-rates/,2026-08-14T07:42:22.611349Z
2025-05-02,ETH,Ethiopia,ETB,Ethiopian birr,131.1624,USD,LCU_per_USD,nbe_indicative_weighted_average,Indicative weighted-average reference rate based on prior-day bank transactions.,reported_public_series,NBE_DAILY_FX,Indicative Daily Exchange Rates,https://api.nbe.gov.et/api/filter-exchange-rates,https://nbe.gov.et/exchange/indicatives-rates/,2026-08-14T07:42:29.311951Z
2025-05-06,ETH,Ethiopia,ETB,Ethiopian birr,131.9789,USD,LCU_per_USD,nbe_indicative_weighted_average,Indicative weighted-average reference rate based on prior-day bank transactions.,reported_public_series,NBE_DAILY_FX,Indicative Daily Exchange Rates,https://api.nbe.gov.et/api/filter-exchange-rates,https://nbe.gov.et/exchange/indicatives-rates/,2026-08-14T07:42:32.134834Z
2025-05-07,ETH,Ethiopia,ETB,Ethiopian birr,132.6253,USD,LCU_per_USD,nbe_indicative_weighted_average,Indicative weighted-average reference rate based on prior-day bank transactions.,reported_public_series,NBE_DAILY_FX,Indicative Daily Exchange Rates,https://api.nbe.gov.et/api/filter-exchange-rates,https://nbe.gov.et/exchange/indicatives-rates/,2026-08-14T07:42:33.869462Z
2025-05-08,ETH,Ethiopia,ETB,Ethiopian birr,132.0236,USD,LCU_per_USD,nbe_indicative_weighted_average,Indicative weighted-average reference rate based on prior-day bank transactions.,reported_public_series,NBE_DAILY_FX,Indicative Daily Exchange Rates,https://api.nbe.gov.et/api/filter-exchange-rates,https://nbe.gov.et/exchange/indicatives-rates/,2026-08-14T07:42:35.711649Z
2025-05-09,ETH,Ethiopia,ETB,Ethiopian birr,132.911,USD,LCU_per_USD,nbe_indicative_weighted_average,Indicative weighted-average reference rate based on prior-day bank transactions.,reported_public_series,NBE_DAILY_FX,Indicative Daily Exchange Rates,https://api.nbe.gov.et/api/filter-exchange-rates,https://nbe.gov.et/exchange/indicatives-rates/,2026-08-14T07:42:39.175347Z
2025-05-12,ETH,Ethiopia,ETB,Ethiopian birr,132.0328,USD,LCU_per_USD,nbe_indicative_weighted_average,Indicative weighted-average reference rate based on prior-day bank transactions.,reported_public_series,NBE_DAILY_FX,Indicative Daily Exchange Rates,https://api.nbe.gov.et/api/filter-exchange-rates,https://nbe.gov.et/exchange/indicatives-rates/,2026-08-14T07:42:40.679499Z
2025-05-13,ETH,Ethiopia,ETB,Ethiopian birr,133.1115,USD,LCU_per_USD,nbe_indicative_weighted_average,Indicative weighted-average reference rate based on prior-day bank transactions.,reported_public_series,NBE_DAILY_FX,Indicative Daily Exchange Rates,https://api.nbe.gov.et/api/filter-exchange-rates,https://nbe.gov.et/exchange/indicatives-rates/,2026-08-14T07:42:42.495036Z
2025-05-14,ETH,Ethiopia,ETB,Ethiopian birr,132.8498,USD,LCU_per_USD,nbe_indicative_weighted_average,Indicative weighted-average reference rate based on prior-day bank transactions.,reported_public_series,NBE_DAILY_FX,Indicative Daily Exchange Rates,https://api.nbe.gov.et/api/filter-exchange-rates,https://nbe.gov.et/exchange/indicatives-rates/,2026-08-14T07:42:43.899396Z
2025-05-15,ETH,Ethiopia,ETB,Ethiopian birr,132.7674,USD,LCU_per_USD,nbe_indicative_weighted_average,Indicative weighted-average reference rate based on prior-day bank transactions.,reported_public_series,NBE_DAILY_FX,Indicative Daily Exchange Rates,https://api.nbe.gov.et/api/filter-exchange-rates,https://nbe.gov.et/exchange/indicatives-rates/,2026-08-14T07:42:45.450943Z
2025-05-16,ETH,Ethiopia,ETB,Ethiopian birr,132.447,USD,LCU_per_USD,nbe_indicative_weighted_average,Indicative weighted-average reference rate based on prior-day bank transactions.,reported_public_series,NBE_DAILY_FX,Indicative Daily Exchange Rates,https://api.nbe.gov.et/api/filter-exchange-rates,https://nbe.gov.et/exchange/indicatives-rates/,2026-08-14T07:42:46.992242Z
2025-05-19,ETH,Ethiopia,ETB,Ethiopian birr,133.2427,USD,LCU_per_USD,nbe_indicative_weighted_average,Indicative weighted-average reference rate based on prior-day bank transactions.,reported_public_series,NBE_DAILY_FX,Indicative Daily Exchange Rates,https://api.nbe.gov.et/api/filter-exchange-rates,https://nbe.gov.et/exchange/indicatives-rates/,2026-08-14T07:42:48.427613Z
2025-05-20,ETH,Ethiopia,ETB,Ethiopian birr,132.2494,USD,LCU_per_USD,nbe_indicative_weighted_average,Indicative weighted-average reference rate based on prior-day bank transactions.,reported_public_series,NBE_DAILY_FX,Indicative Daily Exchange Rates,https://api.nbe.gov.et/api/filter-exchange-rates,https://nbe.gov.et/exchange/indicatives-rates/,2026-08-14T07:42:54.333594Z
2025-05-21,ETH,Ethiopia,ETB,Ethiopian birr,133.4741,USD,LCU_per_USD,nbe_indicative_weighted_average,Indicative weighted-average reference rate based on prior-day bank transactions.,reported_public_series,NBE_DAILY_FX,Indicative Daily Exchange Rates,https://api.nbe.gov.et/api/filter-exchange-rates,https://nbe.gov.et/exchange/indicatives-rates/,2026-08-14T07:42:55.723928Z
2025-05-22,ETH,Ethiopia,ETB,Ethiopian birr,132.8909,USD,LCU_per_USD,nbe_indicative_weighted_average,Indicative weighted-average reference rate based on prior-day bank transactions.,reported_public_series,NBE_DAILY_FX,Indicative Daily Exchange Rates,https://api.nbe.gov.et/api/filter-exchange-rates,https://nbe.gov.et/exchange/indicatives-rates/,2026-08-14T07:42:57.131458Z
2025-05-23,ETH,Ethiopia,ETB,Ethiopian birr,133.4509,USD,LCU_per_USD,nbe_indicative_weighted_average,Indicative weighted-average reference rate based on prior-day bank transactions.,reported_public_series,NBE_DAILY_FX,Indicative Daily Exchange Rates,https://api.nbe.gov.et/api/filter-exchange-rates,https://nbe.gov.et/exchange/indicatives-rates/,2026-08-14T07:42:58.496668Z
2025-05-26,ETH,Ethiopia,ETB,Ethiopian birr,133.4977,USD,LCU_per_USD,nbe_indicative_weighted_average,Indicative weighted-average reference rate based on prior-day bank transactions.,reported_public_series,NBE_DAILY_FX,Indicative Daily Exchange Rates,https://api.nbe.gov.et/api/filter-exchange-rates,https://nbe.gov.et/exchange/indicatives-rates/,2026-08-14T07:43:01.167370Z
2025-05-27,ETH,Ethiopia,ETB,Ethiopian birr,134.2816,USD,LCU_per_USD,nbe_indicative_weighted_average,Indicative weighted-average reference rate based on prior-day bank transactions.,reported_public_series,NBE_DAILY_FX,Indicative Daily Exchange Rates,https://api.nbe.gov.et/api/filter-exchange-rates,https://nbe.gov.et/exchange/indicatives-rates/,2026-08-14T07:43:07.418609Z
2025-05-28,ETH,Ethiopia,ETB,Ethiopian birr,133.6818,USD,LCU_per_USD,nbe_indicative_weighted_average,Indicative weighted-average reference rate based on prior-day bank transactions.,reported_public_series,NBE_DAILY_FX,Indicative Daily Exchange Rates,https://api.nbe.gov.et/api/filter-exchange-rates,https://nbe.gov.et/exchange/indicatives-rates/,2026-08-14T07:43:09.628790Z
2025-05-29,ETH,Ethiopia,ETB,Ethiopian birr,132.7188,USD,LCU_per_USD,nbe_indicative_weighted_average,Indicative weighted-average reference rate based on prior-day bank transactions.,reported_public_series,NBE_DAILY_FX,Indicative Daily Exchange Rates,https://api.nbe.gov.et/api/filter-exchange-rates,https://nbe.gov.et/exchange/indicatives-rates/,2026-08-14T07:43:11.061340Z
2025-05-30,ETH,Ethiopia,ETB,Ethiopian birr,134.1625,USD,LCU_per_USD,nbe_indicative_weighted_average,Indicative weighted-average reference rate based on prior-day bank transactions.,reported_public_series,NBE_DAILY_FX,Indicative Daily Exchange Rates,https://api.nbe.gov.et/api/filter-exchange-rates,https://nbe.gov.et/exchange/indicatives-rates/,2026-08-14T07:43:12.538105Z
2025-06-02,ETH,Ethiopia,ETB,Ethiopian birr,134.0396,USD,LCU_per_USD,nbe_indicative_weighted_average,Indicative weighted-average reference rate based on prior-day bank transactions.,reported_public_series,NBE_DAILY_FX,Indicative Daily Exchange Rates,https://api.nbe.gov.et/api/filter-exchange-rates,https://nbe.gov.et/exchange/indicatives-rates/,2026-08-14T07:43:13.922718Z
2025-06-03,ETH,Ethiopia,ETB,Ethiopian birr,134.1708,USD,LCU_per_USD,nbe_indicative_weighted_average,Indicative weighted-average reference rate based on prior-day bank transactions.,reported_public_series,NBE_DAILY_FX,Indicative Daily Exchange Rates,https://api.nbe.gov.et/api/filter-exchange-rates,https://nbe.gov.et/exchange/indicatives-rates/,2026-08-14T07:43:15.296595Z
2025-06-04,ETH,Ethiopia,ETB,Ethiopian birr,134.2128,USD,LCU_per_USD,nbe_indicative_weighted_average,Indicative weighted-average reference rate based on prior-day bank transactions.,reported_public_series,NBE_DAILY_FX,Indicative Daily Exchange Rates,https://api.nbe.gov.et/api/filter-exchange-rates,https://nbe.gov.et/exchange/indicatives-rates/,2026-08-14T07:43:16.817973Z
2025-06-05,ETH,Ethiopia,ETB,Ethiopian birr,134.0819,USD,LCU_per_USD,nbe_indicative_weighted_average,Indicative weighted-average reference rate based on prior-day bank transactions.,reported_public_series,NBE_DAILY_FX,Indicative Daily Exchange Rates,https://api.nbe.gov.et/api/filter-exchange-rates,https://nbe.gov.et/exchange/indicatives-rates/,2026-08-14T07:43:18.933309Z
2025-06-09,ETH,Ethiopia,ETB,Ethiopian birr,134.4378,USD,LCU_per_USD,nbe_indicative_weighted_average,Indicative weighted-average reference rate based on prior-day bank transactions.,reported_public_series,NBE_DAILY_FX,Indicative Daily Exchange Rates,https://api.nbe.gov.et/api/filter-exchange-rates,https://nbe.gov.et/exchange/indicatives-rates/,2026-08-14T07:43:21.836573Z
2025-06-10,ETH,Ethiopia,ETB,Ethiopian birr,134.4017,USD,LCU_per_USD,nbe_indicative_weighted_average,Indicative weighted-average reference rate based on prior-day bank transactions.,reported_public_series,NBE_DAILY_FX,Indicative Daily Exchange Rates,https://api.nbe.gov.et/api/filter-exchange-rates,https://nbe.gov.et/exchange/indicatives-rates/,2026-08-14T07:43:23.227352Z
2025-06-11,ETH,Ethiopia,ETB,Ethiopian birr,134.6714,USD,LCU_per_USD,nbe_indicative_weighted_average,Indicative weighted-average reference rate based on prior-day bank transactions.,reported_public_series,NBE_DAILY_FX,Indicative Daily Exchange Rates,https://api.nbe.gov.et/api/filter-exchange-rates,https://nbe.gov.et/exchange/indicatives-rates/,2026-08-14T07:43:24.568658Z
2025-06-12,ETH,Ethiopia,ETB,Ethiopian birr,134.9135,USD,LCU_per_USD,nbe_indicative_weighted_average,Indicative weighted-average reference rate based on prior-day bank transactions.,reported_public_series,NBE_DAILY_FX,Indicative Daily Exchange Rates,https://api.nbe.gov.et/api/filter-exchange-rates,https://nbe.gov.et/exchange/indicatives-rates/,2026-08-14T07:43:25.965307Z
2025-06-13,ETH,Ethiopia,ETB,Ethiopian birr,134.3936,USD,LCU_per_USD,nbe_indicative_weighted_average,Indicative weighted-average reference rate based on prior-day bank transactions.,reported_public_series,NBE_DAILY_FX,Indicative Daily Exchange Rates,https://api.nbe.gov.et/api/filter-exchange-rates,https://nbe.gov.et/exchange/indicatives-rates/,2026-08-14T07:43:27.652249Z
2025-06-16,ETH,Ethiopia,ETB,Ethiopian birr,134.2923,USD,LCU_per_USD,nbe_indicative_weighted_average,Indicative weighted-average reference rate based on prior-day bank transactions.,reported_public_series,NBE_DAILY_FX,Indicative Daily Exchange Rates,https://api.nbe.gov.et/api/filter-exchange-rates,https://nbe.gov.et/exchange/indicatives-rates/,2026-08-14T07:43:29.058457Z
2025-06-17,ETH,Ethiopia,ETB,Ethiopian birr,134.8104,USD,LCU_per_USD,nbe_indicative_weighted_average,Indicative weighted-average reference rate based on prior-day bank transactions.,reported_public_series,NBE_DAILY_FX,Indicative Daily Exchange Rates,https://api.nbe.gov.et/api/filter-exchange-rates,https://nbe.gov.et/exchange/indicatives-rates/,2026-08-14T07:43:31.189330Z
2025-06-18,ETH,Ethiopia,ETB,Ethiopian birr,135.4753,USD,LCU_per_USD,nbe_indicative_weighted_average,Indicative weighted-average reference rate based on prior-day bank transactions.,reported_public_series,NBE_DAILY_FX,Indicative Daily Exchange Rates,https://api.nbe.gov.et/api/filter-exchange-rates,https://nbe.gov.et/exchange/indicatives-rates/,2026-08-14T07:43:32.634197Z
2025-06-19,ETH,Ethiopia,ETB,Ethiopian birr,135.0174,USD,LCU_per_USD,nbe_indicative_weighted_average,Indicative weighted-average reference rate based on prior-day bank transactions.,reported_public_series,NBE_DAILY_FX,Indicative Daily Exchange Rates,https://api.nbe.gov.et/api/filter-exchange-rates,https://nbe.gov.et/exchange/indicatives-rates/,2026-08-14T07:43:34.070298Z
2025-06-20,ETH,Ethiopia,ETB,Ethiopian birr,134.6812,USD,LCU_per_USD,nbe_indicative_weighted_average,Indicative weighted-average reference rate based on prior-day bank transactions.,reported_public_series,NBE_DAILY_FX,Indicative Daily Exchange Rates,https://api.nbe.gov.et/api/filter-exchange-rates,https://nbe.gov.et/exchange/indicatives-rates/,2026-08-14T07:43:35.492465Z
2025-06-23,ETH,Ethiopia,ETB,Ethiopian birr,134.9714,USD,LCU_per_USD,nbe_indicative_weighted_average,Indicative weighted-average reference rate based on prior-day bank transactions.,reported_public_series,NBE_DAILY_FX,Indicative Daily Exchange Rates,https://api.nbe.gov.et/api/filter-exchange-rates,https://nbe.gov.et/exchange/indicatives-rates/,2026-08-14T07:43:36.885893Z
2025-06-24,ETH,Ethiopia,ETB,Ethiopian birr,134.8218,USD,LCU_per_USD,nbe_indicative_weighted_average,Indicative weighted-average reference rate based on prior-day bank transactions.,reported_public_series,NBE_DAILY_FX,Indicative Daily Exchange Rates,https://api.nbe.gov.et/api/filter-exchange-rates,https://nbe.gov.et/exchange/indicatives-rates/,2026-08-14T07:43:38.567785Z
2025-06-25,ETH,Ethiopia,ETB,Ethiopian birr,135.3248,USD,LCU_per_USD,nbe_indicative_weighted_average,Indicative weighted-average reference rate based on prior-day bank transactions.,reported_public_series,NBE_DAILY_FX,Indicative Daily Exchange Rates,https://api.nbe.gov.et/api/filter-exchange-rates,https://nbe.gov.et/exchange/indicatives-rates/,2026-08-14T07:43:40.082164Z
2025-06-26,ETH,Ethiopia,ETB,Ethiopian birr,135.2851,USD,LCU_per_USD,nbe_indicative_weighted_average,Indicative weighted-average reference rate based on prior-day bank transactions.,reported_public_series,NBE_DAILY_FX,Indicative Daily Exchange Rates,https://api.nbe.gov.et/api/filter-exchange-rates,https://nbe.gov.et/exchange/indicatives-rates/,2026-08-14T07:43:41.624872Z
2025-06-27,ETH,Ethiopia,ETB,Ethiopian birr,134.8777,USD,LCU_per_USD,nbe_indicative_weighted_average,Indicative weighted-average reference rate based on prior-day bank transactions.,reported_public_series,NBE_DAILY_FX,Indicative Daily Exchange Rates,https://api.nbe.gov.et/api/filter-exchange-rates,https://nbe.gov.et/exchange/indicatives-rates/,2026-08-14T07:43:44.399060Z
2025-06-30,ETH,Ethiopia,ETB,Ethiopian birr,135.3679,USD,LCU_per_USD,nbe_indicative_weighted_average,Indicative weighted-average reference rate based on prior-day bank transactions.,reported_public_series,NBE_DAILY_FX,Indicative Daily Exchange Rates,https://api.nbe.gov.et/api/filter-exchange-rates,https://nbe.gov.et/exchange/indicatives-rates/,2026-08-14T07:43:46.547205Z
2025-07-01,ETH,Ethiopia,ETB,Ethiopian birr,135.4787,USD,LCU_per_USD,nbe_indicative_weighted_average,Indicative weighted-average reference rate based on prior-day bank transactions.,reported_public_series,NBE_DAILY_FX,Indicative Daily Exchange Rates,https://api.nbe.gov.et/api/filter-exchange-rates,https://nbe.gov.et/exchange/indicatives-rates/,2026-08-14T07:43:48.667877Z
2025-07-02,ETH,Ethiopia,ETB,Ethiopian birr,135.4544,USD,LCU_per_USD,nbe_indicative_weighted_average,Indicative weighted-average reference rate based on prior-day bank transactions.,reported_public_series,NBE_DAILY_FX,Indicative Daily Exchange Rates,https://api.nbe.gov.et/api/filter-exchange-rates,https://nbe.gov.et/exchange/indicatives-rates/,2026-08-14T07:43:53.281751Z
2025-07-03,ETH,Ethiopia,ETB,Ethiopian birr,136.3046,USD,LCU_per_USD,nbe_indicative_weighted_average,Indicative weighted-average reference rate based on prior-day bank transactions.,reported_public_series,NBE_DAILY_FX,Indicative Daily Exchange Rates,https://api.nbe.gov.et/api/filter-exchange-rates,https://nbe.gov.et/exchange/indicatives-rates/,2026-08-14T07:43:54.698254Z
2025-07-04,ETH,Ethiopia,ETB,Ethiopian birr,135.1559,USD,LCU_per_USD,nbe_indicative_weighted_average,Indicative weighted-average reference rate based on prior-day bank transactions.,reported_public_series,NBE_DAILY_FX,Indicative Daily Exchange Rates,https://api.nbe.gov.et/api/filter-exchange-rates,https://nbe.gov.et/exchange/indicatives-rates/,2026-08-14T07:43:56.936853Z
2025-07-07,ETH,Ethiopia,ETB,Ethiopian birr,135.7952,USD,LCU_per_USD,nbe_indicative_weighted_average,Indicative weighted-average reference rate based on prior-day bank transactions.,reported_public_series,NBE_DAILY_FX,Indicative Daily Exchange Rates,https://api.nbe.gov.et/api/filter-exchange-rates,https://nbe.gov.et/exchange/indicatives-rates/,2026-08-14T07:43:58.400445Z
2025-07-08,ETH,Ethiopia,ETB,Ethiopian birr,136.415,USD,LCU_per_USD,nbe_indicative_weighted_average,Indicative weighted-average reference rate based on prior-day bank transactions.,reported_public_series,NBE_DAILY_FX,Indicative Daily Exchange Rates,https://api.nbe.gov.et/api/filter-exchange-rates,https://nbe.gov.et/exchange/indicatives-rates/,2026-08-14T07:43:59.785059Z
2025-07-09,ETH,Ethiopia,ETB,Ethiopian birr,136.11,USD,LCU_per_USD,nbe_indicative_weighted_average,Indicative weighted-average reference rate based on prior-day bank transactions.,reported_public_series,NBE_DAILY_FX,Indicative Daily Exchange Rates,https://api.nbe.gov.et/api/filter-exchange-rates,https://nbe.gov.et/exchange/indicatives-rates/,2026-08-14T07:44:01.380340Z
2025-07-10,ETH,Ethiopia,ETB,Ethiopian birr,135.2761,USD,LCU_per_USD,nbe_indicative_weighted_average,Indicative weighted-average reference rate based on prior-day bank transactions.,reported_public_series,NBE_DAILY_FX,Indicative Daily Exchange Rates,https://api.nbe.gov.et/api/filter-exchange-rates,https://nbe.gov.et/exchange/indicatives-rates/,2026-08-14T07:44:02.912132Z
2025-07-11,ETH,Ethiopia,ETB,Ethiopian birr,136.9228,USD,LCU_per_USD,nbe_indicative_weighted_average,Indicative weighted-average reference rate based on prior-day bank transactions.,reported_public_series,NBE_DAILY_FX,Indicative Daily Exchange Rates,https://api.nbe.gov.et/api/filter-exchange-rates,https://nbe.gov.et/exchange/indicatives-rates/,2026-08-14T07:44:04.428772Z
2025-07-14,ETH,Ethiopia,ETB,Ethiopian birr,136.4982,USD,LCU_per_USD,nbe_indicative_weighted_average,Indicative weighted-average reference rate based on prior-day bank transactions.,reported_public_series,NBE_DAILY_FX,Indicative Daily Exchange Rates,https://api.nbe.gov.et/api/filter-exchange-rates,https://nbe.gov.et/exchange/indicatives-rates/,2026-08-14T07:44:05.812443Z
2025-07-15,ETH,Ethiopia,ETB,Ethiopian birr,136.544,USD,LCU_per_USD,nbe_indicative_weighted_average,Indicative weighted-average reference rate based on prior-day bank transactions.,reported_public_series,NBE_DAILY_FX,Indicative Daily Exchange Rates,https://api.nbe.gov.et/api/filter-exchange-rates,https://nbe.gov.et/exchange/indicatives-rates/,2026-08-14T07:44:07.163141Z
2025-07-16,ETH,Ethiopia,ETB,Ethiopian birr,136.3741,USD,LCU_per_USD,nbe_indicative_weighted_average,Indicative weighted-average reference rate based on prior-day bank transactions.,reported_public_series,NBE_DAILY_FX,Indicative Daily Exchange Rates,https://api.nbe.gov.et/api/filter-exchange-rates,https://nbe.gov.et/exchange/indicatives-rates/,2026-08-14T07:44:08.503671Z
2025-07-17,ETH,Ethiopia,ETB,Ethiopian birr,136.445,USD,LCU_per_USD,nbe_indicative_weighted_average,Indicative weighted-average reference rate based on prior-day bank transactions.,reported_public_series,NBE_DAILY_FX,Indicative Daily Exchange Rates,https://api.nbe.gov.et/api/filter-exchange-rates,https://nbe.gov.et/exchange/indicatives-rates/,2026-08-14T07:44:10.171615Z
2025-07-18,ETH,Ethiopia,ETB,Ethiopian birr,136.4773,USD,LCU_per_USD,nbe_indicative_weighted_average,Indicative weighted-average reference rate based on prior-day bank transactions.,reported_public_series,NBE_DAILY_FX,Indicative Daily Exchange Rates,https://api.nbe.gov.et/api/filter-exchange-rates,https://nbe.gov.et/exchange/indicatives-rates/,2026-08-14T07:44:12.292359Z
2025-07-21,ETH,Ethiopia,ETB,Ethiopian birr,136.6958,USD,LCU_per_USD,nbe_indicative_weighted_average,Indicative weighted-average reference rate based on prior-day bank transactions.,reported_public_series,NBE_DAILY_FX,Indicative Daily Exchange Rates,https://api.nbe.gov.et/api/filter-exchange-rates,https://nbe.gov.et/exchange/indicatives-rates/,2026-08-14T07:44:13.752248Z
2025-07-22,ETH,Ethiopia,ETB,Ethiopian birr,137.0956,USD,LCU_per_USD,nbe_indicative_weighted_average,Indicative weighted-average reference rate based on prior-day bank transactions.,reported_public_series,NBE_DAILY_FX,Indicative Daily Exchange Rates,https://api.nbe.gov.et/api/filter-exchange-rates,https://nbe.gov.et/exchange/indicatives-rates/,2026-08-14T07:44:15.149344Z
2025-07-23,ETH,Ethiopia,ETB,Ethiopian birr,138.1325,USD,LCU_per_USD,nbe_indicative_weighted_average,Indicative weighted-average reference rate based on prior-day bank transactions.,reported_public_series,NBE_DAILY_FX,Indicative Daily Exchange Rates,https://api.nbe.gov.et/api/filter-exchange-rates,https://nbe.gov.et/exchange/indicatives-rates/,2026-08-14T07:44:16.580333Z
2025-07-24,ETH,Ethiopia,ETB,Ethiopian birr,136.8613,USD,LCU_per_USD,nbe_indicative_weighted_average,Indicative weighted-average reference rate based on prior-day bank transactions.,reported_public_series,NBE_DAILY_FX,Indicative Daily Exchange Rates,https://api.nbe.gov.et/api/filter-exchange-rates,https://nbe.gov.et/exchange/indicatives-rates/,2026-08-14T07:44:18.036868Z
2025-07-25,ETH,Ethiopia,ETB,Ethiopian birr,138.6682,USD,LCU_per_USD,nbe_indicative_weighted_average,Indicative weighted-average reference rate based on prior-day bank transactions.,reported_public_series,NBE_DAILY_FX,Indicative Daily Exchange Rates,https://api.nbe.gov.et/api/filter-exchange-rates,https://nbe.gov.et/exchange/indicatives-rates/,2026-08-14T07:44:20.054499Z
2025-07-28,ETH,Ethiopia,ETB,Ethiopian birr,137.7796,USD,LCU_per_USD,nbe_indicative_weighted_average,Indicative weighted-average reference rate based on prior-day bank transactions.,reported_public_series,NBE_DAILY_FX,Indicative Daily Exchange Rates,https://api.nbe.gov.et/api/filter-exchange-rates,https://nbe.gov.et/exchange/indicatives-rates/,2026-08-14T07:44:21.494117Z
2025-07-29,ETH,Ethiopia,ETB,Ethiopian birr,138.2777,USD,LCU_per_USD,nbe_indicative_weighted_average,Indicative weighted-average reference rate based on prior-day bank transactions.,reported_public_series,NBE_DAILY_FX,Indicative Daily Exchange Rates,https://api.nbe.gov.et/api/filter-exchange-rates,https://nbe.gov.et/exchange/indicatives-rates/,2026-08-14T07:44:23.711942Z
2025-07-30,ETH,Ethiopia,ETB,Ethiopian birr,138.2074,USD,LCU_per_USD,nbe_indicative_weighted_average,Indicative weighted-average reference rate based on prior-day bank transactions.,reported_public_series,NBE_DAILY_FX,Indicative Daily Exchange Rates,https://api.nbe.gov.et/api/filter-exchange-rates,https://nbe.gov.et/exchange/indicatives-rates/,2026-08-14T07:44:26.928045Z
2025-07-31,ETH,Ethiopia,ETB,Ethiopian birr,137.9485,USD,LCU_per_USD,nbe_indicative_weighted_average,Indicative weighted-average reference rate based on prior-day bank transactions.,reported_public_series,NBE_DAILY_FX,Indicative Daily Exchange Rates,https://api.nbe.gov.et/api/filter-exchange-rates,https://nbe.gov.et/exchange/indicatives-rates/,2026-08-14T07:44:28.352026Z
2025-08-01,ETH,Ethiopia,ETB,Ethiopian birr,138.1154,USD,LCU_per_USD,nbe_indicative_weighted_average,Indicative weighted-average reference rate based on prior-day bank transactions.,reported_public_series,NBE_DAILY_FX,Indicative Daily Exchange Rates,https://api.nbe.gov.et/api/filter-exchange-rates,https://nbe.gov.et/exchange/indicatives-rates/,2026-08-14T07:44:31.225342Z
2025-08-04,ETH,Ethiopia,ETB,Ethiopian birr,138.1687,USD,LCU_per_USD,nbe_indicative_weighted_average,Indicative weighted-average reference rate based on prior-day bank transactions.,reported_public_series,NBE_DAILY_FX,Indicative Daily Exchange Rates,https://api.nbe.gov.et/api/filter-exchange-rates,https://nbe.gov.et/exchange/indicatives-rates/,2026-08-14T07:44:33.222026Z
2025-08-05,ETH,Ethiopia,ETB,Ethiopian birr,138.4842,USD,LCU_per_USD,nbe_indicative_weighted_average,Indicative weighted-average reference rate based on prior-day bank transactions.,reported_public_series,NBE_DAILY_FX,Indicative Daily Exchange Rates,https://api.nbe.gov.et/api/filter-exchange-rates,https://nbe.gov.et/exchange/indicatives-rates/,2026-08-14T07:44:34.909215Z
2025-08-06,ETH,Ethiopia,ETB,Ethiopian birr,138.1575,USD,LCU_per_USD,nbe_indicative_weighted_average,Indicative weighted-average reference rate based on prior-day bank transactions.,reported_public_series,NBE_DAILY_FX,Indicative Daily Exchange Rates,https://api.nbe.gov.et/api/filter-exchange-rates,https://nbe.gov.et/exchange/indicatives-rates/,2026-08-14T07:44:40.528395Z
2025-08-07,ETH,Ethiopia,ETB,Ethiopian birr,139.1198,USD,LCU_per_USD,nbe_indicative_weighted_average,Indicative weighted-average reference rate based on prior-day bank transactions.,reported_public_series,NBE_DAILY_FX,Indicative Daily Exchange Rates,https://api.nbe.gov.et/api/filter-exchange-rates,https://nbe.gov.et/exchange/indicatives-rates/,2026-08-14T07:44:46.475333Z
2025-08-08,ETH,Ethiopia,ETB,Ethiopian birr,138.9665,USD,LCU_per_USD,nbe_indicative_weighted_average,Indicative weighted-average reference rate based on prior-day bank transactions.,reported_public_series,NBE_DAILY_FX,Indicative Daily Exchange Rates,https://api.nbe.gov.et/api/filter-exchange-rates,https://nbe.gov.et/exchange/indicatives-rates/,2026-08-14T07:44:47.822354Z
2025-08-11,ETH,Ethiopia,ETB,Ethiopian birr,139.5847,USD,LCU_per_USD,nbe_indicative_weighted_average,Indicative weighted-average reference rate based on prior-day bank transactions.,reported_public_series,NBE_DAILY_FX,Indicative Daily Exchange Rates,https://api.nbe.gov.et/api/filter-exchange-rates,https://nbe.gov.et/exchange/indicatives-rates/,2026-08-14T07:44:49.187528Z
2025-08-12,ETH,Ethiopia,ETB,Ethiopian birr,139.9001,USD,LCU_per_USD,nbe_indicative_weighted_average,Indicative weighted-average reference rate based on prior-day bank transactions.,reported_public_series,NBE_DAILY_FX,Indicative Daily Exchange Rates,https://api.nbe.gov.et/api/filter-exchange-rates,https://nbe.gov.et/exchange/indicatives-rates/,2026-08-14T07:44:50.596726Z
2025-08-13,ETH,Ethiopia,ETB,Ethiopian birr,140.1513,USD,LCU_per_USD,nbe_indicative_weighted_average,Indicative weighted-average reference rate based on prior-day bank transactions.,reported_public_series,NBE_DAILY_FX,Indicative Daily Exchange Rates,https://api.nbe.gov.et/api/filter-exchange-rates,https://nbe.gov.et/exchange/indicatives-rates/,2026-08-14T07:44:51.993925Z
2025-08-14,ETH,Ethiopia,ETB,Ethiopian birr,140.341,USD,LCU_per_USD,nbe_indicative_weighted_average,Indicative weighted-average reference rate based on prior-day bank transactions.,reported_public_series,NBE_DAILY_FX,Indicative Daily Exchange Rates,https://api.nbe.gov.et/api/filter-exchange-rates,https://nbe.gov.et/exchange/indicatives-rates/,2026-08-14T07:44:53.350849Z
2025-08-15,ETH,Ethiopia,ETB,Ethiopian birr,141.1108,USD,LCU_per_USD,nbe_indicative_weighted_average,Indicative weighted-average reference rate based on prior-day bank transactions.,reported_public_series,NBE_DAILY_FX,Indicative Daily Exchange Rates,https://api.nbe.gov.et/api/filter-exchange-rates,https://nbe.gov.et/exchange/indicatives-rates/,2026-08-14T07:44:54.720761Z
2025-08-18,ETH,Ethiopia,ETB,Ethiopian birr,140.6466,USD,LCU_per_USD,nbe_indicative_weighted_average,Indicative weighted-average reference rate based on prior-day bank transactions.,reported_public_series,NBE_DAILY_FX,Indicative Daily Exchange Rates,https://api.nbe.gov.et/api/filter-exchange-rates,https://nbe.gov.et/exchange/indicatives-rates/,2026-08-14T07:44:56.798392Z
2025-08-19,ETH,Ethiopia,ETB,Ethiopian birr,140.9465,USD,LCU_per_USD,nbe_indicative_weighted_average,Indicative weighted-average reference rate based on prior-day bank transactions.,reported_public_series,NBE_DAILY_FX,Indicative Daily Exchange Rates,https://api.nbe.gov.et/api/filter-exchange-rates,https://nbe.gov.et/exchange/indicatives-rates/,2026-08-14T07:44:58.198685Z
2025-08-20,ETH,Ethiopia,ETB,Ethiopian birr,141.7795,USD,LCU_per_USD,nbe_indicative_weighted_average,Indicative weighted-average reference rate based on prior-day bank transactions.,reported_public_series,NBE_DAILY_FX,Indicative Daily Exchange Rates,https://api.nbe.gov.et/api/filter-exchange-rates,https://nbe.gov.et/exchange/indicatives-rates/,2026-08-14T07:44:59.961743Z
2025-08-21,ETH,Ethiopia,ETB,Ethiopian birr,141.349,USD,LCU_per_USD,nbe_indicative_weighted_average,Indicative weighted-average reference rate based on prior-day bank transactions.,reported_public_series,NBE_DAILY_FX,Indicative Daily Exchange Rates,https://api.nbe.gov.et/api/filter-exchange-rates,https://nbe.gov.et/exchange/indicatives-rates/,2026-08-14T07:45:01.865359Z
2025-08-22,ETH,Ethiopia,ETB,Ethiopian birr,141.2546,USD,LCU_per_USD,nbe_indicative_weighted_average,Indicative weighted-average reference rate based on prior-day bank transactions.,reported_public_series,NBE_DAILY_FX,Indicative Daily Exchange Rates,https://api.nbe.gov.et/api/filter-exchange-rates,https://nbe.gov.et/exchange/indicatives-rates/,2026-08-14T07:45:03.275304Z
2025-08-25,ETH,Ethiopia,ETB,Ethiopian birr,141.5006,USD,LCU_per_USD,nbe_indicative_weighted_average,Indicative weighted-average reference rate based on prior-day bank transactions.,reported_public_series,NBE_DAILY_FX,Indicative Daily Exchange Rates,https://api.nbe.gov.et/api/filter-exchange-rates,https://nbe.gov.et/exchange/indicatives-rates/,2026-08-14T07:45:04.694988Z
2025-08-26,ETH,Ethiopia,ETB,Ethiopian birr,141.8961,USD,LCU_per_USD,nbe_indicative_weighted_average,Indicative weighted-average reference rate based on prior-day bank transactions.,reported_public_series,NBE_DAILY_FX,Indicative Daily Exchange Rates,https://api.nbe.gov.et/api/filter-exchange-rates,https://nbe.gov.et/exchange/indicatives-rates/,2026-08-14T07:45:06.794031Z
2025-08-27,ETH,Ethiopia,ETB,Ethiopian birr,142.8343,USD,LCU_per_USD,nbe_indicative_weighted_average,Indicative weighted-average reference rate based on prior-day bank transactions.,reported_public_series,NBE_DAILY_FX,Indicative Daily Exchange Rates,https://api.nbe.gov.et/api/filter-exchange-rates,https://nbe.gov.et/exchange/indicatives-rates/,2026-08-14T07:45:09.358846Z
2025-08-28,ETH,Ethiopia,ETB,Ethiopian birr,142.4291,USD,LCU_per_USD,nbe_indicative_weighted_average,Indicative weighted-average reference rate based on prior-day bank transactions.,reported_public_series,NBE_DAILY_FX,Indicative Daily Exchange Rates,https://api.nbe.gov.et/api/filter-exchange-rates,https://nbe.gov.et/exchange/indicatives-rates/,2026-08-14T07:45:10.865914Z
2025-08-29,ETH,Ethiopia,ETB,Ethiopian birr,141.747,USD,LCU_per_USD,nbe_indicative_weighted_average,Indicative weighted-average reference rate based on prior-day bank transactions.,reported_public_series,NBE_DAILY_FX,Indicative Daily Exchange Rates,https://api.nbe.gov.et/api/filter-exchange-rates,https://nbe.gov.et/exchange/indicatives-rates/,2026-08-14T07:45:12.352481Z
2025-09-01,ETH,Ethiopia,ETB,Ethiopian birr,142.8874,USD,LCU_per_USD,nbe_indicative_weighted_average,Indicative weighted-average reference rate based on prior-day bank transactions.,reported_public_series,NBE_DAILY_FX,Indicative Daily Exchange Rates,https://api.nbe.gov.et/api/filter-exchange-rates,https://nbe.gov.et/exchange/indicatives-rates/,2026-08-14T07:45:13.858355Z
2025-09-02,ETH,Ethiopia,ETB,Ethiopian birr,142.5965,USD,LCU_per_USD,nbe_indicative_weighted_average,Indicative weighted-average reference rate based on prior-day bank transactions.,reported_public_series,NBE_DAILY_FX,Indicative Daily Exchange Rates,https://api.nbe.gov.et/api/filter-exchange-rates,https://nbe.gov.et/exchange/indicatives-rates/,2026-08-14T07:45:15.282886Z
2025-09-03,ETH,Ethiopia,ETB,Ethiopian birr,142.547,USD,LCU_per_USD,nbe_indicative_weighted_average,Indicative weighted-average reference rate based on prior-day bank transactions.,reported_public_series,NBE_DAILY_FX,Indicative Daily Exchange Rates,https://api.nbe.gov.et/api/filter-exchange-rates,https://nbe.gov.et/exchange/indicatives-rates/,2026-08-14T07:45:17.309572Z
2025-09-05,ETH,Ethiopia,ETB,Ethiopian birr,142.1466,USD,LCU_per_USD,nbe_indicative_weighted_average,Indicative weighted-average reference rate based on prior-day bank transactions.,reported_public_series,NBE_DAILY_FX,Indicative Daily Exchange Rates,https://api.nbe.gov.et/api/filter-exchange-rates,https://nbe.gov.et/exchange/indicatives-rates/,2026-08-14T07:45:20.014766Z
2025-09-08,ETH,Ethiopia,ETB,Ethiopian birr,142.6691,USD,LCU_per_USD,nbe_indicative_weighted_average,Indicative weighted-average reference rate based on prior-day bank transactions.,reported_public_series,NBE_DAILY_FX,Indicative Daily Exchange Rates,https://api.nbe.gov.et/api/filter-exchange-rates,https://nbe.gov.et/exchange/indicatives-rates/,2026-08-14T07:45:21.348922Z
2025-09-09,ETH,Ethiopia,ETB,Ethiopian birr,143.3488,USD,LCU_per_USD,nbe_indicative_weighted_average,Indicative weighted-average reference rate based on prior-day bank transactions.,reported_public_series,NBE_DAILY_FX,Indicative Daily Exchange Rates,https://api.nbe.gov.et/api/filter-exchange-rates,https://nbe.gov.et/exchange/indicatives-rates/,2026-08-14T07:45:23.523390Z
2025-09-10,ETH,Ethiopia,ETB,Ethiopian birr,143.0832,USD,LCU_per_USD,nbe_indicative_weighted_average,Indicative weighted-average reference rate based on prior-day bank transactions.,reported_public_series,NBE_DAILY_FX,Indicative Daily Exchange Rates,https://api.nbe.gov.et/api/filter-exchange-rates,https://nbe.gov.et/exchange/indicatives-rates/,2026-08-14T07:45:24.973138Z
2025-09-12,ETH,Ethiopia,ETB,Ethiopian birr,143.6171,USD,LCU_per_USD,nbe_indicative_weighted_average,Indicative weighted-average reference rate based on prior-day bank transactions.,reported_public_series,NBE_DAILY_FX,Indicative Daily Exchange Rates,https://api.nbe.gov.et/api/filter-exchange-rates,https://nbe.gov.et/exchange/indicatives-rates/,2026-08-14T07:45:29.443396Z
2025-09-15,ETH,Ethiopia,ETB,Ethiopian birr,143.8899,USD,LCU_per_USD,nbe_indicative_weighted_average,Indicative weighted-average reference rate based on prior-day bank transactions.,reported_public_series,NBE_DAILY_FX,Indicative Daily Exchange Rates,https://api.nbe.gov.et/api/filter-exchange-rates,https://nbe.gov.et/exchange/indicatives-rates/,2026-08-14T07:45:31.265618Z
2025-09-16,ETH,Ethiopia,ETB,Ethiopian birr,144.4191,USD,LCU_per_USD,nbe_indicative_weighted_average,Indicative weighted-average reference rate based on prior-day bank transactions.,reported_public_series,NBE_DAILY_FX,Indicative Daily Exchange Rates,https://api.nbe.gov.et/api/filter-exchange-rates,https://nbe.gov.et/exchange/indicatives-rates/,2026-08-14T07:45:34.988779Z
2025-09-17,ETH,Ethiopia,ETB,Ethiopian birr,143.3278,USD,LCU_per_USD,nbe_indicative_weighted_average,Indicative weighted-average reference rate based on prior-day bank transactions.,reported_public_series,NBE_DAILY_FX,Indicative Daily Exchange Rates,https://api.nbe.gov.et/api/filter-exchange-rates,https://nbe.gov.et/exchange/indicatives-rates/,2026-08-14T07:45:37.373113Z
2025-09-18,ETH,Ethiopia,ETB,Ethiopian birr,143.0415,USD,LCU_per_USD,nbe_indicative_weighted_average,Indicative weighted-average reference rate based on prior-day bank transactions.,reported_public_series,NBE_DAILY_FX,Indicative Daily Exchange Rates,https://api.nbe.gov.et/api/filter-exchange-rates,https://nbe.gov.et/exchange/indicatives-rates/,2026-08-14T07:45:39.839890Z
2025-09-19,ETH,Ethiopia,ETB,Ethiopian birr,143.7036,USD,LCU_per_USD,nbe_indicative_weighted_average,Indicative weighted-average reference rate based on prior-day bank transactions.,reported_public_series,NBE_DAILY_FX,Indicative Daily Exchange Rates,https://api.nbe.gov.et/api/filter-exchange-rates,https://nbe.gov.et/exchange/indicatives-rates/,2026-08-14T07:45:41.416264Z
2025-09-22,ETH,Ethiopia,ETB,Ethiopian birr,145.9446,USD,LCU_per_USD,nbe_indicative_weighted_average,Indicative weighted-average reference rate based on prior-day bank transactions.,reported_public_series,NBE_DAILY_FX,Indicative Daily Exchange Rates,https://api.nbe.gov.et/api/filter-exchange-rates,https://nbe.gov.et/exchange/indicatives-rates/,2026-08-14T07:45:43.090947Z
2025-09-23,ETH,Ethiopia,ETB,Ethiopian birr,144.8605,USD,LCU_per_USD,nbe_indicative_weighted_average,Indicative weighted-average reference rate based on prior-day bank transactions.,reported_public_series,NBE_DAILY_FX,Indicative Daily Exchange Rates,https://api.nbe.gov.et/api/filter-exchange-rates,https://nbe.gov.et/exchange/indicatives-rates/,2026-08-14T07:45:45.187160Z
2025-09-24,ETH,Ethiopia,ETB,Ethiopian birr,144.638,USD,LCU_per_USD,nbe_indicative_weighted_average,Indicative weighted-average reference rate based on prior-day bank transactions.,reported_public_series,NBE_DAILY_FX,Indicative Daily Exchange Rates,https://api.nbe.gov.et/api/filter-exchange-rates,https://nbe.gov.et/exchange/indicatives-rates/,2026-08-14T07:45:46.589872Z
2025-09-25,ETH,Ethiopia,ETB,Ethiopian birr,144.3346,USD,LCU_per_USD,nbe_indicative_weighted_average,Indicative weighted-average reference rate based on prior-day bank transactions.,reported_public_series,NBE_DAILY_FX,Indicative Daily Exchange Rates,https://api.nbe.gov.et/api/filter-exchange-rates,https://nbe.gov.et/exchange/indicatives-rates/,2026-08-14T07:45:48.119724Z
2025-09-26,ETH,Ethiopia,ETB,Ethiopian birr,144.3877,USD,LCU_per_USD,nbe_indicative_weighted_average,Indicative weighted-average reference rate based on prior-day bank transactions.,reported_public_series,NBE_DAILY_FX,Indicative Daily Exchange Rates,https://api.nbe.gov.et/api/filter-exchange-rates,https://nbe.gov.et/exchange/indicatives-rates/,2026-08-14T07:45:49.654603Z
2025-09-29,ETH,Ethiopia,ETB,Ethiopian birr,144.7301,USD,LCU_per_USD,nbe_indicative_weighted_average,Indicative weighted-average reference rate based on prior-day bank transactions.,reported_public_series,NBE_DAILY_FX,Indicative Daily Exchange Rates,https://api.nbe.gov.et/api/filter-exchange-rates,https://nbe.gov.et/exchange/indicatives-rates/,2026-08-14T07:45:54.223950Z
2025-09-30,ETH,Ethiopia,ETB,Ethiopian birr,146.4178,USD,LCU_per_USD,nbe_indicative_weighted_average,Indicative weighted-average reference rate based on prior-day bank transactions.,reported_public_series,NBE_DAILY_FX,Indicative Daily Exchange Rates,https://api.nbe.gov.et/api/filter-exchange-rates,https://nbe.gov.et/exchange/indicatives-rates/,2026-08-14T07:45:55.592989Z
2025-10-01,ETH,Ethiopia,ETB,Ethiopian birr,144.6304,USD,LCU_per_USD,nbe_indicative_weighted_average,Indicative weighted-average reference rate based on prior-day bank transactions.,reported_public_series,NBE_DAILY_FX,Indicative Daily Exchange Rates,https://api.nbe.gov.et/api/filter-exchange-rates,https://nbe.gov.et/exchange/indicatives-rates/,2026-08-14T07:45:56.947222Z
2025-10-02,ETH,Ethiopia,ETB,Ethiopian birr,144.2135,USD,LCU_per_USD,nbe_indicative_weighted_average,Indicative weighted-average reference rate based on prior-day bank transactions.,reported_public_series,NBE_DAILY_FX,Indicative Daily Exchange Rates,https://api.nbe.gov.et/api/filter-exchange-rates,https://nbe.gov.et/exchange/indicatives-rates/,2026-08-14T07:45:58.492532Z
2025-10-03,ETH,Ethiopia,ETB,Ethiopian birr,145.0193,USD,LCU_per_USD,nbe_indicative_weighted_average,Indicative weighted-average reference rate based on prior-day bank transactions.,reported_public_series,NBE_DAILY_FX,Indicative Daily Exchange Rates,https://api.nbe.gov.et/api/filter-exchange-rates,https://nbe.gov.et/exchange/indicatives-rates/,2026-08-14T07:45:59.941608Z
2025-10-06,ETH,Ethiopia,ETB,Ethiopian birr,144.4723,USD,LCU_per_USD,nbe_indicative_weighted_average,Indicative weighted-average reference rate based on prior-day bank transactions.,reported_public_series,NBE_DAILY_FX,Indicative Daily Exchange Rates,https://api.nbe.gov.et/api/filter-exchange-rates,https://nbe.gov.et/exchange/indicatives-rates/,2026-08-14T07:46:02.014706Z
2025-10-07,ETH,Ethiopia,ETB,Ethiopian birr,144.9308,USD,LCU_per_USD,nbe_indicative_weighted_average,Indicative weighted-average reference rate based on prior-day bank transactions.,reported_public_series,NBE_DAILY_FX,Indicative Daily Exchange Rates,https://api.nbe.gov.et/api/filter-exchange-rates,https://nbe.gov.et/exchange/indicatives-rates/,2026-08-14T07:46:07.984853Z
2025-10-08,ETH,Ethiopia,ETB,Ethiopian birr,146.0949,USD,LCU_per_USD,nbe_indicative_weighted_average,Indicative weighted-average reference rate based on prior-day bank transactions.,reported_public_series,NBE_DAILY_FX,Indicative Daily Exchange Rates,https://api.nbe.gov.et/api/filter-exchange-rates,https://nbe.gov.et/exchange/indicatives-rates/,2026-08-14T07:46:10.611419Z
2025-10-09,ETH,Ethiopia,ETB,Ethiopian birr,146.9208,USD,LCU_per_USD,nbe_indicative_weighted_average,Indicative weighted-average reference rate based on prior-day bank transactions.,reported_public_series,NBE_DAILY_FX,Indicative Daily Exchange Rates,https://api.nbe.gov.et/api/filter-exchange-rates,https://nbe.gov.et/exchange/indicatives-rates/,2026-08-14T07:46:12.008588Z
2025-10-10,ETH,Ethiopia,ETB,Ethiopian birr,146.2556,USD,LCU_per_USD,nbe_indicative_weighted_average,Indicative weighted-average reference rate based on prior-day bank transactions.,reported_public_series,NBE_DAILY_FX,Indicative Daily Exchange Rates,https://api.nbe.gov.et/api/filter-exchange-rates,https://nbe.gov.et/exchange/indicatives-rates/,2026-08-14T07:46:13.451108Z
2025-10-13,ETH,Ethiopia,ETB,Ethiopian birr,146.4194,USD,LCU_per_USD,nbe_indicative_weighted_average,Indicative weighted-average reference rate based on prior-day bank transactions.,reported_public_series,NBE_DAILY_FX,Indicative Daily Exchange Rates,https://api.nbe.gov.et/api/filter-exchange-rates,https://nbe.gov.et/exchange/indicatives-rates/,2026-08-14T07:46:14.828386Z
2025-10-14,ETH,Ethiopia,ETB,Ethiopian birr,147.1847,USD,LCU_per_USD,nbe_indicative_weighted_average,Indicative weighted-average reference rate based on prior-day bank transactions.,reported_public_series,NBE_DAILY_FX,Indicative Daily Exchange Rates,https://api.nbe.gov.et/api/filter-exchange-rates,https://nbe.gov.et/exchange/indicatives-rates/,2026-08-14T07:46:16.502272Z
2025-10-15,ETH,Ethiopia,ETB,Ethiopian birr,147.3474,USD,LCU_per_USD,nbe_indicative_weighted_average,Indicative weighted-average reference rate based on prior-day bank transactions.,reported_public_series,NBE_DAILY_FX,Indicative Daily Exchange Rates,https://api.nbe.gov.et/api/filter-exchange-rates,https://nbe.gov.et/exchange/indicatives-rates/,2026-08-14T07:46:18.075039Z
2025-10-16,ETH,Ethiopia,ETB,Ethiopian birr,148.1315,USD,LCU_per_USD,nbe_indicative_weighted_average,Indicative weighted-average reference rate based on prior-day bank transactions.,reported_public_series,NBE_DAILY_FX,Indicative Daily Exchange Rates,https://api.nbe.gov.et/api/filter-exchange-rates,https://nbe.gov.et/exchange/indicatives-rates/,2026-08-14T07:46:19.466187Z
2025-10-17,ETH,Ethiopia,ETB,Ethiopian birr,149.4779,USD,LCU_per_USD,nbe_indicative_weighted_average,Indicative weighted-average reference rate based on prior-day bank transactions.,reported_public_series,NBE_DAILY_FX,Indicative Daily Exchange Rates,https://api.nbe.gov.et/api/filter-exchange-rates,https://nbe.gov.et/exchange/indicatives-rates/,2026-08-14T07:46:21.173588Z
2025-10-20,ETH,Ethiopia,ETB,Ethiopian birr,150.3312,USD,LCU_per_USD,nbe_indicative_weighted_average,Indicative weighted-average reference rate based on prior-day bank transactions.,reported_public_series,NBE_DAILY_FX,Indicative Daily Exchange Rates,https://api.nbe.gov.et/api/filter-exchange-rates,https://nbe.gov.et/exchange/indicatives-rates/,2026-08-14T07:46:22.512718Z
2025-10-21,ETH,Ethiopia,ETB,Ethiopian birr,149.6927,USD,LCU_per_USD,nbe_indicative_weighted_average,Indicative weighted-average reference rate based on prior-day bank transactions.,reported_public_series,NBE_DAILY_FX,Indicative Daily Exchange Rates,https://api.nbe.gov.et/api/filter-exchange-rates,https://nbe.gov.et/exchange/indicatives-rates/,2026-08-14T07:46:23.913096Z
2025-10-22,ETH,Ethiopia,ETB,Ethiopian birr,150.9102,USD,LCU_per_USD,nbe_indicative_weighted_average,Indicative weighted-average reference rate based on prior-day bank transactions.,reported_public_series,NBE_DAILY_FX,Indicative Daily Exchange Rates,https://api.nbe.gov.et/api/filter-exchange-rates,https://nbe.gov.et/exchange/indicatives-rates/,2026-08-14T07:46:25.851961Z
2025-10-23,ETH,Ethiopia,ETB,Ethiopian birr,152.5759,USD,LCU_per_USD,nbe_indicative_weighted_average,Indicative weighted-average reference rate based on prior-day bank transactions.,reported_public_series,NBE_DAILY_FX,Indicative Daily Exchange Rates,https://api.nbe.gov.et/api/filter-exchange-rates,https://nbe.gov.et/exchange/indicatives-rates/,2026-08-14T07:46:27.207350Z
2025-10-24,ETH,Ethiopia,ETB,Ethiopian birr,150.963,USD,LCU_per_USD,nbe_indicative_weighted_average,Indicative weighted-average reference rate based on prior-day bank transactions.,reported_public_series,NBE_DAILY_FX,Indicative Daily Exchange Rates,https://api.nbe.gov.et/api/filter-exchange-rates,https://nbe.gov.et/exchange/indicatives-rates/,2026-08-14T07:46:28.569647Z
2025-10-27,ETH,Ethiopia,ETB,Ethiopian birr,151.528,USD,LCU_per_USD,nbe_indicative_weighted_average,Indicative weighted-average reference rate based on prior-day bank transactions.,reported_public_series,NBE_DAILY_FX,Indicative Daily Exchange Rates,https://api.nbe.gov.et/api/filter-exchange-rates,https://nbe.gov.et/exchange/indicatives-rates/,2026-08-14T07:46:29.913083Z
2025-10-28,ETH,Ethiopia,ETB,Ethiopian birr,152.91,USD,LCU_per_USD,nbe_indicative_weighted_average,Indicative weighted-average reference rate based on prior-day bank transactions.,reported_public_series,NBE_DAILY_FX,Indicative Daily Exchange Rates,https://api.nbe.gov.et/api/filter-exchange-rates,https://nbe.gov.et/exchange/indicatives-rates/,2026-08-14T07:46:32.012972Z
2025-10-29,ETH,Ethiopia,ETB,Ethiopian birr,153.1947,USD,LCU_per_USD,nbe_indicative_weighted_average,Indicative weighted-average reference rate based on prior-day bank transactions.,reported_public_series,NBE_DAILY_FX,Indicative Daily Exchange Rates,https://api.nbe.gov.et/api/filter-exchange-rates,https://nbe.gov.et/exchange/indicatives-rates/,2026-08-14T07:46:34.560939Z
2025-10-30,ETH,Ethiopia,ETB,Ethiopian birr,153.5658,USD,LCU_per_USD,nbe_indicative_weighted_average,Indicative weighted-average reference rate based on prior-day bank transactions.,reported_public_series,NBE_DAILY_FX,Indicative Daily Exchange Rates,https://api.nbe.gov.et/api/filter-exchange-rates,https://nbe.gov.et/exchange/indicatives-rates/,2026-08-14T07:46:35.908224Z
2025-10-31,ETH,Ethiopia,ETB,Ethiopian birr,152.1386,USD,LCU_per_USD,nbe_indicative_weighted_average,Indicative weighted-average reference rate based on prior-day bank transactions.,reported_public_series,NBE_DAILY_FX,Indicative Daily Exchange Rates,https://api.nbe.gov.et/api/filter-exchange-rates,https://nbe.gov.et/exchange/indicatives-rates/,2026-08-14T07:46:37.321803Z
2025-11-03,ETH,Ethiopia,ETB,Ethiopian birr,152.6746,USD,LCU_per_USD,nbe_indicative_weighted_average,Indicative weighted-average reference rate based on prior-day bank transactions.,reported_public_series,NBE_DAILY_FX,Indicative Daily Exchange Rates,https://api.nbe.gov.et/api/filter-exchange-rates,https://nbe.gov.et/exchange/indicatives-rates/,2026-08-14T07:46:40.579199Z
2025-11-04,ETH,Ethiopia,ETB,Ethiopian birr,153.0087,USD,LCU_per_USD,nbe_indicative_weighted_average,Indicative weighted-average reference rate based on prior-day bank transactions.,reported_public_series,NBE_DAILY_FX,Indicative Daily Exchange Rates,https://api.nbe.gov.et/api/filter-exchange-rates,https://nbe.gov.et/exchange/indicatives-rates/,2026-08-14T07:46:41.961918Z
2025-11-05,ETH,Ethiopia,ETB,Ethiopian birr,153.0382,USD,LCU_per_USD,nbe_indicative_weighted_average,Indicative weighted-average reference rate based on prior-day bank transactions.,reported_public_series,NBE_DAILY_FX,Indicative Daily Exchange Rates,https://api.nbe.gov.et/api/filter-exchange-rates,https://nbe.gov.et/exchange/indicatives-rates/,2026-08-14T07:46:44.212339Z
2025-11-06,ETH,Ethiopia,ETB,Ethiopian birr,153.8702,USD,LCU_per_USD,nbe_indicative_weighted_average,Indicative weighted-average reference rate based on prior-day bank transactions.,reported_public_series,NBE_DAILY_FX,Indicative Daily Exchange Rates,https://api.nbe.gov.et/api/filter-exchange-rates,https://nbe.gov.et/exchange/indicatives-rates/,2026-08-14T07:46:45.605481Z
2025-11-07,ETH,Ethiopia,ETB,Ethiopian birr,153.0671,USD,LCU_per_USD,nbe_indicative_weighted_average,Indicative weighted-average reference rate based on prior-day bank transactions.,reported_public_series,NBE_DAILY_FX,Indicative Daily Exchange Rates,https://api.nbe.gov.et/api/filter-exchange-rates,https://nbe.gov.et/exchange/indicatives-rates/,2026-08-14T07:46:47.004000Z
2025-11-10,ETH,Ethiopia,ETB,Ethiopian birr,153.1498,USD,LCU_per_USD,nbe_indicative_weighted_average,Indicative weighted-average reference rate based on prior-day bank transactions.,reported_public_series,NBE_DAILY_FX,Indicative Daily Exchange Rates,https://api.nbe.gov.et/api/filter-exchange-rates,https://nbe.gov.et/exchange/indicatives-rates/,2026-08-14T07:46:49.078669Z
2025-11-11,ETH,Ethiopia,ETB,Ethiopian birr,154.32,USD,LCU_per_USD,nbe_indicative_weighted_average,Indicative weighted-average reference rate based on prior-day bank transactions.,reported_public_series,NBE_DAILY_FX,Indicative Daily Exchange Rates,https://api.nbe.gov.et/api/filter-exchange-rates,https://nbe.gov.et/exchange/indicatives-rates/,2026-08-14T07:46:50.573153Z
2025-11-12,ETH,Ethiopia,ETB,Ethiopian birr,153.1004,USD,LCU_per_USD,nbe_indicative_weighted_average,Indicative weighted-average reference rate based on prior-day bank transactions.,reported_public_series,NBE_DAILY_FX,Indicative Daily Exchange Rates,https://api.nbe.gov.et/api/filter-exchange-rates,https://nbe.gov.et/exchange/indicatives-rates/,2026-08-14T07:46:51.912711Z
2025-11-13,ETH,Ethiopia,ETB,Ethiopian birr,154.4359,USD,LCU_per_USD,nbe_indicative_weighted_average,Indicative weighted-average reference rate based on prior-day bank transactions.,reported_public_series,NBE_DAILY_FX,Indicative Daily Exchange Rates,https://api.nbe.gov.et/api/filter-exchange-rates,https://nbe.gov.et/exchange/indicatives-rates/,2026-08-14T07:46:53.436616Z
2025-11-14,ETH,Ethiopia,ETB,Ethiopian birr,155.6656,USD,LCU_per_USD,nbe_indicative_weighted_average,Indicative weighted-average reference rate based on prior-day bank transactions.,reported_public_series,NBE_DAILY_FX,Indicative Daily Exchange Rates,https://api.nbe.gov.et/api/filter-exchange-rates,https://nbe.gov.et/exchange/indicatives-rates/,2026-08-14T07:46:54.794836Z
2025-11-17,ETH,Ethiopia,ETB,Ethiopian birr,154.7474,USD,LCU_per_USD,nbe_indicative_weighted_average,Indicative weighted-average reference rate based on prior-day bank transactions.,reported_public_series,NBE_DAILY_FX,Indicative Daily Exchange Rates,https://api.nbe.gov.et/api/filter-exchange-rates,https://nbe.gov.et/exchange/indicatives-rates/,2026-08-14T07:46:56.921078Z
2025-11-18,ETH,Ethiopia,ETB,Ethiopian birr,154.2783,USD,LCU_per_USD,nbe_indicative_weighted_average,Indicative weighted-average reference rate based on prior-day bank transactions.,reported_public_series,NBE_DAILY_FX,Indicative Daily Exchange Rates,https://api.nbe.gov.et/api/filter-exchange-rates,https://nbe.gov.et/exchange/indicatives-rates/,2026-08-14T07:46:58.270697Z
2025-11-19,ETH,Ethiopia,ETB,Ethiopian birr,153.9106,USD,LCU_per_USD,nbe_indicative_weighted_average,Indicative weighted-average reference rate based on prior-day bank transactions.,reported_public_series,NBE_DAILY_FX,Indicative Daily Exchange Rates,https://api.nbe.gov.et/api/filter-exchange-rates,https://nbe.gov.et/exchange/indicatives-rates/,2026-08-14T07:47:01.279099Z
2025-11-20,ETH,Ethiopia,ETB,Ethiopian birr,154.2879,USD,LCU_per_USD,nbe_indicative_weighted_average,Indicative weighted-average reference rate based on prior-day bank transactions.,reported_public_series,NBE_DAILY_FX,Indicative Daily Exchange Rates,https://api.nbe.gov.et/api/filter-exchange-rates,https://nbe.gov.et/exchange/indicatives-rates/,2026-08-14T07:47:03.147369Z
2025-11-21,ETH,Ethiopia,ETB,Ethiopian birr,154.0899,USD,LCU_per_USD,nbe_indicative_weighted_average,Indicative weighted-average reference rate based on prior-day bank transactions.,reported_public_series,NBE_DAILY_FX,Indicative Daily Exchange Rates,https://api.nbe.gov.et/api/filter-exchange-rates,https://nbe.gov.et/exchange/indicatives-rates/,2026-08-14T07:47:04.616006Z
2025-11-24,ETH,Ethiopia,ETB,Ethiopian birr,153.1144,USD,LCU_per_USD,nbe_indicative_weighted_average,Indicative weighted-average reference rate based on prior-day bank transactions.,reported_public_series,NBE_DAILY_FX,Indicative Daily Exchange Rates,https://api.nbe.gov.et/api/filter-exchange-rates,https://nbe.gov.et/exchange/indicatives-rates/,2026-08-14T07:47:06.284236Z
2025-11-25,ETH,Ethiopia,ETB,Ethiopian birr,153.957,USD,LCU_per_USD,nbe_indicative_weighted_average,Indicative weighted-average reference rate based on prior-day bank transactions.,reported_public_series,NBE_DAILY_FX,Indicative Daily Exchange Rates,https://api.nbe.gov.et/api/filter-exchange-rates,https://nbe.gov.et/exchange/indicatives-rates/,2026-08-14T07:47:08.001071Z
2025-11-26,ETH,Ethiopia,ETB,Ethiopian birr,153.8224,USD,LCU_per_USD,nbe_indicative_weighted_average,Indicative weighted-average reference rate based on prior-day bank transactions.,reported_public_series,NBE_DAILY_FX,Indicative Daily Exchange Rates,https://api.nbe.gov.et/api/filter-exchange-rates,https://nbe.gov.et/exchange/indicatives-rates/,2026-08-14T07:47:09.366702Z
2025-11-27,ETH,Ethiopia,ETB,Ethiopian birr,153.8858,USD,LCU_per_USD,nbe_indicative_weighted_average,Indicative weighted-average reference rate based on prior-day bank transactions.,reported_public_series,NBE_DAILY_FX,Indicative Daily Exchange Rates,https://api.nbe.gov.et/api/filter-exchange-rates,https://nbe.gov.et/exchange/indicatives-rates/,2026-08-14T07:47:11.441923Z
2025-11-28,ETH,Ethiopia,ETB,Ethiopian birr,153.0288,USD,LCU_per_USD,nbe_indicative_weighted_average,Indicative weighted-average reference rate based on prior-day bank transactions.,reported_public_series,NBE_DAILY_FX,Indicative Daily Exchange Rates,https://api.nbe.gov.et/api/filter-exchange-rates,https://nbe.gov.et/exchange/indicatives-rates/,2026-08-14T07:47:14.638102Z
2025-12-01,ETH,Ethiopia,ETB,Ethiopian birr,153.9499,USD,LCU_per_USD,nbe_indicative_weighted_average,Indicative weighted-average reference rate based on prior-day bank transactions.,reported_public_series,NBE_DAILY_FX,Indicative Daily Exchange Rates,https://api.nbe.gov.et/api/filter-exchange-rates,https://nbe.gov.et/exchange/indicatives-rates/,2026-08-14T07:47:16.116638Z
2025-12-02,ETH,Ethiopia,ETB,Ethiopian birr,154.3112,USD,LCU_per_USD,nbe_indicative_weighted_average,Indicative weighted-average reference rate based on prior-day bank transactions.,reported_public_series,NBE_DAILY_FX,Indicative Daily Exchange Rates,https://api.nbe.gov.et/api/filter-exchange-rates,https://nbe.gov.et/exchange/indicatives-rates/,2026-08-14T07:47:17.683653Z
2025-12-03,ETH,Ethiopia,ETB,Ethiopian birr,155.4285,USD,LCU_per_USD,nbe_indicative_weighted_average,Indicative weighted-average reference rate based on prior-day bank transactions.,reported_public_series,NBE_DAILY_FX,Indicative Daily Exchange Rates,https://api.nbe.gov.et/api/filter-exchange-rates,https://nbe.gov.et/exchange/indicatives-rates/,2026-08-14T07:47:19.102554Z
2025-12-04,ETH,Ethiopia,ETB,Ethiopian birr,154.6093,USD,LCU_per_USD,nbe_indicative_weighted_average,Indicative weighted-average reference rate based on prior-day bank transactions.,reported_public_series,NBE_DAILY_FX,Indicative Daily Exchange Rates,https://api.nbe.gov.et/api/filter-exchange-rates,https://nbe.gov.et/exchange/indicatives-rates/,2026-08-14T07:47:20.928173Z
2025-12-05,ETH,Ethiopia,ETB,Ethiopian birr,154.9523,USD,LCU_per_USD,nbe_indicative_weighted_average,Indicative weighted-average reference rate based on prior-day bank transactions.,reported_public_series,NBE_DAILY_FX,Indicative Daily Exchange Rates,https://api.nbe.gov.et/api/filter-exchange-rates,https://nbe.gov.et/exchange/indicatives-rates/,2026-08-14T07:47:22.306006Z
2025-12-08,ETH,Ethiopia,ETB,Ethiopian birr,154.8124,USD,LCU_per_USD,nbe_indicative_weighted_average,Indicative weighted-average reference rate based on prior-day bank transactions.,reported_public_series,NBE_DAILY_FX,Indicative Daily Exchange Rates,https://api.nbe.gov.et/api/filter-exchange-rates,https://nbe.gov.et/exchange/indicatives-rates/,2026-08-14T07:47:24.184322Z
2025-12-09,ETH,Ethiopia,ETB,Ethiopian birr,155.2664,USD,LCU_per_USD,nbe_indicative_weighted_average,Indicative weighted-average reference rate based on prior-day bank transactions.,reported_public_series,NBE_DAILY_FX,Indicative Daily Exchange Rates,https://api.nbe.gov.et/api/filter-exchange-rates,https://nbe.gov.et/exchange/indicatives-rates/,2026-08-14T07:47:27.203285Z
2025-12-10,ETH,Ethiopia,ETB,Ethiopian birr,155.2181,USD,LCU_per_USD,nbe_indicative_weighted_average,Indicative weighted-average reference rate based on prior-day bank transactions.,reported_public_series,NBE_DAILY_FX,Indicative Daily Exchange Rates,https://api.nbe.gov.et/api/filter-exchange-rates,https://nbe.gov.et/exchange/indicatives-rates/,2026-08-14T07:47:28.865376Z
2025-12-11,ETH,Ethiopia,ETB,Ethiopian birr,155.7503,USD,LCU_per_USD,nbe_indicative_weighted_average,Indicative weighted-average reference rate based on prior-day bank transactions.,reported_public_series,NBE_DAILY_FX,Indicative Daily Exchange Rates,https://api.nbe.gov.et/api/filter-exchange-rates,https://nbe.gov.et/exchange/indicatives-rates/,2026-08-14T07:47:31.803792Z
2025-12-12,ETH,Ethiopia,ETB,Ethiopian birr,155.1412,USD,LCU_per_USD,nbe_indicative_weighted_average,Indicative weighted-average reference rate based on prior-day bank transactions.,reported_public_series,NBE_DAILY_FX,Indicative Daily Exchange Rates,https://api.nbe.gov.et/api/filter-exchange-rates,https://nbe.gov.et/exchange/indicatives-rates/,2026-08-14T07:47:33.615545Z
2025-12-15,ETH,Ethiopia,ETB,Ethiopian birr,154.7376,USD,LCU_per_USD,nbe_indicative_weighted_average,Indicative weighted-average reference rate based on prior-day bank transactions.,reported_public_series,NBE_DAILY_FX,Indicative Daily Exchange Rates,https://api.nbe.gov.et/api/filter-exchange-rates,https://nbe.gov.et/exchange/indicatives-rates/,2026-08-14T07:47:35.061414Z
2025-12-16,ETH,Ethiopia,ETB,Ethiopian birr,154.9613,USD,LCU_per_USD,nbe_indicative_weighted_average,Indicative weighted-average reference rate based on prior-day bank transactions.,reported_public_series,NBE_DAILY_FX,Indicative Daily Exchange Rates,https://api.nbe.gov.et/api/filter-exchange-rates,https://nbe.gov.et/exchange/indicatives-rates/,2026-08-14T07:47:38.061003Z
2025-12-17,ETH,Ethiopia,ETB,Ethiopian birr,155.0224,USD,LCU_per_USD,nbe_indicative_weighted_average,Indicative weighted-average reference rate based on prior-day bank transactions.,reported_public_series,NBE_DAILY_FX,Indicative Daily Exchange Rates,https://api.nbe.gov.et/api/filter-exchange-rates,https://nbe.gov.et/exchange/indicatives-rates/,2026-08-14T07:47:39.428073Z
2025-12-18,ETH,Ethiopia,ETB,Ethiopian birr,154.8512,USD,LCU_per_USD,nbe_indicative_weighted_average,Indicative weighted-average reference rate based on prior-day bank transactions.,reported_public_series,NBE_DAILY_FX,Indicative Daily Exchange Rates,https://api.nbe.gov.et/api/filter-exchange-rates,https://nbe.gov.et/exchange/indicatives-rates/,2026-08-14T07:47:40.783261Z
2025-12-19,ETH,Ethiopia,ETB,Ethiopian birr,154.989,USD,LCU_per_USD,nbe_indicative_weighted_average,Indicative weighted-average reference rate based on prior-day bank transactions.,reported_public_series,NBE_DAILY_FX,Indicative Daily Exchange Rates,https://api.nbe.gov.et/api/filter-exchange-rates,https://nbe.gov.et/exchange/indicatives-rates/,2026-08-14T07:47:42.087513Z
2025-12-22,ETH,Ethiopia,ETB,Ethiopian birr,155.2822,USD,LCU_per_USD,nbe_indicative_weighted_average,Indicative weighted-average reference rate based on prior-day bank transactions.,reported_public_series,NBE_DAILY_FX,Indicative Daily Exchange Rates,https://api.nbe.gov.et/api/filter-exchange-rates,https://nbe.gov.et/exchange/indicatives-rates/,2026-08-14T07:47:43.421366Z
2025-12-23,ETH,Ethiopia,ETB,Ethiopian birr,155.1164,USD,LCU_per_USD,nbe_indicative_weighted_average,Indicative weighted-average reference rate based on prior-day bank transactions.,reported_public_series,NBE_DAILY_FX,Indicative Daily Exchange Rates,https://api.nbe.gov.et/api/filter-exchange-rates,https://nbe.gov.et/exchange/indicatives-rates/,2026-08-14T07:47:44.782856Z
2025-12-24,ETH,Ethiopia,ETB,Ethiopian birr,155.1801,USD,LCU_per_USD,nbe_indicative_weighted_average,Indicative weighted-average reference rate based on prior-day bank transactions.,reported_public_series,NBE_DAILY_FX,Indicative Daily Exchange Rates,https://api.nbe.gov.et/api/filter-exchange-rates,https://nbe.gov.et/exchange/indicatives-rates/,2026-08-14T07:47:46.170826Z
2025-12-25,ETH,Ethiopia,ETB,Ethiopian birr,155.4418,USD,LCU_per_USD,nbe_indicative_weighted_average,Indicative weighted-average reference rate based on prior-day bank transactions.,reported_public_series,NBE_DAILY_FX,Indicative Daily Exchange Rates,https://api.nbe.gov.et/api/filter-exchange-rates,https://nbe.gov.et/exchange/indicatives-rates/,2026-08-14T07:47:47.506058Z
2025-12-26,ETH,Ethiopia,ETB,Ethiopian birr,154.9869,USD,LCU_per_USD,nbe_indicative_weighted_average,Indicative weighted-average reference rate based on prior-day bank transactions.,reported_public_series,NBE_DAILY_FX,Indicative Daily Exchange Rates,https://api.nbe.gov.et/api/filter-exchange-rates,https://nbe.gov.et/exchange/indicatives-rates/,2026-08-14T07:47:49.020651Z
2025-12-29,ETH,Ethiopia,ETB,Ethiopian birr,154.8951,USD,LCU_per_USD,nbe_indicative_weighted_average,Indicative weighted-average reference rate based on prior-day bank transactions.,reported_public_series,NBE_DAILY_FX,Indicative Daily Exchange Rates,https://api.nbe.gov.et/api/filter-exchange-rates,https://nbe.gov.et/exchange/indicatives-rates/,2026-08-14T07:47:50.403252Z
2025-12-30,ETH,Ethiopia,ETB,Ethiopian birr,154.6636,USD,LCU_per_USD,nbe_indicative_weighted_average,Indicative weighted-average reference rate based on prior-day bank transactions.,reported_public_series,NBE_DAILY_FX,Indicative Daily Exchange Rates,https://api.nbe.gov.et/api/filter-exchange-rates,https://nbe.gov.et/exchange/indicatives-rates/,2026-08-14T07:47:51.740366Z
2025-12-31,ETH,Ethiopia,ETB,Ethiopian birr,154.8885,USD,LCU_per_USD,nbe_indicative_weighted_average,Indicative weighted-average reference rate based on prior-day bank transactions.,reported_public_series,NBE_DAILY_FX,Indicative Daily Exchange Rates,https://api.nbe.gov.et/api/filter-exchange-rates,https://nbe.gov.et/exchange/indicatives-rates/,2026-08-14T07:47:53.034643Z
2026-01-01,ETH,Ethiopia,ETB,Ethiopian birr,154.8706,USD,LCU_per_USD,nbe_indicative_weighted_average,Indicative weighted-average reference rate based on prior-day bank transactions.,reported_public_series,NBE_DAILY_FX,Indicative Daily Exchange Rates,https://api.nbe.gov.et/api/filter-exchange-rates,https://nbe.gov.et/exchange/indicatives-rates/,2026-08-14T07:47:54.415037Z
2026-01-02,ETH,Ethiopia,ETB,Ethiopian birr,155.1089,USD,LCU_per_USD,nbe_indicative_weighted_average,Indicative weighted-average reference rate based on prior-day bank transactions.,reported_public_series,NBE_DAILY_FX,Indicative Daily Exchange Rates,https://api.nbe.gov.et/api/filter-exchange-rates,https://nbe.gov.et/exchange/indicatives-rates/,2026-08-14T07:47:56.018099Z
2026-01-05,ETH,Ethiopia,ETB,Ethiopian birr,154.8482,USD,LCU_per_USD,nbe_indicative_weighted_average,Indicative weighted-average reference rate based on prior-day bank transactions.,reported_public_series,NBE_DAILY_FX,Indicative Daily Exchange Rates,https://api.nbe.gov.et/api/filter-exchange-rates,https://nbe.gov.et/exchange/indicatives-rates/,2026-08-14T07:47:57.352458Z
2026-01-06,ETH,Ethiopia,ETB,Ethiopian birr,155.26,USD,LCU_per_USD,nbe_indicative_weighted_average,Indicative weighted-average reference rate based on prior-day bank transactions.,reported_public_series,NBE_DAILY_FX,Indicative Daily Exchange Rates,https://api.nbe.gov.et/api/filter-exchange-rates,https://nbe.gov.et/exchange/indicatives-rates/,2026-08-14T07:47:58.778828Z
2026-01-08,ETH,Ethiopia,ETB,Ethiopian birr,154.9757,USD,LCU_per_USD,nbe_indicative_weighted_average,Indicative weighted-average reference rate based on prior-day bank transactions.,reported_public_series,NBE_DAILY_FX,Indicative Daily Exchange Rates,https://api.nbe.gov.et/api/filter-exchange-rates,https://nbe.gov.et/exchange/indicatives-rates/,2026-08-14T07:48:01.527907Z
2026-01-09,ETH,Ethiopia,ETB,Ethiopian birr,155.2083,USD,LCU_per_USD,nbe_indicative_weighted_average,Indicative weighted-average reference rate based on prior-day bank transactions.,reported_public_series,NBE_DAILY_FX,Indicative Daily Exchange Rates,https://api.nbe.gov.et/api/filter-exchange-rates,https://nbe.gov.et/exchange/indicatives-rates/,2026-08-14T07:48:02.874189Z
2026-01-12,ETH,Ethiopia,ETB,Ethiopian birr,154.9083,USD,LCU_per_USD,nbe_indicative_weighted_average,Indicative weighted-average reference rate based on prior-day bank transactions.,reported_public_series,NBE_DAILY_FX,Indicative Daily Exchange Rates,https://api.nbe.gov.et/api/filter-exchange-rates,https://nbe.gov.et/exchange/indicatives-rates/,2026-08-14T07:48:04.202202Z
2026-01-13,ETH,Ethiopia,ETB,Ethiopian birr,155.2448,USD,LCU_per_USD,nbe_indicative_weighted_average,Indicative weighted-average reference rate based on prior-day bank transactions.,reported_public_series,NBE_DAILY_FX,Indicative Daily Exchange Rates,https://api.nbe.gov.et/api/filter-exchange-rates,https://nbe.gov.et/exchange/indicatives-rates/,2026-08-14T07:48:05.581059Z
2026-01-14,ETH,Ethiopia,ETB,Ethiopian birr,155.0668,USD,LCU_per_USD,nbe_indicative_weighted_average,Indicative weighted-average reference rate based on prior-day bank transactions.,reported_public_series,NBE_DAILY_FX,Indicative Daily Exchange Rates,https://api.nbe.gov.et/api/filter-exchange-rates,https://nbe.gov.et/exchange/indicatives-rates/,2026-08-14T07:48:06.893575Z
2026-01-15,ETH,Ethiopia,ETB,Ethiopian birr,155.5399,USD,LCU_per_USD,nbe_indicative_weighted_average,Indicative weighted-average reference rate based on prior-day bank transactions.,reported_public_series,NBE_DAILY_FX,Indicative Daily Exchange Rates,https://api.nbe.gov.et/api/filter-exchange-rates,https://nbe.gov.et/exchange/indicatives-rates/,2026-08-14T07:48:08.235512Z
2026-01-16,ETH,Ethiopia,ETB,Ethiopian birr,155.5573,USD,LCU_per_USD,nbe_indicative_weighted_average,Indicative weighted-average reference rate based on prior-day bank transactions.,reported_public_series,NBE_DAILY_FX,Indicative Daily Exchange Rates,https://api.nbe.gov.et/api/filter-exchange-rates,https://nbe.gov.et/exchange/indicatives-rates/,2026-08-14T07:48:09.660518Z
2026-01-20,ETH,Ethiopia,ETB,Ethiopian birr,155.2821,USD,LCU_per_USD,nbe_indicative_weighted_average,Indicative weighted-average reference rate based on prior-day bank transactions.,reported_public_series,NBE_DAILY_FX,Indicative Daily Exchange Rates,https://api.nbe.gov.et/api/filter-exchange-rates,https://nbe.gov.et/exchange/indicatives-rates/,2026-08-14T07:48:12.611704Z
2026-01-21,ETH,Ethiopia,ETB,Ethiopian birr,155.5434,USD,LCU_per_USD,nbe_indicative_weighted_average,Indicative weighted-average reference rate based on prior-day bank transactions.,reported_public_series,NBE_DAILY_FX,Indicative Daily Exchange Rates,https://api.nbe.gov.et/api/filter-exchange-rates,https://nbe.gov.et/exchange/indicatives-rates/,2026-08-14T07:48:13.979954Z
2026-01-22,ETH,Ethiopia,ETB,Ethiopian birr,155.2672,USD,LCU_per_USD,nbe_indicative_weighted_average,Indicative weighted-average reference rate based on prior-day bank transactions.,reported_public_series,NBE_DAILY_FX,Indicative Daily Exchange Rates,https://api.nbe.gov.et/api/filter-exchange-rates,https://nbe.gov.et/exchange/indicatives-rates/,2026-08-14T07:48:15.362341Z
2026-01-23,ETH,Ethiopia,ETB,Ethiopian birr,155.7553,USD,LCU_per_USD,nbe_indicative_weighted_average,Indicative weighted-average reference rate based on prior-day bank transactions.,reported_public_series,NBE_DAILY_FX,Indicative Daily Exchange Rates,https://api.nbe.gov.et/api/filter-exchange-rates,https://nbe.gov.et/exchange/indicatives-rates/,2026-08-14T07:48:16.710318Z
2026-01-26,ETH,Ethiopia,ETB,Ethiopian birr,154.9797,USD,LCU_per_USD,nbe_indicative_weighted_average,Indicative weighted-average reference rate based on prior-day bank transactions.,reported_public_series,NBE_DAILY_FX,Indicative Daily Exchange Rates,https://api.nbe.gov.et/api/filter-exchange-rates,https://nbe.gov.et/exchange/indicatives-rates/,2026-08-14T07:48:18.067197Z
2026-01-27,ETH,Ethiopia,ETB,Ethiopian birr,154.9966,USD,LCU_per_USD,nbe_indicative_weighted_average,Indicative weighted-average reference rate based on prior-day bank transactions.,reported_public_series,NBE_DAILY_FX,Indicative Daily Exchange Rates,https://api.nbe.gov.et/api/filter-exchange-rates,https://nbe.gov.et/exchange/indicatives-rates/,2026-08-14T07:48:19.506609Z
2026-01-28,ETH,Ethiopia,ETB,Ethiopian birr,155.0611,USD,LCU_per_USD,nbe_indicative_weighted_average,Indicative weighted-average reference rate based on prior-day bank transactions.,reported_public_series,NBE_DAILY_FX,Indicative Daily Exchange Rates,https://api.nbe.gov.et/api/filter-exchange-rates,https://nbe.gov.et/exchange/indicatives-rates/,2026-08-14T07:48:20.878617Z
2026-01-29,ETH,Ethiopia,ETB,Ethiopian birr,154.8456,USD,LCU_per_USD,nbe_indicative_weighted_average,Indicative weighted-average reference rate based on prior-day bank transactions.,reported_public_series,NBE_DAILY_FX,Indicative Daily Exchange Rates,https://api.nbe.gov.et/api/filter-exchange-rates,https://nbe.gov.et/exchange/indicatives-rates/,2026-08-14T07:48:22.229851Z
2026-01-30,ETH,Ethiopia,ETB,Ethiopian birr,155.3827,USD,LCU_per_USD,nbe_indicative_weighted_average,Indicative weighted-average reference rate based on prior-day bank transactions.,reported_public_series,NBE_DAILY_FX,Indicative Daily Exchange Rates,https://api.nbe.gov.et/api/filter-exchange-rates,https://nbe.gov.et/exchange/indicatives-rates/,2026-08-14T07:48:23.558915Z
2026-02-02,ETH,Ethiopia,ETB,Ethiopian birr,155.1203,USD,LCU_per_USD,nbe_indicative_weighted_average,Indicative weighted-average reference rate based on prior-day bank transactions.,reported_public_series,NBE_DAILY_FX,Indicative Daily Exchange Rates,https://api.nbe.gov.et/api/filter-exchange-rates,https://nbe.gov.et/exchange/indicatives-rates/,2026-08-14T07:48:25.919516Z
2026-02-03,ETH,Ethiopia,ETB,Ethiopian birr,154.9309,USD,LCU_per_USD,nbe_indicative_weighted_average,Indicative weighted-average reference rate based on prior-day bank transactions.,reported_public_series,NBE_DAILY_FX,Indicative Daily Exchange Rates,https://api.nbe.gov.et/api/filter-exchange-rates,https://nbe.gov.et/exchange/indicatives-rates/,2026-08-14T07:48:27.283804Z
2026-02-04,ETH,Ethiopia,ETB,Ethiopian birr,155.3158,USD,LCU_per_USD,nbe_indicative_weighted_average,Indicative weighted-average reference rate based on prior-day bank transactions.,reported_public_series,NBE_DAILY_FX,Indicative Daily Exchange Rates,https://api.nbe.gov.et/api/filter-exchange-rates,https://nbe.gov.et/exchange/indicatives-rates/,2026-08-14T07:48:28.621704Z
2026-02-05,ETH,Ethiopia,ETB,Ethiopian birr,154.9593,USD,LCU_per_USD,nbe_indicative_weighted_average,Indicative weighted-average reference rate based on prior-day bank transactions.,reported_public_series,NBE_DAILY_FX,Indicative Daily Exchange Rates,https://api.nbe.gov.et/api/filter-exchange-rates,https://nbe.gov.et/exchange/indicatives-rates/,2026-08-14T07:48:30.060066Z
2026-02-06,ETH,Ethiopia,ETB,Ethiopian birr,155.4778,USD,LCU_per_USD,nbe_indicative_weighted_average,Indicative weighted-average reference rate based on prior-day bank transactions.,reported_public_series,NBE_DAILY_FX,Indicative Daily Exchange Rates,https://api.nbe.gov.et/api/filter-exchange-rates,https://nbe.gov.et/exchange/indicatives-rates/,2026-08-14T07:48:32.782186Z
2026-02-09,ETH,Ethiopia,ETB,Ethiopian birr,154.7368,USD,LCU_per_USD,nbe_indicative_weighted_average,Indicative weighted-average reference rate based on prior-day bank transactions.,reported_public_series,NBE_DAILY_FX,Indicative Daily Exchange Rates,https://api.nbe.gov.et/api/filter-exchange-rates,https://nbe.gov.et/exchange/indicatives-rates/,2026-08-14T07:48:34.178408Z
2026-02-10,ETH,Ethiopia,ETB,Ethiopian birr,155.1856,USD,LCU_per_USD,nbe_indicative_weighted_average,Indicative weighted-average reference rate based on prior-day bank transactions.,reported_public_series,NBE_DAILY_FX,Indicative Daily Exchange Rates,https://api.nbe.gov.et/api/filter-exchange-rates,https://nbe.gov.et/exchange/indicatives-rates/,2026-08-14T07:48:35.708941Z
2026-02-11,ETH,Ethiopia,ETB,Ethiopian birr,154.7758,USD,LCU_per_USD,nbe_indicative_weighted_average,Indicative weighted-average reference rate based on prior-day bank transactions.,reported_public_series,NBE_DAILY_FX,Indicative Daily Exchange Rates,https://api.nbe.gov.et/api/filter-exchange-rates,https://nbe.gov.et/exchange/indicatives-rates/,2026-08-14T07:48:38.412715Z
2026-02-12,ETH,Ethiopia,ETB,Ethiopian birr,155.245,USD,LCU_per_USD,nbe_indicative_weighted_average,Indicative weighted-average reference rate based on prior-day bank transactions.,reported_public_series,NBE_DAILY_FX,Indicative Daily Exchange Rates,https://api.nbe.gov.et/api/filter-exchange-rates,https://nbe.gov.et/exchange/indicatives-rates/,2026-08-14T07:48:39.780230Z
2026-02-13,ETH,Ethiopia,ETB,Ethiopian birr,155.0572,USD,LCU_per_USD,nbe_indicative_weighted_average,Indicative weighted-average reference rate based on prior-day bank transactions.,reported_public_series,NBE_DAILY_FX,Indicative Daily Exchange Rates,https://api.nbe.gov.et/api/filter-exchange-rates,https://nbe.gov.et/exchange/indicatives-rates/,2026-08-14T07:48:41.124190Z
2026-02-16,ETH,Ethiopia,ETB,Ethiopian birr,155.5725,USD,LCU_per_USD,nbe_indicative_weighted_average,Indicative weighted-average reference rate based on prior-day bank transactions.,reported_public_series,NBE_DAILY_FX,Indicative Daily Exchange Rates,https://api.nbe.gov.et/api/filter-exchange-rates,https://nbe.gov.et/exchange/indicatives-rates/,2026-08-14T07:48:42.860661Z
2026-02-17,ETH,Ethiopia,ETB,Ethiopian birr,155.1728,USD,LCU_per_USD,nbe_indicative_weighted_average,Indicative weighted-average reference rate based on prior-day bank transactions.,reported_public_series,NBE_DAILY_FX,Indicative Daily Exchange Rates,https://api.nbe.gov.et/api/filter-exchange-rates,https://nbe.gov.et/exchange/indicatives-rates/,2026-08-14T07:48:44.219664Z
2026-02-18,ETH,Ethiopia,ETB,Ethiopian birr,154.8997,USD,LCU_per_USD,nbe_indicative_weighted_average,Indicative weighted-average reference rate based on prior-day bank transactions.,reported_public_series,NBE_DAILY_FX,Indicative Daily Exchange Rates,https://api.nbe.gov.et/api/filter-exchange-rates,https://nbe.gov.et/exchange/indicatives-rates/,2026-08-14T07:48:45.682140Z
2026-02-19,ETH,Ethiopia,ETB,Ethiopian birr,156.5161,USD,LCU_per_USD,nbe_indicative_weighted_average,Indicative weighted-average reference rate based on prior-day bank transactions.,reported_public_series,NBE_DAILY_FX,Indicative Daily Exchange Rates,https://api.nbe.gov.et/api/filter-exchange-rates,https://nbe.gov.et/exchange/indicatives-rates/,2026-08-14T07:48:47.034626Z
2026-02-20,ETH,Ethiopia,ETB,Ethiopian birr,155.5426,USD,LCU_per_USD,nbe_indicative_weighted_average,Indicative weighted-average reference rate based on prior-day bank transactions.,reported_public_series,NBE_DAILY_FX,Indicative Daily Exchange Rates,https://api.nbe.gov.et/api/filter-exchange-rates,https://nbe.gov.et/exchange/indicatives-rates/,2026-08-14T07:48:48.380042Z
2026-02-23,ETH,Ethiopia,ETB,Ethiopian birr,156.033,USD,LCU_per_USD,nbe_indicative_weighted_average,Indicative weighted-average reference rate based on prior-day bank transactions.,reported_public_series,NBE_DAILY_FX,Indicative Daily Exchange Rates,https://api.nbe.gov.et/api/filter-exchange-rates,https://nbe.gov.et/exchange/indicatives-rates/,2026-08-14T07:48:49.999409Z
2026-02-24,ETH,Ethiopia,ETB,Ethiopian birr,153.8837,USD,LCU_per_USD,nbe_indicative_weighted_average,Indicative weighted-average reference rate based on prior-day bank transactions.,reported_public_series,NBE_DAILY_FX,Indicative Daily Exchange Rates,https://api.nbe.gov.et/api/filter-exchange-rates,https://nbe.gov.et/exchange/indicatives-rates/,2026-08-14T07:48:52.588357Z
2026-02-25,ETH,Ethiopia,ETB,Ethiopian birr,156.0215,USD,LCU_per_USD,nbe_indicative_weighted_average,Indicative weighted-average reference rate based on prior-day bank transactions.,reported_public_series,NBE_DAILY_FX,Indicative Daily Exchange Rates,https://api.nbe.gov.et/api/filter-exchange-rates,https://nbe.gov.et/exchange/indicatives-rates/,2026-08-14T07:48:53.926057Z
2026-02-26,ETH,Ethiopia,ETB,Ethiopian birr,155.5704,USD,LCU_per_USD,nbe_indicative_weighted_average,Indicative weighted-average reference rate based on prior-day bank transactions.,reported_public_series,NBE_DAILY_FX,Indicative Daily Exchange Rates,https://api.nbe.gov.et/api/filter-exchange-rates,https://nbe.gov.et/exchange/indicatives-rates/,2026-08-14T07:48:55.258491Z
2026-02-27,ETH,Ethiopia,ETB,Ethiopian birr,156.0315,USD,LCU_per_USD,nbe_indicative_weighted_average,Indicative weighted-average reference rate based on prior-day bank transactions.,reported_public_series,NBE_DAILY_FX,Indicative Daily Exchange Rates,https://api.nbe.gov.et/api/filter-exchange-rates,https://nbe.gov.et/exchange/indicatives-rates/,2026-08-14T07:48:57.419913Z
2026-03-03,ETH,Ethiopia,ETB,Ethiopian birr,155.88,USD,LCU_per_USD,nbe_indicative_weighted_average,Indicative weighted-average reference rate based on prior-day bank transactions.,reported_public_series,NBE_DAILY_FX,Indicative Daily Exchange Rates,https://api.nbe.gov.et/api/filter-exchange-rates,https://nbe.gov.et/exchange/indicatives-rates/,2026-08-14T07:49:00.368196Z
2026-03-04,ETH,Ethiopia,ETB,Ethiopian birr,155.9851,USD,LCU_per_USD,nbe_indicative_weighted_average,Indicative weighted-average reference rate based on prior-day bank transactions.,reported_public_series,NBE_DAILY_FX,Indicative Daily Exchange Rates,https://api.nbe.gov.et/api/filter-exchange-rates,https://nbe.gov.et/exchange/indicatives-rates/,2026-08-14T07:49:02.834276Z
2026-03-05,ETH,Ethiopia,ETB,Ethiopian birr,156.0697,USD,LCU_per_USD,nbe_indicative_weighted_average,Indicative weighted-average reference rate based on prior-day bank transactions.,reported_public_series,NBE_DAILY_FX,Indicative Daily Exchange Rates,https://api.nbe.gov.et/api/filter-exchange-rates,https://nbe.gov.et/exchange/indicatives-rates/,2026-08-14T07:49:04.223874Z
2026-03-06,ETH,Ethiopia,ETB,Ethiopian birr,155.9924,USD,LCU_per_USD,nbe_indicative_weighted_average,Indicative weighted-average reference rate based on prior-day bank transactions.,reported_public_series,NBE_DAILY_FX,Indicative Daily Exchange Rates,https://api.nbe.gov.et/api/filter-exchange-rates,https://nbe.gov.et/exchange/indicatives-rates/,2026-08-14T07:49:07.217498Z
2026-03-09,ETH,Ethiopia,ETB,Ethiopian birr,156.7591,USD,LCU_per_USD,nbe_indicative_weighted_average,Indicative weighted-average reference rate based on prior-day bank transactions.,reported_public_series,NBE_DAILY_FX,Indicative Daily Exchange Rates,https://api.nbe.gov.et/api/filter-exchange-rates,https://nbe.gov.et/exchange/indicatives-rates/,2026-08-14T07:49:08.900439Z
2026-03-10,ETH,Ethiopia,ETB,Ethiopian birr,156.4111,USD,LCU_per_USD,nbe_indicative_weighted_average,Indicative weighted-average reference rate based on prior-day bank transactions.,reported_public_series,NBE_DAILY_FX,Indicative Daily Exchange Rates,https://api.nbe.gov.et/api/filter-exchange-rates,https://nbe.gov.et/exchange/indicatives-rates/,2026-08-14T07:49:10.229309Z
2026-03-11,ETH,Ethiopia,ETB,Ethiopian birr,156.3715,USD,LCU_per_USD,nbe_indicative_weighted_average,Indicative weighted-average reference rate based on prior-day bank transactions.,reported_public_series,NBE_DAILY_FX,Indicative Daily Exchange Rates,https://api.nbe.gov.et/api/filter-exchange-rates,https://nbe.gov.et/exchange/indicatives-rates/,2026-08-14T07:49:11.577140Z
2026-03-12,ETH,Ethiopia,ETB,Ethiopian birr,156.3156,USD,LCU_per_USD,nbe_indicative_weighted_average,Indicative weighted-average reference rate based on prior-day bank transactions.,reported_public_series,NBE_DAILY_FX,Indicative Daily Exchange Rates,https://api.nbe.gov.et/api/filter-exchange-rates,https://nbe.gov.et/exchange/indicatives-rates/,2026-08-14T07:49:12.938541Z
2026-03-13,ETH,Ethiopia,ETB,Ethiopian birr,156.7628,USD,LCU_per_USD,nbe_indicative_weighted_average,Indicative weighted-average reference rate based on prior-day bank transactions.,reported_public_series,NBE_DAILY_FX,Indicative Daily Exchange Rates,https://api.nbe.gov.et/api/filter-exchange-rates,https://nbe.gov.et/exchange/indicatives-rates/,2026-08-14T07:49:14.236810Z
2026-03-16,ETH,Ethiopia,ETB,Ethiopian birr,157.0183,USD,LCU_per_USD,nbe_indicative_weighted_average,Indicative weighted-average reference rate based on prior-day bank transactions.,reported_public_series,NBE_DAILY_FX,Indicative Daily Exchange Rates,https://api.nbe.gov.et/api/filter-exchange-rates,https://nbe.gov.et/exchange/indicatives-rates/,2026-08-14T07:49:15.538296Z
2026-03-17,ETH,Ethiopia,ETB,Ethiopian birr,156.6525,USD,LCU_per_USD,nbe_indicative_weighted_average,Indicative weighted-average reference rate based on prior-day bank transactions.,reported_public_series,NBE_DAILY_FX,Indicative Daily Exchange Rates,https://api.nbe.gov.et/api/filter-exchange-rates,https://nbe.gov.et/exchange/indicatives-rates/,2026-08-14T07:49:16.912095Z
2026-03-18,ETH,Ethiopia,ETB,Ethiopian birr,156.7488,USD,LCU_per_USD,nbe_indicative_weighted_average,Indicative weighted-average reference rate based on prior-day bank transactions.,reported_public_series,NBE_DAILY_FX,Indicative Daily Exchange Rates,https://api.nbe.gov.et/api/filter-exchange-rates,https://nbe.gov.et/exchange/indicatives-rates/,2026-08-14T07:49:18.361530Z
2026-03-19,ETH,Ethiopia,ETB,Ethiopian birr,157.1011,USD,LCU_per_USD,nbe_indicative_weighted_average,Indicative weighted-average reference rate based on prior-day bank transactions.,reported_public_series,NBE_DAILY_FX,Indicative Daily Exchange Rates,https://api.nbe.gov.et/api/filter-exchange-rates,https://nbe.gov.et/exchange/indicatives-rates/,2026-08-14T07:49:19.762871Z
2026-03-23,ETH,Ethiopia,ETB,Ethiopian birr,157.2522,USD,LCU_per_USD,nbe_indicative_weighted_average,Indicative weighted-average reference rate based on prior-day bank transactions.,reported_public_series,NBE_DAILY_FX,Indicative Daily Exchange Rates,https://api.nbe.gov.et/api/filter-exchange-rates,https://nbe.gov.et/exchange/indicatives-rates/,2026-08-14T07:49:22.448895Z
2026-03-24,ETH,Ethiopia,ETB,Ethiopian birr,156.7971,USD,LCU_per_USD,nbe_indicative_weighted_average,Indicative weighted-average reference rate based on prior-day bank transactions.,reported_public_series,NBE_DAILY_FX,Indicative Daily Exchange Rates,https://api.nbe.gov.et/api/filter-exchange-rates,https://nbe.gov.et/exchange/indicatives-rates/,2026-08-14T07:49:23.838300Z
2026-03-25,ETH,Ethiopia,ETB,Ethiopian birr,156.6025,USD,LCU_per_USD,nbe_indicative_weighted_average,Indicative weighted-average reference rate based on prior-day bank transactions.,reported_public_series,NBE_DAILY_FX,Indicative Daily Exchange Rates,https://api.nbe.gov.et/api/filter-exchange-rates,https://nbe.gov.et/exchange/indicatives-rates/,2026-08-14T07:49:25.336612Z
2026-03-26,ETH,Ethiopia,ETB,Ethiopian birr,156.8095,USD,LCU_per_USD,nbe_indicative_weighted_average,Indicative weighted-average reference rate based on prior-day bank transactions.,reported_public_series,NBE_DAILY_FX,Indicative Daily Exchange Rates,https://api.nbe.gov.et/api/filter-exchange-rates,https://nbe.gov.et/exchange/indicatives-rates/,2026-08-14T07:49:27.281004Z
2026-03-27,ETH,Ethiopia,ETB,Ethiopian birr,156.4461,USD,LCU_per_USD,nbe_indicative_weighted_average,Indicative weighted-average reference rate based on prior-day bank transactions.,reported_public_series,NBE_DAILY_FX,Indicative Daily Exchange Rates,https://api.nbe.gov.et/api/filter-exchange-rates,https://nbe.gov.et/exchange/indicatives-rates/,2026-08-14T07:49:28.624813Z
2026-03-30,ETH,Ethiopia,ETB,Ethiopian birr,156.8487,USD,LCU_per_USD,nbe_indicative_weighted_average,Indicative weighted-average reference rate based on prior-day bank transactions.,reported_public_series,NBE_DAILY_FX,Indicative Daily Exchange Rates,https://api.nbe.gov.et/api/filter-exchange-rates,https://nbe.gov.et/exchange/indicatives-rates/,2026-08-14T07:49:30.005847Z
2026-03-31,ETH,Ethiopia,ETB,Ethiopian birr,156.71,USD,LCU_per_USD,nbe_indicative_weighted_average,Indicative weighted-average reference rate based on prior-day bank transactions.,reported_public_series,NBE_DAILY_FX,Indicative Daily Exchange Rates,https://api.nbe.gov.et/api/filter-exchange-rates,https://nbe.gov.et/exchange/indicatives-rates/,2026-08-14T07:49:31.453214Z
2026-04-01,ETH,Ethiopia,ETB,Ethiopian birr,156.8061,USD,LCU_per_USD,nbe_indicative_weighted_average,Indicative weighted-average reference rate based on prior-day bank transactions.,reported_public_series,NBE_DAILY_FX,Indicative Daily Exchange Rates,https://api.nbe.gov.et/api/filter-exchange-rates,https://nbe.gov.et/exchange/indicatives-rates/,2026-08-14T07:49:32.813708Z
2026-04-02,ETH,Ethiopia,ETB,Ethiopian birr,155.9152,USD,LCU_per_USD,nbe_indicative_weighted_average,Indicative weighted-average reference rate based on prior-day bank transactions.,reported_public_series,NBE_DAILY_FX,Indicative Daily Exchange Rates,https://api.nbe.gov.et/api/filter-exchange-rates,https://nbe.gov.et/exchange/indicatives-rates/,2026-08-14T07:49:34.183341Z
2026-04-03,ETH,Ethiopia,ETB,Ethiopian birr,156.5812,USD,LCU_per_USD,nbe_indicative_weighted_average,Indicative weighted-average reference rate based on prior-day bank transactions.,reported_public_series,NBE_DAILY_FX,Indicative Daily Exchange Rates,https://api.nbe.gov.et/api/filter-exchange-rates,https://nbe.gov.et/exchange/indicatives-rates/,2026-08-14T07:49:36.643155Z
2026-04-06,ETH,Ethiopia,ETB,Ethiopian birr,156.5721,USD,LCU_per_USD,nbe_indicative_weighted_average,Indicative weighted-average reference rate based on prior-day bank transactions.,reported_public_series,NBE_DAILY_FX,Indicative Daily Exchange Rates,https://api.nbe.gov.et/api/filter-exchange-rates,https://nbe.gov.et/exchange/indicatives-rates/,2026-08-14T07:49:37.991689Z
2026-04-07,ETH,Ethiopia,ETB,Ethiopian birr,157.1517,USD,LCU_per_USD,nbe_indicative_weighted_average,Indicative weighted-average reference rate based on prior-day bank transactions.,reported_public_series,NBE_DAILY_FX,Indicative Daily Exchange Rates,https://api.nbe.gov.et/api/filter-exchange-rates,https://nbe.gov.et/exchange/indicatives-rates/,2026-08-14T07:49:39.739324Z
2026-04-08,ETH,Ethiopia,ETB,Ethiopian birr,155.5153,USD,LCU_per_USD,nbe_indicative_weighted_average,Indicative weighted-average reference rate based on prior-day bank transactions.,reported_public_series,NBE_DAILY_FX,Indicative Daily Exchange Rates,https://api.nbe.gov.et/api/filter-exchange-rates,https://nbe.gov.et/exchange/indicatives-rates/,2026-08-14T07:49:41.284974Z
2026-04-09,ETH,Ethiopia,ETB,Ethiopian birr,156.4156,USD,LCU_per_USD,nbe_indicative_weighted_average,Indicative weighted-average reference rate based on prior-day bank transactions.,reported_public_series,NBE_DAILY_FX,Indicative Daily Exchange Rates,https://api.nbe.gov.et/api/filter-exchange-rates,https://nbe.gov.et/exchange/indicatives-rates/,2026-08-14T07:49:42.653088Z
2026-04-13,ETH,Ethiopia,ETB,Ethiopian birr,157.0558,USD,LCU_per_USD,nbe_indicative_weighted_average,Indicative weighted-average reference rate based on prior-day bank transactions.,reported_public_series,NBE_DAILY_FX,Indicative Daily Exchange Rates,https://api.nbe.gov.et/api/filter-exchange-rates,https://nbe.gov.et/exchange/indicatives-rates/,2026-08-14T07:49:45.313500Z
2026-04-14,ETH,Ethiopia,ETB,Ethiopian birr,156.4462,USD,LCU_per_USD,nbe_indicative_weighted_average,Indicative weighted-average reference rate based on prior-day bank transactions.,reported_public_series,NBE_DAILY_FX,Indicative Daily Exchange Rates,https://api.nbe.gov.et/api/filter-exchange-rates,https://nbe.gov.et/exchange/indicatives-rates/,2026-08-14T07:49:46.630123Z
2026-04-15,ETH,Ethiopia,ETB,Ethiopian birr,157.1263,USD,LCU_per_USD,nbe_indicative_weighted_average,Indicative weighted-average reference rate based on prior-day bank transactions.,reported_public_series,NBE_DAILY_FX,Indicative Daily Exchange Rates,https://api.nbe.gov.et/api/filter-exchange-rates,https://nbe.gov.et/exchange/indicatives-rates/,2026-08-14T07:49:47.990775Z
2026-04-16,ETH,Ethiopia,ETB,Ethiopian birr,157.459,USD,LCU_per_USD,nbe_indicative_weighted_average,Indicative weighted-average reference rate based on prior-day bank transactions.,reported_public_series,NBE_DAILY_FX,Indicative Daily Exchange Rates,https://api.nbe.gov.et/api/filter-exchange-rates,https://nbe.gov.et/exchange/indicatives-rates/,2026-08-14T07:49:49.416286Z
2026-04-17,ETH,Ethiopia,ETB,Ethiopian birr,156.9084,USD,LCU_per_USD,nbe_indicative_weighted_average,Indicative weighted-average reference rate based on prior-day bank transactions.,reported_public_series,NBE_DAILY_FX,Indicative Daily Exchange Rates,https://api.nbe.gov.et/api/filter-exchange-rates,https://nbe.gov.et/exchange/indicatives-rates/,2026-08-14T07:49:51.114879Z
2026-04-20,ETH,Ethiopia,ETB,Ethiopian birr,156.8302,USD,LCU_per_USD,nbe_indicative_weighted_average,Indicative weighted-average reference rate based on prior-day bank transactions.,reported_public_series,NBE_DAILY_FX,Indicative Daily Exchange Rates,https://api.nbe.gov.et/api/filter-exchange-rates,https://nbe.gov.et/exchange/indicatives-rates/,2026-08-14T07:49:54.391566Z
2026-04-21,ETH,Ethiopia,ETB,Ethiopian birr,156.8855,USD,LCU_per_USD,nbe_indicative_weighted_average,Indicative weighted-average reference rate based on prior-day bank transactions.,reported_public_series,NBE_DAILY_FX,Indicative Daily Exchange Rates,https://api.nbe.gov.et/api/filter-exchange-rates,https://nbe.gov.et/exchange/indicatives-rates/,2026-08-14T07:49:55.859473Z
2026-04-22,ETH,Ethiopia,ETB,Ethiopian birr,157.2435,USD,LCU_per_USD,nbe_indicative_weighted_average,Indicative weighted-average reference rate based on prior-day bank transactions.,reported_public_series,NBE_DAILY_FX,Indicative Daily Exchange Rates,https://api.nbe.gov.et/api/filter-exchange-rates,https://nbe.gov.et/exchange/indicatives-rates/,2026-08-14T07:49:57.236529Z
2026-04-23,ETH,Ethiopia,ETB,Ethiopian birr,156.4391,USD,LCU_per_USD,nbe_indicative_weighted_average,Indicative weighted-average reference rate based on prior-day bank transactions.,reported_public_series,NBE_DAILY_FX,Indicative Daily Exchange Rates,https://api.nbe.gov.et/api/filter-exchange-rates,https://nbe.gov.et/exchange/indicatives-rates/,2026-08-14T07:49:58.678197Z
2026-04-24,ETH,Ethiopia,ETB,Ethiopian birr,157.4704,USD,LCU_per_USD,nbe_indicative_weighted_average,Indicative weighted-average reference rate based on prior-day bank transactions.,reported_public_series,NBE_DAILY_FX,Indicative Daily Exchange Rates,https://api.nbe.gov.et/api/filter-exchange-rates,https://nbe.gov.et/exchange/indicatives-rates/,2026-08-14T07:50:00.058985Z
2026-04-27,ETH,Ethiopia,ETB,Ethiopian birr,156.755,USD,LCU_per_USD,nbe_indicative_weighted_average,Indicative weighted-average reference rate based on prior-day bank transactions.,reported_public_series,NBE_DAILY_FX,Indicative Daily Exchange Rates,https://api.nbe.gov.et/api/filter-exchange-rates,https://nbe.gov.et/exchange/indicatives-rates/,2026-08-14T07:50:01.618287Z
2026-04-28,ETH,Ethiopia,ETB,Ethiopian birr,157.3647,USD,LCU_per_USD,nbe_indicative_weighted_average,Indicative weighted-average reference rate based on prior-day bank transactions.,reported_public_series,NBE_DAILY_FX,Indicative Daily Exchange Rates,https://api.nbe.gov.et/api/filter-exchange-rates,https://nbe.gov.et/exchange/indicatives-rates/,2026-08-14T07:50:02.976434Z
2026-04-29,ETH,Ethiopia,ETB,Ethiopian birr,156.466,USD,LCU_per_USD,nbe_indicative_weighted_average,Indicative weighted-average reference rate based on prior-day bank transactions.,reported_public_series,NBE_DAILY_FX,Indicative Daily Exchange Rates,https://api.nbe.gov.et/api/filter-exchange-rates,https://nbe.gov.et/exchange/indicatives-rates/,2026-08-14T07:50:04.618176Z
2026-04-30,ETH,Ethiopia,ETB,Ethiopian birr,156.7401,USD,LCU_per_USD,nbe_indicative_weighted_average,Indicative weighted-average reference rate based on prior-day bank transactions.,reported_public_series,NBE_DAILY_FX,Indicative Daily Exchange Rates,https://api.nbe.gov.et/api/filter-exchange-rates,https://nbe.gov.et/exchange/indicatives-rates/,2026-08-14T07:50:05.993652Z
2026-05-04,ETH,Ethiopia,ETB,Ethiopian birr,156.7051,USD,LCU_per_USD,nbe_indicative_weighted_average,Indicative weighted-average reference rate based on prior-day bank transactions.,reported_public_series,NBE_DAILY_FX,Indicative Daily Exchange Rates,https://api.nbe.gov.et/api/filter-exchange-rates,https://nbe.gov.et/exchange/indicatives-rates/,2026-08-14T07:50:12.506708Z
2026-05-06,ETH,Ethiopia,ETB,Ethiopian birr,157.0314,USD,LCU_per_USD,nbe_indicative_weighted_average,Indicative weighted-average reference rate based on prior-day bank transactions.,reported_public_series,NBE_DAILY_FX,Indicative Daily Exchange Rates,https://api.nbe.gov.et/api/filter-exchange-rates,https://nbe.gov.et/exchange/indicatives-rates/,2026-08-14T07:50:15.221398Z
2026-05-07,ETH,Ethiopia,ETB,Ethiopian birr,157.33,USD,LCU_per_USD,nbe_indicative_weighted_average,Indicative weighted-average reference rate based on prior-day bank transactions.,reported_public_series,NBE_DAILY_FX,Indicative Daily Exchange Rates,https://api.nbe.gov.et/api/filter-exchange-rates,https://nbe.gov.et/exchange/indicatives-rates/,2026-08-14T07:50:16.558708Z
2026-05-08,ETH,Ethiopia,ETB,Ethiopian birr,157.2932,USD,LCU_per_USD,nbe_indicative_weighted_average,Indicative weighted-average reference rate based on prior-day bank transactions.,reported_public_series,NBE_DAILY_FX,Indicative Daily Exchange Rates,https://api.nbe.gov.et/api/filter-exchange-rates,https://nbe.gov.et/exchange/indicatives-rates/,2026-08-14T07:50:17.992030Z
2026-05-11,ETH,Ethiopia,ETB,Ethiopian birr,156.9874,USD,LCU_per_USD,nbe_indicative_weighted_average,Indicative weighted-average reference rate based on prior-day bank transactions.,reported_public_series,NBE_DAILY_FX,Indicative Daily Exchange Rates,https://api.nbe.gov.et/api/filter-exchange-rates,https://nbe.gov.et/exchange/indicatives-rates/,2026-08-14T07:50:19.500950Z
2026-05-12,ETH,Ethiopia,ETB,Ethiopian birr,156.792,USD,LCU_per_USD,nbe_indicative_weighted_average,Indicative weighted-average reference rate based on prior-day bank transactions.,reported_public_series,NBE_DAILY_FX,Indicative Daily Exchange Rates,https://api.nbe.gov.et/api/filter-exchange-rates,https://nbe.gov.et/exchange/indicatives-rates/,2026-08-14T07:50:21.025525Z
2026-05-13,ETH,Ethiopia,ETB,Ethiopian birr,157.3407,USD,LCU_per_USD,nbe_indicative_weighted_average,Indicative weighted-average reference rate based on prior-day bank transactions.,reported_public_series,NBE_DAILY_FX,Indicative Daily Exchange Rates,https://api.nbe.gov.et/api/filter-exchange-rates,https://nbe.gov.et/exchange/indicatives-rates/,2026-08-14T07:50:22.382834Z
2026-05-14,ETH,Ethiopia,ETB,Ethiopian birr,157.3428,USD,LCU_per_USD,nbe_indicative_weighted_average,Indicative weighted-average reference rate based on prior-day bank transactions.,reported_public_series,NBE_DAILY_FX,Indicative Daily Exchange Rates,https://api.nbe.gov.et/api/filter-exchange-rates,https://nbe.gov.et/exchange/indicatives-rates/,2026-08-14T07:50:23.734756Z
2026-05-15,ETH,Ethiopia,ETB,Ethiopian birr,157.4331,USD,LCU_per_USD,nbe_indicative_weighted_average,Indicative weighted-average reference rate based on prior-day bank transactions.,reported_public_series,NBE_DAILY_FX,Indicative Daily Exchange Rates,https://api.nbe.gov.et/api/filter-exchange-rates,https://nbe.gov.et/exchange/indicatives-rates/,2026-08-14T07:50:25.362426Z
2026-05-18,ETH,Ethiopia,ETB,Ethiopian birr,157.227,USD,LCU_per_USD,nbe_indicative_weighted_average,Indicative weighted-average reference rate based on prior-day bank transactions.,reported_public_series,NBE_DAILY_FX,Indicative Daily Exchange Rates,https://api.nbe.gov.et/api/filter-exchange-rates,https://nbe.gov.et/exchange/indicatives-rates/,2026-08-14T07:50:27.010021Z
2026-05-19,ETH,Ethiopia,ETB,Ethiopian birr,157.2694,USD,LCU_per_USD,nbe_indicative_weighted_average,Indicative weighted-average reference rate based on prior-day bank transactions.,reported_public_series,NBE_DAILY_FX,Indicative Daily Exchange Rates,https://api.nbe.gov.et/api/filter-exchange-rates,https://nbe.gov.et/exchange/indicatives-rates/,2026-08-14T07:50:28.352324Z
2026-05-20,ETH,Ethiopia,ETB,Ethiopian birr,157.5889,USD,LCU_per_USD,nbe_indicative_weighted_average,Indicative weighted-average reference rate based on prior-day bank transactions.,reported_public_series,NBE_DAILY_FX,Indicative Daily Exchange Rates,https://api.nbe.gov.et/api/filter-exchange-rates,https://nbe.gov.et/exchange/indicatives-rates/,2026-08-14T07:50:29.744333Z
2026-05-21,ETH,Ethiopia,ETB,Ethiopian birr,159.6247,USD,LCU_per_USD,nbe_indicative_weighted_average,Indicative weighted-average reference rate based on prior-day bank transactions.,reported_public_series,NBE_DAILY_FX,Indicative Daily Exchange Rates,https://api.nbe.gov.et/api/filter-exchange-rates,https://nbe.gov.et/exchange/indicatives-rates/,2026-08-14T07:50:31.112307Z
2026-05-22,ETH,Ethiopia,ETB,Ethiopian birr,158.1702,USD,LCU_per_USD,nbe_indicative_weighted_average,Indicative weighted-average reference rate based on prior-day bank transactions.,reported_public_series,NBE_DAILY_FX,Indicative Daily Exchange Rates,https://api.nbe.gov.et/api/filter-exchange-rates,https://nbe.gov.et/exchange/indicatives-rates/,2026-08-14T07:50:32.525521Z
2026-05-25,ETH,Ethiopia,ETB,Ethiopian birr,157.9324,USD,LCU_per_USD,nbe_indicative_weighted_average,Indicative weighted-average reference rate based on prior-day bank transactions.,reported_public_series,NBE_DAILY_FX,Indicative Daily Exchange Rates,https://api.nbe.gov.et/api/filter-exchange-rates,https://nbe.gov.et/exchange/indicatives-rates/,2026-08-14T07:50:33.899491Z
2026-05-26,ETH,Ethiopia,ETB,Ethiopian birr,159.2671,USD,LCU_per_USD,nbe_indicative_weighted_average,Indicative weighted-average reference rate based on prior-day bank transactions.,reported_public_series,NBE_DAILY_FX,Indicative Daily Exchange Rates,https://api.nbe.gov.et/api/filter-exchange-rates,https://nbe.gov.et/exchange/indicatives-rates/,2026-08-14T07:50:35.292908Z
2026-05-28,ETH,Ethiopia,ETB,Ethiopian birr,158.73,USD,LCU_per_USD,nbe_indicative_weighted_average,Indicative weighted-average reference rate based on prior-day bank transactions.,reported_public_series,NBE_DAILY_FX,Indicative Daily Exchange Rates,https://api.nbe.gov.et/api/filter-exchange-rates,https://nbe.gov.et/exchange/indicatives-rates/,2026-08-14T07:50:38.731304Z
2026-05-29,ETH,Ethiopia,ETB,Ethiopian birr,157.9778,USD,LCU_per_USD,nbe_indicative_weighted_average,Indicative weighted-average reference rate based on prior-day bank transactions.,reported_public_series,NBE_DAILY_FX,Indicative Daily Exchange Rates,https://api.nbe.gov.et/api/filter-exchange-rates,https://nbe.gov.et/exchange/indicatives-rates/,2026-08-14T07:50:40.139406Z
2026-06-02,ETH,Ethiopia,ETB,Ethiopian birr,159.3719,USD,LCU_per_USD,nbe_indicative_weighted_average,Indicative weighted-average reference rate based on prior-day bank transactions.,reported_public_series,NBE_DAILY_FX,Indicative Daily Exchange Rates,https://api.nbe.gov.et/api/filter-exchange-rates,https://nbe.gov.et/exchange/indicatives-rates/,2026-08-14T07:50:43.576794Z
2026-06-03,ETH,Ethiopia,ETB,Ethiopian birr,159.6992,USD,LCU_per_USD,nbe_indicative_weighted_average,Indicative weighted-average reference rate based on prior-day bank transactions.,reported_public_series,NBE_DAILY_FX,Indicative Daily Exchange Rates,https://api.nbe.gov.et/api/filter-exchange-rates,https://nbe.gov.et/exchange/indicatives-rates/,2026-08-14T07:50:44.911947Z
2026-06-04,ETH,Ethiopia,ETB,Ethiopian birr,158.4009,USD,LCU_per_USD,nbe_indicative_weighted_average,Indicative weighted-average reference rate based on prior-day bank transactions.,reported_public_series,NBE_DAILY_FX,Indicative Daily Exchange Rates,https://api.nbe.gov.et/api/filter-exchange-rates,https://nbe.gov.et/exchange/indicatives-rates/,2026-08-14T07:50:46.249701Z
2026-06-05,ETH,Ethiopia,ETB,Ethiopian birr,158.2569,USD,LCU_per_USD,nbe_indicative_weighted_average,Indicative weighted-average reference rate based on prior-day bank transactions.,reported_public_series,NBE_DAILY_FX,Indicative Daily Exchange Rates,https://api.nbe.gov.et/api/filter-exchange-rates,https://nbe.gov.et/exchange/indicatives-rates/,2026-08-14T07:50:47.622349Z
2026-06-08,ETH,Ethiopia,ETB,Ethiopian birr,157.9708,USD,LCU_per_USD,nbe_indicative_weighted_average,Indicative weighted-average reference rate based on prior-day bank transactions.,reported_public_series,NBE_DAILY_FX,Indicative Daily Exchange Rates,https://api.nbe.gov.et/api/filter-exchange-rates,https://nbe.gov.et/exchange/indicatives-rates/,2026-08-14T07:50:48.949939Z
2026-06-09,ETH,Ethiopia,ETB,Ethiopian birr,157.9557,USD,LCU_per_USD,nbe_indicative_weighted_average,Indicative weighted-average reference rate based on prior-day bank transactions.,reported_public_series,NBE_DAILY_FX,Indicative Daily Exchange Rates,https://api.nbe.gov.et/api/filter-exchange-rates,https://nbe.gov.et/exchange/indicatives-rates/,2026-08-14T07:50:50.313694Z
2026-06-10,ETH,Ethiopia,ETB,Ethiopian birr,158.448,USD,LCU_per_USD,nbe_indicative_weighted_average,Indicative weighted-average reference rate based on prior-day bank transactions.,reported_public_series,NBE_DAILY_FX,Indicative Daily Exchange Rates,https://api.nbe.gov.et/api/filter-exchange-rates,https://nbe.gov.et/exchange/indicatives-rates/,2026-08-14T07:50:52.120291Z
2026-06-11,ETH,Ethiopia,ETB,Ethiopian birr,158.8469,USD,LCU_per_USD,nbe_indicative_weighted_average,Indicative weighted-average reference rate based on prior-day bank transactions.,reported_public_series,NBE_DAILY_FX,Indicative Daily Exchange Rates,https://api.nbe.gov.et/api/filter-exchange-rates,https://nbe.gov.et/exchange/indicatives-rates/,2026-08-14T07:50:54.416517Z
2026-06-12,ETH,Ethiopia,ETB,Ethiopian birr,158.6998,USD,LCU_per_USD,nbe_indicative_weighted_average,Indicative weighted-average reference rate based on prior-day bank transactions.,reported_public_series,NBE_DAILY_FX,Indicative Daily Exchange Rates,https://api.nbe.gov.et/api/filter-exchange-rates,https://nbe.gov.et/exchange/indicatives-rates/,2026-08-14T07:50:55.771519Z
2026-06-15,ETH,Ethiopia,ETB,Ethiopian birr,159.4177,USD,LCU_per_USD,nbe_indicative_weighted_average,Indicative weighted-average reference rate based on prior-day bank transactions.,reported_public_series,NBE_DAILY_FX,Indicative Daily Exchange Rates,https://api.nbe.gov.et/api/filter-exchange-rates,https://nbe.gov.et/exchange/indicatives-rates/,2026-08-14T07:50:57.213600Z
2026-06-16,ETH,Ethiopia,ETB,Ethiopian birr,157.9906,USD,LCU_per_USD,nbe_indicative_weighted_average,Indicative weighted-average reference rate based on prior-day bank transactions.,reported_public_series,NBE_DAILY_FX,Indicative Daily Exchange Rates,https://api.nbe.gov.et/api/filter-exchange-rates,https://nbe.gov.et/exchange/indicatives-rates/,2026-08-14T07:50:58.581562Z
2026-06-17,ETH,Ethiopia,ETB,Ethiopian birr,158.9737,USD,LCU_per_USD,nbe_indicative_weighted_average,Indicative weighted-average reference rate based on prior-day bank transactions.,reported_public_series,NBE_DAILY_FX,Indicative Daily Exchange Rates,https://api.nbe.gov.et/api/filter-exchange-rates,https://nbe.gov.et/exchange/indicatives-rates/,2026-08-14T07:50:59.991794Z
2026-06-18,ETH,Ethiopia,ETB,Ethiopian birr,158.391,USD,LCU_per_USD,nbe_indicative_weighted_average,Indicative weighted-average reference rate based on prior-day bank transactions.,reported_public_series,NBE_DAILY_FX,Indicative Daily Exchange Rates,https://api.nbe.gov.et/api/filter-exchange-rates,https://nbe.gov.et/exchange/indicatives-rates/,2026-08-14T07:51:01.382303Z
2026-06-19,ETH,Ethiopia,ETB,Ethiopian birr,158.8789,USD,LCU_per_USD,nbe_indicative_weighted_average,Indicative weighted-average reference rate based on prior-day bank transactions.,reported_public_series,NBE_DAILY_FX,Indicative Daily Exchange Rates,https://api.nbe.gov.et/api/filter-exchange-rates,https://nbe.gov.et/exchange/indicatives-rates/,2026-08-14T07:51:02.732367Z
2026-06-22,ETH,Ethiopia,ETB,Ethiopian birr,158.9903,USD,LCU_per_USD,nbe_indicative_weighted_average,Indicative weighted-average reference rate based on prior-day bank transactions.,reported_public_series,NBE_DAILY_FX,Indicative Daily Exchange Rates,https://api.nbe.gov.et/api/filter-exchange-rates,https://nbe.gov.et/exchange/indicatives-rates/,2026-08-14T07:51:04.792690Z
2026-06-23,ETH,Ethiopia,ETB,Ethiopian birr,158.9767,USD,LCU_per_USD,nbe_indicative_weighted_average,Indicative weighted-average reference rate based on prior-day bank transactions.,reported_public_series,NBE_DAILY_FX,Indicative Daily Exchange Rates,https://api.nbe.gov.et/api/filter-exchange-rates,https://nbe.gov.et/exchange/indicatives-rates/,2026-08-14T07:51:06.188330Z
2026-06-24,ETH,Ethiopia,ETB,Ethiopian birr,158.3149,USD,LCU_per_USD,nbe_indicative_weighted_average,Indicative weighted-average reference rate based on prior-day bank transactions.,reported_public_series,NBE_DAILY_FX,Indicative Daily Exchange Rates,https://api.nbe.gov.et/api/filter-exchange-rates,https://nbe.gov.et/exchange/indicatives-rates/,2026-08-14T07:51:07.564469Z
2026-06-25,ETH,Ethiopia,ETB,Ethiopian birr,159.4243,USD,LCU_per_USD,nbe_indicative_weighted_average,Indicative weighted-average reference rate based on prior-day bank transactions.,reported_public_series,NBE_DAILY_FX,Indicative Daily Exchange Rates,https://api.nbe.gov.et/api/filter-exchange-rates,https://nbe.gov.et/exchange/indicatives-rates/,2026-08-14T07:51:08.879528Z
2026-06-26,ETH,Ethiopia,ETB,Ethiopian birr,158.1832,USD,LCU_per_USD,nbe_indicative_weighted_average,Indicative weighted-average reference rate based on prior-day bank transactions.,reported_public_series,NBE_DAILY_FX,Indicative Daily Exchange Rates,https://api.nbe.gov.et/api/filter-exchange-rates,https://nbe.gov.et/exchange/indicatives-rates/,2026-08-14T07:51:11.068372Z
2026-06-29,ETH,Ethiopia,ETB,Ethiopian birr,158.8989,USD,LCU_per_USD,nbe_indicative_weighted_average,Indicative weighted-average reference rate based on prior-day bank transactions.,reported_public_series,NBE_DAILY_FX,Indicative Daily Exchange Rates,https://api.nbe.gov.et/api/filter-exchange-rates,https://nbe.gov.et/exchange/indicatives-rates/,2026-08-14T07:51:12.415803Z
2026-06-30,ETH,Ethiopia,ETB,Ethiopian birr,158.0481,USD,LCU_per_USD,nbe_indicative_weighted_average,Indicative weighted-average reference rate based on prior-day bank transactions.,reported_public_series,NBE_DAILY_FX,Indicative Daily Exchange Rates,https://api.nbe.gov.et/api/filter-exchange-rates,https://nbe.gov.et/exchange/indicatives-rates/,2026-08-14T07:51:13.747555Z
2026-07-01,ETH,Ethiopia,ETB,Ethiopian birr,158.9506,USD,LCU_per_USD,nbe_indicative_weighted_average,Indicative weighted-average reference rate based on prior-day bank transactions.,reported_public_series,NBE_DAILY_FX,Indicative Daily Exchange Rates,https://api.nbe.gov.et/api/filter-exchange-rates,https://nbe.gov.et/exchange/indicatives-rates/,2026-08-14T07:51:15.045133Z
2026-07-02,ETH,Ethiopia,ETB,Ethiopian birr,157.977,USD,LCU_per_USD,nbe_indicative_weighted_average,Indicative weighted-average reference rate based on prior-day bank transactions.,reported_public_series,NBE_DAILY_FX,Indicative Daily Exchange Rates,https://api.nbe.gov.et/api/filter-exchange-rates,https://nbe.gov.et/exchange/indicatives-rates/,2026-08-14T07:51:16.336184Z
2026-07-03,ETH,Ethiopia,ETB,Ethiopian birr,158.9944,USD,LCU_per_USD,nbe_indicative_weighted_average,Indicative weighted-average reference rate based on prior-day bank transactions.,reported_public_series,NBE_DAILY_FX,Indicative Daily Exchange Rates,https://api.nbe.gov.et/api/filter-exchange-rates,https://nbe.gov.et/exchange/indicatives-rates/,2026-08-14T07:51:17.687625Z
2026-07-06,ETH,Ethiopia,ETB,Ethiopian birr,158.793,USD,LCU_per_USD,nbe_indicative_weighted_average,Indicative weighted-average reference rate based on prior-day bank transactions.,reported_public_series,NBE_DAILY_FX,Indicative Daily Exchange Rates,https://api.nbe.gov.et/api/filter-exchange-rates,https://nbe.gov.et/exchange/indicatives-rates/,2026-08-14T07:51:19.422367Z
2026-07-07,ETH,Ethiopia,ETB,Ethiopian birr,158.8626,USD,LCU_per_USD,nbe_indicative_weighted_average,Indicative weighted-average reference rate based on prior-day bank transactions.,reported_public_series,NBE_DAILY_FX,Indicative Daily Exchange Rates,https://api.nbe.gov.et/api/filter-exchange-rates,https://nbe.gov.et/exchange/indicatives-rates/,2026-08-14T07:51:20.696468Z
2026-07-08,ETH,Ethiopia,ETB,Ethiopian birr,158.8339,USD,LCU_per_USD,nbe_indicative_weighted_average,Indicative weighted-average reference rate based on prior-day bank transactions.,reported_public_series,NBE_DAILY_FX,Indicative Daily Exchange Rates,https://api.nbe.gov.et/api/filter-exchange-rates,https://nbe.gov.et/exchange/indicatives-rates/,2026-08-14T07:51:22.110039Z
2026-07-09,ETH,Ethiopia,ETB,Ethiopian birr,158.9888,USD,LCU_per_USD,nbe_indicative_weighted_average,Indicative weighted-average reference rate based on prior-day bank transactions.,reported_public_series,NBE_DAILY_FX,Indicative Daily Exchange Rates,https://api.nbe.gov.et/api/filter-exchange-rates,https://nbe.gov.et/exchange/indicatives-rates/,2026-08-14T07:51:23.417635Z
2026-07-10,ETH,Ethiopia,ETB,Ethiopian birr,158.8473,USD,LCU_per_USD,nbe_indicative_weighted_average,Indicative weighted-average reference rate based on prior-day bank transactions.,reported_public_series,NBE_DAILY_FX,Indicative Daily Exchange Rates,https://api.nbe.gov.et/api/filter-exchange-rates,https://nbe.gov.et/exchange/indicatives-rates/,2026-08-14T07:51:24.789659Z
2026-07-13,ETH,Ethiopia,ETB,Ethiopian birr,158.9994,USD,LCU_per_USD,nbe_indicative_weighted_average,Indicative weighted-average reference rate based on prior-day bank transactions.,reported_public_series,NBE_DAILY_FX,Indicative Daily Exchange Rates,https://api.nbe.gov.et/api/filter-exchange-rates,https://nbe.gov.et/exchange/indicatives-rates/,2026-08-14T07:51:26.105030Z
2026-07-14,ETH,Ethiopia,ETB,Ethiopian birr,158.7409,USD,LCU_per_USD,nbe_indicative_weighted_average,Indicative weighted-average reference rate based on prior-day bank transactions.,reported_public_series,NBE_DAILY_FX,Indicative Daily Exchange Rates,https://api.nbe.gov.et/api/filter-exchange-rates,https://nbe.gov.et/exchange/indicatives-rates/,2026-08-14T07:51:27.814048Z
2026-07-15,ETH,Ethiopia,ETB,Ethiopian birr,159.9945,USD,LCU_per_USD,nbe_indicative_weighted_average,Indicative weighted-average reference rate based on prior-day bank transactions.,reported_public_series,NBE_DAILY_FX,Indicative Daily Exchange Rates,https://api.nbe.gov.et/api/filter-exchange-rates,https://nbe.gov.et/exchange/indicatives-rates/,2026-08-14T07:51:29.207181Z
2026-07-16,ETH,Ethiopia,ETB,Ethiopian birr,159.319,USD,LCU_per_USD,nbe_indicative_weighted_average,Indicative weighted-average reference rate based on prior-day bank transactions.,reported_public_series,NBE_DAILY_FX,Indicative Daily Exchange Rates,https://api.nbe.gov.et/api/filter-exchange-rates,https://nbe.gov.et/exchange/indicatives-rates/,2026-08-14T07:51:30.617602Z
2026-07-17,ETH,Ethiopia,ETB,Ethiopian birr,159.9998,USD,LCU_per_USD,nbe_indicative_weighted_average,Indicative weighted-average reference rate based on prior-day bank transactions.,reported_public_series,NBE_DAILY_FX,Indicative Daily Exchange Rates,https://api.nbe.gov.et/api/filter-exchange-rates,https://nbe.gov.et/exchange/indicatives-rates/,2026-08-14T07:51:31.981774Z
2026-07-20,ETH,Ethiopia,ETB,Ethiopian birr,159.5976,USD,LCU_per_USD,nbe_indicative_weighted_average,Indicative weighted-average reference rate based on prior-day bank transactions.,reported_public_series,NBE_DAILY_FX,Indicative Daily Exchange Rates,https://api.nbe.gov.et/api/filter-exchange-rates,https://nbe.gov.et/exchange/indicatives-rates/,2026-08-14T07:51:33.498530Z
2026-07-21,ETH,Ethiopia,ETB,Ethiopian birr,159.9999,USD,LCU_per_USD,nbe_indicative_weighted_average,Indicative weighted-average reference rate based on prior-day bank transactions.,reported_public_series,NBE_DAILY_FX,Indicative Daily Exchange Rates,https://api.nbe.gov.et/api/filter-exchange-rates,https://nbe.gov.et/exchange/indicatives-rates/,2026-08-14T07:51:34.827394Z
2026-07-22,ETH,Ethiopia,ETB,Ethiopian birr,159.7943,USD,LCU_per_USD,nbe_indicative_weighted_average,Indicative weighted-average reference rate based on prior-day bank transactions.,reported_public_series,NBE_DAILY_FX,Indicative Daily Exchange Rates,https://api.nbe.gov.et/api/filter-exchange-rates,https://nbe.gov.et/exchange/indicatives-rates/,2026-08-14T07:51:36.281354Z
2026-07-23,ETH,Ethiopia,ETB,Ethiopian birr,159.7909,USD,LCU_per_USD,nbe_indicative_weighted_average,Indicative weighted-average reference rate based on prior-day bank transactions.,reported_public_series,NBE_DAILY_FX,Indicative Daily Exchange Rates,https://api.nbe.gov.et/api/filter-exchange-rates,https://nbe.gov.et/exchange/indicatives-rates/,2026-08-14T07:51:37.631475Z
2026-07-24,ETH,Ethiopia,ETB,Ethiopian birr,159.8194,USD,LCU_per_USD,nbe_indicative_weighted_average,Indicative weighted-average reference rate based on prior-day bank transactions.,reported_public_series,NBE_DAILY_FX,Indicative Daily Exchange Rates,https://api.nbe.gov.et/api/filter-exchange-rates,https://nbe.gov.et/exchange/indicatives-rates/,2026-08-14T07:51:38.965841Z
2026-07-27,ETH,Ethiopia,ETB,Ethiopian birr,159.9995,USD,LCU_per_USD,nbe_indicative_weighted_average,Indicative weighted-average reference rate based on prior-day bank transactions.,reported_public_series,NBE_DAILY_FX,Indicative Daily Exchange Rates,https://api.nbe.gov.et/api/filter-exchange-rates,https://nbe.gov.et/exchange/indicatives-rates/,2026-08-14T07:51:40.880168Z
2026-07-28,ETH,Ethiopia,ETB,Ethiopian birr,159.979,USD,LCU_per_USD,nbe_indicative_weighted_average,Indicative weighted-average reference rate based on prior-day bank transactions.,reported_public_series,NBE_DAILY_FX,Indicative Daily Exchange Rates,https://api.nbe.gov.et/api/filter-exchange-rates,https://nbe.gov.et/exchange/indicatives-rates/,2026-08-14T07:51:42.730843Z
2026-07-29,ETH,Ethiopia,ETB,Ethiopian birr,159.9897,USD,LCU_per_USD,nbe_indicative_weighted_average,Indicative weighted-average reference rate based on prior-day bank transactions.,reported_public_series,NBE_DAILY_FX,Indicative Daily Exchange Rates,https://api.nbe.gov.et/api/filter-exchange-rates,https://nbe.gov.et/exchange/indicatives-rates/,2026-08-14T07:51:44.116554Z
2026-07-30,ETH,Ethiopia,ETB,Ethiopian birr,159.8775,USD,LCU_per_USD,nbe_indicative_weighted_average,Indicative weighted-average reference rate based on prior-day bank transactions.,reported_public_series,NBE_DAILY_FX,Indicative Daily Exchange Rates,https://api.nbe.gov.et/api/filter-exchange-rates,https://nbe.gov.et/exchange/indicatives-rates/,2026-08-14T07:51:45.444658Z
2026-07-31,ETH,Ethiopia,ETB,Ethiopian birr,159.9786,USD,LCU_per_USD,nbe_indicative_weighted_average,Indicative weighted-average reference rate based on prior-day bank transactions.,reported_public_series,NBE_DAILY_FX,Indicative Daily Exchange Rates,https://api.nbe.gov.et/api/filter-exchange-rates,https://nbe.gov.et/exchange/indicatives-rates/,2026-08-19T00:22:36.572487Z
2026-08-03,ETH,Ethiopia,ETB,Ethiopian birr,159.8446,USD,LCU_per_USD,nbe_indicative_weighted_average,Indicative weighted-average reference rate based on prior-day bank transactions.,reported_public_series,NBE_DAILY_FX,Indicative Daily Exchange Rates,https://api.nbe.gov.et/api/filter-exchange-rates,https://nbe.gov.et/exchange/indicatives-rates/,2026-08-14T07:51:48.149885Z
2026-08-04,ETH,Ethiopia,ETB,Ethiopian birr,159.9727,USD,LCU_per_USD,nbe_indicative_weighted_average,Indicative weighted-average reference rate based on prior-day bank transactions.,reported_public_series,NBE_DAILY_FX,Indicative Daily Exchange Rates,https://api.nbe.gov.et/api/filter-exchange-rates,https://nbe.gov.et/exchange/indicatives-rates/,2026-08-14T07:51:49.465240Z
2026-08-05,ETH,Ethiopia,ETB,Ethiopian birr,159.967,USD,LCU_per_USD,nbe_indicative_weighted_average,Indicative weighted-average reference rate based on prior-day bank transactions.,reported_public_series,NBE_DAILY_FX,Indicative Daily Exchange Rates,https://api.nbe.gov.et/api/filter-exchange-rates,https://nbe.gov.et/exchange/indicatives-rates/,2026-08-14T07:51:50.828655Z
2026-08-06,ETH,Ethiopia,ETB,Ethiopian birr,159.9705,USD,LCU_per_USD,nbe_indicative_weighted_average,Indicative weighted-average reference rate based on prior-day bank transactions.,reported_public_series,NBE_DAILY_FX,Indicative Daily Exchange Rates,https://api.nbe.gov.et/api/filter-exchange-rates,https://nbe.gov.et/exchange/indicatives-rates/,2026-08-14T07:51:52.175313Z
2026-08-07,ETH,Ethiopia,ETB,Ethiopian birr,159.9833,USD,LCU_per_USD,nbe_indicative_weighted_average,Indicative weighted-average reference rate based on prior-day bank transactions.,reported_public_series,NBE_DAILY_FX,Indicative Daily Exchange Rates,https://api.nbe.gov.et/api/filter-exchange-rates,https://nbe.gov.et/exchange/indicatives-rates/,2026-08-14T07:51:53.624726Z
2026-08-10,ETH,Ethiopia,ETB,Ethiopian birr,159.9826,USD,LCU_per_USD,nbe_indicative_weighted_average,Indicative weighted-average reference rate based on prior-day bank transactions.,reported_public_series,NBE_DAILY_FX,Indicative Daily Exchange Rates,https://api.nbe.gov.et/api/filter-exchange-rates,https://nbe.gov.et/exchange/indicatives-rates/,2026-08-14T07:51:56.574138Z
2026-08-11,ETH,Ethiopia,ETB,Ethiopian birr,159.984,USD,LCU_per_USD,nbe_indicative_weighted_average,Indicative weighted-average reference rate based on prior-day bank transactions.,reported_public_series,NBE_DAILY_FX,Indicative Daily Exchange Rates,https://api.nbe.gov.et/api/filter-exchange-rates,https://nbe.gov.et/exchange/indicatives-rates/,2026-08-14T07:51:57.896231Z
2026-08-12,ETH,Ethiopia,ETB,Ethiopian birr,159.9825,USD,LCU_per_USD,nbe_indicative_weighted_average,Indicative weighted-average reference rate based on prior-day bank transactions.,reported_public_series,NBE_DAILY_FX,Indicative Daily Exchange Rates,https://api.nbe.gov.et/api/filter-exchange-rates,https://nbe.gov.et/exchange/indicatives-rates/,2026-08-14T07:51:59.212885Z
2026-08-13,ETH,Ethiopia,ETB,Ethiopian birr,159.9998,USD,LCU_per_USD,nbe_indicative_weighted_average,Indicative weighted-average reference rate based on prior-day bank transactions.,reported_public_series,NBE_DAILY_FX,Indicative Daily Exchange Rates,https://api.nbe.gov.et/api/filter-exchange-rates,https://nbe.gov.et/exchange/indicatives-rates/,2026-08-14T07:52:00.565438Z
2026-08-14,ETH,Ethiopia,ETB,Ethiopian birr,161.7226,USD,LCU_per_USD,nbe_indicative_weighted_average,Indicative weighted-average reference rate based on prior-day bank transactions.,reported_public_series,NBE_DAILY_FX,Indicative Daily Exchange Rates,https://api.nbe.gov.et/api/filter-exchange-rates,https://nbe.gov.et/exchange/indicatives-rates/,2026-08-14T07:52:01.921329Z
2026-08-17,ETH,Ethiopia,ETB,Ethiopian birr,161.1532,USD,LCU_per_USD,nbe_indicative_weighted_average,Indicative weighted-average reference rate based on prior-day bank transactions.,reported_public_series,NBE_DAILY_FX,Indicative Daily Exchange Rates,https://api.nbe.gov.et/api/filter-exchange-rates,https://nbe.gov.et/exchange/indicatives-rates/,2026-08-18T01:19:43.366185Z
2026-08-18,ETH,Ethiopia,ETB,Ethiopian birr,160.2286,USD,LCU_per_USD,nbe_indicative_weighted_average,Indicative weighted-average reference rate based on prior-day bank transactions.,reported_public_series,NBE_DAILY_FX,Indicative Daily Exchange Rates,https://api.nbe.gov.et/api/filter-exchange-rates,https://nbe.gov.et/exchange/indicatives-rates/,2026-08-19T00:22:32.459190Z
2026-08-19,ETH,Ethiopia,ETB,Ethiopian birr,161.0118,USD,LCU_per_USD,nbe_indicative_weighted_average,Indicative weighted-average reference rate based on prior-day bank transactions.,reported_public_series,NBE_DAILY_FX,Indicative Daily Exchange Rates,https://api.nbe.gov.et/api/filter-exchange-rates,https://nbe.gov.et/exchange/indicatives-rates/,2026-08-20T01:32:03.097861Z
2026-08-20,ETH,Ethiopia,ETB,Ethiopian birr,160.2143,USD,LCU_per_USD,nbe_indicative_weighted_average,Indicative weighted-average reference rate based on prior-day bank transactions.,reported_public_series,NBE_DAILY_FX,Indicative Daily Exchange Rates,https://api.nbe.gov.et/api/filter-exchange-rates,https://nbe.gov.et/exchange/indicatives-rates/,2026-08-21T11:58:14.769224Z
2026-08-21,ETH,Ethiopia,ETB,Ethiopian birr,160.9033,USD,LCU_per_USD,nbe_indicative_weighted_average,Indicative weighted-average reference rate based on prior-day bank transactions.,reported_public_series,NBE_DAILY_FX,Indicative Daily Exchange Rates,https://api.nbe.gov.et/api/filter-exchange-rates,https://nbe.gov.et/exchange/indicatives-rates/,2026-08-21T11:58:16.110465Z
2026-08-24,ETH,Ethiopia,ETB,Ethiopian birr,160.4441,USD,LCU_per_USD,nbe_indicative_weighted_average,Indicative weighted-average reference rate based on prior-day bank transactions.,reported_public_series,NBE_DAILY_FX,Indicative Daily Exchange Rates,https://api.nbe.gov.et/api/filter-exchange-rates,https://nbe.gov.et/exchange/indicatives-rates/,2026-08-26T00:27:35.671652Z
2026-08-26,ETH,Ethiopia,ETB,Ethiopian birr,160.2071,USD,LCU_per_USD,nbe_indicative_weighted_average,Indicative weighted-average reference rate based on prior-day bank transactions.,reported_public_series,NBE_DAILY_FX,Indicative Daily Exchange Rates,https://api.nbe.gov.et/api/filter-exchange-rates,https://nbe.gov.et/exchange/indicatives-rates/,2026-08-26T00:27:38.292642Z
2026-08-27,ETH,Ethiopia,ETB,Ethiopian birr,160.4219,USD,LCU_per_USD,nbe_indicative_weighted_average,Indicative weighted-average reference rate based on prior-day bank transactions.,reported_public_series,NBE_DAILY_FX,Indicative Daily Exchange Rates,https://api.nbe.gov.et/api/filter-exchange-rates,https://nbe.gov.et/exchange/indicatives-rates/,2026-08-31T02:51:20.024812Z
2026-08-28,ETH,Ethiopia,ETB,Ethiopian birr,160.2081,USD,LCU_per_USD,nbe_indicative_weighted_average,Indicative weighted-average reference rate based on prior-day bank transactions.,reported_public_series,NBE_DAILY_FX,Indicative Daily Exchange Rates,https://api.nbe.gov.et/api/filter-exchange-rates,https://nbe.gov.et/exchange/indicatives-rates/,2026-08-31T02:51:21.232197Z
2026-08-31,ETH,Ethiopia,ETB,Ethiopian birr,160.7084,USD,LCU_per_USD,nbe_indicative_weighted_average,Indicative weighted-average reference rate based on prior-day bank transactions.,reported_public_series,NBE_DAILY_FX,Indicative Daily Exchange Rates,https://api.nbe.gov.et/api/filter-exchange-rates,https://nbe.gov.et/exchange/indicatives-rates/,2026-08-31T02:51:22.457002Z
