observation_date,series_id,tab_id,country_iso3,currency_iso3,label,value,unit,frequency,source_id,source_name,source_url,source_documentation_url,source_retrieved_at,transformation
1971-01-08,financial_conditions_index,us,USA,,Chicago Fed National Financial Conditions Index,0.6,index,weekly,FRED_CHICAGO_FED,National Financial Conditions Index,https://fred.stlouisfed.org/series/NFCI,https://www.chicagofed.org/research/data/nfci/current-data,2026-08-31T14:34:09.166970Z,none
1971-01-15,financial_conditions_index,us,USA,,Chicago Fed National Financial Conditions Index,0.633,index,weekly,FRED_CHICAGO_FED,National Financial Conditions Index,https://fred.stlouisfed.org/series/NFCI,https://www.chicagofed.org/research/data/nfci/current-data,2026-08-31T14:34:09.166970Z,none
1971-01-22,financial_conditions_index,us,USA,,Chicago Fed National Financial Conditions Index,0.67,index,weekly,FRED_CHICAGO_FED,National Financial Conditions Index,https://fred.stlouisfed.org/series/NFCI,https://www.chicagofed.org/research/data/nfci/current-data,2026-08-31T14:34:09.166970Z,none
1971-01-29,financial_conditions_index,us,USA,,Chicago Fed National Financial Conditions Index,0.711,index,weekly,FRED_CHICAGO_FED,National Financial Conditions Index,https://fred.stlouisfed.org/series/NFCI,https://www.chicagofed.org/research/data/nfci/current-data,2026-08-31T14:34:09.166970Z,none
1971-02-05,financial_conditions_index,us,USA,,Chicago Fed National Financial Conditions Index,0.754,index,weekly,FRED_CHICAGO_FED,National Financial Conditions Index,https://fred.stlouisfed.org/series/NFCI,https://www.chicagofed.org/research/data/nfci/current-data,2026-08-31T14:34:09.166970Z,none
1971-02-12,financial_conditions_index,us,USA,,Chicago Fed National Financial Conditions Index,0.798,index,weekly,FRED_CHICAGO_FED,National Financial Conditions Index,https://fred.stlouisfed.org/series/NFCI,https://www.chicagofed.org/research/data/nfci/current-data,2026-08-31T14:34:09.166970Z,none
1971-02-19,financial_conditions_index,us,USA,,Chicago Fed National Financial Conditions Index,0.84,index,weekly,FRED_CHICAGO_FED,National Financial Conditions Index,https://fred.stlouisfed.org/series/NFCI,https://www.chicagofed.org/research/data/nfci/current-data,2026-08-31T14:34:09.166970Z,none
1971-02-26,financial_conditions_index,us,USA,,Chicago Fed National Financial Conditions Index,0.881,index,weekly,FRED_CHICAGO_FED,National Financial Conditions Index,https://fred.stlouisfed.org/series/NFCI,https://www.chicagofed.org/research/data/nfci/current-data,2026-08-31T14:34:09.166970Z,none
1971-03-05,financial_conditions_index,us,USA,,Chicago Fed National Financial Conditions Index,0.924,index,weekly,FRED_CHICAGO_FED,National Financial Conditions Index,https://fred.stlouisfed.org/series/NFCI,https://www.chicagofed.org/research/data/nfci/current-data,2026-08-31T14:34:09.166970Z,none
1971-03-12,financial_conditions_index,us,USA,,Chicago Fed National Financial Conditions Index,0.969,index,weekly,FRED_CHICAGO_FED,National Financial Conditions Index,https://fred.stlouisfed.org/series/NFCI,https://www.chicagofed.org/research/data/nfci/current-data,2026-08-31T14:34:09.166970Z,none
1971-03-19,financial_conditions_index,us,USA,,Chicago Fed National Financial Conditions Index,1.02,index,weekly,FRED_CHICAGO_FED,National Financial Conditions Index,https://fred.stlouisfed.org/series/NFCI,https://www.chicagofed.org/research/data/nfci/current-data,2026-08-31T14:34:09.166970Z,none
1971-03-26,financial_conditions_index,us,USA,,Chicago Fed National Financial Conditions Index,1.079,index,weekly,FRED_CHICAGO_FED,National Financial Conditions Index,https://fred.stlouisfed.org/series/NFCI,https://www.chicagofed.org/research/data/nfci/current-data,2026-08-31T14:34:09.166970Z,none
1971-04-02,financial_conditions_index,us,USA,,Chicago Fed National Financial Conditions Index,1.145,index,weekly,FRED_CHICAGO_FED,National Financial Conditions Index,https://fred.stlouisfed.org/series/NFCI,https://www.chicagofed.org/research/data/nfci/current-data,2026-08-31T14:34:09.166970Z,none
1971-04-09,financial_conditions_index,us,USA,,Chicago Fed National Financial Conditions Index,1.218,index,weekly,FRED_CHICAGO_FED,National Financial Conditions Index,https://fred.stlouisfed.org/series/NFCI,https://www.chicagofed.org/research/data/nfci/current-data,2026-08-31T14:34:09.166970Z,none
1971-04-16,financial_conditions_index,us,USA,,Chicago Fed National Financial Conditions Index,1.293,index,weekly,FRED_CHICAGO_FED,National Financial Conditions Index,https://fred.stlouisfed.org/series/NFCI,https://www.chicagofed.org/research/data/nfci/current-data,2026-08-31T14:34:09.166970Z,none
1971-04-23,financial_conditions_index,us,USA,,Chicago Fed National Financial Conditions Index,1.364,index,weekly,FRED_CHICAGO_FED,National Financial Conditions Index,https://fred.stlouisfed.org/series/NFCI,https://www.chicagofed.org/research/data/nfci/current-data,2026-08-31T14:34:09.166970Z,none
1971-04-30,financial_conditions_index,us,USA,,Chicago Fed National Financial Conditions Index,1.423,index,weekly,FRED_CHICAGO_FED,National Financial Conditions Index,https://fred.stlouisfed.org/series/NFCI,https://www.chicagofed.org/research/data/nfci/current-data,2026-08-31T14:34:09.166970Z,none
1971-05-07,financial_conditions_index,us,USA,,Chicago Fed National Financial Conditions Index,1.462,index,weekly,FRED_CHICAGO_FED,National Financial Conditions Index,https://fred.stlouisfed.org/series/NFCI,https://www.chicagofed.org/research/data/nfci/current-data,2026-08-31T14:34:09.166970Z,none
1971-05-14,financial_conditions_index,us,USA,,Chicago Fed National Financial Conditions Index,1.474,index,weekly,FRED_CHICAGO_FED,National Financial Conditions Index,https://fred.stlouisfed.org/series/NFCI,https://www.chicagofed.org/research/data/nfci/current-data,2026-08-31T14:34:09.166970Z,none
1971-05-21,financial_conditions_index,us,USA,,Chicago Fed National Financial Conditions Index,1.453,index,weekly,FRED_CHICAGO_FED,National Financial Conditions Index,https://fred.stlouisfed.org/series/NFCI,https://www.chicagofed.org/research/data/nfci/current-data,2026-08-31T14:34:09.166970Z,none
1971-05-28,financial_conditions_index,us,USA,,Chicago Fed National Financial Conditions Index,1.4,index,weekly,FRED_CHICAGO_FED,National Financial Conditions Index,https://fred.stlouisfed.org/series/NFCI,https://www.chicagofed.org/research/data/nfci/current-data,2026-08-31T14:34:09.166970Z,none
1971-06-04,financial_conditions_index,us,USA,,Chicago Fed National Financial Conditions Index,1.321,index,weekly,FRED_CHICAGO_FED,National Financial Conditions Index,https://fred.stlouisfed.org/series/NFCI,https://www.chicagofed.org/research/data/nfci/current-data,2026-08-31T14:34:09.166970Z,none
1971-06-11,financial_conditions_index,us,USA,,Chicago Fed National Financial Conditions Index,1.222,index,weekly,FRED_CHICAGO_FED,National Financial Conditions Index,https://fred.stlouisfed.org/series/NFCI,https://www.chicagofed.org/research/data/nfci/current-data,2026-08-31T14:34:09.166970Z,none
1971-06-18,financial_conditions_index,us,USA,,Chicago Fed National Financial Conditions Index,1.12,index,weekly,FRED_CHICAGO_FED,National Financial Conditions Index,https://fred.stlouisfed.org/series/NFCI,https://www.chicagofed.org/research/data/nfci/current-data,2026-08-31T14:34:09.166970Z,none
1971-06-25,financial_conditions_index,us,USA,,Chicago Fed National Financial Conditions Index,1.032,index,weekly,FRED_CHICAGO_FED,National Financial Conditions Index,https://fred.stlouisfed.org/series/NFCI,https://www.chicagofed.org/research/data/nfci/current-data,2026-08-31T14:34:09.166970Z,none
1971-07-02,financial_conditions_index,us,USA,,Chicago Fed National Financial Conditions Index,0.975,index,weekly,FRED_CHICAGO_FED,National Financial Conditions Index,https://fred.stlouisfed.org/series/NFCI,https://www.chicagofed.org/research/data/nfci/current-data,2026-08-31T14:34:09.166970Z,none
1971-07-09,financial_conditions_index,us,USA,,Chicago Fed National Financial Conditions Index,0.962,index,weekly,FRED_CHICAGO_FED,National Financial Conditions Index,https://fred.stlouisfed.org/series/NFCI,https://www.chicagofed.org/research/data/nfci/current-data,2026-08-31T14:34:09.166970Z,none
1971-07-16,financial_conditions_index,us,USA,,Chicago Fed National Financial Conditions Index,1.005,index,weekly,FRED_CHICAGO_FED,National Financial Conditions Index,https://fred.stlouisfed.org/series/NFCI,https://www.chicagofed.org/research/data/nfci/current-data,2026-08-31T14:34:09.166970Z,none
1971-07-23,financial_conditions_index,us,USA,,Chicago Fed National Financial Conditions Index,1.105,index,weekly,FRED_CHICAGO_FED,National Financial Conditions Index,https://fred.stlouisfed.org/series/NFCI,https://www.chicagofed.org/research/data/nfci/current-data,2026-08-31T14:34:09.166970Z,none
1971-07-30,financial_conditions_index,us,USA,,Chicago Fed National Financial Conditions Index,1.258,index,weekly,FRED_CHICAGO_FED,National Financial Conditions Index,https://fred.stlouisfed.org/series/NFCI,https://www.chicagofed.org/research/data/nfci/current-data,2026-08-31T14:34:09.166970Z,none
1971-08-06,financial_conditions_index,us,USA,,Chicago Fed National Financial Conditions Index,1.448,index,weekly,FRED_CHICAGO_FED,National Financial Conditions Index,https://fred.stlouisfed.org/series/NFCI,https://www.chicagofed.org/research/data/nfci/current-data,2026-08-31T14:34:09.166970Z,none
1971-08-13,financial_conditions_index,us,USA,,Chicago Fed National Financial Conditions Index,1.656,index,weekly,FRED_CHICAGO_FED,National Financial Conditions Index,https://fred.stlouisfed.org/series/NFCI,https://www.chicagofed.org/research/data/nfci/current-data,2026-08-31T14:34:09.166970Z,none
1971-08-20,financial_conditions_index,us,USA,,Chicago Fed National Financial Conditions Index,1.86,index,weekly,FRED_CHICAGO_FED,National Financial Conditions Index,https://fred.stlouisfed.org/series/NFCI,https://www.chicagofed.org/research/data/nfci/current-data,2026-08-31T14:34:09.166970Z,none
1971-08-27,financial_conditions_index,us,USA,,Chicago Fed National Financial Conditions Index,2.034,index,weekly,FRED_CHICAGO_FED,National Financial Conditions Index,https://fred.stlouisfed.org/series/NFCI,https://www.chicagofed.org/research/data/nfci/current-data,2026-08-31T14:34:09.166970Z,none
1971-09-03,financial_conditions_index,us,USA,,Chicago Fed National Financial Conditions Index,2.163,index,weekly,FRED_CHICAGO_FED,National Financial Conditions Index,https://fred.stlouisfed.org/series/NFCI,https://www.chicagofed.org/research/data/nfci/current-data,2026-08-31T14:34:09.166970Z,none
1971-09-10,financial_conditions_index,us,USA,,Chicago Fed National Financial Conditions Index,2.233,index,weekly,FRED_CHICAGO_FED,National Financial Conditions Index,https://fred.stlouisfed.org/series/NFCI,https://www.chicagofed.org/research/data/nfci/current-data,2026-08-31T14:34:09.166970Z,none
1971-09-17,financial_conditions_index,us,USA,,Chicago Fed National Financial Conditions Index,2.242,index,weekly,FRED_CHICAGO_FED,National Financial Conditions Index,https://fred.stlouisfed.org/series/NFCI,https://www.chicagofed.org/research/data/nfci/current-data,2026-08-31T14:34:09.166970Z,none
1971-09-24,financial_conditions_index,us,USA,,Chicago Fed National Financial Conditions Index,2.195,index,weekly,FRED_CHICAGO_FED,National Financial Conditions Index,https://fred.stlouisfed.org/series/NFCI,https://www.chicagofed.org/research/data/nfci/current-data,2026-08-31T14:34:09.166970Z,none
1971-10-01,financial_conditions_index,us,USA,,Chicago Fed National Financial Conditions Index,2.102,index,weekly,FRED_CHICAGO_FED,National Financial Conditions Index,https://fred.stlouisfed.org/series/NFCI,https://www.chicagofed.org/research/data/nfci/current-data,2026-08-31T14:34:09.166970Z,none
1971-10-08,financial_conditions_index,us,USA,,Chicago Fed National Financial Conditions Index,1.977,index,weekly,FRED_CHICAGO_FED,National Financial Conditions Index,https://fred.stlouisfed.org/series/NFCI,https://www.chicagofed.org/research/data/nfci/current-data,2026-08-31T14:34:09.166970Z,none
1971-10-15,financial_conditions_index,us,USA,,Chicago Fed National Financial Conditions Index,1.838,index,weekly,FRED_CHICAGO_FED,National Financial Conditions Index,https://fred.stlouisfed.org/series/NFCI,https://www.chicagofed.org/research/data/nfci/current-data,2026-08-31T14:34:09.166970Z,none
1971-10-22,financial_conditions_index,us,USA,,Chicago Fed National Financial Conditions Index,1.7,index,weekly,FRED_CHICAGO_FED,National Financial Conditions Index,https://fred.stlouisfed.org/series/NFCI,https://www.chicagofed.org/research/data/nfci/current-data,2026-08-31T14:34:09.166970Z,none
1971-10-29,financial_conditions_index,us,USA,,Chicago Fed National Financial Conditions Index,1.579,index,weekly,FRED_CHICAGO_FED,National Financial Conditions Index,https://fred.stlouisfed.org/series/NFCI,https://www.chicagofed.org/research/data/nfci/current-data,2026-08-31T14:34:09.166970Z,none
1971-11-05,financial_conditions_index,us,USA,,Chicago Fed National Financial Conditions Index,1.484,index,weekly,FRED_CHICAGO_FED,National Financial Conditions Index,https://fred.stlouisfed.org/series/NFCI,https://www.chicagofed.org/research/data/nfci/current-data,2026-08-31T14:34:09.166970Z,none
1971-11-12,financial_conditions_index,us,USA,,Chicago Fed National Financial Conditions Index,1.418,index,weekly,FRED_CHICAGO_FED,National Financial Conditions Index,https://fred.stlouisfed.org/series/NFCI,https://www.chicagofed.org/research/data/nfci/current-data,2026-08-31T14:34:09.166970Z,none
1971-11-19,financial_conditions_index,us,USA,,Chicago Fed National Financial Conditions Index,1.38,index,weekly,FRED_CHICAGO_FED,National Financial Conditions Index,https://fred.stlouisfed.org/series/NFCI,https://www.chicagofed.org/research/data/nfci/current-data,2026-08-31T14:34:09.166970Z,none
1971-11-26,financial_conditions_index,us,USA,,Chicago Fed National Financial Conditions Index,1.365,index,weekly,FRED_CHICAGO_FED,National Financial Conditions Index,https://fred.stlouisfed.org/series/NFCI,https://www.chicagofed.org/research/data/nfci/current-data,2026-08-31T14:34:09.166970Z,none
1971-12-03,financial_conditions_index,us,USA,,Chicago Fed National Financial Conditions Index,1.363,index,weekly,FRED_CHICAGO_FED,National Financial Conditions Index,https://fred.stlouisfed.org/series/NFCI,https://www.chicagofed.org/research/data/nfci/current-data,2026-08-31T14:34:09.166970Z,none
1971-12-10,financial_conditions_index,us,USA,,Chicago Fed National Financial Conditions Index,1.366,index,weekly,FRED_CHICAGO_FED,National Financial Conditions Index,https://fred.stlouisfed.org/series/NFCI,https://www.chicagofed.org/research/data/nfci/current-data,2026-08-31T14:34:09.166970Z,none
1971-12-17,financial_conditions_index,us,USA,,Chicago Fed National Financial Conditions Index,1.364,index,weekly,FRED_CHICAGO_FED,National Financial Conditions Index,https://fred.stlouisfed.org/series/NFCI,https://www.chicagofed.org/research/data/nfci/current-data,2026-08-31T14:34:09.166970Z,none
1971-12-24,financial_conditions_index,us,USA,,Chicago Fed National Financial Conditions Index,1.348,index,weekly,FRED_CHICAGO_FED,National Financial Conditions Index,https://fred.stlouisfed.org/series/NFCI,https://www.chicagofed.org/research/data/nfci/current-data,2026-08-31T14:34:09.166970Z,none
1971-12-31,financial_conditions_index,us,USA,,Chicago Fed National Financial Conditions Index,1.315,index,weekly,FRED_CHICAGO_FED,National Financial Conditions Index,https://fred.stlouisfed.org/series/NFCI,https://www.chicagofed.org/research/data/nfci/current-data,2026-08-31T14:34:09.166970Z,none
1972-01-07,financial_conditions_index,us,USA,,Chicago Fed National Financial Conditions Index,1.257,index,weekly,FRED_CHICAGO_FED,National Financial Conditions Index,https://fred.stlouisfed.org/series/NFCI,https://www.chicagofed.org/research/data/nfci/current-data,2026-08-31T14:34:09.166970Z,none
1972-01-14,financial_conditions_index,us,USA,,Chicago Fed National Financial Conditions Index,1.181,index,weekly,FRED_CHICAGO_FED,National Financial Conditions Index,https://fred.stlouisfed.org/series/NFCI,https://www.chicagofed.org/research/data/nfci/current-data,2026-08-31T14:34:09.166970Z,none
1972-01-21,financial_conditions_index,us,USA,,Chicago Fed National Financial Conditions Index,1.089,index,weekly,FRED_CHICAGO_FED,National Financial Conditions Index,https://fred.stlouisfed.org/series/NFCI,https://www.chicagofed.org/research/data/nfci/current-data,2026-08-31T14:34:09.166970Z,none
1972-01-28,financial_conditions_index,us,USA,,Chicago Fed National Financial Conditions Index,0.988,index,weekly,FRED_CHICAGO_FED,National Financial Conditions Index,https://fred.stlouisfed.org/series/NFCI,https://www.chicagofed.org/research/data/nfci/current-data,2026-08-31T14:34:09.166970Z,none
1972-02-04,financial_conditions_index,us,USA,,Chicago Fed National Financial Conditions Index,0.884,index,weekly,FRED_CHICAGO_FED,National Financial Conditions Index,https://fred.stlouisfed.org/series/NFCI,https://www.chicagofed.org/research/data/nfci/current-data,2026-08-31T14:34:09.166970Z,none
1972-02-11,financial_conditions_index,us,USA,,Chicago Fed National Financial Conditions Index,0.784,index,weekly,FRED_CHICAGO_FED,National Financial Conditions Index,https://fred.stlouisfed.org/series/NFCI,https://www.chicagofed.org/research/data/nfci/current-data,2026-08-31T14:34:09.166970Z,none
1972-02-18,financial_conditions_index,us,USA,,Chicago Fed National Financial Conditions Index,0.691,index,weekly,FRED_CHICAGO_FED,National Financial Conditions Index,https://fred.stlouisfed.org/series/NFCI,https://www.chicagofed.org/research/data/nfci/current-data,2026-08-31T14:34:09.166970Z,none
1972-02-25,financial_conditions_index,us,USA,,Chicago Fed National Financial Conditions Index,0.608,index,weekly,FRED_CHICAGO_FED,National Financial Conditions Index,https://fred.stlouisfed.org/series/NFCI,https://www.chicagofed.org/research/data/nfci/current-data,2026-08-31T14:34:09.166970Z,none
1972-03-03,financial_conditions_index,us,USA,,Chicago Fed National Financial Conditions Index,0.537,index,weekly,FRED_CHICAGO_FED,National Financial Conditions Index,https://fred.stlouisfed.org/series/NFCI,https://www.chicagofed.org/research/data/nfci/current-data,2026-08-31T14:34:09.166970Z,none
1972-03-10,financial_conditions_index,us,USA,,Chicago Fed National Financial Conditions Index,0.477,index,weekly,FRED_CHICAGO_FED,National Financial Conditions Index,https://fred.stlouisfed.org/series/NFCI,https://www.chicagofed.org/research/data/nfci/current-data,2026-08-31T14:34:09.166970Z,none
1972-03-17,financial_conditions_index,us,USA,,Chicago Fed National Financial Conditions Index,0.426,index,weekly,FRED_CHICAGO_FED,National Financial Conditions Index,https://fred.stlouisfed.org/series/NFCI,https://www.chicagofed.org/research/data/nfci/current-data,2026-08-31T14:34:09.166970Z,none
1972-03-24,financial_conditions_index,us,USA,,Chicago Fed National Financial Conditions Index,0.381,index,weekly,FRED_CHICAGO_FED,National Financial Conditions Index,https://fred.stlouisfed.org/series/NFCI,https://www.chicagofed.org/research/data/nfci/current-data,2026-08-31T14:34:09.166970Z,none
1972-03-31,financial_conditions_index,us,USA,,Chicago Fed National Financial Conditions Index,0.338,index,weekly,FRED_CHICAGO_FED,National Financial Conditions Index,https://fred.stlouisfed.org/series/NFCI,https://www.chicagofed.org/research/data/nfci/current-data,2026-08-31T14:34:09.166970Z,none
1972-04-07,financial_conditions_index,us,USA,,Chicago Fed National Financial Conditions Index,0.294,index,weekly,FRED_CHICAGO_FED,National Financial Conditions Index,https://fred.stlouisfed.org/series/NFCI,https://www.chicagofed.org/research/data/nfci/current-data,2026-08-31T14:34:09.166970Z,none
1972-04-14,financial_conditions_index,us,USA,,Chicago Fed National Financial Conditions Index,0.248,index,weekly,FRED_CHICAGO_FED,National Financial Conditions Index,https://fred.stlouisfed.org/series/NFCI,https://www.chicagofed.org/research/data/nfci/current-data,2026-08-31T14:34:09.166970Z,none
1972-04-21,financial_conditions_index,us,USA,,Chicago Fed National Financial Conditions Index,0.2,index,weekly,FRED_CHICAGO_FED,National Financial Conditions Index,https://fred.stlouisfed.org/series/NFCI,https://www.chicagofed.org/research/data/nfci/current-data,2026-08-31T14:34:09.166970Z,none
1972-04-28,financial_conditions_index,us,USA,,Chicago Fed National Financial Conditions Index,0.152,index,weekly,FRED_CHICAGO_FED,National Financial Conditions Index,https://fred.stlouisfed.org/series/NFCI,https://www.chicagofed.org/research/data/nfci/current-data,2026-08-31T14:34:09.166970Z,none
1972-05-05,financial_conditions_index,us,USA,,Chicago Fed National Financial Conditions Index,0.107,index,weekly,FRED_CHICAGO_FED,National Financial Conditions Index,https://fred.stlouisfed.org/series/NFCI,https://www.chicagofed.org/research/data/nfci/current-data,2026-08-31T14:34:09.166970Z,none
1972-05-12,financial_conditions_index,us,USA,,Chicago Fed National Financial Conditions Index,0.069,index,weekly,FRED_CHICAGO_FED,National Financial Conditions Index,https://fred.stlouisfed.org/series/NFCI,https://www.chicagofed.org/research/data/nfci/current-data,2026-08-31T14:34:09.166970Z,none
1972-05-19,financial_conditions_index,us,USA,,Chicago Fed National Financial Conditions Index,0.043,index,weekly,FRED_CHICAGO_FED,National Financial Conditions Index,https://fred.stlouisfed.org/series/NFCI,https://www.chicagofed.org/research/data/nfci/current-data,2026-08-31T14:34:09.166970Z,none
1972-05-26,financial_conditions_index,us,USA,,Chicago Fed National Financial Conditions Index,0.033,index,weekly,FRED_CHICAGO_FED,National Financial Conditions Index,https://fred.stlouisfed.org/series/NFCI,https://www.chicagofed.org/research/data/nfci/current-data,2026-08-31T14:34:09.166970Z,none
1972-06-02,financial_conditions_index,us,USA,,Chicago Fed National Financial Conditions Index,0.04,index,weekly,FRED_CHICAGO_FED,National Financial Conditions Index,https://fred.stlouisfed.org/series/NFCI,https://www.chicagofed.org/research/data/nfci/current-data,2026-08-31T14:34:09.166970Z,none
1972-06-09,financial_conditions_index,us,USA,,Chicago Fed National Financial Conditions Index,0.066,index,weekly,FRED_CHICAGO_FED,National Financial Conditions Index,https://fred.stlouisfed.org/series/NFCI,https://www.chicagofed.org/research/data/nfci/current-data,2026-08-31T14:34:09.166970Z,none
1972-06-16,financial_conditions_index,us,USA,,Chicago Fed National Financial Conditions Index,0.107,index,weekly,FRED_CHICAGO_FED,National Financial Conditions Index,https://fred.stlouisfed.org/series/NFCI,https://www.chicagofed.org/research/data/nfci/current-data,2026-08-31T14:34:09.166970Z,none
1972-06-23,financial_conditions_index,us,USA,,Chicago Fed National Financial Conditions Index,0.159,index,weekly,FRED_CHICAGO_FED,National Financial Conditions Index,https://fred.stlouisfed.org/series/NFCI,https://www.chicagofed.org/research/data/nfci/current-data,2026-08-31T14:34:09.166970Z,none
1972-06-30,financial_conditions_index,us,USA,,Chicago Fed National Financial Conditions Index,0.215,index,weekly,FRED_CHICAGO_FED,National Financial Conditions Index,https://fred.stlouisfed.org/series/NFCI,https://www.chicagofed.org/research/data/nfci/current-data,2026-08-31T14:34:09.166970Z,none
1972-07-07,financial_conditions_index,us,USA,,Chicago Fed National Financial Conditions Index,0.267,index,weekly,FRED_CHICAGO_FED,National Financial Conditions Index,https://fred.stlouisfed.org/series/NFCI,https://www.chicagofed.org/research/data/nfci/current-data,2026-08-31T14:34:09.166970Z,none
1972-07-14,financial_conditions_index,us,USA,,Chicago Fed National Financial Conditions Index,0.308,index,weekly,FRED_CHICAGO_FED,National Financial Conditions Index,https://fred.stlouisfed.org/series/NFCI,https://www.chicagofed.org/research/data/nfci/current-data,2026-08-31T14:34:09.166970Z,none
1972-07-21,financial_conditions_index,us,USA,,Chicago Fed National Financial Conditions Index,0.332,index,weekly,FRED_CHICAGO_FED,National Financial Conditions Index,https://fred.stlouisfed.org/series/NFCI,https://www.chicagofed.org/research/data/nfci/current-data,2026-08-31T14:34:09.166970Z,none
1972-07-28,financial_conditions_index,us,USA,,Chicago Fed National Financial Conditions Index,0.336,index,weekly,FRED_CHICAGO_FED,National Financial Conditions Index,https://fred.stlouisfed.org/series/NFCI,https://www.chicagofed.org/research/data/nfci/current-data,2026-08-31T14:34:09.166970Z,none
1972-08-04,financial_conditions_index,us,USA,,Chicago Fed National Financial Conditions Index,0.317,index,weekly,FRED_CHICAGO_FED,National Financial Conditions Index,https://fred.stlouisfed.org/series/NFCI,https://www.chicagofed.org/research/data/nfci/current-data,2026-08-31T14:34:09.166970Z,none
1972-08-11,financial_conditions_index,us,USA,,Chicago Fed National Financial Conditions Index,0.278,index,weekly,FRED_CHICAGO_FED,National Financial Conditions Index,https://fred.stlouisfed.org/series/NFCI,https://www.chicagofed.org/research/data/nfci/current-data,2026-08-31T14:34:09.166970Z,none
1972-08-18,financial_conditions_index,us,USA,,Chicago Fed National Financial Conditions Index,0.224,index,weekly,FRED_CHICAGO_FED,National Financial Conditions Index,https://fred.stlouisfed.org/series/NFCI,https://www.chicagofed.org/research/data/nfci/current-data,2026-08-31T14:34:09.166970Z,none
1972-08-25,financial_conditions_index,us,USA,,Chicago Fed National Financial Conditions Index,0.158,index,weekly,FRED_CHICAGO_FED,National Financial Conditions Index,https://fred.stlouisfed.org/series/NFCI,https://www.chicagofed.org/research/data/nfci/current-data,2026-08-31T14:34:09.166970Z,none
1972-09-01,financial_conditions_index,us,USA,,Chicago Fed National Financial Conditions Index,0.09,index,weekly,FRED_CHICAGO_FED,National Financial Conditions Index,https://fred.stlouisfed.org/series/NFCI,https://www.chicagofed.org/research/data/nfci/current-data,2026-08-31T14:34:09.166970Z,none
1972-09-08,financial_conditions_index,us,USA,,Chicago Fed National Financial Conditions Index,0.024,index,weekly,FRED_CHICAGO_FED,National Financial Conditions Index,https://fred.stlouisfed.org/series/NFCI,https://www.chicagofed.org/research/data/nfci/current-data,2026-08-31T14:34:09.166970Z,none
1972-09-15,financial_conditions_index,us,USA,,Chicago Fed National Financial Conditions Index,-0.032,index,weekly,FRED_CHICAGO_FED,National Financial Conditions Index,https://fred.stlouisfed.org/series/NFCI,https://www.chicagofed.org/research/data/nfci/current-data,2026-08-31T14:34:09.166970Z,none
1972-09-22,financial_conditions_index,us,USA,,Chicago Fed National Financial Conditions Index,-0.078,index,weekly,FRED_CHICAGO_FED,National Financial Conditions Index,https://fred.stlouisfed.org/series/NFCI,https://www.chicagofed.org/research/data/nfci/current-data,2026-08-31T14:34:09.166970Z,none
1972-09-29,financial_conditions_index,us,USA,,Chicago Fed National Financial Conditions Index,-0.112,index,weekly,FRED_CHICAGO_FED,National Financial Conditions Index,https://fred.stlouisfed.org/series/NFCI,https://www.chicagofed.org/research/data/nfci/current-data,2026-08-31T14:34:09.166970Z,none
1972-10-06,financial_conditions_index,us,USA,,Chicago Fed National Financial Conditions Index,-0.135,index,weekly,FRED_CHICAGO_FED,National Financial Conditions Index,https://fred.stlouisfed.org/series/NFCI,https://www.chicagofed.org/research/data/nfci/current-data,2026-08-31T14:34:09.166970Z,none
1972-10-13,financial_conditions_index,us,USA,,Chicago Fed National Financial Conditions Index,-0.152,index,weekly,FRED_CHICAGO_FED,National Financial Conditions Index,https://fred.stlouisfed.org/series/NFCI,https://www.chicagofed.org/research/data/nfci/current-data,2026-08-31T14:34:09.166970Z,none
1972-10-20,financial_conditions_index,us,USA,,Chicago Fed National Financial Conditions Index,-0.165,index,weekly,FRED_CHICAGO_FED,National Financial Conditions Index,https://fred.stlouisfed.org/series/NFCI,https://www.chicagofed.org/research/data/nfci/current-data,2026-08-31T14:34:09.166970Z,none
1972-10-27,financial_conditions_index,us,USA,,Chicago Fed National Financial Conditions Index,-0.178,index,weekly,FRED_CHICAGO_FED,National Financial Conditions Index,https://fred.stlouisfed.org/series/NFCI,https://www.chicagofed.org/research/data/nfci/current-data,2026-08-31T14:34:09.166970Z,none
1972-11-03,financial_conditions_index,us,USA,,Chicago Fed National Financial Conditions Index,-0.193,index,weekly,FRED_CHICAGO_FED,National Financial Conditions Index,https://fred.stlouisfed.org/series/NFCI,https://www.chicagofed.org/research/data/nfci/current-data,2026-08-31T14:34:09.166970Z,none
1972-11-10,financial_conditions_index,us,USA,,Chicago Fed National Financial Conditions Index,-0.211,index,weekly,FRED_CHICAGO_FED,National Financial Conditions Index,https://fred.stlouisfed.org/series/NFCI,https://www.chicagofed.org/research/data/nfci/current-data,2026-08-31T14:34:09.166970Z,none
1972-11-17,financial_conditions_index,us,USA,,Chicago Fed National Financial Conditions Index,-0.231,index,weekly,FRED_CHICAGO_FED,National Financial Conditions Index,https://fred.stlouisfed.org/series/NFCI,https://www.chicagofed.org/research/data/nfci/current-data,2026-08-31T14:34:09.166970Z,none
1972-11-24,financial_conditions_index,us,USA,,Chicago Fed National Financial Conditions Index,-0.252,index,weekly,FRED_CHICAGO_FED,National Financial Conditions Index,https://fred.stlouisfed.org/series/NFCI,https://www.chicagofed.org/research/data/nfci/current-data,2026-08-31T14:34:09.166970Z,none
1972-12-01,financial_conditions_index,us,USA,,Chicago Fed National Financial Conditions Index,-0.27,index,weekly,FRED_CHICAGO_FED,National Financial Conditions Index,https://fred.stlouisfed.org/series/NFCI,https://www.chicagofed.org/research/data/nfci/current-data,2026-08-31T14:34:09.166970Z,none
1972-12-08,financial_conditions_index,us,USA,,Chicago Fed National Financial Conditions Index,-0.279,index,weekly,FRED_CHICAGO_FED,National Financial Conditions Index,https://fred.stlouisfed.org/series/NFCI,https://www.chicagofed.org/research/data/nfci/current-data,2026-08-31T14:34:09.166970Z,none
1972-12-15,financial_conditions_index,us,USA,,Chicago Fed National Financial Conditions Index,-0.277,index,weekly,FRED_CHICAGO_FED,National Financial Conditions Index,https://fred.stlouisfed.org/series/NFCI,https://www.chicagofed.org/research/data/nfci/current-data,2026-08-31T14:34:09.166970Z,none
1972-12-22,financial_conditions_index,us,USA,,Chicago Fed National Financial Conditions Index,-0.255,index,weekly,FRED_CHICAGO_FED,National Financial Conditions Index,https://fred.stlouisfed.org/series/NFCI,https://www.chicagofed.org/research/data/nfci/current-data,2026-08-31T14:34:09.166970Z,none
1972-12-29,financial_conditions_index,us,USA,,Chicago Fed National Financial Conditions Index,-0.209,index,weekly,FRED_CHICAGO_FED,National Financial Conditions Index,https://fred.stlouisfed.org/series/NFCI,https://www.chicagofed.org/research/data/nfci/current-data,2026-08-31T14:34:09.166970Z,none
1973-01-05,financial_conditions_index,us,USA,,Chicago Fed National Financial Conditions Index,-0.136,index,weekly,FRED_CHICAGO_FED,National Financial Conditions Index,https://fred.stlouisfed.org/series/NFCI,https://www.chicagofed.org/research/data/nfci/current-data,2026-08-31T14:34:09.166970Z,none
1973-01-12,financial_conditions_index,us,USA,,Chicago Fed National Financial Conditions Index,-0.034,index,weekly,FRED_CHICAGO_FED,National Financial Conditions Index,https://fred.stlouisfed.org/series/NFCI,https://www.chicagofed.org/research/data/nfci/current-data,2026-08-31T14:34:09.166970Z,none
1973-01-19,financial_conditions_index,us,USA,,Chicago Fed National Financial Conditions Index,0.096,index,weekly,FRED_CHICAGO_FED,National Financial Conditions Index,https://fred.stlouisfed.org/series/NFCI,https://www.chicagofed.org/research/data/nfci/current-data,2026-08-31T14:34:09.166970Z,none
1973-01-26,financial_conditions_index,us,USA,,Chicago Fed National Financial Conditions Index,0.248,index,weekly,FRED_CHICAGO_FED,National Financial Conditions Index,https://fred.stlouisfed.org/series/NFCI,https://www.chicagofed.org/research/data/nfci/current-data,2026-08-31T14:34:09.166970Z,none
1973-02-02,financial_conditions_index,us,USA,,Chicago Fed National Financial Conditions Index,0.416,index,weekly,FRED_CHICAGO_FED,National Financial Conditions Index,https://fred.stlouisfed.org/series/NFCI,https://www.chicagofed.org/research/data/nfci/current-data,2026-08-31T14:34:09.166970Z,none
1973-02-09,financial_conditions_index,us,USA,,Chicago Fed National Financial Conditions Index,0.59,index,weekly,FRED_CHICAGO_FED,National Financial Conditions Index,https://fred.stlouisfed.org/series/NFCI,https://www.chicagofed.org/research/data/nfci/current-data,2026-08-31T14:34:09.166970Z,none
1973-02-16,financial_conditions_index,us,USA,,Chicago Fed National Financial Conditions Index,0.76,index,weekly,FRED_CHICAGO_FED,National Financial Conditions Index,https://fred.stlouisfed.org/series/NFCI,https://www.chicagofed.org/research/data/nfci/current-data,2026-08-31T14:34:09.166970Z,none
1973-02-23,financial_conditions_index,us,USA,,Chicago Fed National Financial Conditions Index,0.914,index,weekly,FRED_CHICAGO_FED,National Financial Conditions Index,https://fred.stlouisfed.org/series/NFCI,https://www.chicagofed.org/research/data/nfci/current-data,2026-08-31T14:34:09.166970Z,none
1973-03-02,financial_conditions_index,us,USA,,Chicago Fed National Financial Conditions Index,1.046,index,weekly,FRED_CHICAGO_FED,National Financial Conditions Index,https://fred.stlouisfed.org/series/NFCI,https://www.chicagofed.org/research/data/nfci/current-data,2026-08-31T14:34:09.166970Z,none
1973-03-09,financial_conditions_index,us,USA,,Chicago Fed National Financial Conditions Index,1.148,index,weekly,FRED_CHICAGO_FED,National Financial Conditions Index,https://fred.stlouisfed.org/series/NFCI,https://www.chicagofed.org/research/data/nfci/current-data,2026-08-31T14:34:09.166970Z,none
1973-03-16,financial_conditions_index,us,USA,,Chicago Fed National Financial Conditions Index,1.219,index,weekly,FRED_CHICAGO_FED,National Financial Conditions Index,https://fred.stlouisfed.org/series/NFCI,https://www.chicagofed.org/research/data/nfci/current-data,2026-08-31T14:34:09.166970Z,none
1973-03-23,financial_conditions_index,us,USA,,Chicago Fed National Financial Conditions Index,1.262,index,weekly,FRED_CHICAGO_FED,National Financial Conditions Index,https://fred.stlouisfed.org/series/NFCI,https://www.chicagofed.org/research/data/nfci/current-data,2026-08-31T14:34:09.166970Z,none
1973-03-30,financial_conditions_index,us,USA,,Chicago Fed National Financial Conditions Index,1.279,index,weekly,FRED_CHICAGO_FED,National Financial Conditions Index,https://fred.stlouisfed.org/series/NFCI,https://www.chicagofed.org/research/data/nfci/current-data,2026-08-31T14:34:09.166970Z,none
1973-04-06,financial_conditions_index,us,USA,,Chicago Fed National Financial Conditions Index,1.276,index,weekly,FRED_CHICAGO_FED,National Financial Conditions Index,https://fred.stlouisfed.org/series/NFCI,https://www.chicagofed.org/research/data/nfci/current-data,2026-08-31T14:34:09.166970Z,none
1973-04-13,financial_conditions_index,us,USA,,Chicago Fed National Financial Conditions Index,1.26,index,weekly,FRED_CHICAGO_FED,National Financial Conditions Index,https://fred.stlouisfed.org/series/NFCI,https://www.chicagofed.org/research/data/nfci/current-data,2026-08-31T14:34:09.166970Z,none
1973-04-20,financial_conditions_index,us,USA,,Chicago Fed National Financial Conditions Index,1.235,index,weekly,FRED_CHICAGO_FED,National Financial Conditions Index,https://fred.stlouisfed.org/series/NFCI,https://www.chicagofed.org/research/data/nfci/current-data,2026-08-31T14:34:09.166970Z,none
1973-04-27,financial_conditions_index,us,USA,,Chicago Fed National Financial Conditions Index,1.207,index,weekly,FRED_CHICAGO_FED,National Financial Conditions Index,https://fred.stlouisfed.org/series/NFCI,https://www.chicagofed.org/research/data/nfci/current-data,2026-08-31T14:34:09.166970Z,none
1973-05-04,financial_conditions_index,us,USA,,Chicago Fed National Financial Conditions Index,1.18,index,weekly,FRED_CHICAGO_FED,National Financial Conditions Index,https://fred.stlouisfed.org/series/NFCI,https://www.chicagofed.org/research/data/nfci/current-data,2026-08-31T14:34:09.166970Z,none
1973-05-11,financial_conditions_index,us,USA,,Chicago Fed National Financial Conditions Index,1.155,index,weekly,FRED_CHICAGO_FED,National Financial Conditions Index,https://fred.stlouisfed.org/series/NFCI,https://www.chicagofed.org/research/data/nfci/current-data,2026-08-31T14:34:09.166970Z,none
1973-05-18,financial_conditions_index,us,USA,,Chicago Fed National Financial Conditions Index,1.137,index,weekly,FRED_CHICAGO_FED,National Financial Conditions Index,https://fred.stlouisfed.org/series/NFCI,https://www.chicagofed.org/research/data/nfci/current-data,2026-08-31T14:34:09.166970Z,none
1973-05-25,financial_conditions_index,us,USA,,Chicago Fed National Financial Conditions Index,1.126,index,weekly,FRED_CHICAGO_FED,National Financial Conditions Index,https://fred.stlouisfed.org/series/NFCI,https://www.chicagofed.org/research/data/nfci/current-data,2026-08-31T14:34:09.166970Z,none
1973-06-01,financial_conditions_index,us,USA,,Chicago Fed National Financial Conditions Index,1.126,index,weekly,FRED_CHICAGO_FED,National Financial Conditions Index,https://fred.stlouisfed.org/series/NFCI,https://www.chicagofed.org/research/data/nfci/current-data,2026-08-31T14:34:09.166970Z,none
1973-06-08,financial_conditions_index,us,USA,,Chicago Fed National Financial Conditions Index,1.14,index,weekly,FRED_CHICAGO_FED,National Financial Conditions Index,https://fred.stlouisfed.org/series/NFCI,https://www.chicagofed.org/research/data/nfci/current-data,2026-08-31T14:34:09.166970Z,none
1973-06-15,financial_conditions_index,us,USA,,Chicago Fed National Financial Conditions Index,1.171,index,weekly,FRED_CHICAGO_FED,National Financial Conditions Index,https://fred.stlouisfed.org/series/NFCI,https://www.chicagofed.org/research/data/nfci/current-data,2026-08-31T14:34:09.166970Z,none
1973-06-22,financial_conditions_index,us,USA,,Chicago Fed National Financial Conditions Index,1.219,index,weekly,FRED_CHICAGO_FED,National Financial Conditions Index,https://fred.stlouisfed.org/series/NFCI,https://www.chicagofed.org/research/data/nfci/current-data,2026-08-31T14:34:09.166970Z,none
1973-06-29,financial_conditions_index,us,USA,,Chicago Fed National Financial Conditions Index,1.288,index,weekly,FRED_CHICAGO_FED,National Financial Conditions Index,https://fred.stlouisfed.org/series/NFCI,https://www.chicagofed.org/research/data/nfci/current-data,2026-08-31T14:34:09.166970Z,none
1973-07-06,financial_conditions_index,us,USA,,Chicago Fed National Financial Conditions Index,1.376,index,weekly,FRED_CHICAGO_FED,National Financial Conditions Index,https://fred.stlouisfed.org/series/NFCI,https://www.chicagofed.org/research/data/nfci/current-data,2026-08-31T14:34:09.166970Z,none
1973-07-13,financial_conditions_index,us,USA,,Chicago Fed National Financial Conditions Index,1.482,index,weekly,FRED_CHICAGO_FED,National Financial Conditions Index,https://fred.stlouisfed.org/series/NFCI,https://www.chicagofed.org/research/data/nfci/current-data,2026-08-31T14:34:09.166970Z,none
1973-07-20,financial_conditions_index,us,USA,,Chicago Fed National Financial Conditions Index,1.603,index,weekly,FRED_CHICAGO_FED,National Financial Conditions Index,https://fred.stlouisfed.org/series/NFCI,https://www.chicagofed.org/research/data/nfci/current-data,2026-08-31T14:34:09.166970Z,none
1973-07-27,financial_conditions_index,us,USA,,Chicago Fed National Financial Conditions Index,1.732,index,weekly,FRED_CHICAGO_FED,National Financial Conditions Index,https://fred.stlouisfed.org/series/NFCI,https://www.chicagofed.org/research/data/nfci/current-data,2026-08-31T14:34:09.166970Z,none
1973-08-03,financial_conditions_index,us,USA,,Chicago Fed National Financial Conditions Index,1.865,index,weekly,FRED_CHICAGO_FED,National Financial Conditions Index,https://fred.stlouisfed.org/series/NFCI,https://www.chicagofed.org/research/data/nfci/current-data,2026-08-31T14:34:09.166970Z,none
1973-08-10,financial_conditions_index,us,USA,,Chicago Fed National Financial Conditions Index,1.994,index,weekly,FRED_CHICAGO_FED,National Financial Conditions Index,https://fred.stlouisfed.org/series/NFCI,https://www.chicagofed.org/research/data/nfci/current-data,2026-08-31T14:34:09.166970Z,none
1973-08-17,financial_conditions_index,us,USA,,Chicago Fed National Financial Conditions Index,2.115,index,weekly,FRED_CHICAGO_FED,National Financial Conditions Index,https://fred.stlouisfed.org/series/NFCI,https://www.chicagofed.org/research/data/nfci/current-data,2026-08-31T14:34:09.166970Z,none
1973-08-24,financial_conditions_index,us,USA,,Chicago Fed National Financial Conditions Index,2.222,index,weekly,FRED_CHICAGO_FED,National Financial Conditions Index,https://fred.stlouisfed.org/series/NFCI,https://www.chicagofed.org/research/data/nfci/current-data,2026-08-31T14:34:09.166970Z,none
1973-08-31,financial_conditions_index,us,USA,,Chicago Fed National Financial Conditions Index,2.31,index,weekly,FRED_CHICAGO_FED,National Financial Conditions Index,https://fred.stlouisfed.org/series/NFCI,https://www.chicagofed.org/research/data/nfci/current-data,2026-08-31T14:34:09.166970Z,none
1973-09-07,financial_conditions_index,us,USA,,Chicago Fed National Financial Conditions Index,2.375,index,weekly,FRED_CHICAGO_FED,National Financial Conditions Index,https://fred.stlouisfed.org/series/NFCI,https://www.chicagofed.org/research/data/nfci/current-data,2026-08-31T14:34:09.166970Z,none
1973-09-14,financial_conditions_index,us,USA,,Chicago Fed National Financial Conditions Index,2.413,index,weekly,FRED_CHICAGO_FED,National Financial Conditions Index,https://fred.stlouisfed.org/series/NFCI,https://www.chicagofed.org/research/data/nfci/current-data,2026-08-31T14:34:09.166970Z,none
1973-09-21,financial_conditions_index,us,USA,,Chicago Fed National Financial Conditions Index,2.426,index,weekly,FRED_CHICAGO_FED,National Financial Conditions Index,https://fred.stlouisfed.org/series/NFCI,https://www.chicagofed.org/research/data/nfci/current-data,2026-08-31T14:34:09.166970Z,none
1973-09-28,financial_conditions_index,us,USA,,Chicago Fed National Financial Conditions Index,2.416,index,weekly,FRED_CHICAGO_FED,National Financial Conditions Index,https://fred.stlouisfed.org/series/NFCI,https://www.chicagofed.org/research/data/nfci/current-data,2026-08-31T14:34:09.166970Z,none
1973-10-05,financial_conditions_index,us,USA,,Chicago Fed National Financial Conditions Index,2.384,index,weekly,FRED_CHICAGO_FED,National Financial Conditions Index,https://fred.stlouisfed.org/series/NFCI,https://www.chicagofed.org/research/data/nfci/current-data,2026-08-31T14:34:09.166970Z,none
1973-10-12,financial_conditions_index,us,USA,,Chicago Fed National Financial Conditions Index,2.339,index,weekly,FRED_CHICAGO_FED,National Financial Conditions Index,https://fred.stlouisfed.org/series/NFCI,https://www.chicagofed.org/research/data/nfci/current-data,2026-08-31T14:34:09.166970Z,none
1973-10-19,financial_conditions_index,us,USA,,Chicago Fed National Financial Conditions Index,2.286,index,weekly,FRED_CHICAGO_FED,National Financial Conditions Index,https://fred.stlouisfed.org/series/NFCI,https://www.chicagofed.org/research/data/nfci/current-data,2026-08-31T14:34:09.166970Z,none
1973-10-26,financial_conditions_index,us,USA,,Chicago Fed National Financial Conditions Index,2.235,index,weekly,FRED_CHICAGO_FED,National Financial Conditions Index,https://fred.stlouisfed.org/series/NFCI,https://www.chicagofed.org/research/data/nfci/current-data,2026-08-31T14:34:09.166970Z,none
1973-11-02,financial_conditions_index,us,USA,,Chicago Fed National Financial Conditions Index,2.191,index,weekly,FRED_CHICAGO_FED,National Financial Conditions Index,https://fred.stlouisfed.org/series/NFCI,https://www.chicagofed.org/research/data/nfci/current-data,2026-08-31T14:34:09.166970Z,none
1973-11-09,financial_conditions_index,us,USA,,Chicago Fed National Financial Conditions Index,2.157,index,weekly,FRED_CHICAGO_FED,National Financial Conditions Index,https://fred.stlouisfed.org/series/NFCI,https://www.chicagofed.org/research/data/nfci/current-data,2026-08-31T14:34:09.166970Z,none
1973-11-16,financial_conditions_index,us,USA,,Chicago Fed National Financial Conditions Index,2.134,index,weekly,FRED_CHICAGO_FED,National Financial Conditions Index,https://fred.stlouisfed.org/series/NFCI,https://www.chicagofed.org/research/data/nfci/current-data,2026-08-31T14:34:09.166970Z,none
1973-11-23,financial_conditions_index,us,USA,,Chicago Fed National Financial Conditions Index,2.116,index,weekly,FRED_CHICAGO_FED,National Financial Conditions Index,https://fred.stlouisfed.org/series/NFCI,https://www.chicagofed.org/research/data/nfci/current-data,2026-08-31T14:34:09.166970Z,none
1973-11-30,financial_conditions_index,us,USA,,Chicago Fed National Financial Conditions Index,2.093,index,weekly,FRED_CHICAGO_FED,National Financial Conditions Index,https://fred.stlouisfed.org/series/NFCI,https://www.chicagofed.org/research/data/nfci/current-data,2026-08-31T14:34:09.166970Z,none
1973-12-07,financial_conditions_index,us,USA,,Chicago Fed National Financial Conditions Index,2.055,index,weekly,FRED_CHICAGO_FED,National Financial Conditions Index,https://fred.stlouisfed.org/series/NFCI,https://www.chicagofed.org/research/data/nfci/current-data,2026-08-31T14:34:09.166970Z,none
1973-12-14,financial_conditions_index,us,USA,,Chicago Fed National Financial Conditions Index,1.991,index,weekly,FRED_CHICAGO_FED,National Financial Conditions Index,https://fred.stlouisfed.org/series/NFCI,https://www.chicagofed.org/research/data/nfci/current-data,2026-08-31T14:34:09.166970Z,none
1973-12-21,financial_conditions_index,us,USA,,Chicago Fed National Financial Conditions Index,1.895,index,weekly,FRED_CHICAGO_FED,National Financial Conditions Index,https://fred.stlouisfed.org/series/NFCI,https://www.chicagofed.org/research/data/nfci/current-data,2026-08-31T14:34:09.166970Z,none
1973-12-28,financial_conditions_index,us,USA,,Chicago Fed National Financial Conditions Index,1.766,index,weekly,FRED_CHICAGO_FED,National Financial Conditions Index,https://fred.stlouisfed.org/series/NFCI,https://www.chicagofed.org/research/data/nfci/current-data,2026-08-31T14:34:09.166970Z,none
1974-01-04,financial_conditions_index,us,USA,,Chicago Fed National Financial Conditions Index,1.605,index,weekly,FRED_CHICAGO_FED,National Financial Conditions Index,https://fred.stlouisfed.org/series/NFCI,https://www.chicagofed.org/research/data/nfci/current-data,2026-08-31T14:34:09.166970Z,none
1974-01-11,financial_conditions_index,us,USA,,Chicago Fed National Financial Conditions Index,1.423,index,weekly,FRED_CHICAGO_FED,National Financial Conditions Index,https://fred.stlouisfed.org/series/NFCI,https://www.chicagofed.org/research/data/nfci/current-data,2026-08-31T14:34:09.166970Z,none
1974-01-18,financial_conditions_index,us,USA,,Chicago Fed National Financial Conditions Index,1.227,index,weekly,FRED_CHICAGO_FED,National Financial Conditions Index,https://fred.stlouisfed.org/series/NFCI,https://www.chicagofed.org/research/data/nfci/current-data,2026-08-31T14:34:09.166970Z,none
1974-01-25,financial_conditions_index,us,USA,,Chicago Fed National Financial Conditions Index,1.032,index,weekly,FRED_CHICAGO_FED,National Financial Conditions Index,https://fred.stlouisfed.org/series/NFCI,https://www.chicagofed.org/research/data/nfci/current-data,2026-08-31T14:34:09.166970Z,none
1974-02-01,financial_conditions_index,us,USA,,Chicago Fed National Financial Conditions Index,0.848,index,weekly,FRED_CHICAGO_FED,National Financial Conditions Index,https://fred.stlouisfed.org/series/NFCI,https://www.chicagofed.org/research/data/nfci/current-data,2026-08-31T14:34:09.166970Z,none
1974-02-08,financial_conditions_index,us,USA,,Chicago Fed National Financial Conditions Index,0.689,index,weekly,FRED_CHICAGO_FED,National Financial Conditions Index,https://fred.stlouisfed.org/series/NFCI,https://www.chicagofed.org/research/data/nfci/current-data,2026-08-31T14:34:09.166970Z,none
1974-02-15,financial_conditions_index,us,USA,,Chicago Fed National Financial Conditions Index,0.563,index,weekly,FRED_CHICAGO_FED,National Financial Conditions Index,https://fred.stlouisfed.org/series/NFCI,https://www.chicagofed.org/research/data/nfci/current-data,2026-08-31T14:34:09.166970Z,none
1974-02-22,financial_conditions_index,us,USA,,Chicago Fed National Financial Conditions Index,0.479,index,weekly,FRED_CHICAGO_FED,National Financial Conditions Index,https://fred.stlouisfed.org/series/NFCI,https://www.chicagofed.org/research/data/nfci/current-data,2026-08-31T14:34:09.166970Z,none
1974-03-01,financial_conditions_index,us,USA,,Chicago Fed National Financial Conditions Index,0.443,index,weekly,FRED_CHICAGO_FED,National Financial Conditions Index,https://fred.stlouisfed.org/series/NFCI,https://www.chicagofed.org/research/data/nfci/current-data,2026-08-31T14:34:09.166970Z,none
1974-03-08,financial_conditions_index,us,USA,,Chicago Fed National Financial Conditions Index,0.458,index,weekly,FRED_CHICAGO_FED,National Financial Conditions Index,https://fred.stlouisfed.org/series/NFCI,https://www.chicagofed.org/research/data/nfci/current-data,2026-08-31T14:34:09.166970Z,none
1974-03-15,financial_conditions_index,us,USA,,Chicago Fed National Financial Conditions Index,0.527,index,weekly,FRED_CHICAGO_FED,National Financial Conditions Index,https://fred.stlouisfed.org/series/NFCI,https://www.chicagofed.org/research/data/nfci/current-data,2026-08-31T14:34:09.166970Z,none
1974-03-22,financial_conditions_index,us,USA,,Chicago Fed National Financial Conditions Index,0.647,index,weekly,FRED_CHICAGO_FED,National Financial Conditions Index,https://fred.stlouisfed.org/series/NFCI,https://www.chicagofed.org/research/data/nfci/current-data,2026-08-31T14:34:09.166970Z,none
1974-03-29,financial_conditions_index,us,USA,,Chicago Fed National Financial Conditions Index,0.817,index,weekly,FRED_CHICAGO_FED,National Financial Conditions Index,https://fred.stlouisfed.org/series/NFCI,https://www.chicagofed.org/research/data/nfci/current-data,2026-08-31T14:34:09.166970Z,none
1974-04-05,financial_conditions_index,us,USA,,Chicago Fed National Financial Conditions Index,1.033,index,weekly,FRED_CHICAGO_FED,National Financial Conditions Index,https://fred.stlouisfed.org/series/NFCI,https://www.chicagofed.org/research/data/nfci/current-data,2026-08-31T14:34:09.166970Z,none
1974-04-12,financial_conditions_index,us,USA,,Chicago Fed National Financial Conditions Index,1.29,index,weekly,FRED_CHICAGO_FED,National Financial Conditions Index,https://fred.stlouisfed.org/series/NFCI,https://www.chicagofed.org/research/data/nfci/current-data,2026-08-31T14:34:09.166970Z,none
1974-04-19,financial_conditions_index,us,USA,,Chicago Fed National Financial Conditions Index,1.582,index,weekly,FRED_CHICAGO_FED,National Financial Conditions Index,https://fred.stlouisfed.org/series/NFCI,https://www.chicagofed.org/research/data/nfci/current-data,2026-08-31T14:34:09.166970Z,none
1974-04-26,financial_conditions_index,us,USA,,Chicago Fed National Financial Conditions Index,1.902,index,weekly,FRED_CHICAGO_FED,National Financial Conditions Index,https://fred.stlouisfed.org/series/NFCI,https://www.chicagofed.org/research/data/nfci/current-data,2026-08-31T14:34:09.166970Z,none
1974-05-03,financial_conditions_index,us,USA,,Chicago Fed National Financial Conditions Index,2.245,index,weekly,FRED_CHICAGO_FED,National Financial Conditions Index,https://fred.stlouisfed.org/series/NFCI,https://www.chicagofed.org/research/data/nfci/current-data,2026-08-31T14:34:09.166970Z,none
1974-05-10,financial_conditions_index,us,USA,,Chicago Fed National Financial Conditions Index,2.603,index,weekly,FRED_CHICAGO_FED,National Financial Conditions Index,https://fred.stlouisfed.org/series/NFCI,https://www.chicagofed.org/research/data/nfci/current-data,2026-08-31T14:34:09.166970Z,none
1974-05-17,financial_conditions_index,us,USA,,Chicago Fed National Financial Conditions Index,2.971,index,weekly,FRED_CHICAGO_FED,National Financial Conditions Index,https://fred.stlouisfed.org/series/NFCI,https://www.chicagofed.org/research/data/nfci/current-data,2026-08-31T14:34:09.166970Z,none
1974-05-24,financial_conditions_index,us,USA,,Chicago Fed National Financial Conditions Index,3.338,index,weekly,FRED_CHICAGO_FED,National Financial Conditions Index,https://fred.stlouisfed.org/series/NFCI,https://www.chicagofed.org/research/data/nfci/current-data,2026-08-31T14:34:09.166970Z,none
1974-05-31,financial_conditions_index,us,USA,,Chicago Fed National Financial Conditions Index,3.697,index,weekly,FRED_CHICAGO_FED,National Financial Conditions Index,https://fred.stlouisfed.org/series/NFCI,https://www.chicagofed.org/research/data/nfci/current-data,2026-08-31T14:34:09.166970Z,none
1974-06-07,financial_conditions_index,us,USA,,Chicago Fed National Financial Conditions Index,4.04,index,weekly,FRED_CHICAGO_FED,National Financial Conditions Index,https://fred.stlouisfed.org/series/NFCI,https://www.chicagofed.org/research/data/nfci/current-data,2026-08-31T14:34:09.166970Z,none
1974-06-14,financial_conditions_index,us,USA,,Chicago Fed National Financial Conditions Index,4.356,index,weekly,FRED_CHICAGO_FED,National Financial Conditions Index,https://fred.stlouisfed.org/series/NFCI,https://www.chicagofed.org/research/data/nfci/current-data,2026-08-31T14:34:09.166970Z,none
1974-06-21,financial_conditions_index,us,USA,,Chicago Fed National Financial Conditions Index,4.637,index,weekly,FRED_CHICAGO_FED,National Financial Conditions Index,https://fred.stlouisfed.org/series/NFCI,https://www.chicagofed.org/research/data/nfci/current-data,2026-08-31T14:34:09.166970Z,none
1974-06-28,financial_conditions_index,us,USA,,Chicago Fed National Financial Conditions Index,4.872,index,weekly,FRED_CHICAGO_FED,National Financial Conditions Index,https://fred.stlouisfed.org/series/NFCI,https://www.chicagofed.org/research/data/nfci/current-data,2026-08-31T14:34:09.166970Z,none
1974-07-05,financial_conditions_index,us,USA,,Chicago Fed National Financial Conditions Index,5.049,index,weekly,FRED_CHICAGO_FED,National Financial Conditions Index,https://fred.stlouisfed.org/series/NFCI,https://www.chicagofed.org/research/data/nfci/current-data,2026-08-31T14:34:09.166970Z,none
1974-07-12,financial_conditions_index,us,USA,,Chicago Fed National Financial Conditions Index,5.165,index,weekly,FRED_CHICAGO_FED,National Financial Conditions Index,https://fred.stlouisfed.org/series/NFCI,https://www.chicagofed.org/research/data/nfci/current-data,2026-08-31T14:34:09.166970Z,none
1974-07-19,financial_conditions_index,us,USA,,Chicago Fed National Financial Conditions Index,5.217,index,weekly,FRED_CHICAGO_FED,National Financial Conditions Index,https://fred.stlouisfed.org/series/NFCI,https://www.chicagofed.org/research/data/nfci/current-data,2026-08-31T14:34:09.166970Z,none
1974-07-26,financial_conditions_index,us,USA,,Chicago Fed National Financial Conditions Index,5.211,index,weekly,FRED_CHICAGO_FED,National Financial Conditions Index,https://fred.stlouisfed.org/series/NFCI,https://www.chicagofed.org/research/data/nfci/current-data,2026-08-31T14:34:09.166970Z,none
1974-08-02,financial_conditions_index,us,USA,,Chicago Fed National Financial Conditions Index,5.155,index,weekly,FRED_CHICAGO_FED,National Financial Conditions Index,https://fred.stlouisfed.org/series/NFCI,https://www.chicagofed.org/research/data/nfci/current-data,2026-08-31T14:34:09.166970Z,none
1974-08-09,financial_conditions_index,us,USA,,Chicago Fed National Financial Conditions Index,5.059,index,weekly,FRED_CHICAGO_FED,National Financial Conditions Index,https://fred.stlouisfed.org/series/NFCI,https://www.chicagofed.org/research/data/nfci/current-data,2026-08-31T14:34:09.166970Z,none
1974-08-16,financial_conditions_index,us,USA,,Chicago Fed National Financial Conditions Index,4.937,index,weekly,FRED_CHICAGO_FED,National Financial Conditions Index,https://fred.stlouisfed.org/series/NFCI,https://www.chicagofed.org/research/data/nfci/current-data,2026-08-31T14:34:09.166970Z,none
1974-08-23,financial_conditions_index,us,USA,,Chicago Fed National Financial Conditions Index,4.797,index,weekly,FRED_CHICAGO_FED,National Financial Conditions Index,https://fred.stlouisfed.org/series/NFCI,https://www.chicagofed.org/research/data/nfci/current-data,2026-08-31T14:34:09.166970Z,none
1974-08-30,financial_conditions_index,us,USA,,Chicago Fed National Financial Conditions Index,4.648,index,weekly,FRED_CHICAGO_FED,National Financial Conditions Index,https://fred.stlouisfed.org/series/NFCI,https://www.chicagofed.org/research/data/nfci/current-data,2026-08-31T14:34:09.166970Z,none
1974-09-06,financial_conditions_index,us,USA,,Chicago Fed National Financial Conditions Index,4.493,index,weekly,FRED_CHICAGO_FED,National Financial Conditions Index,https://fred.stlouisfed.org/series/NFCI,https://www.chicagofed.org/research/data/nfci/current-data,2026-08-31T14:34:09.166970Z,none
1974-09-13,financial_conditions_index,us,USA,,Chicago Fed National Financial Conditions Index,4.335,index,weekly,FRED_CHICAGO_FED,National Financial Conditions Index,https://fred.stlouisfed.org/series/NFCI,https://www.chicagofed.org/research/data/nfci/current-data,2026-08-31T14:34:09.166970Z,none
1974-09-20,financial_conditions_index,us,USA,,Chicago Fed National Financial Conditions Index,4.175,index,weekly,FRED_CHICAGO_FED,National Financial Conditions Index,https://fred.stlouisfed.org/series/NFCI,https://www.chicagofed.org/research/data/nfci/current-data,2026-08-31T14:34:09.166970Z,none
1974-09-27,financial_conditions_index,us,USA,,Chicago Fed National Financial Conditions Index,4.007,index,weekly,FRED_CHICAGO_FED,National Financial Conditions Index,https://fred.stlouisfed.org/series/NFCI,https://www.chicagofed.org/research/data/nfci/current-data,2026-08-31T14:34:09.166970Z,none
1974-10-04,financial_conditions_index,us,USA,,Chicago Fed National Financial Conditions Index,3.832,index,weekly,FRED_CHICAGO_FED,National Financial Conditions Index,https://fred.stlouisfed.org/series/NFCI,https://www.chicagofed.org/research/data/nfci/current-data,2026-08-31T14:34:09.166970Z,none
1974-10-11,financial_conditions_index,us,USA,,Chicago Fed National Financial Conditions Index,3.651,index,weekly,FRED_CHICAGO_FED,National Financial Conditions Index,https://fred.stlouisfed.org/series/NFCI,https://www.chicagofed.org/research/data/nfci/current-data,2026-08-31T14:34:09.166970Z,none
1974-10-18,financial_conditions_index,us,USA,,Chicago Fed National Financial Conditions Index,3.47,index,weekly,FRED_CHICAGO_FED,National Financial Conditions Index,https://fred.stlouisfed.org/series/NFCI,https://www.chicagofed.org/research/data/nfci/current-data,2026-08-31T14:34:09.166970Z,none
1974-10-25,financial_conditions_index,us,USA,,Chicago Fed National Financial Conditions Index,3.298,index,weekly,FRED_CHICAGO_FED,National Financial Conditions Index,https://fred.stlouisfed.org/series/NFCI,https://www.chicagofed.org/research/data/nfci/current-data,2026-08-31T14:34:09.166970Z,none
1974-11-01,financial_conditions_index,us,USA,,Chicago Fed National Financial Conditions Index,3.142,index,weekly,FRED_CHICAGO_FED,National Financial Conditions Index,https://fred.stlouisfed.org/series/NFCI,https://www.chicagofed.org/research/data/nfci/current-data,2026-08-31T14:34:09.166970Z,none
1974-11-08,financial_conditions_index,us,USA,,Chicago Fed National Financial Conditions Index,3.009,index,weekly,FRED_CHICAGO_FED,National Financial Conditions Index,https://fred.stlouisfed.org/series/NFCI,https://www.chicagofed.org/research/data/nfci/current-data,2026-08-31T14:34:09.166970Z,none
1974-11-15,financial_conditions_index,us,USA,,Chicago Fed National Financial Conditions Index,2.901,index,weekly,FRED_CHICAGO_FED,National Financial Conditions Index,https://fred.stlouisfed.org/series/NFCI,https://www.chicagofed.org/research/data/nfci/current-data,2026-08-31T14:34:09.166970Z,none
1974-11-22,financial_conditions_index,us,USA,,Chicago Fed National Financial Conditions Index,2.813,index,weekly,FRED_CHICAGO_FED,National Financial Conditions Index,https://fred.stlouisfed.org/series/NFCI,https://www.chicagofed.org/research/data/nfci/current-data,2026-08-31T14:34:09.166970Z,none
1974-11-29,financial_conditions_index,us,USA,,Chicago Fed National Financial Conditions Index,2.743,index,weekly,FRED_CHICAGO_FED,National Financial Conditions Index,https://fred.stlouisfed.org/series/NFCI,https://www.chicagofed.org/research/data/nfci/current-data,2026-08-31T14:34:09.166970Z,none
1974-12-06,financial_conditions_index,us,USA,,Chicago Fed National Financial Conditions Index,2.68,index,weekly,FRED_CHICAGO_FED,National Financial Conditions Index,https://fred.stlouisfed.org/series/NFCI,https://www.chicagofed.org/research/data/nfci/current-data,2026-08-31T14:34:09.166970Z,none
1974-12-13,financial_conditions_index,us,USA,,Chicago Fed National Financial Conditions Index,2.616,index,weekly,FRED_CHICAGO_FED,National Financial Conditions Index,https://fred.stlouisfed.org/series/NFCI,https://www.chicagofed.org/research/data/nfci/current-data,2026-08-31T14:34:09.166970Z,none
1974-12-20,financial_conditions_index,us,USA,,Chicago Fed National Financial Conditions Index,2.543,index,weekly,FRED_CHICAGO_FED,National Financial Conditions Index,https://fred.stlouisfed.org/series/NFCI,https://www.chicagofed.org/research/data/nfci/current-data,2026-08-31T14:34:09.166970Z,none
1974-12-27,financial_conditions_index,us,USA,,Chicago Fed National Financial Conditions Index,2.454,index,weekly,FRED_CHICAGO_FED,National Financial Conditions Index,https://fred.stlouisfed.org/series/NFCI,https://www.chicagofed.org/research/data/nfci/current-data,2026-08-31T14:34:09.166970Z,none
1975-01-03,financial_conditions_index,us,USA,,Chicago Fed National Financial Conditions Index,2.345,index,weekly,FRED_CHICAGO_FED,National Financial Conditions Index,https://fred.stlouisfed.org/series/NFCI,https://www.chicagofed.org/research/data/nfci/current-data,2026-08-31T14:34:09.166970Z,none
1975-01-10,financial_conditions_index,us,USA,,Chicago Fed National Financial Conditions Index,2.214,index,weekly,FRED_CHICAGO_FED,National Financial Conditions Index,https://fred.stlouisfed.org/series/NFCI,https://www.chicagofed.org/research/data/nfci/current-data,2026-08-31T14:34:09.166970Z,none
1975-01-17,financial_conditions_index,us,USA,,Chicago Fed National Financial Conditions Index,2.066,index,weekly,FRED_CHICAGO_FED,National Financial Conditions Index,https://fred.stlouisfed.org/series/NFCI,https://www.chicagofed.org/research/data/nfci/current-data,2026-08-31T14:34:09.166970Z,none
1975-01-24,financial_conditions_index,us,USA,,Chicago Fed National Financial Conditions Index,1.907,index,weekly,FRED_CHICAGO_FED,National Financial Conditions Index,https://fred.stlouisfed.org/series/NFCI,https://www.chicagofed.org/research/data/nfci/current-data,2026-08-31T14:34:09.166970Z,none
1975-01-31,financial_conditions_index,us,USA,,Chicago Fed National Financial Conditions Index,1.743,index,weekly,FRED_CHICAGO_FED,National Financial Conditions Index,https://fred.stlouisfed.org/series/NFCI,https://www.chicagofed.org/research/data/nfci/current-data,2026-08-31T14:34:09.166970Z,none
1975-02-07,financial_conditions_index,us,USA,,Chicago Fed National Financial Conditions Index,1.579,index,weekly,FRED_CHICAGO_FED,National Financial Conditions Index,https://fred.stlouisfed.org/series/NFCI,https://www.chicagofed.org/research/data/nfci/current-data,2026-08-31T14:34:09.166970Z,none
1975-02-14,financial_conditions_index,us,USA,,Chicago Fed National Financial Conditions Index,1.422,index,weekly,FRED_CHICAGO_FED,National Financial Conditions Index,https://fred.stlouisfed.org/series/NFCI,https://www.chicagofed.org/research/data/nfci/current-data,2026-08-31T14:34:09.166970Z,none
1975-02-21,financial_conditions_index,us,USA,,Chicago Fed National Financial Conditions Index,1.275,index,weekly,FRED_CHICAGO_FED,National Financial Conditions Index,https://fred.stlouisfed.org/series/NFCI,https://www.chicagofed.org/research/data/nfci/current-data,2026-08-31T14:34:09.166970Z,none
1975-02-28,financial_conditions_index,us,USA,,Chicago Fed National Financial Conditions Index,1.138,index,weekly,FRED_CHICAGO_FED,National Financial Conditions Index,https://fred.stlouisfed.org/series/NFCI,https://www.chicagofed.org/research/data/nfci/current-data,2026-08-31T14:34:09.166970Z,none
1975-03-07,financial_conditions_index,us,USA,,Chicago Fed National Financial Conditions Index,1.012,index,weekly,FRED_CHICAGO_FED,National Financial Conditions Index,https://fred.stlouisfed.org/series/NFCI,https://www.chicagofed.org/research/data/nfci/current-data,2026-08-31T14:34:09.166970Z,none
1975-03-14,financial_conditions_index,us,USA,,Chicago Fed National Financial Conditions Index,0.896,index,weekly,FRED_CHICAGO_FED,National Financial Conditions Index,https://fred.stlouisfed.org/series/NFCI,https://www.chicagofed.org/research/data/nfci/current-data,2026-08-31T14:34:09.166970Z,none
1975-03-21,financial_conditions_index,us,USA,,Chicago Fed National Financial Conditions Index,0.789,index,weekly,FRED_CHICAGO_FED,National Financial Conditions Index,https://fred.stlouisfed.org/series/NFCI,https://www.chicagofed.org/research/data/nfci/current-data,2026-08-31T14:34:09.166970Z,none
1975-03-28,financial_conditions_index,us,USA,,Chicago Fed National Financial Conditions Index,0.687,index,weekly,FRED_CHICAGO_FED,National Financial Conditions Index,https://fred.stlouisfed.org/series/NFCI,https://www.chicagofed.org/research/data/nfci/current-data,2026-08-31T14:34:09.166970Z,none
1975-04-04,financial_conditions_index,us,USA,,Chicago Fed National Financial Conditions Index,0.588,index,weekly,FRED_CHICAGO_FED,National Financial Conditions Index,https://fred.stlouisfed.org/series/NFCI,https://www.chicagofed.org/research/data/nfci/current-data,2026-08-31T14:34:09.166970Z,none
1975-04-11,financial_conditions_index,us,USA,,Chicago Fed National Financial Conditions Index,0.491,index,weekly,FRED_CHICAGO_FED,National Financial Conditions Index,https://fred.stlouisfed.org/series/NFCI,https://www.chicagofed.org/research/data/nfci/current-data,2026-08-31T14:34:09.166970Z,none
1975-04-18,financial_conditions_index,us,USA,,Chicago Fed National Financial Conditions Index,0.395,index,weekly,FRED_CHICAGO_FED,National Financial Conditions Index,https://fred.stlouisfed.org/series/NFCI,https://www.chicagofed.org/research/data/nfci/current-data,2026-08-31T14:34:09.166970Z,none
1975-04-25,financial_conditions_index,us,USA,,Chicago Fed National Financial Conditions Index,0.301,index,weekly,FRED_CHICAGO_FED,National Financial Conditions Index,https://fred.stlouisfed.org/series/NFCI,https://www.chicagofed.org/research/data/nfci/current-data,2026-08-31T14:34:09.166970Z,none
1975-05-02,financial_conditions_index,us,USA,,Chicago Fed National Financial Conditions Index,0.211,index,weekly,FRED_CHICAGO_FED,National Financial Conditions Index,https://fred.stlouisfed.org/series/NFCI,https://www.chicagofed.org/research/data/nfci/current-data,2026-08-31T14:34:09.166970Z,none
1975-05-09,financial_conditions_index,us,USA,,Chicago Fed National Financial Conditions Index,0.126,index,weekly,FRED_CHICAGO_FED,National Financial Conditions Index,https://fred.stlouisfed.org/series/NFCI,https://www.chicagofed.org/research/data/nfci/current-data,2026-08-31T14:34:09.166970Z,none
1975-05-16,financial_conditions_index,us,USA,,Chicago Fed National Financial Conditions Index,0.049,index,weekly,FRED_CHICAGO_FED,National Financial Conditions Index,https://fred.stlouisfed.org/series/NFCI,https://www.chicagofed.org/research/data/nfci/current-data,2026-08-31T14:34:09.166970Z,none
1975-05-23,financial_conditions_index,us,USA,,Chicago Fed National Financial Conditions Index,-0.018,index,weekly,FRED_CHICAGO_FED,National Financial Conditions Index,https://fred.stlouisfed.org/series/NFCI,https://www.chicagofed.org/research/data/nfci/current-data,2026-08-31T14:34:09.166970Z,none
1975-05-30,financial_conditions_index,us,USA,,Chicago Fed National Financial Conditions Index,-0.073,index,weekly,FRED_CHICAGO_FED,National Financial Conditions Index,https://fred.stlouisfed.org/series/NFCI,https://www.chicagofed.org/research/data/nfci/current-data,2026-08-31T14:34:09.166970Z,none
1975-06-06,financial_conditions_index,us,USA,,Chicago Fed National Financial Conditions Index,-0.115,index,weekly,FRED_CHICAGO_FED,National Financial Conditions Index,https://fred.stlouisfed.org/series/NFCI,https://www.chicagofed.org/research/data/nfci/current-data,2026-08-31T14:34:09.166970Z,none
1975-06-13,financial_conditions_index,us,USA,,Chicago Fed National Financial Conditions Index,-0.144,index,weekly,FRED_CHICAGO_FED,National Financial Conditions Index,https://fred.stlouisfed.org/series/NFCI,https://www.chicagofed.org/research/data/nfci/current-data,2026-08-31T14:34:09.166970Z,none
1975-06-20,financial_conditions_index,us,USA,,Chicago Fed National Financial Conditions Index,-0.161,index,weekly,FRED_CHICAGO_FED,National Financial Conditions Index,https://fred.stlouisfed.org/series/NFCI,https://www.chicagofed.org/research/data/nfci/current-data,2026-08-31T14:34:09.166970Z,none
1975-06-27,financial_conditions_index,us,USA,,Chicago Fed National Financial Conditions Index,-0.17,index,weekly,FRED_CHICAGO_FED,National Financial Conditions Index,https://fred.stlouisfed.org/series/NFCI,https://www.chicagofed.org/research/data/nfci/current-data,2026-08-31T14:34:09.166970Z,none
1975-07-04,financial_conditions_index,us,USA,,Chicago Fed National Financial Conditions Index,-0.171,index,weekly,FRED_CHICAGO_FED,National Financial Conditions Index,https://fred.stlouisfed.org/series/NFCI,https://www.chicagofed.org/research/data/nfci/current-data,2026-08-31T14:34:09.166970Z,none
1975-07-11,financial_conditions_index,us,USA,,Chicago Fed National Financial Conditions Index,-0.168,index,weekly,FRED_CHICAGO_FED,National Financial Conditions Index,https://fred.stlouisfed.org/series/NFCI,https://www.chicagofed.org/research/data/nfci/current-data,2026-08-31T14:34:09.166970Z,none
1975-07-18,financial_conditions_index,us,USA,,Chicago Fed National Financial Conditions Index,-0.162,index,weekly,FRED_CHICAGO_FED,National Financial Conditions Index,https://fred.stlouisfed.org/series/NFCI,https://www.chicagofed.org/research/data/nfci/current-data,2026-08-31T14:34:09.166970Z,none
1975-07-25,financial_conditions_index,us,USA,,Chicago Fed National Financial Conditions Index,-0.154,index,weekly,FRED_CHICAGO_FED,National Financial Conditions Index,https://fred.stlouisfed.org/series/NFCI,https://www.chicagofed.org/research/data/nfci/current-data,2026-08-31T14:34:09.166970Z,none
1975-08-01,financial_conditions_index,us,USA,,Chicago Fed National Financial Conditions Index,-0.145,index,weekly,FRED_CHICAGO_FED,National Financial Conditions Index,https://fred.stlouisfed.org/series/NFCI,https://www.chicagofed.org/research/data/nfci/current-data,2026-08-31T14:34:09.166970Z,none
1975-08-08,financial_conditions_index,us,USA,,Chicago Fed National Financial Conditions Index,-0.131,index,weekly,FRED_CHICAGO_FED,National Financial Conditions Index,https://fred.stlouisfed.org/series/NFCI,https://www.chicagofed.org/research/data/nfci/current-data,2026-08-31T14:34:09.166970Z,none
1975-08-15,financial_conditions_index,us,USA,,Chicago Fed National Financial Conditions Index,-0.115,index,weekly,FRED_CHICAGO_FED,National Financial Conditions Index,https://fred.stlouisfed.org/series/NFCI,https://www.chicagofed.org/research/data/nfci/current-data,2026-08-31T14:34:09.166970Z,none
1975-08-22,financial_conditions_index,us,USA,,Chicago Fed National Financial Conditions Index,-0.094,index,weekly,FRED_CHICAGO_FED,National Financial Conditions Index,https://fred.stlouisfed.org/series/NFCI,https://www.chicagofed.org/research/data/nfci/current-data,2026-08-31T14:34:09.166970Z,none
1975-08-29,financial_conditions_index,us,USA,,Chicago Fed National Financial Conditions Index,-0.069,index,weekly,FRED_CHICAGO_FED,National Financial Conditions Index,https://fred.stlouisfed.org/series/NFCI,https://www.chicagofed.org/research/data/nfci/current-data,2026-08-31T14:34:09.166970Z,none
1975-09-05,financial_conditions_index,us,USA,,Chicago Fed National Financial Conditions Index,-0.039,index,weekly,FRED_CHICAGO_FED,National Financial Conditions Index,https://fred.stlouisfed.org/series/NFCI,https://www.chicagofed.org/research/data/nfci/current-data,2026-08-31T14:34:09.166970Z,none
1975-09-12,financial_conditions_index,us,USA,,Chicago Fed National Financial Conditions Index,-0.006,index,weekly,FRED_CHICAGO_FED,National Financial Conditions Index,https://fred.stlouisfed.org/series/NFCI,https://www.chicagofed.org/research/data/nfci/current-data,2026-08-31T14:34:09.166970Z,none
1975-09-19,financial_conditions_index,us,USA,,Chicago Fed National Financial Conditions Index,0.028,index,weekly,FRED_CHICAGO_FED,National Financial Conditions Index,https://fred.stlouisfed.org/series/NFCI,https://www.chicagofed.org/research/data/nfci/current-data,2026-08-31T14:34:09.166970Z,none
1975-09-26,financial_conditions_index,us,USA,,Chicago Fed National Financial Conditions Index,0.062,index,weekly,FRED_CHICAGO_FED,National Financial Conditions Index,https://fred.stlouisfed.org/series/NFCI,https://www.chicagofed.org/research/data/nfci/current-data,2026-08-31T14:34:09.166970Z,none
1975-10-03,financial_conditions_index,us,USA,,Chicago Fed National Financial Conditions Index,0.094,index,weekly,FRED_CHICAGO_FED,National Financial Conditions Index,https://fred.stlouisfed.org/series/NFCI,https://www.chicagofed.org/research/data/nfci/current-data,2026-08-31T14:34:09.166970Z,none
1975-10-10,financial_conditions_index,us,USA,,Chicago Fed National Financial Conditions Index,0.121,index,weekly,FRED_CHICAGO_FED,National Financial Conditions Index,https://fred.stlouisfed.org/series/NFCI,https://www.chicagofed.org/research/data/nfci/current-data,2026-08-31T14:34:09.166970Z,none
1975-10-17,financial_conditions_index,us,USA,,Chicago Fed National Financial Conditions Index,0.141,index,weekly,FRED_CHICAGO_FED,National Financial Conditions Index,https://fred.stlouisfed.org/series/NFCI,https://www.chicagofed.org/research/data/nfci/current-data,2026-08-31T14:34:09.166970Z,none
1975-10-24,financial_conditions_index,us,USA,,Chicago Fed National Financial Conditions Index,0.153,index,weekly,FRED_CHICAGO_FED,National Financial Conditions Index,https://fred.stlouisfed.org/series/NFCI,https://www.chicagofed.org/research/data/nfci/current-data,2026-08-31T14:34:09.166970Z,none
1975-10-31,financial_conditions_index,us,USA,,Chicago Fed National Financial Conditions Index,0.156,index,weekly,FRED_CHICAGO_FED,National Financial Conditions Index,https://fred.stlouisfed.org/series/NFCI,https://www.chicagofed.org/research/data/nfci/current-data,2026-08-31T14:34:09.166970Z,none
1975-11-07,financial_conditions_index,us,USA,,Chicago Fed National Financial Conditions Index,0.15,index,weekly,FRED_CHICAGO_FED,National Financial Conditions Index,https://fred.stlouisfed.org/series/NFCI,https://www.chicagofed.org/research/data/nfci/current-data,2026-08-31T14:34:09.166970Z,none
1975-11-14,financial_conditions_index,us,USA,,Chicago Fed National Financial Conditions Index,0.133,index,weekly,FRED_CHICAGO_FED,National Financial Conditions Index,https://fred.stlouisfed.org/series/NFCI,https://www.chicagofed.org/research/data/nfci/current-data,2026-08-31T14:34:09.166970Z,none
1975-11-21,financial_conditions_index,us,USA,,Chicago Fed National Financial Conditions Index,0.105,index,weekly,FRED_CHICAGO_FED,National Financial Conditions Index,https://fred.stlouisfed.org/series/NFCI,https://www.chicagofed.org/research/data/nfci/current-data,2026-08-31T14:34:09.166970Z,none
1975-11-28,financial_conditions_index,us,USA,,Chicago Fed National Financial Conditions Index,0.066,index,weekly,FRED_CHICAGO_FED,National Financial Conditions Index,https://fred.stlouisfed.org/series/NFCI,https://www.chicagofed.org/research/data/nfci/current-data,2026-08-31T14:34:09.166970Z,none
1975-12-05,financial_conditions_index,us,USA,,Chicago Fed National Financial Conditions Index,0.015,index,weekly,FRED_CHICAGO_FED,National Financial Conditions Index,https://fred.stlouisfed.org/series/NFCI,https://www.chicagofed.org/research/data/nfci/current-data,2026-08-31T14:34:09.166970Z,none
1975-12-12,financial_conditions_index,us,USA,,Chicago Fed National Financial Conditions Index,-0.044,index,weekly,FRED_CHICAGO_FED,National Financial Conditions Index,https://fred.stlouisfed.org/series/NFCI,https://www.chicagofed.org/research/data/nfci/current-data,2026-08-31T14:34:09.166970Z,none
1975-12-19,financial_conditions_index,us,USA,,Chicago Fed National Financial Conditions Index,-0.111,index,weekly,FRED_CHICAGO_FED,National Financial Conditions Index,https://fred.stlouisfed.org/series/NFCI,https://www.chicagofed.org/research/data/nfci/current-data,2026-08-31T14:34:09.166970Z,none
1975-12-26,financial_conditions_index,us,USA,,Chicago Fed National Financial Conditions Index,-0.184,index,weekly,FRED_CHICAGO_FED,National Financial Conditions Index,https://fred.stlouisfed.org/series/NFCI,https://www.chicagofed.org/research/data/nfci/current-data,2026-08-31T14:34:09.166970Z,none
1976-01-02,financial_conditions_index,us,USA,,Chicago Fed National Financial Conditions Index,-0.259,index,weekly,FRED_CHICAGO_FED,National Financial Conditions Index,https://fred.stlouisfed.org/series/NFCI,https://www.chicagofed.org/research/data/nfci/current-data,2026-08-31T14:34:09.166970Z,none
1976-01-09,financial_conditions_index,us,USA,,Chicago Fed National Financial Conditions Index,-0.334,index,weekly,FRED_CHICAGO_FED,National Financial Conditions Index,https://fred.stlouisfed.org/series/NFCI,https://www.chicagofed.org/research/data/nfci/current-data,2026-08-31T14:34:09.166970Z,none
1976-01-16,financial_conditions_index,us,USA,,Chicago Fed National Financial Conditions Index,-0.406,index,weekly,FRED_CHICAGO_FED,National Financial Conditions Index,https://fred.stlouisfed.org/series/NFCI,https://www.chicagofed.org/research/data/nfci/current-data,2026-08-31T14:34:09.166970Z,none
1976-01-23,financial_conditions_index,us,USA,,Chicago Fed National Financial Conditions Index,-0.472,index,weekly,FRED_CHICAGO_FED,National Financial Conditions Index,https://fred.stlouisfed.org/series/NFCI,https://www.chicagofed.org/research/data/nfci/current-data,2026-08-31T14:34:09.166970Z,none
1976-01-30,financial_conditions_index,us,USA,,Chicago Fed National Financial Conditions Index,-0.531,index,weekly,FRED_CHICAGO_FED,National Financial Conditions Index,https://fred.stlouisfed.org/series/NFCI,https://www.chicagofed.org/research/data/nfci/current-data,2026-08-31T14:34:09.166970Z,none
1976-02-06,financial_conditions_index,us,USA,,Chicago Fed National Financial Conditions Index,-0.583,index,weekly,FRED_CHICAGO_FED,National Financial Conditions Index,https://fred.stlouisfed.org/series/NFCI,https://www.chicagofed.org/research/data/nfci/current-data,2026-08-31T14:34:09.166970Z,none
1976-02-13,financial_conditions_index,us,USA,,Chicago Fed National Financial Conditions Index,-0.627,index,weekly,FRED_CHICAGO_FED,National Financial Conditions Index,https://fred.stlouisfed.org/series/NFCI,https://www.chicagofed.org/research/data/nfci/current-data,2026-08-31T14:34:09.166970Z,none
1976-02-20,financial_conditions_index,us,USA,,Chicago Fed National Financial Conditions Index,-0.663,index,weekly,FRED_CHICAGO_FED,National Financial Conditions Index,https://fred.stlouisfed.org/series/NFCI,https://www.chicagofed.org/research/data/nfci/current-data,2026-08-31T14:34:09.166970Z,none
1976-02-27,financial_conditions_index,us,USA,,Chicago Fed National Financial Conditions Index,-0.693,index,weekly,FRED_CHICAGO_FED,National Financial Conditions Index,https://fred.stlouisfed.org/series/NFCI,https://www.chicagofed.org/research/data/nfci/current-data,2026-08-31T14:34:09.166970Z,none
1976-03-05,financial_conditions_index,us,USA,,Chicago Fed National Financial Conditions Index,-0.716,index,weekly,FRED_CHICAGO_FED,National Financial Conditions Index,https://fred.stlouisfed.org/series/NFCI,https://www.chicagofed.org/research/data/nfci/current-data,2026-08-31T14:34:09.166970Z,none
1976-03-12,financial_conditions_index,us,USA,,Chicago Fed National Financial Conditions Index,-0.732,index,weekly,FRED_CHICAGO_FED,National Financial Conditions Index,https://fred.stlouisfed.org/series/NFCI,https://www.chicagofed.org/research/data/nfci/current-data,2026-08-31T14:34:09.166970Z,none
1976-03-19,financial_conditions_index,us,USA,,Chicago Fed National Financial Conditions Index,-0.741,index,weekly,FRED_CHICAGO_FED,National Financial Conditions Index,https://fred.stlouisfed.org/series/NFCI,https://www.chicagofed.org/research/data/nfci/current-data,2026-08-31T14:34:09.166970Z,none
1976-03-26,financial_conditions_index,us,USA,,Chicago Fed National Financial Conditions Index,-0.742,index,weekly,FRED_CHICAGO_FED,National Financial Conditions Index,https://fred.stlouisfed.org/series/NFCI,https://www.chicagofed.org/research/data/nfci/current-data,2026-08-31T14:34:09.166970Z,none
1976-04-02,financial_conditions_index,us,USA,,Chicago Fed National Financial Conditions Index,-0.735,index,weekly,FRED_CHICAGO_FED,National Financial Conditions Index,https://fred.stlouisfed.org/series/NFCI,https://www.chicagofed.org/research/data/nfci/current-data,2026-08-31T14:34:09.166970Z,none
1976-04-09,financial_conditions_index,us,USA,,Chicago Fed National Financial Conditions Index,-0.719,index,weekly,FRED_CHICAGO_FED,National Financial Conditions Index,https://fred.stlouisfed.org/series/NFCI,https://www.chicagofed.org/research/data/nfci/current-data,2026-08-31T14:34:09.166970Z,none
1976-04-16,financial_conditions_index,us,USA,,Chicago Fed National Financial Conditions Index,-0.695,index,weekly,FRED_CHICAGO_FED,National Financial Conditions Index,https://fred.stlouisfed.org/series/NFCI,https://www.chicagofed.org/research/data/nfci/current-data,2026-08-31T14:34:09.166970Z,none
1976-04-23,financial_conditions_index,us,USA,,Chicago Fed National Financial Conditions Index,-0.663,index,weekly,FRED_CHICAGO_FED,National Financial Conditions Index,https://fred.stlouisfed.org/series/NFCI,https://www.chicagofed.org/research/data/nfci/current-data,2026-08-31T14:34:09.166970Z,none
1976-04-30,financial_conditions_index,us,USA,,Chicago Fed National Financial Conditions Index,-0.626,index,weekly,FRED_CHICAGO_FED,National Financial Conditions Index,https://fred.stlouisfed.org/series/NFCI,https://www.chicagofed.org/research/data/nfci/current-data,2026-08-31T14:34:09.166970Z,none
1976-05-07,financial_conditions_index,us,USA,,Chicago Fed National Financial Conditions Index,-0.586,index,weekly,FRED_CHICAGO_FED,National Financial Conditions Index,https://fred.stlouisfed.org/series/NFCI,https://www.chicagofed.org/research/data/nfci/current-data,2026-08-31T14:34:09.166970Z,none
1976-05-14,financial_conditions_index,us,USA,,Chicago Fed National Financial Conditions Index,-0.547,index,weekly,FRED_CHICAGO_FED,National Financial Conditions Index,https://fred.stlouisfed.org/series/NFCI,https://www.chicagofed.org/research/data/nfci/current-data,2026-08-31T14:34:09.166970Z,none
1976-05-21,financial_conditions_index,us,USA,,Chicago Fed National Financial Conditions Index,-0.511,index,weekly,FRED_CHICAGO_FED,National Financial Conditions Index,https://fred.stlouisfed.org/series/NFCI,https://www.chicagofed.org/research/data/nfci/current-data,2026-08-31T14:34:09.166970Z,none
1976-05-28,financial_conditions_index,us,USA,,Chicago Fed National Financial Conditions Index,-0.483,index,weekly,FRED_CHICAGO_FED,National Financial Conditions Index,https://fred.stlouisfed.org/series/NFCI,https://www.chicagofed.org/research/data/nfci/current-data,2026-08-31T14:34:09.166970Z,none
1976-06-04,financial_conditions_index,us,USA,,Chicago Fed National Financial Conditions Index,-0.465,index,weekly,FRED_CHICAGO_FED,National Financial Conditions Index,https://fred.stlouisfed.org/series/NFCI,https://www.chicagofed.org/research/data/nfci/current-data,2026-08-31T14:34:09.166970Z,none
1976-06-11,financial_conditions_index,us,USA,,Chicago Fed National Financial Conditions Index,-0.458,index,weekly,FRED_CHICAGO_FED,National Financial Conditions Index,https://fred.stlouisfed.org/series/NFCI,https://www.chicagofed.org/research/data/nfci/current-data,2026-08-31T14:34:09.166970Z,none
1976-06-18,financial_conditions_index,us,USA,,Chicago Fed National Financial Conditions Index,-0.462,index,weekly,FRED_CHICAGO_FED,National Financial Conditions Index,https://fred.stlouisfed.org/series/NFCI,https://www.chicagofed.org/research/data/nfci/current-data,2026-08-31T14:34:09.166970Z,none
1976-06-25,financial_conditions_index,us,USA,,Chicago Fed National Financial Conditions Index,-0.476,index,weekly,FRED_CHICAGO_FED,National Financial Conditions Index,https://fred.stlouisfed.org/series/NFCI,https://www.chicagofed.org/research/data/nfci/current-data,2026-08-31T14:34:09.166970Z,none
1976-07-02,financial_conditions_index,us,USA,,Chicago Fed National Financial Conditions Index,-0.499,index,weekly,FRED_CHICAGO_FED,National Financial Conditions Index,https://fred.stlouisfed.org/series/NFCI,https://www.chicagofed.org/research/data/nfci/current-data,2026-08-31T14:34:09.166970Z,none
1976-07-09,financial_conditions_index,us,USA,,Chicago Fed National Financial Conditions Index,-0.528,index,weekly,FRED_CHICAGO_FED,National Financial Conditions Index,https://fred.stlouisfed.org/series/NFCI,https://www.chicagofed.org/research/data/nfci/current-data,2026-08-31T14:34:09.166970Z,none
1976-07-16,financial_conditions_index,us,USA,,Chicago Fed National Financial Conditions Index,-0.559,index,weekly,FRED_CHICAGO_FED,National Financial Conditions Index,https://fred.stlouisfed.org/series/NFCI,https://www.chicagofed.org/research/data/nfci/current-data,2026-08-31T14:34:09.166970Z,none
1976-07-23,financial_conditions_index,us,USA,,Chicago Fed National Financial Conditions Index,-0.591,index,weekly,FRED_CHICAGO_FED,National Financial Conditions Index,https://fred.stlouisfed.org/series/NFCI,https://www.chicagofed.org/research/data/nfci/current-data,2026-08-31T14:34:09.166970Z,none
1976-07-30,financial_conditions_index,us,USA,,Chicago Fed National Financial Conditions Index,-0.622,index,weekly,FRED_CHICAGO_FED,National Financial Conditions Index,https://fred.stlouisfed.org/series/NFCI,https://www.chicagofed.org/research/data/nfci/current-data,2026-08-31T14:34:09.166970Z,none
1976-08-06,financial_conditions_index,us,USA,,Chicago Fed National Financial Conditions Index,-0.65,index,weekly,FRED_CHICAGO_FED,National Financial Conditions Index,https://fred.stlouisfed.org/series/NFCI,https://www.chicagofed.org/research/data/nfci/current-data,2026-08-31T14:34:09.166970Z,none
1976-08-13,financial_conditions_index,us,USA,,Chicago Fed National Financial Conditions Index,-0.673,index,weekly,FRED_CHICAGO_FED,National Financial Conditions Index,https://fred.stlouisfed.org/series/NFCI,https://www.chicagofed.org/research/data/nfci/current-data,2026-08-31T14:34:09.166970Z,none
1976-08-20,financial_conditions_index,us,USA,,Chicago Fed National Financial Conditions Index,-0.692,index,weekly,FRED_CHICAGO_FED,National Financial Conditions Index,https://fred.stlouisfed.org/series/NFCI,https://www.chicagofed.org/research/data/nfci/current-data,2026-08-31T14:34:09.166970Z,none
1976-08-27,financial_conditions_index,us,USA,,Chicago Fed National Financial Conditions Index,-0.706,index,weekly,FRED_CHICAGO_FED,National Financial Conditions Index,https://fred.stlouisfed.org/series/NFCI,https://www.chicagofed.org/research/data/nfci/current-data,2026-08-31T14:34:09.166970Z,none
1976-09-03,financial_conditions_index,us,USA,,Chicago Fed National Financial Conditions Index,-0.716,index,weekly,FRED_CHICAGO_FED,National Financial Conditions Index,https://fred.stlouisfed.org/series/NFCI,https://www.chicagofed.org/research/data/nfci/current-data,2026-08-31T14:34:09.166970Z,none
1976-09-10,financial_conditions_index,us,USA,,Chicago Fed National Financial Conditions Index,-0.722,index,weekly,FRED_CHICAGO_FED,National Financial Conditions Index,https://fred.stlouisfed.org/series/NFCI,https://www.chicagofed.org/research/data/nfci/current-data,2026-08-31T14:34:09.166970Z,none
1976-09-17,financial_conditions_index,us,USA,,Chicago Fed National Financial Conditions Index,-0.724,index,weekly,FRED_CHICAGO_FED,National Financial Conditions Index,https://fred.stlouisfed.org/series/NFCI,https://www.chicagofed.org/research/data/nfci/current-data,2026-08-31T14:34:09.166970Z,none
1976-09-24,financial_conditions_index,us,USA,,Chicago Fed National Financial Conditions Index,-0.723,index,weekly,FRED_CHICAGO_FED,National Financial Conditions Index,https://fred.stlouisfed.org/series/NFCI,https://www.chicagofed.org/research/data/nfci/current-data,2026-08-31T14:34:09.166970Z,none
1976-10-01,financial_conditions_index,us,USA,,Chicago Fed National Financial Conditions Index,-0.719,index,weekly,FRED_CHICAGO_FED,National Financial Conditions Index,https://fred.stlouisfed.org/series/NFCI,https://www.chicagofed.org/research/data/nfci/current-data,2026-08-31T14:34:09.166970Z,none
1976-10-08,financial_conditions_index,us,USA,,Chicago Fed National Financial Conditions Index,-0.713,index,weekly,FRED_CHICAGO_FED,National Financial Conditions Index,https://fred.stlouisfed.org/series/NFCI,https://www.chicagofed.org/research/data/nfci/current-data,2026-08-31T14:34:09.166970Z,none
1976-10-15,financial_conditions_index,us,USA,,Chicago Fed National Financial Conditions Index,-0.706,index,weekly,FRED_CHICAGO_FED,National Financial Conditions Index,https://fred.stlouisfed.org/series/NFCI,https://www.chicagofed.org/research/data/nfci/current-data,2026-08-31T14:34:09.166970Z,none
1976-10-22,financial_conditions_index,us,USA,,Chicago Fed National Financial Conditions Index,-0.697,index,weekly,FRED_CHICAGO_FED,National Financial Conditions Index,https://fred.stlouisfed.org/series/NFCI,https://www.chicagofed.org/research/data/nfci/current-data,2026-08-31T14:34:09.166970Z,none
1976-10-29,financial_conditions_index,us,USA,,Chicago Fed National Financial Conditions Index,-0.687,index,weekly,FRED_CHICAGO_FED,National Financial Conditions Index,https://fred.stlouisfed.org/series/NFCI,https://www.chicagofed.org/research/data/nfci/current-data,2026-08-31T14:34:09.166970Z,none
1976-11-05,financial_conditions_index,us,USA,,Chicago Fed National Financial Conditions Index,-0.678,index,weekly,FRED_CHICAGO_FED,National Financial Conditions Index,https://fred.stlouisfed.org/series/NFCI,https://www.chicagofed.org/research/data/nfci/current-data,2026-08-31T14:34:09.166970Z,none
1976-11-12,financial_conditions_index,us,USA,,Chicago Fed National Financial Conditions Index,-0.671,index,weekly,FRED_CHICAGO_FED,National Financial Conditions Index,https://fred.stlouisfed.org/series/NFCI,https://www.chicagofed.org/research/data/nfci/current-data,2026-08-31T14:34:09.166970Z,none
1976-11-19,financial_conditions_index,us,USA,,Chicago Fed National Financial Conditions Index,-0.666,index,weekly,FRED_CHICAGO_FED,National Financial Conditions Index,https://fred.stlouisfed.org/series/NFCI,https://www.chicagofed.org/research/data/nfci/current-data,2026-08-31T14:34:09.166970Z,none
1976-11-26,financial_conditions_index,us,USA,,Chicago Fed National Financial Conditions Index,-0.665,index,weekly,FRED_CHICAGO_FED,National Financial Conditions Index,https://fred.stlouisfed.org/series/NFCI,https://www.chicagofed.org/research/data/nfci/current-data,2026-08-31T14:34:09.166970Z,none
1976-12-03,financial_conditions_index,us,USA,,Chicago Fed National Financial Conditions Index,-0.671,index,weekly,FRED_CHICAGO_FED,National Financial Conditions Index,https://fred.stlouisfed.org/series/NFCI,https://www.chicagofed.org/research/data/nfci/current-data,2026-08-31T14:34:09.166970Z,none
1976-12-10,financial_conditions_index,us,USA,,Chicago Fed National Financial Conditions Index,-0.683,index,weekly,FRED_CHICAGO_FED,National Financial Conditions Index,https://fred.stlouisfed.org/series/NFCI,https://www.chicagofed.org/research/data/nfci/current-data,2026-08-31T14:34:09.166970Z,none
1976-12-17,financial_conditions_index,us,USA,,Chicago Fed National Financial Conditions Index,-0.703,index,weekly,FRED_CHICAGO_FED,National Financial Conditions Index,https://fred.stlouisfed.org/series/NFCI,https://www.chicagofed.org/research/data/nfci/current-data,2026-08-31T14:34:09.166970Z,none
1976-12-24,financial_conditions_index,us,USA,,Chicago Fed National Financial Conditions Index,-0.729,index,weekly,FRED_CHICAGO_FED,National Financial Conditions Index,https://fred.stlouisfed.org/series/NFCI,https://www.chicagofed.org/research/data/nfci/current-data,2026-08-31T14:34:09.166970Z,none
1976-12-31,financial_conditions_index,us,USA,,Chicago Fed National Financial Conditions Index,-0.761,index,weekly,FRED_CHICAGO_FED,National Financial Conditions Index,https://fred.stlouisfed.org/series/NFCI,https://www.chicagofed.org/research/data/nfci/current-data,2026-08-31T14:34:09.166970Z,none
1977-01-07,financial_conditions_index,us,USA,,Chicago Fed National Financial Conditions Index,-0.797,index,weekly,FRED_CHICAGO_FED,National Financial Conditions Index,https://fred.stlouisfed.org/series/NFCI,https://www.chicagofed.org/research/data/nfci/current-data,2026-08-31T14:34:09.166970Z,none
1977-01-14,financial_conditions_index,us,USA,,Chicago Fed National Financial Conditions Index,-0.834,index,weekly,FRED_CHICAGO_FED,National Financial Conditions Index,https://fred.stlouisfed.org/series/NFCI,https://www.chicagofed.org/research/data/nfci/current-data,2026-08-31T14:34:09.166970Z,none
1977-01-21,financial_conditions_index,us,USA,,Chicago Fed National Financial Conditions Index,-0.869,index,weekly,FRED_CHICAGO_FED,National Financial Conditions Index,https://fred.stlouisfed.org/series/NFCI,https://www.chicagofed.org/research/data/nfci/current-data,2026-08-31T14:34:09.166970Z,none
1977-01-28,financial_conditions_index,us,USA,,Chicago Fed National Financial Conditions Index,-0.9,index,weekly,FRED_CHICAGO_FED,National Financial Conditions Index,https://fred.stlouisfed.org/series/NFCI,https://www.chicagofed.org/research/data/nfci/current-data,2026-08-31T14:34:09.166970Z,none
1977-02-04,financial_conditions_index,us,USA,,Chicago Fed National Financial Conditions Index,-0.924,index,weekly,FRED_CHICAGO_FED,National Financial Conditions Index,https://fred.stlouisfed.org/series/NFCI,https://www.chicagofed.org/research/data/nfci/current-data,2026-08-31T14:34:09.166970Z,none
1977-02-11,financial_conditions_index,us,USA,,Chicago Fed National Financial Conditions Index,-0.94,index,weekly,FRED_CHICAGO_FED,National Financial Conditions Index,https://fred.stlouisfed.org/series/NFCI,https://www.chicagofed.org/research/data/nfci/current-data,2026-08-31T14:34:09.166970Z,none
1977-02-18,financial_conditions_index,us,USA,,Chicago Fed National Financial Conditions Index,-0.947,index,weekly,FRED_CHICAGO_FED,National Financial Conditions Index,https://fred.stlouisfed.org/series/NFCI,https://www.chicagofed.org/research/data/nfci/current-data,2026-08-31T14:34:09.166970Z,none
1977-02-25,financial_conditions_index,us,USA,,Chicago Fed National Financial Conditions Index,-0.944,index,weekly,FRED_CHICAGO_FED,National Financial Conditions Index,https://fred.stlouisfed.org/series/NFCI,https://www.chicagofed.org/research/data/nfci/current-data,2026-08-31T14:34:09.166970Z,none
1977-03-04,financial_conditions_index,us,USA,,Chicago Fed National Financial Conditions Index,-0.932,index,weekly,FRED_CHICAGO_FED,National Financial Conditions Index,https://fred.stlouisfed.org/series/NFCI,https://www.chicagofed.org/research/data/nfci/current-data,2026-08-31T14:34:09.166970Z,none
1977-03-11,financial_conditions_index,us,USA,,Chicago Fed National Financial Conditions Index,-0.912,index,weekly,FRED_CHICAGO_FED,National Financial Conditions Index,https://fred.stlouisfed.org/series/NFCI,https://www.chicagofed.org/research/data/nfci/current-data,2026-08-31T14:34:09.166970Z,none
1977-03-18,financial_conditions_index,us,USA,,Chicago Fed National Financial Conditions Index,-0.885,index,weekly,FRED_CHICAGO_FED,National Financial Conditions Index,https://fred.stlouisfed.org/series/NFCI,https://www.chicagofed.org/research/data/nfci/current-data,2026-08-31T14:34:09.166970Z,none
1977-03-25,financial_conditions_index,us,USA,,Chicago Fed National Financial Conditions Index,-0.852,index,weekly,FRED_CHICAGO_FED,National Financial Conditions Index,https://fred.stlouisfed.org/series/NFCI,https://www.chicagofed.org/research/data/nfci/current-data,2026-08-31T14:34:09.166970Z,none
1977-04-01,financial_conditions_index,us,USA,,Chicago Fed National Financial Conditions Index,-0.815,index,weekly,FRED_CHICAGO_FED,National Financial Conditions Index,https://fred.stlouisfed.org/series/NFCI,https://www.chicagofed.org/research/data/nfci/current-data,2026-08-31T14:34:09.166970Z,none
1977-04-08,financial_conditions_index,us,USA,,Chicago Fed National Financial Conditions Index,-0.775,index,weekly,FRED_CHICAGO_FED,National Financial Conditions Index,https://fred.stlouisfed.org/series/NFCI,https://www.chicagofed.org/research/data/nfci/current-data,2026-08-31T14:34:09.166970Z,none
1977-04-15,financial_conditions_index,us,USA,,Chicago Fed National Financial Conditions Index,-0.734,index,weekly,FRED_CHICAGO_FED,National Financial Conditions Index,https://fred.stlouisfed.org/series/NFCI,https://www.chicagofed.org/research/data/nfci/current-data,2026-08-31T14:34:09.166970Z,none
1977-04-22,financial_conditions_index,us,USA,,Chicago Fed National Financial Conditions Index,-0.692,index,weekly,FRED_CHICAGO_FED,National Financial Conditions Index,https://fred.stlouisfed.org/series/NFCI,https://www.chicagofed.org/research/data/nfci/current-data,2026-08-31T14:34:09.166970Z,none
1977-04-29,financial_conditions_index,us,USA,,Chicago Fed National Financial Conditions Index,-0.651,index,weekly,FRED_CHICAGO_FED,National Financial Conditions Index,https://fred.stlouisfed.org/series/NFCI,https://www.chicagofed.org/research/data/nfci/current-data,2026-08-31T14:34:09.166970Z,none
1977-05-06,financial_conditions_index,us,USA,,Chicago Fed National Financial Conditions Index,-0.611,index,weekly,FRED_CHICAGO_FED,National Financial Conditions Index,https://fred.stlouisfed.org/series/NFCI,https://www.chicagofed.org/research/data/nfci/current-data,2026-08-31T14:34:09.166970Z,none
1977-05-13,financial_conditions_index,us,USA,,Chicago Fed National Financial Conditions Index,-0.576,index,weekly,FRED_CHICAGO_FED,National Financial Conditions Index,https://fred.stlouisfed.org/series/NFCI,https://www.chicagofed.org/research/data/nfci/current-data,2026-08-31T14:34:09.166970Z,none
1977-05-20,financial_conditions_index,us,USA,,Chicago Fed National Financial Conditions Index,-0.546,index,weekly,FRED_CHICAGO_FED,National Financial Conditions Index,https://fred.stlouisfed.org/series/NFCI,https://www.chicagofed.org/research/data/nfci/current-data,2026-08-31T14:34:09.166970Z,none
1977-05-27,financial_conditions_index,us,USA,,Chicago Fed National Financial Conditions Index,-0.521,index,weekly,FRED_CHICAGO_FED,National Financial Conditions Index,https://fred.stlouisfed.org/series/NFCI,https://www.chicagofed.org/research/data/nfci/current-data,2026-08-31T14:34:09.166970Z,none
1977-06-03,financial_conditions_index,us,USA,,Chicago Fed National Financial Conditions Index,-0.503,index,weekly,FRED_CHICAGO_FED,National Financial Conditions Index,https://fred.stlouisfed.org/series/NFCI,https://www.chicagofed.org/research/data/nfci/current-data,2026-08-31T14:34:09.166970Z,none
1977-06-10,financial_conditions_index,us,USA,,Chicago Fed National Financial Conditions Index,-0.493,index,weekly,FRED_CHICAGO_FED,National Financial Conditions Index,https://fred.stlouisfed.org/series/NFCI,https://www.chicagofed.org/research/data/nfci/current-data,2026-08-31T14:34:09.166970Z,none
1977-06-17,financial_conditions_index,us,USA,,Chicago Fed National Financial Conditions Index,-0.488,index,weekly,FRED_CHICAGO_FED,National Financial Conditions Index,https://fred.stlouisfed.org/series/NFCI,https://www.chicagofed.org/research/data/nfci/current-data,2026-08-31T14:34:09.166970Z,none
1977-06-24,financial_conditions_index,us,USA,,Chicago Fed National Financial Conditions Index,-0.488,index,weekly,FRED_CHICAGO_FED,National Financial Conditions Index,https://fred.stlouisfed.org/series/NFCI,https://www.chicagofed.org/research/data/nfci/current-data,2026-08-31T14:34:09.166970Z,none
1977-07-01,financial_conditions_index,us,USA,,Chicago Fed National Financial Conditions Index,-0.491,index,weekly,FRED_CHICAGO_FED,National Financial Conditions Index,https://fred.stlouisfed.org/series/NFCI,https://www.chicagofed.org/research/data/nfci/current-data,2026-08-31T14:34:09.166970Z,none
1977-07-08,financial_conditions_index,us,USA,,Chicago Fed National Financial Conditions Index,-0.498,index,weekly,FRED_CHICAGO_FED,National Financial Conditions Index,https://fred.stlouisfed.org/series/NFCI,https://www.chicagofed.org/research/data/nfci/current-data,2026-08-31T14:34:09.166970Z,none
1977-07-15,financial_conditions_index,us,USA,,Chicago Fed National Financial Conditions Index,-0.504,index,weekly,FRED_CHICAGO_FED,National Financial Conditions Index,https://fred.stlouisfed.org/series/NFCI,https://www.chicagofed.org/research/data/nfci/current-data,2026-08-31T14:34:09.166970Z,none
1977-07-22,financial_conditions_index,us,USA,,Chicago Fed National Financial Conditions Index,-0.509,index,weekly,FRED_CHICAGO_FED,National Financial Conditions Index,https://fred.stlouisfed.org/series/NFCI,https://www.chicagofed.org/research/data/nfci/current-data,2026-08-31T14:34:09.166970Z,none
1977-07-29,financial_conditions_index,us,USA,,Chicago Fed National Financial Conditions Index,-0.511,index,weekly,FRED_CHICAGO_FED,National Financial Conditions Index,https://fred.stlouisfed.org/series/NFCI,https://www.chicagofed.org/research/data/nfci/current-data,2026-08-31T14:34:09.166970Z,none
1977-08-05,financial_conditions_index,us,USA,,Chicago Fed National Financial Conditions Index,-0.509,index,weekly,FRED_CHICAGO_FED,National Financial Conditions Index,https://fred.stlouisfed.org/series/NFCI,https://www.chicagofed.org/research/data/nfci/current-data,2026-08-31T14:34:09.166970Z,none
1977-08-12,financial_conditions_index,us,USA,,Chicago Fed National Financial Conditions Index,-0.505,index,weekly,FRED_CHICAGO_FED,National Financial Conditions Index,https://fred.stlouisfed.org/series/NFCI,https://www.chicagofed.org/research/data/nfci/current-data,2026-08-31T14:34:09.166970Z,none
1977-08-19,financial_conditions_index,us,USA,,Chicago Fed National Financial Conditions Index,-0.496,index,weekly,FRED_CHICAGO_FED,National Financial Conditions Index,https://fred.stlouisfed.org/series/NFCI,https://www.chicagofed.org/research/data/nfci/current-data,2026-08-31T14:34:09.166970Z,none
1977-08-26,financial_conditions_index,us,USA,,Chicago Fed National Financial Conditions Index,-0.484,index,weekly,FRED_CHICAGO_FED,National Financial Conditions Index,https://fred.stlouisfed.org/series/NFCI,https://www.chicagofed.org/research/data/nfci/current-data,2026-08-31T14:34:09.166970Z,none
1977-09-02,financial_conditions_index,us,USA,,Chicago Fed National Financial Conditions Index,-0.468,index,weekly,FRED_CHICAGO_FED,National Financial Conditions Index,https://fred.stlouisfed.org/series/NFCI,https://www.chicagofed.org/research/data/nfci/current-data,2026-08-31T14:34:09.166970Z,none
1977-09-09,financial_conditions_index,us,USA,,Chicago Fed National Financial Conditions Index,-0.449,index,weekly,FRED_CHICAGO_FED,National Financial Conditions Index,https://fred.stlouisfed.org/series/NFCI,https://www.chicagofed.org/research/data/nfci/current-data,2026-08-31T14:34:09.166970Z,none
1977-09-16,financial_conditions_index,us,USA,,Chicago Fed National Financial Conditions Index,-0.427,index,weekly,FRED_CHICAGO_FED,National Financial Conditions Index,https://fred.stlouisfed.org/series/NFCI,https://www.chicagofed.org/research/data/nfci/current-data,2026-08-31T14:34:09.166970Z,none
1977-09-23,financial_conditions_index,us,USA,,Chicago Fed National Financial Conditions Index,-0.402,index,weekly,FRED_CHICAGO_FED,National Financial Conditions Index,https://fred.stlouisfed.org/series/NFCI,https://www.chicagofed.org/research/data/nfci/current-data,2026-08-31T14:34:09.166970Z,none
1977-09-30,financial_conditions_index,us,USA,,Chicago Fed National Financial Conditions Index,-0.374,index,weekly,FRED_CHICAGO_FED,National Financial Conditions Index,https://fred.stlouisfed.org/series/NFCI,https://www.chicagofed.org/research/data/nfci/current-data,2026-08-31T14:34:09.166970Z,none
1977-10-07,financial_conditions_index,us,USA,,Chicago Fed National Financial Conditions Index,-0.346,index,weekly,FRED_CHICAGO_FED,National Financial Conditions Index,https://fred.stlouisfed.org/series/NFCI,https://www.chicagofed.org/research/data/nfci/current-data,2026-08-31T14:34:09.166970Z,none
1977-10-14,financial_conditions_index,us,USA,,Chicago Fed National Financial Conditions Index,-0.318,index,weekly,FRED_CHICAGO_FED,National Financial Conditions Index,https://fred.stlouisfed.org/series/NFCI,https://www.chicagofed.org/research/data/nfci/current-data,2026-08-31T14:34:09.166970Z,none
1977-10-21,financial_conditions_index,us,USA,,Chicago Fed National Financial Conditions Index,-0.291,index,weekly,FRED_CHICAGO_FED,National Financial Conditions Index,https://fred.stlouisfed.org/series/NFCI,https://www.chicagofed.org/research/data/nfci/current-data,2026-08-31T14:34:09.166970Z,none
1977-10-28,financial_conditions_index,us,USA,,Chicago Fed National Financial Conditions Index,-0.267,index,weekly,FRED_CHICAGO_FED,National Financial Conditions Index,https://fred.stlouisfed.org/series/NFCI,https://www.chicagofed.org/research/data/nfci/current-data,2026-08-31T14:34:09.166970Z,none
1977-11-04,financial_conditions_index,us,USA,,Chicago Fed National Financial Conditions Index,-0.246,index,weekly,FRED_CHICAGO_FED,National Financial Conditions Index,https://fred.stlouisfed.org/series/NFCI,https://www.chicagofed.org/research/data/nfci/current-data,2026-08-31T14:34:09.166970Z,none
1977-11-11,financial_conditions_index,us,USA,,Chicago Fed National Financial Conditions Index,-0.23,index,weekly,FRED_CHICAGO_FED,National Financial Conditions Index,https://fred.stlouisfed.org/series/NFCI,https://www.chicagofed.org/research/data/nfci/current-data,2026-08-31T14:34:09.166970Z,none
1977-11-18,financial_conditions_index,us,USA,,Chicago Fed National Financial Conditions Index,-0.219,index,weekly,FRED_CHICAGO_FED,National Financial Conditions Index,https://fred.stlouisfed.org/series/NFCI,https://www.chicagofed.org/research/data/nfci/current-data,2026-08-31T14:34:09.166970Z,none
1977-11-25,financial_conditions_index,us,USA,,Chicago Fed National Financial Conditions Index,-0.213,index,weekly,FRED_CHICAGO_FED,National Financial Conditions Index,https://fred.stlouisfed.org/series/NFCI,https://www.chicagofed.org/research/data/nfci/current-data,2026-08-31T14:34:09.166970Z,none
1977-12-02,financial_conditions_index,us,USA,,Chicago Fed National Financial Conditions Index,-0.214,index,weekly,FRED_CHICAGO_FED,National Financial Conditions Index,https://fred.stlouisfed.org/series/NFCI,https://www.chicagofed.org/research/data/nfci/current-data,2026-08-31T14:34:09.166970Z,none
1977-12-09,financial_conditions_index,us,USA,,Chicago Fed National Financial Conditions Index,-0.219,index,weekly,FRED_CHICAGO_FED,National Financial Conditions Index,https://fred.stlouisfed.org/series/NFCI,https://www.chicagofed.org/research/data/nfci/current-data,2026-08-31T14:34:09.166970Z,none
1977-12-16,financial_conditions_index,us,USA,,Chicago Fed National Financial Conditions Index,-0.229,index,weekly,FRED_CHICAGO_FED,National Financial Conditions Index,https://fred.stlouisfed.org/series/NFCI,https://www.chicagofed.org/research/data/nfci/current-data,2026-08-31T14:34:09.166970Z,none
1977-12-23,financial_conditions_index,us,USA,,Chicago Fed National Financial Conditions Index,-0.243,index,weekly,FRED_CHICAGO_FED,National Financial Conditions Index,https://fred.stlouisfed.org/series/NFCI,https://www.chicagofed.org/research/data/nfci/current-data,2026-08-31T14:34:09.166970Z,none
1977-12-30,financial_conditions_index,us,USA,,Chicago Fed National Financial Conditions Index,-0.258,index,weekly,FRED_CHICAGO_FED,National Financial Conditions Index,https://fred.stlouisfed.org/series/NFCI,https://www.chicagofed.org/research/data/nfci/current-data,2026-08-31T14:34:09.166970Z,none
1978-01-06,financial_conditions_index,us,USA,,Chicago Fed National Financial Conditions Index,-0.274,index,weekly,FRED_CHICAGO_FED,National Financial Conditions Index,https://fred.stlouisfed.org/series/NFCI,https://www.chicagofed.org/research/data/nfci/current-data,2026-08-31T14:34:09.166970Z,none
1978-01-13,financial_conditions_index,us,USA,,Chicago Fed National Financial Conditions Index,-0.286,index,weekly,FRED_CHICAGO_FED,National Financial Conditions Index,https://fred.stlouisfed.org/series/NFCI,https://www.chicagofed.org/research/data/nfci/current-data,2026-08-31T14:34:09.166970Z,none
1978-01-20,financial_conditions_index,us,USA,,Chicago Fed National Financial Conditions Index,-0.295,index,weekly,FRED_CHICAGO_FED,National Financial Conditions Index,https://fred.stlouisfed.org/series/NFCI,https://www.chicagofed.org/research/data/nfci/current-data,2026-08-31T14:34:09.166970Z,none
1978-01-27,financial_conditions_index,us,USA,,Chicago Fed National Financial Conditions Index,-0.296,index,weekly,FRED_CHICAGO_FED,National Financial Conditions Index,https://fred.stlouisfed.org/series/NFCI,https://www.chicagofed.org/research/data/nfci/current-data,2026-08-31T14:34:09.166970Z,none
1978-02-03,financial_conditions_index,us,USA,,Chicago Fed National Financial Conditions Index,-0.289,index,weekly,FRED_CHICAGO_FED,National Financial Conditions Index,https://fred.stlouisfed.org/series/NFCI,https://www.chicagofed.org/research/data/nfci/current-data,2026-08-31T14:34:09.166970Z,none
1978-02-10,financial_conditions_index,us,USA,,Chicago Fed National Financial Conditions Index,-0.274,index,weekly,FRED_CHICAGO_FED,National Financial Conditions Index,https://fred.stlouisfed.org/series/NFCI,https://www.chicagofed.org/research/data/nfci/current-data,2026-08-31T14:34:09.166970Z,none
1978-02-17,financial_conditions_index,us,USA,,Chicago Fed National Financial Conditions Index,-0.25,index,weekly,FRED_CHICAGO_FED,National Financial Conditions Index,https://fred.stlouisfed.org/series/NFCI,https://www.chicagofed.org/research/data/nfci/current-data,2026-08-31T14:34:09.166970Z,none
1978-02-24,financial_conditions_index,us,USA,,Chicago Fed National Financial Conditions Index,-0.216,index,weekly,FRED_CHICAGO_FED,National Financial Conditions Index,https://fred.stlouisfed.org/series/NFCI,https://www.chicagofed.org/research/data/nfci/current-data,2026-08-31T14:34:09.166970Z,none
1978-03-03,financial_conditions_index,us,USA,,Chicago Fed National Financial Conditions Index,-0.175,index,weekly,FRED_CHICAGO_FED,National Financial Conditions Index,https://fred.stlouisfed.org/series/NFCI,https://www.chicagofed.org/research/data/nfci/current-data,2026-08-31T14:34:09.166970Z,none
1978-03-10,financial_conditions_index,us,USA,,Chicago Fed National Financial Conditions Index,-0.127,index,weekly,FRED_CHICAGO_FED,National Financial Conditions Index,https://fred.stlouisfed.org/series/NFCI,https://www.chicagofed.org/research/data/nfci/current-data,2026-08-31T14:34:09.166970Z,none
1978-03-17,financial_conditions_index,us,USA,,Chicago Fed National Financial Conditions Index,-0.074,index,weekly,FRED_CHICAGO_FED,National Financial Conditions Index,https://fred.stlouisfed.org/series/NFCI,https://www.chicagofed.org/research/data/nfci/current-data,2026-08-31T14:34:09.166970Z,none
1978-03-24,financial_conditions_index,us,USA,,Chicago Fed National Financial Conditions Index,-0.017,index,weekly,FRED_CHICAGO_FED,National Financial Conditions Index,https://fred.stlouisfed.org/series/NFCI,https://www.chicagofed.org/research/data/nfci/current-data,2026-08-31T14:34:09.166970Z,none
1978-03-31,financial_conditions_index,us,USA,,Chicago Fed National Financial Conditions Index,0.043,index,weekly,FRED_CHICAGO_FED,National Financial Conditions Index,https://fred.stlouisfed.org/series/NFCI,https://www.chicagofed.org/research/data/nfci/current-data,2026-08-31T14:34:09.166970Z,none
1978-04-07,financial_conditions_index,us,USA,,Chicago Fed National Financial Conditions Index,0.105,index,weekly,FRED_CHICAGO_FED,National Financial Conditions Index,https://fred.stlouisfed.org/series/NFCI,https://www.chicagofed.org/research/data/nfci/current-data,2026-08-31T14:34:09.166970Z,none
1978-04-14,financial_conditions_index,us,USA,,Chicago Fed National Financial Conditions Index,0.168,index,weekly,FRED_CHICAGO_FED,National Financial Conditions Index,https://fred.stlouisfed.org/series/NFCI,https://www.chicagofed.org/research/data/nfci/current-data,2026-08-31T14:34:09.166970Z,none
1978-04-21,financial_conditions_index,us,USA,,Chicago Fed National Financial Conditions Index,0.232,index,weekly,FRED_CHICAGO_FED,National Financial Conditions Index,https://fred.stlouisfed.org/series/NFCI,https://www.chicagofed.org/research/data/nfci/current-data,2026-08-31T14:34:09.166970Z,none
1978-04-28,financial_conditions_index,us,USA,,Chicago Fed National Financial Conditions Index,0.296,index,weekly,FRED_CHICAGO_FED,National Financial Conditions Index,https://fred.stlouisfed.org/series/NFCI,https://www.chicagofed.org/research/data/nfci/current-data,2026-08-31T14:34:09.166970Z,none
1978-05-05,financial_conditions_index,us,USA,,Chicago Fed National Financial Conditions Index,0.358,index,weekly,FRED_CHICAGO_FED,National Financial Conditions Index,https://fred.stlouisfed.org/series/NFCI,https://www.chicagofed.org/research/data/nfci/current-data,2026-08-31T14:34:09.166970Z,none
1978-05-12,financial_conditions_index,us,USA,,Chicago Fed National Financial Conditions Index,0.419,index,weekly,FRED_CHICAGO_FED,National Financial Conditions Index,https://fred.stlouisfed.org/series/NFCI,https://www.chicagofed.org/research/data/nfci/current-data,2026-08-31T14:34:09.166970Z,none
1978-05-19,financial_conditions_index,us,USA,,Chicago Fed National Financial Conditions Index,0.475,index,weekly,FRED_CHICAGO_FED,National Financial Conditions Index,https://fred.stlouisfed.org/series/NFCI,https://www.chicagofed.org/research/data/nfci/current-data,2026-08-31T14:34:09.166970Z,none
1978-05-26,financial_conditions_index,us,USA,,Chicago Fed National Financial Conditions Index,0.527,index,weekly,FRED_CHICAGO_FED,National Financial Conditions Index,https://fred.stlouisfed.org/series/NFCI,https://www.chicagofed.org/research/data/nfci/current-data,2026-08-31T14:34:09.166970Z,none
1978-06-02,financial_conditions_index,us,USA,,Chicago Fed National Financial Conditions Index,0.571,index,weekly,FRED_CHICAGO_FED,National Financial Conditions Index,https://fred.stlouisfed.org/series/NFCI,https://www.chicagofed.org/research/data/nfci/current-data,2026-08-31T14:34:09.166970Z,none
1978-06-09,financial_conditions_index,us,USA,,Chicago Fed National Financial Conditions Index,0.607,index,weekly,FRED_CHICAGO_FED,National Financial Conditions Index,https://fred.stlouisfed.org/series/NFCI,https://www.chicagofed.org/research/data/nfci/current-data,2026-08-31T14:34:09.166970Z,none
1978-06-16,financial_conditions_index,us,USA,,Chicago Fed National Financial Conditions Index,0.634,index,weekly,FRED_CHICAGO_FED,National Financial Conditions Index,https://fred.stlouisfed.org/series/NFCI,https://www.chicagofed.org/research/data/nfci/current-data,2026-08-31T14:34:09.166970Z,none
1978-06-23,financial_conditions_index,us,USA,,Chicago Fed National Financial Conditions Index,0.65,index,weekly,FRED_CHICAGO_FED,National Financial Conditions Index,https://fred.stlouisfed.org/series/NFCI,https://www.chicagofed.org/research/data/nfci/current-data,2026-08-31T14:34:09.166970Z,none
1978-06-30,financial_conditions_index,us,USA,,Chicago Fed National Financial Conditions Index,0.654,index,weekly,FRED_CHICAGO_FED,National Financial Conditions Index,https://fred.stlouisfed.org/series/NFCI,https://www.chicagofed.org/research/data/nfci/current-data,2026-08-31T14:34:09.166970Z,none
1978-07-07,financial_conditions_index,us,USA,,Chicago Fed National Financial Conditions Index,0.646,index,weekly,FRED_CHICAGO_FED,National Financial Conditions Index,https://fred.stlouisfed.org/series/NFCI,https://www.chicagofed.org/research/data/nfci/current-data,2026-08-31T14:34:09.166970Z,none
1978-07-14,financial_conditions_index,us,USA,,Chicago Fed National Financial Conditions Index,0.628,index,weekly,FRED_CHICAGO_FED,National Financial Conditions Index,https://fred.stlouisfed.org/series/NFCI,https://www.chicagofed.org/research/data/nfci/current-data,2026-08-31T14:34:09.166970Z,none
1978-07-21,financial_conditions_index,us,USA,,Chicago Fed National Financial Conditions Index,0.601,index,weekly,FRED_CHICAGO_FED,National Financial Conditions Index,https://fred.stlouisfed.org/series/NFCI,https://www.chicagofed.org/research/data/nfci/current-data,2026-08-31T14:34:09.166970Z,none
1978-07-28,financial_conditions_index,us,USA,,Chicago Fed National Financial Conditions Index,0.569,index,weekly,FRED_CHICAGO_FED,National Financial Conditions Index,https://fred.stlouisfed.org/series/NFCI,https://www.chicagofed.org/research/data/nfci/current-data,2026-08-31T14:34:09.166970Z,none
1978-08-04,financial_conditions_index,us,USA,,Chicago Fed National Financial Conditions Index,0.535,index,weekly,FRED_CHICAGO_FED,National Financial Conditions Index,https://fred.stlouisfed.org/series/NFCI,https://www.chicagofed.org/research/data/nfci/current-data,2026-08-31T14:34:09.166970Z,none
1978-08-11,financial_conditions_index,us,USA,,Chicago Fed National Financial Conditions Index,0.505,index,weekly,FRED_CHICAGO_FED,National Financial Conditions Index,https://fred.stlouisfed.org/series/NFCI,https://www.chicagofed.org/research/data/nfci/current-data,2026-08-31T14:34:09.166970Z,none
1978-08-18,financial_conditions_index,us,USA,,Chicago Fed National Financial Conditions Index,0.485,index,weekly,FRED_CHICAGO_FED,National Financial Conditions Index,https://fred.stlouisfed.org/series/NFCI,https://www.chicagofed.org/research/data/nfci/current-data,2026-08-31T14:34:09.166970Z,none
1978-08-25,financial_conditions_index,us,USA,,Chicago Fed National Financial Conditions Index,0.482,index,weekly,FRED_CHICAGO_FED,National Financial Conditions Index,https://fred.stlouisfed.org/series/NFCI,https://www.chicagofed.org/research/data/nfci/current-data,2026-08-31T14:34:09.166970Z,none
1978-09-01,financial_conditions_index,us,USA,,Chicago Fed National Financial Conditions Index,0.503,index,weekly,FRED_CHICAGO_FED,National Financial Conditions Index,https://fred.stlouisfed.org/series/NFCI,https://www.chicagofed.org/research/data/nfci/current-data,2026-08-31T14:34:09.166970Z,none
1978-09-08,financial_conditions_index,us,USA,,Chicago Fed National Financial Conditions Index,0.552,index,weekly,FRED_CHICAGO_FED,National Financial Conditions Index,https://fred.stlouisfed.org/series/NFCI,https://www.chicagofed.org/research/data/nfci/current-data,2026-08-31T14:34:09.166970Z,none
1978-09-15,financial_conditions_index,us,USA,,Chicago Fed National Financial Conditions Index,0.634,index,weekly,FRED_CHICAGO_FED,National Financial Conditions Index,https://fred.stlouisfed.org/series/NFCI,https://www.chicagofed.org/research/data/nfci/current-data,2026-08-31T14:34:09.166970Z,none
1978-09-22,financial_conditions_index,us,USA,,Chicago Fed National Financial Conditions Index,0.748,index,weekly,FRED_CHICAGO_FED,National Financial Conditions Index,https://fred.stlouisfed.org/series/NFCI,https://www.chicagofed.org/research/data/nfci/current-data,2026-08-31T14:34:09.166970Z,none
1978-09-29,financial_conditions_index,us,USA,,Chicago Fed National Financial Conditions Index,0.891,index,weekly,FRED_CHICAGO_FED,National Financial Conditions Index,https://fred.stlouisfed.org/series/NFCI,https://www.chicagofed.org/research/data/nfci/current-data,2026-08-31T14:34:09.166970Z,none
1978-10-06,financial_conditions_index,us,USA,,Chicago Fed National Financial Conditions Index,1.058,index,weekly,FRED_CHICAGO_FED,National Financial Conditions Index,https://fred.stlouisfed.org/series/NFCI,https://www.chicagofed.org/research/data/nfci/current-data,2026-08-31T14:34:09.166970Z,none
1978-10-13,financial_conditions_index,us,USA,,Chicago Fed National Financial Conditions Index,1.24,index,weekly,FRED_CHICAGO_FED,National Financial Conditions Index,https://fred.stlouisfed.org/series/NFCI,https://www.chicagofed.org/research/data/nfci/current-data,2026-08-31T14:34:09.166970Z,none
1978-10-20,financial_conditions_index,us,USA,,Chicago Fed National Financial Conditions Index,1.425,index,weekly,FRED_CHICAGO_FED,National Financial Conditions Index,https://fred.stlouisfed.org/series/NFCI,https://www.chicagofed.org/research/data/nfci/current-data,2026-08-31T14:34:09.166970Z,none
1978-10-27,financial_conditions_index,us,USA,,Chicago Fed National Financial Conditions Index,1.603,index,weekly,FRED_CHICAGO_FED,National Financial Conditions Index,https://fred.stlouisfed.org/series/NFCI,https://www.chicagofed.org/research/data/nfci/current-data,2026-08-31T14:34:09.166970Z,none
1978-11-03,financial_conditions_index,us,USA,,Chicago Fed National Financial Conditions Index,1.76,index,weekly,FRED_CHICAGO_FED,National Financial Conditions Index,https://fred.stlouisfed.org/series/NFCI,https://www.chicagofed.org/research/data/nfci/current-data,2026-08-31T14:34:09.166970Z,none
1978-11-10,financial_conditions_index,us,USA,,Chicago Fed National Financial Conditions Index,1.888,index,weekly,FRED_CHICAGO_FED,National Financial Conditions Index,https://fred.stlouisfed.org/series/NFCI,https://www.chicagofed.org/research/data/nfci/current-data,2026-08-31T14:34:09.166970Z,none
1978-11-17,financial_conditions_index,us,USA,,Chicago Fed National Financial Conditions Index,1.98,index,weekly,FRED_CHICAGO_FED,National Financial Conditions Index,https://fred.stlouisfed.org/series/NFCI,https://www.chicagofed.org/research/data/nfci/current-data,2026-08-31T14:34:09.166970Z,none
1978-11-24,financial_conditions_index,us,USA,,Chicago Fed National Financial Conditions Index,2.03,index,weekly,FRED_CHICAGO_FED,National Financial Conditions Index,https://fred.stlouisfed.org/series/NFCI,https://www.chicagofed.org/research/data/nfci/current-data,2026-08-31T14:34:09.166970Z,none
1978-12-01,financial_conditions_index,us,USA,,Chicago Fed National Financial Conditions Index,2.039,index,weekly,FRED_CHICAGO_FED,National Financial Conditions Index,https://fred.stlouisfed.org/series/NFCI,https://www.chicagofed.org/research/data/nfci/current-data,2026-08-31T14:34:09.166970Z,none
1978-12-08,financial_conditions_index,us,USA,,Chicago Fed National Financial Conditions Index,2.009,index,weekly,FRED_CHICAGO_FED,National Financial Conditions Index,https://fred.stlouisfed.org/series/NFCI,https://www.chicagofed.org/research/data/nfci/current-data,2026-08-31T14:34:09.166970Z,none
1978-12-15,financial_conditions_index,us,USA,,Chicago Fed National Financial Conditions Index,1.943,index,weekly,FRED_CHICAGO_FED,National Financial Conditions Index,https://fred.stlouisfed.org/series/NFCI,https://www.chicagofed.org/research/data/nfci/current-data,2026-08-31T14:34:09.166970Z,none
1978-12-22,financial_conditions_index,us,USA,,Chicago Fed National Financial Conditions Index,1.848,index,weekly,FRED_CHICAGO_FED,National Financial Conditions Index,https://fred.stlouisfed.org/series/NFCI,https://www.chicagofed.org/research/data/nfci/current-data,2026-08-31T14:34:09.166970Z,none
1978-12-29,financial_conditions_index,us,USA,,Chicago Fed National Financial Conditions Index,1.728,index,weekly,FRED_CHICAGO_FED,National Financial Conditions Index,https://fred.stlouisfed.org/series/NFCI,https://www.chicagofed.org/research/data/nfci/current-data,2026-08-31T14:34:09.166970Z,none
1979-01-05,financial_conditions_index,us,USA,,Chicago Fed National Financial Conditions Index,1.591,index,weekly,FRED_CHICAGO_FED,National Financial Conditions Index,https://fred.stlouisfed.org/series/NFCI,https://www.chicagofed.org/research/data/nfci/current-data,2026-08-31T14:34:09.166970Z,none
1979-01-12,financial_conditions_index,us,USA,,Chicago Fed National Financial Conditions Index,1.442,index,weekly,FRED_CHICAGO_FED,National Financial Conditions Index,https://fred.stlouisfed.org/series/NFCI,https://www.chicagofed.org/research/data/nfci/current-data,2026-08-31T14:34:09.166970Z,none
1979-01-19,financial_conditions_index,us,USA,,Chicago Fed National Financial Conditions Index,1.288,index,weekly,FRED_CHICAGO_FED,National Financial Conditions Index,https://fred.stlouisfed.org/series/NFCI,https://www.chicagofed.org/research/data/nfci/current-data,2026-08-31T14:34:09.166970Z,none
1979-01-26,financial_conditions_index,us,USA,,Chicago Fed National Financial Conditions Index,1.136,index,weekly,FRED_CHICAGO_FED,National Financial Conditions Index,https://fred.stlouisfed.org/series/NFCI,https://www.chicagofed.org/research/data/nfci/current-data,2026-08-31T14:34:09.166970Z,none
1979-02-02,financial_conditions_index,us,USA,,Chicago Fed National Financial Conditions Index,0.988,index,weekly,FRED_CHICAGO_FED,National Financial Conditions Index,https://fred.stlouisfed.org/series/NFCI,https://www.chicagofed.org/research/data/nfci/current-data,2026-08-31T14:34:09.166970Z,none
1979-02-09,financial_conditions_index,us,USA,,Chicago Fed National Financial Conditions Index,0.849,index,weekly,FRED_CHICAGO_FED,National Financial Conditions Index,https://fred.stlouisfed.org/series/NFCI,https://www.chicagofed.org/research/data/nfci/current-data,2026-08-31T14:34:09.166970Z,none
1979-02-16,financial_conditions_index,us,USA,,Chicago Fed National Financial Conditions Index,0.722,index,weekly,FRED_CHICAGO_FED,National Financial Conditions Index,https://fred.stlouisfed.org/series/NFCI,https://www.chicagofed.org/research/data/nfci/current-data,2026-08-31T14:34:09.166970Z,none
1979-02-23,financial_conditions_index,us,USA,,Chicago Fed National Financial Conditions Index,0.607,index,weekly,FRED_CHICAGO_FED,National Financial Conditions Index,https://fred.stlouisfed.org/series/NFCI,https://www.chicagofed.org/research/data/nfci/current-data,2026-08-31T14:34:09.166970Z,none
1979-03-02,financial_conditions_index,us,USA,,Chicago Fed National Financial Conditions Index,0.508,index,weekly,FRED_CHICAGO_FED,National Financial Conditions Index,https://fred.stlouisfed.org/series/NFCI,https://www.chicagofed.org/research/data/nfci/current-data,2026-08-31T14:34:09.166970Z,none
1979-03-09,financial_conditions_index,us,USA,,Chicago Fed National Financial Conditions Index,0.423,index,weekly,FRED_CHICAGO_FED,National Financial Conditions Index,https://fred.stlouisfed.org/series/NFCI,https://www.chicagofed.org/research/data/nfci/current-data,2026-08-31T14:34:09.166970Z,none
1979-03-16,financial_conditions_index,us,USA,,Chicago Fed National Financial Conditions Index,0.355,index,weekly,FRED_CHICAGO_FED,National Financial Conditions Index,https://fred.stlouisfed.org/series/NFCI,https://www.chicagofed.org/research/data/nfci/current-data,2026-08-31T14:34:09.166970Z,none
1979-03-23,financial_conditions_index,us,USA,,Chicago Fed National Financial Conditions Index,0.302,index,weekly,FRED_CHICAGO_FED,National Financial Conditions Index,https://fred.stlouisfed.org/series/NFCI,https://www.chicagofed.org/research/data/nfci/current-data,2026-08-31T14:34:09.166970Z,none
1979-03-30,financial_conditions_index,us,USA,,Chicago Fed National Financial Conditions Index,0.265,index,weekly,FRED_CHICAGO_FED,National Financial Conditions Index,https://fred.stlouisfed.org/series/NFCI,https://www.chicagofed.org/research/data/nfci/current-data,2026-08-31T14:34:09.166970Z,none
1979-04-06,financial_conditions_index,us,USA,,Chicago Fed National Financial Conditions Index,0.244,index,weekly,FRED_CHICAGO_FED,National Financial Conditions Index,https://fred.stlouisfed.org/series/NFCI,https://www.chicagofed.org/research/data/nfci/current-data,2026-08-31T14:34:09.166970Z,none
1979-04-13,financial_conditions_index,us,USA,,Chicago Fed National Financial Conditions Index,0.237,index,weekly,FRED_CHICAGO_FED,National Financial Conditions Index,https://fred.stlouisfed.org/series/NFCI,https://www.chicagofed.org/research/data/nfci/current-data,2026-08-31T14:34:09.166970Z,none
1979-04-20,financial_conditions_index,us,USA,,Chicago Fed National Financial Conditions Index,0.244,index,weekly,FRED_CHICAGO_FED,National Financial Conditions Index,https://fred.stlouisfed.org/series/NFCI,https://www.chicagofed.org/research/data/nfci/current-data,2026-08-31T14:34:09.166970Z,none
1979-04-27,financial_conditions_index,us,USA,,Chicago Fed National Financial Conditions Index,0.264,index,weekly,FRED_CHICAGO_FED,National Financial Conditions Index,https://fred.stlouisfed.org/series/NFCI,https://www.chicagofed.org/research/data/nfci/current-data,2026-08-31T14:34:09.166970Z,none
1979-05-04,financial_conditions_index,us,USA,,Chicago Fed National Financial Conditions Index,0.295,index,weekly,FRED_CHICAGO_FED,National Financial Conditions Index,https://fred.stlouisfed.org/series/NFCI,https://www.chicagofed.org/research/data/nfci/current-data,2026-08-31T14:34:09.166970Z,none
1979-05-11,financial_conditions_index,us,USA,,Chicago Fed National Financial Conditions Index,0.338,index,weekly,FRED_CHICAGO_FED,National Financial Conditions Index,https://fred.stlouisfed.org/series/NFCI,https://www.chicagofed.org/research/data/nfci/current-data,2026-08-31T14:34:09.166970Z,none
1979-05-18,financial_conditions_index,us,USA,,Chicago Fed National Financial Conditions Index,0.39,index,weekly,FRED_CHICAGO_FED,National Financial Conditions Index,https://fred.stlouisfed.org/series/NFCI,https://www.chicagofed.org/research/data/nfci/current-data,2026-08-31T14:34:09.166970Z,none
1979-05-25,financial_conditions_index,us,USA,,Chicago Fed National Financial Conditions Index,0.452,index,weekly,FRED_CHICAGO_FED,National Financial Conditions Index,https://fred.stlouisfed.org/series/NFCI,https://www.chicagofed.org/research/data/nfci/current-data,2026-08-31T14:34:09.166970Z,none
1979-06-01,financial_conditions_index,us,USA,,Chicago Fed National Financial Conditions Index,0.522,index,weekly,FRED_CHICAGO_FED,National Financial Conditions Index,https://fred.stlouisfed.org/series/NFCI,https://www.chicagofed.org/research/data/nfci/current-data,2026-08-31T14:34:09.166970Z,none
1979-06-08,financial_conditions_index,us,USA,,Chicago Fed National Financial Conditions Index,0.597,index,weekly,FRED_CHICAGO_FED,National Financial Conditions Index,https://fred.stlouisfed.org/series/NFCI,https://www.chicagofed.org/research/data/nfci/current-data,2026-08-31T14:34:09.166970Z,none
1979-06-15,financial_conditions_index,us,USA,,Chicago Fed National Financial Conditions Index,0.676,index,weekly,FRED_CHICAGO_FED,National Financial Conditions Index,https://fred.stlouisfed.org/series/NFCI,https://www.chicagofed.org/research/data/nfci/current-data,2026-08-31T14:34:09.166970Z,none
1979-06-22,financial_conditions_index,us,USA,,Chicago Fed National Financial Conditions Index,0.757,index,weekly,FRED_CHICAGO_FED,National Financial Conditions Index,https://fred.stlouisfed.org/series/NFCI,https://www.chicagofed.org/research/data/nfci/current-data,2026-08-31T14:34:09.166970Z,none
1979-06-29,financial_conditions_index,us,USA,,Chicago Fed National Financial Conditions Index,0.839,index,weekly,FRED_CHICAGO_FED,National Financial Conditions Index,https://fred.stlouisfed.org/series/NFCI,https://www.chicagofed.org/research/data/nfci/current-data,2026-08-31T14:34:09.166970Z,none
1979-07-06,financial_conditions_index,us,USA,,Chicago Fed National Financial Conditions Index,0.92,index,weekly,FRED_CHICAGO_FED,National Financial Conditions Index,https://fred.stlouisfed.org/series/NFCI,https://www.chicagofed.org/research/data/nfci/current-data,2026-08-31T14:34:09.166970Z,none
1979-07-13,financial_conditions_index,us,USA,,Chicago Fed National Financial Conditions Index,1.002,index,weekly,FRED_CHICAGO_FED,National Financial Conditions Index,https://fred.stlouisfed.org/series/NFCI,https://www.chicagofed.org/research/data/nfci/current-data,2026-08-31T14:34:09.166970Z,none
1979-07-20,financial_conditions_index,us,USA,,Chicago Fed National Financial Conditions Index,1.085,index,weekly,FRED_CHICAGO_FED,National Financial Conditions Index,https://fred.stlouisfed.org/series/NFCI,https://www.chicagofed.org/research/data/nfci/current-data,2026-08-31T14:34:09.166970Z,none
1979-07-27,financial_conditions_index,us,USA,,Chicago Fed National Financial Conditions Index,1.172,index,weekly,FRED_CHICAGO_FED,National Financial Conditions Index,https://fred.stlouisfed.org/series/NFCI,https://www.chicagofed.org/research/data/nfci/current-data,2026-08-31T14:34:09.166970Z,none
1979-08-03,financial_conditions_index,us,USA,,Chicago Fed National Financial Conditions Index,1.265,index,weekly,FRED_CHICAGO_FED,National Financial Conditions Index,https://fred.stlouisfed.org/series/NFCI,https://www.chicagofed.org/research/data/nfci/current-data,2026-08-31T14:34:09.166970Z,none
1979-08-10,financial_conditions_index,us,USA,,Chicago Fed National Financial Conditions Index,1.364,index,weekly,FRED_CHICAGO_FED,National Financial Conditions Index,https://fred.stlouisfed.org/series/NFCI,https://www.chicagofed.org/research/data/nfci/current-data,2026-08-31T14:34:09.166970Z,none
1979-08-17,financial_conditions_index,us,USA,,Chicago Fed National Financial Conditions Index,1.47,index,weekly,FRED_CHICAGO_FED,National Financial Conditions Index,https://fred.stlouisfed.org/series/NFCI,https://www.chicagofed.org/research/data/nfci/current-data,2026-08-31T14:34:09.166970Z,none
1979-08-24,financial_conditions_index,us,USA,,Chicago Fed National Financial Conditions Index,1.584,index,weekly,FRED_CHICAGO_FED,National Financial Conditions Index,https://fred.stlouisfed.org/series/NFCI,https://www.chicagofed.org/research/data/nfci/current-data,2026-08-31T14:34:09.166970Z,none
1979-08-31,financial_conditions_index,us,USA,,Chicago Fed National Financial Conditions Index,1.704,index,weekly,FRED_CHICAGO_FED,National Financial Conditions Index,https://fred.stlouisfed.org/series/NFCI,https://www.chicagofed.org/research/data/nfci/current-data,2026-08-31T14:34:09.166970Z,none
1979-09-07,financial_conditions_index,us,USA,,Chicago Fed National Financial Conditions Index,1.828,index,weekly,FRED_CHICAGO_FED,National Financial Conditions Index,https://fred.stlouisfed.org/series/NFCI,https://www.chicagofed.org/research/data/nfci/current-data,2026-08-31T14:34:09.166970Z,none
1979-09-14,financial_conditions_index,us,USA,,Chicago Fed National Financial Conditions Index,1.954,index,weekly,FRED_CHICAGO_FED,National Financial Conditions Index,https://fred.stlouisfed.org/series/NFCI,https://www.chicagofed.org/research/data/nfci/current-data,2026-08-31T14:34:09.166970Z,none
1979-09-21,financial_conditions_index,us,USA,,Chicago Fed National Financial Conditions Index,2.078,index,weekly,FRED_CHICAGO_FED,National Financial Conditions Index,https://fred.stlouisfed.org/series/NFCI,https://www.chicagofed.org/research/data/nfci/current-data,2026-08-31T14:34:09.166970Z,none
1979-09-28,financial_conditions_index,us,USA,,Chicago Fed National Financial Conditions Index,2.196,index,weekly,FRED_CHICAGO_FED,National Financial Conditions Index,https://fred.stlouisfed.org/series/NFCI,https://www.chicagofed.org/research/data/nfci/current-data,2026-08-31T14:34:09.166970Z,none
1979-10-05,financial_conditions_index,us,USA,,Chicago Fed National Financial Conditions Index,2.302,index,weekly,FRED_CHICAGO_FED,National Financial Conditions Index,https://fred.stlouisfed.org/series/NFCI,https://www.chicagofed.org/research/data/nfci/current-data,2026-08-31T14:34:09.166970Z,none
1979-10-12,financial_conditions_index,us,USA,,Chicago Fed National Financial Conditions Index,2.392,index,weekly,FRED_CHICAGO_FED,National Financial Conditions Index,https://fred.stlouisfed.org/series/NFCI,https://www.chicagofed.org/research/data/nfci/current-data,2026-08-31T14:34:09.166970Z,none
1979-10-19,financial_conditions_index,us,USA,,Chicago Fed National Financial Conditions Index,2.462,index,weekly,FRED_CHICAGO_FED,National Financial Conditions Index,https://fred.stlouisfed.org/series/NFCI,https://www.chicagofed.org/research/data/nfci/current-data,2026-08-31T14:34:09.166970Z,none
1979-10-26,financial_conditions_index,us,USA,,Chicago Fed National Financial Conditions Index,2.506,index,weekly,FRED_CHICAGO_FED,National Financial Conditions Index,https://fred.stlouisfed.org/series/NFCI,https://www.chicagofed.org/research/data/nfci/current-data,2026-08-31T14:34:09.166970Z,none
1979-11-02,financial_conditions_index,us,USA,,Chicago Fed National Financial Conditions Index,2.523,index,weekly,FRED_CHICAGO_FED,National Financial Conditions Index,https://fred.stlouisfed.org/series/NFCI,https://www.chicagofed.org/research/data/nfci/current-data,2026-08-31T14:34:09.166970Z,none
1979-11-09,financial_conditions_index,us,USA,,Chicago Fed National Financial Conditions Index,2.509,index,weekly,FRED_CHICAGO_FED,National Financial Conditions Index,https://fred.stlouisfed.org/series/NFCI,https://www.chicagofed.org/research/data/nfci/current-data,2026-08-31T14:34:09.166970Z,none
1979-11-16,financial_conditions_index,us,USA,,Chicago Fed National Financial Conditions Index,2.465,index,weekly,FRED_CHICAGO_FED,National Financial Conditions Index,https://fred.stlouisfed.org/series/NFCI,https://www.chicagofed.org/research/data/nfci/current-data,2026-08-31T14:34:09.166970Z,none
1979-11-23,financial_conditions_index,us,USA,,Chicago Fed National Financial Conditions Index,2.395,index,weekly,FRED_CHICAGO_FED,National Financial Conditions Index,https://fred.stlouisfed.org/series/NFCI,https://www.chicagofed.org/research/data/nfci/current-data,2026-08-31T14:34:09.166970Z,none
1979-11-30,financial_conditions_index,us,USA,,Chicago Fed National Financial Conditions Index,2.305,index,weekly,FRED_CHICAGO_FED,National Financial Conditions Index,https://fred.stlouisfed.org/series/NFCI,https://www.chicagofed.org/research/data/nfci/current-data,2026-08-31T14:34:09.166970Z,none
1979-12-07,financial_conditions_index,us,USA,,Chicago Fed National Financial Conditions Index,2.201,index,weekly,FRED_CHICAGO_FED,National Financial Conditions Index,https://fred.stlouisfed.org/series/NFCI,https://www.chicagofed.org/research/data/nfci/current-data,2026-08-31T14:34:09.166970Z,none
1979-12-14,financial_conditions_index,us,USA,,Chicago Fed National Financial Conditions Index,2.091,index,weekly,FRED_CHICAGO_FED,National Financial Conditions Index,https://fred.stlouisfed.org/series/NFCI,https://www.chicagofed.org/research/data/nfci/current-data,2026-08-31T14:34:09.166970Z,none
1979-12-21,financial_conditions_index,us,USA,,Chicago Fed National Financial Conditions Index,1.985,index,weekly,FRED_CHICAGO_FED,National Financial Conditions Index,https://fred.stlouisfed.org/series/NFCI,https://www.chicagofed.org/research/data/nfci/current-data,2026-08-31T14:34:09.166970Z,none
1979-12-28,financial_conditions_index,us,USA,,Chicago Fed National Financial Conditions Index,1.889,index,weekly,FRED_CHICAGO_FED,National Financial Conditions Index,https://fred.stlouisfed.org/series/NFCI,https://www.chicagofed.org/research/data/nfci/current-data,2026-08-31T14:34:09.166970Z,none
1980-01-04,financial_conditions_index,us,USA,,Chicago Fed National Financial Conditions Index,1.813,index,weekly,FRED_CHICAGO_FED,National Financial Conditions Index,https://fred.stlouisfed.org/series/NFCI,https://www.chicagofed.org/research/data/nfci/current-data,2026-08-31T14:34:09.166970Z,none
1980-01-11,financial_conditions_index,us,USA,,Chicago Fed National Financial Conditions Index,1.767,index,weekly,FRED_CHICAGO_FED,National Financial Conditions Index,https://fred.stlouisfed.org/series/NFCI,https://www.chicagofed.org/research/data/nfci/current-data,2026-08-31T14:34:09.166970Z,none
1980-01-18,financial_conditions_index,us,USA,,Chicago Fed National Financial Conditions Index,1.756,index,weekly,FRED_CHICAGO_FED,National Financial Conditions Index,https://fred.stlouisfed.org/series/NFCI,https://www.chicagofed.org/research/data/nfci/current-data,2026-08-31T14:34:09.166970Z,none
1980-01-25,financial_conditions_index,us,USA,,Chicago Fed National Financial Conditions Index,1.789,index,weekly,FRED_CHICAGO_FED,National Financial Conditions Index,https://fred.stlouisfed.org/series/NFCI,https://www.chicagofed.org/research/data/nfci/current-data,2026-08-31T14:34:09.166970Z,none
1980-02-01,financial_conditions_index,us,USA,,Chicago Fed National Financial Conditions Index,1.873,index,weekly,FRED_CHICAGO_FED,National Financial Conditions Index,https://fred.stlouisfed.org/series/NFCI,https://www.chicagofed.org/research/data/nfci/current-data,2026-08-31T14:34:09.166970Z,none
1980-02-08,financial_conditions_index,us,USA,,Chicago Fed National Financial Conditions Index,2.008,index,weekly,FRED_CHICAGO_FED,National Financial Conditions Index,https://fred.stlouisfed.org/series/NFCI,https://www.chicagofed.org/research/data/nfci/current-data,2026-08-31T14:34:09.166970Z,none
1980-02-15,financial_conditions_index,us,USA,,Chicago Fed National Financial Conditions Index,2.194,index,weekly,FRED_CHICAGO_FED,National Financial Conditions Index,https://fred.stlouisfed.org/series/NFCI,https://www.chicagofed.org/research/data/nfci/current-data,2026-08-31T14:34:09.166970Z,none
1980-02-22,financial_conditions_index,us,USA,,Chicago Fed National Financial Conditions Index,2.426,index,weekly,FRED_CHICAGO_FED,National Financial Conditions Index,https://fred.stlouisfed.org/series/NFCI,https://www.chicagofed.org/research/data/nfci/current-data,2026-08-31T14:34:09.166970Z,none
1980-02-29,financial_conditions_index,us,USA,,Chicago Fed National Financial Conditions Index,2.694,index,weekly,FRED_CHICAGO_FED,National Financial Conditions Index,https://fred.stlouisfed.org/series/NFCI,https://www.chicagofed.org/research/data/nfci/current-data,2026-08-31T14:34:09.166970Z,none
1980-03-07,financial_conditions_index,us,USA,,Chicago Fed National Financial Conditions Index,2.979,index,weekly,FRED_CHICAGO_FED,National Financial Conditions Index,https://fred.stlouisfed.org/series/NFCI,https://www.chicagofed.org/research/data/nfci/current-data,2026-08-31T14:34:09.166970Z,none
1980-03-14,financial_conditions_index,us,USA,,Chicago Fed National Financial Conditions Index,3.266,index,weekly,FRED_CHICAGO_FED,National Financial Conditions Index,https://fred.stlouisfed.org/series/NFCI,https://www.chicagofed.org/research/data/nfci/current-data,2026-08-31T14:34:09.166970Z,none
1980-03-21,financial_conditions_index,us,USA,,Chicago Fed National Financial Conditions Index,3.531,index,weekly,FRED_CHICAGO_FED,National Financial Conditions Index,https://fred.stlouisfed.org/series/NFCI,https://www.chicagofed.org/research/data/nfci/current-data,2026-08-31T14:34:09.166970Z,none
1980-03-28,financial_conditions_index,us,USA,,Chicago Fed National Financial Conditions Index,3.752,index,weekly,FRED_CHICAGO_FED,National Financial Conditions Index,https://fred.stlouisfed.org/series/NFCI,https://www.chicagofed.org/research/data/nfci/current-data,2026-08-31T14:34:09.166970Z,none
1980-04-04,financial_conditions_index,us,USA,,Chicago Fed National Financial Conditions Index,3.916,index,weekly,FRED_CHICAGO_FED,National Financial Conditions Index,https://fred.stlouisfed.org/series/NFCI,https://www.chicagofed.org/research/data/nfci/current-data,2026-08-31T14:34:09.166970Z,none
1980-04-11,financial_conditions_index,us,USA,,Chicago Fed National Financial Conditions Index,4.004,index,weekly,FRED_CHICAGO_FED,National Financial Conditions Index,https://fred.stlouisfed.org/series/NFCI,https://www.chicagofed.org/research/data/nfci/current-data,2026-08-31T14:34:09.166970Z,none
1980-04-18,financial_conditions_index,us,USA,,Chicago Fed National Financial Conditions Index,4.011,index,weekly,FRED_CHICAGO_FED,National Financial Conditions Index,https://fred.stlouisfed.org/series/NFCI,https://www.chicagofed.org/research/data/nfci/current-data,2026-08-31T14:34:09.166970Z,none
1980-04-25,financial_conditions_index,us,USA,,Chicago Fed National Financial Conditions Index,3.939,index,weekly,FRED_CHICAGO_FED,National Financial Conditions Index,https://fred.stlouisfed.org/series/NFCI,https://www.chicagofed.org/research/data/nfci/current-data,2026-08-31T14:34:09.166970Z,none
1980-05-02,financial_conditions_index,us,USA,,Chicago Fed National Financial Conditions Index,3.792,index,weekly,FRED_CHICAGO_FED,National Financial Conditions Index,https://fred.stlouisfed.org/series/NFCI,https://www.chicagofed.org/research/data/nfci/current-data,2026-08-31T14:34:09.166970Z,none
1980-05-09,financial_conditions_index,us,USA,,Chicago Fed National Financial Conditions Index,3.581,index,weekly,FRED_CHICAGO_FED,National Financial Conditions Index,https://fred.stlouisfed.org/series/NFCI,https://www.chicagofed.org/research/data/nfci/current-data,2026-08-31T14:34:09.166970Z,none
1980-05-16,financial_conditions_index,us,USA,,Chicago Fed National Financial Conditions Index,3.321,index,weekly,FRED_CHICAGO_FED,National Financial Conditions Index,https://fred.stlouisfed.org/series/NFCI,https://www.chicagofed.org/research/data/nfci/current-data,2026-08-31T14:34:09.166970Z,none
1980-05-23,financial_conditions_index,us,USA,,Chicago Fed National Financial Conditions Index,3.028,index,weekly,FRED_CHICAGO_FED,National Financial Conditions Index,https://fred.stlouisfed.org/series/NFCI,https://www.chicagofed.org/research/data/nfci/current-data,2026-08-31T14:34:09.166970Z,none
1980-05-30,financial_conditions_index,us,USA,,Chicago Fed National Financial Conditions Index,2.715,index,weekly,FRED_CHICAGO_FED,National Financial Conditions Index,https://fred.stlouisfed.org/series/NFCI,https://www.chicagofed.org/research/data/nfci/current-data,2026-08-31T14:34:09.166970Z,none
1980-06-06,financial_conditions_index,us,USA,,Chicago Fed National Financial Conditions Index,2.397,index,weekly,FRED_CHICAGO_FED,National Financial Conditions Index,https://fred.stlouisfed.org/series/NFCI,https://www.chicagofed.org/research/data/nfci/current-data,2026-08-31T14:34:09.166970Z,none
1980-06-13,financial_conditions_index,us,USA,,Chicago Fed National Financial Conditions Index,2.085,index,weekly,FRED_CHICAGO_FED,National Financial Conditions Index,https://fred.stlouisfed.org/series/NFCI,https://www.chicagofed.org/research/data/nfci/current-data,2026-08-31T14:34:09.166970Z,none
1980-06-20,financial_conditions_index,us,USA,,Chicago Fed National Financial Conditions Index,1.786,index,weekly,FRED_CHICAGO_FED,National Financial Conditions Index,https://fred.stlouisfed.org/series/NFCI,https://www.chicagofed.org/research/data/nfci/current-data,2026-08-31T14:34:09.166970Z,none
1980-06-27,financial_conditions_index,us,USA,,Chicago Fed National Financial Conditions Index,1.513,index,weekly,FRED_CHICAGO_FED,National Financial Conditions Index,https://fred.stlouisfed.org/series/NFCI,https://www.chicagofed.org/research/data/nfci/current-data,2026-08-31T14:34:09.166970Z,none
1980-07-04,financial_conditions_index,us,USA,,Chicago Fed National Financial Conditions Index,1.276,index,weekly,FRED_CHICAGO_FED,National Financial Conditions Index,https://fred.stlouisfed.org/series/NFCI,https://www.chicagofed.org/research/data/nfci/current-data,2026-08-31T14:34:09.166970Z,none
1980-07-11,financial_conditions_index,us,USA,,Chicago Fed National Financial Conditions Index,1.079,index,weekly,FRED_CHICAGO_FED,National Financial Conditions Index,https://fred.stlouisfed.org/series/NFCI,https://www.chicagofed.org/research/data/nfci/current-data,2026-08-31T14:34:09.166970Z,none
1980-07-18,financial_conditions_index,us,USA,,Chicago Fed National Financial Conditions Index,0.932,index,weekly,FRED_CHICAGO_FED,National Financial Conditions Index,https://fred.stlouisfed.org/series/NFCI,https://www.chicagofed.org/research/data/nfci/current-data,2026-08-31T14:34:09.166970Z,none
1980-07-25,financial_conditions_index,us,USA,,Chicago Fed National Financial Conditions Index,0.832,index,weekly,FRED_CHICAGO_FED,National Financial Conditions Index,https://fred.stlouisfed.org/series/NFCI,https://www.chicagofed.org/research/data/nfci/current-data,2026-08-31T14:34:09.166970Z,none
1980-08-01,financial_conditions_index,us,USA,,Chicago Fed National Financial Conditions Index,0.777,index,weekly,FRED_CHICAGO_FED,National Financial Conditions Index,https://fred.stlouisfed.org/series/NFCI,https://www.chicagofed.org/research/data/nfci/current-data,2026-08-31T14:34:09.166970Z,none
1980-08-08,financial_conditions_index,us,USA,,Chicago Fed National Financial Conditions Index,0.763,index,weekly,FRED_CHICAGO_FED,National Financial Conditions Index,https://fred.stlouisfed.org/series/NFCI,https://www.chicagofed.org/research/data/nfci/current-data,2026-08-31T14:34:09.166970Z,none
1980-08-15,financial_conditions_index,us,USA,,Chicago Fed National Financial Conditions Index,0.781,index,weekly,FRED_CHICAGO_FED,National Financial Conditions Index,https://fred.stlouisfed.org/series/NFCI,https://www.chicagofed.org/research/data/nfci/current-data,2026-08-31T14:34:09.166970Z,none
1980-08-22,financial_conditions_index,us,USA,,Chicago Fed National Financial Conditions Index,0.822,index,weekly,FRED_CHICAGO_FED,National Financial Conditions Index,https://fred.stlouisfed.org/series/NFCI,https://www.chicagofed.org/research/data/nfci/current-data,2026-08-31T14:34:09.166970Z,none
1980-08-29,financial_conditions_index,us,USA,,Chicago Fed National Financial Conditions Index,0.882,index,weekly,FRED_CHICAGO_FED,National Financial Conditions Index,https://fred.stlouisfed.org/series/NFCI,https://www.chicagofed.org/research/data/nfci/current-data,2026-08-31T14:34:09.166970Z,none
1980-09-05,financial_conditions_index,us,USA,,Chicago Fed National Financial Conditions Index,0.955,index,weekly,FRED_CHICAGO_FED,National Financial Conditions Index,https://fred.stlouisfed.org/series/NFCI,https://www.chicagofed.org/research/data/nfci/current-data,2026-08-31T14:34:09.166970Z,none
1980-09-12,financial_conditions_index,us,USA,,Chicago Fed National Financial Conditions Index,1.035,index,weekly,FRED_CHICAGO_FED,National Financial Conditions Index,https://fred.stlouisfed.org/series/NFCI,https://www.chicagofed.org/research/data/nfci/current-data,2026-08-31T14:34:09.166970Z,none
1980-09-19,financial_conditions_index,us,USA,,Chicago Fed National Financial Conditions Index,1.125,index,weekly,FRED_CHICAGO_FED,National Financial Conditions Index,https://fred.stlouisfed.org/series/NFCI,https://www.chicagofed.org/research/data/nfci/current-data,2026-08-31T14:34:09.166970Z,none
1980-09-26,financial_conditions_index,us,USA,,Chicago Fed National Financial Conditions Index,1.225,index,weekly,FRED_CHICAGO_FED,National Financial Conditions Index,https://fred.stlouisfed.org/series/NFCI,https://www.chicagofed.org/research/data/nfci/current-data,2026-08-31T14:34:09.166970Z,none
1980-10-03,financial_conditions_index,us,USA,,Chicago Fed National Financial Conditions Index,1.338,index,weekly,FRED_CHICAGO_FED,National Financial Conditions Index,https://fred.stlouisfed.org/series/NFCI,https://www.chicagofed.org/research/data/nfci/current-data,2026-08-31T14:34:09.166970Z,none
1980-10-10,financial_conditions_index,us,USA,,Chicago Fed National Financial Conditions Index,1.466,index,weekly,FRED_CHICAGO_FED,National Financial Conditions Index,https://fred.stlouisfed.org/series/NFCI,https://www.chicagofed.org/research/data/nfci/current-data,2026-08-31T14:34:09.166970Z,none
1980-10-17,financial_conditions_index,us,USA,,Chicago Fed National Financial Conditions Index,1.619,index,weekly,FRED_CHICAGO_FED,National Financial Conditions Index,https://fred.stlouisfed.org/series/NFCI,https://www.chicagofed.org/research/data/nfci/current-data,2026-08-31T14:34:09.166970Z,none
1980-10-24,financial_conditions_index,us,USA,,Chicago Fed National Financial Conditions Index,1.794,index,weekly,FRED_CHICAGO_FED,National Financial Conditions Index,https://fred.stlouisfed.org/series/NFCI,https://www.chicagofed.org/research/data/nfci/current-data,2026-08-31T14:34:09.166970Z,none
1980-10-31,financial_conditions_index,us,USA,,Chicago Fed National Financial Conditions Index,1.994,index,weekly,FRED_CHICAGO_FED,National Financial Conditions Index,https://fred.stlouisfed.org/series/NFCI,https://www.chicagofed.org/research/data/nfci/current-data,2026-08-31T14:34:09.166970Z,none
1980-11-07,financial_conditions_index,us,USA,,Chicago Fed National Financial Conditions Index,2.212,index,weekly,FRED_CHICAGO_FED,National Financial Conditions Index,https://fred.stlouisfed.org/series/NFCI,https://www.chicagofed.org/research/data/nfci/current-data,2026-08-31T14:34:09.166970Z,none
1980-11-14,financial_conditions_index,us,USA,,Chicago Fed National Financial Conditions Index,2.439,index,weekly,FRED_CHICAGO_FED,National Financial Conditions Index,https://fred.stlouisfed.org/series/NFCI,https://www.chicagofed.org/research/data/nfci/current-data,2026-08-31T14:34:09.166970Z,none
1980-11-21,financial_conditions_index,us,USA,,Chicago Fed National Financial Conditions Index,2.666,index,weekly,FRED_CHICAGO_FED,National Financial Conditions Index,https://fred.stlouisfed.org/series/NFCI,https://www.chicagofed.org/research/data/nfci/current-data,2026-08-31T14:34:09.166970Z,none
1980-11-28,financial_conditions_index,us,USA,,Chicago Fed National Financial Conditions Index,2.883,index,weekly,FRED_CHICAGO_FED,National Financial Conditions Index,https://fred.stlouisfed.org/series/NFCI,https://www.chicagofed.org/research/data/nfci/current-data,2026-08-31T14:34:09.166970Z,none
1980-12-05,financial_conditions_index,us,USA,,Chicago Fed National Financial Conditions Index,3.068,index,weekly,FRED_CHICAGO_FED,National Financial Conditions Index,https://fred.stlouisfed.org/series/NFCI,https://www.chicagofed.org/research/data/nfci/current-data,2026-08-31T14:34:09.166970Z,none
1980-12-12,financial_conditions_index,us,USA,,Chicago Fed National Financial Conditions Index,3.208,index,weekly,FRED_CHICAGO_FED,National Financial Conditions Index,https://fred.stlouisfed.org/series/NFCI,https://www.chicagofed.org/research/data/nfci/current-data,2026-08-31T14:34:09.166970Z,none
1980-12-19,financial_conditions_index,us,USA,,Chicago Fed National Financial Conditions Index,3.302,index,weekly,FRED_CHICAGO_FED,National Financial Conditions Index,https://fred.stlouisfed.org/series/NFCI,https://www.chicagofed.org/research/data/nfci/current-data,2026-08-31T14:34:09.166970Z,none
1980-12-26,financial_conditions_index,us,USA,,Chicago Fed National Financial Conditions Index,3.327,index,weekly,FRED_CHICAGO_FED,National Financial Conditions Index,https://fred.stlouisfed.org/series/NFCI,https://www.chicagofed.org/research/data/nfci/current-data,2026-08-31T14:34:09.166970Z,none
1981-01-02,financial_conditions_index,us,USA,,Chicago Fed National Financial Conditions Index,3.294,index,weekly,FRED_CHICAGO_FED,National Financial Conditions Index,https://fred.stlouisfed.org/series/NFCI,https://www.chicagofed.org/research/data/nfci/current-data,2026-08-31T14:34:09.166970Z,none
1981-01-09,financial_conditions_index,us,USA,,Chicago Fed National Financial Conditions Index,3.203,index,weekly,FRED_CHICAGO_FED,National Financial Conditions Index,https://fred.stlouisfed.org/series/NFCI,https://www.chicagofed.org/research/data/nfci/current-data,2026-08-31T14:34:09.166970Z,none
1981-01-16,financial_conditions_index,us,USA,,Chicago Fed National Financial Conditions Index,3.068,index,weekly,FRED_CHICAGO_FED,National Financial Conditions Index,https://fred.stlouisfed.org/series/NFCI,https://www.chicagofed.org/research/data/nfci/current-data,2026-08-31T14:34:09.166970Z,none
1981-01-23,financial_conditions_index,us,USA,,Chicago Fed National Financial Conditions Index,2.896,index,weekly,FRED_CHICAGO_FED,National Financial Conditions Index,https://fred.stlouisfed.org/series/NFCI,https://www.chicagofed.org/research/data/nfci/current-data,2026-08-31T14:34:09.166970Z,none
1981-01-30,financial_conditions_index,us,USA,,Chicago Fed National Financial Conditions Index,2.705,index,weekly,FRED_CHICAGO_FED,National Financial Conditions Index,https://fred.stlouisfed.org/series/NFCI,https://www.chicagofed.org/research/data/nfci/current-data,2026-08-31T14:34:09.166970Z,none
1981-02-06,financial_conditions_index,us,USA,,Chicago Fed National Financial Conditions Index,2.504,index,weekly,FRED_CHICAGO_FED,National Financial Conditions Index,https://fred.stlouisfed.org/series/NFCI,https://www.chicagofed.org/research/data/nfci/current-data,2026-08-31T14:34:09.166970Z,none
1981-02-13,financial_conditions_index,us,USA,,Chicago Fed National Financial Conditions Index,2.308,index,weekly,FRED_CHICAGO_FED,National Financial Conditions Index,https://fred.stlouisfed.org/series/NFCI,https://www.chicagofed.org/research/data/nfci/current-data,2026-08-31T14:34:09.166970Z,none
1981-02-20,financial_conditions_index,us,USA,,Chicago Fed National Financial Conditions Index,2.131,index,weekly,FRED_CHICAGO_FED,National Financial Conditions Index,https://fred.stlouisfed.org/series/NFCI,https://www.chicagofed.org/research/data/nfci/current-data,2026-08-31T14:34:09.166970Z,none
1981-02-27,financial_conditions_index,us,USA,,Chicago Fed National Financial Conditions Index,1.972,index,weekly,FRED_CHICAGO_FED,National Financial Conditions Index,https://fred.stlouisfed.org/series/NFCI,https://www.chicagofed.org/research/data/nfci/current-data,2026-08-31T14:34:09.166970Z,none
1981-03-06,financial_conditions_index,us,USA,,Chicago Fed National Financial Conditions Index,1.844,index,weekly,FRED_CHICAGO_FED,National Financial Conditions Index,https://fred.stlouisfed.org/series/NFCI,https://www.chicagofed.org/research/data/nfci/current-data,2026-08-31T14:34:09.166970Z,none
1981-03-13,financial_conditions_index,us,USA,,Chicago Fed National Financial Conditions Index,1.75,index,weekly,FRED_CHICAGO_FED,National Financial Conditions Index,https://fred.stlouisfed.org/series/NFCI,https://www.chicagofed.org/research/data/nfci/current-data,2026-08-31T14:34:09.166970Z,none
1981-03-20,financial_conditions_index,us,USA,,Chicago Fed National Financial Conditions Index,1.691,index,weekly,FRED_CHICAGO_FED,National Financial Conditions Index,https://fred.stlouisfed.org/series/NFCI,https://www.chicagofed.org/research/data/nfci/current-data,2026-08-31T14:34:09.166970Z,none
1981-03-27,financial_conditions_index,us,USA,,Chicago Fed National Financial Conditions Index,1.67,index,weekly,FRED_CHICAGO_FED,National Financial Conditions Index,https://fred.stlouisfed.org/series/NFCI,https://www.chicagofed.org/research/data/nfci/current-data,2026-08-31T14:34:09.166970Z,none
1981-04-03,financial_conditions_index,us,USA,,Chicago Fed National Financial Conditions Index,1.687,index,weekly,FRED_CHICAGO_FED,National Financial Conditions Index,https://fred.stlouisfed.org/series/NFCI,https://www.chicagofed.org/research/data/nfci/current-data,2026-08-31T14:34:09.166970Z,none
1981-04-10,financial_conditions_index,us,USA,,Chicago Fed National Financial Conditions Index,1.738,index,weekly,FRED_CHICAGO_FED,National Financial Conditions Index,https://fred.stlouisfed.org/series/NFCI,https://www.chicagofed.org/research/data/nfci/current-data,2026-08-31T14:34:09.166970Z,none
1981-04-17,financial_conditions_index,us,USA,,Chicago Fed National Financial Conditions Index,1.823,index,weekly,FRED_CHICAGO_FED,National Financial Conditions Index,https://fred.stlouisfed.org/series/NFCI,https://www.chicagofed.org/research/data/nfci/current-data,2026-08-31T14:34:09.166970Z,none
1981-04-24,financial_conditions_index,us,USA,,Chicago Fed National Financial Conditions Index,1.931,index,weekly,FRED_CHICAGO_FED,National Financial Conditions Index,https://fred.stlouisfed.org/series/NFCI,https://www.chicagofed.org/research/data/nfci/current-data,2026-08-31T14:34:09.166970Z,none
1981-05-01,financial_conditions_index,us,USA,,Chicago Fed National Financial Conditions Index,2.06,index,weekly,FRED_CHICAGO_FED,National Financial Conditions Index,https://fred.stlouisfed.org/series/NFCI,https://www.chicagofed.org/research/data/nfci/current-data,2026-08-31T14:34:09.166970Z,none
1981-05-08,financial_conditions_index,us,USA,,Chicago Fed National Financial Conditions Index,2.208,index,weekly,FRED_CHICAGO_FED,National Financial Conditions Index,https://fred.stlouisfed.org/series/NFCI,https://www.chicagofed.org/research/data/nfci/current-data,2026-08-31T14:34:09.166970Z,none
1981-05-15,financial_conditions_index,us,USA,,Chicago Fed National Financial Conditions Index,2.369,index,weekly,FRED_CHICAGO_FED,National Financial Conditions Index,https://fred.stlouisfed.org/series/NFCI,https://www.chicagofed.org/research/data/nfci/current-data,2026-08-31T14:34:09.166970Z,none
1981-05-22,financial_conditions_index,us,USA,,Chicago Fed National Financial Conditions Index,2.536,index,weekly,FRED_CHICAGO_FED,National Financial Conditions Index,https://fred.stlouisfed.org/series/NFCI,https://www.chicagofed.org/research/data/nfci/current-data,2026-08-31T14:34:09.166970Z,none
1981-05-29,financial_conditions_index,us,USA,,Chicago Fed National Financial Conditions Index,2.709,index,weekly,FRED_CHICAGO_FED,National Financial Conditions Index,https://fred.stlouisfed.org/series/NFCI,https://www.chicagofed.org/research/data/nfci/current-data,2026-08-31T14:34:09.166970Z,none
1981-06-05,financial_conditions_index,us,USA,,Chicago Fed National Financial Conditions Index,2.879,index,weekly,FRED_CHICAGO_FED,National Financial Conditions Index,https://fred.stlouisfed.org/series/NFCI,https://www.chicagofed.org/research/data/nfci/current-data,2026-08-31T14:34:09.166970Z,none
1981-06-12,financial_conditions_index,us,USA,,Chicago Fed National Financial Conditions Index,3.043,index,weekly,FRED_CHICAGO_FED,National Financial Conditions Index,https://fred.stlouisfed.org/series/NFCI,https://www.chicagofed.org/research/data/nfci/current-data,2026-08-31T14:34:09.166970Z,none
1981-06-19,financial_conditions_index,us,USA,,Chicago Fed National Financial Conditions Index,3.192,index,weekly,FRED_CHICAGO_FED,National Financial Conditions Index,https://fred.stlouisfed.org/series/NFCI,https://www.chicagofed.org/research/data/nfci/current-data,2026-08-31T14:34:09.166970Z,none
1981-06-26,financial_conditions_index,us,USA,,Chicago Fed National Financial Conditions Index,3.32,index,weekly,FRED_CHICAGO_FED,National Financial Conditions Index,https://fred.stlouisfed.org/series/NFCI,https://www.chicagofed.org/research/data/nfci/current-data,2026-08-31T14:34:09.166970Z,none
1981-07-03,financial_conditions_index,us,USA,,Chicago Fed National Financial Conditions Index,3.421,index,weekly,FRED_CHICAGO_FED,National Financial Conditions Index,https://fred.stlouisfed.org/series/NFCI,https://www.chicagofed.org/research/data/nfci/current-data,2026-08-31T14:34:09.166970Z,none
1981-07-10,financial_conditions_index,us,USA,,Chicago Fed National Financial Conditions Index,3.493,index,weekly,FRED_CHICAGO_FED,National Financial Conditions Index,https://fred.stlouisfed.org/series/NFCI,https://www.chicagofed.org/research/data/nfci/current-data,2026-08-31T14:34:09.166970Z,none
1981-07-17,financial_conditions_index,us,USA,,Chicago Fed National Financial Conditions Index,3.534,index,weekly,FRED_CHICAGO_FED,National Financial Conditions Index,https://fred.stlouisfed.org/series/NFCI,https://www.chicagofed.org/research/data/nfci/current-data,2026-08-31T14:34:09.166970Z,none
1981-07-24,financial_conditions_index,us,USA,,Chicago Fed National Financial Conditions Index,3.542,index,weekly,FRED_CHICAGO_FED,National Financial Conditions Index,https://fred.stlouisfed.org/series/NFCI,https://www.chicagofed.org/research/data/nfci/current-data,2026-08-31T14:34:09.166970Z,none
1981-07-31,financial_conditions_index,us,USA,,Chicago Fed National Financial Conditions Index,3.525,index,weekly,FRED_CHICAGO_FED,National Financial Conditions Index,https://fred.stlouisfed.org/series/NFCI,https://www.chicagofed.org/research/data/nfci/current-data,2026-08-31T14:34:09.166970Z,none
1981-08-07,financial_conditions_index,us,USA,,Chicago Fed National Financial Conditions Index,3.483,index,weekly,FRED_CHICAGO_FED,National Financial Conditions Index,https://fred.stlouisfed.org/series/NFCI,https://www.chicagofed.org/research/data/nfci/current-data,2026-08-31T14:34:09.166970Z,none
1981-08-14,financial_conditions_index,us,USA,,Chicago Fed National Financial Conditions Index,3.422,index,weekly,FRED_CHICAGO_FED,National Financial Conditions Index,https://fred.stlouisfed.org/series/NFCI,https://www.chicagofed.org/research/data/nfci/current-data,2026-08-31T14:34:09.166970Z,none
1981-08-21,financial_conditions_index,us,USA,,Chicago Fed National Financial Conditions Index,3.349,index,weekly,FRED_CHICAGO_FED,National Financial Conditions Index,https://fred.stlouisfed.org/series/NFCI,https://www.chicagofed.org/research/data/nfci/current-data,2026-08-31T14:34:09.166970Z,none
1981-08-28,financial_conditions_index,us,USA,,Chicago Fed National Financial Conditions Index,3.272,index,weekly,FRED_CHICAGO_FED,National Financial Conditions Index,https://fred.stlouisfed.org/series/NFCI,https://www.chicagofed.org/research/data/nfci/current-data,2026-08-31T14:34:09.166970Z,none
1981-09-04,financial_conditions_index,us,USA,,Chicago Fed National Financial Conditions Index,3.194,index,weekly,FRED_CHICAGO_FED,National Financial Conditions Index,https://fred.stlouisfed.org/series/NFCI,https://www.chicagofed.org/research/data/nfci/current-data,2026-08-31T14:34:09.166970Z,none
1981-09-11,financial_conditions_index,us,USA,,Chicago Fed National Financial Conditions Index,3.122,index,weekly,FRED_CHICAGO_FED,National Financial Conditions Index,https://fred.stlouisfed.org/series/NFCI,https://www.chicagofed.org/research/data/nfci/current-data,2026-08-31T14:34:09.166970Z,none
1981-09-18,financial_conditions_index,us,USA,,Chicago Fed National Financial Conditions Index,3.055,index,weekly,FRED_CHICAGO_FED,National Financial Conditions Index,https://fred.stlouisfed.org/series/NFCI,https://www.chicagofed.org/research/data/nfci/current-data,2026-08-31T14:34:09.166970Z,none
1981-09-25,financial_conditions_index,us,USA,,Chicago Fed National Financial Conditions Index,2.993,index,weekly,FRED_CHICAGO_FED,National Financial Conditions Index,https://fred.stlouisfed.org/series/NFCI,https://www.chicagofed.org/research/data/nfci/current-data,2026-08-31T14:34:09.166970Z,none
1981-10-02,financial_conditions_index,us,USA,,Chicago Fed National Financial Conditions Index,2.937,index,weekly,FRED_CHICAGO_FED,National Financial Conditions Index,https://fred.stlouisfed.org/series/NFCI,https://www.chicagofed.org/research/data/nfci/current-data,2026-08-31T14:34:09.166970Z,none
1981-10-09,financial_conditions_index,us,USA,,Chicago Fed National Financial Conditions Index,2.882,index,weekly,FRED_CHICAGO_FED,National Financial Conditions Index,https://fred.stlouisfed.org/series/NFCI,https://www.chicagofed.org/research/data/nfci/current-data,2026-08-31T14:34:09.166970Z,none
1981-10-16,financial_conditions_index,us,USA,,Chicago Fed National Financial Conditions Index,2.828,index,weekly,FRED_CHICAGO_FED,National Financial Conditions Index,https://fred.stlouisfed.org/series/NFCI,https://www.chicagofed.org/research/data/nfci/current-data,2026-08-31T14:34:09.166970Z,none
1981-10-23,financial_conditions_index,us,USA,,Chicago Fed National Financial Conditions Index,2.774,index,weekly,FRED_CHICAGO_FED,National Financial Conditions Index,https://fred.stlouisfed.org/series/NFCI,https://www.chicagofed.org/research/data/nfci/current-data,2026-08-31T14:34:09.166970Z,none
1981-10-30,financial_conditions_index,us,USA,,Chicago Fed National Financial Conditions Index,2.714,index,weekly,FRED_CHICAGO_FED,National Financial Conditions Index,https://fred.stlouisfed.org/series/NFCI,https://www.chicagofed.org/research/data/nfci/current-data,2026-08-31T14:34:09.166970Z,none
1981-11-06,financial_conditions_index,us,USA,,Chicago Fed National Financial Conditions Index,2.644,index,weekly,FRED_CHICAGO_FED,National Financial Conditions Index,https://fred.stlouisfed.org/series/NFCI,https://www.chicagofed.org/research/data/nfci/current-data,2026-08-31T14:34:09.166970Z,none
1981-11-13,financial_conditions_index,us,USA,,Chicago Fed National Financial Conditions Index,2.567,index,weekly,FRED_CHICAGO_FED,National Financial Conditions Index,https://fred.stlouisfed.org/series/NFCI,https://www.chicagofed.org/research/data/nfci/current-data,2026-08-31T14:34:09.166970Z,none
1981-11-20,financial_conditions_index,us,USA,,Chicago Fed National Financial Conditions Index,2.482,index,weekly,FRED_CHICAGO_FED,National Financial Conditions Index,https://fred.stlouisfed.org/series/NFCI,https://www.chicagofed.org/research/data/nfci/current-data,2026-08-31T14:34:09.166970Z,none
1981-11-27,financial_conditions_index,us,USA,,Chicago Fed National Financial Conditions Index,2.393,index,weekly,FRED_CHICAGO_FED,National Financial Conditions Index,https://fred.stlouisfed.org/series/NFCI,https://www.chicagofed.org/research/data/nfci/current-data,2026-08-31T14:34:09.166970Z,none
1981-12-04,financial_conditions_index,us,USA,,Chicago Fed National Financial Conditions Index,2.307,index,weekly,FRED_CHICAGO_FED,National Financial Conditions Index,https://fred.stlouisfed.org/series/NFCI,https://www.chicagofed.org/research/data/nfci/current-data,2026-08-31T14:34:09.166970Z,none
1981-12-11,financial_conditions_index,us,USA,,Chicago Fed National Financial Conditions Index,2.225,index,weekly,FRED_CHICAGO_FED,National Financial Conditions Index,https://fred.stlouisfed.org/series/NFCI,https://www.chicagofed.org/research/data/nfci/current-data,2026-08-31T14:34:09.166970Z,none
1981-12-18,financial_conditions_index,us,USA,,Chicago Fed National Financial Conditions Index,2.148,index,weekly,FRED_CHICAGO_FED,National Financial Conditions Index,https://fred.stlouisfed.org/series/NFCI,https://www.chicagofed.org/research/data/nfci/current-data,2026-08-31T14:34:09.166970Z,none
1981-12-25,financial_conditions_index,us,USA,,Chicago Fed National Financial Conditions Index,2.079,index,weekly,FRED_CHICAGO_FED,National Financial Conditions Index,https://fred.stlouisfed.org/series/NFCI,https://www.chicagofed.org/research/data/nfci/current-data,2026-08-31T14:34:09.166970Z,none
1982-01-01,financial_conditions_index,us,USA,,Chicago Fed National Financial Conditions Index,2.018,index,weekly,FRED_CHICAGO_FED,National Financial Conditions Index,https://fred.stlouisfed.org/series/NFCI,https://www.chicagofed.org/research/data/nfci/current-data,2026-08-31T14:34:09.166970Z,none
1982-01-08,financial_conditions_index,us,USA,,Chicago Fed National Financial Conditions Index,1.966,index,weekly,FRED_CHICAGO_FED,National Financial Conditions Index,https://fred.stlouisfed.org/series/NFCI,https://www.chicagofed.org/research/data/nfci/current-data,2026-08-31T14:34:09.166970Z,none
1982-01-15,financial_conditions_index,us,USA,,Chicago Fed National Financial Conditions Index,1.931,index,weekly,FRED_CHICAGO_FED,National Financial Conditions Index,https://fred.stlouisfed.org/series/NFCI,https://www.chicagofed.org/research/data/nfci/current-data,2026-08-31T14:34:09.166970Z,none
1982-01-22,financial_conditions_index,us,USA,,Chicago Fed National Financial Conditions Index,1.912,index,weekly,FRED_CHICAGO_FED,National Financial Conditions Index,https://fred.stlouisfed.org/series/NFCI,https://www.chicagofed.org/research/data/nfci/current-data,2026-08-31T14:34:09.166970Z,none
1982-01-29,financial_conditions_index,us,USA,,Chicago Fed National Financial Conditions Index,1.911,index,weekly,FRED_CHICAGO_FED,National Financial Conditions Index,https://fred.stlouisfed.org/series/NFCI,https://www.chicagofed.org/research/data/nfci/current-data,2026-08-31T14:34:09.166970Z,none
1982-02-05,financial_conditions_index,us,USA,,Chicago Fed National Financial Conditions Index,1.922,index,weekly,FRED_CHICAGO_FED,National Financial Conditions Index,https://fred.stlouisfed.org/series/NFCI,https://www.chicagofed.org/research/data/nfci/current-data,2026-08-31T14:34:09.166970Z,none
1982-02-12,financial_conditions_index,us,USA,,Chicago Fed National Financial Conditions Index,1.946,index,weekly,FRED_CHICAGO_FED,National Financial Conditions Index,https://fred.stlouisfed.org/series/NFCI,https://www.chicagofed.org/research/data/nfci/current-data,2026-08-31T14:34:09.166970Z,none
1982-02-19,financial_conditions_index,us,USA,,Chicago Fed National Financial Conditions Index,1.977,index,weekly,FRED_CHICAGO_FED,National Financial Conditions Index,https://fred.stlouisfed.org/series/NFCI,https://www.chicagofed.org/research/data/nfci/current-data,2026-08-31T14:34:09.166970Z,none
1982-02-26,financial_conditions_index,us,USA,,Chicago Fed National Financial Conditions Index,2.011,index,weekly,FRED_CHICAGO_FED,National Financial Conditions Index,https://fred.stlouisfed.org/series/NFCI,https://www.chicagofed.org/research/data/nfci/current-data,2026-08-31T14:34:09.166970Z,none
1982-03-05,financial_conditions_index,us,USA,,Chicago Fed National Financial Conditions Index,2.041,index,weekly,FRED_CHICAGO_FED,National Financial Conditions Index,https://fred.stlouisfed.org/series/NFCI,https://www.chicagofed.org/research/data/nfci/current-data,2026-08-31T14:34:09.166970Z,none
1982-03-12,financial_conditions_index,us,USA,,Chicago Fed National Financial Conditions Index,2.068,index,weekly,FRED_CHICAGO_FED,National Financial Conditions Index,https://fred.stlouisfed.org/series/NFCI,https://www.chicagofed.org/research/data/nfci/current-data,2026-08-31T14:34:09.166970Z,none
1982-03-19,financial_conditions_index,us,USA,,Chicago Fed National Financial Conditions Index,2.092,index,weekly,FRED_CHICAGO_FED,National Financial Conditions Index,https://fred.stlouisfed.org/series/NFCI,https://www.chicagofed.org/research/data/nfci/current-data,2026-08-31T14:34:09.166970Z,none
1982-03-26,financial_conditions_index,us,USA,,Chicago Fed National Financial Conditions Index,2.113,index,weekly,FRED_CHICAGO_FED,National Financial Conditions Index,https://fred.stlouisfed.org/series/NFCI,https://www.chicagofed.org/research/data/nfci/current-data,2026-08-31T14:34:09.166970Z,none
1982-04-02,financial_conditions_index,us,USA,,Chicago Fed National Financial Conditions Index,2.132,index,weekly,FRED_CHICAGO_FED,National Financial Conditions Index,https://fred.stlouisfed.org/series/NFCI,https://www.chicagofed.org/research/data/nfci/current-data,2026-08-31T14:34:09.166970Z,none
1982-04-09,financial_conditions_index,us,USA,,Chicago Fed National Financial Conditions Index,2.155,index,weekly,FRED_CHICAGO_FED,National Financial Conditions Index,https://fred.stlouisfed.org/series/NFCI,https://www.chicagofed.org/research/data/nfci/current-data,2026-08-31T14:34:09.166970Z,none
1982-04-16,financial_conditions_index,us,USA,,Chicago Fed National Financial Conditions Index,2.184,index,weekly,FRED_CHICAGO_FED,National Financial Conditions Index,https://fred.stlouisfed.org/series/NFCI,https://www.chicagofed.org/research/data/nfci/current-data,2026-08-31T14:34:09.166970Z,none
1982-04-23,financial_conditions_index,us,USA,,Chicago Fed National Financial Conditions Index,2.221,index,weekly,FRED_CHICAGO_FED,National Financial Conditions Index,https://fred.stlouisfed.org/series/NFCI,https://www.chicagofed.org/research/data/nfci/current-data,2026-08-31T14:34:09.166970Z,none
1982-04-30,financial_conditions_index,us,USA,,Chicago Fed National Financial Conditions Index,2.269,index,weekly,FRED_CHICAGO_FED,National Financial Conditions Index,https://fred.stlouisfed.org/series/NFCI,https://www.chicagofed.org/research/data/nfci/current-data,2026-08-31T14:34:09.166970Z,none
1982-05-07,financial_conditions_index,us,USA,,Chicago Fed National Financial Conditions Index,2.332,index,weekly,FRED_CHICAGO_FED,National Financial Conditions Index,https://fred.stlouisfed.org/series/NFCI,https://www.chicagofed.org/research/data/nfci/current-data,2026-08-31T14:34:09.166970Z,none
1982-05-14,financial_conditions_index,us,USA,,Chicago Fed National Financial Conditions Index,2.411,index,weekly,FRED_CHICAGO_FED,National Financial Conditions Index,https://fred.stlouisfed.org/series/NFCI,https://www.chicagofed.org/research/data/nfci/current-data,2026-08-31T14:34:09.166970Z,none
1982-05-21,financial_conditions_index,us,USA,,Chicago Fed National Financial Conditions Index,2.503,index,weekly,FRED_CHICAGO_FED,National Financial Conditions Index,https://fred.stlouisfed.org/series/NFCI,https://www.chicagofed.org/research/data/nfci/current-data,2026-08-31T14:34:09.166970Z,none
1982-05-28,financial_conditions_index,us,USA,,Chicago Fed National Financial Conditions Index,2.601,index,weekly,FRED_CHICAGO_FED,National Financial Conditions Index,https://fred.stlouisfed.org/series/NFCI,https://www.chicagofed.org/research/data/nfci/current-data,2026-08-31T14:34:09.166970Z,none
1982-06-04,financial_conditions_index,us,USA,,Chicago Fed National Financial Conditions Index,2.698,index,weekly,FRED_CHICAGO_FED,National Financial Conditions Index,https://fred.stlouisfed.org/series/NFCI,https://www.chicagofed.org/research/data/nfci/current-data,2026-08-31T14:34:09.166970Z,none
1982-06-11,financial_conditions_index,us,USA,,Chicago Fed National Financial Conditions Index,2.789,index,weekly,FRED_CHICAGO_FED,National Financial Conditions Index,https://fred.stlouisfed.org/series/NFCI,https://www.chicagofed.org/research/data/nfci/current-data,2026-08-31T14:34:09.166970Z,none
1982-06-18,financial_conditions_index,us,USA,,Chicago Fed National Financial Conditions Index,2.867,index,weekly,FRED_CHICAGO_FED,National Financial Conditions Index,https://fred.stlouisfed.org/series/NFCI,https://www.chicagofed.org/research/data/nfci/current-data,2026-08-31T14:34:09.166970Z,none
1982-06-25,financial_conditions_index,us,USA,,Chicago Fed National Financial Conditions Index,2.926,index,weekly,FRED_CHICAGO_FED,National Financial Conditions Index,https://fred.stlouisfed.org/series/NFCI,https://www.chicagofed.org/research/data/nfci/current-data,2026-08-31T14:34:09.166970Z,none
1982-07-02,financial_conditions_index,us,USA,,Chicago Fed National Financial Conditions Index,2.965,index,weekly,FRED_CHICAGO_FED,National Financial Conditions Index,https://fred.stlouisfed.org/series/NFCI,https://www.chicagofed.org/research/data/nfci/current-data,2026-08-31T14:34:09.166970Z,none
1982-07-09,financial_conditions_index,us,USA,,Chicago Fed National Financial Conditions Index,2.991,index,weekly,FRED_CHICAGO_FED,National Financial Conditions Index,https://fred.stlouisfed.org/series/NFCI,https://www.chicagofed.org/research/data/nfci/current-data,2026-08-31T14:34:09.166970Z,none
1982-07-16,financial_conditions_index,us,USA,,Chicago Fed National Financial Conditions Index,3.007,index,weekly,FRED_CHICAGO_FED,National Financial Conditions Index,https://fred.stlouisfed.org/series/NFCI,https://www.chicagofed.org/research/data/nfci/current-data,2026-08-31T14:34:09.166970Z,none
1982-07-23,financial_conditions_index,us,USA,,Chicago Fed National Financial Conditions Index,3.026,index,weekly,FRED_CHICAGO_FED,National Financial Conditions Index,https://fred.stlouisfed.org/series/NFCI,https://www.chicagofed.org/research/data/nfci/current-data,2026-08-31T14:34:09.166970Z,none
1982-07-30,financial_conditions_index,us,USA,,Chicago Fed National Financial Conditions Index,3.058,index,weekly,FRED_CHICAGO_FED,National Financial Conditions Index,https://fred.stlouisfed.org/series/NFCI,https://www.chicagofed.org/research/data/nfci/current-data,2026-08-31T14:34:09.166970Z,none
1982-08-06,financial_conditions_index,us,USA,,Chicago Fed National Financial Conditions Index,3.11,index,weekly,FRED_CHICAGO_FED,National Financial Conditions Index,https://fred.stlouisfed.org/series/NFCI,https://www.chicagofed.org/research/data/nfci/current-data,2026-08-31T14:34:09.166970Z,none
1982-08-13,financial_conditions_index,us,USA,,Chicago Fed National Financial Conditions Index,3.182,index,weekly,FRED_CHICAGO_FED,National Financial Conditions Index,https://fred.stlouisfed.org/series/NFCI,https://www.chicagofed.org/research/data/nfci/current-data,2026-08-31T14:34:09.166970Z,none
1982-08-20,financial_conditions_index,us,USA,,Chicago Fed National Financial Conditions Index,3.268,index,weekly,FRED_CHICAGO_FED,National Financial Conditions Index,https://fred.stlouisfed.org/series/NFCI,https://www.chicagofed.org/research/data/nfci/current-data,2026-08-31T14:34:09.166970Z,none
1982-08-27,financial_conditions_index,us,USA,,Chicago Fed National Financial Conditions Index,3.356,index,weekly,FRED_CHICAGO_FED,National Financial Conditions Index,https://fred.stlouisfed.org/series/NFCI,https://www.chicagofed.org/research/data/nfci/current-data,2026-08-31T14:34:09.166970Z,none
1982-09-03,financial_conditions_index,us,USA,,Chicago Fed National Financial Conditions Index,3.43,index,weekly,FRED_CHICAGO_FED,National Financial Conditions Index,https://fred.stlouisfed.org/series/NFCI,https://www.chicagofed.org/research/data/nfci/current-data,2026-08-31T14:34:09.166970Z,none
1982-09-10,financial_conditions_index,us,USA,,Chicago Fed National Financial Conditions Index,3.472,index,weekly,FRED_CHICAGO_FED,National Financial Conditions Index,https://fred.stlouisfed.org/series/NFCI,https://www.chicagofed.org/research/data/nfci/current-data,2026-08-31T14:34:09.166970Z,none
1982-09-17,financial_conditions_index,us,USA,,Chicago Fed National Financial Conditions Index,3.464,index,weekly,FRED_CHICAGO_FED,National Financial Conditions Index,https://fred.stlouisfed.org/series/NFCI,https://www.chicagofed.org/research/data/nfci/current-data,2026-08-31T14:34:09.166970Z,none
1982-09-24,financial_conditions_index,us,USA,,Chicago Fed National Financial Conditions Index,3.391,index,weekly,FRED_CHICAGO_FED,National Financial Conditions Index,https://fred.stlouisfed.org/series/NFCI,https://www.chicagofed.org/research/data/nfci/current-data,2026-08-31T14:34:09.166970Z,none
1982-10-01,financial_conditions_index,us,USA,,Chicago Fed National Financial Conditions Index,3.247,index,weekly,FRED_CHICAGO_FED,National Financial Conditions Index,https://fred.stlouisfed.org/series/NFCI,https://www.chicagofed.org/research/data/nfci/current-data,2026-08-31T14:34:09.166970Z,none
1982-10-08,financial_conditions_index,us,USA,,Chicago Fed National Financial Conditions Index,3.036,index,weekly,FRED_CHICAGO_FED,National Financial Conditions Index,https://fred.stlouisfed.org/series/NFCI,https://www.chicagofed.org/research/data/nfci/current-data,2026-08-31T14:34:09.166970Z,none
1982-10-15,financial_conditions_index,us,USA,,Chicago Fed National Financial Conditions Index,2.771,index,weekly,FRED_CHICAGO_FED,National Financial Conditions Index,https://fred.stlouisfed.org/series/NFCI,https://www.chicagofed.org/research/data/nfci/current-data,2026-08-31T14:34:09.166970Z,none
1982-10-22,financial_conditions_index,us,USA,,Chicago Fed National Financial Conditions Index,2.474,index,weekly,FRED_CHICAGO_FED,National Financial Conditions Index,https://fred.stlouisfed.org/series/NFCI,https://www.chicagofed.org/research/data/nfci/current-data,2026-08-31T14:34:09.166970Z,none
1982-10-29,financial_conditions_index,us,USA,,Chicago Fed National Financial Conditions Index,2.164,index,weekly,FRED_CHICAGO_FED,National Financial Conditions Index,https://fred.stlouisfed.org/series/NFCI,https://www.chicagofed.org/research/data/nfci/current-data,2026-08-31T14:34:09.166970Z,none
1982-11-05,financial_conditions_index,us,USA,,Chicago Fed National Financial Conditions Index,1.863,index,weekly,FRED_CHICAGO_FED,National Financial Conditions Index,https://fred.stlouisfed.org/series/NFCI,https://www.chicagofed.org/research/data/nfci/current-data,2026-08-31T14:34:09.166970Z,none
1982-11-12,financial_conditions_index,us,USA,,Chicago Fed National Financial Conditions Index,1.586,index,weekly,FRED_CHICAGO_FED,National Financial Conditions Index,https://fred.stlouisfed.org/series/NFCI,https://www.chicagofed.org/research/data/nfci/current-data,2026-08-31T14:34:09.166970Z,none
1982-11-19,financial_conditions_index,us,USA,,Chicago Fed National Financial Conditions Index,1.343,index,weekly,FRED_CHICAGO_FED,National Financial Conditions Index,https://fred.stlouisfed.org/series/NFCI,https://www.chicagofed.org/research/data/nfci/current-data,2026-08-31T14:34:09.166970Z,none
1982-11-26,financial_conditions_index,us,USA,,Chicago Fed National Financial Conditions Index,1.138,index,weekly,FRED_CHICAGO_FED,National Financial Conditions Index,https://fred.stlouisfed.org/series/NFCI,https://www.chicagofed.org/research/data/nfci/current-data,2026-08-31T14:34:09.166970Z,none
1982-12-03,financial_conditions_index,us,USA,,Chicago Fed National Financial Conditions Index,0.97,index,weekly,FRED_CHICAGO_FED,National Financial Conditions Index,https://fred.stlouisfed.org/series/NFCI,https://www.chicagofed.org/research/data/nfci/current-data,2026-08-31T14:34:09.166970Z,none
1982-12-10,financial_conditions_index,us,USA,,Chicago Fed National Financial Conditions Index,0.833,index,weekly,FRED_CHICAGO_FED,National Financial Conditions Index,https://fred.stlouisfed.org/series/NFCI,https://www.chicagofed.org/research/data/nfci/current-data,2026-08-31T14:34:09.166970Z,none
1982-12-17,financial_conditions_index,us,USA,,Chicago Fed National Financial Conditions Index,0.722,index,weekly,FRED_CHICAGO_FED,National Financial Conditions Index,https://fred.stlouisfed.org/series/NFCI,https://www.chicagofed.org/research/data/nfci/current-data,2026-08-31T14:34:09.166970Z,none
1982-12-24,financial_conditions_index,us,USA,,Chicago Fed National Financial Conditions Index,0.625,index,weekly,FRED_CHICAGO_FED,National Financial Conditions Index,https://fred.stlouisfed.org/series/NFCI,https://www.chicagofed.org/research/data/nfci/current-data,2026-08-31T14:34:09.166970Z,none
1982-12-31,financial_conditions_index,us,USA,,Chicago Fed National Financial Conditions Index,0.537,index,weekly,FRED_CHICAGO_FED,National Financial Conditions Index,https://fred.stlouisfed.org/series/NFCI,https://www.chicagofed.org/research/data/nfci/current-data,2026-08-31T14:34:09.166970Z,none
1983-01-07,financial_conditions_index,us,USA,,Chicago Fed National Financial Conditions Index,0.456,index,weekly,FRED_CHICAGO_FED,National Financial Conditions Index,https://fred.stlouisfed.org/series/NFCI,https://www.chicagofed.org/research/data/nfci/current-data,2026-08-31T14:34:09.166970Z,none
1983-01-14,financial_conditions_index,us,USA,,Chicago Fed National Financial Conditions Index,0.38,index,weekly,FRED_CHICAGO_FED,National Financial Conditions Index,https://fred.stlouisfed.org/series/NFCI,https://www.chicagofed.org/research/data/nfci/current-data,2026-08-31T14:34:09.166970Z,none
1983-01-21,financial_conditions_index,us,USA,,Chicago Fed National Financial Conditions Index,0.308,index,weekly,FRED_CHICAGO_FED,National Financial Conditions Index,https://fred.stlouisfed.org/series/NFCI,https://www.chicagofed.org/research/data/nfci/current-data,2026-08-31T14:34:09.166970Z,none
1983-01-28,financial_conditions_index,us,USA,,Chicago Fed National Financial Conditions Index,0.243,index,weekly,FRED_CHICAGO_FED,National Financial Conditions Index,https://fred.stlouisfed.org/series/NFCI,https://www.chicagofed.org/research/data/nfci/current-data,2026-08-31T14:34:09.166970Z,none
1983-02-04,financial_conditions_index,us,USA,,Chicago Fed National Financial Conditions Index,0.186,index,weekly,FRED_CHICAGO_FED,National Financial Conditions Index,https://fred.stlouisfed.org/series/NFCI,https://www.chicagofed.org/research/data/nfci/current-data,2026-08-31T14:34:09.166970Z,none
1983-02-11,financial_conditions_index,us,USA,,Chicago Fed National Financial Conditions Index,0.137,index,weekly,FRED_CHICAGO_FED,National Financial Conditions Index,https://fred.stlouisfed.org/series/NFCI,https://www.chicagofed.org/research/data/nfci/current-data,2026-08-31T14:34:09.166970Z,none
1983-02-18,financial_conditions_index,us,USA,,Chicago Fed National Financial Conditions Index,0.098,index,weekly,FRED_CHICAGO_FED,National Financial Conditions Index,https://fred.stlouisfed.org/series/NFCI,https://www.chicagofed.org/research/data/nfci/current-data,2026-08-31T14:34:09.166970Z,none
1983-02-25,financial_conditions_index,us,USA,,Chicago Fed National Financial Conditions Index,0.069,index,weekly,FRED_CHICAGO_FED,National Financial Conditions Index,https://fred.stlouisfed.org/series/NFCI,https://www.chicagofed.org/research/data/nfci/current-data,2026-08-31T14:34:09.166970Z,none
1983-03-04,financial_conditions_index,us,USA,,Chicago Fed National Financial Conditions Index,0.047,index,weekly,FRED_CHICAGO_FED,National Financial Conditions Index,https://fred.stlouisfed.org/series/NFCI,https://www.chicagofed.org/research/data/nfci/current-data,2026-08-31T14:34:09.166970Z,none
1983-03-11,financial_conditions_index,us,USA,,Chicago Fed National Financial Conditions Index,0.033,index,weekly,FRED_CHICAGO_FED,National Financial Conditions Index,https://fred.stlouisfed.org/series/NFCI,https://www.chicagofed.org/research/data/nfci/current-data,2026-08-31T14:34:09.166970Z,none
1983-03-18,financial_conditions_index,us,USA,,Chicago Fed National Financial Conditions Index,0.023,index,weekly,FRED_CHICAGO_FED,National Financial Conditions Index,https://fred.stlouisfed.org/series/NFCI,https://www.chicagofed.org/research/data/nfci/current-data,2026-08-31T14:34:09.166970Z,none
1983-03-25,financial_conditions_index,us,USA,,Chicago Fed National Financial Conditions Index,0.013,index,weekly,FRED_CHICAGO_FED,National Financial Conditions Index,https://fred.stlouisfed.org/series/NFCI,https://www.chicagofed.org/research/data/nfci/current-data,2026-08-31T14:34:09.166970Z,none
1983-04-01,financial_conditions_index,us,USA,,Chicago Fed National Financial Conditions Index,0.002,index,weekly,FRED_CHICAGO_FED,National Financial Conditions Index,https://fred.stlouisfed.org/series/NFCI,https://www.chicagofed.org/research/data/nfci/current-data,2026-08-31T14:34:09.166970Z,none
1983-04-08,financial_conditions_index,us,USA,,Chicago Fed National Financial Conditions Index,-0.015,index,weekly,FRED_CHICAGO_FED,National Financial Conditions Index,https://fred.stlouisfed.org/series/NFCI,https://www.chicagofed.org/research/data/nfci/current-data,2026-08-31T14:34:09.166970Z,none
1983-04-15,financial_conditions_index,us,USA,,Chicago Fed National Financial Conditions Index,-0.036,index,weekly,FRED_CHICAGO_FED,National Financial Conditions Index,https://fred.stlouisfed.org/series/NFCI,https://www.chicagofed.org/research/data/nfci/current-data,2026-08-31T14:34:09.166970Z,none
1983-04-22,financial_conditions_index,us,USA,,Chicago Fed National Financial Conditions Index,-0.063,index,weekly,FRED_CHICAGO_FED,National Financial Conditions Index,https://fred.stlouisfed.org/series/NFCI,https://www.chicagofed.org/research/data/nfci/current-data,2026-08-31T14:34:09.166970Z,none
1983-04-29,financial_conditions_index,us,USA,,Chicago Fed National Financial Conditions Index,-0.092,index,weekly,FRED_CHICAGO_FED,National Financial Conditions Index,https://fred.stlouisfed.org/series/NFCI,https://www.chicagofed.org/research/data/nfci/current-data,2026-08-31T14:34:09.166970Z,none
1983-05-06,financial_conditions_index,us,USA,,Chicago Fed National Financial Conditions Index,-0.123,index,weekly,FRED_CHICAGO_FED,National Financial Conditions Index,https://fred.stlouisfed.org/series/NFCI,https://www.chicagofed.org/research/data/nfci/current-data,2026-08-31T14:34:09.166970Z,none
1983-05-13,financial_conditions_index,us,USA,,Chicago Fed National Financial Conditions Index,-0.151,index,weekly,FRED_CHICAGO_FED,National Financial Conditions Index,https://fred.stlouisfed.org/series/NFCI,https://www.chicagofed.org/research/data/nfci/current-data,2026-08-31T14:34:09.166970Z,none
1983-05-20,financial_conditions_index,us,USA,,Chicago Fed National Financial Conditions Index,-0.173,index,weekly,FRED_CHICAGO_FED,National Financial Conditions Index,https://fred.stlouisfed.org/series/NFCI,https://www.chicagofed.org/research/data/nfci/current-data,2026-08-31T14:34:09.166970Z,none
1983-05-27,financial_conditions_index,us,USA,,Chicago Fed National Financial Conditions Index,-0.188,index,weekly,FRED_CHICAGO_FED,National Financial Conditions Index,https://fred.stlouisfed.org/series/NFCI,https://www.chicagofed.org/research/data/nfci/current-data,2026-08-31T14:34:09.166970Z,none
1983-06-03,financial_conditions_index,us,USA,,Chicago Fed National Financial Conditions Index,-0.195,index,weekly,FRED_CHICAGO_FED,National Financial Conditions Index,https://fred.stlouisfed.org/series/NFCI,https://www.chicagofed.org/research/data/nfci/current-data,2026-08-31T14:34:09.166970Z,none
1983-06-10,financial_conditions_index,us,USA,,Chicago Fed National Financial Conditions Index,-0.194,index,weekly,FRED_CHICAGO_FED,National Financial Conditions Index,https://fred.stlouisfed.org/series/NFCI,https://www.chicagofed.org/research/data/nfci/current-data,2026-08-31T14:34:09.166970Z,none
1983-06-17,financial_conditions_index,us,USA,,Chicago Fed National Financial Conditions Index,-0.186,index,weekly,FRED_CHICAGO_FED,National Financial Conditions Index,https://fred.stlouisfed.org/series/NFCI,https://www.chicagofed.org/research/data/nfci/current-data,2026-08-31T14:34:09.166970Z,none
1983-06-24,financial_conditions_index,us,USA,,Chicago Fed National Financial Conditions Index,-0.172,index,weekly,FRED_CHICAGO_FED,National Financial Conditions Index,https://fred.stlouisfed.org/series/NFCI,https://www.chicagofed.org/research/data/nfci/current-data,2026-08-31T14:34:09.166970Z,none
1983-07-01,financial_conditions_index,us,USA,,Chicago Fed National Financial Conditions Index,-0.154,index,weekly,FRED_CHICAGO_FED,National Financial Conditions Index,https://fred.stlouisfed.org/series/NFCI,https://www.chicagofed.org/research/data/nfci/current-data,2026-08-31T14:34:09.166970Z,none
1983-07-08,financial_conditions_index,us,USA,,Chicago Fed National Financial Conditions Index,-0.135,index,weekly,FRED_CHICAGO_FED,National Financial Conditions Index,https://fred.stlouisfed.org/series/NFCI,https://www.chicagofed.org/research/data/nfci/current-data,2026-08-31T14:34:09.166970Z,none
1983-07-15,financial_conditions_index,us,USA,,Chicago Fed National Financial Conditions Index,-0.115,index,weekly,FRED_CHICAGO_FED,National Financial Conditions Index,https://fred.stlouisfed.org/series/NFCI,https://www.chicagofed.org/research/data/nfci/current-data,2026-08-31T14:34:09.166970Z,none
1983-07-22,financial_conditions_index,us,USA,,Chicago Fed National Financial Conditions Index,-0.099,index,weekly,FRED_CHICAGO_FED,National Financial Conditions Index,https://fred.stlouisfed.org/series/NFCI,https://www.chicagofed.org/research/data/nfci/current-data,2026-08-31T14:34:09.166970Z,none
1983-07-29,financial_conditions_index,us,USA,,Chicago Fed National Financial Conditions Index,-0.086,index,weekly,FRED_CHICAGO_FED,National Financial Conditions Index,https://fred.stlouisfed.org/series/NFCI,https://www.chicagofed.org/research/data/nfci/current-data,2026-08-31T14:34:09.166970Z,none
1983-08-05,financial_conditions_index,us,USA,,Chicago Fed National Financial Conditions Index,-0.079,index,weekly,FRED_CHICAGO_FED,National Financial Conditions Index,https://fred.stlouisfed.org/series/NFCI,https://www.chicagofed.org/research/data/nfci/current-data,2026-08-31T14:34:09.166970Z,none
1983-08-12,financial_conditions_index,us,USA,,Chicago Fed National Financial Conditions Index,-0.076,index,weekly,FRED_CHICAGO_FED,National Financial Conditions Index,https://fred.stlouisfed.org/series/NFCI,https://www.chicagofed.org/research/data/nfci/current-data,2026-08-31T14:34:09.166970Z,none
1983-08-19,financial_conditions_index,us,USA,,Chicago Fed National Financial Conditions Index,-0.079,index,weekly,FRED_CHICAGO_FED,National Financial Conditions Index,https://fred.stlouisfed.org/series/NFCI,https://www.chicagofed.org/research/data/nfci/current-data,2026-08-31T14:34:09.166970Z,none
1983-08-26,financial_conditions_index,us,USA,,Chicago Fed National Financial Conditions Index,-0.083,index,weekly,FRED_CHICAGO_FED,National Financial Conditions Index,https://fred.stlouisfed.org/series/NFCI,https://www.chicagofed.org/research/data/nfci/current-data,2026-08-31T14:34:09.166970Z,none
1983-09-02,financial_conditions_index,us,USA,,Chicago Fed National Financial Conditions Index,-0.089,index,weekly,FRED_CHICAGO_FED,National Financial Conditions Index,https://fred.stlouisfed.org/series/NFCI,https://www.chicagofed.org/research/data/nfci/current-data,2026-08-31T14:34:09.166970Z,none
1983-09-09,financial_conditions_index,us,USA,,Chicago Fed National Financial Conditions Index,-0.094,index,weekly,FRED_CHICAGO_FED,National Financial Conditions Index,https://fred.stlouisfed.org/series/NFCI,https://www.chicagofed.org/research/data/nfci/current-data,2026-08-31T14:34:09.166970Z,none
1983-09-16,financial_conditions_index,us,USA,,Chicago Fed National Financial Conditions Index,-0.095,index,weekly,FRED_CHICAGO_FED,National Financial Conditions Index,https://fred.stlouisfed.org/series/NFCI,https://www.chicagofed.org/research/data/nfci/current-data,2026-08-31T14:34:09.166970Z,none
1983-09-23,financial_conditions_index,us,USA,,Chicago Fed National Financial Conditions Index,-0.091,index,weekly,FRED_CHICAGO_FED,National Financial Conditions Index,https://fred.stlouisfed.org/series/NFCI,https://www.chicagofed.org/research/data/nfci/current-data,2026-08-31T14:34:09.166970Z,none
1983-09-30,financial_conditions_index,us,USA,,Chicago Fed National Financial Conditions Index,-0.082,index,weekly,FRED_CHICAGO_FED,National Financial Conditions Index,https://fred.stlouisfed.org/series/NFCI,https://www.chicagofed.org/research/data/nfci/current-data,2026-08-31T14:34:09.166970Z,none
1983-10-07,financial_conditions_index,us,USA,,Chicago Fed National Financial Conditions Index,-0.066,index,weekly,FRED_CHICAGO_FED,National Financial Conditions Index,https://fred.stlouisfed.org/series/NFCI,https://www.chicagofed.org/research/data/nfci/current-data,2026-08-31T14:34:09.166970Z,none
1983-10-14,financial_conditions_index,us,USA,,Chicago Fed National Financial Conditions Index,-0.045,index,weekly,FRED_CHICAGO_FED,National Financial Conditions Index,https://fred.stlouisfed.org/series/NFCI,https://www.chicagofed.org/research/data/nfci/current-data,2026-08-31T14:34:09.166970Z,none
1983-10-21,financial_conditions_index,us,USA,,Chicago Fed National Financial Conditions Index,-0.018,index,weekly,FRED_CHICAGO_FED,National Financial Conditions Index,https://fred.stlouisfed.org/series/NFCI,https://www.chicagofed.org/research/data/nfci/current-data,2026-08-31T14:34:09.166970Z,none
1983-10-28,financial_conditions_index,us,USA,,Chicago Fed National Financial Conditions Index,0.009,index,weekly,FRED_CHICAGO_FED,National Financial Conditions Index,https://fred.stlouisfed.org/series/NFCI,https://www.chicagofed.org/research/data/nfci/current-data,2026-08-31T14:34:09.166970Z,none
1983-11-04,financial_conditions_index,us,USA,,Chicago Fed National Financial Conditions Index,0.037,index,weekly,FRED_CHICAGO_FED,National Financial Conditions Index,https://fred.stlouisfed.org/series/NFCI,https://www.chicagofed.org/research/data/nfci/current-data,2026-08-31T14:34:09.166970Z,none
1983-11-11,financial_conditions_index,us,USA,,Chicago Fed National Financial Conditions Index,0.062,index,weekly,FRED_CHICAGO_FED,National Financial Conditions Index,https://fred.stlouisfed.org/series/NFCI,https://www.chicagofed.org/research/data/nfci/current-data,2026-08-31T14:34:09.166970Z,none
1983-11-18,financial_conditions_index,us,USA,,Chicago Fed National Financial Conditions Index,0.084,index,weekly,FRED_CHICAGO_FED,National Financial Conditions Index,https://fred.stlouisfed.org/series/NFCI,https://www.chicagofed.org/research/data/nfci/current-data,2026-08-31T14:34:09.166970Z,none
1983-11-25,financial_conditions_index,us,USA,,Chicago Fed National Financial Conditions Index,0.099,index,weekly,FRED_CHICAGO_FED,National Financial Conditions Index,https://fred.stlouisfed.org/series/NFCI,https://www.chicagofed.org/research/data/nfci/current-data,2026-08-31T14:34:09.166970Z,none
1983-12-02,financial_conditions_index,us,USA,,Chicago Fed National Financial Conditions Index,0.108,index,weekly,FRED_CHICAGO_FED,National Financial Conditions Index,https://fred.stlouisfed.org/series/NFCI,https://www.chicagofed.org/research/data/nfci/current-data,2026-08-31T14:34:09.166970Z,none
1983-12-09,financial_conditions_index,us,USA,,Chicago Fed National Financial Conditions Index,0.11,index,weekly,FRED_CHICAGO_FED,National Financial Conditions Index,https://fred.stlouisfed.org/series/NFCI,https://www.chicagofed.org/research/data/nfci/current-data,2026-08-31T14:34:09.166970Z,none
1983-12-16,financial_conditions_index,us,USA,,Chicago Fed National Financial Conditions Index,0.102,index,weekly,FRED_CHICAGO_FED,National Financial Conditions Index,https://fred.stlouisfed.org/series/NFCI,https://www.chicagofed.org/research/data/nfci/current-data,2026-08-31T14:34:09.166970Z,none
1983-12-23,financial_conditions_index,us,USA,,Chicago Fed National Financial Conditions Index,0.086,index,weekly,FRED_CHICAGO_FED,National Financial Conditions Index,https://fred.stlouisfed.org/series/NFCI,https://www.chicagofed.org/research/data/nfci/current-data,2026-08-31T14:34:09.166970Z,none
1983-12-30,financial_conditions_index,us,USA,,Chicago Fed National Financial Conditions Index,0.059,index,weekly,FRED_CHICAGO_FED,National Financial Conditions Index,https://fred.stlouisfed.org/series/NFCI,https://www.chicagofed.org/research/data/nfci/current-data,2026-08-31T14:34:09.166970Z,none
1984-01-06,financial_conditions_index,us,USA,,Chicago Fed National Financial Conditions Index,0.025,index,weekly,FRED_CHICAGO_FED,National Financial Conditions Index,https://fred.stlouisfed.org/series/NFCI,https://www.chicagofed.org/research/data/nfci/current-data,2026-08-31T14:34:09.166970Z,none
1984-01-13,financial_conditions_index,us,USA,,Chicago Fed National Financial Conditions Index,-0.013,index,weekly,FRED_CHICAGO_FED,National Financial Conditions Index,https://fred.stlouisfed.org/series/NFCI,https://www.chicagofed.org/research/data/nfci/current-data,2026-08-31T14:34:09.166970Z,none
1984-01-20,financial_conditions_index,us,USA,,Chicago Fed National Financial Conditions Index,-0.055,index,weekly,FRED_CHICAGO_FED,National Financial Conditions Index,https://fred.stlouisfed.org/series/NFCI,https://www.chicagofed.org/research/data/nfci/current-data,2026-08-31T14:34:09.166970Z,none
1984-01-27,financial_conditions_index,us,USA,,Chicago Fed National Financial Conditions Index,-0.096,index,weekly,FRED_CHICAGO_FED,National Financial Conditions Index,https://fred.stlouisfed.org/series/NFCI,https://www.chicagofed.org/research/data/nfci/current-data,2026-08-31T14:34:09.166970Z,none
1984-02-03,financial_conditions_index,us,USA,,Chicago Fed National Financial Conditions Index,-0.133,index,weekly,FRED_CHICAGO_FED,National Financial Conditions Index,https://fred.stlouisfed.org/series/NFCI,https://www.chicagofed.org/research/data/nfci/current-data,2026-08-31T14:34:09.166970Z,none
1984-02-10,financial_conditions_index,us,USA,,Chicago Fed National Financial Conditions Index,-0.163,index,weekly,FRED_CHICAGO_FED,National Financial Conditions Index,https://fred.stlouisfed.org/series/NFCI,https://www.chicagofed.org/research/data/nfci/current-data,2026-08-31T14:34:09.166970Z,none
1984-02-17,financial_conditions_index,us,USA,,Chicago Fed National Financial Conditions Index,-0.184,index,weekly,FRED_CHICAGO_FED,National Financial Conditions Index,https://fred.stlouisfed.org/series/NFCI,https://www.chicagofed.org/research/data/nfci/current-data,2026-08-31T14:34:09.166970Z,none
1984-02-24,financial_conditions_index,us,USA,,Chicago Fed National Financial Conditions Index,-0.194,index,weekly,FRED_CHICAGO_FED,National Financial Conditions Index,https://fred.stlouisfed.org/series/NFCI,https://www.chicagofed.org/research/data/nfci/current-data,2026-08-31T14:34:09.166970Z,none
1984-03-02,financial_conditions_index,us,USA,,Chicago Fed National Financial Conditions Index,-0.192,index,weekly,FRED_CHICAGO_FED,National Financial Conditions Index,https://fred.stlouisfed.org/series/NFCI,https://www.chicagofed.org/research/data/nfci/current-data,2026-08-31T14:34:09.166970Z,none
1984-03-09,financial_conditions_index,us,USA,,Chicago Fed National Financial Conditions Index,-0.175,index,weekly,FRED_CHICAGO_FED,National Financial Conditions Index,https://fred.stlouisfed.org/series/NFCI,https://www.chicagofed.org/research/data/nfci/current-data,2026-08-31T14:34:09.166970Z,none
1984-03-16,financial_conditions_index,us,USA,,Chicago Fed National Financial Conditions Index,-0.143,index,weekly,FRED_CHICAGO_FED,National Financial Conditions Index,https://fred.stlouisfed.org/series/NFCI,https://www.chicagofed.org/research/data/nfci/current-data,2026-08-31T14:34:09.166970Z,none
1984-03-23,financial_conditions_index,us,USA,,Chicago Fed National Financial Conditions Index,-0.095,index,weekly,FRED_CHICAGO_FED,National Financial Conditions Index,https://fred.stlouisfed.org/series/NFCI,https://www.chicagofed.org/research/data/nfci/current-data,2026-08-31T14:34:09.166970Z,none
1984-03-30,financial_conditions_index,us,USA,,Chicago Fed National Financial Conditions Index,-0.03,index,weekly,FRED_CHICAGO_FED,National Financial Conditions Index,https://fred.stlouisfed.org/series/NFCI,https://www.chicagofed.org/research/data/nfci/current-data,2026-08-31T14:34:09.166970Z,none
1984-04-06,financial_conditions_index,us,USA,,Chicago Fed National Financial Conditions Index,0.052,index,weekly,FRED_CHICAGO_FED,National Financial Conditions Index,https://fred.stlouisfed.org/series/NFCI,https://www.chicagofed.org/research/data/nfci/current-data,2026-08-31T14:34:09.166970Z,none
1984-04-13,financial_conditions_index,us,USA,,Chicago Fed National Financial Conditions Index,0.149,index,weekly,FRED_CHICAGO_FED,National Financial Conditions Index,https://fred.stlouisfed.org/series/NFCI,https://www.chicagofed.org/research/data/nfci/current-data,2026-08-31T14:34:09.166970Z,none
1984-04-20,financial_conditions_index,us,USA,,Chicago Fed National Financial Conditions Index,0.259,index,weekly,FRED_CHICAGO_FED,National Financial Conditions Index,https://fred.stlouisfed.org/series/NFCI,https://www.chicagofed.org/research/data/nfci/current-data,2026-08-31T14:34:09.166970Z,none
1984-04-27,financial_conditions_index,us,USA,,Chicago Fed National Financial Conditions Index,0.381,index,weekly,FRED_CHICAGO_FED,National Financial Conditions Index,https://fred.stlouisfed.org/series/NFCI,https://www.chicagofed.org/research/data/nfci/current-data,2026-08-31T14:34:09.166970Z,none
1984-05-04,financial_conditions_index,us,USA,,Chicago Fed National Financial Conditions Index,0.509,index,weekly,FRED_CHICAGO_FED,National Financial Conditions Index,https://fred.stlouisfed.org/series/NFCI,https://www.chicagofed.org/research/data/nfci/current-data,2026-08-31T14:34:09.166970Z,none
1984-05-11,financial_conditions_index,us,USA,,Chicago Fed National Financial Conditions Index,0.641,index,weekly,FRED_CHICAGO_FED,National Financial Conditions Index,https://fred.stlouisfed.org/series/NFCI,https://www.chicagofed.org/research/data/nfci/current-data,2026-08-31T14:34:09.166970Z,none
1984-05-18,financial_conditions_index,us,USA,,Chicago Fed National Financial Conditions Index,0.769,index,weekly,FRED_CHICAGO_FED,National Financial Conditions Index,https://fred.stlouisfed.org/series/NFCI,https://www.chicagofed.org/research/data/nfci/current-data,2026-08-31T14:34:09.166970Z,none
1984-05-25,financial_conditions_index,us,USA,,Chicago Fed National Financial Conditions Index,0.889,index,weekly,FRED_CHICAGO_FED,National Financial Conditions Index,https://fred.stlouisfed.org/series/NFCI,https://www.chicagofed.org/research/data/nfci/current-data,2026-08-31T14:34:09.166970Z,none
1984-06-01,financial_conditions_index,us,USA,,Chicago Fed National Financial Conditions Index,0.996,index,weekly,FRED_CHICAGO_FED,National Financial Conditions Index,https://fred.stlouisfed.org/series/NFCI,https://www.chicagofed.org/research/data/nfci/current-data,2026-08-31T14:34:09.166970Z,none
1984-06-08,financial_conditions_index,us,USA,,Chicago Fed National Financial Conditions Index,1.085,index,weekly,FRED_CHICAGO_FED,National Financial Conditions Index,https://fred.stlouisfed.org/series/NFCI,https://www.chicagofed.org/research/data/nfci/current-data,2026-08-31T14:34:09.166970Z,none
1984-06-15,financial_conditions_index,us,USA,,Chicago Fed National Financial Conditions Index,1.154,index,weekly,FRED_CHICAGO_FED,National Financial Conditions Index,https://fred.stlouisfed.org/series/NFCI,https://www.chicagofed.org/research/data/nfci/current-data,2026-08-31T14:34:09.166970Z,none
1984-06-22,financial_conditions_index,us,USA,,Chicago Fed National Financial Conditions Index,1.198,index,weekly,FRED_CHICAGO_FED,National Financial Conditions Index,https://fred.stlouisfed.org/series/NFCI,https://www.chicagofed.org/research/data/nfci/current-data,2026-08-31T14:34:09.166970Z,none
1984-06-29,financial_conditions_index,us,USA,,Chicago Fed National Financial Conditions Index,1.215,index,weekly,FRED_CHICAGO_FED,National Financial Conditions Index,https://fred.stlouisfed.org/series/NFCI,https://www.chicagofed.org/research/data/nfci/current-data,2026-08-31T14:34:09.166970Z,none
1984-07-06,financial_conditions_index,us,USA,,Chicago Fed National Financial Conditions Index,1.202,index,weekly,FRED_CHICAGO_FED,National Financial Conditions Index,https://fred.stlouisfed.org/series/NFCI,https://www.chicagofed.org/research/data/nfci/current-data,2026-08-31T14:34:09.166970Z,none
1984-07-13,financial_conditions_index,us,USA,,Chicago Fed National Financial Conditions Index,1.16,index,weekly,FRED_CHICAGO_FED,National Financial Conditions Index,https://fred.stlouisfed.org/series/NFCI,https://www.chicagofed.org/research/data/nfci/current-data,2026-08-31T14:34:09.166970Z,none
1984-07-20,financial_conditions_index,us,USA,,Chicago Fed National Financial Conditions Index,1.096,index,weekly,FRED_CHICAGO_FED,National Financial Conditions Index,https://fred.stlouisfed.org/series/NFCI,https://www.chicagofed.org/research/data/nfci/current-data,2026-08-31T14:34:09.166970Z,none
1984-07-27,financial_conditions_index,us,USA,,Chicago Fed National Financial Conditions Index,1.014,index,weekly,FRED_CHICAGO_FED,National Financial Conditions Index,https://fred.stlouisfed.org/series/NFCI,https://www.chicagofed.org/research/data/nfci/current-data,2026-08-31T14:34:09.166970Z,none
1984-08-03,financial_conditions_index,us,USA,,Chicago Fed National Financial Conditions Index,0.923,index,weekly,FRED_CHICAGO_FED,National Financial Conditions Index,https://fred.stlouisfed.org/series/NFCI,https://www.chicagofed.org/research/data/nfci/current-data,2026-08-31T14:34:09.166970Z,none
1984-08-10,financial_conditions_index,us,USA,,Chicago Fed National Financial Conditions Index,0.83,index,weekly,FRED_CHICAGO_FED,National Financial Conditions Index,https://fred.stlouisfed.org/series/NFCI,https://www.chicagofed.org/research/data/nfci/current-data,2026-08-31T14:34:09.166970Z,none
1984-08-17,financial_conditions_index,us,USA,,Chicago Fed National Financial Conditions Index,0.74,index,weekly,FRED_CHICAGO_FED,National Financial Conditions Index,https://fred.stlouisfed.org/series/NFCI,https://www.chicagofed.org/research/data/nfci/current-data,2026-08-31T14:34:09.166970Z,none
1984-08-24,financial_conditions_index,us,USA,,Chicago Fed National Financial Conditions Index,0.654,index,weekly,FRED_CHICAGO_FED,National Financial Conditions Index,https://fred.stlouisfed.org/series/NFCI,https://www.chicagofed.org/research/data/nfci/current-data,2026-08-31T14:34:09.166970Z,none
1984-08-31,financial_conditions_index,us,USA,,Chicago Fed National Financial Conditions Index,0.576,index,weekly,FRED_CHICAGO_FED,National Financial Conditions Index,https://fred.stlouisfed.org/series/NFCI,https://www.chicagofed.org/research/data/nfci/current-data,2026-08-31T14:34:09.166970Z,none
1984-09-07,financial_conditions_index,us,USA,,Chicago Fed National Financial Conditions Index,0.506,index,weekly,FRED_CHICAGO_FED,National Financial Conditions Index,https://fred.stlouisfed.org/series/NFCI,https://www.chicagofed.org/research/data/nfci/current-data,2026-08-31T14:34:09.166970Z,none
1984-09-14,financial_conditions_index,us,USA,,Chicago Fed National Financial Conditions Index,0.442,index,weekly,FRED_CHICAGO_FED,National Financial Conditions Index,https://fred.stlouisfed.org/series/NFCI,https://www.chicagofed.org/research/data/nfci/current-data,2026-08-31T14:34:09.166970Z,none
1984-09-21,financial_conditions_index,us,USA,,Chicago Fed National Financial Conditions Index,0.382,index,weekly,FRED_CHICAGO_FED,National Financial Conditions Index,https://fred.stlouisfed.org/series/NFCI,https://www.chicagofed.org/research/data/nfci/current-data,2026-08-31T14:34:09.166970Z,none
1984-09-28,financial_conditions_index,us,USA,,Chicago Fed National Financial Conditions Index,0.324,index,weekly,FRED_CHICAGO_FED,National Financial Conditions Index,https://fred.stlouisfed.org/series/NFCI,https://www.chicagofed.org/research/data/nfci/current-data,2026-08-31T14:34:09.166970Z,none
1984-10-05,financial_conditions_index,us,USA,,Chicago Fed National Financial Conditions Index,0.268,index,weekly,FRED_CHICAGO_FED,National Financial Conditions Index,https://fred.stlouisfed.org/series/NFCI,https://www.chicagofed.org/research/data/nfci/current-data,2026-08-31T14:34:09.166970Z,none
1984-10-12,financial_conditions_index,us,USA,,Chicago Fed National Financial Conditions Index,0.212,index,weekly,FRED_CHICAGO_FED,National Financial Conditions Index,https://fred.stlouisfed.org/series/NFCI,https://www.chicagofed.org/research/data/nfci/current-data,2026-08-31T14:34:09.166970Z,none
1984-10-19,financial_conditions_index,us,USA,,Chicago Fed National Financial Conditions Index,0.158,index,weekly,FRED_CHICAGO_FED,National Financial Conditions Index,https://fred.stlouisfed.org/series/NFCI,https://www.chicagofed.org/research/data/nfci/current-data,2026-08-31T14:34:09.166970Z,none
1984-10-26,financial_conditions_index,us,USA,,Chicago Fed National Financial Conditions Index,0.106,index,weekly,FRED_CHICAGO_FED,National Financial Conditions Index,https://fred.stlouisfed.org/series/NFCI,https://www.chicagofed.org/research/data/nfci/current-data,2026-08-31T14:34:09.166970Z,none
1984-11-02,financial_conditions_index,us,USA,,Chicago Fed National Financial Conditions Index,0.057,index,weekly,FRED_CHICAGO_FED,National Financial Conditions Index,https://fred.stlouisfed.org/series/NFCI,https://www.chicagofed.org/research/data/nfci/current-data,2026-08-31T14:34:09.166970Z,none
1984-11-09,financial_conditions_index,us,USA,,Chicago Fed National Financial Conditions Index,0.011,index,weekly,FRED_CHICAGO_FED,National Financial Conditions Index,https://fred.stlouisfed.org/series/NFCI,https://www.chicagofed.org/research/data/nfci/current-data,2026-08-31T14:34:09.166970Z,none
1984-11-16,financial_conditions_index,us,USA,,Chicago Fed National Financial Conditions Index,-0.033,index,weekly,FRED_CHICAGO_FED,National Financial Conditions Index,https://fred.stlouisfed.org/series/NFCI,https://www.chicagofed.org/research/data/nfci/current-data,2026-08-31T14:34:09.166970Z,none
1984-11-23,financial_conditions_index,us,USA,,Chicago Fed National Financial Conditions Index,-0.076,index,weekly,FRED_CHICAGO_FED,National Financial Conditions Index,https://fred.stlouisfed.org/series/NFCI,https://www.chicagofed.org/research/data/nfci/current-data,2026-08-31T14:34:09.166970Z,none
1984-11-30,financial_conditions_index,us,USA,,Chicago Fed National Financial Conditions Index,-0.118,index,weekly,FRED_CHICAGO_FED,National Financial Conditions Index,https://fred.stlouisfed.org/series/NFCI,https://www.chicagofed.org/research/data/nfci/current-data,2026-08-31T14:34:09.166970Z,none
1984-12-07,financial_conditions_index,us,USA,,Chicago Fed National Financial Conditions Index,-0.159,index,weekly,FRED_CHICAGO_FED,National Financial Conditions Index,https://fred.stlouisfed.org/series/NFCI,https://www.chicagofed.org/research/data/nfci/current-data,2026-08-31T14:34:09.166970Z,none
1984-12-14,financial_conditions_index,us,USA,,Chicago Fed National Financial Conditions Index,-0.201,index,weekly,FRED_CHICAGO_FED,National Financial Conditions Index,https://fred.stlouisfed.org/series/NFCI,https://www.chicagofed.org/research/data/nfci/current-data,2026-08-31T14:34:09.166970Z,none
1984-12-21,financial_conditions_index,us,USA,,Chicago Fed National Financial Conditions Index,-0.242,index,weekly,FRED_CHICAGO_FED,National Financial Conditions Index,https://fred.stlouisfed.org/series/NFCI,https://www.chicagofed.org/research/data/nfci/current-data,2026-08-31T14:34:09.166970Z,none
1984-12-28,financial_conditions_index,us,USA,,Chicago Fed National Financial Conditions Index,-0.281,index,weekly,FRED_CHICAGO_FED,National Financial Conditions Index,https://fred.stlouisfed.org/series/NFCI,https://www.chicagofed.org/research/data/nfci/current-data,2026-08-31T14:34:09.166970Z,none
1985-01-04,financial_conditions_index,us,USA,,Chicago Fed National Financial Conditions Index,-0.318,index,weekly,FRED_CHICAGO_FED,National Financial Conditions Index,https://fred.stlouisfed.org/series/NFCI,https://www.chicagofed.org/research/data/nfci/current-data,2026-08-31T14:34:09.166970Z,none
1985-01-11,financial_conditions_index,us,USA,,Chicago Fed National Financial Conditions Index,-0.35,index,weekly,FRED_CHICAGO_FED,National Financial Conditions Index,https://fred.stlouisfed.org/series/NFCI,https://www.chicagofed.org/research/data/nfci/current-data,2026-08-31T14:34:09.166970Z,none
1985-01-18,financial_conditions_index,us,USA,,Chicago Fed National Financial Conditions Index,-0.374,index,weekly,FRED_CHICAGO_FED,National Financial Conditions Index,https://fred.stlouisfed.org/series/NFCI,https://www.chicagofed.org/research/data/nfci/current-data,2026-08-31T14:34:09.166970Z,none
1985-01-25,financial_conditions_index,us,USA,,Chicago Fed National Financial Conditions Index,-0.388,index,weekly,FRED_CHICAGO_FED,National Financial Conditions Index,https://fred.stlouisfed.org/series/NFCI,https://www.chicagofed.org/research/data/nfci/current-data,2026-08-31T14:34:09.166970Z,none
1985-02-01,financial_conditions_index,us,USA,,Chicago Fed National Financial Conditions Index,-0.391,index,weekly,FRED_CHICAGO_FED,National Financial Conditions Index,https://fred.stlouisfed.org/series/NFCI,https://www.chicagofed.org/research/data/nfci/current-data,2026-08-31T14:34:09.166970Z,none
1985-02-08,financial_conditions_index,us,USA,,Chicago Fed National Financial Conditions Index,-0.384,index,weekly,FRED_CHICAGO_FED,National Financial Conditions Index,https://fred.stlouisfed.org/series/NFCI,https://www.chicagofed.org/research/data/nfci/current-data,2026-08-31T14:34:09.166970Z,none
1985-02-15,financial_conditions_index,us,USA,,Chicago Fed National Financial Conditions Index,-0.369,index,weekly,FRED_CHICAGO_FED,National Financial Conditions Index,https://fred.stlouisfed.org/series/NFCI,https://www.chicagofed.org/research/data/nfci/current-data,2026-08-31T14:34:09.166970Z,none
1985-02-22,financial_conditions_index,us,USA,,Chicago Fed National Financial Conditions Index,-0.349,index,weekly,FRED_CHICAGO_FED,National Financial Conditions Index,https://fred.stlouisfed.org/series/NFCI,https://www.chicagofed.org/research/data/nfci/current-data,2026-08-31T14:34:09.166970Z,none
1985-03-01,financial_conditions_index,us,USA,,Chicago Fed National Financial Conditions Index,-0.326,index,weekly,FRED_CHICAGO_FED,National Financial Conditions Index,https://fred.stlouisfed.org/series/NFCI,https://www.chicagofed.org/research/data/nfci/current-data,2026-08-31T14:34:09.166970Z,none
1985-03-08,financial_conditions_index,us,USA,,Chicago Fed National Financial Conditions Index,-0.304,index,weekly,FRED_CHICAGO_FED,National Financial Conditions Index,https://fred.stlouisfed.org/series/NFCI,https://www.chicagofed.org/research/data/nfci/current-data,2026-08-31T14:34:09.166970Z,none
1985-03-15,financial_conditions_index,us,USA,,Chicago Fed National Financial Conditions Index,-0.287,index,weekly,FRED_CHICAGO_FED,National Financial Conditions Index,https://fred.stlouisfed.org/series/NFCI,https://www.chicagofed.org/research/data/nfci/current-data,2026-08-31T14:34:09.166970Z,none
1985-03-22,financial_conditions_index,us,USA,,Chicago Fed National Financial Conditions Index,-0.274,index,weekly,FRED_CHICAGO_FED,National Financial Conditions Index,https://fred.stlouisfed.org/series/NFCI,https://www.chicagofed.org/research/data/nfci/current-data,2026-08-31T14:34:09.166970Z,none
1985-03-29,financial_conditions_index,us,USA,,Chicago Fed National Financial Conditions Index,-0.269,index,weekly,FRED_CHICAGO_FED,National Financial Conditions Index,https://fred.stlouisfed.org/series/NFCI,https://www.chicagofed.org/research/data/nfci/current-data,2026-08-31T14:34:09.166970Z,none
1985-04-05,financial_conditions_index,us,USA,,Chicago Fed National Financial Conditions Index,-0.274,index,weekly,FRED_CHICAGO_FED,National Financial Conditions Index,https://fred.stlouisfed.org/series/NFCI,https://www.chicagofed.org/research/data/nfci/current-data,2026-08-31T14:34:09.166970Z,none
1985-04-12,financial_conditions_index,us,USA,,Chicago Fed National Financial Conditions Index,-0.287,index,weekly,FRED_CHICAGO_FED,National Financial Conditions Index,https://fred.stlouisfed.org/series/NFCI,https://www.chicagofed.org/research/data/nfci/current-data,2026-08-31T14:34:09.166970Z,none
1985-04-19,financial_conditions_index,us,USA,,Chicago Fed National Financial Conditions Index,-0.308,index,weekly,FRED_CHICAGO_FED,National Financial Conditions Index,https://fred.stlouisfed.org/series/NFCI,https://www.chicagofed.org/research/data/nfci/current-data,2026-08-31T14:34:09.166970Z,none
1985-04-26,financial_conditions_index,us,USA,,Chicago Fed National Financial Conditions Index,-0.334,index,weekly,FRED_CHICAGO_FED,National Financial Conditions Index,https://fred.stlouisfed.org/series/NFCI,https://www.chicagofed.org/research/data/nfci/current-data,2026-08-31T14:34:09.166970Z,none
1985-05-03,financial_conditions_index,us,USA,,Chicago Fed National Financial Conditions Index,-0.364,index,weekly,FRED_CHICAGO_FED,National Financial Conditions Index,https://fred.stlouisfed.org/series/NFCI,https://www.chicagofed.org/research/data/nfci/current-data,2026-08-31T14:34:09.166970Z,none
1985-05-10,financial_conditions_index,us,USA,,Chicago Fed National Financial Conditions Index,-0.394,index,weekly,FRED_CHICAGO_FED,National Financial Conditions Index,https://fred.stlouisfed.org/series/NFCI,https://www.chicagofed.org/research/data/nfci/current-data,2026-08-31T14:34:09.166970Z,none
1985-05-17,financial_conditions_index,us,USA,,Chicago Fed National Financial Conditions Index,-0.422,index,weekly,FRED_CHICAGO_FED,National Financial Conditions Index,https://fred.stlouisfed.org/series/NFCI,https://www.chicagofed.org/research/data/nfci/current-data,2026-08-31T14:34:09.166970Z,none
1985-05-24,financial_conditions_index,us,USA,,Chicago Fed National Financial Conditions Index,-0.444,index,weekly,FRED_CHICAGO_FED,National Financial Conditions Index,https://fred.stlouisfed.org/series/NFCI,https://www.chicagofed.org/research/data/nfci/current-data,2026-08-31T14:34:09.166970Z,none
1985-05-31,financial_conditions_index,us,USA,,Chicago Fed National Financial Conditions Index,-0.46,index,weekly,FRED_CHICAGO_FED,National Financial Conditions Index,https://fred.stlouisfed.org/series/NFCI,https://www.chicagofed.org/research/data/nfci/current-data,2026-08-31T14:34:09.166970Z,none
1985-06-07,financial_conditions_index,us,USA,,Chicago Fed National Financial Conditions Index,-0.468,index,weekly,FRED_CHICAGO_FED,National Financial Conditions Index,https://fred.stlouisfed.org/series/NFCI,https://www.chicagofed.org/research/data/nfci/current-data,2026-08-31T14:34:09.166970Z,none
1985-06-14,financial_conditions_index,us,USA,,Chicago Fed National Financial Conditions Index,-0.467,index,weekly,FRED_CHICAGO_FED,National Financial Conditions Index,https://fred.stlouisfed.org/series/NFCI,https://www.chicagofed.org/research/data/nfci/current-data,2026-08-31T14:34:09.166970Z,none
1985-06-21,financial_conditions_index,us,USA,,Chicago Fed National Financial Conditions Index,-0.457,index,weekly,FRED_CHICAGO_FED,National Financial Conditions Index,https://fred.stlouisfed.org/series/NFCI,https://www.chicagofed.org/research/data/nfci/current-data,2026-08-31T14:34:09.166970Z,none
1985-06-28,financial_conditions_index,us,USA,,Chicago Fed National Financial Conditions Index,-0.44,index,weekly,FRED_CHICAGO_FED,National Financial Conditions Index,https://fred.stlouisfed.org/series/NFCI,https://www.chicagofed.org/research/data/nfci/current-data,2026-08-31T14:34:09.166970Z,none
1985-07-05,financial_conditions_index,us,USA,,Chicago Fed National Financial Conditions Index,-0.416,index,weekly,FRED_CHICAGO_FED,National Financial Conditions Index,https://fred.stlouisfed.org/series/NFCI,https://www.chicagofed.org/research/data/nfci/current-data,2026-08-31T14:34:09.166970Z,none
1985-07-12,financial_conditions_index,us,USA,,Chicago Fed National Financial Conditions Index,-0.387,index,weekly,FRED_CHICAGO_FED,National Financial Conditions Index,https://fred.stlouisfed.org/series/NFCI,https://www.chicagofed.org/research/data/nfci/current-data,2026-08-31T14:34:09.166970Z,none
1985-07-19,financial_conditions_index,us,USA,,Chicago Fed National Financial Conditions Index,-0.354,index,weekly,FRED_CHICAGO_FED,National Financial Conditions Index,https://fred.stlouisfed.org/series/NFCI,https://www.chicagofed.org/research/data/nfci/current-data,2026-08-31T14:34:09.166970Z,none
1985-07-26,financial_conditions_index,us,USA,,Chicago Fed National Financial Conditions Index,-0.317,index,weekly,FRED_CHICAGO_FED,National Financial Conditions Index,https://fred.stlouisfed.org/series/NFCI,https://www.chicagofed.org/research/data/nfci/current-data,2026-08-31T14:34:09.166970Z,none
1985-08-02,financial_conditions_index,us,USA,,Chicago Fed National Financial Conditions Index,-0.279,index,weekly,FRED_CHICAGO_FED,National Financial Conditions Index,https://fred.stlouisfed.org/series/NFCI,https://www.chicagofed.org/research/data/nfci/current-data,2026-08-31T14:34:09.166970Z,none
1985-08-09,financial_conditions_index,us,USA,,Chicago Fed National Financial Conditions Index,-0.241,index,weekly,FRED_CHICAGO_FED,National Financial Conditions Index,https://fred.stlouisfed.org/series/NFCI,https://www.chicagofed.org/research/data/nfci/current-data,2026-08-31T14:34:09.166970Z,none
1985-08-16,financial_conditions_index,us,USA,,Chicago Fed National Financial Conditions Index,-0.204,index,weekly,FRED_CHICAGO_FED,National Financial Conditions Index,https://fred.stlouisfed.org/series/NFCI,https://www.chicagofed.org/research/data/nfci/current-data,2026-08-31T14:34:09.166970Z,none
1985-08-23,financial_conditions_index,us,USA,,Chicago Fed National Financial Conditions Index,-0.172,index,weekly,FRED_CHICAGO_FED,National Financial Conditions Index,https://fred.stlouisfed.org/series/NFCI,https://www.chicagofed.org/research/data/nfci/current-data,2026-08-31T14:34:09.166970Z,none
1985-08-30,financial_conditions_index,us,USA,,Chicago Fed National Financial Conditions Index,-0.146,index,weekly,FRED_CHICAGO_FED,National Financial Conditions Index,https://fred.stlouisfed.org/series/NFCI,https://www.chicagofed.org/research/data/nfci/current-data,2026-08-31T14:34:09.166970Z,none
1985-09-06,financial_conditions_index,us,USA,,Chicago Fed National Financial Conditions Index,-0.129,index,weekly,FRED_CHICAGO_FED,National Financial Conditions Index,https://fred.stlouisfed.org/series/NFCI,https://www.chicagofed.org/research/data/nfci/current-data,2026-08-31T14:34:09.166970Z,none
1985-09-13,financial_conditions_index,us,USA,,Chicago Fed National Financial Conditions Index,-0.123,index,weekly,FRED_CHICAGO_FED,National Financial Conditions Index,https://fred.stlouisfed.org/series/NFCI,https://www.chicagofed.org/research/data/nfci/current-data,2026-08-31T14:34:09.166970Z,none
1985-09-20,financial_conditions_index,us,USA,,Chicago Fed National Financial Conditions Index,-0.128,index,weekly,FRED_CHICAGO_FED,National Financial Conditions Index,https://fred.stlouisfed.org/series/NFCI,https://www.chicagofed.org/research/data/nfci/current-data,2026-08-31T14:34:09.166970Z,none
1985-09-27,financial_conditions_index,us,USA,,Chicago Fed National Financial Conditions Index,-0.143,index,weekly,FRED_CHICAGO_FED,National Financial Conditions Index,https://fred.stlouisfed.org/series/NFCI,https://www.chicagofed.org/research/data/nfci/current-data,2026-08-31T14:34:09.166970Z,none
1985-10-04,financial_conditions_index,us,USA,,Chicago Fed National Financial Conditions Index,-0.169,index,weekly,FRED_CHICAGO_FED,National Financial Conditions Index,https://fred.stlouisfed.org/series/NFCI,https://www.chicagofed.org/research/data/nfci/current-data,2026-08-31T14:34:09.166970Z,none
1985-10-11,financial_conditions_index,us,USA,,Chicago Fed National Financial Conditions Index,-0.201,index,weekly,FRED_CHICAGO_FED,National Financial Conditions Index,https://fred.stlouisfed.org/series/NFCI,https://www.chicagofed.org/research/data/nfci/current-data,2026-08-31T14:34:09.166970Z,none
1985-10-18,financial_conditions_index,us,USA,,Chicago Fed National Financial Conditions Index,-0.236,index,weekly,FRED_CHICAGO_FED,National Financial Conditions Index,https://fred.stlouisfed.org/series/NFCI,https://www.chicagofed.org/research/data/nfci/current-data,2026-08-31T14:34:09.166970Z,none
1985-10-25,financial_conditions_index,us,USA,,Chicago Fed National Financial Conditions Index,-0.27,index,weekly,FRED_CHICAGO_FED,National Financial Conditions Index,https://fred.stlouisfed.org/series/NFCI,https://www.chicagofed.org/research/data/nfci/current-data,2026-08-31T14:34:09.166970Z,none
1985-11-01,financial_conditions_index,us,USA,,Chicago Fed National Financial Conditions Index,-0.3,index,weekly,FRED_CHICAGO_FED,National Financial Conditions Index,https://fred.stlouisfed.org/series/NFCI,https://www.chicagofed.org/research/data/nfci/current-data,2026-08-31T14:34:09.166970Z,none
1985-11-08,financial_conditions_index,us,USA,,Chicago Fed National Financial Conditions Index,-0.322,index,weekly,FRED_CHICAGO_FED,National Financial Conditions Index,https://fred.stlouisfed.org/series/NFCI,https://www.chicagofed.org/research/data/nfci/current-data,2026-08-31T14:34:09.166970Z,none
1985-11-15,financial_conditions_index,us,USA,,Chicago Fed National Financial Conditions Index,-0.335,index,weekly,FRED_CHICAGO_FED,National Financial Conditions Index,https://fred.stlouisfed.org/series/NFCI,https://www.chicagofed.org/research/data/nfci/current-data,2026-08-31T14:34:09.166970Z,none
1985-11-22,financial_conditions_index,us,USA,,Chicago Fed National Financial Conditions Index,-0.337,index,weekly,FRED_CHICAGO_FED,National Financial Conditions Index,https://fred.stlouisfed.org/series/NFCI,https://www.chicagofed.org/research/data/nfci/current-data,2026-08-31T14:34:09.166970Z,none
1985-11-29,financial_conditions_index,us,USA,,Chicago Fed National Financial Conditions Index,-0.331,index,weekly,FRED_CHICAGO_FED,National Financial Conditions Index,https://fred.stlouisfed.org/series/NFCI,https://www.chicagofed.org/research/data/nfci/current-data,2026-08-31T14:34:09.166970Z,none
1985-12-06,financial_conditions_index,us,USA,,Chicago Fed National Financial Conditions Index,-0.318,index,weekly,FRED_CHICAGO_FED,National Financial Conditions Index,https://fred.stlouisfed.org/series/NFCI,https://www.chicagofed.org/research/data/nfci/current-data,2026-08-31T14:34:09.166970Z,none
1985-12-13,financial_conditions_index,us,USA,,Chicago Fed National Financial Conditions Index,-0.301,index,weekly,FRED_CHICAGO_FED,National Financial Conditions Index,https://fred.stlouisfed.org/series/NFCI,https://www.chicagofed.org/research/data/nfci/current-data,2026-08-31T14:34:09.166970Z,none
1985-12-20,financial_conditions_index,us,USA,,Chicago Fed National Financial Conditions Index,-0.283,index,weekly,FRED_CHICAGO_FED,National Financial Conditions Index,https://fred.stlouisfed.org/series/NFCI,https://www.chicagofed.org/research/data/nfci/current-data,2026-08-31T14:34:09.166970Z,none
1985-12-27,financial_conditions_index,us,USA,,Chicago Fed National Financial Conditions Index,-0.267,index,weekly,FRED_CHICAGO_FED,National Financial Conditions Index,https://fred.stlouisfed.org/series/NFCI,https://www.chicagofed.org/research/data/nfci/current-data,2026-08-31T14:34:09.166970Z,none
1986-01-03,financial_conditions_index,us,USA,,Chicago Fed National Financial Conditions Index,-0.256,index,weekly,FRED_CHICAGO_FED,National Financial Conditions Index,https://fred.stlouisfed.org/series/NFCI,https://www.chicagofed.org/research/data/nfci/current-data,2026-08-31T14:34:09.166970Z,none
1986-01-10,financial_conditions_index,us,USA,,Chicago Fed National Financial Conditions Index,-0.249,index,weekly,FRED_CHICAGO_FED,National Financial Conditions Index,https://fred.stlouisfed.org/series/NFCI,https://www.chicagofed.org/research/data/nfci/current-data,2026-08-31T14:34:09.166970Z,none
1986-01-17,financial_conditions_index,us,USA,,Chicago Fed National Financial Conditions Index,-0.248,index,weekly,FRED_CHICAGO_FED,National Financial Conditions Index,https://fred.stlouisfed.org/series/NFCI,https://www.chicagofed.org/research/data/nfci/current-data,2026-08-31T14:34:09.166970Z,none
1986-01-24,financial_conditions_index,us,USA,,Chicago Fed National Financial Conditions Index,-0.252,index,weekly,FRED_CHICAGO_FED,National Financial Conditions Index,https://fred.stlouisfed.org/series/NFCI,https://www.chicagofed.org/research/data/nfci/current-data,2026-08-31T14:34:09.166970Z,none
1986-01-31,financial_conditions_index,us,USA,,Chicago Fed National Financial Conditions Index,-0.26,index,weekly,FRED_CHICAGO_FED,National Financial Conditions Index,https://fred.stlouisfed.org/series/NFCI,https://www.chicagofed.org/research/data/nfci/current-data,2026-08-31T14:34:09.166970Z,none
1986-02-07,financial_conditions_index,us,USA,,Chicago Fed National Financial Conditions Index,-0.271,index,weekly,FRED_CHICAGO_FED,National Financial Conditions Index,https://fred.stlouisfed.org/series/NFCI,https://www.chicagofed.org/research/data/nfci/current-data,2026-08-31T14:34:09.166970Z,none
1986-02-14,financial_conditions_index,us,USA,,Chicago Fed National Financial Conditions Index,-0.282,index,weekly,FRED_CHICAGO_FED,National Financial Conditions Index,https://fred.stlouisfed.org/series/NFCI,https://www.chicagofed.org/research/data/nfci/current-data,2026-08-31T14:34:09.166970Z,none
1986-02-21,financial_conditions_index,us,USA,,Chicago Fed National Financial Conditions Index,-0.292,index,weekly,FRED_CHICAGO_FED,National Financial Conditions Index,https://fred.stlouisfed.org/series/NFCI,https://www.chicagofed.org/research/data/nfci/current-data,2026-08-31T14:34:09.166970Z,none
1986-02-28,financial_conditions_index,us,USA,,Chicago Fed National Financial Conditions Index,-0.3,index,weekly,FRED_CHICAGO_FED,National Financial Conditions Index,https://fred.stlouisfed.org/series/NFCI,https://www.chicagofed.org/research/data/nfci/current-data,2026-08-31T14:34:09.166970Z,none
1986-03-07,financial_conditions_index,us,USA,,Chicago Fed National Financial Conditions Index,-0.308,index,weekly,FRED_CHICAGO_FED,National Financial Conditions Index,https://fred.stlouisfed.org/series/NFCI,https://www.chicagofed.org/research/data/nfci/current-data,2026-08-31T14:34:09.166970Z,none
1986-03-14,financial_conditions_index,us,USA,,Chicago Fed National Financial Conditions Index,-0.315,index,weekly,FRED_CHICAGO_FED,National Financial Conditions Index,https://fred.stlouisfed.org/series/NFCI,https://www.chicagofed.org/research/data/nfci/current-data,2026-08-31T14:34:09.166970Z,none
1986-03-21,financial_conditions_index,us,USA,,Chicago Fed National Financial Conditions Index,-0.324,index,weekly,FRED_CHICAGO_FED,National Financial Conditions Index,https://fred.stlouisfed.org/series/NFCI,https://www.chicagofed.org/research/data/nfci/current-data,2026-08-31T14:34:09.166970Z,none
1986-03-28,financial_conditions_index,us,USA,,Chicago Fed National Financial Conditions Index,-0.337,index,weekly,FRED_CHICAGO_FED,National Financial Conditions Index,https://fred.stlouisfed.org/series/NFCI,https://www.chicagofed.org/research/data/nfci/current-data,2026-08-31T14:34:09.166970Z,none
1986-04-04,financial_conditions_index,us,USA,,Chicago Fed National Financial Conditions Index,-0.354,index,weekly,FRED_CHICAGO_FED,National Financial Conditions Index,https://fred.stlouisfed.org/series/NFCI,https://www.chicagofed.org/research/data/nfci/current-data,2026-08-31T14:34:09.166970Z,none
1986-04-11,financial_conditions_index,us,USA,,Chicago Fed National Financial Conditions Index,-0.375,index,weekly,FRED_CHICAGO_FED,National Financial Conditions Index,https://fred.stlouisfed.org/series/NFCI,https://www.chicagofed.org/research/data/nfci/current-data,2026-08-31T14:34:09.166970Z,none
1986-04-18,financial_conditions_index,us,USA,,Chicago Fed National Financial Conditions Index,-0.398,index,weekly,FRED_CHICAGO_FED,National Financial Conditions Index,https://fred.stlouisfed.org/series/NFCI,https://www.chicagofed.org/research/data/nfci/current-data,2026-08-31T14:34:09.166970Z,none
1986-04-25,financial_conditions_index,us,USA,,Chicago Fed National Financial Conditions Index,-0.423,index,weekly,FRED_CHICAGO_FED,National Financial Conditions Index,https://fred.stlouisfed.org/series/NFCI,https://www.chicagofed.org/research/data/nfci/current-data,2026-08-31T14:34:09.166970Z,none
1986-05-02,financial_conditions_index,us,USA,,Chicago Fed National Financial Conditions Index,-0.445,index,weekly,FRED_CHICAGO_FED,National Financial Conditions Index,https://fred.stlouisfed.org/series/NFCI,https://www.chicagofed.org/research/data/nfci/current-data,2026-08-31T14:34:09.166970Z,none
1986-05-09,financial_conditions_index,us,USA,,Chicago Fed National Financial Conditions Index,-0.462,index,weekly,FRED_CHICAGO_FED,National Financial Conditions Index,https://fred.stlouisfed.org/series/NFCI,https://www.chicagofed.org/research/data/nfci/current-data,2026-08-31T14:34:09.166970Z,none
1986-05-16,financial_conditions_index,us,USA,,Chicago Fed National Financial Conditions Index,-0.474,index,weekly,FRED_CHICAGO_FED,National Financial Conditions Index,https://fred.stlouisfed.org/series/NFCI,https://www.chicagofed.org/research/data/nfci/current-data,2026-08-31T14:34:09.166970Z,none
1986-05-23,financial_conditions_index,us,USA,,Chicago Fed National Financial Conditions Index,-0.478,index,weekly,FRED_CHICAGO_FED,National Financial Conditions Index,https://fred.stlouisfed.org/series/NFCI,https://www.chicagofed.org/research/data/nfci/current-data,2026-08-31T14:34:09.166970Z,none
1986-05-30,financial_conditions_index,us,USA,,Chicago Fed National Financial Conditions Index,-0.477,index,weekly,FRED_CHICAGO_FED,National Financial Conditions Index,https://fred.stlouisfed.org/series/NFCI,https://www.chicagofed.org/research/data/nfci/current-data,2026-08-31T14:34:09.166970Z,none
1986-06-06,financial_conditions_index,us,USA,,Chicago Fed National Financial Conditions Index,-0.47,index,weekly,FRED_CHICAGO_FED,National Financial Conditions Index,https://fred.stlouisfed.org/series/NFCI,https://www.chicagofed.org/research/data/nfci/current-data,2026-08-31T14:34:09.166970Z,none
1986-06-13,financial_conditions_index,us,USA,,Chicago Fed National Financial Conditions Index,-0.46,index,weekly,FRED_CHICAGO_FED,National Financial Conditions Index,https://fred.stlouisfed.org/series/NFCI,https://www.chicagofed.org/research/data/nfci/current-data,2026-08-31T14:34:09.166970Z,none
1986-06-20,financial_conditions_index,us,USA,,Chicago Fed National Financial Conditions Index,-0.451,index,weekly,FRED_CHICAGO_FED,National Financial Conditions Index,https://fred.stlouisfed.org/series/NFCI,https://www.chicagofed.org/research/data/nfci/current-data,2026-08-31T14:34:09.166970Z,none
1986-06-27,financial_conditions_index,us,USA,,Chicago Fed National Financial Conditions Index,-0.446,index,weekly,FRED_CHICAGO_FED,National Financial Conditions Index,https://fred.stlouisfed.org/series/NFCI,https://www.chicagofed.org/research/data/nfci/current-data,2026-08-31T14:34:09.166970Z,none
1986-07-04,financial_conditions_index,us,USA,,Chicago Fed National Financial Conditions Index,-0.447,index,weekly,FRED_CHICAGO_FED,National Financial Conditions Index,https://fred.stlouisfed.org/series/NFCI,https://www.chicagofed.org/research/data/nfci/current-data,2026-08-31T14:34:09.166970Z,none
1986-07-11,financial_conditions_index,us,USA,,Chicago Fed National Financial Conditions Index,-0.455,index,weekly,FRED_CHICAGO_FED,National Financial Conditions Index,https://fred.stlouisfed.org/series/NFCI,https://www.chicagofed.org/research/data/nfci/current-data,2026-08-31T14:34:09.166970Z,none
1986-07-18,financial_conditions_index,us,USA,,Chicago Fed National Financial Conditions Index,-0.471,index,weekly,FRED_CHICAGO_FED,National Financial Conditions Index,https://fred.stlouisfed.org/series/NFCI,https://www.chicagofed.org/research/data/nfci/current-data,2026-08-31T14:34:09.166970Z,none
1986-07-25,financial_conditions_index,us,USA,,Chicago Fed National Financial Conditions Index,-0.494,index,weekly,FRED_CHICAGO_FED,National Financial Conditions Index,https://fred.stlouisfed.org/series/NFCI,https://www.chicagofed.org/research/data/nfci/current-data,2026-08-31T14:34:09.166970Z,none
1986-08-01,financial_conditions_index,us,USA,,Chicago Fed National Financial Conditions Index,-0.52,index,weekly,FRED_CHICAGO_FED,National Financial Conditions Index,https://fred.stlouisfed.org/series/NFCI,https://www.chicagofed.org/research/data/nfci/current-data,2026-08-31T14:34:09.166970Z,none
1986-08-08,financial_conditions_index,us,USA,,Chicago Fed National Financial Conditions Index,-0.544,index,weekly,FRED_CHICAGO_FED,National Financial Conditions Index,https://fred.stlouisfed.org/series/NFCI,https://www.chicagofed.org/research/data/nfci/current-data,2026-08-31T14:34:09.166970Z,none
1986-08-15,financial_conditions_index,us,USA,,Chicago Fed National Financial Conditions Index,-0.566,index,weekly,FRED_CHICAGO_FED,National Financial Conditions Index,https://fred.stlouisfed.org/series/NFCI,https://www.chicagofed.org/research/data/nfci/current-data,2026-08-31T14:34:09.166970Z,none
1986-08-22,financial_conditions_index,us,USA,,Chicago Fed National Financial Conditions Index,-0.582,index,weekly,FRED_CHICAGO_FED,National Financial Conditions Index,https://fred.stlouisfed.org/series/NFCI,https://www.chicagofed.org/research/data/nfci/current-data,2026-08-31T14:34:09.166970Z,none
1986-08-29,financial_conditions_index,us,USA,,Chicago Fed National Financial Conditions Index,-0.589,index,weekly,FRED_CHICAGO_FED,National Financial Conditions Index,https://fred.stlouisfed.org/series/NFCI,https://www.chicagofed.org/research/data/nfci/current-data,2026-08-31T14:34:09.166970Z,none
1986-09-05,financial_conditions_index,us,USA,,Chicago Fed National Financial Conditions Index,-0.588,index,weekly,FRED_CHICAGO_FED,National Financial Conditions Index,https://fred.stlouisfed.org/series/NFCI,https://www.chicagofed.org/research/data/nfci/current-data,2026-08-31T14:34:09.166970Z,none
1986-09-12,financial_conditions_index,us,USA,,Chicago Fed National Financial Conditions Index,-0.579,index,weekly,FRED_CHICAGO_FED,National Financial Conditions Index,https://fred.stlouisfed.org/series/NFCI,https://www.chicagofed.org/research/data/nfci/current-data,2026-08-31T14:34:09.166970Z,none
1986-09-19,financial_conditions_index,us,USA,,Chicago Fed National Financial Conditions Index,-0.566,index,weekly,FRED_CHICAGO_FED,National Financial Conditions Index,https://fred.stlouisfed.org/series/NFCI,https://www.chicagofed.org/research/data/nfci/current-data,2026-08-31T14:34:09.166970Z,none
1986-09-26,financial_conditions_index,us,USA,,Chicago Fed National Financial Conditions Index,-0.553,index,weekly,FRED_CHICAGO_FED,National Financial Conditions Index,https://fred.stlouisfed.org/series/NFCI,https://www.chicagofed.org/research/data/nfci/current-data,2026-08-31T14:34:09.166970Z,none
1986-10-03,financial_conditions_index,us,USA,,Chicago Fed National Financial Conditions Index,-0.542,index,weekly,FRED_CHICAGO_FED,National Financial Conditions Index,https://fred.stlouisfed.org/series/NFCI,https://www.chicagofed.org/research/data/nfci/current-data,2026-08-31T14:34:09.166970Z,none
1986-10-10,financial_conditions_index,us,USA,,Chicago Fed National Financial Conditions Index,-0.536,index,weekly,FRED_CHICAGO_FED,National Financial Conditions Index,https://fred.stlouisfed.org/series/NFCI,https://www.chicagofed.org/research/data/nfci/current-data,2026-08-31T14:34:09.166970Z,none
1986-10-17,financial_conditions_index,us,USA,,Chicago Fed National Financial Conditions Index,-0.535,index,weekly,FRED_CHICAGO_FED,National Financial Conditions Index,https://fred.stlouisfed.org/series/NFCI,https://www.chicagofed.org/research/data/nfci/current-data,2026-08-31T14:34:09.166970Z,none
1986-10-24,financial_conditions_index,us,USA,,Chicago Fed National Financial Conditions Index,-0.537,index,weekly,FRED_CHICAGO_FED,National Financial Conditions Index,https://fred.stlouisfed.org/series/NFCI,https://www.chicagofed.org/research/data/nfci/current-data,2026-08-31T14:34:09.166970Z,none
1986-10-31,financial_conditions_index,us,USA,,Chicago Fed National Financial Conditions Index,-0.542,index,weekly,FRED_CHICAGO_FED,National Financial Conditions Index,https://fred.stlouisfed.org/series/NFCI,https://www.chicagofed.org/research/data/nfci/current-data,2026-08-31T14:34:09.166970Z,none
1986-11-07,financial_conditions_index,us,USA,,Chicago Fed National Financial Conditions Index,-0.548,index,weekly,FRED_CHICAGO_FED,National Financial Conditions Index,https://fred.stlouisfed.org/series/NFCI,https://www.chicagofed.org/research/data/nfci/current-data,2026-08-31T14:34:09.166970Z,none
1986-11-14,financial_conditions_index,us,USA,,Chicago Fed National Financial Conditions Index,-0.553,index,weekly,FRED_CHICAGO_FED,National Financial Conditions Index,https://fred.stlouisfed.org/series/NFCI,https://www.chicagofed.org/research/data/nfci/current-data,2026-08-31T14:34:09.166970Z,none
1986-11-21,financial_conditions_index,us,USA,,Chicago Fed National Financial Conditions Index,-0.554,index,weekly,FRED_CHICAGO_FED,National Financial Conditions Index,https://fred.stlouisfed.org/series/NFCI,https://www.chicagofed.org/research/data/nfci/current-data,2026-08-31T14:34:09.166970Z,none
1986-11-28,financial_conditions_index,us,USA,,Chicago Fed National Financial Conditions Index,-0.552,index,weekly,FRED_CHICAGO_FED,National Financial Conditions Index,https://fred.stlouisfed.org/series/NFCI,https://www.chicagofed.org/research/data/nfci/current-data,2026-08-31T14:34:09.166970Z,none
1986-12-05,financial_conditions_index,us,USA,,Chicago Fed National Financial Conditions Index,-0.545,index,weekly,FRED_CHICAGO_FED,National Financial Conditions Index,https://fred.stlouisfed.org/series/NFCI,https://www.chicagofed.org/research/data/nfci/current-data,2026-08-31T14:34:09.166970Z,none
1986-12-12,financial_conditions_index,us,USA,,Chicago Fed National Financial Conditions Index,-0.536,index,weekly,FRED_CHICAGO_FED,National Financial Conditions Index,https://fred.stlouisfed.org/series/NFCI,https://www.chicagofed.org/research/data/nfci/current-data,2026-08-31T14:34:09.166970Z,none
1986-12-19,financial_conditions_index,us,USA,,Chicago Fed National Financial Conditions Index,-0.524,index,weekly,FRED_CHICAGO_FED,National Financial Conditions Index,https://fred.stlouisfed.org/series/NFCI,https://www.chicagofed.org/research/data/nfci/current-data,2026-08-31T14:34:09.166970Z,none
1986-12-26,financial_conditions_index,us,USA,,Chicago Fed National Financial Conditions Index,-0.511,index,weekly,FRED_CHICAGO_FED,National Financial Conditions Index,https://fred.stlouisfed.org/series/NFCI,https://www.chicagofed.org/research/data/nfci/current-data,2026-08-31T14:34:09.166970Z,none
1987-01-02,financial_conditions_index,us,USA,,Chicago Fed National Financial Conditions Index,-0.502,index,weekly,FRED_CHICAGO_FED,National Financial Conditions Index,https://fred.stlouisfed.org/series/NFCI,https://www.chicagofed.org/research/data/nfci/current-data,2026-08-31T14:34:09.166970Z,none
1987-01-09,financial_conditions_index,us,USA,,Chicago Fed National Financial Conditions Index,-0.494,index,weekly,FRED_CHICAGO_FED,National Financial Conditions Index,https://fred.stlouisfed.org/series/NFCI,https://www.chicagofed.org/research/data/nfci/current-data,2026-08-31T14:34:09.166970Z,none
1987-01-16,financial_conditions_index,us,USA,,Chicago Fed National Financial Conditions Index,-0.49,index,weekly,FRED_CHICAGO_FED,National Financial Conditions Index,https://fred.stlouisfed.org/series/NFCI,https://www.chicagofed.org/research/data/nfci/current-data,2026-08-31T14:34:09.166970Z,none
1987-01-23,financial_conditions_index,us,USA,,Chicago Fed National Financial Conditions Index,-0.488,index,weekly,FRED_CHICAGO_FED,National Financial Conditions Index,https://fred.stlouisfed.org/series/NFCI,https://www.chicagofed.org/research/data/nfci/current-data,2026-08-31T14:34:09.166970Z,none
1987-01-30,financial_conditions_index,us,USA,,Chicago Fed National Financial Conditions Index,-0.487,index,weekly,FRED_CHICAGO_FED,National Financial Conditions Index,https://fred.stlouisfed.org/series/NFCI,https://www.chicagofed.org/research/data/nfci/current-data,2026-08-31T14:34:09.166970Z,none
1987-02-06,financial_conditions_index,us,USA,,Chicago Fed National Financial Conditions Index,-0.484,index,weekly,FRED_CHICAGO_FED,National Financial Conditions Index,https://fred.stlouisfed.org/series/NFCI,https://www.chicagofed.org/research/data/nfci/current-data,2026-08-31T14:34:09.166970Z,none
1987-02-13,financial_conditions_index,us,USA,,Chicago Fed National Financial Conditions Index,-0.476,index,weekly,FRED_CHICAGO_FED,National Financial Conditions Index,https://fred.stlouisfed.org/series/NFCI,https://www.chicagofed.org/research/data/nfci/current-data,2026-08-31T14:34:09.166970Z,none
1987-02-20,financial_conditions_index,us,USA,,Chicago Fed National Financial Conditions Index,-0.461,index,weekly,FRED_CHICAGO_FED,National Financial Conditions Index,https://fred.stlouisfed.org/series/NFCI,https://www.chicagofed.org/research/data/nfci/current-data,2026-08-31T14:34:09.166970Z,none
1987-02-27,financial_conditions_index,us,USA,,Chicago Fed National Financial Conditions Index,-0.435,index,weekly,FRED_CHICAGO_FED,National Financial Conditions Index,https://fred.stlouisfed.org/series/NFCI,https://www.chicagofed.org/research/data/nfci/current-data,2026-08-31T14:34:09.166970Z,none
1987-03-06,financial_conditions_index,us,USA,,Chicago Fed National Financial Conditions Index,-0.396,index,weekly,FRED_CHICAGO_FED,National Financial Conditions Index,https://fred.stlouisfed.org/series/NFCI,https://www.chicagofed.org/research/data/nfci/current-data,2026-08-31T14:34:09.166970Z,none
1987-03-13,financial_conditions_index,us,USA,,Chicago Fed National Financial Conditions Index,-0.34,index,weekly,FRED_CHICAGO_FED,National Financial Conditions Index,https://fred.stlouisfed.org/series/NFCI,https://www.chicagofed.org/research/data/nfci/current-data,2026-08-31T14:34:09.166970Z,none
1987-03-20,financial_conditions_index,us,USA,,Chicago Fed National Financial Conditions Index,-0.266,index,weekly,FRED_CHICAGO_FED,National Financial Conditions Index,https://fred.stlouisfed.org/series/NFCI,https://www.chicagofed.org/research/data/nfci/current-data,2026-08-31T14:34:09.166970Z,none
1987-03-27,financial_conditions_index,us,USA,,Chicago Fed National Financial Conditions Index,-0.172,index,weekly,FRED_CHICAGO_FED,National Financial Conditions Index,https://fred.stlouisfed.org/series/NFCI,https://www.chicagofed.org/research/data/nfci/current-data,2026-08-31T14:34:09.166970Z,none
1987-04-03,financial_conditions_index,us,USA,,Chicago Fed National Financial Conditions Index,-0.062,index,weekly,FRED_CHICAGO_FED,National Financial Conditions Index,https://fred.stlouisfed.org/series/NFCI,https://www.chicagofed.org/research/data/nfci/current-data,2026-08-31T14:34:09.166970Z,none
1987-04-10,financial_conditions_index,us,USA,,Chicago Fed National Financial Conditions Index,0.059,index,weekly,FRED_CHICAGO_FED,National Financial Conditions Index,https://fred.stlouisfed.org/series/NFCI,https://www.chicagofed.org/research/data/nfci/current-data,2026-08-31T14:34:09.166970Z,none
1987-04-17,financial_conditions_index,us,USA,,Chicago Fed National Financial Conditions Index,0.186,index,weekly,FRED_CHICAGO_FED,National Financial Conditions Index,https://fred.stlouisfed.org/series/NFCI,https://www.chicagofed.org/research/data/nfci/current-data,2026-08-31T14:34:09.166970Z,none
1987-04-24,financial_conditions_index,us,USA,,Chicago Fed National Financial Conditions Index,0.309,index,weekly,FRED_CHICAGO_FED,National Financial Conditions Index,https://fred.stlouisfed.org/series/NFCI,https://www.chicagofed.org/research/data/nfci/current-data,2026-08-31T14:34:09.166970Z,none
1987-05-01,financial_conditions_index,us,USA,,Chicago Fed National Financial Conditions Index,0.418,index,weekly,FRED_CHICAGO_FED,National Financial Conditions Index,https://fred.stlouisfed.org/series/NFCI,https://www.chicagofed.org/research/data/nfci/current-data,2026-08-31T14:34:09.166970Z,none
1987-05-08,financial_conditions_index,us,USA,,Chicago Fed National Financial Conditions Index,0.51,index,weekly,FRED_CHICAGO_FED,National Financial Conditions Index,https://fred.stlouisfed.org/series/NFCI,https://www.chicagofed.org/research/data/nfci/current-data,2026-08-31T14:34:09.166970Z,none
1987-05-15,financial_conditions_index,us,USA,,Chicago Fed National Financial Conditions Index,0.575,index,weekly,FRED_CHICAGO_FED,National Financial Conditions Index,https://fred.stlouisfed.org/series/NFCI,https://www.chicagofed.org/research/data/nfci/current-data,2026-08-31T14:34:09.166970Z,none
1987-05-22,financial_conditions_index,us,USA,,Chicago Fed National Financial Conditions Index,0.614,index,weekly,FRED_CHICAGO_FED,National Financial Conditions Index,https://fred.stlouisfed.org/series/NFCI,https://www.chicagofed.org/research/data/nfci/current-data,2026-08-31T14:34:09.166970Z,none
1987-05-29,financial_conditions_index,us,USA,,Chicago Fed National Financial Conditions Index,0.622,index,weekly,FRED_CHICAGO_FED,National Financial Conditions Index,https://fred.stlouisfed.org/series/NFCI,https://www.chicagofed.org/research/data/nfci/current-data,2026-08-31T14:34:09.166970Z,none
1987-06-05,financial_conditions_index,us,USA,,Chicago Fed National Financial Conditions Index,0.603,index,weekly,FRED_CHICAGO_FED,National Financial Conditions Index,https://fred.stlouisfed.org/series/NFCI,https://www.chicagofed.org/research/data/nfci/current-data,2026-08-31T14:34:09.166970Z,none
1987-06-12,financial_conditions_index,us,USA,,Chicago Fed National Financial Conditions Index,0.561,index,weekly,FRED_CHICAGO_FED,National Financial Conditions Index,https://fred.stlouisfed.org/series/NFCI,https://www.chicagofed.org/research/data/nfci/current-data,2026-08-31T14:34:09.166970Z,none
1987-06-19,financial_conditions_index,us,USA,,Chicago Fed National Financial Conditions Index,0.499,index,weekly,FRED_CHICAGO_FED,National Financial Conditions Index,https://fred.stlouisfed.org/series/NFCI,https://www.chicagofed.org/research/data/nfci/current-data,2026-08-31T14:34:09.166970Z,none
1987-06-26,financial_conditions_index,us,USA,,Chicago Fed National Financial Conditions Index,0.426,index,weekly,FRED_CHICAGO_FED,National Financial Conditions Index,https://fred.stlouisfed.org/series/NFCI,https://www.chicagofed.org/research/data/nfci/current-data,2026-08-31T14:34:09.166970Z,none
1987-07-03,financial_conditions_index,us,USA,,Chicago Fed National Financial Conditions Index,0.345,index,weekly,FRED_CHICAGO_FED,National Financial Conditions Index,https://fred.stlouisfed.org/series/NFCI,https://www.chicagofed.org/research/data/nfci/current-data,2026-08-31T14:34:09.166970Z,none
1987-07-10,financial_conditions_index,us,USA,,Chicago Fed National Financial Conditions Index,0.264,index,weekly,FRED_CHICAGO_FED,National Financial Conditions Index,https://fred.stlouisfed.org/series/NFCI,https://www.chicagofed.org/research/data/nfci/current-data,2026-08-31T14:34:09.166970Z,none
1987-07-17,financial_conditions_index,us,USA,,Chicago Fed National Financial Conditions Index,0.185,index,weekly,FRED_CHICAGO_FED,National Financial Conditions Index,https://fred.stlouisfed.org/series/NFCI,https://www.chicagofed.org/research/data/nfci/current-data,2026-08-31T14:34:09.166970Z,none
1987-07-24,financial_conditions_index,us,USA,,Chicago Fed National Financial Conditions Index,0.113,index,weekly,FRED_CHICAGO_FED,National Financial Conditions Index,https://fred.stlouisfed.org/series/NFCI,https://www.chicagofed.org/research/data/nfci/current-data,2026-08-31T14:34:09.166970Z,none
1987-07-31,financial_conditions_index,us,USA,,Chicago Fed National Financial Conditions Index,0.052,index,weekly,FRED_CHICAGO_FED,National Financial Conditions Index,https://fred.stlouisfed.org/series/NFCI,https://www.chicagofed.org/research/data/nfci/current-data,2026-08-31T14:34:09.166970Z,none
1987-08-07,financial_conditions_index,us,USA,,Chicago Fed National Financial Conditions Index,0.009,index,weekly,FRED_CHICAGO_FED,National Financial Conditions Index,https://fred.stlouisfed.org/series/NFCI,https://www.chicagofed.org/research/data/nfci/current-data,2026-08-31T14:34:09.166970Z,none
1987-08-14,financial_conditions_index,us,USA,,Chicago Fed National Financial Conditions Index,-0.012,index,weekly,FRED_CHICAGO_FED,National Financial Conditions Index,https://fred.stlouisfed.org/series/NFCI,https://www.chicagofed.org/research/data/nfci/current-data,2026-08-31T14:34:09.166970Z,none
1987-08-21,financial_conditions_index,us,USA,,Chicago Fed National Financial Conditions Index,-0.002,index,weekly,FRED_CHICAGO_FED,National Financial Conditions Index,https://fred.stlouisfed.org/series/NFCI,https://www.chicagofed.org/research/data/nfci/current-data,2026-08-31T14:34:09.166970Z,none
1987-08-28,financial_conditions_index,us,USA,,Chicago Fed National Financial Conditions Index,0.041,index,weekly,FRED_CHICAGO_FED,National Financial Conditions Index,https://fred.stlouisfed.org/series/NFCI,https://www.chicagofed.org/research/data/nfci/current-data,2026-08-31T14:34:09.166970Z,none
1987-09-04,financial_conditions_index,us,USA,,Chicago Fed National Financial Conditions Index,0.118,index,weekly,FRED_CHICAGO_FED,National Financial Conditions Index,https://fred.stlouisfed.org/series/NFCI,https://www.chicagofed.org/research/data/nfci/current-data,2026-08-31T14:34:09.166970Z,none
1987-09-11,financial_conditions_index,us,USA,,Chicago Fed National Financial Conditions Index,0.223,index,weekly,FRED_CHICAGO_FED,National Financial Conditions Index,https://fred.stlouisfed.org/series/NFCI,https://www.chicagofed.org/research/data/nfci/current-data,2026-08-31T14:34:09.166970Z,none
1987-09-18,financial_conditions_index,us,USA,,Chicago Fed National Financial Conditions Index,0.351,index,weekly,FRED_CHICAGO_FED,National Financial Conditions Index,https://fred.stlouisfed.org/series/NFCI,https://www.chicagofed.org/research/data/nfci/current-data,2026-08-31T14:34:09.166970Z,none
1987-09-25,financial_conditions_index,us,USA,,Chicago Fed National Financial Conditions Index,0.493,index,weekly,FRED_CHICAGO_FED,National Financial Conditions Index,https://fred.stlouisfed.org/series/NFCI,https://www.chicagofed.org/research/data/nfci/current-data,2026-08-31T14:34:09.166970Z,none
1987-10-02,financial_conditions_index,us,USA,,Chicago Fed National Financial Conditions Index,0.644,index,weekly,FRED_CHICAGO_FED,National Financial Conditions Index,https://fred.stlouisfed.org/series/NFCI,https://www.chicagofed.org/research/data/nfci/current-data,2026-08-31T14:34:09.166970Z,none
1987-10-09,financial_conditions_index,us,USA,,Chicago Fed National Financial Conditions Index,0.789,index,weekly,FRED_CHICAGO_FED,National Financial Conditions Index,https://fred.stlouisfed.org/series/NFCI,https://www.chicagofed.org/research/data/nfci/current-data,2026-08-31T14:34:09.166970Z,none
1987-10-16,financial_conditions_index,us,USA,,Chicago Fed National Financial Conditions Index,0.919,index,weekly,FRED_CHICAGO_FED,National Financial Conditions Index,https://fred.stlouisfed.org/series/NFCI,https://www.chicagofed.org/research/data/nfci/current-data,2026-08-31T14:34:09.166970Z,none
1987-10-23,financial_conditions_index,us,USA,,Chicago Fed National Financial Conditions Index,1.026,index,weekly,FRED_CHICAGO_FED,National Financial Conditions Index,https://fred.stlouisfed.org/series/NFCI,https://www.chicagofed.org/research/data/nfci/current-data,2026-08-31T14:34:09.166970Z,none
1987-10-30,financial_conditions_index,us,USA,,Chicago Fed National Financial Conditions Index,1.103,index,weekly,FRED_CHICAGO_FED,National Financial Conditions Index,https://fred.stlouisfed.org/series/NFCI,https://www.chicagofed.org/research/data/nfci/current-data,2026-08-31T14:34:09.166970Z,none
1987-11-06,financial_conditions_index,us,USA,,Chicago Fed National Financial Conditions Index,1.143,index,weekly,FRED_CHICAGO_FED,National Financial Conditions Index,https://fred.stlouisfed.org/series/NFCI,https://www.chicagofed.org/research/data/nfci/current-data,2026-08-31T14:34:09.166970Z,none
1987-11-13,financial_conditions_index,us,USA,,Chicago Fed National Financial Conditions Index,1.155,index,weekly,FRED_CHICAGO_FED,National Financial Conditions Index,https://fred.stlouisfed.org/series/NFCI,https://www.chicagofed.org/research/data/nfci/current-data,2026-08-31T14:34:09.166970Z,none
1987-11-20,financial_conditions_index,us,USA,,Chicago Fed National Financial Conditions Index,1.143,index,weekly,FRED_CHICAGO_FED,National Financial Conditions Index,https://fred.stlouisfed.org/series/NFCI,https://www.chicagofed.org/research/data/nfci/current-data,2026-08-31T14:34:09.166970Z,none
1987-11-27,financial_conditions_index,us,USA,,Chicago Fed National Financial Conditions Index,1.111,index,weekly,FRED_CHICAGO_FED,National Financial Conditions Index,https://fred.stlouisfed.org/series/NFCI,https://www.chicagofed.org/research/data/nfci/current-data,2026-08-31T14:34:09.166970Z,none
1987-12-04,financial_conditions_index,us,USA,,Chicago Fed National Financial Conditions Index,1.063,index,weekly,FRED_CHICAGO_FED,National Financial Conditions Index,https://fred.stlouisfed.org/series/NFCI,https://www.chicagofed.org/research/data/nfci/current-data,2026-08-31T14:34:09.166970Z,none
1987-12-11,financial_conditions_index,us,USA,,Chicago Fed National Financial Conditions Index,0.998,index,weekly,FRED_CHICAGO_FED,National Financial Conditions Index,https://fred.stlouisfed.org/series/NFCI,https://www.chicagofed.org/research/data/nfci/current-data,2026-08-31T14:34:09.166970Z,none
1987-12-18,financial_conditions_index,us,USA,,Chicago Fed National Financial Conditions Index,0.922,index,weekly,FRED_CHICAGO_FED,National Financial Conditions Index,https://fred.stlouisfed.org/series/NFCI,https://www.chicagofed.org/research/data/nfci/current-data,2026-08-31T14:34:09.166970Z,none
1987-12-25,financial_conditions_index,us,USA,,Chicago Fed National Financial Conditions Index,0.835,index,weekly,FRED_CHICAGO_FED,National Financial Conditions Index,https://fred.stlouisfed.org/series/NFCI,https://www.chicagofed.org/research/data/nfci/current-data,2026-08-31T14:34:09.166970Z,none
1988-01-01,financial_conditions_index,us,USA,,Chicago Fed National Financial Conditions Index,0.74,index,weekly,FRED_CHICAGO_FED,National Financial Conditions Index,https://fred.stlouisfed.org/series/NFCI,https://www.chicagofed.org/research/data/nfci/current-data,2026-08-31T14:34:09.166970Z,none
1988-01-08,financial_conditions_index,us,USA,,Chicago Fed National Financial Conditions Index,0.642,index,weekly,FRED_CHICAGO_FED,National Financial Conditions Index,https://fred.stlouisfed.org/series/NFCI,https://www.chicagofed.org/research/data/nfci/current-data,2026-08-31T14:34:09.166970Z,none
1988-01-15,financial_conditions_index,us,USA,,Chicago Fed National Financial Conditions Index,0.546,index,weekly,FRED_CHICAGO_FED,National Financial Conditions Index,https://fred.stlouisfed.org/series/NFCI,https://www.chicagofed.org/research/data/nfci/current-data,2026-08-31T14:34:09.166970Z,none
1988-01-22,financial_conditions_index,us,USA,,Chicago Fed National Financial Conditions Index,0.453,index,weekly,FRED_CHICAGO_FED,National Financial Conditions Index,https://fred.stlouisfed.org/series/NFCI,https://www.chicagofed.org/research/data/nfci/current-data,2026-08-31T14:34:09.166970Z,none
1988-01-29,financial_conditions_index,us,USA,,Chicago Fed National Financial Conditions Index,0.366,index,weekly,FRED_CHICAGO_FED,National Financial Conditions Index,https://fred.stlouisfed.org/series/NFCI,https://www.chicagofed.org/research/data/nfci/current-data,2026-08-31T14:34:09.166970Z,none
1988-02-05,financial_conditions_index,us,USA,,Chicago Fed National Financial Conditions Index,0.288,index,weekly,FRED_CHICAGO_FED,National Financial Conditions Index,https://fred.stlouisfed.org/series/NFCI,https://www.chicagofed.org/research/data/nfci/current-data,2026-08-31T14:34:09.166970Z,none
1988-02-12,financial_conditions_index,us,USA,,Chicago Fed National Financial Conditions Index,0.222,index,weekly,FRED_CHICAGO_FED,National Financial Conditions Index,https://fred.stlouisfed.org/series/NFCI,https://www.chicagofed.org/research/data/nfci/current-data,2026-08-31T14:34:09.166970Z,none
1988-02-19,financial_conditions_index,us,USA,,Chicago Fed National Financial Conditions Index,0.172,index,weekly,FRED_CHICAGO_FED,National Financial Conditions Index,https://fred.stlouisfed.org/series/NFCI,https://www.chicagofed.org/research/data/nfci/current-data,2026-08-31T14:34:09.166970Z,none
1988-02-26,financial_conditions_index,us,USA,,Chicago Fed National Financial Conditions Index,0.137,index,weekly,FRED_CHICAGO_FED,National Financial Conditions Index,https://fred.stlouisfed.org/series/NFCI,https://www.chicagofed.org/research/data/nfci/current-data,2026-08-31T14:34:09.166970Z,none
1988-03-04,financial_conditions_index,us,USA,,Chicago Fed National Financial Conditions Index,0.117,index,weekly,FRED_CHICAGO_FED,National Financial Conditions Index,https://fred.stlouisfed.org/series/NFCI,https://www.chicagofed.org/research/data/nfci/current-data,2026-08-31T14:34:09.166970Z,none
1988-03-11,financial_conditions_index,us,USA,,Chicago Fed National Financial Conditions Index,0.111,index,weekly,FRED_CHICAGO_FED,National Financial Conditions Index,https://fred.stlouisfed.org/series/NFCI,https://www.chicagofed.org/research/data/nfci/current-data,2026-08-31T14:34:09.166970Z,none
1988-03-18,financial_conditions_index,us,USA,,Chicago Fed National Financial Conditions Index,0.118,index,weekly,FRED_CHICAGO_FED,National Financial Conditions Index,https://fred.stlouisfed.org/series/NFCI,https://www.chicagofed.org/research/data/nfci/current-data,2026-08-31T14:34:09.166970Z,none
1988-03-25,financial_conditions_index,us,USA,,Chicago Fed National Financial Conditions Index,0.135,index,weekly,FRED_CHICAGO_FED,National Financial Conditions Index,https://fred.stlouisfed.org/series/NFCI,https://www.chicagofed.org/research/data/nfci/current-data,2026-08-31T14:34:09.166970Z,none
1988-04-01,financial_conditions_index,us,USA,,Chicago Fed National Financial Conditions Index,0.159,index,weekly,FRED_CHICAGO_FED,National Financial Conditions Index,https://fred.stlouisfed.org/series/NFCI,https://www.chicagofed.org/research/data/nfci/current-data,2026-08-31T14:34:09.166970Z,none
1988-04-08,financial_conditions_index,us,USA,,Chicago Fed National Financial Conditions Index,0.187,index,weekly,FRED_CHICAGO_FED,National Financial Conditions Index,https://fred.stlouisfed.org/series/NFCI,https://www.chicagofed.org/research/data/nfci/current-data,2026-08-31T14:34:09.166970Z,none
1988-04-15,financial_conditions_index,us,USA,,Chicago Fed National Financial Conditions Index,0.214,index,weekly,FRED_CHICAGO_FED,National Financial Conditions Index,https://fred.stlouisfed.org/series/NFCI,https://www.chicagofed.org/research/data/nfci/current-data,2026-08-31T14:34:09.166970Z,none
1988-04-22,financial_conditions_index,us,USA,,Chicago Fed National Financial Conditions Index,0.236,index,weekly,FRED_CHICAGO_FED,National Financial Conditions Index,https://fred.stlouisfed.org/series/NFCI,https://www.chicagofed.org/research/data/nfci/current-data,2026-08-31T14:34:09.166970Z,none
1988-04-29,financial_conditions_index,us,USA,,Chicago Fed National Financial Conditions Index,0.25,index,weekly,FRED_CHICAGO_FED,National Financial Conditions Index,https://fred.stlouisfed.org/series/NFCI,https://www.chicagofed.org/research/data/nfci/current-data,2026-08-31T14:34:09.166970Z,none
1988-05-06,financial_conditions_index,us,USA,,Chicago Fed National Financial Conditions Index,0.257,index,weekly,FRED_CHICAGO_FED,National Financial Conditions Index,https://fred.stlouisfed.org/series/NFCI,https://www.chicagofed.org/research/data/nfci/current-data,2026-08-31T14:34:09.166970Z,none
1988-05-13,financial_conditions_index,us,USA,,Chicago Fed National Financial Conditions Index,0.26,index,weekly,FRED_CHICAGO_FED,National Financial Conditions Index,https://fred.stlouisfed.org/series/NFCI,https://www.chicagofed.org/research/data/nfci/current-data,2026-08-31T14:34:09.166970Z,none
1988-05-20,financial_conditions_index,us,USA,,Chicago Fed National Financial Conditions Index,0.259,index,weekly,FRED_CHICAGO_FED,National Financial Conditions Index,https://fred.stlouisfed.org/series/NFCI,https://www.chicagofed.org/research/data/nfci/current-data,2026-08-31T14:34:09.166970Z,none
1988-05-27,financial_conditions_index,us,USA,,Chicago Fed National Financial Conditions Index,0.258,index,weekly,FRED_CHICAGO_FED,National Financial Conditions Index,https://fred.stlouisfed.org/series/NFCI,https://www.chicagofed.org/research/data/nfci/current-data,2026-08-31T14:34:09.166970Z,none
1988-06-03,financial_conditions_index,us,USA,,Chicago Fed National Financial Conditions Index,0.261,index,weekly,FRED_CHICAGO_FED,National Financial Conditions Index,https://fred.stlouisfed.org/series/NFCI,https://www.chicagofed.org/research/data/nfci/current-data,2026-08-31T14:34:09.166970Z,none
1988-06-10,financial_conditions_index,us,USA,,Chicago Fed National Financial Conditions Index,0.269,index,weekly,FRED_CHICAGO_FED,National Financial Conditions Index,https://fred.stlouisfed.org/series/NFCI,https://www.chicagofed.org/research/data/nfci/current-data,2026-08-31T14:34:09.166970Z,none
1988-06-17,financial_conditions_index,us,USA,,Chicago Fed National Financial Conditions Index,0.284,index,weekly,FRED_CHICAGO_FED,National Financial Conditions Index,https://fred.stlouisfed.org/series/NFCI,https://www.chicagofed.org/research/data/nfci/current-data,2026-08-31T14:34:09.166970Z,none
1988-06-24,financial_conditions_index,us,USA,,Chicago Fed National Financial Conditions Index,0.305,index,weekly,FRED_CHICAGO_FED,National Financial Conditions Index,https://fred.stlouisfed.org/series/NFCI,https://www.chicagofed.org/research/data/nfci/current-data,2026-08-31T14:34:09.166970Z,none
1988-07-01,financial_conditions_index,us,USA,,Chicago Fed National Financial Conditions Index,0.333,index,weekly,FRED_CHICAGO_FED,National Financial Conditions Index,https://fred.stlouisfed.org/series/NFCI,https://www.chicagofed.org/research/data/nfci/current-data,2026-08-31T14:34:09.166970Z,none
1988-07-08,financial_conditions_index,us,USA,,Chicago Fed National Financial Conditions Index,0.362,index,weekly,FRED_CHICAGO_FED,National Financial Conditions Index,https://fred.stlouisfed.org/series/NFCI,https://www.chicagofed.org/research/data/nfci/current-data,2026-08-31T14:34:09.166970Z,none
1988-07-15,financial_conditions_index,us,USA,,Chicago Fed National Financial Conditions Index,0.391,index,weekly,FRED_CHICAGO_FED,National Financial Conditions Index,https://fred.stlouisfed.org/series/NFCI,https://www.chicagofed.org/research/data/nfci/current-data,2026-08-31T14:34:09.166970Z,none
1988-07-22,financial_conditions_index,us,USA,,Chicago Fed National Financial Conditions Index,0.416,index,weekly,FRED_CHICAGO_FED,National Financial Conditions Index,https://fred.stlouisfed.org/series/NFCI,https://www.chicagofed.org/research/data/nfci/current-data,2026-08-31T14:34:09.166970Z,none
1988-07-29,financial_conditions_index,us,USA,,Chicago Fed National Financial Conditions Index,0.432,index,weekly,FRED_CHICAGO_FED,National Financial Conditions Index,https://fred.stlouisfed.org/series/NFCI,https://www.chicagofed.org/research/data/nfci/current-data,2026-08-31T14:34:09.166970Z,none
1988-08-05,financial_conditions_index,us,USA,,Chicago Fed National Financial Conditions Index,0.439,index,weekly,FRED_CHICAGO_FED,National Financial Conditions Index,https://fred.stlouisfed.org/series/NFCI,https://www.chicagofed.org/research/data/nfci/current-data,2026-08-31T14:34:09.166970Z,none
1988-08-12,financial_conditions_index,us,USA,,Chicago Fed National Financial Conditions Index,0.436,index,weekly,FRED_CHICAGO_FED,National Financial Conditions Index,https://fred.stlouisfed.org/series/NFCI,https://www.chicagofed.org/research/data/nfci/current-data,2026-08-31T14:34:09.166970Z,none
1988-08-19,financial_conditions_index,us,USA,,Chicago Fed National Financial Conditions Index,0.423,index,weekly,FRED_CHICAGO_FED,National Financial Conditions Index,https://fred.stlouisfed.org/series/NFCI,https://www.chicagofed.org/research/data/nfci/current-data,2026-08-31T14:34:09.166970Z,none
1988-08-26,financial_conditions_index,us,USA,,Chicago Fed National Financial Conditions Index,0.4,index,weekly,FRED_CHICAGO_FED,National Financial Conditions Index,https://fred.stlouisfed.org/series/NFCI,https://www.chicagofed.org/research/data/nfci/current-data,2026-08-31T14:34:09.166970Z,none
1988-09-02,financial_conditions_index,us,USA,,Chicago Fed National Financial Conditions Index,0.372,index,weekly,FRED_CHICAGO_FED,National Financial Conditions Index,https://fred.stlouisfed.org/series/NFCI,https://www.chicagofed.org/research/data/nfci/current-data,2026-08-31T14:34:09.166970Z,none
1988-09-09,financial_conditions_index,us,USA,,Chicago Fed National Financial Conditions Index,0.34,index,weekly,FRED_CHICAGO_FED,National Financial Conditions Index,https://fred.stlouisfed.org/series/NFCI,https://www.chicagofed.org/research/data/nfci/current-data,2026-08-31T14:34:09.166970Z,none
1988-09-16,financial_conditions_index,us,USA,,Chicago Fed National Financial Conditions Index,0.309,index,weekly,FRED_CHICAGO_FED,National Financial Conditions Index,https://fred.stlouisfed.org/series/NFCI,https://www.chicagofed.org/research/data/nfci/current-data,2026-08-31T14:34:09.166970Z,none
1988-09-23,financial_conditions_index,us,USA,,Chicago Fed National Financial Conditions Index,0.281,index,weekly,FRED_CHICAGO_FED,National Financial Conditions Index,https://fred.stlouisfed.org/series/NFCI,https://www.chicagofed.org/research/data/nfci/current-data,2026-08-31T14:34:09.166970Z,none
1988-09-30,financial_conditions_index,us,USA,,Chicago Fed National Financial Conditions Index,0.256,index,weekly,FRED_CHICAGO_FED,National Financial Conditions Index,https://fred.stlouisfed.org/series/NFCI,https://www.chicagofed.org/research/data/nfci/current-data,2026-08-31T14:34:09.166970Z,none
1988-10-07,financial_conditions_index,us,USA,,Chicago Fed National Financial Conditions Index,0.235,index,weekly,FRED_CHICAGO_FED,National Financial Conditions Index,https://fred.stlouisfed.org/series/NFCI,https://www.chicagofed.org/research/data/nfci/current-data,2026-08-31T14:34:09.166970Z,none
1988-10-14,financial_conditions_index,us,USA,,Chicago Fed National Financial Conditions Index,0.217,index,weekly,FRED_CHICAGO_FED,National Financial Conditions Index,https://fred.stlouisfed.org/series/NFCI,https://www.chicagofed.org/research/data/nfci/current-data,2026-08-31T14:34:09.166970Z,none
1988-10-21,financial_conditions_index,us,USA,,Chicago Fed National Financial Conditions Index,0.201,index,weekly,FRED_CHICAGO_FED,National Financial Conditions Index,https://fred.stlouisfed.org/series/NFCI,https://www.chicagofed.org/research/data/nfci/current-data,2026-08-31T14:34:09.166970Z,none
1988-10-28,financial_conditions_index,us,USA,,Chicago Fed National Financial Conditions Index,0.188,index,weekly,FRED_CHICAGO_FED,National Financial Conditions Index,https://fred.stlouisfed.org/series/NFCI,https://www.chicagofed.org/research/data/nfci/current-data,2026-08-31T14:34:09.166970Z,none
1988-11-04,financial_conditions_index,us,USA,,Chicago Fed National Financial Conditions Index,0.177,index,weekly,FRED_CHICAGO_FED,National Financial Conditions Index,https://fred.stlouisfed.org/series/NFCI,https://www.chicagofed.org/research/data/nfci/current-data,2026-08-31T14:34:09.166970Z,none
1988-11-11,financial_conditions_index,us,USA,,Chicago Fed National Financial Conditions Index,0.168,index,weekly,FRED_CHICAGO_FED,National Financial Conditions Index,https://fred.stlouisfed.org/series/NFCI,https://www.chicagofed.org/research/data/nfci/current-data,2026-08-31T14:34:09.166970Z,none
1988-11-18,financial_conditions_index,us,USA,,Chicago Fed National Financial Conditions Index,0.162,index,weekly,FRED_CHICAGO_FED,National Financial Conditions Index,https://fred.stlouisfed.org/series/NFCI,https://www.chicagofed.org/research/data/nfci/current-data,2026-08-31T14:34:09.166970Z,none
1988-11-25,financial_conditions_index,us,USA,,Chicago Fed National Financial Conditions Index,0.157,index,weekly,FRED_CHICAGO_FED,National Financial Conditions Index,https://fred.stlouisfed.org/series/NFCI,https://www.chicagofed.org/research/data/nfci/current-data,2026-08-31T14:34:09.166970Z,none
1988-12-02,financial_conditions_index,us,USA,,Chicago Fed National Financial Conditions Index,0.153,index,weekly,FRED_CHICAGO_FED,National Financial Conditions Index,https://fred.stlouisfed.org/series/NFCI,https://www.chicagofed.org/research/data/nfci/current-data,2026-08-31T14:34:09.166970Z,none
1988-12-09,financial_conditions_index,us,USA,,Chicago Fed National Financial Conditions Index,0.15,index,weekly,FRED_CHICAGO_FED,National Financial Conditions Index,https://fred.stlouisfed.org/series/NFCI,https://www.chicagofed.org/research/data/nfci/current-data,2026-08-31T14:34:09.166970Z,none
1988-12-16,financial_conditions_index,us,USA,,Chicago Fed National Financial Conditions Index,0.146,index,weekly,FRED_CHICAGO_FED,National Financial Conditions Index,https://fred.stlouisfed.org/series/NFCI,https://www.chicagofed.org/research/data/nfci/current-data,2026-08-31T14:34:09.166970Z,none
1988-12-23,financial_conditions_index,us,USA,,Chicago Fed National Financial Conditions Index,0.144,index,weekly,FRED_CHICAGO_FED,National Financial Conditions Index,https://fred.stlouisfed.org/series/NFCI,https://www.chicagofed.org/research/data/nfci/current-data,2026-08-31T14:34:09.166970Z,none
1988-12-30,financial_conditions_index,us,USA,,Chicago Fed National Financial Conditions Index,0.143,index,weekly,FRED_CHICAGO_FED,National Financial Conditions Index,https://fred.stlouisfed.org/series/NFCI,https://www.chicagofed.org/research/data/nfci/current-data,2026-08-31T14:34:09.166970Z,none
1989-01-06,financial_conditions_index,us,USA,,Chicago Fed National Financial Conditions Index,0.145,index,weekly,FRED_CHICAGO_FED,National Financial Conditions Index,https://fred.stlouisfed.org/series/NFCI,https://www.chicagofed.org/research/data/nfci/current-data,2026-08-31T14:34:09.166970Z,none
1989-01-13,financial_conditions_index,us,USA,,Chicago Fed National Financial Conditions Index,0.152,index,weekly,FRED_CHICAGO_FED,National Financial Conditions Index,https://fred.stlouisfed.org/series/NFCI,https://www.chicagofed.org/research/data/nfci/current-data,2026-08-31T14:34:09.166970Z,none
1989-01-20,financial_conditions_index,us,USA,,Chicago Fed National Financial Conditions Index,0.166,index,weekly,FRED_CHICAGO_FED,National Financial Conditions Index,https://fred.stlouisfed.org/series/NFCI,https://www.chicagofed.org/research/data/nfci/current-data,2026-08-31T14:34:09.166970Z,none
1989-01-27,financial_conditions_index,us,USA,,Chicago Fed National Financial Conditions Index,0.19,index,weekly,FRED_CHICAGO_FED,National Financial Conditions Index,https://fred.stlouisfed.org/series/NFCI,https://www.chicagofed.org/research/data/nfci/current-data,2026-08-31T14:34:09.166970Z,none
1989-02-03,financial_conditions_index,us,USA,,Chicago Fed National Financial Conditions Index,0.226,index,weekly,FRED_CHICAGO_FED,National Financial Conditions Index,https://fred.stlouisfed.org/series/NFCI,https://www.chicagofed.org/research/data/nfci/current-data,2026-08-31T14:34:09.166970Z,none
1989-02-10,financial_conditions_index,us,USA,,Chicago Fed National Financial Conditions Index,0.276,index,weekly,FRED_CHICAGO_FED,National Financial Conditions Index,https://fred.stlouisfed.org/series/NFCI,https://www.chicagofed.org/research/data/nfci/current-data,2026-08-31T14:34:09.166970Z,none
1989-02-17,financial_conditions_index,us,USA,,Chicago Fed National Financial Conditions Index,0.339,index,weekly,FRED_CHICAGO_FED,National Financial Conditions Index,https://fred.stlouisfed.org/series/NFCI,https://www.chicagofed.org/research/data/nfci/current-data,2026-08-31T14:34:09.166970Z,none
1989-02-24,financial_conditions_index,us,USA,,Chicago Fed National Financial Conditions Index,0.411,index,weekly,FRED_CHICAGO_FED,National Financial Conditions Index,https://fred.stlouisfed.org/series/NFCI,https://www.chicagofed.org/research/data/nfci/current-data,2026-08-31T14:34:09.166970Z,none
1989-03-03,financial_conditions_index,us,USA,,Chicago Fed National Financial Conditions Index,0.489,index,weekly,FRED_CHICAGO_FED,National Financial Conditions Index,https://fred.stlouisfed.org/series/NFCI,https://www.chicagofed.org/research/data/nfci/current-data,2026-08-31T14:34:09.166970Z,none
1989-03-10,financial_conditions_index,us,USA,,Chicago Fed National Financial Conditions Index,0.564,index,weekly,FRED_CHICAGO_FED,National Financial Conditions Index,https://fred.stlouisfed.org/series/NFCI,https://www.chicagofed.org/research/data/nfci/current-data,2026-08-31T14:34:09.166970Z,none
1989-03-17,financial_conditions_index,us,USA,,Chicago Fed National Financial Conditions Index,0.633,index,weekly,FRED_CHICAGO_FED,National Financial Conditions Index,https://fred.stlouisfed.org/series/NFCI,https://www.chicagofed.org/research/data/nfci/current-data,2026-08-31T14:34:09.166970Z,none
1989-03-24,financial_conditions_index,us,USA,,Chicago Fed National Financial Conditions Index,0.686,index,weekly,FRED_CHICAGO_FED,National Financial Conditions Index,https://fred.stlouisfed.org/series/NFCI,https://www.chicagofed.org/research/data/nfci/current-data,2026-08-31T14:34:09.166970Z,none
1989-03-31,financial_conditions_index,us,USA,,Chicago Fed National Financial Conditions Index,0.719,index,weekly,FRED_CHICAGO_FED,National Financial Conditions Index,https://fred.stlouisfed.org/series/NFCI,https://www.chicagofed.org/research/data/nfci/current-data,2026-08-31T14:34:09.166970Z,none
1989-04-07,financial_conditions_index,us,USA,,Chicago Fed National Financial Conditions Index,0.729,index,weekly,FRED_CHICAGO_FED,National Financial Conditions Index,https://fred.stlouisfed.org/series/NFCI,https://www.chicagofed.org/research/data/nfci/current-data,2026-08-31T14:34:09.166970Z,none
1989-04-14,financial_conditions_index,us,USA,,Chicago Fed National Financial Conditions Index,0.714,index,weekly,FRED_CHICAGO_FED,National Financial Conditions Index,https://fred.stlouisfed.org/series/NFCI,https://www.chicagofed.org/research/data/nfci/current-data,2026-08-31T14:34:09.166970Z,none
1989-04-21,financial_conditions_index,us,USA,,Chicago Fed National Financial Conditions Index,0.676,index,weekly,FRED_CHICAGO_FED,National Financial Conditions Index,https://fred.stlouisfed.org/series/NFCI,https://www.chicagofed.org/research/data/nfci/current-data,2026-08-31T14:34:09.166970Z,none
1989-04-28,financial_conditions_index,us,USA,,Chicago Fed National Financial Conditions Index,0.622,index,weekly,FRED_CHICAGO_FED,National Financial Conditions Index,https://fred.stlouisfed.org/series/NFCI,https://www.chicagofed.org/research/data/nfci/current-data,2026-08-31T14:34:09.166970Z,none
1989-05-05,financial_conditions_index,us,USA,,Chicago Fed National Financial Conditions Index,0.556,index,weekly,FRED_CHICAGO_FED,National Financial Conditions Index,https://fred.stlouisfed.org/series/NFCI,https://www.chicagofed.org/research/data/nfci/current-data,2026-08-31T14:34:09.166970Z,none
1989-05-12,financial_conditions_index,us,USA,,Chicago Fed National Financial Conditions Index,0.486,index,weekly,FRED_CHICAGO_FED,National Financial Conditions Index,https://fred.stlouisfed.org/series/NFCI,https://www.chicagofed.org/research/data/nfci/current-data,2026-08-31T14:34:09.166970Z,none
1989-05-19,financial_conditions_index,us,USA,,Chicago Fed National Financial Conditions Index,0.421,index,weekly,FRED_CHICAGO_FED,National Financial Conditions Index,https://fred.stlouisfed.org/series/NFCI,https://www.chicagofed.org/research/data/nfci/current-data,2026-08-31T14:34:09.166970Z,none
1989-05-26,financial_conditions_index,us,USA,,Chicago Fed National Financial Conditions Index,0.365,index,weekly,FRED_CHICAGO_FED,National Financial Conditions Index,https://fred.stlouisfed.org/series/NFCI,https://www.chicagofed.org/research/data/nfci/current-data,2026-08-31T14:34:09.166970Z,none
1989-06-02,financial_conditions_index,us,USA,,Chicago Fed National Financial Conditions Index,0.323,index,weekly,FRED_CHICAGO_FED,National Financial Conditions Index,https://fred.stlouisfed.org/series/NFCI,https://www.chicagofed.org/research/data/nfci/current-data,2026-08-31T14:34:09.166970Z,none
1989-06-09,financial_conditions_index,us,USA,,Chicago Fed National Financial Conditions Index,0.294,index,weekly,FRED_CHICAGO_FED,National Financial Conditions Index,https://fred.stlouisfed.org/series/NFCI,https://www.chicagofed.org/research/data/nfci/current-data,2026-08-31T14:34:09.166970Z,none
1989-06-16,financial_conditions_index,us,USA,,Chicago Fed National Financial Conditions Index,0.277,index,weekly,FRED_CHICAGO_FED,National Financial Conditions Index,https://fred.stlouisfed.org/series/NFCI,https://www.chicagofed.org/research/data/nfci/current-data,2026-08-31T14:34:09.166970Z,none
1989-06-23,financial_conditions_index,us,USA,,Chicago Fed National Financial Conditions Index,0.266,index,weekly,FRED_CHICAGO_FED,National Financial Conditions Index,https://fred.stlouisfed.org/series/NFCI,https://www.chicagofed.org/research/data/nfci/current-data,2026-08-31T14:34:09.166970Z,none
1989-06-30,financial_conditions_index,us,USA,,Chicago Fed National Financial Conditions Index,0.258,index,weekly,FRED_CHICAGO_FED,National Financial Conditions Index,https://fred.stlouisfed.org/series/NFCI,https://www.chicagofed.org/research/data/nfci/current-data,2026-08-31T14:34:09.166970Z,none
1989-07-07,financial_conditions_index,us,USA,,Chicago Fed National Financial Conditions Index,0.248,index,weekly,FRED_CHICAGO_FED,National Financial Conditions Index,https://fred.stlouisfed.org/series/NFCI,https://www.chicagofed.org/research/data/nfci/current-data,2026-08-31T14:34:09.166970Z,none
1989-07-14,financial_conditions_index,us,USA,,Chicago Fed National Financial Conditions Index,0.235,index,weekly,FRED_CHICAGO_FED,National Financial Conditions Index,https://fred.stlouisfed.org/series/NFCI,https://www.chicagofed.org/research/data/nfci/current-data,2026-08-31T14:34:09.166970Z,none
1989-07-21,financial_conditions_index,us,USA,,Chicago Fed National Financial Conditions Index,0.221,index,weekly,FRED_CHICAGO_FED,National Financial Conditions Index,https://fred.stlouisfed.org/series/NFCI,https://www.chicagofed.org/research/data/nfci/current-data,2026-08-31T14:34:09.166970Z,none
1989-07-28,financial_conditions_index,us,USA,,Chicago Fed National Financial Conditions Index,0.209,index,weekly,FRED_CHICAGO_FED,National Financial Conditions Index,https://fred.stlouisfed.org/series/NFCI,https://www.chicagofed.org/research/data/nfci/current-data,2026-08-31T14:34:09.166970Z,none
1989-08-04,financial_conditions_index,us,USA,,Chicago Fed National Financial Conditions Index,0.202,index,weekly,FRED_CHICAGO_FED,National Financial Conditions Index,https://fred.stlouisfed.org/series/NFCI,https://www.chicagofed.org/research/data/nfci/current-data,2026-08-31T14:34:09.166970Z,none
1989-08-11,financial_conditions_index,us,USA,,Chicago Fed National Financial Conditions Index,0.204,index,weekly,FRED_CHICAGO_FED,National Financial Conditions Index,https://fred.stlouisfed.org/series/NFCI,https://www.chicagofed.org/research/data/nfci/current-data,2026-08-31T14:34:09.166970Z,none
1989-08-18,financial_conditions_index,us,USA,,Chicago Fed National Financial Conditions Index,0.217,index,weekly,FRED_CHICAGO_FED,National Financial Conditions Index,https://fred.stlouisfed.org/series/NFCI,https://www.chicagofed.org/research/data/nfci/current-data,2026-08-31T14:34:09.166970Z,none
1989-08-25,financial_conditions_index,us,USA,,Chicago Fed National Financial Conditions Index,0.239,index,weekly,FRED_CHICAGO_FED,National Financial Conditions Index,https://fred.stlouisfed.org/series/NFCI,https://www.chicagofed.org/research/data/nfci/current-data,2026-08-31T14:34:09.166970Z,none
1989-09-01,financial_conditions_index,us,USA,,Chicago Fed National Financial Conditions Index,0.27,index,weekly,FRED_CHICAGO_FED,National Financial Conditions Index,https://fred.stlouisfed.org/series/NFCI,https://www.chicagofed.org/research/data/nfci/current-data,2026-08-31T14:34:09.166970Z,none
1989-09-08,financial_conditions_index,us,USA,,Chicago Fed National Financial Conditions Index,0.304,index,weekly,FRED_CHICAGO_FED,National Financial Conditions Index,https://fred.stlouisfed.org/series/NFCI,https://www.chicagofed.org/research/data/nfci/current-data,2026-08-31T14:34:09.166970Z,none
1989-09-15,financial_conditions_index,us,USA,,Chicago Fed National Financial Conditions Index,0.338,index,weekly,FRED_CHICAGO_FED,National Financial Conditions Index,https://fred.stlouisfed.org/series/NFCI,https://www.chicagofed.org/research/data/nfci/current-data,2026-08-31T14:34:09.166970Z,none
1989-09-22,financial_conditions_index,us,USA,,Chicago Fed National Financial Conditions Index,0.364,index,weekly,FRED_CHICAGO_FED,National Financial Conditions Index,https://fred.stlouisfed.org/series/NFCI,https://www.chicagofed.org/research/data/nfci/current-data,2026-08-31T14:34:09.166970Z,none
1989-09-29,financial_conditions_index,us,USA,,Chicago Fed National Financial Conditions Index,0.381,index,weekly,FRED_CHICAGO_FED,National Financial Conditions Index,https://fred.stlouisfed.org/series/NFCI,https://www.chicagofed.org/research/data/nfci/current-data,2026-08-31T14:34:09.166970Z,none
1989-10-06,financial_conditions_index,us,USA,,Chicago Fed National Financial Conditions Index,0.384,index,weekly,FRED_CHICAGO_FED,National Financial Conditions Index,https://fred.stlouisfed.org/series/NFCI,https://www.chicagofed.org/research/data/nfci/current-data,2026-08-31T14:34:09.166970Z,none
1989-10-13,financial_conditions_index,us,USA,,Chicago Fed National Financial Conditions Index,0.372,index,weekly,FRED_CHICAGO_FED,National Financial Conditions Index,https://fred.stlouisfed.org/series/NFCI,https://www.chicagofed.org/research/data/nfci/current-data,2026-08-31T14:34:09.166970Z,none
1989-10-20,financial_conditions_index,us,USA,,Chicago Fed National Financial Conditions Index,0.344,index,weekly,FRED_CHICAGO_FED,National Financial Conditions Index,https://fred.stlouisfed.org/series/NFCI,https://www.chicagofed.org/research/data/nfci/current-data,2026-08-31T14:34:09.166970Z,none
1989-10-27,financial_conditions_index,us,USA,,Chicago Fed National Financial Conditions Index,0.303,index,weekly,FRED_CHICAGO_FED,National Financial Conditions Index,https://fred.stlouisfed.org/series/NFCI,https://www.chicagofed.org/research/data/nfci/current-data,2026-08-31T14:34:09.166970Z,none
1989-11-03,financial_conditions_index,us,USA,,Chicago Fed National Financial Conditions Index,0.253,index,weekly,FRED_CHICAGO_FED,National Financial Conditions Index,https://fred.stlouisfed.org/series/NFCI,https://www.chicagofed.org/research/data/nfci/current-data,2026-08-31T14:34:09.166970Z,none
1989-11-10,financial_conditions_index,us,USA,,Chicago Fed National Financial Conditions Index,0.2,index,weekly,FRED_CHICAGO_FED,National Financial Conditions Index,https://fred.stlouisfed.org/series/NFCI,https://www.chicagofed.org/research/data/nfci/current-data,2026-08-31T14:34:09.166970Z,none
1989-11-17,financial_conditions_index,us,USA,,Chicago Fed National Financial Conditions Index,0.148,index,weekly,FRED_CHICAGO_FED,National Financial Conditions Index,https://fred.stlouisfed.org/series/NFCI,https://www.chicagofed.org/research/data/nfci/current-data,2026-08-31T14:34:09.166970Z,none
1989-11-24,financial_conditions_index,us,USA,,Chicago Fed National Financial Conditions Index,0.102,index,weekly,FRED_CHICAGO_FED,National Financial Conditions Index,https://fred.stlouisfed.org/series/NFCI,https://www.chicagofed.org/research/data/nfci/current-data,2026-08-31T14:34:09.166970Z,none
1989-12-01,financial_conditions_index,us,USA,,Chicago Fed National Financial Conditions Index,0.066,index,weekly,FRED_CHICAGO_FED,National Financial Conditions Index,https://fred.stlouisfed.org/series/NFCI,https://www.chicagofed.org/research/data/nfci/current-data,2026-08-31T14:34:09.166970Z,none
1989-12-08,financial_conditions_index,us,USA,,Chicago Fed National Financial Conditions Index,0.04,index,weekly,FRED_CHICAGO_FED,National Financial Conditions Index,https://fred.stlouisfed.org/series/NFCI,https://www.chicagofed.org/research/data/nfci/current-data,2026-08-31T14:34:09.166970Z,none
1989-12-15,financial_conditions_index,us,USA,,Chicago Fed National Financial Conditions Index,0.026,index,weekly,FRED_CHICAGO_FED,National Financial Conditions Index,https://fred.stlouisfed.org/series/NFCI,https://www.chicagofed.org/research/data/nfci/current-data,2026-08-31T14:34:09.166970Z,none
1989-12-22,financial_conditions_index,us,USA,,Chicago Fed National Financial Conditions Index,0.022,index,weekly,FRED_CHICAGO_FED,National Financial Conditions Index,https://fred.stlouisfed.org/series/NFCI,https://www.chicagofed.org/research/data/nfci/current-data,2026-08-31T14:34:09.166970Z,none
1989-12-29,financial_conditions_index,us,USA,,Chicago Fed National Financial Conditions Index,0.026,index,weekly,FRED_CHICAGO_FED,National Financial Conditions Index,https://fred.stlouisfed.org/series/NFCI,https://www.chicagofed.org/research/data/nfci/current-data,2026-08-31T14:34:09.166970Z,none
1990-01-05,financial_conditions_index,us,USA,,Chicago Fed National Financial Conditions Index,0.036,index,weekly,FRED_CHICAGO_FED,National Financial Conditions Index,https://fred.stlouisfed.org/series/NFCI,https://www.chicagofed.org/research/data/nfci/current-data,2026-08-31T14:34:09.166970Z,none
1990-01-12,financial_conditions_index,us,USA,,Chicago Fed National Financial Conditions Index,0.048,index,weekly,FRED_CHICAGO_FED,National Financial Conditions Index,https://fred.stlouisfed.org/series/NFCI,https://www.chicagofed.org/research/data/nfci/current-data,2026-08-31T14:34:09.166970Z,none
1990-01-19,financial_conditions_index,us,USA,,Chicago Fed National Financial Conditions Index,0.058,index,weekly,FRED_CHICAGO_FED,National Financial Conditions Index,https://fred.stlouisfed.org/series/NFCI,https://www.chicagofed.org/research/data/nfci/current-data,2026-08-31T14:34:09.166970Z,none
1990-01-26,financial_conditions_index,us,USA,,Chicago Fed National Financial Conditions Index,0.065,index,weekly,FRED_CHICAGO_FED,National Financial Conditions Index,https://fred.stlouisfed.org/series/NFCI,https://www.chicagofed.org/research/data/nfci/current-data,2026-08-31T14:34:09.166970Z,none
1990-02-02,financial_conditions_index,us,USA,,Chicago Fed National Financial Conditions Index,0.067,index,weekly,FRED_CHICAGO_FED,National Financial Conditions Index,https://fred.stlouisfed.org/series/NFCI,https://www.chicagofed.org/research/data/nfci/current-data,2026-08-31T14:34:09.166970Z,none
1990-02-09,financial_conditions_index,us,USA,,Chicago Fed National Financial Conditions Index,0.065,index,weekly,FRED_CHICAGO_FED,National Financial Conditions Index,https://fred.stlouisfed.org/series/NFCI,https://www.chicagofed.org/research/data/nfci/current-data,2026-08-31T14:34:09.166970Z,none
1990-02-16,financial_conditions_index,us,USA,,Chicago Fed National Financial Conditions Index,0.059,index,weekly,FRED_CHICAGO_FED,National Financial Conditions Index,https://fred.stlouisfed.org/series/NFCI,https://www.chicagofed.org/research/data/nfci/current-data,2026-08-31T14:34:09.166970Z,none
1990-02-23,financial_conditions_index,us,USA,,Chicago Fed National Financial Conditions Index,0.053,index,weekly,FRED_CHICAGO_FED,National Financial Conditions Index,https://fred.stlouisfed.org/series/NFCI,https://www.chicagofed.org/research/data/nfci/current-data,2026-08-31T14:34:09.166970Z,none
1990-03-02,financial_conditions_index,us,USA,,Chicago Fed National Financial Conditions Index,0.048,index,weekly,FRED_CHICAGO_FED,National Financial Conditions Index,https://fred.stlouisfed.org/series/NFCI,https://www.chicagofed.org/research/data/nfci/current-data,2026-08-31T14:34:09.166970Z,none
1990-03-09,financial_conditions_index,us,USA,,Chicago Fed National Financial Conditions Index,0.048,index,weekly,FRED_CHICAGO_FED,National Financial Conditions Index,https://fred.stlouisfed.org/series/NFCI,https://www.chicagofed.org/research/data/nfci/current-data,2026-08-31T14:34:09.166970Z,none
1990-03-16,financial_conditions_index,us,USA,,Chicago Fed National Financial Conditions Index,0.053,index,weekly,FRED_CHICAGO_FED,National Financial Conditions Index,https://fred.stlouisfed.org/series/NFCI,https://www.chicagofed.org/research/data/nfci/current-data,2026-08-31T14:34:09.166970Z,none
1990-03-23,financial_conditions_index,us,USA,,Chicago Fed National Financial Conditions Index,0.064,index,weekly,FRED_CHICAGO_FED,National Financial Conditions Index,https://fred.stlouisfed.org/series/NFCI,https://www.chicagofed.org/research/data/nfci/current-data,2026-08-31T14:34:09.166970Z,none
1990-03-30,financial_conditions_index,us,USA,,Chicago Fed National Financial Conditions Index,0.079,index,weekly,FRED_CHICAGO_FED,National Financial Conditions Index,https://fred.stlouisfed.org/series/NFCI,https://www.chicagofed.org/research/data/nfci/current-data,2026-08-31T14:34:09.166970Z,none
1990-04-06,financial_conditions_index,us,USA,,Chicago Fed National Financial Conditions Index,0.095,index,weekly,FRED_CHICAGO_FED,National Financial Conditions Index,https://fred.stlouisfed.org/series/NFCI,https://www.chicagofed.org/research/data/nfci/current-data,2026-08-31T14:34:09.166970Z,none
1990-04-13,financial_conditions_index,us,USA,,Chicago Fed National Financial Conditions Index,0.107,index,weekly,FRED_CHICAGO_FED,National Financial Conditions Index,https://fred.stlouisfed.org/series/NFCI,https://www.chicagofed.org/research/data/nfci/current-data,2026-08-31T14:34:09.166970Z,none
1990-04-20,financial_conditions_index,us,USA,,Chicago Fed National Financial Conditions Index,0.114,index,weekly,FRED_CHICAGO_FED,National Financial Conditions Index,https://fred.stlouisfed.org/series/NFCI,https://www.chicagofed.org/research/data/nfci/current-data,2026-08-31T14:34:09.166970Z,none
1990-04-27,financial_conditions_index,us,USA,,Chicago Fed National Financial Conditions Index,0.111,index,weekly,FRED_CHICAGO_FED,National Financial Conditions Index,https://fred.stlouisfed.org/series/NFCI,https://www.chicagofed.org/research/data/nfci/current-data,2026-08-31T14:34:09.166970Z,none
1990-05-04,financial_conditions_index,us,USA,,Chicago Fed National Financial Conditions Index,0.096,index,weekly,FRED_CHICAGO_FED,National Financial Conditions Index,https://fred.stlouisfed.org/series/NFCI,https://www.chicagofed.org/research/data/nfci/current-data,2026-08-31T14:34:09.166970Z,none
1990-05-11,financial_conditions_index,us,USA,,Chicago Fed National Financial Conditions Index,0.071,index,weekly,FRED_CHICAGO_FED,National Financial Conditions Index,https://fred.stlouisfed.org/series/NFCI,https://www.chicagofed.org/research/data/nfci/current-data,2026-08-31T14:34:09.166970Z,none
1990-05-18,financial_conditions_index,us,USA,,Chicago Fed National Financial Conditions Index,0.036,index,weekly,FRED_CHICAGO_FED,National Financial Conditions Index,https://fred.stlouisfed.org/series/NFCI,https://www.chicagofed.org/research/data/nfci/current-data,2026-08-31T14:34:09.166970Z,none
1990-05-25,financial_conditions_index,us,USA,,Chicago Fed National Financial Conditions Index,-0.005,index,weekly,FRED_CHICAGO_FED,National Financial Conditions Index,https://fred.stlouisfed.org/series/NFCI,https://www.chicagofed.org/research/data/nfci/current-data,2026-08-31T14:34:09.166970Z,none
1990-06-01,financial_conditions_index,us,USA,,Chicago Fed National Financial Conditions Index,-0.048,index,weekly,FRED_CHICAGO_FED,National Financial Conditions Index,https://fred.stlouisfed.org/series/NFCI,https://www.chicagofed.org/research/data/nfci/current-data,2026-08-31T14:34:09.166970Z,none
1990-06-08,financial_conditions_index,us,USA,,Chicago Fed National Financial Conditions Index,-0.088,index,weekly,FRED_CHICAGO_FED,National Financial Conditions Index,https://fred.stlouisfed.org/series/NFCI,https://www.chicagofed.org/research/data/nfci/current-data,2026-08-31T14:34:09.166970Z,none
1990-06-15,financial_conditions_index,us,USA,,Chicago Fed National Financial Conditions Index,-0.121,index,weekly,FRED_CHICAGO_FED,National Financial Conditions Index,https://fred.stlouisfed.org/series/NFCI,https://www.chicagofed.org/research/data/nfci/current-data,2026-08-31T14:34:09.166970Z,none
1990-06-22,financial_conditions_index,us,USA,,Chicago Fed National Financial Conditions Index,-0.144,index,weekly,FRED_CHICAGO_FED,National Financial Conditions Index,https://fred.stlouisfed.org/series/NFCI,https://www.chicagofed.org/research/data/nfci/current-data,2026-08-31T14:34:09.166970Z,none
1990-06-29,financial_conditions_index,us,USA,,Chicago Fed National Financial Conditions Index,-0.155,index,weekly,FRED_CHICAGO_FED,National Financial Conditions Index,https://fred.stlouisfed.org/series/NFCI,https://www.chicagofed.org/research/data/nfci/current-data,2026-08-31T14:34:09.166970Z,none
1990-07-06,financial_conditions_index,us,USA,,Chicago Fed National Financial Conditions Index,-0.151,index,weekly,FRED_CHICAGO_FED,National Financial Conditions Index,https://fred.stlouisfed.org/series/NFCI,https://www.chicagofed.org/research/data/nfci/current-data,2026-08-31T14:34:09.166970Z,none
1990-07-13,financial_conditions_index,us,USA,,Chicago Fed National Financial Conditions Index,-0.136,index,weekly,FRED_CHICAGO_FED,National Financial Conditions Index,https://fred.stlouisfed.org/series/NFCI,https://www.chicagofed.org/research/data/nfci/current-data,2026-08-31T14:34:09.166970Z,none
1990-07-20,financial_conditions_index,us,USA,,Chicago Fed National Financial Conditions Index,-0.109,index,weekly,FRED_CHICAGO_FED,National Financial Conditions Index,https://fred.stlouisfed.org/series/NFCI,https://www.chicagofed.org/research/data/nfci/current-data,2026-08-31T14:34:09.166970Z,none
1990-07-27,financial_conditions_index,us,USA,,Chicago Fed National Financial Conditions Index,-0.072,index,weekly,FRED_CHICAGO_FED,National Financial Conditions Index,https://fred.stlouisfed.org/series/NFCI,https://www.chicagofed.org/research/data/nfci/current-data,2026-08-31T14:34:09.166970Z,none
1990-08-03,financial_conditions_index,us,USA,,Chicago Fed National Financial Conditions Index,-0.028,index,weekly,FRED_CHICAGO_FED,National Financial Conditions Index,https://fred.stlouisfed.org/series/NFCI,https://www.chicagofed.org/research/data/nfci/current-data,2026-08-31T14:34:09.166970Z,none
1990-08-10,financial_conditions_index,us,USA,,Chicago Fed National Financial Conditions Index,0.023,index,weekly,FRED_CHICAGO_FED,National Financial Conditions Index,https://fred.stlouisfed.org/series/NFCI,https://www.chicagofed.org/research/data/nfci/current-data,2026-08-31T14:34:09.166970Z,none
1990-08-17,financial_conditions_index,us,USA,,Chicago Fed National Financial Conditions Index,0.075,index,weekly,FRED_CHICAGO_FED,National Financial Conditions Index,https://fred.stlouisfed.org/series/NFCI,https://www.chicagofed.org/research/data/nfci/current-data,2026-08-31T14:34:09.166970Z,none
1990-08-24,financial_conditions_index,us,USA,,Chicago Fed National Financial Conditions Index,0.13,index,weekly,FRED_CHICAGO_FED,National Financial Conditions Index,https://fred.stlouisfed.org/series/NFCI,https://www.chicagofed.org/research/data/nfci/current-data,2026-08-31T14:34:09.166970Z,none
1990-08-31,financial_conditions_index,us,USA,,Chicago Fed National Financial Conditions Index,0.185,index,weekly,FRED_CHICAGO_FED,National Financial Conditions Index,https://fred.stlouisfed.org/series/NFCI,https://www.chicagofed.org/research/data/nfci/current-data,2026-08-31T14:34:09.166970Z,none
1990-09-07,financial_conditions_index,us,USA,,Chicago Fed National Financial Conditions Index,0.239,index,weekly,FRED_CHICAGO_FED,National Financial Conditions Index,https://fred.stlouisfed.org/series/NFCI,https://www.chicagofed.org/research/data/nfci/current-data,2026-08-31T14:34:09.166970Z,none
1990-09-14,financial_conditions_index,us,USA,,Chicago Fed National Financial Conditions Index,0.29,index,weekly,FRED_CHICAGO_FED,National Financial Conditions Index,https://fred.stlouisfed.org/series/NFCI,https://www.chicagofed.org/research/data/nfci/current-data,2026-08-31T14:34:09.166970Z,none
1990-09-21,financial_conditions_index,us,USA,,Chicago Fed National Financial Conditions Index,0.337,index,weekly,FRED_CHICAGO_FED,National Financial Conditions Index,https://fred.stlouisfed.org/series/NFCI,https://www.chicagofed.org/research/data/nfci/current-data,2026-08-31T14:34:09.166970Z,none
1990-09-28,financial_conditions_index,us,USA,,Chicago Fed National Financial Conditions Index,0.38,index,weekly,FRED_CHICAGO_FED,National Financial Conditions Index,https://fred.stlouisfed.org/series/NFCI,https://www.chicagofed.org/research/data/nfci/current-data,2026-08-31T14:34:09.166970Z,none
1990-10-05,financial_conditions_index,us,USA,,Chicago Fed National Financial Conditions Index,0.413,index,weekly,FRED_CHICAGO_FED,National Financial Conditions Index,https://fred.stlouisfed.org/series/NFCI,https://www.chicagofed.org/research/data/nfci/current-data,2026-08-31T14:34:09.166970Z,none
1990-10-12,financial_conditions_index,us,USA,,Chicago Fed National Financial Conditions Index,0.437,index,weekly,FRED_CHICAGO_FED,National Financial Conditions Index,https://fred.stlouisfed.org/series/NFCI,https://www.chicagofed.org/research/data/nfci/current-data,2026-08-31T14:34:09.166970Z,none
1990-10-19,financial_conditions_index,us,USA,,Chicago Fed National Financial Conditions Index,0.451,index,weekly,FRED_CHICAGO_FED,National Financial Conditions Index,https://fred.stlouisfed.org/series/NFCI,https://www.chicagofed.org/research/data/nfci/current-data,2026-08-31T14:34:09.166970Z,none
1990-10-26,financial_conditions_index,us,USA,,Chicago Fed National Financial Conditions Index,0.456,index,weekly,FRED_CHICAGO_FED,National Financial Conditions Index,https://fred.stlouisfed.org/series/NFCI,https://www.chicagofed.org/research/data/nfci/current-data,2026-08-31T14:34:09.166970Z,none
1990-11-02,financial_conditions_index,us,USA,,Chicago Fed National Financial Conditions Index,0.457,index,weekly,FRED_CHICAGO_FED,National Financial Conditions Index,https://fred.stlouisfed.org/series/NFCI,https://www.chicagofed.org/research/data/nfci/current-data,2026-08-31T14:34:09.166970Z,none
1990-11-09,financial_conditions_index,us,USA,,Chicago Fed National Financial Conditions Index,0.456,index,weekly,FRED_CHICAGO_FED,National Financial Conditions Index,https://fred.stlouisfed.org/series/NFCI,https://www.chicagofed.org/research/data/nfci/current-data,2026-08-31T14:34:09.166970Z,none
1990-11-16,financial_conditions_index,us,USA,,Chicago Fed National Financial Conditions Index,0.456,index,weekly,FRED_CHICAGO_FED,National Financial Conditions Index,https://fred.stlouisfed.org/series/NFCI,https://www.chicagofed.org/research/data/nfci/current-data,2026-08-31T14:34:09.166970Z,none
1990-11-23,financial_conditions_index,us,USA,,Chicago Fed National Financial Conditions Index,0.46,index,weekly,FRED_CHICAGO_FED,National Financial Conditions Index,https://fred.stlouisfed.org/series/NFCI,https://www.chicagofed.org/research/data/nfci/current-data,2026-08-31T14:34:09.166970Z,none
1990-11-30,financial_conditions_index,us,USA,,Chicago Fed National Financial Conditions Index,0.471,index,weekly,FRED_CHICAGO_FED,National Financial Conditions Index,https://fred.stlouisfed.org/series/NFCI,https://www.chicagofed.org/research/data/nfci/current-data,2026-08-31T14:34:09.166970Z,none
1990-12-07,financial_conditions_index,us,USA,,Chicago Fed National Financial Conditions Index,0.484,index,weekly,FRED_CHICAGO_FED,National Financial Conditions Index,https://fred.stlouisfed.org/series/NFCI,https://www.chicagofed.org/research/data/nfci/current-data,2026-08-31T14:34:09.166970Z,none
1990-12-14,financial_conditions_index,us,USA,,Chicago Fed National Financial Conditions Index,0.498,index,weekly,FRED_CHICAGO_FED,National Financial Conditions Index,https://fred.stlouisfed.org/series/NFCI,https://www.chicagofed.org/research/data/nfci/current-data,2026-08-31T14:34:09.166970Z,none
1990-12-21,financial_conditions_index,us,USA,,Chicago Fed National Financial Conditions Index,0.513,index,weekly,FRED_CHICAGO_FED,National Financial Conditions Index,https://fred.stlouisfed.org/series/NFCI,https://www.chicagofed.org/research/data/nfci/current-data,2026-08-31T14:34:09.166970Z,none
1990-12-28,financial_conditions_index,us,USA,,Chicago Fed National Financial Conditions Index,0.52,index,weekly,FRED_CHICAGO_FED,National Financial Conditions Index,https://fred.stlouisfed.org/series/NFCI,https://www.chicagofed.org/research/data/nfci/current-data,2026-08-31T14:34:09.166970Z,none
1991-01-04,financial_conditions_index,us,USA,,Chicago Fed National Financial Conditions Index,0.512,index,weekly,FRED_CHICAGO_FED,National Financial Conditions Index,https://fred.stlouisfed.org/series/NFCI,https://www.chicagofed.org/research/data/nfci/current-data,2026-08-31T14:34:09.166970Z,none
1991-01-11,financial_conditions_index,us,USA,,Chicago Fed National Financial Conditions Index,0.491,index,weekly,FRED_CHICAGO_FED,National Financial Conditions Index,https://fred.stlouisfed.org/series/NFCI,https://www.chicagofed.org/research/data/nfci/current-data,2026-08-31T14:34:09.166970Z,none
1991-01-18,financial_conditions_index,us,USA,,Chicago Fed National Financial Conditions Index,0.451,index,weekly,FRED_CHICAGO_FED,National Financial Conditions Index,https://fred.stlouisfed.org/series/NFCI,https://www.chicagofed.org/research/data/nfci/current-data,2026-08-31T14:34:09.166970Z,none
1991-01-25,financial_conditions_index,us,USA,,Chicago Fed National Financial Conditions Index,0.392,index,weekly,FRED_CHICAGO_FED,National Financial Conditions Index,https://fred.stlouisfed.org/series/NFCI,https://www.chicagofed.org/research/data/nfci/current-data,2026-08-31T14:34:09.166970Z,none
1991-02-01,financial_conditions_index,us,USA,,Chicago Fed National Financial Conditions Index,0.324,index,weekly,FRED_CHICAGO_FED,National Financial Conditions Index,https://fred.stlouisfed.org/series/NFCI,https://www.chicagofed.org/research/data/nfci/current-data,2026-08-31T14:34:09.166970Z,none
1991-02-08,financial_conditions_index,us,USA,,Chicago Fed National Financial Conditions Index,0.249,index,weekly,FRED_CHICAGO_FED,National Financial Conditions Index,https://fred.stlouisfed.org/series/NFCI,https://www.chicagofed.org/research/data/nfci/current-data,2026-08-31T14:34:09.166970Z,none
1991-02-15,financial_conditions_index,us,USA,,Chicago Fed National Financial Conditions Index,0.174,index,weekly,FRED_CHICAGO_FED,National Financial Conditions Index,https://fred.stlouisfed.org/series/NFCI,https://www.chicagofed.org/research/data/nfci/current-data,2026-08-31T14:34:09.166970Z,none
1991-02-22,financial_conditions_index,us,USA,,Chicago Fed National Financial Conditions Index,0.103,index,weekly,FRED_CHICAGO_FED,National Financial Conditions Index,https://fred.stlouisfed.org/series/NFCI,https://www.chicagofed.org/research/data/nfci/current-data,2026-08-31T14:34:09.166970Z,none
1991-03-01,financial_conditions_index,us,USA,,Chicago Fed National Financial Conditions Index,0.038,index,weekly,FRED_CHICAGO_FED,National Financial Conditions Index,https://fred.stlouisfed.org/series/NFCI,https://www.chicagofed.org/research/data/nfci/current-data,2026-08-31T14:34:09.166970Z,none
1991-03-08,financial_conditions_index,us,USA,,Chicago Fed National Financial Conditions Index,-0.019,index,weekly,FRED_CHICAGO_FED,National Financial Conditions Index,https://fred.stlouisfed.org/series/NFCI,https://www.chicagofed.org/research/data/nfci/current-data,2026-08-31T14:34:09.166970Z,none
1991-03-15,financial_conditions_index,us,USA,,Chicago Fed National Financial Conditions Index,-0.07,index,weekly,FRED_CHICAGO_FED,National Financial Conditions Index,https://fred.stlouisfed.org/series/NFCI,https://www.chicagofed.org/research/data/nfci/current-data,2026-08-31T14:34:09.166970Z,none
1991-03-22,financial_conditions_index,us,USA,,Chicago Fed National Financial Conditions Index,-0.112,index,weekly,FRED_CHICAGO_FED,National Financial Conditions Index,https://fred.stlouisfed.org/series/NFCI,https://www.chicagofed.org/research/data/nfci/current-data,2026-08-31T14:34:09.166970Z,none
1991-03-29,financial_conditions_index,us,USA,,Chicago Fed National Financial Conditions Index,-0.148,index,weekly,FRED_CHICAGO_FED,National Financial Conditions Index,https://fred.stlouisfed.org/series/NFCI,https://www.chicagofed.org/research/data/nfci/current-data,2026-08-31T14:34:09.166970Z,none
1991-04-05,financial_conditions_index,us,USA,,Chicago Fed National Financial Conditions Index,-0.177,index,weekly,FRED_CHICAGO_FED,National Financial Conditions Index,https://fred.stlouisfed.org/series/NFCI,https://www.chicagofed.org/research/data/nfci/current-data,2026-08-31T14:34:09.166970Z,none
1991-04-12,financial_conditions_index,us,USA,,Chicago Fed National Financial Conditions Index,-0.201,index,weekly,FRED_CHICAGO_FED,National Financial Conditions Index,https://fred.stlouisfed.org/series/NFCI,https://www.chicagofed.org/research/data/nfci/current-data,2026-08-31T14:34:09.166970Z,none
1991-04-19,financial_conditions_index,us,USA,,Chicago Fed National Financial Conditions Index,-0.22,index,weekly,FRED_CHICAGO_FED,National Financial Conditions Index,https://fred.stlouisfed.org/series/NFCI,https://www.chicagofed.org/research/data/nfci/current-data,2026-08-31T14:34:09.166970Z,none
1991-04-26,financial_conditions_index,us,USA,,Chicago Fed National Financial Conditions Index,-0.233,index,weekly,FRED_CHICAGO_FED,National Financial Conditions Index,https://fred.stlouisfed.org/series/NFCI,https://www.chicagofed.org/research/data/nfci/current-data,2026-08-31T14:34:09.166970Z,none
1991-05-03,financial_conditions_index,us,USA,,Chicago Fed National Financial Conditions Index,-0.242,index,weekly,FRED_CHICAGO_FED,National Financial Conditions Index,https://fred.stlouisfed.org/series/NFCI,https://www.chicagofed.org/research/data/nfci/current-data,2026-08-31T14:34:09.166970Z,none
1991-05-10,financial_conditions_index,us,USA,,Chicago Fed National Financial Conditions Index,-0.245,index,weekly,FRED_CHICAGO_FED,National Financial Conditions Index,https://fred.stlouisfed.org/series/NFCI,https://www.chicagofed.org/research/data/nfci/current-data,2026-08-31T14:34:09.166970Z,none
1991-05-17,financial_conditions_index,us,USA,,Chicago Fed National Financial Conditions Index,-0.244,index,weekly,FRED_CHICAGO_FED,National Financial Conditions Index,https://fred.stlouisfed.org/series/NFCI,https://www.chicagofed.org/research/data/nfci/current-data,2026-08-31T14:34:09.166970Z,none
1991-05-24,financial_conditions_index,us,USA,,Chicago Fed National Financial Conditions Index,-0.24,index,weekly,FRED_CHICAGO_FED,National Financial Conditions Index,https://fred.stlouisfed.org/series/NFCI,https://www.chicagofed.org/research/data/nfci/current-data,2026-08-31T14:34:09.166970Z,none
1991-05-31,financial_conditions_index,us,USA,,Chicago Fed National Financial Conditions Index,-0.235,index,weekly,FRED_CHICAGO_FED,National Financial Conditions Index,https://fred.stlouisfed.org/series/NFCI,https://www.chicagofed.org/research/data/nfci/current-data,2026-08-31T14:34:09.166970Z,none
1991-06-07,financial_conditions_index,us,USA,,Chicago Fed National Financial Conditions Index,-0.233,index,weekly,FRED_CHICAGO_FED,National Financial Conditions Index,https://fred.stlouisfed.org/series/NFCI,https://www.chicagofed.org/research/data/nfci/current-data,2026-08-31T14:34:09.166970Z,none
1991-06-14,financial_conditions_index,us,USA,,Chicago Fed National Financial Conditions Index,-0.237,index,weekly,FRED_CHICAGO_FED,National Financial Conditions Index,https://fred.stlouisfed.org/series/NFCI,https://www.chicagofed.org/research/data/nfci/current-data,2026-08-31T14:34:09.166970Z,none
1991-06-21,financial_conditions_index,us,USA,,Chicago Fed National Financial Conditions Index,-0.249,index,weekly,FRED_CHICAGO_FED,National Financial Conditions Index,https://fred.stlouisfed.org/series/NFCI,https://www.chicagofed.org/research/data/nfci/current-data,2026-08-31T14:34:09.166970Z,none
1991-06-28,financial_conditions_index,us,USA,,Chicago Fed National Financial Conditions Index,-0.269,index,weekly,FRED_CHICAGO_FED,National Financial Conditions Index,https://fred.stlouisfed.org/series/NFCI,https://www.chicagofed.org/research/data/nfci/current-data,2026-08-31T14:34:09.166970Z,none
1991-07-05,financial_conditions_index,us,USA,,Chicago Fed National Financial Conditions Index,-0.298,index,weekly,FRED_CHICAGO_FED,National Financial Conditions Index,https://fred.stlouisfed.org/series/NFCI,https://www.chicagofed.org/research/data/nfci/current-data,2026-08-31T14:34:09.166970Z,none
1991-07-12,financial_conditions_index,us,USA,,Chicago Fed National Financial Conditions Index,-0.333,index,weekly,FRED_CHICAGO_FED,National Financial Conditions Index,https://fred.stlouisfed.org/series/NFCI,https://www.chicagofed.org/research/data/nfci/current-data,2026-08-31T14:34:09.166970Z,none
1991-07-19,financial_conditions_index,us,USA,,Chicago Fed National Financial Conditions Index,-0.373,index,weekly,FRED_CHICAGO_FED,National Financial Conditions Index,https://fred.stlouisfed.org/series/NFCI,https://www.chicagofed.org/research/data/nfci/current-data,2026-08-31T14:34:09.166970Z,none
1991-07-26,financial_conditions_index,us,USA,,Chicago Fed National Financial Conditions Index,-0.414,index,weekly,FRED_CHICAGO_FED,National Financial Conditions Index,https://fred.stlouisfed.org/series/NFCI,https://www.chicagofed.org/research/data/nfci/current-data,2026-08-31T14:34:09.166970Z,none
1991-08-02,financial_conditions_index,us,USA,,Chicago Fed National Financial Conditions Index,-0.451,index,weekly,FRED_CHICAGO_FED,National Financial Conditions Index,https://fred.stlouisfed.org/series/NFCI,https://www.chicagofed.org/research/data/nfci/current-data,2026-08-31T14:34:09.166970Z,none
1991-08-09,financial_conditions_index,us,USA,,Chicago Fed National Financial Conditions Index,-0.484,index,weekly,FRED_CHICAGO_FED,National Financial Conditions Index,https://fred.stlouisfed.org/series/NFCI,https://www.chicagofed.org/research/data/nfci/current-data,2026-08-31T14:34:09.166970Z,none
1991-08-16,financial_conditions_index,us,USA,,Chicago Fed National Financial Conditions Index,-0.509,index,weekly,FRED_CHICAGO_FED,National Financial Conditions Index,https://fred.stlouisfed.org/series/NFCI,https://www.chicagofed.org/research/data/nfci/current-data,2026-08-31T14:34:09.166970Z,none
1991-08-23,financial_conditions_index,us,USA,,Chicago Fed National Financial Conditions Index,-0.527,index,weekly,FRED_CHICAGO_FED,National Financial Conditions Index,https://fred.stlouisfed.org/series/NFCI,https://www.chicagofed.org/research/data/nfci/current-data,2026-08-31T14:34:09.166970Z,none
1991-08-30,financial_conditions_index,us,USA,,Chicago Fed National Financial Conditions Index,-0.54,index,weekly,FRED_CHICAGO_FED,National Financial Conditions Index,https://fred.stlouisfed.org/series/NFCI,https://www.chicagofed.org/research/data/nfci/current-data,2026-08-31T14:34:09.166970Z,none
1991-09-06,financial_conditions_index,us,USA,,Chicago Fed National Financial Conditions Index,-0.548,index,weekly,FRED_CHICAGO_FED,National Financial Conditions Index,https://fred.stlouisfed.org/series/NFCI,https://www.chicagofed.org/research/data/nfci/current-data,2026-08-31T14:34:09.166970Z,none
1991-09-13,financial_conditions_index,us,USA,,Chicago Fed National Financial Conditions Index,-0.553,index,weekly,FRED_CHICAGO_FED,National Financial Conditions Index,https://fred.stlouisfed.org/series/NFCI,https://www.chicagofed.org/research/data/nfci/current-data,2026-08-31T14:34:09.166970Z,none
1991-09-20,financial_conditions_index,us,USA,,Chicago Fed National Financial Conditions Index,-0.557,index,weekly,FRED_CHICAGO_FED,National Financial Conditions Index,https://fred.stlouisfed.org/series/NFCI,https://www.chicagofed.org/research/data/nfci/current-data,2026-08-31T14:34:09.166970Z,none
1991-09-27,financial_conditions_index,us,USA,,Chicago Fed National Financial Conditions Index,-0.56,index,weekly,FRED_CHICAGO_FED,National Financial Conditions Index,https://fred.stlouisfed.org/series/NFCI,https://www.chicagofed.org/research/data/nfci/current-data,2026-08-31T14:34:09.166970Z,none
1991-10-04,financial_conditions_index,us,USA,,Chicago Fed National Financial Conditions Index,-0.563,index,weekly,FRED_CHICAGO_FED,National Financial Conditions Index,https://fred.stlouisfed.org/series/NFCI,https://www.chicagofed.org/research/data/nfci/current-data,2026-08-31T14:34:09.166970Z,none
1991-10-11,financial_conditions_index,us,USA,,Chicago Fed National Financial Conditions Index,-0.568,index,weekly,FRED_CHICAGO_FED,National Financial Conditions Index,https://fred.stlouisfed.org/series/NFCI,https://www.chicagofed.org/research/data/nfci/current-data,2026-08-31T14:34:09.166970Z,none
1991-10-18,financial_conditions_index,us,USA,,Chicago Fed National Financial Conditions Index,-0.574,index,weekly,FRED_CHICAGO_FED,National Financial Conditions Index,https://fred.stlouisfed.org/series/NFCI,https://www.chicagofed.org/research/data/nfci/current-data,2026-08-31T14:34:09.166970Z,none
1991-10-25,financial_conditions_index,us,USA,,Chicago Fed National Financial Conditions Index,-0.581,index,weekly,FRED_CHICAGO_FED,National Financial Conditions Index,https://fred.stlouisfed.org/series/NFCI,https://www.chicagofed.org/research/data/nfci/current-data,2026-08-31T14:34:09.166970Z,none
1991-11-01,financial_conditions_index,us,USA,,Chicago Fed National Financial Conditions Index,-0.59,index,weekly,FRED_CHICAGO_FED,National Financial Conditions Index,https://fred.stlouisfed.org/series/NFCI,https://www.chicagofed.org/research/data/nfci/current-data,2026-08-31T14:34:09.166970Z,none
1991-11-08,financial_conditions_index,us,USA,,Chicago Fed National Financial Conditions Index,-0.599,index,weekly,FRED_CHICAGO_FED,National Financial Conditions Index,https://fred.stlouisfed.org/series/NFCI,https://www.chicagofed.org/research/data/nfci/current-data,2026-08-31T14:34:09.166970Z,none
1991-11-15,financial_conditions_index,us,USA,,Chicago Fed National Financial Conditions Index,-0.609,index,weekly,FRED_CHICAGO_FED,National Financial Conditions Index,https://fred.stlouisfed.org/series/NFCI,https://www.chicagofed.org/research/data/nfci/current-data,2026-08-31T14:34:09.166970Z,none
1991-11-22,financial_conditions_index,us,USA,,Chicago Fed National Financial Conditions Index,-0.618,index,weekly,FRED_CHICAGO_FED,National Financial Conditions Index,https://fred.stlouisfed.org/series/NFCI,https://www.chicagofed.org/research/data/nfci/current-data,2026-08-31T14:34:09.166970Z,none
1991-11-29,financial_conditions_index,us,USA,,Chicago Fed National Financial Conditions Index,-0.628,index,weekly,FRED_CHICAGO_FED,National Financial Conditions Index,https://fred.stlouisfed.org/series/NFCI,https://www.chicagofed.org/research/data/nfci/current-data,2026-08-31T14:34:09.166970Z,none
1991-12-06,financial_conditions_index,us,USA,,Chicago Fed National Financial Conditions Index,-0.639,index,weekly,FRED_CHICAGO_FED,National Financial Conditions Index,https://fred.stlouisfed.org/series/NFCI,https://www.chicagofed.org/research/data/nfci/current-data,2026-08-31T14:34:09.166970Z,none
1991-12-13,financial_conditions_index,us,USA,,Chicago Fed National Financial Conditions Index,-0.649,index,weekly,FRED_CHICAGO_FED,National Financial Conditions Index,https://fred.stlouisfed.org/series/NFCI,https://www.chicagofed.org/research/data/nfci/current-data,2026-08-31T14:34:09.166970Z,none
1991-12-20,financial_conditions_index,us,USA,,Chicago Fed National Financial Conditions Index,-0.657,index,weekly,FRED_CHICAGO_FED,National Financial Conditions Index,https://fred.stlouisfed.org/series/NFCI,https://www.chicagofed.org/research/data/nfci/current-data,2026-08-31T14:34:09.166970Z,none
1991-12-27,financial_conditions_index,us,USA,,Chicago Fed National Financial Conditions Index,-0.663,index,weekly,FRED_CHICAGO_FED,National Financial Conditions Index,https://fred.stlouisfed.org/series/NFCI,https://www.chicagofed.org/research/data/nfci/current-data,2026-08-31T14:34:09.166970Z,none
1992-01-03,financial_conditions_index,us,USA,,Chicago Fed National Financial Conditions Index,-0.665,index,weekly,FRED_CHICAGO_FED,National Financial Conditions Index,https://fred.stlouisfed.org/series/NFCI,https://www.chicagofed.org/research/data/nfci/current-data,2026-08-31T14:34:09.166970Z,none
1992-01-10,financial_conditions_index,us,USA,,Chicago Fed National Financial Conditions Index,-0.666,index,weekly,FRED_CHICAGO_FED,National Financial Conditions Index,https://fred.stlouisfed.org/series/NFCI,https://www.chicagofed.org/research/data/nfci/current-data,2026-08-31T14:34:09.166970Z,none
1992-01-17,financial_conditions_index,us,USA,,Chicago Fed National Financial Conditions Index,-0.663,index,weekly,FRED_CHICAGO_FED,National Financial Conditions Index,https://fred.stlouisfed.org/series/NFCI,https://www.chicagofed.org/research/data/nfci/current-data,2026-08-31T14:34:09.166970Z,none
1992-01-24,financial_conditions_index,us,USA,,Chicago Fed National Financial Conditions Index,-0.659,index,weekly,FRED_CHICAGO_FED,National Financial Conditions Index,https://fred.stlouisfed.org/series/NFCI,https://www.chicagofed.org/research/data/nfci/current-data,2026-08-31T14:34:09.166970Z,none
1992-01-31,financial_conditions_index,us,USA,,Chicago Fed National Financial Conditions Index,-0.656,index,weekly,FRED_CHICAGO_FED,National Financial Conditions Index,https://fred.stlouisfed.org/series/NFCI,https://www.chicagofed.org/research/data/nfci/current-data,2026-08-31T14:34:09.166970Z,none
1992-02-07,financial_conditions_index,us,USA,,Chicago Fed National Financial Conditions Index,-0.654,index,weekly,FRED_CHICAGO_FED,National Financial Conditions Index,https://fred.stlouisfed.org/series/NFCI,https://www.chicagofed.org/research/data/nfci/current-data,2026-08-31T14:34:09.166970Z,none
1992-02-14,financial_conditions_index,us,USA,,Chicago Fed National Financial Conditions Index,-0.653,index,weekly,FRED_CHICAGO_FED,National Financial Conditions Index,https://fred.stlouisfed.org/series/NFCI,https://www.chicagofed.org/research/data/nfci/current-data,2026-08-31T14:34:09.166970Z,none
1992-02-21,financial_conditions_index,us,USA,,Chicago Fed National Financial Conditions Index,-0.653,index,weekly,FRED_CHICAGO_FED,National Financial Conditions Index,https://fred.stlouisfed.org/series/NFCI,https://www.chicagofed.org/research/data/nfci/current-data,2026-08-31T14:34:09.166970Z,none
1992-02-28,financial_conditions_index,us,USA,,Chicago Fed National Financial Conditions Index,-0.654,index,weekly,FRED_CHICAGO_FED,National Financial Conditions Index,https://fred.stlouisfed.org/series/NFCI,https://www.chicagofed.org/research/data/nfci/current-data,2026-08-31T14:34:09.166970Z,none
1992-03-06,financial_conditions_index,us,USA,,Chicago Fed National Financial Conditions Index,-0.657,index,weekly,FRED_CHICAGO_FED,National Financial Conditions Index,https://fred.stlouisfed.org/series/NFCI,https://www.chicagofed.org/research/data/nfci/current-data,2026-08-31T14:34:09.166970Z,none
1992-03-13,financial_conditions_index,us,USA,,Chicago Fed National Financial Conditions Index,-0.662,index,weekly,FRED_CHICAGO_FED,National Financial Conditions Index,https://fred.stlouisfed.org/series/NFCI,https://www.chicagofed.org/research/data/nfci/current-data,2026-08-31T14:34:09.166970Z,none
1992-03-20,financial_conditions_index,us,USA,,Chicago Fed National Financial Conditions Index,-0.67,index,weekly,FRED_CHICAGO_FED,National Financial Conditions Index,https://fred.stlouisfed.org/series/NFCI,https://www.chicagofed.org/research/data/nfci/current-data,2026-08-31T14:34:09.166970Z,none
1992-03-27,financial_conditions_index,us,USA,,Chicago Fed National Financial Conditions Index,-0.682,index,weekly,FRED_CHICAGO_FED,National Financial Conditions Index,https://fred.stlouisfed.org/series/NFCI,https://www.chicagofed.org/research/data/nfci/current-data,2026-08-31T14:34:09.166970Z,none
1992-04-03,financial_conditions_index,us,USA,,Chicago Fed National Financial Conditions Index,-0.698,index,weekly,FRED_CHICAGO_FED,National Financial Conditions Index,https://fred.stlouisfed.org/series/NFCI,https://www.chicagofed.org/research/data/nfci/current-data,2026-08-31T14:34:09.166970Z,none
1992-04-10,financial_conditions_index,us,USA,,Chicago Fed National Financial Conditions Index,-0.717,index,weekly,FRED_CHICAGO_FED,National Financial Conditions Index,https://fred.stlouisfed.org/series/NFCI,https://www.chicagofed.org/research/data/nfci/current-data,2026-08-31T14:34:09.166970Z,none
1992-04-17,financial_conditions_index,us,USA,,Chicago Fed National Financial Conditions Index,-0.738,index,weekly,FRED_CHICAGO_FED,National Financial Conditions Index,https://fred.stlouisfed.org/series/NFCI,https://www.chicagofed.org/research/data/nfci/current-data,2026-08-31T14:34:09.166970Z,none
1992-04-24,financial_conditions_index,us,USA,,Chicago Fed National Financial Conditions Index,-0.76,index,weekly,FRED_CHICAGO_FED,National Financial Conditions Index,https://fred.stlouisfed.org/series/NFCI,https://www.chicagofed.org/research/data/nfci/current-data,2026-08-31T14:34:09.166970Z,none
1992-05-01,financial_conditions_index,us,USA,,Chicago Fed National Financial Conditions Index,-0.783,index,weekly,FRED_CHICAGO_FED,National Financial Conditions Index,https://fred.stlouisfed.org/series/NFCI,https://www.chicagofed.org/research/data/nfci/current-data,2026-08-31T14:34:09.166970Z,none
1992-05-08,financial_conditions_index,us,USA,,Chicago Fed National Financial Conditions Index,-0.804,index,weekly,FRED_CHICAGO_FED,National Financial Conditions Index,https://fred.stlouisfed.org/series/NFCI,https://www.chicagofed.org/research/data/nfci/current-data,2026-08-31T14:34:09.166970Z,none
1992-05-15,financial_conditions_index,us,USA,,Chicago Fed National Financial Conditions Index,-0.824,index,weekly,FRED_CHICAGO_FED,National Financial Conditions Index,https://fred.stlouisfed.org/series/NFCI,https://www.chicagofed.org/research/data/nfci/current-data,2026-08-31T14:34:09.166970Z,none
1992-05-22,financial_conditions_index,us,USA,,Chicago Fed National Financial Conditions Index,-0.843,index,weekly,FRED_CHICAGO_FED,National Financial Conditions Index,https://fred.stlouisfed.org/series/NFCI,https://www.chicagofed.org/research/data/nfci/current-data,2026-08-31T14:34:09.166970Z,none
1992-05-29,financial_conditions_index,us,USA,,Chicago Fed National Financial Conditions Index,-0.859,index,weekly,FRED_CHICAGO_FED,National Financial Conditions Index,https://fred.stlouisfed.org/series/NFCI,https://www.chicagofed.org/research/data/nfci/current-data,2026-08-31T14:34:09.166970Z,none
1992-06-05,financial_conditions_index,us,USA,,Chicago Fed National Financial Conditions Index,-0.874,index,weekly,FRED_CHICAGO_FED,National Financial Conditions Index,https://fred.stlouisfed.org/series/NFCI,https://www.chicagofed.org/research/data/nfci/current-data,2026-08-31T14:34:09.166970Z,none
1992-06-12,financial_conditions_index,us,USA,,Chicago Fed National Financial Conditions Index,-0.888,index,weekly,FRED_CHICAGO_FED,National Financial Conditions Index,https://fred.stlouisfed.org/series/NFCI,https://www.chicagofed.org/research/data/nfci/current-data,2026-08-31T14:34:09.166970Z,none
1992-06-19,financial_conditions_index,us,USA,,Chicago Fed National Financial Conditions Index,-0.902,index,weekly,FRED_CHICAGO_FED,National Financial Conditions Index,https://fred.stlouisfed.org/series/NFCI,https://www.chicagofed.org/research/data/nfci/current-data,2026-08-31T14:34:09.166970Z,none
1992-06-26,financial_conditions_index,us,USA,,Chicago Fed National Financial Conditions Index,-0.914,index,weekly,FRED_CHICAGO_FED,National Financial Conditions Index,https://fred.stlouisfed.org/series/NFCI,https://www.chicagofed.org/research/data/nfci/current-data,2026-08-31T14:34:09.166970Z,none
1992-07-03,financial_conditions_index,us,USA,,Chicago Fed National Financial Conditions Index,-0.924,index,weekly,FRED_CHICAGO_FED,National Financial Conditions Index,https://fred.stlouisfed.org/series/NFCI,https://www.chicagofed.org/research/data/nfci/current-data,2026-08-31T14:34:09.166970Z,none
1992-07-10,financial_conditions_index,us,USA,,Chicago Fed National Financial Conditions Index,-0.932,index,weekly,FRED_CHICAGO_FED,National Financial Conditions Index,https://fred.stlouisfed.org/series/NFCI,https://www.chicagofed.org/research/data/nfci/current-data,2026-08-31T14:34:09.166970Z,none
1992-07-17,financial_conditions_index,us,USA,,Chicago Fed National Financial Conditions Index,-0.936,index,weekly,FRED_CHICAGO_FED,National Financial Conditions Index,https://fred.stlouisfed.org/series/NFCI,https://www.chicagofed.org/research/data/nfci/current-data,2026-08-31T14:34:09.166970Z,none
1992-07-24,financial_conditions_index,us,USA,,Chicago Fed National Financial Conditions Index,-0.938,index,weekly,FRED_CHICAGO_FED,National Financial Conditions Index,https://fred.stlouisfed.org/series/NFCI,https://www.chicagofed.org/research/data/nfci/current-data,2026-08-31T14:34:09.166970Z,none
1992-07-31,financial_conditions_index,us,USA,,Chicago Fed National Financial Conditions Index,-0.936,index,weekly,FRED_CHICAGO_FED,National Financial Conditions Index,https://fred.stlouisfed.org/series/NFCI,https://www.chicagofed.org/research/data/nfci/current-data,2026-08-31T14:34:09.166970Z,none
1992-08-07,financial_conditions_index,us,USA,,Chicago Fed National Financial Conditions Index,-0.931,index,weekly,FRED_CHICAGO_FED,National Financial Conditions Index,https://fred.stlouisfed.org/series/NFCI,https://www.chicagofed.org/research/data/nfci/current-data,2026-08-31T14:34:09.166970Z,none
1992-08-14,financial_conditions_index,us,USA,,Chicago Fed National Financial Conditions Index,-0.923,index,weekly,FRED_CHICAGO_FED,National Financial Conditions Index,https://fred.stlouisfed.org/series/NFCI,https://www.chicagofed.org/research/data/nfci/current-data,2026-08-31T14:34:09.166970Z,none
1992-08-21,financial_conditions_index,us,USA,,Chicago Fed National Financial Conditions Index,-0.912,index,weekly,FRED_CHICAGO_FED,National Financial Conditions Index,https://fred.stlouisfed.org/series/NFCI,https://www.chicagofed.org/research/data/nfci/current-data,2026-08-31T14:34:09.166970Z,none
1992-08-28,financial_conditions_index,us,USA,,Chicago Fed National Financial Conditions Index,-0.897,index,weekly,FRED_CHICAGO_FED,National Financial Conditions Index,https://fred.stlouisfed.org/series/NFCI,https://www.chicagofed.org/research/data/nfci/current-data,2026-08-31T14:34:09.166970Z,none
1992-09-04,financial_conditions_index,us,USA,,Chicago Fed National Financial Conditions Index,-0.879,index,weekly,FRED_CHICAGO_FED,National Financial Conditions Index,https://fred.stlouisfed.org/series/NFCI,https://www.chicagofed.org/research/data/nfci/current-data,2026-08-31T14:34:09.166970Z,none
1992-09-11,financial_conditions_index,us,USA,,Chicago Fed National Financial Conditions Index,-0.858,index,weekly,FRED_CHICAGO_FED,National Financial Conditions Index,https://fred.stlouisfed.org/series/NFCI,https://www.chicagofed.org/research/data/nfci/current-data,2026-08-31T14:34:09.166970Z,none
1992-09-18,financial_conditions_index,us,USA,,Chicago Fed National Financial Conditions Index,-0.833,index,weekly,FRED_CHICAGO_FED,National Financial Conditions Index,https://fred.stlouisfed.org/series/NFCI,https://www.chicagofed.org/research/data/nfci/current-data,2026-08-31T14:34:09.166970Z,none
1992-09-25,financial_conditions_index,us,USA,,Chicago Fed National Financial Conditions Index,-0.804,index,weekly,FRED_CHICAGO_FED,National Financial Conditions Index,https://fred.stlouisfed.org/series/NFCI,https://www.chicagofed.org/research/data/nfci/current-data,2026-08-31T14:34:09.166970Z,none
1992-10-02,financial_conditions_index,us,USA,,Chicago Fed National Financial Conditions Index,-0.773,index,weekly,FRED_CHICAGO_FED,National Financial Conditions Index,https://fred.stlouisfed.org/series/NFCI,https://www.chicagofed.org/research/data/nfci/current-data,2026-08-31T14:34:09.166970Z,none
1992-10-09,financial_conditions_index,us,USA,,Chicago Fed National Financial Conditions Index,-0.743,index,weekly,FRED_CHICAGO_FED,National Financial Conditions Index,https://fred.stlouisfed.org/series/NFCI,https://www.chicagofed.org/research/data/nfci/current-data,2026-08-31T14:34:09.166970Z,none
1992-10-16,financial_conditions_index,us,USA,,Chicago Fed National Financial Conditions Index,-0.715,index,weekly,FRED_CHICAGO_FED,National Financial Conditions Index,https://fred.stlouisfed.org/series/NFCI,https://www.chicagofed.org/research/data/nfci/current-data,2026-08-31T14:34:09.166970Z,none
1992-10-23,financial_conditions_index,us,USA,,Chicago Fed National Financial Conditions Index,-0.694,index,weekly,FRED_CHICAGO_FED,National Financial Conditions Index,https://fred.stlouisfed.org/series/NFCI,https://www.chicagofed.org/research/data/nfci/current-data,2026-08-31T14:34:09.166970Z,none
1992-10-30,financial_conditions_index,us,USA,,Chicago Fed National Financial Conditions Index,-0.682,index,weekly,FRED_CHICAGO_FED,National Financial Conditions Index,https://fred.stlouisfed.org/series/NFCI,https://www.chicagofed.org/research/data/nfci/current-data,2026-08-31T14:34:09.166970Z,none
1992-11-06,financial_conditions_index,us,USA,,Chicago Fed National Financial Conditions Index,-0.68,index,weekly,FRED_CHICAGO_FED,National Financial Conditions Index,https://fred.stlouisfed.org/series/NFCI,https://www.chicagofed.org/research/data/nfci/current-data,2026-08-31T14:34:09.166970Z,none
1992-11-13,financial_conditions_index,us,USA,,Chicago Fed National Financial Conditions Index,-0.688,index,weekly,FRED_CHICAGO_FED,National Financial Conditions Index,https://fred.stlouisfed.org/series/NFCI,https://www.chicagofed.org/research/data/nfci/current-data,2026-08-31T14:34:09.166970Z,none
1992-11-20,financial_conditions_index,us,USA,,Chicago Fed National Financial Conditions Index,-0.707,index,weekly,FRED_CHICAGO_FED,National Financial Conditions Index,https://fred.stlouisfed.org/series/NFCI,https://www.chicagofed.org/research/data/nfci/current-data,2026-08-31T14:34:09.166970Z,none
1992-11-27,financial_conditions_index,us,USA,,Chicago Fed National Financial Conditions Index,-0.734,index,weekly,FRED_CHICAGO_FED,National Financial Conditions Index,https://fred.stlouisfed.org/series/NFCI,https://www.chicagofed.org/research/data/nfci/current-data,2026-08-31T14:34:09.166970Z,none
1992-12-04,financial_conditions_index,us,USA,,Chicago Fed National Financial Conditions Index,-0.769,index,weekly,FRED_CHICAGO_FED,National Financial Conditions Index,https://fred.stlouisfed.org/series/NFCI,https://www.chicagofed.org/research/data/nfci/current-data,2026-08-31T14:34:09.166970Z,none
1992-12-11,financial_conditions_index,us,USA,,Chicago Fed National Financial Conditions Index,-0.808,index,weekly,FRED_CHICAGO_FED,National Financial Conditions Index,https://fred.stlouisfed.org/series/NFCI,https://www.chicagofed.org/research/data/nfci/current-data,2026-08-31T14:34:09.166970Z,none
1992-12-18,financial_conditions_index,us,USA,,Chicago Fed National Financial Conditions Index,-0.846,index,weekly,FRED_CHICAGO_FED,National Financial Conditions Index,https://fred.stlouisfed.org/series/NFCI,https://www.chicagofed.org/research/data/nfci/current-data,2026-08-31T14:34:09.166970Z,none
1992-12-25,financial_conditions_index,us,USA,,Chicago Fed National Financial Conditions Index,-0.88,index,weekly,FRED_CHICAGO_FED,National Financial Conditions Index,https://fred.stlouisfed.org/series/NFCI,https://www.chicagofed.org/research/data/nfci/current-data,2026-08-31T14:34:09.166970Z,none
1993-01-01,financial_conditions_index,us,USA,,Chicago Fed National Financial Conditions Index,-0.909,index,weekly,FRED_CHICAGO_FED,National Financial Conditions Index,https://fred.stlouisfed.org/series/NFCI,https://www.chicagofed.org/research/data/nfci/current-data,2026-08-31T14:34:09.166970Z,none
1993-01-08,financial_conditions_index,us,USA,,Chicago Fed National Financial Conditions Index,-0.929,index,weekly,FRED_CHICAGO_FED,National Financial Conditions Index,https://fred.stlouisfed.org/series/NFCI,https://www.chicagofed.org/research/data/nfci/current-data,2026-08-31T14:34:09.166970Z,none
1993-01-15,financial_conditions_index,us,USA,,Chicago Fed National Financial Conditions Index,-0.944,index,weekly,FRED_CHICAGO_FED,National Financial Conditions Index,https://fred.stlouisfed.org/series/NFCI,https://www.chicagofed.org/research/data/nfci/current-data,2026-08-31T14:34:09.166970Z,none
1993-01-22,financial_conditions_index,us,USA,,Chicago Fed National Financial Conditions Index,-0.953,index,weekly,FRED_CHICAGO_FED,National Financial Conditions Index,https://fred.stlouisfed.org/series/NFCI,https://www.chicagofed.org/research/data/nfci/current-data,2026-08-31T14:34:09.166970Z,none
1993-01-29,financial_conditions_index,us,USA,,Chicago Fed National Financial Conditions Index,-0.957,index,weekly,FRED_CHICAGO_FED,National Financial Conditions Index,https://fred.stlouisfed.org/series/NFCI,https://www.chicagofed.org/research/data/nfci/current-data,2026-08-31T14:34:09.166970Z,none
1993-02-05,financial_conditions_index,us,USA,,Chicago Fed National Financial Conditions Index,-0.957,index,weekly,FRED_CHICAGO_FED,National Financial Conditions Index,https://fred.stlouisfed.org/series/NFCI,https://www.chicagofed.org/research/data/nfci/current-data,2026-08-31T14:34:09.166970Z,none
1993-02-12,financial_conditions_index,us,USA,,Chicago Fed National Financial Conditions Index,-0.956,index,weekly,FRED_CHICAGO_FED,National Financial Conditions Index,https://fred.stlouisfed.org/series/NFCI,https://www.chicagofed.org/research/data/nfci/current-data,2026-08-31T14:34:09.166970Z,none
1993-02-19,financial_conditions_index,us,USA,,Chicago Fed National Financial Conditions Index,-0.955,index,weekly,FRED_CHICAGO_FED,National Financial Conditions Index,https://fred.stlouisfed.org/series/NFCI,https://www.chicagofed.org/research/data/nfci/current-data,2026-08-31T14:34:09.166970Z,none
1993-02-26,financial_conditions_index,us,USA,,Chicago Fed National Financial Conditions Index,-0.956,index,weekly,FRED_CHICAGO_FED,National Financial Conditions Index,https://fred.stlouisfed.org/series/NFCI,https://www.chicagofed.org/research/data/nfci/current-data,2026-08-31T14:34:09.166970Z,none
1993-03-05,financial_conditions_index,us,USA,,Chicago Fed National Financial Conditions Index,-0.958,index,weekly,FRED_CHICAGO_FED,National Financial Conditions Index,https://fred.stlouisfed.org/series/NFCI,https://www.chicagofed.org/research/data/nfci/current-data,2026-08-31T14:34:09.166970Z,none
1993-03-12,financial_conditions_index,us,USA,,Chicago Fed National Financial Conditions Index,-0.962,index,weekly,FRED_CHICAGO_FED,National Financial Conditions Index,https://fred.stlouisfed.org/series/NFCI,https://www.chicagofed.org/research/data/nfci/current-data,2026-08-31T14:34:09.166970Z,none
1993-03-19,financial_conditions_index,us,USA,,Chicago Fed National Financial Conditions Index,-0.968,index,weekly,FRED_CHICAGO_FED,National Financial Conditions Index,https://fred.stlouisfed.org/series/NFCI,https://www.chicagofed.org/research/data/nfci/current-data,2026-08-31T14:34:09.166970Z,none
1993-03-26,financial_conditions_index,us,USA,,Chicago Fed National Financial Conditions Index,-0.975,index,weekly,FRED_CHICAGO_FED,National Financial Conditions Index,https://fred.stlouisfed.org/series/NFCI,https://www.chicagofed.org/research/data/nfci/current-data,2026-08-31T14:34:09.166970Z,none
1993-04-02,financial_conditions_index,us,USA,,Chicago Fed National Financial Conditions Index,-0.981,index,weekly,FRED_CHICAGO_FED,National Financial Conditions Index,https://fred.stlouisfed.org/series/NFCI,https://www.chicagofed.org/research/data/nfci/current-data,2026-08-31T14:34:09.166970Z,none
1993-04-09,financial_conditions_index,us,USA,,Chicago Fed National Financial Conditions Index,-0.988,index,weekly,FRED_CHICAGO_FED,National Financial Conditions Index,https://fred.stlouisfed.org/series/NFCI,https://www.chicagofed.org/research/data/nfci/current-data,2026-08-31T14:34:09.166970Z,none
1993-04-16,financial_conditions_index,us,USA,,Chicago Fed National Financial Conditions Index,-0.992,index,weekly,FRED_CHICAGO_FED,National Financial Conditions Index,https://fred.stlouisfed.org/series/NFCI,https://www.chicagofed.org/research/data/nfci/current-data,2026-08-31T14:34:09.166970Z,none
1993-04-23,financial_conditions_index,us,USA,,Chicago Fed National Financial Conditions Index,-0.994,index,weekly,FRED_CHICAGO_FED,National Financial Conditions Index,https://fred.stlouisfed.org/series/NFCI,https://www.chicagofed.org/research/data/nfci/current-data,2026-08-31T14:34:09.166970Z,none
1993-04-30,financial_conditions_index,us,USA,,Chicago Fed National Financial Conditions Index,-0.993,index,weekly,FRED_CHICAGO_FED,National Financial Conditions Index,https://fred.stlouisfed.org/series/NFCI,https://www.chicagofed.org/research/data/nfci/current-data,2026-08-31T14:34:09.166970Z,none
1993-05-07,financial_conditions_index,us,USA,,Chicago Fed National Financial Conditions Index,-0.99,index,weekly,FRED_CHICAGO_FED,National Financial Conditions Index,https://fred.stlouisfed.org/series/NFCI,https://www.chicagofed.org/research/data/nfci/current-data,2026-08-31T14:34:09.166970Z,none
1993-05-14,financial_conditions_index,us,USA,,Chicago Fed National Financial Conditions Index,-0.986,index,weekly,FRED_CHICAGO_FED,National Financial Conditions Index,https://fred.stlouisfed.org/series/NFCI,https://www.chicagofed.org/research/data/nfci/current-data,2026-08-31T14:34:09.166970Z,none
1993-05-21,financial_conditions_index,us,USA,,Chicago Fed National Financial Conditions Index,-0.983,index,weekly,FRED_CHICAGO_FED,National Financial Conditions Index,https://fred.stlouisfed.org/series/NFCI,https://www.chicagofed.org/research/data/nfci/current-data,2026-08-31T14:34:09.166970Z,none
1993-05-28,financial_conditions_index,us,USA,,Chicago Fed National Financial Conditions Index,-0.981,index,weekly,FRED_CHICAGO_FED,National Financial Conditions Index,https://fred.stlouisfed.org/series/NFCI,https://www.chicagofed.org/research/data/nfci/current-data,2026-08-31T14:34:09.166970Z,none
1993-06-04,financial_conditions_index,us,USA,,Chicago Fed National Financial Conditions Index,-0.984,index,weekly,FRED_CHICAGO_FED,National Financial Conditions Index,https://fred.stlouisfed.org/series/NFCI,https://www.chicagofed.org/research/data/nfci/current-data,2026-08-31T14:34:09.166970Z,none
1993-06-11,financial_conditions_index,us,USA,,Chicago Fed National Financial Conditions Index,-0.991,index,weekly,FRED_CHICAGO_FED,National Financial Conditions Index,https://fred.stlouisfed.org/series/NFCI,https://www.chicagofed.org/research/data/nfci/current-data,2026-08-31T14:34:09.166970Z,none
1993-06-18,financial_conditions_index,us,USA,,Chicago Fed National Financial Conditions Index,-1.004,index,weekly,FRED_CHICAGO_FED,National Financial Conditions Index,https://fred.stlouisfed.org/series/NFCI,https://www.chicagofed.org/research/data/nfci/current-data,2026-08-31T14:34:09.166970Z,none
1993-06-25,financial_conditions_index,us,USA,,Chicago Fed National Financial Conditions Index,-1.019,index,weekly,FRED_CHICAGO_FED,National Financial Conditions Index,https://fred.stlouisfed.org/series/NFCI,https://www.chicagofed.org/research/data/nfci/current-data,2026-08-31T14:34:09.166970Z,none
1993-07-02,financial_conditions_index,us,USA,,Chicago Fed National Financial Conditions Index,-1.036,index,weekly,FRED_CHICAGO_FED,National Financial Conditions Index,https://fred.stlouisfed.org/series/NFCI,https://www.chicagofed.org/research/data/nfci/current-data,2026-08-31T14:34:09.166970Z,none
1993-07-09,financial_conditions_index,us,USA,,Chicago Fed National Financial Conditions Index,-1.054,index,weekly,FRED_CHICAGO_FED,National Financial Conditions Index,https://fred.stlouisfed.org/series/NFCI,https://www.chicagofed.org/research/data/nfci/current-data,2026-08-31T14:34:09.166970Z,none
1993-07-16,financial_conditions_index,us,USA,,Chicago Fed National Financial Conditions Index,-1.069,index,weekly,FRED_CHICAGO_FED,National Financial Conditions Index,https://fred.stlouisfed.org/series/NFCI,https://www.chicagofed.org/research/data/nfci/current-data,2026-08-31T14:34:09.166970Z,none
1993-07-23,financial_conditions_index,us,USA,,Chicago Fed National Financial Conditions Index,-1.082,index,weekly,FRED_CHICAGO_FED,National Financial Conditions Index,https://fred.stlouisfed.org/series/NFCI,https://www.chicagofed.org/research/data/nfci/current-data,2026-08-31T14:34:09.166970Z,none
1993-07-30,financial_conditions_index,us,USA,,Chicago Fed National Financial Conditions Index,-1.091,index,weekly,FRED_CHICAGO_FED,National Financial Conditions Index,https://fred.stlouisfed.org/series/NFCI,https://www.chicagofed.org/research/data/nfci/current-data,2026-08-31T14:34:09.166970Z,none
1993-08-06,financial_conditions_index,us,USA,,Chicago Fed National Financial Conditions Index,-1.095,index,weekly,FRED_CHICAGO_FED,National Financial Conditions Index,https://fred.stlouisfed.org/series/NFCI,https://www.chicagofed.org/research/data/nfci/current-data,2026-08-31T14:34:09.166970Z,none
1993-08-13,financial_conditions_index,us,USA,,Chicago Fed National Financial Conditions Index,-1.097,index,weekly,FRED_CHICAGO_FED,National Financial Conditions Index,https://fred.stlouisfed.org/series/NFCI,https://www.chicagofed.org/research/data/nfci/current-data,2026-08-31T14:34:09.166970Z,none
1993-08-20,financial_conditions_index,us,USA,,Chicago Fed National Financial Conditions Index,-1.095,index,weekly,FRED_CHICAGO_FED,National Financial Conditions Index,https://fred.stlouisfed.org/series/NFCI,https://www.chicagofed.org/research/data/nfci/current-data,2026-08-31T14:34:09.166970Z,none
1993-08-27,financial_conditions_index,us,USA,,Chicago Fed National Financial Conditions Index,-1.09,index,weekly,FRED_CHICAGO_FED,National Financial Conditions Index,https://fred.stlouisfed.org/series/NFCI,https://www.chicagofed.org/research/data/nfci/current-data,2026-08-31T14:34:09.166970Z,none
1993-09-03,financial_conditions_index,us,USA,,Chicago Fed National Financial Conditions Index,-1.083,index,weekly,FRED_CHICAGO_FED,National Financial Conditions Index,https://fred.stlouisfed.org/series/NFCI,https://www.chicagofed.org/research/data/nfci/current-data,2026-08-31T14:34:09.166970Z,none
1993-09-10,financial_conditions_index,us,USA,,Chicago Fed National Financial Conditions Index,-1.075,index,weekly,FRED_CHICAGO_FED,National Financial Conditions Index,https://fred.stlouisfed.org/series/NFCI,https://www.chicagofed.org/research/data/nfci/current-data,2026-08-31T14:34:09.166970Z,none
1993-09-17,financial_conditions_index,us,USA,,Chicago Fed National Financial Conditions Index,-1.064,index,weekly,FRED_CHICAGO_FED,National Financial Conditions Index,https://fred.stlouisfed.org/series/NFCI,https://www.chicagofed.org/research/data/nfci/current-data,2026-08-31T14:34:09.166970Z,none
1993-09-24,financial_conditions_index,us,USA,,Chicago Fed National Financial Conditions Index,-1.05,index,weekly,FRED_CHICAGO_FED,National Financial Conditions Index,https://fred.stlouisfed.org/series/NFCI,https://www.chicagofed.org/research/data/nfci/current-data,2026-08-31T14:34:09.166970Z,none
1993-10-01,financial_conditions_index,us,USA,,Chicago Fed National Financial Conditions Index,-1.035,index,weekly,FRED_CHICAGO_FED,National Financial Conditions Index,https://fred.stlouisfed.org/series/NFCI,https://www.chicagofed.org/research/data/nfci/current-data,2026-08-31T14:34:09.166970Z,none
1993-10-08,financial_conditions_index,us,USA,,Chicago Fed National Financial Conditions Index,-1.019,index,weekly,FRED_CHICAGO_FED,National Financial Conditions Index,https://fred.stlouisfed.org/series/NFCI,https://www.chicagofed.org/research/data/nfci/current-data,2026-08-31T14:34:09.166970Z,none
1993-10-15,financial_conditions_index,us,USA,,Chicago Fed National Financial Conditions Index,-1.002,index,weekly,FRED_CHICAGO_FED,National Financial Conditions Index,https://fred.stlouisfed.org/series/NFCI,https://www.chicagofed.org/research/data/nfci/current-data,2026-08-31T14:34:09.166970Z,none
1993-10-22,financial_conditions_index,us,USA,,Chicago Fed National Financial Conditions Index,-0.984,index,weekly,FRED_CHICAGO_FED,National Financial Conditions Index,https://fred.stlouisfed.org/series/NFCI,https://www.chicagofed.org/research/data/nfci/current-data,2026-08-31T14:34:09.166970Z,none
1993-10-29,financial_conditions_index,us,USA,,Chicago Fed National Financial Conditions Index,-0.966,index,weekly,FRED_CHICAGO_FED,National Financial Conditions Index,https://fred.stlouisfed.org/series/NFCI,https://www.chicagofed.org/research/data/nfci/current-data,2026-08-31T14:34:09.166970Z,none
1993-11-05,financial_conditions_index,us,USA,,Chicago Fed National Financial Conditions Index,-0.951,index,weekly,FRED_CHICAGO_FED,National Financial Conditions Index,https://fred.stlouisfed.org/series/NFCI,https://www.chicagofed.org/research/data/nfci/current-data,2026-08-31T14:34:09.166970Z,none
1993-11-12,financial_conditions_index,us,USA,,Chicago Fed National Financial Conditions Index,-0.94,index,weekly,FRED_CHICAGO_FED,National Financial Conditions Index,https://fred.stlouisfed.org/series/NFCI,https://www.chicagofed.org/research/data/nfci/current-data,2026-08-31T14:34:09.166970Z,none
1993-11-19,financial_conditions_index,us,USA,,Chicago Fed National Financial Conditions Index,-0.935,index,weekly,FRED_CHICAGO_FED,National Financial Conditions Index,https://fred.stlouisfed.org/series/NFCI,https://www.chicagofed.org/research/data/nfci/current-data,2026-08-31T14:34:09.166970Z,none
1993-11-26,financial_conditions_index,us,USA,,Chicago Fed National Financial Conditions Index,-0.937,index,weekly,FRED_CHICAGO_FED,National Financial Conditions Index,https://fred.stlouisfed.org/series/NFCI,https://www.chicagofed.org/research/data/nfci/current-data,2026-08-31T14:34:09.166970Z,none
1993-12-03,financial_conditions_index,us,USA,,Chicago Fed National Financial Conditions Index,-0.945,index,weekly,FRED_CHICAGO_FED,National Financial Conditions Index,https://fred.stlouisfed.org/series/NFCI,https://www.chicagofed.org/research/data/nfci/current-data,2026-08-31T14:34:09.166970Z,none
1993-12-10,financial_conditions_index,us,USA,,Chicago Fed National Financial Conditions Index,-0.958,index,weekly,FRED_CHICAGO_FED,National Financial Conditions Index,https://fred.stlouisfed.org/series/NFCI,https://www.chicagofed.org/research/data/nfci/current-data,2026-08-31T14:34:09.166970Z,none
1993-12-17,financial_conditions_index,us,USA,,Chicago Fed National Financial Conditions Index,-0.974,index,weekly,FRED_CHICAGO_FED,National Financial Conditions Index,https://fred.stlouisfed.org/series/NFCI,https://www.chicagofed.org/research/data/nfci/current-data,2026-08-31T14:34:09.166970Z,none
1993-12-24,financial_conditions_index,us,USA,,Chicago Fed National Financial Conditions Index,-0.99,index,weekly,FRED_CHICAGO_FED,National Financial Conditions Index,https://fred.stlouisfed.org/series/NFCI,https://www.chicagofed.org/research/data/nfci/current-data,2026-08-31T14:34:09.166970Z,none
1993-12-31,financial_conditions_index,us,USA,,Chicago Fed National Financial Conditions Index,-1.004,index,weekly,FRED_CHICAGO_FED,National Financial Conditions Index,https://fred.stlouisfed.org/series/NFCI,https://www.chicagofed.org/research/data/nfci/current-data,2026-08-31T14:34:09.166970Z,none
1994-01-07,financial_conditions_index,us,USA,,Chicago Fed National Financial Conditions Index,-1.014,index,weekly,FRED_CHICAGO_FED,National Financial Conditions Index,https://fred.stlouisfed.org/series/NFCI,https://www.chicagofed.org/research/data/nfci/current-data,2026-08-31T14:34:09.166970Z,none
1994-01-14,financial_conditions_index,us,USA,,Chicago Fed National Financial Conditions Index,-1.02,index,weekly,FRED_CHICAGO_FED,National Financial Conditions Index,https://fred.stlouisfed.org/series/NFCI,https://www.chicagofed.org/research/data/nfci/current-data,2026-08-31T14:34:09.166970Z,none
1994-01-21,financial_conditions_index,us,USA,,Chicago Fed National Financial Conditions Index,-1.019,index,weekly,FRED_CHICAGO_FED,National Financial Conditions Index,https://fred.stlouisfed.org/series/NFCI,https://www.chicagofed.org/research/data/nfci/current-data,2026-08-31T14:34:09.166970Z,none
1994-01-28,financial_conditions_index,us,USA,,Chicago Fed National Financial Conditions Index,-1.012,index,weekly,FRED_CHICAGO_FED,National Financial Conditions Index,https://fred.stlouisfed.org/series/NFCI,https://www.chicagofed.org/research/data/nfci/current-data,2026-08-31T14:34:09.166970Z,none
1994-02-04,financial_conditions_index,us,USA,,Chicago Fed National Financial Conditions Index,-0.997,index,weekly,FRED_CHICAGO_FED,National Financial Conditions Index,https://fred.stlouisfed.org/series/NFCI,https://www.chicagofed.org/research/data/nfci/current-data,2026-08-31T14:34:09.166970Z,none
1994-02-11,financial_conditions_index,us,USA,,Chicago Fed National Financial Conditions Index,-0.976,index,weekly,FRED_CHICAGO_FED,National Financial Conditions Index,https://fred.stlouisfed.org/series/NFCI,https://www.chicagofed.org/research/data/nfci/current-data,2026-08-31T14:34:09.166970Z,none
1994-02-18,financial_conditions_index,us,USA,,Chicago Fed National Financial Conditions Index,-0.949,index,weekly,FRED_CHICAGO_FED,National Financial Conditions Index,https://fred.stlouisfed.org/series/NFCI,https://www.chicagofed.org/research/data/nfci/current-data,2026-08-31T14:34:09.166970Z,none
1994-02-25,financial_conditions_index,us,USA,,Chicago Fed National Financial Conditions Index,-0.919,index,weekly,FRED_CHICAGO_FED,National Financial Conditions Index,https://fred.stlouisfed.org/series/NFCI,https://www.chicagofed.org/research/data/nfci/current-data,2026-08-31T14:34:09.166970Z,none
1994-03-04,financial_conditions_index,us,USA,,Chicago Fed National Financial Conditions Index,-0.885,index,weekly,FRED_CHICAGO_FED,National Financial Conditions Index,https://fred.stlouisfed.org/series/NFCI,https://www.chicagofed.org/research/data/nfci/current-data,2026-08-31T14:34:09.166970Z,none
1994-03-11,financial_conditions_index,us,USA,,Chicago Fed National Financial Conditions Index,-0.851,index,weekly,FRED_CHICAGO_FED,National Financial Conditions Index,https://fred.stlouisfed.org/series/NFCI,https://www.chicagofed.org/research/data/nfci/current-data,2026-08-31T14:34:09.166970Z,none
1994-03-18,financial_conditions_index,us,USA,,Chicago Fed National Financial Conditions Index,-0.819,index,weekly,FRED_CHICAGO_FED,National Financial Conditions Index,https://fred.stlouisfed.org/series/NFCI,https://www.chicagofed.org/research/data/nfci/current-data,2026-08-31T14:34:09.166970Z,none
1994-03-25,financial_conditions_index,us,USA,,Chicago Fed National Financial Conditions Index,-0.789,index,weekly,FRED_CHICAGO_FED,National Financial Conditions Index,https://fred.stlouisfed.org/series/NFCI,https://www.chicagofed.org/research/data/nfci/current-data,2026-08-31T14:34:09.166970Z,none
1994-04-01,financial_conditions_index,us,USA,,Chicago Fed National Financial Conditions Index,-0.764,index,weekly,FRED_CHICAGO_FED,National Financial Conditions Index,https://fred.stlouisfed.org/series/NFCI,https://www.chicagofed.org/research/data/nfci/current-data,2026-08-31T14:34:09.166970Z,none
1994-04-08,financial_conditions_index,us,USA,,Chicago Fed National Financial Conditions Index,-0.745,index,weekly,FRED_CHICAGO_FED,National Financial Conditions Index,https://fred.stlouisfed.org/series/NFCI,https://www.chicagofed.org/research/data/nfci/current-data,2026-08-31T14:34:09.166970Z,none
1994-04-15,financial_conditions_index,us,USA,,Chicago Fed National Financial Conditions Index,-0.732,index,weekly,FRED_CHICAGO_FED,National Financial Conditions Index,https://fred.stlouisfed.org/series/NFCI,https://www.chicagofed.org/research/data/nfci/current-data,2026-08-31T14:34:09.166970Z,none
1994-04-22,financial_conditions_index,us,USA,,Chicago Fed National Financial Conditions Index,-0.723,index,weekly,FRED_CHICAGO_FED,National Financial Conditions Index,https://fred.stlouisfed.org/series/NFCI,https://www.chicagofed.org/research/data/nfci/current-data,2026-08-31T14:34:09.166970Z,none
1994-04-29,financial_conditions_index,us,USA,,Chicago Fed National Financial Conditions Index,-0.72,index,weekly,FRED_CHICAGO_FED,National Financial Conditions Index,https://fred.stlouisfed.org/series/NFCI,https://www.chicagofed.org/research/data/nfci/current-data,2026-08-31T14:34:09.166970Z,none
1994-05-06,financial_conditions_index,us,USA,,Chicago Fed National Financial Conditions Index,-0.718,index,weekly,FRED_CHICAGO_FED,National Financial Conditions Index,https://fred.stlouisfed.org/series/NFCI,https://www.chicagofed.org/research/data/nfci/current-data,2026-08-31T14:34:09.166970Z,none
1994-05-13,financial_conditions_index,us,USA,,Chicago Fed National Financial Conditions Index,-0.718,index,weekly,FRED_CHICAGO_FED,National Financial Conditions Index,https://fred.stlouisfed.org/series/NFCI,https://www.chicagofed.org/research/data/nfci/current-data,2026-08-31T14:34:09.166970Z,none
1994-05-20,financial_conditions_index,us,USA,,Chicago Fed National Financial Conditions Index,-0.72,index,weekly,FRED_CHICAGO_FED,National Financial Conditions Index,https://fred.stlouisfed.org/series/NFCI,https://www.chicagofed.org/research/data/nfci/current-data,2026-08-31T14:34:09.166970Z,none
1994-05-27,financial_conditions_index,us,USA,,Chicago Fed National Financial Conditions Index,-0.721,index,weekly,FRED_CHICAGO_FED,National Financial Conditions Index,https://fred.stlouisfed.org/series/NFCI,https://www.chicagofed.org/research/data/nfci/current-data,2026-08-31T14:34:09.166970Z,none
1994-06-03,financial_conditions_index,us,USA,,Chicago Fed National Financial Conditions Index,-0.72,index,weekly,FRED_CHICAGO_FED,National Financial Conditions Index,https://fred.stlouisfed.org/series/NFCI,https://www.chicagofed.org/research/data/nfci/current-data,2026-08-31T14:34:09.166970Z,none
1994-06-10,financial_conditions_index,us,USA,,Chicago Fed National Financial Conditions Index,-0.719,index,weekly,FRED_CHICAGO_FED,National Financial Conditions Index,https://fred.stlouisfed.org/series/NFCI,https://www.chicagofed.org/research/data/nfci/current-data,2026-08-31T14:34:09.166970Z,none
1994-06-17,financial_conditions_index,us,USA,,Chicago Fed National Financial Conditions Index,-0.717,index,weekly,FRED_CHICAGO_FED,National Financial Conditions Index,https://fred.stlouisfed.org/series/NFCI,https://www.chicagofed.org/research/data/nfci/current-data,2026-08-31T14:34:09.166970Z,none
1994-06-24,financial_conditions_index,us,USA,,Chicago Fed National Financial Conditions Index,-0.716,index,weekly,FRED_CHICAGO_FED,National Financial Conditions Index,https://fred.stlouisfed.org/series/NFCI,https://www.chicagofed.org/research/data/nfci/current-data,2026-08-31T14:34:09.166970Z,none
1994-07-01,financial_conditions_index,us,USA,,Chicago Fed National Financial Conditions Index,-0.717,index,weekly,FRED_CHICAGO_FED,National Financial Conditions Index,https://fred.stlouisfed.org/series/NFCI,https://www.chicagofed.org/research/data/nfci/current-data,2026-08-31T14:34:09.166970Z,none
1994-07-08,financial_conditions_index,us,USA,,Chicago Fed National Financial Conditions Index,-0.724,index,weekly,FRED_CHICAGO_FED,National Financial Conditions Index,https://fred.stlouisfed.org/series/NFCI,https://www.chicagofed.org/research/data/nfci/current-data,2026-08-31T14:34:09.166970Z,none
1994-07-15,financial_conditions_index,us,USA,,Chicago Fed National Financial Conditions Index,-0.736,index,weekly,FRED_CHICAGO_FED,National Financial Conditions Index,https://fred.stlouisfed.org/series/NFCI,https://www.chicagofed.org/research/data/nfci/current-data,2026-08-31T14:34:09.166970Z,none
1994-07-22,financial_conditions_index,us,USA,,Chicago Fed National Financial Conditions Index,-0.753,index,weekly,FRED_CHICAGO_FED,National Financial Conditions Index,https://fred.stlouisfed.org/series/NFCI,https://www.chicagofed.org/research/data/nfci/current-data,2026-08-31T14:34:09.166970Z,none
1994-07-29,financial_conditions_index,us,USA,,Chicago Fed National Financial Conditions Index,-0.77,index,weekly,FRED_CHICAGO_FED,National Financial Conditions Index,https://fred.stlouisfed.org/series/NFCI,https://www.chicagofed.org/research/data/nfci/current-data,2026-08-31T14:34:09.166970Z,none
1994-08-05,financial_conditions_index,us,USA,,Chicago Fed National Financial Conditions Index,-0.787,index,weekly,FRED_CHICAGO_FED,National Financial Conditions Index,https://fred.stlouisfed.org/series/NFCI,https://www.chicagofed.org/research/data/nfci/current-data,2026-08-31T14:34:09.166970Z,none
1994-08-12,financial_conditions_index,us,USA,,Chicago Fed National Financial Conditions Index,-0.8,index,weekly,FRED_CHICAGO_FED,National Financial Conditions Index,https://fred.stlouisfed.org/series/NFCI,https://www.chicagofed.org/research/data/nfci/current-data,2026-08-31T14:34:09.166970Z,none
1994-08-19,financial_conditions_index,us,USA,,Chicago Fed National Financial Conditions Index,-0.807,index,weekly,FRED_CHICAGO_FED,National Financial Conditions Index,https://fred.stlouisfed.org/series/NFCI,https://www.chicagofed.org/research/data/nfci/current-data,2026-08-31T14:34:09.166970Z,none
1994-08-26,financial_conditions_index,us,USA,,Chicago Fed National Financial Conditions Index,-0.806,index,weekly,FRED_CHICAGO_FED,National Financial Conditions Index,https://fred.stlouisfed.org/series/NFCI,https://www.chicagofed.org/research/data/nfci/current-data,2026-08-31T14:34:09.166970Z,none
1994-09-02,financial_conditions_index,us,USA,,Chicago Fed National Financial Conditions Index,-0.797,index,weekly,FRED_CHICAGO_FED,National Financial Conditions Index,https://fred.stlouisfed.org/series/NFCI,https://www.chicagofed.org/research/data/nfci/current-data,2026-08-31T14:34:09.166970Z,none
1994-09-09,financial_conditions_index,us,USA,,Chicago Fed National Financial Conditions Index,-0.779,index,weekly,FRED_CHICAGO_FED,National Financial Conditions Index,https://fred.stlouisfed.org/series/NFCI,https://www.chicagofed.org/research/data/nfci/current-data,2026-08-31T14:34:09.166970Z,none
1994-09-16,financial_conditions_index,us,USA,,Chicago Fed National Financial Conditions Index,-0.753,index,weekly,FRED_CHICAGO_FED,National Financial Conditions Index,https://fred.stlouisfed.org/series/NFCI,https://www.chicagofed.org/research/data/nfci/current-data,2026-08-31T14:34:09.166970Z,none
1994-09-23,financial_conditions_index,us,USA,,Chicago Fed National Financial Conditions Index,-0.724,index,weekly,FRED_CHICAGO_FED,National Financial Conditions Index,https://fred.stlouisfed.org/series/NFCI,https://www.chicagofed.org/research/data/nfci/current-data,2026-08-31T14:34:09.166970Z,none
1994-09-30,financial_conditions_index,us,USA,,Chicago Fed National Financial Conditions Index,-0.694,index,weekly,FRED_CHICAGO_FED,National Financial Conditions Index,https://fred.stlouisfed.org/series/NFCI,https://www.chicagofed.org/research/data/nfci/current-data,2026-08-31T14:34:09.166970Z,none
1994-10-07,financial_conditions_index,us,USA,,Chicago Fed National Financial Conditions Index,-0.666,index,weekly,FRED_CHICAGO_FED,National Financial Conditions Index,https://fred.stlouisfed.org/series/NFCI,https://www.chicagofed.org/research/data/nfci/current-data,2026-08-31T14:34:09.166970Z,none
1994-10-14,financial_conditions_index,us,USA,,Chicago Fed National Financial Conditions Index,-0.641,index,weekly,FRED_CHICAGO_FED,National Financial Conditions Index,https://fred.stlouisfed.org/series/NFCI,https://www.chicagofed.org/research/data/nfci/current-data,2026-08-31T14:34:09.166970Z,none
1994-10-21,financial_conditions_index,us,USA,,Chicago Fed National Financial Conditions Index,-0.62,index,weekly,FRED_CHICAGO_FED,National Financial Conditions Index,https://fred.stlouisfed.org/series/NFCI,https://www.chicagofed.org/research/data/nfci/current-data,2026-08-31T14:34:09.166970Z,none
1994-10-28,financial_conditions_index,us,USA,,Chicago Fed National Financial Conditions Index,-0.6,index,weekly,FRED_CHICAGO_FED,National Financial Conditions Index,https://fred.stlouisfed.org/series/NFCI,https://www.chicagofed.org/research/data/nfci/current-data,2026-08-31T14:34:09.166970Z,none
1994-11-04,financial_conditions_index,us,USA,,Chicago Fed National Financial Conditions Index,-0.58,index,weekly,FRED_CHICAGO_FED,National Financial Conditions Index,https://fred.stlouisfed.org/series/NFCI,https://www.chicagofed.org/research/data/nfci/current-data,2026-08-31T14:34:09.166970Z,none
1994-11-11,financial_conditions_index,us,USA,,Chicago Fed National Financial Conditions Index,-0.557,index,weekly,FRED_CHICAGO_FED,National Financial Conditions Index,https://fred.stlouisfed.org/series/NFCI,https://www.chicagofed.org/research/data/nfci/current-data,2026-08-31T14:34:09.166970Z,none
1994-11-18,financial_conditions_index,us,USA,,Chicago Fed National Financial Conditions Index,-0.532,index,weekly,FRED_CHICAGO_FED,National Financial Conditions Index,https://fred.stlouisfed.org/series/NFCI,https://www.chicagofed.org/research/data/nfci/current-data,2026-08-31T14:34:09.166970Z,none
1994-11-25,financial_conditions_index,us,USA,,Chicago Fed National Financial Conditions Index,-0.503,index,weekly,FRED_CHICAGO_FED,National Financial Conditions Index,https://fred.stlouisfed.org/series/NFCI,https://www.chicagofed.org/research/data/nfci/current-data,2026-08-31T14:34:09.166970Z,none
1994-12-02,financial_conditions_index,us,USA,,Chicago Fed National Financial Conditions Index,-0.473,index,weekly,FRED_CHICAGO_FED,National Financial Conditions Index,https://fred.stlouisfed.org/series/NFCI,https://www.chicagofed.org/research/data/nfci/current-data,2026-08-31T14:34:09.166970Z,none
1994-12-09,financial_conditions_index,us,USA,,Chicago Fed National Financial Conditions Index,-0.443,index,weekly,FRED_CHICAGO_FED,National Financial Conditions Index,https://fred.stlouisfed.org/series/NFCI,https://www.chicagofed.org/research/data/nfci/current-data,2026-08-31T14:34:09.166970Z,none
1994-12-16,financial_conditions_index,us,USA,,Chicago Fed National Financial Conditions Index,-0.421,index,weekly,FRED_CHICAGO_FED,National Financial Conditions Index,https://fred.stlouisfed.org/series/NFCI,https://www.chicagofed.org/research/data/nfci/current-data,2026-08-31T14:34:09.166970Z,none
1994-12-23,financial_conditions_index,us,USA,,Chicago Fed National Financial Conditions Index,-0.407,index,weekly,FRED_CHICAGO_FED,National Financial Conditions Index,https://fred.stlouisfed.org/series/NFCI,https://www.chicagofed.org/research/data/nfci/current-data,2026-08-31T14:34:09.166970Z,none
1994-12-30,financial_conditions_index,us,USA,,Chicago Fed National Financial Conditions Index,-0.405,index,weekly,FRED_CHICAGO_FED,National Financial Conditions Index,https://fred.stlouisfed.org/series/NFCI,https://www.chicagofed.org/research/data/nfci/current-data,2026-08-31T14:34:09.166970Z,none
1995-01-06,financial_conditions_index,us,USA,,Chicago Fed National Financial Conditions Index,-0.415,index,weekly,FRED_CHICAGO_FED,National Financial Conditions Index,https://fred.stlouisfed.org/series/NFCI,https://www.chicagofed.org/research/data/nfci/current-data,2026-08-31T14:34:09.166970Z,none
1995-01-13,financial_conditions_index,us,USA,,Chicago Fed National Financial Conditions Index,-0.438,index,weekly,FRED_CHICAGO_FED,National Financial Conditions Index,https://fred.stlouisfed.org/series/NFCI,https://www.chicagofed.org/research/data/nfci/current-data,2026-08-31T14:34:09.166970Z,none
1995-01-20,financial_conditions_index,us,USA,,Chicago Fed National Financial Conditions Index,-0.469,index,weekly,FRED_CHICAGO_FED,National Financial Conditions Index,https://fred.stlouisfed.org/series/NFCI,https://www.chicagofed.org/research/data/nfci/current-data,2026-08-31T14:34:09.166970Z,none
1995-01-27,financial_conditions_index,us,USA,,Chicago Fed National Financial Conditions Index,-0.504,index,weekly,FRED_CHICAGO_FED,National Financial Conditions Index,https://fred.stlouisfed.org/series/NFCI,https://www.chicagofed.org/research/data/nfci/current-data,2026-08-31T14:34:09.166970Z,none
1995-02-03,financial_conditions_index,us,USA,,Chicago Fed National Financial Conditions Index,-0.541,index,weekly,FRED_CHICAGO_FED,National Financial Conditions Index,https://fred.stlouisfed.org/series/NFCI,https://www.chicagofed.org/research/data/nfci/current-data,2026-08-31T14:34:09.166970Z,none
1995-02-10,financial_conditions_index,us,USA,,Chicago Fed National Financial Conditions Index,-0.574,index,weekly,FRED_CHICAGO_FED,National Financial Conditions Index,https://fred.stlouisfed.org/series/NFCI,https://www.chicagofed.org/research/data/nfci/current-data,2026-08-31T14:34:09.166970Z,none
1995-02-17,financial_conditions_index,us,USA,,Chicago Fed National Financial Conditions Index,-0.601,index,weekly,FRED_CHICAGO_FED,National Financial Conditions Index,https://fred.stlouisfed.org/series/NFCI,https://www.chicagofed.org/research/data/nfci/current-data,2026-08-31T14:34:09.166970Z,none
1995-02-24,financial_conditions_index,us,USA,,Chicago Fed National Financial Conditions Index,-0.621,index,weekly,FRED_CHICAGO_FED,National Financial Conditions Index,https://fred.stlouisfed.org/series/NFCI,https://www.chicagofed.org/research/data/nfci/current-data,2026-08-31T14:34:09.166970Z,none
1995-03-03,financial_conditions_index,us,USA,,Chicago Fed National Financial Conditions Index,-0.633,index,weekly,FRED_CHICAGO_FED,National Financial Conditions Index,https://fred.stlouisfed.org/series/NFCI,https://www.chicagofed.org/research/data/nfci/current-data,2026-08-31T14:34:09.166970Z,none
1995-03-10,financial_conditions_index,us,USA,,Chicago Fed National Financial Conditions Index,-0.639,index,weekly,FRED_CHICAGO_FED,National Financial Conditions Index,https://fred.stlouisfed.org/series/NFCI,https://www.chicagofed.org/research/data/nfci/current-data,2026-08-31T14:34:09.166970Z,none
1995-03-17,financial_conditions_index,us,USA,,Chicago Fed National Financial Conditions Index,-0.64,index,weekly,FRED_CHICAGO_FED,National Financial Conditions Index,https://fred.stlouisfed.org/series/NFCI,https://www.chicagofed.org/research/data/nfci/current-data,2026-08-31T14:34:09.166970Z,none
1995-03-24,financial_conditions_index,us,USA,,Chicago Fed National Financial Conditions Index,-0.639,index,weekly,FRED_CHICAGO_FED,National Financial Conditions Index,https://fred.stlouisfed.org/series/NFCI,https://www.chicagofed.org/research/data/nfci/current-data,2026-08-31T14:34:09.166970Z,none
1995-03-31,financial_conditions_index,us,USA,,Chicago Fed National Financial Conditions Index,-0.639,index,weekly,FRED_CHICAGO_FED,National Financial Conditions Index,https://fred.stlouisfed.org/series/NFCI,https://www.chicagofed.org/research/data/nfci/current-data,2026-08-31T14:34:09.166970Z,none
1995-04-07,financial_conditions_index,us,USA,,Chicago Fed National Financial Conditions Index,-0.641,index,weekly,FRED_CHICAGO_FED,National Financial Conditions Index,https://fred.stlouisfed.org/series/NFCI,https://www.chicagofed.org/research/data/nfci/current-data,2026-08-31T14:34:09.166970Z,none
1995-04-14,financial_conditions_index,us,USA,,Chicago Fed National Financial Conditions Index,-0.648,index,weekly,FRED_CHICAGO_FED,National Financial Conditions Index,https://fred.stlouisfed.org/series/NFCI,https://www.chicagofed.org/research/data/nfci/current-data,2026-08-31T14:34:09.166970Z,none
1995-04-21,financial_conditions_index,us,USA,,Chicago Fed National Financial Conditions Index,-0.659,index,weekly,FRED_CHICAGO_FED,National Financial Conditions Index,https://fred.stlouisfed.org/series/NFCI,https://www.chicagofed.org/research/data/nfci/current-data,2026-08-31T14:34:09.166970Z,none
1995-04-28,financial_conditions_index,us,USA,,Chicago Fed National Financial Conditions Index,-0.672,index,weekly,FRED_CHICAGO_FED,National Financial Conditions Index,https://fred.stlouisfed.org/series/NFCI,https://www.chicagofed.org/research/data/nfci/current-data,2026-08-31T14:34:09.166970Z,none
1995-05-05,financial_conditions_index,us,USA,,Chicago Fed National Financial Conditions Index,-0.686,index,weekly,FRED_CHICAGO_FED,National Financial Conditions Index,https://fred.stlouisfed.org/series/NFCI,https://www.chicagofed.org/research/data/nfci/current-data,2026-08-31T14:34:09.166970Z,none
1995-05-12,financial_conditions_index,us,USA,,Chicago Fed National Financial Conditions Index,-0.699,index,weekly,FRED_CHICAGO_FED,National Financial Conditions Index,https://fred.stlouisfed.org/series/NFCI,https://www.chicagofed.org/research/data/nfci/current-data,2026-08-31T14:34:09.166970Z,none
1995-05-19,financial_conditions_index,us,USA,,Chicago Fed National Financial Conditions Index,-0.708,index,weekly,FRED_CHICAGO_FED,National Financial Conditions Index,https://fred.stlouisfed.org/series/NFCI,https://www.chicagofed.org/research/data/nfci/current-data,2026-08-31T14:34:09.166970Z,none
1995-05-26,financial_conditions_index,us,USA,,Chicago Fed National Financial Conditions Index,-0.712,index,weekly,FRED_CHICAGO_FED,National Financial Conditions Index,https://fred.stlouisfed.org/series/NFCI,https://www.chicagofed.org/research/data/nfci/current-data,2026-08-31T14:34:09.166970Z,none
1995-06-02,financial_conditions_index,us,USA,,Chicago Fed National Financial Conditions Index,-0.709,index,weekly,FRED_CHICAGO_FED,National Financial Conditions Index,https://fred.stlouisfed.org/series/NFCI,https://www.chicagofed.org/research/data/nfci/current-data,2026-08-31T14:34:09.166970Z,none
1995-06-09,financial_conditions_index,us,USA,,Chicago Fed National Financial Conditions Index,-0.702,index,weekly,FRED_CHICAGO_FED,National Financial Conditions Index,https://fred.stlouisfed.org/series/NFCI,https://www.chicagofed.org/research/data/nfci/current-data,2026-08-31T14:34:09.166970Z,none
1995-06-16,financial_conditions_index,us,USA,,Chicago Fed National Financial Conditions Index,-0.691,index,weekly,FRED_CHICAGO_FED,National Financial Conditions Index,https://fred.stlouisfed.org/series/NFCI,https://www.chicagofed.org/research/data/nfci/current-data,2026-08-31T14:34:09.166970Z,none
1995-06-23,financial_conditions_index,us,USA,,Chicago Fed National Financial Conditions Index,-0.681,index,weekly,FRED_CHICAGO_FED,National Financial Conditions Index,https://fred.stlouisfed.org/series/NFCI,https://www.chicagofed.org/research/data/nfci/current-data,2026-08-31T14:34:09.166970Z,none
1995-06-30,financial_conditions_index,us,USA,,Chicago Fed National Financial Conditions Index,-0.672,index,weekly,FRED_CHICAGO_FED,National Financial Conditions Index,https://fred.stlouisfed.org/series/NFCI,https://www.chicagofed.org/research/data/nfci/current-data,2026-08-31T14:34:09.166970Z,none
1995-07-07,financial_conditions_index,us,USA,,Chicago Fed National Financial Conditions Index,-0.668,index,weekly,FRED_CHICAGO_FED,National Financial Conditions Index,https://fred.stlouisfed.org/series/NFCI,https://www.chicagofed.org/research/data/nfci/current-data,2026-08-31T14:34:09.166970Z,none
1995-07-14,financial_conditions_index,us,USA,,Chicago Fed National Financial Conditions Index,-0.668,index,weekly,FRED_CHICAGO_FED,National Financial Conditions Index,https://fred.stlouisfed.org/series/NFCI,https://www.chicagofed.org/research/data/nfci/current-data,2026-08-31T14:34:09.166970Z,none
1995-07-21,financial_conditions_index,us,USA,,Chicago Fed National Financial Conditions Index,-0.673,index,weekly,FRED_CHICAGO_FED,National Financial Conditions Index,https://fred.stlouisfed.org/series/NFCI,https://www.chicagofed.org/research/data/nfci/current-data,2026-08-31T14:34:09.166970Z,none
1995-07-28,financial_conditions_index,us,USA,,Chicago Fed National Financial Conditions Index,-0.68,index,weekly,FRED_CHICAGO_FED,National Financial Conditions Index,https://fred.stlouisfed.org/series/NFCI,https://www.chicagofed.org/research/data/nfci/current-data,2026-08-31T14:34:09.166970Z,none
1995-08-04,financial_conditions_index,us,USA,,Chicago Fed National Financial Conditions Index,-0.689,index,weekly,FRED_CHICAGO_FED,National Financial Conditions Index,https://fred.stlouisfed.org/series/NFCI,https://www.chicagofed.org/research/data/nfci/current-data,2026-08-31T14:34:09.166970Z,none
1995-08-11,financial_conditions_index,us,USA,,Chicago Fed National Financial Conditions Index,-0.699,index,weekly,FRED_CHICAGO_FED,National Financial Conditions Index,https://fred.stlouisfed.org/series/NFCI,https://www.chicagofed.org/research/data/nfci/current-data,2026-08-31T14:34:09.166970Z,none
1995-08-18,financial_conditions_index,us,USA,,Chicago Fed National Financial Conditions Index,-0.707,index,weekly,FRED_CHICAGO_FED,National Financial Conditions Index,https://fred.stlouisfed.org/series/NFCI,https://www.chicagofed.org/research/data/nfci/current-data,2026-08-31T14:34:09.166970Z,none
1995-08-25,financial_conditions_index,us,USA,,Chicago Fed National Financial Conditions Index,-0.712,index,weekly,FRED_CHICAGO_FED,National Financial Conditions Index,https://fred.stlouisfed.org/series/NFCI,https://www.chicagofed.org/research/data/nfci/current-data,2026-08-31T14:34:09.166970Z,none
1995-09-01,financial_conditions_index,us,USA,,Chicago Fed National Financial Conditions Index,-0.713,index,weekly,FRED_CHICAGO_FED,National Financial Conditions Index,https://fred.stlouisfed.org/series/NFCI,https://www.chicagofed.org/research/data/nfci/current-data,2026-08-31T14:34:09.166970Z,none
1995-09-08,financial_conditions_index,us,USA,,Chicago Fed National Financial Conditions Index,-0.711,index,weekly,FRED_CHICAGO_FED,National Financial Conditions Index,https://fred.stlouisfed.org/series/NFCI,https://www.chicagofed.org/research/data/nfci/current-data,2026-08-31T14:34:09.166970Z,none
1995-09-15,financial_conditions_index,us,USA,,Chicago Fed National Financial Conditions Index,-0.707,index,weekly,FRED_CHICAGO_FED,National Financial Conditions Index,https://fred.stlouisfed.org/series/NFCI,https://www.chicagofed.org/research/data/nfci/current-data,2026-08-31T14:34:09.166970Z,none
1995-09-22,financial_conditions_index,us,USA,,Chicago Fed National Financial Conditions Index,-0.702,index,weekly,FRED_CHICAGO_FED,National Financial Conditions Index,https://fred.stlouisfed.org/series/NFCI,https://www.chicagofed.org/research/data/nfci/current-data,2026-08-31T14:34:09.166970Z,none
1995-09-29,financial_conditions_index,us,USA,,Chicago Fed National Financial Conditions Index,-0.698,index,weekly,FRED_CHICAGO_FED,National Financial Conditions Index,https://fred.stlouisfed.org/series/NFCI,https://www.chicagofed.org/research/data/nfci/current-data,2026-08-31T14:34:09.166970Z,none
1995-10-06,financial_conditions_index,us,USA,,Chicago Fed National Financial Conditions Index,-0.697,index,weekly,FRED_CHICAGO_FED,National Financial Conditions Index,https://fred.stlouisfed.org/series/NFCI,https://www.chicagofed.org/research/data/nfci/current-data,2026-08-31T14:34:09.166970Z,none
1995-10-13,financial_conditions_index,us,USA,,Chicago Fed National Financial Conditions Index,-0.699,index,weekly,FRED_CHICAGO_FED,National Financial Conditions Index,https://fred.stlouisfed.org/series/NFCI,https://www.chicagofed.org/research/data/nfci/current-data,2026-08-31T14:34:09.166970Z,none
1995-10-20,financial_conditions_index,us,USA,,Chicago Fed National Financial Conditions Index,-0.705,index,weekly,FRED_CHICAGO_FED,National Financial Conditions Index,https://fred.stlouisfed.org/series/NFCI,https://www.chicagofed.org/research/data/nfci/current-data,2026-08-31T14:34:09.166970Z,none
1995-10-27,financial_conditions_index,us,USA,,Chicago Fed National Financial Conditions Index,-0.714,index,weekly,FRED_CHICAGO_FED,National Financial Conditions Index,https://fred.stlouisfed.org/series/NFCI,https://www.chicagofed.org/research/data/nfci/current-data,2026-08-31T14:34:09.166970Z,none
1995-11-03,financial_conditions_index,us,USA,,Chicago Fed National Financial Conditions Index,-0.725,index,weekly,FRED_CHICAGO_FED,National Financial Conditions Index,https://fred.stlouisfed.org/series/NFCI,https://www.chicagofed.org/research/data/nfci/current-data,2026-08-31T14:34:09.166970Z,none
1995-11-10,financial_conditions_index,us,USA,,Chicago Fed National Financial Conditions Index,-0.737,index,weekly,FRED_CHICAGO_FED,National Financial Conditions Index,https://fred.stlouisfed.org/series/NFCI,https://www.chicagofed.org/research/data/nfci/current-data,2026-08-31T14:34:09.166970Z,none
1995-11-17,financial_conditions_index,us,USA,,Chicago Fed National Financial Conditions Index,-0.746,index,weekly,FRED_CHICAGO_FED,National Financial Conditions Index,https://fred.stlouisfed.org/series/NFCI,https://www.chicagofed.org/research/data/nfci/current-data,2026-08-31T14:34:09.166970Z,none
1995-11-24,financial_conditions_index,us,USA,,Chicago Fed National Financial Conditions Index,-0.752,index,weekly,FRED_CHICAGO_FED,National Financial Conditions Index,https://fred.stlouisfed.org/series/NFCI,https://www.chicagofed.org/research/data/nfci/current-data,2026-08-31T14:34:09.166970Z,none
1995-12-01,financial_conditions_index,us,USA,,Chicago Fed National Financial Conditions Index,-0.754,index,weekly,FRED_CHICAGO_FED,National Financial Conditions Index,https://fred.stlouisfed.org/series/NFCI,https://www.chicagofed.org/research/data/nfci/current-data,2026-08-31T14:34:09.166970Z,none
1995-12-08,financial_conditions_index,us,USA,,Chicago Fed National Financial Conditions Index,-0.752,index,weekly,FRED_CHICAGO_FED,National Financial Conditions Index,https://fred.stlouisfed.org/series/NFCI,https://www.chicagofed.org/research/data/nfci/current-data,2026-08-31T14:34:09.166970Z,none
1995-12-15,financial_conditions_index,us,USA,,Chicago Fed National Financial Conditions Index,-0.748,index,weekly,FRED_CHICAGO_FED,National Financial Conditions Index,https://fred.stlouisfed.org/series/NFCI,https://www.chicagofed.org/research/data/nfci/current-data,2026-08-31T14:34:09.166970Z,none
1995-12-22,financial_conditions_index,us,USA,,Chicago Fed National Financial Conditions Index,-0.744,index,weekly,FRED_CHICAGO_FED,National Financial Conditions Index,https://fred.stlouisfed.org/series/NFCI,https://www.chicagofed.org/research/data/nfci/current-data,2026-08-31T14:34:09.166970Z,none
1995-12-29,financial_conditions_index,us,USA,,Chicago Fed National Financial Conditions Index,-0.744,index,weekly,FRED_CHICAGO_FED,National Financial Conditions Index,https://fred.stlouisfed.org/series/NFCI,https://www.chicagofed.org/research/data/nfci/current-data,2026-08-31T14:34:09.166970Z,none
1996-01-05,financial_conditions_index,us,USA,,Chicago Fed National Financial Conditions Index,-0.75,index,weekly,FRED_CHICAGO_FED,National Financial Conditions Index,https://fred.stlouisfed.org/series/NFCI,https://www.chicagofed.org/research/data/nfci/current-data,2026-08-31T14:34:09.166970Z,none
1996-01-12,financial_conditions_index,us,USA,,Chicago Fed National Financial Conditions Index,-0.761,index,weekly,FRED_CHICAGO_FED,National Financial Conditions Index,https://fred.stlouisfed.org/series/NFCI,https://www.chicagofed.org/research/data/nfci/current-data,2026-08-31T14:34:09.166970Z,none
1996-01-19,financial_conditions_index,us,USA,,Chicago Fed National Financial Conditions Index,-0.775,index,weekly,FRED_CHICAGO_FED,National Financial Conditions Index,https://fred.stlouisfed.org/series/NFCI,https://www.chicagofed.org/research/data/nfci/current-data,2026-08-31T14:34:09.166970Z,none
1996-01-26,financial_conditions_index,us,USA,,Chicago Fed National Financial Conditions Index,-0.793,index,weekly,FRED_CHICAGO_FED,National Financial Conditions Index,https://fred.stlouisfed.org/series/NFCI,https://www.chicagofed.org/research/data/nfci/current-data,2026-08-31T14:34:09.166970Z,none
1996-02-02,financial_conditions_index,us,USA,,Chicago Fed National Financial Conditions Index,-0.809,index,weekly,FRED_CHICAGO_FED,National Financial Conditions Index,https://fred.stlouisfed.org/series/NFCI,https://www.chicagofed.org/research/data/nfci/current-data,2026-08-31T14:34:09.166970Z,none
1996-02-09,financial_conditions_index,us,USA,,Chicago Fed National Financial Conditions Index,-0.82,index,weekly,FRED_CHICAGO_FED,National Financial Conditions Index,https://fred.stlouisfed.org/series/NFCI,https://www.chicagofed.org/research/data/nfci/current-data,2026-08-31T14:34:09.166970Z,none
1996-02-16,financial_conditions_index,us,USA,,Chicago Fed National Financial Conditions Index,-0.824,index,weekly,FRED_CHICAGO_FED,National Financial Conditions Index,https://fred.stlouisfed.org/series/NFCI,https://www.chicagofed.org/research/data/nfci/current-data,2026-08-31T14:34:09.166970Z,none
1996-02-23,financial_conditions_index,us,USA,,Chicago Fed National Financial Conditions Index,-0.82,index,weekly,FRED_CHICAGO_FED,National Financial Conditions Index,https://fred.stlouisfed.org/series/NFCI,https://www.chicagofed.org/research/data/nfci/current-data,2026-08-31T14:34:09.166970Z,none
1996-03-01,financial_conditions_index,us,USA,,Chicago Fed National Financial Conditions Index,-0.807,index,weekly,FRED_CHICAGO_FED,National Financial Conditions Index,https://fred.stlouisfed.org/series/NFCI,https://www.chicagofed.org/research/data/nfci/current-data,2026-08-31T14:34:09.166970Z,none
1996-03-08,financial_conditions_index,us,USA,,Chicago Fed National Financial Conditions Index,-0.788,index,weekly,FRED_CHICAGO_FED,National Financial Conditions Index,https://fred.stlouisfed.org/series/NFCI,https://www.chicagofed.org/research/data/nfci/current-data,2026-08-31T14:34:09.166970Z,none
1996-03-15,financial_conditions_index,us,USA,,Chicago Fed National Financial Conditions Index,-0.764,index,weekly,FRED_CHICAGO_FED,National Financial Conditions Index,https://fred.stlouisfed.org/series/NFCI,https://www.chicagofed.org/research/data/nfci/current-data,2026-08-31T14:34:09.166970Z,none
1996-03-22,financial_conditions_index,us,USA,,Chicago Fed National Financial Conditions Index,-0.741,index,weekly,FRED_CHICAGO_FED,National Financial Conditions Index,https://fred.stlouisfed.org/series/NFCI,https://www.chicagofed.org/research/data/nfci/current-data,2026-08-31T14:34:09.166970Z,none
1996-03-29,financial_conditions_index,us,USA,,Chicago Fed National Financial Conditions Index,-0.719,index,weekly,FRED_CHICAGO_FED,National Financial Conditions Index,https://fred.stlouisfed.org/series/NFCI,https://www.chicagofed.org/research/data/nfci/current-data,2026-08-31T14:34:09.166970Z,none
1996-04-05,financial_conditions_index,us,USA,,Chicago Fed National Financial Conditions Index,-0.702,index,weekly,FRED_CHICAGO_FED,National Financial Conditions Index,https://fred.stlouisfed.org/series/NFCI,https://www.chicagofed.org/research/data/nfci/current-data,2026-08-31T14:34:09.166970Z,none
1996-04-12,financial_conditions_index,us,USA,,Chicago Fed National Financial Conditions Index,-0.69,index,weekly,FRED_CHICAGO_FED,National Financial Conditions Index,https://fred.stlouisfed.org/series/NFCI,https://www.chicagofed.org/research/data/nfci/current-data,2026-08-31T14:34:09.166970Z,none
1996-04-19,financial_conditions_index,us,USA,,Chicago Fed National Financial Conditions Index,-0.684,index,weekly,FRED_CHICAGO_FED,National Financial Conditions Index,https://fred.stlouisfed.org/series/NFCI,https://www.chicagofed.org/research/data/nfci/current-data,2026-08-31T14:34:09.166970Z,none
1996-04-26,financial_conditions_index,us,USA,,Chicago Fed National Financial Conditions Index,-0.685,index,weekly,FRED_CHICAGO_FED,National Financial Conditions Index,https://fred.stlouisfed.org/series/NFCI,https://www.chicagofed.org/research/data/nfci/current-data,2026-08-31T14:34:09.166970Z,none
1996-05-03,financial_conditions_index,us,USA,,Chicago Fed National Financial Conditions Index,-0.691,index,weekly,FRED_CHICAGO_FED,National Financial Conditions Index,https://fred.stlouisfed.org/series/NFCI,https://www.chicagofed.org/research/data/nfci/current-data,2026-08-31T14:34:09.166970Z,none
1996-05-10,financial_conditions_index,us,USA,,Chicago Fed National Financial Conditions Index,-0.699,index,weekly,FRED_CHICAGO_FED,National Financial Conditions Index,https://fred.stlouisfed.org/series/NFCI,https://www.chicagofed.org/research/data/nfci/current-data,2026-08-31T14:34:09.166970Z,none
1996-05-17,financial_conditions_index,us,USA,,Chicago Fed National Financial Conditions Index,-0.708,index,weekly,FRED_CHICAGO_FED,National Financial Conditions Index,https://fred.stlouisfed.org/series/NFCI,https://www.chicagofed.org/research/data/nfci/current-data,2026-08-31T14:34:09.166970Z,none
1996-05-24,financial_conditions_index,us,USA,,Chicago Fed National Financial Conditions Index,-0.714,index,weekly,FRED_CHICAGO_FED,National Financial Conditions Index,https://fred.stlouisfed.org/series/NFCI,https://www.chicagofed.org/research/data/nfci/current-data,2026-08-31T14:34:09.166970Z,none
1996-05-31,financial_conditions_index,us,USA,,Chicago Fed National Financial Conditions Index,-0.717,index,weekly,FRED_CHICAGO_FED,National Financial Conditions Index,https://fred.stlouisfed.org/series/NFCI,https://www.chicagofed.org/research/data/nfci/current-data,2026-08-31T14:34:09.166970Z,none
1996-06-07,financial_conditions_index,us,USA,,Chicago Fed National Financial Conditions Index,-0.715,index,weekly,FRED_CHICAGO_FED,National Financial Conditions Index,https://fred.stlouisfed.org/series/NFCI,https://www.chicagofed.org/research/data/nfci/current-data,2026-08-31T14:34:09.166970Z,none
1996-06-14,financial_conditions_index,us,USA,,Chicago Fed National Financial Conditions Index,-0.711,index,weekly,FRED_CHICAGO_FED,National Financial Conditions Index,https://fred.stlouisfed.org/series/NFCI,https://www.chicagofed.org/research/data/nfci/current-data,2026-08-31T14:34:09.166970Z,none
1996-06-21,financial_conditions_index,us,USA,,Chicago Fed National Financial Conditions Index,-0.705,index,weekly,FRED_CHICAGO_FED,National Financial Conditions Index,https://fred.stlouisfed.org/series/NFCI,https://www.chicagofed.org/research/data/nfci/current-data,2026-08-31T14:34:09.166970Z,none
1996-06-28,financial_conditions_index,us,USA,,Chicago Fed National Financial Conditions Index,-0.701,index,weekly,FRED_CHICAGO_FED,National Financial Conditions Index,https://fred.stlouisfed.org/series/NFCI,https://www.chicagofed.org/research/data/nfci/current-data,2026-08-31T14:34:09.166970Z,none
1996-07-05,financial_conditions_index,us,USA,,Chicago Fed National Financial Conditions Index,-0.698,index,weekly,FRED_CHICAGO_FED,National Financial Conditions Index,https://fred.stlouisfed.org/series/NFCI,https://www.chicagofed.org/research/data/nfci/current-data,2026-08-31T14:34:09.166970Z,none
1996-07-12,financial_conditions_index,us,USA,,Chicago Fed National Financial Conditions Index,-0.698,index,weekly,FRED_CHICAGO_FED,National Financial Conditions Index,https://fred.stlouisfed.org/series/NFCI,https://www.chicagofed.org/research/data/nfci/current-data,2026-08-31T14:34:09.166970Z,none
1996-07-19,financial_conditions_index,us,USA,,Chicago Fed National Financial Conditions Index,-0.703,index,weekly,FRED_CHICAGO_FED,National Financial Conditions Index,https://fred.stlouisfed.org/series/NFCI,https://www.chicagofed.org/research/data/nfci/current-data,2026-08-31T14:34:09.166970Z,none
1996-07-26,financial_conditions_index,us,USA,,Chicago Fed National Financial Conditions Index,-0.711,index,weekly,FRED_CHICAGO_FED,National Financial Conditions Index,https://fred.stlouisfed.org/series/NFCI,https://www.chicagofed.org/research/data/nfci/current-data,2026-08-31T14:34:09.166970Z,none
1996-08-02,financial_conditions_index,us,USA,,Chicago Fed National Financial Conditions Index,-0.721,index,weekly,FRED_CHICAGO_FED,National Financial Conditions Index,https://fred.stlouisfed.org/series/NFCI,https://www.chicagofed.org/research/data/nfci/current-data,2026-08-31T14:34:09.166970Z,none
1996-08-09,financial_conditions_index,us,USA,,Chicago Fed National Financial Conditions Index,-0.732,index,weekly,FRED_CHICAGO_FED,National Financial Conditions Index,https://fred.stlouisfed.org/series/NFCI,https://www.chicagofed.org/research/data/nfci/current-data,2026-08-31T14:34:09.166970Z,none
1996-08-16,financial_conditions_index,us,USA,,Chicago Fed National Financial Conditions Index,-0.74,index,weekly,FRED_CHICAGO_FED,National Financial Conditions Index,https://fred.stlouisfed.org/series/NFCI,https://www.chicagofed.org/research/data/nfci/current-data,2026-08-31T14:34:09.166970Z,none
1996-08-23,financial_conditions_index,us,USA,,Chicago Fed National Financial Conditions Index,-0.744,index,weekly,FRED_CHICAGO_FED,National Financial Conditions Index,https://fred.stlouisfed.org/series/NFCI,https://www.chicagofed.org/research/data/nfci/current-data,2026-08-31T14:34:09.166970Z,none
1996-08-30,financial_conditions_index,us,USA,,Chicago Fed National Financial Conditions Index,-0.744,index,weekly,FRED_CHICAGO_FED,National Financial Conditions Index,https://fred.stlouisfed.org/series/NFCI,https://www.chicagofed.org/research/data/nfci/current-data,2026-08-31T14:34:09.166970Z,none
1996-09-06,financial_conditions_index,us,USA,,Chicago Fed National Financial Conditions Index,-0.741,index,weekly,FRED_CHICAGO_FED,National Financial Conditions Index,https://fred.stlouisfed.org/series/NFCI,https://www.chicagofed.org/research/data/nfci/current-data,2026-08-31T14:34:09.166970Z,none
1996-09-13,financial_conditions_index,us,USA,,Chicago Fed National Financial Conditions Index,-0.736,index,weekly,FRED_CHICAGO_FED,National Financial Conditions Index,https://fred.stlouisfed.org/series/NFCI,https://www.chicagofed.org/research/data/nfci/current-data,2026-08-31T14:34:09.166970Z,none
1996-09-20,financial_conditions_index,us,USA,,Chicago Fed National Financial Conditions Index,-0.733,index,weekly,FRED_CHICAGO_FED,National Financial Conditions Index,https://fred.stlouisfed.org/series/NFCI,https://www.chicagofed.org/research/data/nfci/current-data,2026-08-31T14:34:09.166970Z,none
1996-09-27,financial_conditions_index,us,USA,,Chicago Fed National Financial Conditions Index,-0.732,index,weekly,FRED_CHICAGO_FED,National Financial Conditions Index,https://fred.stlouisfed.org/series/NFCI,https://www.chicagofed.org/research/data/nfci/current-data,2026-08-31T14:34:09.166970Z,none
1996-10-04,financial_conditions_index,us,USA,,Chicago Fed National Financial Conditions Index,-0.735,index,weekly,FRED_CHICAGO_FED,National Financial Conditions Index,https://fred.stlouisfed.org/series/NFCI,https://www.chicagofed.org/research/data/nfci/current-data,2026-08-31T14:34:09.166970Z,none
1996-10-11,financial_conditions_index,us,USA,,Chicago Fed National Financial Conditions Index,-0.743,index,weekly,FRED_CHICAGO_FED,National Financial Conditions Index,https://fred.stlouisfed.org/series/NFCI,https://www.chicagofed.org/research/data/nfci/current-data,2026-08-31T14:34:09.166970Z,none
1996-10-18,financial_conditions_index,us,USA,,Chicago Fed National Financial Conditions Index,-0.753,index,weekly,FRED_CHICAGO_FED,National Financial Conditions Index,https://fred.stlouisfed.org/series/NFCI,https://www.chicagofed.org/research/data/nfci/current-data,2026-08-31T14:34:09.166970Z,none
1996-10-25,financial_conditions_index,us,USA,,Chicago Fed National Financial Conditions Index,-0.765,index,weekly,FRED_CHICAGO_FED,National Financial Conditions Index,https://fred.stlouisfed.org/series/NFCI,https://www.chicagofed.org/research/data/nfci/current-data,2026-08-31T14:34:09.166970Z,none
1996-11-01,financial_conditions_index,us,USA,,Chicago Fed National Financial Conditions Index,-0.776,index,weekly,FRED_CHICAGO_FED,National Financial Conditions Index,https://fred.stlouisfed.org/series/NFCI,https://www.chicagofed.org/research/data/nfci/current-data,2026-08-31T14:34:09.166970Z,none
1996-11-08,financial_conditions_index,us,USA,,Chicago Fed National Financial Conditions Index,-0.783,index,weekly,FRED_CHICAGO_FED,National Financial Conditions Index,https://fred.stlouisfed.org/series/NFCI,https://www.chicagofed.org/research/data/nfci/current-data,2026-08-31T14:34:09.166970Z,none
1996-11-15,financial_conditions_index,us,USA,,Chicago Fed National Financial Conditions Index,-0.785,index,weekly,FRED_CHICAGO_FED,National Financial Conditions Index,https://fred.stlouisfed.org/series/NFCI,https://www.chicagofed.org/research/data/nfci/current-data,2026-08-31T14:34:09.166970Z,none
1996-11-22,financial_conditions_index,us,USA,,Chicago Fed National Financial Conditions Index,-0.781,index,weekly,FRED_CHICAGO_FED,National Financial Conditions Index,https://fred.stlouisfed.org/series/NFCI,https://www.chicagofed.org/research/data/nfci/current-data,2026-08-31T14:34:09.166970Z,none
1996-11-29,financial_conditions_index,us,USA,,Chicago Fed National Financial Conditions Index,-0.771,index,weekly,FRED_CHICAGO_FED,National Financial Conditions Index,https://fred.stlouisfed.org/series/NFCI,https://www.chicagofed.org/research/data/nfci/current-data,2026-08-31T14:34:09.166970Z,none
1996-12-06,financial_conditions_index,us,USA,,Chicago Fed National Financial Conditions Index,-0.755,index,weekly,FRED_CHICAGO_FED,National Financial Conditions Index,https://fred.stlouisfed.org/series/NFCI,https://www.chicagofed.org/research/data/nfci/current-data,2026-08-31T14:34:09.166970Z,none
1996-12-13,financial_conditions_index,us,USA,,Chicago Fed National Financial Conditions Index,-0.737,index,weekly,FRED_CHICAGO_FED,National Financial Conditions Index,https://fred.stlouisfed.org/series/NFCI,https://www.chicagofed.org/research/data/nfci/current-data,2026-08-31T14:34:09.166970Z,none
1996-12-20,financial_conditions_index,us,USA,,Chicago Fed National Financial Conditions Index,-0.72,index,weekly,FRED_CHICAGO_FED,National Financial Conditions Index,https://fred.stlouisfed.org/series/NFCI,https://www.chicagofed.org/research/data/nfci/current-data,2026-08-31T14:34:09.166970Z,none
1996-12-27,financial_conditions_index,us,USA,,Chicago Fed National Financial Conditions Index,-0.706,index,weekly,FRED_CHICAGO_FED,National Financial Conditions Index,https://fred.stlouisfed.org/series/NFCI,https://www.chicagofed.org/research/data/nfci/current-data,2026-08-31T14:34:09.166970Z,none
1997-01-03,financial_conditions_index,us,USA,,Chicago Fed National Financial Conditions Index,-0.696,index,weekly,FRED_CHICAGO_FED,National Financial Conditions Index,https://fred.stlouisfed.org/series/NFCI,https://www.chicagofed.org/research/data/nfci/current-data,2026-08-31T14:34:09.166970Z,none
1997-01-10,financial_conditions_index,us,USA,,Chicago Fed National Financial Conditions Index,-0.692,index,weekly,FRED_CHICAGO_FED,National Financial Conditions Index,https://fred.stlouisfed.org/series/NFCI,https://www.chicagofed.org/research/data/nfci/current-data,2026-08-31T14:34:09.166970Z,none
1997-01-17,financial_conditions_index,us,USA,,Chicago Fed National Financial Conditions Index,-0.693,index,weekly,FRED_CHICAGO_FED,National Financial Conditions Index,https://fred.stlouisfed.org/series/NFCI,https://www.chicagofed.org/research/data/nfci/current-data,2026-08-31T14:34:09.166970Z,none
1997-01-24,financial_conditions_index,us,USA,,Chicago Fed National Financial Conditions Index,-0.699,index,weekly,FRED_CHICAGO_FED,National Financial Conditions Index,https://fred.stlouisfed.org/series/NFCI,https://www.chicagofed.org/research/data/nfci/current-data,2026-08-31T14:34:09.166970Z,none
1997-01-31,financial_conditions_index,us,USA,,Chicago Fed National Financial Conditions Index,-0.709,index,weekly,FRED_CHICAGO_FED,National Financial Conditions Index,https://fred.stlouisfed.org/series/NFCI,https://www.chicagofed.org/research/data/nfci/current-data,2026-08-31T14:34:09.166970Z,none
1997-02-07,financial_conditions_index,us,USA,,Chicago Fed National Financial Conditions Index,-0.719,index,weekly,FRED_CHICAGO_FED,National Financial Conditions Index,https://fred.stlouisfed.org/series/NFCI,https://www.chicagofed.org/research/data/nfci/current-data,2026-08-31T14:34:09.166970Z,none
1997-02-14,financial_conditions_index,us,USA,,Chicago Fed National Financial Conditions Index,-0.729,index,weekly,FRED_CHICAGO_FED,National Financial Conditions Index,https://fred.stlouisfed.org/series/NFCI,https://www.chicagofed.org/research/data/nfci/current-data,2026-08-31T14:34:09.166970Z,none
1997-02-21,financial_conditions_index,us,USA,,Chicago Fed National Financial Conditions Index,-0.735,index,weekly,FRED_CHICAGO_FED,National Financial Conditions Index,https://fred.stlouisfed.org/series/NFCI,https://www.chicagofed.org/research/data/nfci/current-data,2026-08-31T14:34:09.166970Z,none
1997-02-28,financial_conditions_index,us,USA,,Chicago Fed National Financial Conditions Index,-0.735,index,weekly,FRED_CHICAGO_FED,National Financial Conditions Index,https://fred.stlouisfed.org/series/NFCI,https://www.chicagofed.org/research/data/nfci/current-data,2026-08-31T14:34:09.166970Z,none
1997-03-07,financial_conditions_index,us,USA,,Chicago Fed National Financial Conditions Index,-0.73,index,weekly,FRED_CHICAGO_FED,National Financial Conditions Index,https://fred.stlouisfed.org/series/NFCI,https://www.chicagofed.org/research/data/nfci/current-data,2026-08-31T14:34:09.166970Z,none
1997-03-14,financial_conditions_index,us,USA,,Chicago Fed National Financial Conditions Index,-0.719,index,weekly,FRED_CHICAGO_FED,National Financial Conditions Index,https://fred.stlouisfed.org/series/NFCI,https://www.chicagofed.org/research/data/nfci/current-data,2026-08-31T14:34:09.166970Z,none
1997-03-21,financial_conditions_index,us,USA,,Chicago Fed National Financial Conditions Index,-0.706,index,weekly,FRED_CHICAGO_FED,National Financial Conditions Index,https://fred.stlouisfed.org/series/NFCI,https://www.chicagofed.org/research/data/nfci/current-data,2026-08-31T14:34:09.166970Z,none
1997-03-28,financial_conditions_index,us,USA,,Chicago Fed National Financial Conditions Index,-0.69,index,weekly,FRED_CHICAGO_FED,National Financial Conditions Index,https://fred.stlouisfed.org/series/NFCI,https://www.chicagofed.org/research/data/nfci/current-data,2026-08-31T14:34:09.166970Z,none
1997-04-04,financial_conditions_index,us,USA,,Chicago Fed National Financial Conditions Index,-0.674,index,weekly,FRED_CHICAGO_FED,National Financial Conditions Index,https://fred.stlouisfed.org/series/NFCI,https://www.chicagofed.org/research/data/nfci/current-data,2026-08-31T14:34:09.166970Z,none
1997-04-11,financial_conditions_index,us,USA,,Chicago Fed National Financial Conditions Index,-0.66,index,weekly,FRED_CHICAGO_FED,National Financial Conditions Index,https://fred.stlouisfed.org/series/NFCI,https://www.chicagofed.org/research/data/nfci/current-data,2026-08-31T14:34:09.166970Z,none
1997-04-18,financial_conditions_index,us,USA,,Chicago Fed National Financial Conditions Index,-0.648,index,weekly,FRED_CHICAGO_FED,National Financial Conditions Index,https://fred.stlouisfed.org/series/NFCI,https://www.chicagofed.org/research/data/nfci/current-data,2026-08-31T14:34:09.166970Z,none
1997-04-25,financial_conditions_index,us,USA,,Chicago Fed National Financial Conditions Index,-0.638,index,weekly,FRED_CHICAGO_FED,National Financial Conditions Index,https://fred.stlouisfed.org/series/NFCI,https://www.chicagofed.org/research/data/nfci/current-data,2026-08-31T14:34:09.166970Z,none
1997-05-02,financial_conditions_index,us,USA,,Chicago Fed National Financial Conditions Index,-0.632,index,weekly,FRED_CHICAGO_FED,National Financial Conditions Index,https://fred.stlouisfed.org/series/NFCI,https://www.chicagofed.org/research/data/nfci/current-data,2026-08-31T14:34:09.166970Z,none
1997-05-09,financial_conditions_index,us,USA,,Chicago Fed National Financial Conditions Index,-0.629,index,weekly,FRED_CHICAGO_FED,National Financial Conditions Index,https://fred.stlouisfed.org/series/NFCI,https://www.chicagofed.org/research/data/nfci/current-data,2026-08-31T14:34:09.166970Z,none
1997-05-16,financial_conditions_index,us,USA,,Chicago Fed National Financial Conditions Index,-0.627,index,weekly,FRED_CHICAGO_FED,National Financial Conditions Index,https://fred.stlouisfed.org/series/NFCI,https://www.chicagofed.org/research/data/nfci/current-data,2026-08-31T14:34:09.166970Z,none
1997-05-23,financial_conditions_index,us,USA,,Chicago Fed National Financial Conditions Index,-0.627,index,weekly,FRED_CHICAGO_FED,National Financial Conditions Index,https://fred.stlouisfed.org/series/NFCI,https://www.chicagofed.org/research/data/nfci/current-data,2026-08-31T14:34:09.166970Z,none
1997-05-30,financial_conditions_index,us,USA,,Chicago Fed National Financial Conditions Index,-0.628,index,weekly,FRED_CHICAGO_FED,National Financial Conditions Index,https://fred.stlouisfed.org/series/NFCI,https://www.chicagofed.org/research/data/nfci/current-data,2026-08-31T14:34:09.166970Z,none
1997-06-06,financial_conditions_index,us,USA,,Chicago Fed National Financial Conditions Index,-0.629,index,weekly,FRED_CHICAGO_FED,National Financial Conditions Index,https://fred.stlouisfed.org/series/NFCI,https://www.chicagofed.org/research/data/nfci/current-data,2026-08-31T14:34:09.166970Z,none
1997-06-13,financial_conditions_index,us,USA,,Chicago Fed National Financial Conditions Index,-0.632,index,weekly,FRED_CHICAGO_FED,National Financial Conditions Index,https://fred.stlouisfed.org/series/NFCI,https://www.chicagofed.org/research/data/nfci/current-data,2026-08-31T14:34:09.166970Z,none
1997-06-20,financial_conditions_index,us,USA,,Chicago Fed National Financial Conditions Index,-0.636,index,weekly,FRED_CHICAGO_FED,National Financial Conditions Index,https://fred.stlouisfed.org/series/NFCI,https://www.chicagofed.org/research/data/nfci/current-data,2026-08-31T14:34:09.166970Z,none
1997-06-27,financial_conditions_index,us,USA,,Chicago Fed National Financial Conditions Index,-0.64,index,weekly,FRED_CHICAGO_FED,National Financial Conditions Index,https://fred.stlouisfed.org/series/NFCI,https://www.chicagofed.org/research/data/nfci/current-data,2026-08-31T14:34:09.166970Z,none
1997-07-04,financial_conditions_index,us,USA,,Chicago Fed National Financial Conditions Index,-0.646,index,weekly,FRED_CHICAGO_FED,National Financial Conditions Index,https://fred.stlouisfed.org/series/NFCI,https://www.chicagofed.org/research/data/nfci/current-data,2026-08-31T14:34:09.166970Z,none
1997-07-11,financial_conditions_index,us,USA,,Chicago Fed National Financial Conditions Index,-0.65,index,weekly,FRED_CHICAGO_FED,National Financial Conditions Index,https://fred.stlouisfed.org/series/NFCI,https://www.chicagofed.org/research/data/nfci/current-data,2026-08-31T14:34:09.166970Z,none
1997-07-18,financial_conditions_index,us,USA,,Chicago Fed National Financial Conditions Index,-0.654,index,weekly,FRED_CHICAGO_FED,National Financial Conditions Index,https://fred.stlouisfed.org/series/NFCI,https://www.chicagofed.org/research/data/nfci/current-data,2026-08-31T14:34:09.166970Z,none
1997-07-25,financial_conditions_index,us,USA,,Chicago Fed National Financial Conditions Index,-0.657,index,weekly,FRED_CHICAGO_FED,National Financial Conditions Index,https://fred.stlouisfed.org/series/NFCI,https://www.chicagofed.org/research/data/nfci/current-data,2026-08-31T14:34:09.166970Z,none
1997-08-01,financial_conditions_index,us,USA,,Chicago Fed National Financial Conditions Index,-0.658,index,weekly,FRED_CHICAGO_FED,National Financial Conditions Index,https://fred.stlouisfed.org/series/NFCI,https://www.chicagofed.org/research/data/nfci/current-data,2026-08-31T14:34:09.166970Z,none
1997-08-08,financial_conditions_index,us,USA,,Chicago Fed National Financial Conditions Index,-0.657,index,weekly,FRED_CHICAGO_FED,National Financial Conditions Index,https://fred.stlouisfed.org/series/NFCI,https://www.chicagofed.org/research/data/nfci/current-data,2026-08-31T14:34:09.166970Z,none
1997-08-15,financial_conditions_index,us,USA,,Chicago Fed National Financial Conditions Index,-0.655,index,weekly,FRED_CHICAGO_FED,National Financial Conditions Index,https://fred.stlouisfed.org/series/NFCI,https://www.chicagofed.org/research/data/nfci/current-data,2026-08-31T14:34:09.166970Z,none
1997-08-22,financial_conditions_index,us,USA,,Chicago Fed National Financial Conditions Index,-0.652,index,weekly,FRED_CHICAGO_FED,National Financial Conditions Index,https://fred.stlouisfed.org/series/NFCI,https://www.chicagofed.org/research/data/nfci/current-data,2026-08-31T14:34:09.166970Z,none
1997-08-29,financial_conditions_index,us,USA,,Chicago Fed National Financial Conditions Index,-0.647,index,weekly,FRED_CHICAGO_FED,National Financial Conditions Index,https://fred.stlouisfed.org/series/NFCI,https://www.chicagofed.org/research/data/nfci/current-data,2026-08-31T14:34:09.166970Z,none
1997-09-05,financial_conditions_index,us,USA,,Chicago Fed National Financial Conditions Index,-0.642,index,weekly,FRED_CHICAGO_FED,National Financial Conditions Index,https://fred.stlouisfed.org/series/NFCI,https://www.chicagofed.org/research/data/nfci/current-data,2026-08-31T14:34:09.166970Z,none
1997-09-12,financial_conditions_index,us,USA,,Chicago Fed National Financial Conditions Index,-0.634,index,weekly,FRED_CHICAGO_FED,National Financial Conditions Index,https://fred.stlouisfed.org/series/NFCI,https://www.chicagofed.org/research/data/nfci/current-data,2026-08-31T14:34:09.166970Z,none
1997-09-19,financial_conditions_index,us,USA,,Chicago Fed National Financial Conditions Index,-0.625,index,weekly,FRED_CHICAGO_FED,National Financial Conditions Index,https://fred.stlouisfed.org/series/NFCI,https://www.chicagofed.org/research/data/nfci/current-data,2026-08-31T14:34:09.166970Z,none
1997-09-26,financial_conditions_index,us,USA,,Chicago Fed National Financial Conditions Index,-0.613,index,weekly,FRED_CHICAGO_FED,National Financial Conditions Index,https://fred.stlouisfed.org/series/NFCI,https://www.chicagofed.org/research/data/nfci/current-data,2026-08-31T14:34:09.166970Z,none
1997-10-03,financial_conditions_index,us,USA,,Chicago Fed National Financial Conditions Index,-0.598,index,weekly,FRED_CHICAGO_FED,National Financial Conditions Index,https://fred.stlouisfed.org/series/NFCI,https://www.chicagofed.org/research/data/nfci/current-data,2026-08-31T14:34:09.166970Z,none
1997-10-10,financial_conditions_index,us,USA,,Chicago Fed National Financial Conditions Index,-0.579,index,weekly,FRED_CHICAGO_FED,National Financial Conditions Index,https://fred.stlouisfed.org/series/NFCI,https://www.chicagofed.org/research/data/nfci/current-data,2026-08-31T14:34:09.166970Z,none
1997-10-17,financial_conditions_index,us,USA,,Chicago Fed National Financial Conditions Index,-0.557,index,weekly,FRED_CHICAGO_FED,National Financial Conditions Index,https://fred.stlouisfed.org/series/NFCI,https://www.chicagofed.org/research/data/nfci/current-data,2026-08-31T14:34:09.166970Z,none
1997-10-24,financial_conditions_index,us,USA,,Chicago Fed National Financial Conditions Index,-0.534,index,weekly,FRED_CHICAGO_FED,National Financial Conditions Index,https://fred.stlouisfed.org/series/NFCI,https://www.chicagofed.org/research/data/nfci/current-data,2026-08-31T14:34:09.166970Z,none
1997-10-31,financial_conditions_index,us,USA,,Chicago Fed National Financial Conditions Index,-0.511,index,weekly,FRED_CHICAGO_FED,National Financial Conditions Index,https://fred.stlouisfed.org/series/NFCI,https://www.chicagofed.org/research/data/nfci/current-data,2026-08-31T14:34:09.166970Z,none
1997-11-07,financial_conditions_index,us,USA,,Chicago Fed National Financial Conditions Index,-0.494,index,weekly,FRED_CHICAGO_FED,National Financial Conditions Index,https://fred.stlouisfed.org/series/NFCI,https://www.chicagofed.org/research/data/nfci/current-data,2026-08-31T14:34:09.166970Z,none
1997-11-14,financial_conditions_index,us,USA,,Chicago Fed National Financial Conditions Index,-0.48,index,weekly,FRED_CHICAGO_FED,National Financial Conditions Index,https://fred.stlouisfed.org/series/NFCI,https://www.chicagofed.org/research/data/nfci/current-data,2026-08-31T14:34:09.166970Z,none
1997-11-21,financial_conditions_index,us,USA,,Chicago Fed National Financial Conditions Index,-0.474,index,weekly,FRED_CHICAGO_FED,National Financial Conditions Index,https://fred.stlouisfed.org/series/NFCI,https://www.chicagofed.org/research/data/nfci/current-data,2026-08-31T14:34:09.166970Z,none
1997-11-28,financial_conditions_index,us,USA,,Chicago Fed National Financial Conditions Index,-0.473,index,weekly,FRED_CHICAGO_FED,National Financial Conditions Index,https://fred.stlouisfed.org/series/NFCI,https://www.chicagofed.org/research/data/nfci/current-data,2026-08-31T14:34:09.166970Z,none
1997-12-05,financial_conditions_index,us,USA,,Chicago Fed National Financial Conditions Index,-0.478,index,weekly,FRED_CHICAGO_FED,National Financial Conditions Index,https://fred.stlouisfed.org/series/NFCI,https://www.chicagofed.org/research/data/nfci/current-data,2026-08-31T14:34:09.166970Z,none
1997-12-12,financial_conditions_index,us,USA,,Chicago Fed National Financial Conditions Index,-0.486,index,weekly,FRED_CHICAGO_FED,National Financial Conditions Index,https://fred.stlouisfed.org/series/NFCI,https://www.chicagofed.org/research/data/nfci/current-data,2026-08-31T14:34:09.166970Z,none
1997-12-19,financial_conditions_index,us,USA,,Chicago Fed National Financial Conditions Index,-0.498,index,weekly,FRED_CHICAGO_FED,National Financial Conditions Index,https://fred.stlouisfed.org/series/NFCI,https://www.chicagofed.org/research/data/nfci/current-data,2026-08-31T14:34:09.166970Z,none
1997-12-26,financial_conditions_index,us,USA,,Chicago Fed National Financial Conditions Index,-0.513,index,weekly,FRED_CHICAGO_FED,National Financial Conditions Index,https://fred.stlouisfed.org/series/NFCI,https://www.chicagofed.org/research/data/nfci/current-data,2026-08-31T14:34:09.166970Z,none
1998-01-02,financial_conditions_index,us,USA,,Chicago Fed National Financial Conditions Index,-0.53,index,weekly,FRED_CHICAGO_FED,National Financial Conditions Index,https://fred.stlouisfed.org/series/NFCI,https://www.chicagofed.org/research/data/nfci/current-data,2026-08-31T14:34:09.166970Z,none
1998-01-09,financial_conditions_index,us,USA,,Chicago Fed National Financial Conditions Index,-0.546,index,weekly,FRED_CHICAGO_FED,National Financial Conditions Index,https://fred.stlouisfed.org/series/NFCI,https://www.chicagofed.org/research/data/nfci/current-data,2026-08-31T14:34:09.166970Z,none
1998-01-16,financial_conditions_index,us,USA,,Chicago Fed National Financial Conditions Index,-0.564,index,weekly,FRED_CHICAGO_FED,National Financial Conditions Index,https://fred.stlouisfed.org/series/NFCI,https://www.chicagofed.org/research/data/nfci/current-data,2026-08-31T14:34:09.166970Z,none
1998-01-23,financial_conditions_index,us,USA,,Chicago Fed National Financial Conditions Index,-0.582,index,weekly,FRED_CHICAGO_FED,National Financial Conditions Index,https://fred.stlouisfed.org/series/NFCI,https://www.chicagofed.org/research/data/nfci/current-data,2026-08-31T14:34:09.166970Z,none
1998-01-30,financial_conditions_index,us,USA,,Chicago Fed National Financial Conditions Index,-0.598,index,weekly,FRED_CHICAGO_FED,National Financial Conditions Index,https://fred.stlouisfed.org/series/NFCI,https://www.chicagofed.org/research/data/nfci/current-data,2026-08-31T14:34:09.166970Z,none
1998-02-06,financial_conditions_index,us,USA,,Chicago Fed National Financial Conditions Index,-0.613,index,weekly,FRED_CHICAGO_FED,National Financial Conditions Index,https://fred.stlouisfed.org/series/NFCI,https://www.chicagofed.org/research/data/nfci/current-data,2026-08-31T14:34:09.166970Z,none
1998-02-13,financial_conditions_index,us,USA,,Chicago Fed National Financial Conditions Index,-0.625,index,weekly,FRED_CHICAGO_FED,National Financial Conditions Index,https://fred.stlouisfed.org/series/NFCI,https://www.chicagofed.org/research/data/nfci/current-data,2026-08-31T14:34:09.166970Z,none
1998-02-20,financial_conditions_index,us,USA,,Chicago Fed National Financial Conditions Index,-0.633,index,weekly,FRED_CHICAGO_FED,National Financial Conditions Index,https://fred.stlouisfed.org/series/NFCI,https://www.chicagofed.org/research/data/nfci/current-data,2026-08-31T14:34:09.166970Z,none
1998-02-27,financial_conditions_index,us,USA,,Chicago Fed National Financial Conditions Index,-0.638,index,weekly,FRED_CHICAGO_FED,National Financial Conditions Index,https://fred.stlouisfed.org/series/NFCI,https://www.chicagofed.org/research/data/nfci/current-data,2026-08-31T14:34:09.166970Z,none
1998-03-06,financial_conditions_index,us,USA,,Chicago Fed National Financial Conditions Index,-0.637,index,weekly,FRED_CHICAGO_FED,National Financial Conditions Index,https://fred.stlouisfed.org/series/NFCI,https://www.chicagofed.org/research/data/nfci/current-data,2026-08-31T14:34:09.166970Z,none
1998-03-13,financial_conditions_index,us,USA,,Chicago Fed National Financial Conditions Index,-0.634,index,weekly,FRED_CHICAGO_FED,National Financial Conditions Index,https://fred.stlouisfed.org/series/NFCI,https://www.chicagofed.org/research/data/nfci/current-data,2026-08-31T14:34:09.166970Z,none
1998-03-20,financial_conditions_index,us,USA,,Chicago Fed National Financial Conditions Index,-0.63,index,weekly,FRED_CHICAGO_FED,National Financial Conditions Index,https://fred.stlouisfed.org/series/NFCI,https://www.chicagofed.org/research/data/nfci/current-data,2026-08-31T14:34:09.166970Z,none
1998-03-27,financial_conditions_index,us,USA,,Chicago Fed National Financial Conditions Index,-0.625,index,weekly,FRED_CHICAGO_FED,National Financial Conditions Index,https://fred.stlouisfed.org/series/NFCI,https://www.chicagofed.org/research/data/nfci/current-data,2026-08-31T14:34:09.166970Z,none
1998-04-03,financial_conditions_index,us,USA,,Chicago Fed National Financial Conditions Index,-0.62,index,weekly,FRED_CHICAGO_FED,National Financial Conditions Index,https://fred.stlouisfed.org/series/NFCI,https://www.chicagofed.org/research/data/nfci/current-data,2026-08-31T14:34:09.166970Z,none
1998-04-10,financial_conditions_index,us,USA,,Chicago Fed National Financial Conditions Index,-0.615,index,weekly,FRED_CHICAGO_FED,National Financial Conditions Index,https://fred.stlouisfed.org/series/NFCI,https://www.chicagofed.org/research/data/nfci/current-data,2026-08-31T14:34:09.166970Z,none
1998-04-17,financial_conditions_index,us,USA,,Chicago Fed National Financial Conditions Index,-0.609,index,weekly,FRED_CHICAGO_FED,National Financial Conditions Index,https://fred.stlouisfed.org/series/NFCI,https://www.chicagofed.org/research/data/nfci/current-data,2026-08-31T14:34:09.166970Z,none
1998-04-24,financial_conditions_index,us,USA,,Chicago Fed National Financial Conditions Index,-0.604,index,weekly,FRED_CHICAGO_FED,National Financial Conditions Index,https://fred.stlouisfed.org/series/NFCI,https://www.chicagofed.org/research/data/nfci/current-data,2026-08-31T14:34:09.166970Z,none
1998-05-01,financial_conditions_index,us,USA,,Chicago Fed National Financial Conditions Index,-0.597,index,weekly,FRED_CHICAGO_FED,National Financial Conditions Index,https://fred.stlouisfed.org/series/NFCI,https://www.chicagofed.org/research/data/nfci/current-data,2026-08-31T14:34:09.166970Z,none
1998-05-08,financial_conditions_index,us,USA,,Chicago Fed National Financial Conditions Index,-0.591,index,weekly,FRED_CHICAGO_FED,National Financial Conditions Index,https://fred.stlouisfed.org/series/NFCI,https://www.chicagofed.org/research/data/nfci/current-data,2026-08-31T14:34:09.166970Z,none
1998-05-15,financial_conditions_index,us,USA,,Chicago Fed National Financial Conditions Index,-0.584,index,weekly,FRED_CHICAGO_FED,National Financial Conditions Index,https://fred.stlouisfed.org/series/NFCI,https://www.chicagofed.org/research/data/nfci/current-data,2026-08-31T14:34:09.166970Z,none
1998-05-22,financial_conditions_index,us,USA,,Chicago Fed National Financial Conditions Index,-0.578,index,weekly,FRED_CHICAGO_FED,National Financial Conditions Index,https://fred.stlouisfed.org/series/NFCI,https://www.chicagofed.org/research/data/nfci/current-data,2026-08-31T14:34:09.166970Z,none
1998-05-29,financial_conditions_index,us,USA,,Chicago Fed National Financial Conditions Index,-0.57,index,weekly,FRED_CHICAGO_FED,National Financial Conditions Index,https://fred.stlouisfed.org/series/NFCI,https://www.chicagofed.org/research/data/nfci/current-data,2026-08-31T14:34:09.166970Z,none
1998-06-05,financial_conditions_index,us,USA,,Chicago Fed National Financial Conditions Index,-0.564,index,weekly,FRED_CHICAGO_FED,National Financial Conditions Index,https://fred.stlouisfed.org/series/NFCI,https://www.chicagofed.org/research/data/nfci/current-data,2026-08-31T14:34:09.166970Z,none
1998-06-12,financial_conditions_index,us,USA,,Chicago Fed National Financial Conditions Index,-0.559,index,weekly,FRED_CHICAGO_FED,National Financial Conditions Index,https://fred.stlouisfed.org/series/NFCI,https://www.chicagofed.org/research/data/nfci/current-data,2026-08-31T14:34:09.166970Z,none
1998-06-19,financial_conditions_index,us,USA,,Chicago Fed National Financial Conditions Index,-0.556,index,weekly,FRED_CHICAGO_FED,National Financial Conditions Index,https://fred.stlouisfed.org/series/NFCI,https://www.chicagofed.org/research/data/nfci/current-data,2026-08-31T14:34:09.166970Z,none
1998-06-26,financial_conditions_index,us,USA,,Chicago Fed National Financial Conditions Index,-0.555,index,weekly,FRED_CHICAGO_FED,National Financial Conditions Index,https://fred.stlouisfed.org/series/NFCI,https://www.chicagofed.org/research/data/nfci/current-data,2026-08-31T14:34:09.166970Z,none
1998-07-03,financial_conditions_index,us,USA,,Chicago Fed National Financial Conditions Index,-0.554,index,weekly,FRED_CHICAGO_FED,National Financial Conditions Index,https://fred.stlouisfed.org/series/NFCI,https://www.chicagofed.org/research/data/nfci/current-data,2026-08-31T14:34:09.166970Z,none
1998-07-10,financial_conditions_index,us,USA,,Chicago Fed National Financial Conditions Index,-0.552,index,weekly,FRED_CHICAGO_FED,National Financial Conditions Index,https://fred.stlouisfed.org/series/NFCI,https://www.chicagofed.org/research/data/nfci/current-data,2026-08-31T14:34:09.166970Z,none
1998-07-17,financial_conditions_index,us,USA,,Chicago Fed National Financial Conditions Index,-0.546,index,weekly,FRED_CHICAGO_FED,National Financial Conditions Index,https://fred.stlouisfed.org/series/NFCI,https://www.chicagofed.org/research/data/nfci/current-data,2026-08-31T14:34:09.166970Z,none
1998-07-24,financial_conditions_index,us,USA,,Chicago Fed National Financial Conditions Index,-0.532,index,weekly,FRED_CHICAGO_FED,National Financial Conditions Index,https://fred.stlouisfed.org/series/NFCI,https://www.chicagofed.org/research/data/nfci/current-data,2026-08-31T14:34:09.166970Z,none
1998-07-31,financial_conditions_index,us,USA,,Chicago Fed National Financial Conditions Index,-0.51,index,weekly,FRED_CHICAGO_FED,National Financial Conditions Index,https://fred.stlouisfed.org/series/NFCI,https://www.chicagofed.org/research/data/nfci/current-data,2026-08-31T14:34:09.166970Z,none
1998-08-07,financial_conditions_index,us,USA,,Chicago Fed National Financial Conditions Index,-0.476,index,weekly,FRED_CHICAGO_FED,National Financial Conditions Index,https://fred.stlouisfed.org/series/NFCI,https://www.chicagofed.org/research/data/nfci/current-data,2026-08-31T14:34:09.166970Z,none
1998-08-14,financial_conditions_index,us,USA,,Chicago Fed National Financial Conditions Index,-0.431,index,weekly,FRED_CHICAGO_FED,National Financial Conditions Index,https://fred.stlouisfed.org/series/NFCI,https://www.chicagofed.org/research/data/nfci/current-data,2026-08-31T14:34:09.166970Z,none
1998-08-21,financial_conditions_index,us,USA,,Chicago Fed National Financial Conditions Index,-0.376,index,weekly,FRED_CHICAGO_FED,National Financial Conditions Index,https://fred.stlouisfed.org/series/NFCI,https://www.chicagofed.org/research/data/nfci/current-data,2026-08-31T14:34:09.166970Z,none
1998-08-28,financial_conditions_index,us,USA,,Chicago Fed National Financial Conditions Index,-0.314,index,weekly,FRED_CHICAGO_FED,National Financial Conditions Index,https://fred.stlouisfed.org/series/NFCI,https://www.chicagofed.org/research/data/nfci/current-data,2026-08-31T14:34:09.166970Z,none
1998-09-04,financial_conditions_index,us,USA,,Chicago Fed National Financial Conditions Index,-0.248,index,weekly,FRED_CHICAGO_FED,National Financial Conditions Index,https://fred.stlouisfed.org/series/NFCI,https://www.chicagofed.org/research/data/nfci/current-data,2026-08-31T14:34:09.166970Z,none
1998-09-11,financial_conditions_index,us,USA,,Chicago Fed National Financial Conditions Index,-0.184,index,weekly,FRED_CHICAGO_FED,National Financial Conditions Index,https://fred.stlouisfed.org/series/NFCI,https://www.chicagofed.org/research/data/nfci/current-data,2026-08-31T14:34:09.166970Z,none
1998-09-18,financial_conditions_index,us,USA,,Chicago Fed National Financial Conditions Index,-0.123,index,weekly,FRED_CHICAGO_FED,National Financial Conditions Index,https://fred.stlouisfed.org/series/NFCI,https://www.chicagofed.org/research/data/nfci/current-data,2026-08-31T14:34:09.166970Z,none
1998-09-25,financial_conditions_index,us,USA,,Chicago Fed National Financial Conditions Index,-0.069,index,weekly,FRED_CHICAGO_FED,National Financial Conditions Index,https://fred.stlouisfed.org/series/NFCI,https://www.chicagofed.org/research/data/nfci/current-data,2026-08-31T14:34:09.166970Z,none
1998-10-02,financial_conditions_index,us,USA,,Chicago Fed National Financial Conditions Index,-0.026,index,weekly,FRED_CHICAGO_FED,National Financial Conditions Index,https://fred.stlouisfed.org/series/NFCI,https://www.chicagofed.org/research/data/nfci/current-data,2026-08-31T14:34:09.166970Z,none
1998-10-09,financial_conditions_index,us,USA,,Chicago Fed National Financial Conditions Index,0.004,index,weekly,FRED_CHICAGO_FED,National Financial Conditions Index,https://fred.stlouisfed.org/series/NFCI,https://www.chicagofed.org/research/data/nfci/current-data,2026-08-31T14:34:09.166970Z,none
1998-10-16,financial_conditions_index,us,USA,,Chicago Fed National Financial Conditions Index,0.017,index,weekly,FRED_CHICAGO_FED,National Financial Conditions Index,https://fred.stlouisfed.org/series/NFCI,https://www.chicagofed.org/research/data/nfci/current-data,2026-08-31T14:34:09.166970Z,none
1998-10-23,financial_conditions_index,us,USA,,Chicago Fed National Financial Conditions Index,0.012,index,weekly,FRED_CHICAGO_FED,National Financial Conditions Index,https://fred.stlouisfed.org/series/NFCI,https://www.chicagofed.org/research/data/nfci/current-data,2026-08-31T14:34:09.166970Z,none
1998-10-30,financial_conditions_index,us,USA,,Chicago Fed National Financial Conditions Index,-0.005,index,weekly,FRED_CHICAGO_FED,National Financial Conditions Index,https://fred.stlouisfed.org/series/NFCI,https://www.chicagofed.org/research/data/nfci/current-data,2026-08-31T14:34:09.166970Z,none
1998-11-06,financial_conditions_index,us,USA,,Chicago Fed National Financial Conditions Index,-0.032,index,weekly,FRED_CHICAGO_FED,National Financial Conditions Index,https://fred.stlouisfed.org/series/NFCI,https://www.chicagofed.org/research/data/nfci/current-data,2026-08-31T14:34:09.166970Z,none
1998-11-13,financial_conditions_index,us,USA,,Chicago Fed National Financial Conditions Index,-0.059,index,weekly,FRED_CHICAGO_FED,National Financial Conditions Index,https://fred.stlouisfed.org/series/NFCI,https://www.chicagofed.org/research/data/nfci/current-data,2026-08-31T14:34:09.166970Z,none
1998-11-20,financial_conditions_index,us,USA,,Chicago Fed National Financial Conditions Index,-0.088,index,weekly,FRED_CHICAGO_FED,National Financial Conditions Index,https://fred.stlouisfed.org/series/NFCI,https://www.chicagofed.org/research/data/nfci/current-data,2026-08-31T14:34:09.166970Z,none
1998-11-27,financial_conditions_index,us,USA,,Chicago Fed National Financial Conditions Index,-0.114,index,weekly,FRED_CHICAGO_FED,National Financial Conditions Index,https://fred.stlouisfed.org/series/NFCI,https://www.chicagofed.org/research/data/nfci/current-data,2026-08-31T14:34:09.166970Z,none
1998-12-04,financial_conditions_index,us,USA,,Chicago Fed National Financial Conditions Index,-0.135,index,weekly,FRED_CHICAGO_FED,National Financial Conditions Index,https://fred.stlouisfed.org/series/NFCI,https://www.chicagofed.org/research/data/nfci/current-data,2026-08-31T14:34:09.166970Z,none
1998-12-11,financial_conditions_index,us,USA,,Chicago Fed National Financial Conditions Index,-0.154,index,weekly,FRED_CHICAGO_FED,National Financial Conditions Index,https://fred.stlouisfed.org/series/NFCI,https://www.chicagofed.org/research/data/nfci/current-data,2026-08-31T14:34:09.166970Z,none
1998-12-18,financial_conditions_index,us,USA,,Chicago Fed National Financial Conditions Index,-0.172,index,weekly,FRED_CHICAGO_FED,National Financial Conditions Index,https://fred.stlouisfed.org/series/NFCI,https://www.chicagofed.org/research/data/nfci/current-data,2026-08-31T14:34:09.166970Z,none
1998-12-25,financial_conditions_index,us,USA,,Chicago Fed National Financial Conditions Index,-0.19,index,weekly,FRED_CHICAGO_FED,National Financial Conditions Index,https://fred.stlouisfed.org/series/NFCI,https://www.chicagofed.org/research/data/nfci/current-data,2026-08-31T14:34:09.166970Z,none
1999-01-01,financial_conditions_index,us,USA,,Chicago Fed National Financial Conditions Index,-0.206,index,weekly,FRED_CHICAGO_FED,National Financial Conditions Index,https://fred.stlouisfed.org/series/NFCI,https://www.chicagofed.org/research/data/nfci/current-data,2026-08-31T14:34:09.166970Z,none
1999-01-08,financial_conditions_index,us,USA,,Chicago Fed National Financial Conditions Index,-0.221,index,weekly,FRED_CHICAGO_FED,National Financial Conditions Index,https://fred.stlouisfed.org/series/NFCI,https://www.chicagofed.org/research/data/nfci/current-data,2026-08-31T14:34:09.166970Z,none
1999-01-15,financial_conditions_index,us,USA,,Chicago Fed National Financial Conditions Index,-0.237,index,weekly,FRED_CHICAGO_FED,National Financial Conditions Index,https://fred.stlouisfed.org/series/NFCI,https://www.chicagofed.org/research/data/nfci/current-data,2026-08-31T14:34:09.166970Z,none
1999-01-22,financial_conditions_index,us,USA,,Chicago Fed National Financial Conditions Index,-0.254,index,weekly,FRED_CHICAGO_FED,National Financial Conditions Index,https://fred.stlouisfed.org/series/NFCI,https://www.chicagofed.org/research/data/nfci/current-data,2026-08-31T14:34:09.166970Z,none
1999-01-29,financial_conditions_index,us,USA,,Chicago Fed National Financial Conditions Index,-0.272,index,weekly,FRED_CHICAGO_FED,National Financial Conditions Index,https://fred.stlouisfed.org/series/NFCI,https://www.chicagofed.org/research/data/nfci/current-data,2026-08-31T14:34:09.166970Z,none
1999-02-05,financial_conditions_index,us,USA,,Chicago Fed National Financial Conditions Index,-0.292,index,weekly,FRED_CHICAGO_FED,National Financial Conditions Index,https://fred.stlouisfed.org/series/NFCI,https://www.chicagofed.org/research/data/nfci/current-data,2026-08-31T14:34:09.166970Z,none
1999-02-12,financial_conditions_index,us,USA,,Chicago Fed National Financial Conditions Index,-0.313,index,weekly,FRED_CHICAGO_FED,National Financial Conditions Index,https://fred.stlouisfed.org/series/NFCI,https://www.chicagofed.org/research/data/nfci/current-data,2026-08-31T14:34:09.166970Z,none
1999-02-19,financial_conditions_index,us,USA,,Chicago Fed National Financial Conditions Index,-0.333,index,weekly,FRED_CHICAGO_FED,National Financial Conditions Index,https://fred.stlouisfed.org/series/NFCI,https://www.chicagofed.org/research/data/nfci/current-data,2026-08-31T14:34:09.166970Z,none
1999-02-26,financial_conditions_index,us,USA,,Chicago Fed National Financial Conditions Index,-0.353,index,weekly,FRED_CHICAGO_FED,National Financial Conditions Index,https://fred.stlouisfed.org/series/NFCI,https://www.chicagofed.org/research/data/nfci/current-data,2026-08-31T14:34:09.166970Z,none
1999-03-05,financial_conditions_index,us,USA,,Chicago Fed National Financial Conditions Index,-0.369,index,weekly,FRED_CHICAGO_FED,National Financial Conditions Index,https://fred.stlouisfed.org/series/NFCI,https://www.chicagofed.org/research/data/nfci/current-data,2026-08-31T14:34:09.166970Z,none
1999-03-12,financial_conditions_index,us,USA,,Chicago Fed National Financial Conditions Index,-0.383,index,weekly,FRED_CHICAGO_FED,National Financial Conditions Index,https://fred.stlouisfed.org/series/NFCI,https://www.chicagofed.org/research/data/nfci/current-data,2026-08-31T14:34:09.166970Z,none
1999-03-19,financial_conditions_index,us,USA,,Chicago Fed National Financial Conditions Index,-0.395,index,weekly,FRED_CHICAGO_FED,National Financial Conditions Index,https://fred.stlouisfed.org/series/NFCI,https://www.chicagofed.org/research/data/nfci/current-data,2026-08-31T14:34:09.166970Z,none
1999-03-26,financial_conditions_index,us,USA,,Chicago Fed National Financial Conditions Index,-0.403,index,weekly,FRED_CHICAGO_FED,National Financial Conditions Index,https://fred.stlouisfed.org/series/NFCI,https://www.chicagofed.org/research/data/nfci/current-data,2026-08-31T14:34:09.166970Z,none
1999-04-02,financial_conditions_index,us,USA,,Chicago Fed National Financial Conditions Index,-0.41,index,weekly,FRED_CHICAGO_FED,National Financial Conditions Index,https://fred.stlouisfed.org/series/NFCI,https://www.chicagofed.org/research/data/nfci/current-data,2026-08-31T14:34:09.166970Z,none
1999-04-09,financial_conditions_index,us,USA,,Chicago Fed National Financial Conditions Index,-0.415,index,weekly,FRED_CHICAGO_FED,National Financial Conditions Index,https://fred.stlouisfed.org/series/NFCI,https://www.chicagofed.org/research/data/nfci/current-data,2026-08-31T14:34:09.166970Z,none
1999-04-16,financial_conditions_index,us,USA,,Chicago Fed National Financial Conditions Index,-0.419,index,weekly,FRED_CHICAGO_FED,National Financial Conditions Index,https://fred.stlouisfed.org/series/NFCI,https://www.chicagofed.org/research/data/nfci/current-data,2026-08-31T14:34:09.166970Z,none
1999-04-23,financial_conditions_index,us,USA,,Chicago Fed National Financial Conditions Index,-0.422,index,weekly,FRED_CHICAGO_FED,National Financial Conditions Index,https://fred.stlouisfed.org/series/NFCI,https://www.chicagofed.org/research/data/nfci/current-data,2026-08-31T14:34:09.166970Z,none
1999-04-30,financial_conditions_index,us,USA,,Chicago Fed National Financial Conditions Index,-0.425,index,weekly,FRED_CHICAGO_FED,National Financial Conditions Index,https://fred.stlouisfed.org/series/NFCI,https://www.chicagofed.org/research/data/nfci/current-data,2026-08-31T14:34:09.166970Z,none
1999-05-07,financial_conditions_index,us,USA,,Chicago Fed National Financial Conditions Index,-0.425,index,weekly,FRED_CHICAGO_FED,National Financial Conditions Index,https://fred.stlouisfed.org/series/NFCI,https://www.chicagofed.org/research/data/nfci/current-data,2026-08-31T14:34:09.166970Z,none
1999-05-14,financial_conditions_index,us,USA,,Chicago Fed National Financial Conditions Index,-0.421,index,weekly,FRED_CHICAGO_FED,National Financial Conditions Index,https://fred.stlouisfed.org/series/NFCI,https://www.chicagofed.org/research/data/nfci/current-data,2026-08-31T14:34:09.166970Z,none
1999-05-21,financial_conditions_index,us,USA,,Chicago Fed National Financial Conditions Index,-0.412,index,weekly,FRED_CHICAGO_FED,National Financial Conditions Index,https://fred.stlouisfed.org/series/NFCI,https://www.chicagofed.org/research/data/nfci/current-data,2026-08-31T14:34:09.166970Z,none
1999-05-28,financial_conditions_index,us,USA,,Chicago Fed National Financial Conditions Index,-0.4,index,weekly,FRED_CHICAGO_FED,National Financial Conditions Index,https://fred.stlouisfed.org/series/NFCI,https://www.chicagofed.org/research/data/nfci/current-data,2026-08-31T14:34:09.166970Z,none
1999-06-04,financial_conditions_index,us,USA,,Chicago Fed National Financial Conditions Index,-0.385,index,weekly,FRED_CHICAGO_FED,National Financial Conditions Index,https://fred.stlouisfed.org/series/NFCI,https://www.chicagofed.org/research/data/nfci/current-data,2026-08-31T14:34:09.166970Z,none
1999-06-11,financial_conditions_index,us,USA,,Chicago Fed National Financial Conditions Index,-0.368,index,weekly,FRED_CHICAGO_FED,National Financial Conditions Index,https://fred.stlouisfed.org/series/NFCI,https://www.chicagofed.org/research/data/nfci/current-data,2026-08-31T14:34:09.166970Z,none
1999-06-18,financial_conditions_index,us,USA,,Chicago Fed National Financial Conditions Index,-0.35,index,weekly,FRED_CHICAGO_FED,National Financial Conditions Index,https://fred.stlouisfed.org/series/NFCI,https://www.chicagofed.org/research/data/nfci/current-data,2026-08-31T14:34:09.166970Z,none
1999-06-25,financial_conditions_index,us,USA,,Chicago Fed National Financial Conditions Index,-0.33,index,weekly,FRED_CHICAGO_FED,National Financial Conditions Index,https://fred.stlouisfed.org/series/NFCI,https://www.chicagofed.org/research/data/nfci/current-data,2026-08-31T14:34:09.166970Z,none
1999-07-02,financial_conditions_index,us,USA,,Chicago Fed National Financial Conditions Index,-0.309,index,weekly,FRED_CHICAGO_FED,National Financial Conditions Index,https://fred.stlouisfed.org/series/NFCI,https://www.chicagofed.org/research/data/nfci/current-data,2026-08-31T14:34:09.166970Z,none
1999-07-09,financial_conditions_index,us,USA,,Chicago Fed National Financial Conditions Index,-0.285,index,weekly,FRED_CHICAGO_FED,National Financial Conditions Index,https://fred.stlouisfed.org/series/NFCI,https://www.chicagofed.org/research/data/nfci/current-data,2026-08-31T14:34:09.166970Z,none
1999-07-16,financial_conditions_index,us,USA,,Chicago Fed National Financial Conditions Index,-0.26,index,weekly,FRED_CHICAGO_FED,National Financial Conditions Index,https://fred.stlouisfed.org/series/NFCI,https://www.chicagofed.org/research/data/nfci/current-data,2026-08-31T14:34:09.166970Z,none
1999-07-23,financial_conditions_index,us,USA,,Chicago Fed National Financial Conditions Index,-0.234,index,weekly,FRED_CHICAGO_FED,National Financial Conditions Index,https://fred.stlouisfed.org/series/NFCI,https://www.chicagofed.org/research/data/nfci/current-data,2026-08-31T14:34:09.166970Z,none
1999-07-30,financial_conditions_index,us,USA,,Chicago Fed National Financial Conditions Index,-0.211,index,weekly,FRED_CHICAGO_FED,National Financial Conditions Index,https://fred.stlouisfed.org/series/NFCI,https://www.chicagofed.org/research/data/nfci/current-data,2026-08-31T14:34:09.166970Z,none
1999-08-06,financial_conditions_index,us,USA,,Chicago Fed National Financial Conditions Index,-0.189,index,weekly,FRED_CHICAGO_FED,National Financial Conditions Index,https://fred.stlouisfed.org/series/NFCI,https://www.chicagofed.org/research/data/nfci/current-data,2026-08-31T14:34:09.166970Z,none
1999-08-13,financial_conditions_index,us,USA,,Chicago Fed National Financial Conditions Index,-0.173,index,weekly,FRED_CHICAGO_FED,National Financial Conditions Index,https://fred.stlouisfed.org/series/NFCI,https://www.chicagofed.org/research/data/nfci/current-data,2026-08-31T14:34:09.166970Z,none
1999-08-20,financial_conditions_index,us,USA,,Chicago Fed National Financial Conditions Index,-0.16,index,weekly,FRED_CHICAGO_FED,National Financial Conditions Index,https://fred.stlouisfed.org/series/NFCI,https://www.chicagofed.org/research/data/nfci/current-data,2026-08-31T14:34:09.166970Z,none
1999-08-27,financial_conditions_index,us,USA,,Chicago Fed National Financial Conditions Index,-0.149,index,weekly,FRED_CHICAGO_FED,National Financial Conditions Index,https://fred.stlouisfed.org/series/NFCI,https://www.chicagofed.org/research/data/nfci/current-data,2026-08-31T14:34:09.166970Z,none
1999-09-03,financial_conditions_index,us,USA,,Chicago Fed National Financial Conditions Index,-0.137,index,weekly,FRED_CHICAGO_FED,National Financial Conditions Index,https://fred.stlouisfed.org/series/NFCI,https://www.chicagofed.org/research/data/nfci/current-data,2026-08-31T14:34:09.166970Z,none
1999-09-10,financial_conditions_index,us,USA,,Chicago Fed National Financial Conditions Index,-0.125,index,weekly,FRED_CHICAGO_FED,National Financial Conditions Index,https://fred.stlouisfed.org/series/NFCI,https://www.chicagofed.org/research/data/nfci/current-data,2026-08-31T14:34:09.166970Z,none
1999-09-17,financial_conditions_index,us,USA,,Chicago Fed National Financial Conditions Index,-0.112,index,weekly,FRED_CHICAGO_FED,National Financial Conditions Index,https://fred.stlouisfed.org/series/NFCI,https://www.chicagofed.org/research/data/nfci/current-data,2026-08-31T14:34:09.166970Z,none
1999-09-24,financial_conditions_index,us,USA,,Chicago Fed National Financial Conditions Index,-0.1,index,weekly,FRED_CHICAGO_FED,National Financial Conditions Index,https://fred.stlouisfed.org/series/NFCI,https://www.chicagofed.org/research/data/nfci/current-data,2026-08-31T14:34:09.166970Z,none
1999-10-01,financial_conditions_index,us,USA,,Chicago Fed National Financial Conditions Index,-0.09,index,weekly,FRED_CHICAGO_FED,National Financial Conditions Index,https://fred.stlouisfed.org/series/NFCI,https://www.chicagofed.org/research/data/nfci/current-data,2026-08-31T14:34:09.166970Z,none
1999-10-08,financial_conditions_index,us,USA,,Chicago Fed National Financial Conditions Index,-0.084,index,weekly,FRED_CHICAGO_FED,National Financial Conditions Index,https://fred.stlouisfed.org/series/NFCI,https://www.chicagofed.org/research/data/nfci/current-data,2026-08-31T14:34:09.166970Z,none
1999-10-15,financial_conditions_index,us,USA,,Chicago Fed National Financial Conditions Index,-0.086,index,weekly,FRED_CHICAGO_FED,National Financial Conditions Index,https://fred.stlouisfed.org/series/NFCI,https://www.chicagofed.org/research/data/nfci/current-data,2026-08-31T14:34:09.166970Z,none
1999-10-22,financial_conditions_index,us,USA,,Chicago Fed National Financial Conditions Index,-0.095,index,weekly,FRED_CHICAGO_FED,National Financial Conditions Index,https://fred.stlouisfed.org/series/NFCI,https://www.chicagofed.org/research/data/nfci/current-data,2026-08-31T14:34:09.166970Z,none
1999-10-29,financial_conditions_index,us,USA,,Chicago Fed National Financial Conditions Index,-0.11,index,weekly,FRED_CHICAGO_FED,National Financial Conditions Index,https://fred.stlouisfed.org/series/NFCI,https://www.chicagofed.org/research/data/nfci/current-data,2026-08-31T14:34:09.166970Z,none
1999-11-05,financial_conditions_index,us,USA,,Chicago Fed National Financial Conditions Index,-0.128,index,weekly,FRED_CHICAGO_FED,National Financial Conditions Index,https://fred.stlouisfed.org/series/NFCI,https://www.chicagofed.org/research/data/nfci/current-data,2026-08-31T14:34:09.166970Z,none
1999-11-12,financial_conditions_index,us,USA,,Chicago Fed National Financial Conditions Index,-0.145,index,weekly,FRED_CHICAGO_FED,National Financial Conditions Index,https://fred.stlouisfed.org/series/NFCI,https://www.chicagofed.org/research/data/nfci/current-data,2026-08-31T14:34:09.166970Z,none
1999-11-19,financial_conditions_index,us,USA,,Chicago Fed National Financial Conditions Index,-0.159,index,weekly,FRED_CHICAGO_FED,National Financial Conditions Index,https://fred.stlouisfed.org/series/NFCI,https://www.chicagofed.org/research/data/nfci/current-data,2026-08-31T14:34:09.166970Z,none
1999-11-26,financial_conditions_index,us,USA,,Chicago Fed National Financial Conditions Index,-0.167,index,weekly,FRED_CHICAGO_FED,National Financial Conditions Index,https://fred.stlouisfed.org/series/NFCI,https://www.chicagofed.org/research/data/nfci/current-data,2026-08-31T14:34:09.166970Z,none
1999-12-03,financial_conditions_index,us,USA,,Chicago Fed National Financial Conditions Index,-0.169,index,weekly,FRED_CHICAGO_FED,National Financial Conditions Index,https://fred.stlouisfed.org/series/NFCI,https://www.chicagofed.org/research/data/nfci/current-data,2026-08-31T14:34:09.166970Z,none
1999-12-10,financial_conditions_index,us,USA,,Chicago Fed National Financial Conditions Index,-0.168,index,weekly,FRED_CHICAGO_FED,National Financial Conditions Index,https://fred.stlouisfed.org/series/NFCI,https://www.chicagofed.org/research/data/nfci/current-data,2026-08-31T14:34:09.166970Z,none
1999-12-17,financial_conditions_index,us,USA,,Chicago Fed National Financial Conditions Index,-0.167,index,weekly,FRED_CHICAGO_FED,National Financial Conditions Index,https://fred.stlouisfed.org/series/NFCI,https://www.chicagofed.org/research/data/nfci/current-data,2026-08-31T14:34:09.166970Z,none
1999-12-24,financial_conditions_index,us,USA,,Chicago Fed National Financial Conditions Index,-0.168,index,weekly,FRED_CHICAGO_FED,National Financial Conditions Index,https://fred.stlouisfed.org/series/NFCI,https://www.chicagofed.org/research/data/nfci/current-data,2026-08-31T14:34:09.166970Z,none
1999-12-31,financial_conditions_index,us,USA,,Chicago Fed National Financial Conditions Index,-0.171,index,weekly,FRED_CHICAGO_FED,National Financial Conditions Index,https://fred.stlouisfed.org/series/NFCI,https://www.chicagofed.org/research/data/nfci/current-data,2026-08-31T14:34:09.166970Z,none
2000-01-07,financial_conditions_index,us,USA,,Chicago Fed National Financial Conditions Index,-0.181,index,weekly,FRED_CHICAGO_FED,National Financial Conditions Index,https://fred.stlouisfed.org/series/NFCI,https://www.chicagofed.org/research/data/nfci/current-data,2026-08-31T14:34:09.166970Z,none
2000-01-14,financial_conditions_index,us,USA,,Chicago Fed National Financial Conditions Index,-0.192,index,weekly,FRED_CHICAGO_FED,National Financial Conditions Index,https://fred.stlouisfed.org/series/NFCI,https://www.chicagofed.org/research/data/nfci/current-data,2026-08-31T14:34:09.166970Z,none
2000-01-21,financial_conditions_index,us,USA,,Chicago Fed National Financial Conditions Index,-0.203,index,weekly,FRED_CHICAGO_FED,National Financial Conditions Index,https://fred.stlouisfed.org/series/NFCI,https://www.chicagofed.org/research/data/nfci/current-data,2026-08-31T14:34:09.166970Z,none
2000-01-28,financial_conditions_index,us,USA,,Chicago Fed National Financial Conditions Index,-0.21,index,weekly,FRED_CHICAGO_FED,National Financial Conditions Index,https://fred.stlouisfed.org/series/NFCI,https://www.chicagofed.org/research/data/nfci/current-data,2026-08-31T14:34:09.166970Z,none
2000-02-04,financial_conditions_index,us,USA,,Chicago Fed National Financial Conditions Index,-0.212,index,weekly,FRED_CHICAGO_FED,National Financial Conditions Index,https://fred.stlouisfed.org/series/NFCI,https://www.chicagofed.org/research/data/nfci/current-data,2026-08-31T14:34:09.166970Z,none
2000-02-11,financial_conditions_index,us,USA,,Chicago Fed National Financial Conditions Index,-0.21,index,weekly,FRED_CHICAGO_FED,National Financial Conditions Index,https://fred.stlouisfed.org/series/NFCI,https://www.chicagofed.org/research/data/nfci/current-data,2026-08-31T14:34:09.166970Z,none
2000-02-18,financial_conditions_index,us,USA,,Chicago Fed National Financial Conditions Index,-0.202,index,weekly,FRED_CHICAGO_FED,National Financial Conditions Index,https://fred.stlouisfed.org/series/NFCI,https://www.chicagofed.org/research/data/nfci/current-data,2026-08-31T14:34:09.166970Z,none
2000-02-25,financial_conditions_index,us,USA,,Chicago Fed National Financial Conditions Index,-0.189,index,weekly,FRED_CHICAGO_FED,National Financial Conditions Index,https://fred.stlouisfed.org/series/NFCI,https://www.chicagofed.org/research/data/nfci/current-data,2026-08-31T14:34:09.166970Z,none
2000-03-03,financial_conditions_index,us,USA,,Chicago Fed National Financial Conditions Index,-0.173,index,weekly,FRED_CHICAGO_FED,National Financial Conditions Index,https://fred.stlouisfed.org/series/NFCI,https://www.chicagofed.org/research/data/nfci/current-data,2026-08-31T14:34:09.166970Z,none
2000-03-10,financial_conditions_index,us,USA,,Chicago Fed National Financial Conditions Index,-0.152,index,weekly,FRED_CHICAGO_FED,National Financial Conditions Index,https://fred.stlouisfed.org/series/NFCI,https://www.chicagofed.org/research/data/nfci/current-data,2026-08-31T14:34:09.166970Z,none
2000-03-17,financial_conditions_index,us,USA,,Chicago Fed National Financial Conditions Index,-0.13,index,weekly,FRED_CHICAGO_FED,National Financial Conditions Index,https://fred.stlouisfed.org/series/NFCI,https://www.chicagofed.org/research/data/nfci/current-data,2026-08-31T14:34:09.166970Z,none
2000-03-24,financial_conditions_index,us,USA,,Chicago Fed National Financial Conditions Index,-0.108,index,weekly,FRED_CHICAGO_FED,National Financial Conditions Index,https://fred.stlouisfed.org/series/NFCI,https://www.chicagofed.org/research/data/nfci/current-data,2026-08-31T14:34:09.166970Z,none
2000-03-31,financial_conditions_index,us,USA,,Chicago Fed National Financial Conditions Index,-0.088,index,weekly,FRED_CHICAGO_FED,National Financial Conditions Index,https://fred.stlouisfed.org/series/NFCI,https://www.chicagofed.org/research/data/nfci/current-data,2026-08-31T14:34:09.166970Z,none
2000-04-07,financial_conditions_index,us,USA,,Chicago Fed National Financial Conditions Index,-0.072,index,weekly,FRED_CHICAGO_FED,National Financial Conditions Index,https://fred.stlouisfed.org/series/NFCI,https://www.chicagofed.org/research/data/nfci/current-data,2026-08-31T14:34:09.166970Z,none
2000-04-14,financial_conditions_index,us,USA,,Chicago Fed National Financial Conditions Index,-0.058,index,weekly,FRED_CHICAGO_FED,National Financial Conditions Index,https://fred.stlouisfed.org/series/NFCI,https://www.chicagofed.org/research/data/nfci/current-data,2026-08-31T14:34:09.166970Z,none
2000-04-21,financial_conditions_index,us,USA,,Chicago Fed National Financial Conditions Index,-0.045,index,weekly,FRED_CHICAGO_FED,National Financial Conditions Index,https://fred.stlouisfed.org/series/NFCI,https://www.chicagofed.org/research/data/nfci/current-data,2026-08-31T14:34:09.166970Z,none
2000-04-28,financial_conditions_index,us,USA,,Chicago Fed National Financial Conditions Index,-0.032,index,weekly,FRED_CHICAGO_FED,National Financial Conditions Index,https://fred.stlouisfed.org/series/NFCI,https://www.chicagofed.org/research/data/nfci/current-data,2026-08-31T14:34:09.166970Z,none
2000-05-05,financial_conditions_index,us,USA,,Chicago Fed National Financial Conditions Index,-0.016,index,weekly,FRED_CHICAGO_FED,National Financial Conditions Index,https://fred.stlouisfed.org/series/NFCI,https://www.chicagofed.org/research/data/nfci/current-data,2026-08-31T14:34:09.166970Z,none
2000-05-12,financial_conditions_index,us,USA,,Chicago Fed National Financial Conditions Index,-0.001,index,weekly,FRED_CHICAGO_FED,National Financial Conditions Index,https://fred.stlouisfed.org/series/NFCI,https://www.chicagofed.org/research/data/nfci/current-data,2026-08-31T14:34:09.166970Z,none
2000-05-19,financial_conditions_index,us,USA,,Chicago Fed National Financial Conditions Index,0.013,index,weekly,FRED_CHICAGO_FED,National Financial Conditions Index,https://fred.stlouisfed.org/series/NFCI,https://www.chicagofed.org/research/data/nfci/current-data,2026-08-31T14:34:09.166970Z,none
2000-05-26,financial_conditions_index,us,USA,,Chicago Fed National Financial Conditions Index,0.024,index,weekly,FRED_CHICAGO_FED,National Financial Conditions Index,https://fred.stlouisfed.org/series/NFCI,https://www.chicagofed.org/research/data/nfci/current-data,2026-08-31T14:34:09.166970Z,none
2000-06-02,financial_conditions_index,us,USA,,Chicago Fed National Financial Conditions Index,0.032,index,weekly,FRED_CHICAGO_FED,National Financial Conditions Index,https://fred.stlouisfed.org/series/NFCI,https://www.chicagofed.org/research/data/nfci/current-data,2026-08-31T14:34:09.166970Z,none
2000-06-09,financial_conditions_index,us,USA,,Chicago Fed National Financial Conditions Index,0.033,index,weekly,FRED_CHICAGO_FED,National Financial Conditions Index,https://fred.stlouisfed.org/series/NFCI,https://www.chicagofed.org/research/data/nfci/current-data,2026-08-31T14:34:09.166970Z,none
2000-06-16,financial_conditions_index,us,USA,,Chicago Fed National Financial Conditions Index,0.029,index,weekly,FRED_CHICAGO_FED,National Financial Conditions Index,https://fred.stlouisfed.org/series/NFCI,https://www.chicagofed.org/research/data/nfci/current-data,2026-08-31T14:34:09.166970Z,none
2000-06-23,financial_conditions_index,us,USA,,Chicago Fed National Financial Conditions Index,0.017,index,weekly,FRED_CHICAGO_FED,National Financial Conditions Index,https://fred.stlouisfed.org/series/NFCI,https://www.chicagofed.org/research/data/nfci/current-data,2026-08-31T14:34:09.166970Z,none
2000-06-30,financial_conditions_index,us,USA,,Chicago Fed National Financial Conditions Index,-0.001,index,weekly,FRED_CHICAGO_FED,National Financial Conditions Index,https://fred.stlouisfed.org/series/NFCI,https://www.chicagofed.org/research/data/nfci/current-data,2026-08-31T14:34:09.166970Z,none
2000-07-07,financial_conditions_index,us,USA,,Chicago Fed National Financial Conditions Index,-0.026,index,weekly,FRED_CHICAGO_FED,National Financial Conditions Index,https://fred.stlouisfed.org/series/NFCI,https://www.chicagofed.org/research/data/nfci/current-data,2026-08-31T14:34:09.166970Z,none
2000-07-14,financial_conditions_index,us,USA,,Chicago Fed National Financial Conditions Index,-0.055,index,weekly,FRED_CHICAGO_FED,National Financial Conditions Index,https://fred.stlouisfed.org/series/NFCI,https://www.chicagofed.org/research/data/nfci/current-data,2026-08-31T14:34:09.166970Z,none
2000-07-21,financial_conditions_index,us,USA,,Chicago Fed National Financial Conditions Index,-0.085,index,weekly,FRED_CHICAGO_FED,National Financial Conditions Index,https://fred.stlouisfed.org/series/NFCI,https://www.chicagofed.org/research/data/nfci/current-data,2026-08-31T14:34:09.166970Z,none
2000-07-28,financial_conditions_index,us,USA,,Chicago Fed National Financial Conditions Index,-0.115,index,weekly,FRED_CHICAGO_FED,National Financial Conditions Index,https://fred.stlouisfed.org/series/NFCI,https://www.chicagofed.org/research/data/nfci/current-data,2026-08-31T14:34:09.166970Z,none
2000-08-04,financial_conditions_index,us,USA,,Chicago Fed National Financial Conditions Index,-0.143,index,weekly,FRED_CHICAGO_FED,National Financial Conditions Index,https://fred.stlouisfed.org/series/NFCI,https://www.chicagofed.org/research/data/nfci/current-data,2026-08-31T14:34:09.166970Z,none
2000-08-11,financial_conditions_index,us,USA,,Chicago Fed National Financial Conditions Index,-0.167,index,weekly,FRED_CHICAGO_FED,National Financial Conditions Index,https://fred.stlouisfed.org/series/NFCI,https://www.chicagofed.org/research/data/nfci/current-data,2026-08-31T14:34:09.166970Z,none
2000-08-18,financial_conditions_index,us,USA,,Chicago Fed National Financial Conditions Index,-0.185,index,weekly,FRED_CHICAGO_FED,National Financial Conditions Index,https://fred.stlouisfed.org/series/NFCI,https://www.chicagofed.org/research/data/nfci/current-data,2026-08-31T14:34:09.166970Z,none
2000-08-25,financial_conditions_index,us,USA,,Chicago Fed National Financial Conditions Index,-0.197,index,weekly,FRED_CHICAGO_FED,National Financial Conditions Index,https://fred.stlouisfed.org/series/NFCI,https://www.chicagofed.org/research/data/nfci/current-data,2026-08-31T14:34:09.166970Z,none
2000-09-01,financial_conditions_index,us,USA,,Chicago Fed National Financial Conditions Index,-0.205,index,weekly,FRED_CHICAGO_FED,National Financial Conditions Index,https://fred.stlouisfed.org/series/NFCI,https://www.chicagofed.org/research/data/nfci/current-data,2026-08-31T14:34:09.166970Z,none
2000-09-08,financial_conditions_index,us,USA,,Chicago Fed National Financial Conditions Index,-0.207,index,weekly,FRED_CHICAGO_FED,National Financial Conditions Index,https://fred.stlouisfed.org/series/NFCI,https://www.chicagofed.org/research/data/nfci/current-data,2026-08-31T14:34:09.166970Z,none
2000-09-15,financial_conditions_index,us,USA,,Chicago Fed National Financial Conditions Index,-0.206,index,weekly,FRED_CHICAGO_FED,National Financial Conditions Index,https://fred.stlouisfed.org/series/NFCI,https://www.chicagofed.org/research/data/nfci/current-data,2026-08-31T14:34:09.166970Z,none
2000-09-22,financial_conditions_index,us,USA,,Chicago Fed National Financial Conditions Index,-0.202,index,weekly,FRED_CHICAGO_FED,National Financial Conditions Index,https://fred.stlouisfed.org/series/NFCI,https://www.chicagofed.org/research/data/nfci/current-data,2026-08-31T14:34:09.166970Z,none
2000-09-29,financial_conditions_index,us,USA,,Chicago Fed National Financial Conditions Index,-0.196,index,weekly,FRED_CHICAGO_FED,National Financial Conditions Index,https://fred.stlouisfed.org/series/NFCI,https://www.chicagofed.org/research/data/nfci/current-data,2026-08-31T14:34:09.166970Z,none
2000-10-06,financial_conditions_index,us,USA,,Chicago Fed National Financial Conditions Index,-0.189,index,weekly,FRED_CHICAGO_FED,National Financial Conditions Index,https://fred.stlouisfed.org/series/NFCI,https://www.chicagofed.org/research/data/nfci/current-data,2026-08-31T14:34:09.166970Z,none
2000-10-13,financial_conditions_index,us,USA,,Chicago Fed National Financial Conditions Index,-0.181,index,weekly,FRED_CHICAGO_FED,National Financial Conditions Index,https://fred.stlouisfed.org/series/NFCI,https://www.chicagofed.org/research/data/nfci/current-data,2026-08-31T14:34:09.166970Z,none
2000-10-20,financial_conditions_index,us,USA,,Chicago Fed National Financial Conditions Index,-0.174,index,weekly,FRED_CHICAGO_FED,National Financial Conditions Index,https://fred.stlouisfed.org/series/NFCI,https://www.chicagofed.org/research/data/nfci/current-data,2026-08-31T14:34:09.166970Z,none
2000-10-27,financial_conditions_index,us,USA,,Chicago Fed National Financial Conditions Index,-0.167,index,weekly,FRED_CHICAGO_FED,National Financial Conditions Index,https://fred.stlouisfed.org/series/NFCI,https://www.chicagofed.org/research/data/nfci/current-data,2026-08-31T14:34:09.166970Z,none
2000-11-03,financial_conditions_index,us,USA,,Chicago Fed National Financial Conditions Index,-0.157,index,weekly,FRED_CHICAGO_FED,National Financial Conditions Index,https://fred.stlouisfed.org/series/NFCI,https://www.chicagofed.org/research/data/nfci/current-data,2026-08-31T14:34:09.166970Z,none
2000-11-10,financial_conditions_index,us,USA,,Chicago Fed National Financial Conditions Index,-0.144,index,weekly,FRED_CHICAGO_FED,National Financial Conditions Index,https://fred.stlouisfed.org/series/NFCI,https://www.chicagofed.org/research/data/nfci/current-data,2026-08-31T14:34:09.166970Z,none
2000-11-17,financial_conditions_index,us,USA,,Chicago Fed National Financial Conditions Index,-0.126,index,weekly,FRED_CHICAGO_FED,National Financial Conditions Index,https://fred.stlouisfed.org/series/NFCI,https://www.chicagofed.org/research/data/nfci/current-data,2026-08-31T14:34:09.166970Z,none
2000-11-24,financial_conditions_index,us,USA,,Chicago Fed National Financial Conditions Index,-0.105,index,weekly,FRED_CHICAGO_FED,National Financial Conditions Index,https://fred.stlouisfed.org/series/NFCI,https://www.chicagofed.org/research/data/nfci/current-data,2026-08-31T14:34:09.166970Z,none
2000-12-01,financial_conditions_index,us,USA,,Chicago Fed National Financial Conditions Index,-0.085,index,weekly,FRED_CHICAGO_FED,National Financial Conditions Index,https://fred.stlouisfed.org/series/NFCI,https://www.chicagofed.org/research/data/nfci/current-data,2026-08-31T14:34:09.166970Z,none
2000-12-08,financial_conditions_index,us,USA,,Chicago Fed National Financial Conditions Index,-0.07,index,weekly,FRED_CHICAGO_FED,National Financial Conditions Index,https://fred.stlouisfed.org/series/NFCI,https://www.chicagofed.org/research/data/nfci/current-data,2026-08-31T14:34:09.166970Z,none
2000-12-15,financial_conditions_index,us,USA,,Chicago Fed National Financial Conditions Index,-0.064,index,weekly,FRED_CHICAGO_FED,National Financial Conditions Index,https://fred.stlouisfed.org/series/NFCI,https://www.chicagofed.org/research/data/nfci/current-data,2026-08-31T14:34:09.166970Z,none
2000-12-22,financial_conditions_index,us,USA,,Chicago Fed National Financial Conditions Index,-0.07,index,weekly,FRED_CHICAGO_FED,National Financial Conditions Index,https://fred.stlouisfed.org/series/NFCI,https://www.chicagofed.org/research/data/nfci/current-data,2026-08-31T14:34:09.166970Z,none
2000-12-29,financial_conditions_index,us,USA,,Chicago Fed National Financial Conditions Index,-0.089,index,weekly,FRED_CHICAGO_FED,National Financial Conditions Index,https://fred.stlouisfed.org/series/NFCI,https://www.chicagofed.org/research/data/nfci/current-data,2026-08-31T14:34:09.166970Z,none
2001-01-05,financial_conditions_index,us,USA,,Chicago Fed National Financial Conditions Index,-0.119,index,weekly,FRED_CHICAGO_FED,National Financial Conditions Index,https://fred.stlouisfed.org/series/NFCI,https://www.chicagofed.org/research/data/nfci/current-data,2026-08-31T14:34:09.166970Z,none
2001-01-12,financial_conditions_index,us,USA,,Chicago Fed National Financial Conditions Index,-0.154,index,weekly,FRED_CHICAGO_FED,National Financial Conditions Index,https://fred.stlouisfed.org/series/NFCI,https://www.chicagofed.org/research/data/nfci/current-data,2026-08-31T14:34:09.166970Z,none
2001-01-19,financial_conditions_index,us,USA,,Chicago Fed National Financial Conditions Index,-0.19,index,weekly,FRED_CHICAGO_FED,National Financial Conditions Index,https://fred.stlouisfed.org/series/NFCI,https://www.chicagofed.org/research/data/nfci/current-data,2026-08-31T14:34:09.166970Z,none
2001-01-26,financial_conditions_index,us,USA,,Chicago Fed National Financial Conditions Index,-0.223,index,weekly,FRED_CHICAGO_FED,National Financial Conditions Index,https://fred.stlouisfed.org/series/NFCI,https://www.chicagofed.org/research/data/nfci/current-data,2026-08-31T14:34:09.166970Z,none
2001-02-02,financial_conditions_index,us,USA,,Chicago Fed National Financial Conditions Index,-0.25,index,weekly,FRED_CHICAGO_FED,National Financial Conditions Index,https://fred.stlouisfed.org/series/NFCI,https://www.chicagofed.org/research/data/nfci/current-data,2026-08-31T14:34:09.166970Z,none
2001-02-09,financial_conditions_index,us,USA,,Chicago Fed National Financial Conditions Index,-0.268,index,weekly,FRED_CHICAGO_FED,National Financial Conditions Index,https://fred.stlouisfed.org/series/NFCI,https://www.chicagofed.org/research/data/nfci/current-data,2026-08-31T14:34:09.166970Z,none
2001-02-16,financial_conditions_index,us,USA,,Chicago Fed National Financial Conditions Index,-0.277,index,weekly,FRED_CHICAGO_FED,National Financial Conditions Index,https://fred.stlouisfed.org/series/NFCI,https://www.chicagofed.org/research/data/nfci/current-data,2026-08-31T14:34:09.166970Z,none
2001-02-23,financial_conditions_index,us,USA,,Chicago Fed National Financial Conditions Index,-0.276,index,weekly,FRED_CHICAGO_FED,National Financial Conditions Index,https://fred.stlouisfed.org/series/NFCI,https://www.chicagofed.org/research/data/nfci/current-data,2026-08-31T14:34:09.166970Z,none
2001-03-02,financial_conditions_index,us,USA,,Chicago Fed National Financial Conditions Index,-0.27,index,weekly,FRED_CHICAGO_FED,National Financial Conditions Index,https://fred.stlouisfed.org/series/NFCI,https://www.chicagofed.org/research/data/nfci/current-data,2026-08-31T14:34:09.166970Z,none
2001-03-09,financial_conditions_index,us,USA,,Chicago Fed National Financial Conditions Index,-0.261,index,weekly,FRED_CHICAGO_FED,National Financial Conditions Index,https://fred.stlouisfed.org/series/NFCI,https://www.chicagofed.org/research/data/nfci/current-data,2026-08-31T14:34:09.166970Z,none
2001-03-16,financial_conditions_index,us,USA,,Chicago Fed National Financial Conditions Index,-0.253,index,weekly,FRED_CHICAGO_FED,National Financial Conditions Index,https://fred.stlouisfed.org/series/NFCI,https://www.chicagofed.org/research/data/nfci/current-data,2026-08-31T14:34:09.166970Z,none
2001-03-23,financial_conditions_index,us,USA,,Chicago Fed National Financial Conditions Index,-0.249,index,weekly,FRED_CHICAGO_FED,National Financial Conditions Index,https://fred.stlouisfed.org/series/NFCI,https://www.chicagofed.org/research/data/nfci/current-data,2026-08-31T14:34:09.166970Z,none
2001-03-30,financial_conditions_index,us,USA,,Chicago Fed National Financial Conditions Index,-0.252,index,weekly,FRED_CHICAGO_FED,National Financial Conditions Index,https://fred.stlouisfed.org/series/NFCI,https://www.chicagofed.org/research/data/nfci/current-data,2026-08-31T14:34:09.166970Z,none
2001-04-06,financial_conditions_index,us,USA,,Chicago Fed National Financial Conditions Index,-0.262,index,weekly,FRED_CHICAGO_FED,National Financial Conditions Index,https://fred.stlouisfed.org/series/NFCI,https://www.chicagofed.org/research/data/nfci/current-data,2026-08-31T14:34:09.166970Z,none
2001-04-13,financial_conditions_index,us,USA,,Chicago Fed National Financial Conditions Index,-0.281,index,weekly,FRED_CHICAGO_FED,National Financial Conditions Index,https://fred.stlouisfed.org/series/NFCI,https://www.chicagofed.org/research/data/nfci/current-data,2026-08-31T14:34:09.166970Z,none
2001-04-20,financial_conditions_index,us,USA,,Chicago Fed National Financial Conditions Index,-0.305,index,weekly,FRED_CHICAGO_FED,National Financial Conditions Index,https://fred.stlouisfed.org/series/NFCI,https://www.chicagofed.org/research/data/nfci/current-data,2026-08-31T14:34:09.166970Z,none
2001-04-27,financial_conditions_index,us,USA,,Chicago Fed National Financial Conditions Index,-0.332,index,weekly,FRED_CHICAGO_FED,National Financial Conditions Index,https://fred.stlouisfed.org/series/NFCI,https://www.chicagofed.org/research/data/nfci/current-data,2026-08-31T14:34:09.166970Z,none
2001-05-04,financial_conditions_index,us,USA,,Chicago Fed National Financial Conditions Index,-0.36,index,weekly,FRED_CHICAGO_FED,National Financial Conditions Index,https://fred.stlouisfed.org/series/NFCI,https://www.chicagofed.org/research/data/nfci/current-data,2026-08-31T14:34:09.166970Z,none
2001-05-11,financial_conditions_index,us,USA,,Chicago Fed National Financial Conditions Index,-0.385,index,weekly,FRED_CHICAGO_FED,National Financial Conditions Index,https://fred.stlouisfed.org/series/NFCI,https://www.chicagofed.org/research/data/nfci/current-data,2026-08-31T14:34:09.166970Z,none
2001-05-18,financial_conditions_index,us,USA,,Chicago Fed National Financial Conditions Index,-0.405,index,weekly,FRED_CHICAGO_FED,National Financial Conditions Index,https://fred.stlouisfed.org/series/NFCI,https://www.chicagofed.org/research/data/nfci/current-data,2026-08-31T14:34:09.166970Z,none
2001-05-25,financial_conditions_index,us,USA,,Chicago Fed National Financial Conditions Index,-0.421,index,weekly,FRED_CHICAGO_FED,National Financial Conditions Index,https://fred.stlouisfed.org/series/NFCI,https://www.chicagofed.org/research/data/nfci/current-data,2026-08-31T14:34:09.166970Z,none
2001-06-01,financial_conditions_index,us,USA,,Chicago Fed National Financial Conditions Index,-0.432,index,weekly,FRED_CHICAGO_FED,National Financial Conditions Index,https://fred.stlouisfed.org/series/NFCI,https://www.chicagofed.org/research/data/nfci/current-data,2026-08-31T14:34:09.166970Z,none
2001-06-08,financial_conditions_index,us,USA,,Chicago Fed National Financial Conditions Index,-0.439,index,weekly,FRED_CHICAGO_FED,National Financial Conditions Index,https://fred.stlouisfed.org/series/NFCI,https://www.chicagofed.org/research/data/nfci/current-data,2026-08-31T14:34:09.166970Z,none
2001-06-15,financial_conditions_index,us,USA,,Chicago Fed National Financial Conditions Index,-0.445,index,weekly,FRED_CHICAGO_FED,National Financial Conditions Index,https://fred.stlouisfed.org/series/NFCI,https://www.chicagofed.org/research/data/nfci/current-data,2026-08-31T14:34:09.166970Z,none
2001-06-22,financial_conditions_index,us,USA,,Chicago Fed National Financial Conditions Index,-0.451,index,weekly,FRED_CHICAGO_FED,National Financial Conditions Index,https://fred.stlouisfed.org/series/NFCI,https://www.chicagofed.org/research/data/nfci/current-data,2026-08-31T14:34:09.166970Z,none
2001-06-29,financial_conditions_index,us,USA,,Chicago Fed National Financial Conditions Index,-0.458,index,weekly,FRED_CHICAGO_FED,National Financial Conditions Index,https://fred.stlouisfed.org/series/NFCI,https://www.chicagofed.org/research/data/nfci/current-data,2026-08-31T14:34:09.166970Z,none
2001-07-06,financial_conditions_index,us,USA,,Chicago Fed National Financial Conditions Index,-0.467,index,weekly,FRED_CHICAGO_FED,National Financial Conditions Index,https://fred.stlouisfed.org/series/NFCI,https://www.chicagofed.org/research/data/nfci/current-data,2026-08-31T14:34:09.166970Z,none
2001-07-13,financial_conditions_index,us,USA,,Chicago Fed National Financial Conditions Index,-0.477,index,weekly,FRED_CHICAGO_FED,National Financial Conditions Index,https://fred.stlouisfed.org/series/NFCI,https://www.chicagofed.org/research/data/nfci/current-data,2026-08-31T14:34:09.166970Z,none
2001-07-20,financial_conditions_index,us,USA,,Chicago Fed National Financial Conditions Index,-0.488,index,weekly,FRED_CHICAGO_FED,National Financial Conditions Index,https://fred.stlouisfed.org/series/NFCI,https://www.chicagofed.org/research/data/nfci/current-data,2026-08-31T14:34:09.166970Z,none
2001-07-27,financial_conditions_index,us,USA,,Chicago Fed National Financial Conditions Index,-0.497,index,weekly,FRED_CHICAGO_FED,National Financial Conditions Index,https://fred.stlouisfed.org/series/NFCI,https://www.chicagofed.org/research/data/nfci/current-data,2026-08-31T14:34:09.166970Z,none
2001-08-03,financial_conditions_index,us,USA,,Chicago Fed National Financial Conditions Index,-0.501,index,weekly,FRED_CHICAGO_FED,National Financial Conditions Index,https://fred.stlouisfed.org/series/NFCI,https://www.chicagofed.org/research/data/nfci/current-data,2026-08-31T14:34:09.166970Z,none
2001-08-10,financial_conditions_index,us,USA,,Chicago Fed National Financial Conditions Index,-0.497,index,weekly,FRED_CHICAGO_FED,National Financial Conditions Index,https://fred.stlouisfed.org/series/NFCI,https://www.chicagofed.org/research/data/nfci/current-data,2026-08-31T14:34:09.166970Z,none
2001-08-17,financial_conditions_index,us,USA,,Chicago Fed National Financial Conditions Index,-0.483,index,weekly,FRED_CHICAGO_FED,National Financial Conditions Index,https://fred.stlouisfed.org/series/NFCI,https://www.chicagofed.org/research/data/nfci/current-data,2026-08-31T14:34:09.166970Z,none
2001-08-24,financial_conditions_index,us,USA,,Chicago Fed National Financial Conditions Index,-0.459,index,weekly,FRED_CHICAGO_FED,National Financial Conditions Index,https://fred.stlouisfed.org/series/NFCI,https://www.chicagofed.org/research/data/nfci/current-data,2026-08-31T14:34:09.166970Z,none
2001-08-31,financial_conditions_index,us,USA,,Chicago Fed National Financial Conditions Index,-0.429,index,weekly,FRED_CHICAGO_FED,National Financial Conditions Index,https://fred.stlouisfed.org/series/NFCI,https://www.chicagofed.org/research/data/nfci/current-data,2026-08-31T14:34:09.166970Z,none
2001-09-07,financial_conditions_index,us,USA,,Chicago Fed National Financial Conditions Index,-0.396,index,weekly,FRED_CHICAGO_FED,National Financial Conditions Index,https://fred.stlouisfed.org/series/NFCI,https://www.chicagofed.org/research/data/nfci/current-data,2026-08-31T14:34:09.166970Z,none
2001-09-14,financial_conditions_index,us,USA,,Chicago Fed National Financial Conditions Index,-0.364,index,weekly,FRED_CHICAGO_FED,National Financial Conditions Index,https://fred.stlouisfed.org/series/NFCI,https://www.chicagofed.org/research/data/nfci/current-data,2026-08-31T14:34:09.166970Z,none
2001-09-21,financial_conditions_index,us,USA,,Chicago Fed National Financial Conditions Index,-0.342,index,weekly,FRED_CHICAGO_FED,National Financial Conditions Index,https://fred.stlouisfed.org/series/NFCI,https://www.chicagofed.org/research/data/nfci/current-data,2026-08-31T14:34:09.166970Z,none
2001-09-28,financial_conditions_index,us,USA,,Chicago Fed National Financial Conditions Index,-0.336,index,weekly,FRED_CHICAGO_FED,National Financial Conditions Index,https://fred.stlouisfed.org/series/NFCI,https://www.chicagofed.org/research/data/nfci/current-data,2026-08-31T14:34:09.166970Z,none
2001-10-05,financial_conditions_index,us,USA,,Chicago Fed National Financial Conditions Index,-0.338,index,weekly,FRED_CHICAGO_FED,National Financial Conditions Index,https://fred.stlouisfed.org/series/NFCI,https://www.chicagofed.org/research/data/nfci/current-data,2026-08-31T14:34:09.166970Z,none
2001-10-12,financial_conditions_index,us,USA,,Chicago Fed National Financial Conditions Index,-0.349,index,weekly,FRED_CHICAGO_FED,National Financial Conditions Index,https://fred.stlouisfed.org/series/NFCI,https://www.chicagofed.org/research/data/nfci/current-data,2026-08-31T14:34:09.166970Z,none
2001-10-19,financial_conditions_index,us,USA,,Chicago Fed National Financial Conditions Index,-0.364,index,weekly,FRED_CHICAGO_FED,National Financial Conditions Index,https://fred.stlouisfed.org/series/NFCI,https://www.chicagofed.org/research/data/nfci/current-data,2026-08-31T14:34:09.166970Z,none
2001-10-26,financial_conditions_index,us,USA,,Chicago Fed National Financial Conditions Index,-0.38,index,weekly,FRED_CHICAGO_FED,National Financial Conditions Index,https://fred.stlouisfed.org/series/NFCI,https://www.chicagofed.org/research/data/nfci/current-data,2026-08-31T14:34:09.166970Z,none
2001-11-02,financial_conditions_index,us,USA,,Chicago Fed National Financial Conditions Index,-0.391,index,weekly,FRED_CHICAGO_FED,National Financial Conditions Index,https://fred.stlouisfed.org/series/NFCI,https://www.chicagofed.org/research/data/nfci/current-data,2026-08-31T14:34:09.166970Z,none
2001-11-09,financial_conditions_index,us,USA,,Chicago Fed National Financial Conditions Index,-0.397,index,weekly,FRED_CHICAGO_FED,National Financial Conditions Index,https://fred.stlouisfed.org/series/NFCI,https://www.chicagofed.org/research/data/nfci/current-data,2026-08-31T14:34:09.166970Z,none
2001-11-16,financial_conditions_index,us,USA,,Chicago Fed National Financial Conditions Index,-0.395,index,weekly,FRED_CHICAGO_FED,National Financial Conditions Index,https://fred.stlouisfed.org/series/NFCI,https://www.chicagofed.org/research/data/nfci/current-data,2026-08-31T14:34:09.166970Z,none
2001-11-23,financial_conditions_index,us,USA,,Chicago Fed National Financial Conditions Index,-0.385,index,weekly,FRED_CHICAGO_FED,National Financial Conditions Index,https://fred.stlouisfed.org/series/NFCI,https://www.chicagofed.org/research/data/nfci/current-data,2026-08-31T14:34:09.166970Z,none
2001-11-30,financial_conditions_index,us,USA,,Chicago Fed National Financial Conditions Index,-0.371,index,weekly,FRED_CHICAGO_FED,National Financial Conditions Index,https://fred.stlouisfed.org/series/NFCI,https://www.chicagofed.org/research/data/nfci/current-data,2026-08-31T14:34:09.166970Z,none
2001-12-07,financial_conditions_index,us,USA,,Chicago Fed National Financial Conditions Index,-0.359,index,weekly,FRED_CHICAGO_FED,National Financial Conditions Index,https://fred.stlouisfed.org/series/NFCI,https://www.chicagofed.org/research/data/nfci/current-data,2026-08-31T14:34:09.166970Z,none
2001-12-14,financial_conditions_index,us,USA,,Chicago Fed National Financial Conditions Index,-0.353,index,weekly,FRED_CHICAGO_FED,National Financial Conditions Index,https://fred.stlouisfed.org/series/NFCI,https://www.chicagofed.org/research/data/nfci/current-data,2026-08-31T14:34:09.166970Z,none
2001-12-21,financial_conditions_index,us,USA,,Chicago Fed National Financial Conditions Index,-0.355,index,weekly,FRED_CHICAGO_FED,National Financial Conditions Index,https://fred.stlouisfed.org/series/NFCI,https://www.chicagofed.org/research/data/nfci/current-data,2026-08-31T14:34:09.166970Z,none
2001-12-28,financial_conditions_index,us,USA,,Chicago Fed National Financial Conditions Index,-0.368,index,weekly,FRED_CHICAGO_FED,National Financial Conditions Index,https://fred.stlouisfed.org/series/NFCI,https://www.chicagofed.org/research/data/nfci/current-data,2026-08-31T14:34:09.166970Z,none
2002-01-04,financial_conditions_index,us,USA,,Chicago Fed National Financial Conditions Index,-0.388,index,weekly,FRED_CHICAGO_FED,National Financial Conditions Index,https://fred.stlouisfed.org/series/NFCI,https://www.chicagofed.org/research/data/nfci/current-data,2026-08-31T14:34:09.166970Z,none
2002-01-11,financial_conditions_index,us,USA,,Chicago Fed National Financial Conditions Index,-0.413,index,weekly,FRED_CHICAGO_FED,National Financial Conditions Index,https://fred.stlouisfed.org/series/NFCI,https://www.chicagofed.org/research/data/nfci/current-data,2026-08-31T14:34:09.166970Z,none
2002-01-18,financial_conditions_index,us,USA,,Chicago Fed National Financial Conditions Index,-0.438,index,weekly,FRED_CHICAGO_FED,National Financial Conditions Index,https://fred.stlouisfed.org/series/NFCI,https://www.chicagofed.org/research/data/nfci/current-data,2026-08-31T14:34:09.166970Z,none
2002-01-25,financial_conditions_index,us,USA,,Chicago Fed National Financial Conditions Index,-0.459,index,weekly,FRED_CHICAGO_FED,National Financial Conditions Index,https://fred.stlouisfed.org/series/NFCI,https://www.chicagofed.org/research/data/nfci/current-data,2026-08-31T14:34:09.166970Z,none
2002-02-01,financial_conditions_index,us,USA,,Chicago Fed National Financial Conditions Index,-0.475,index,weekly,FRED_CHICAGO_FED,National Financial Conditions Index,https://fred.stlouisfed.org/series/NFCI,https://www.chicagofed.org/research/data/nfci/current-data,2026-08-31T14:34:09.166970Z,none
2002-02-08,financial_conditions_index,us,USA,,Chicago Fed National Financial Conditions Index,-0.484,index,weekly,FRED_CHICAGO_FED,National Financial Conditions Index,https://fred.stlouisfed.org/series/NFCI,https://www.chicagofed.org/research/data/nfci/current-data,2026-08-31T14:34:09.166970Z,none
2002-02-15,financial_conditions_index,us,USA,,Chicago Fed National Financial Conditions Index,-0.489,index,weekly,FRED_CHICAGO_FED,National Financial Conditions Index,https://fred.stlouisfed.org/series/NFCI,https://www.chicagofed.org/research/data/nfci/current-data,2026-08-31T14:34:09.166970Z,none
2002-02-22,financial_conditions_index,us,USA,,Chicago Fed National Financial Conditions Index,-0.489,index,weekly,FRED_CHICAGO_FED,National Financial Conditions Index,https://fred.stlouisfed.org/series/NFCI,https://www.chicagofed.org/research/data/nfci/current-data,2026-08-31T14:34:09.166970Z,none
2002-03-01,financial_conditions_index,us,USA,,Chicago Fed National Financial Conditions Index,-0.488,index,weekly,FRED_CHICAGO_FED,National Financial Conditions Index,https://fred.stlouisfed.org/series/NFCI,https://www.chicagofed.org/research/data/nfci/current-data,2026-08-31T14:34:09.166970Z,none
2002-03-08,financial_conditions_index,us,USA,,Chicago Fed National Financial Conditions Index,-0.487,index,weekly,FRED_CHICAGO_FED,National Financial Conditions Index,https://fred.stlouisfed.org/series/NFCI,https://www.chicagofed.org/research/data/nfci/current-data,2026-08-31T14:34:09.166970Z,none
2002-03-15,financial_conditions_index,us,USA,,Chicago Fed National Financial Conditions Index,-0.488,index,weekly,FRED_CHICAGO_FED,National Financial Conditions Index,https://fred.stlouisfed.org/series/NFCI,https://www.chicagofed.org/research/data/nfci/current-data,2026-08-31T14:34:09.166970Z,none
2002-03-22,financial_conditions_index,us,USA,,Chicago Fed National Financial Conditions Index,-0.492,index,weekly,FRED_CHICAGO_FED,National Financial Conditions Index,https://fred.stlouisfed.org/series/NFCI,https://www.chicagofed.org/research/data/nfci/current-data,2026-08-31T14:34:09.166970Z,none
2002-03-29,financial_conditions_index,us,USA,,Chicago Fed National Financial Conditions Index,-0.5,index,weekly,FRED_CHICAGO_FED,National Financial Conditions Index,https://fred.stlouisfed.org/series/NFCI,https://www.chicagofed.org/research/data/nfci/current-data,2026-08-31T14:34:09.166970Z,none
2002-04-05,financial_conditions_index,us,USA,,Chicago Fed National Financial Conditions Index,-0.514,index,weekly,FRED_CHICAGO_FED,National Financial Conditions Index,https://fred.stlouisfed.org/series/NFCI,https://www.chicagofed.org/research/data/nfci/current-data,2026-08-31T14:34:09.166970Z,none
2002-04-12,financial_conditions_index,us,USA,,Chicago Fed National Financial Conditions Index,-0.532,index,weekly,FRED_CHICAGO_FED,National Financial Conditions Index,https://fred.stlouisfed.org/series/NFCI,https://www.chicagofed.org/research/data/nfci/current-data,2026-08-31T14:34:09.166970Z,none
2002-04-19,financial_conditions_index,us,USA,,Chicago Fed National Financial Conditions Index,-0.554,index,weekly,FRED_CHICAGO_FED,National Financial Conditions Index,https://fred.stlouisfed.org/series/NFCI,https://www.chicagofed.org/research/data/nfci/current-data,2026-08-31T14:34:09.166970Z,none
2002-04-26,financial_conditions_index,us,USA,,Chicago Fed National Financial Conditions Index,-0.577,index,weekly,FRED_CHICAGO_FED,National Financial Conditions Index,https://fred.stlouisfed.org/series/NFCI,https://www.chicagofed.org/research/data/nfci/current-data,2026-08-31T14:34:09.166970Z,none
2002-05-03,financial_conditions_index,us,USA,,Chicago Fed National Financial Conditions Index,-0.599,index,weekly,FRED_CHICAGO_FED,National Financial Conditions Index,https://fred.stlouisfed.org/series/NFCI,https://www.chicagofed.org/research/data/nfci/current-data,2026-08-31T14:34:09.166970Z,none
2002-05-10,financial_conditions_index,us,USA,,Chicago Fed National Financial Conditions Index,-0.616,index,weekly,FRED_CHICAGO_FED,National Financial Conditions Index,https://fred.stlouisfed.org/series/NFCI,https://www.chicagofed.org/research/data/nfci/current-data,2026-08-31T14:34:09.166970Z,none
2002-05-17,financial_conditions_index,us,USA,,Chicago Fed National Financial Conditions Index,-0.626,index,weekly,FRED_CHICAGO_FED,National Financial Conditions Index,https://fred.stlouisfed.org/series/NFCI,https://www.chicagofed.org/research/data/nfci/current-data,2026-08-31T14:34:09.166970Z,none
2002-05-24,financial_conditions_index,us,USA,,Chicago Fed National Financial Conditions Index,-0.628,index,weekly,FRED_CHICAGO_FED,National Financial Conditions Index,https://fred.stlouisfed.org/series/NFCI,https://www.chicagofed.org/research/data/nfci/current-data,2026-08-31T14:34:09.166970Z,none
2002-05-31,financial_conditions_index,us,USA,,Chicago Fed National Financial Conditions Index,-0.622,index,weekly,FRED_CHICAGO_FED,National Financial Conditions Index,https://fred.stlouisfed.org/series/NFCI,https://www.chicagofed.org/research/data/nfci/current-data,2026-08-31T14:34:09.166970Z,none
2002-06-07,financial_conditions_index,us,USA,,Chicago Fed National Financial Conditions Index,-0.608,index,weekly,FRED_CHICAGO_FED,National Financial Conditions Index,https://fred.stlouisfed.org/series/NFCI,https://www.chicagofed.org/research/data/nfci/current-data,2026-08-31T14:34:09.166970Z,none
2002-06-14,financial_conditions_index,us,USA,,Chicago Fed National Financial Conditions Index,-0.587,index,weekly,FRED_CHICAGO_FED,National Financial Conditions Index,https://fred.stlouisfed.org/series/NFCI,https://www.chicagofed.org/research/data/nfci/current-data,2026-08-31T14:34:09.166970Z,none
2002-06-21,financial_conditions_index,us,USA,,Chicago Fed National Financial Conditions Index,-0.563,index,weekly,FRED_CHICAGO_FED,National Financial Conditions Index,https://fred.stlouisfed.org/series/NFCI,https://www.chicagofed.org/research/data/nfci/current-data,2026-08-31T14:34:09.166970Z,none
2002-06-28,financial_conditions_index,us,USA,,Chicago Fed National Financial Conditions Index,-0.535,index,weekly,FRED_CHICAGO_FED,National Financial Conditions Index,https://fred.stlouisfed.org/series/NFCI,https://www.chicagofed.org/research/data/nfci/current-data,2026-08-31T14:34:09.166970Z,none
2002-07-05,financial_conditions_index,us,USA,,Chicago Fed National Financial Conditions Index,-0.508,index,weekly,FRED_CHICAGO_FED,National Financial Conditions Index,https://fred.stlouisfed.org/series/NFCI,https://www.chicagofed.org/research/data/nfci/current-data,2026-08-31T14:34:09.166970Z,none
2002-07-12,financial_conditions_index,us,USA,,Chicago Fed National Financial Conditions Index,-0.481,index,weekly,FRED_CHICAGO_FED,National Financial Conditions Index,https://fred.stlouisfed.org/series/NFCI,https://www.chicagofed.org/research/data/nfci/current-data,2026-08-31T14:34:09.166970Z,none
2002-07-19,financial_conditions_index,us,USA,,Chicago Fed National Financial Conditions Index,-0.457,index,weekly,FRED_CHICAGO_FED,National Financial Conditions Index,https://fred.stlouisfed.org/series/NFCI,https://www.chicagofed.org/research/data/nfci/current-data,2026-08-31T14:34:09.166970Z,none
2002-07-26,financial_conditions_index,us,USA,,Chicago Fed National Financial Conditions Index,-0.437,index,weekly,FRED_CHICAGO_FED,National Financial Conditions Index,https://fred.stlouisfed.org/series/NFCI,https://www.chicagofed.org/research/data/nfci/current-data,2026-08-31T14:34:09.166970Z,none
2002-08-02,financial_conditions_index,us,USA,,Chicago Fed National Financial Conditions Index,-0.423,index,weekly,FRED_CHICAGO_FED,National Financial Conditions Index,https://fred.stlouisfed.org/series/NFCI,https://www.chicagofed.org/research/data/nfci/current-data,2026-08-31T14:34:09.166970Z,none
2002-08-09,financial_conditions_index,us,USA,,Chicago Fed National Financial Conditions Index,-0.411,index,weekly,FRED_CHICAGO_FED,National Financial Conditions Index,https://fred.stlouisfed.org/series/NFCI,https://www.chicagofed.org/research/data/nfci/current-data,2026-08-31T14:34:09.166970Z,none
2002-08-16,financial_conditions_index,us,USA,,Chicago Fed National Financial Conditions Index,-0.404,index,weekly,FRED_CHICAGO_FED,National Financial Conditions Index,https://fred.stlouisfed.org/series/NFCI,https://www.chicagofed.org/research/data/nfci/current-data,2026-08-31T14:34:09.166970Z,none
2002-08-23,financial_conditions_index,us,USA,,Chicago Fed National Financial Conditions Index,-0.396,index,weekly,FRED_CHICAGO_FED,National Financial Conditions Index,https://fred.stlouisfed.org/series/NFCI,https://www.chicagofed.org/research/data/nfci/current-data,2026-08-31T14:34:09.166970Z,none
2002-08-30,financial_conditions_index,us,USA,,Chicago Fed National Financial Conditions Index,-0.387,index,weekly,FRED_CHICAGO_FED,National Financial Conditions Index,https://fred.stlouisfed.org/series/NFCI,https://www.chicagofed.org/research/data/nfci/current-data,2026-08-31T14:34:09.166970Z,none
2002-09-06,financial_conditions_index,us,USA,,Chicago Fed National Financial Conditions Index,-0.377,index,weekly,FRED_CHICAGO_FED,National Financial Conditions Index,https://fred.stlouisfed.org/series/NFCI,https://www.chicagofed.org/research/data/nfci/current-data,2026-08-31T14:34:09.166970Z,none
2002-09-13,financial_conditions_index,us,USA,,Chicago Fed National Financial Conditions Index,-0.366,index,weekly,FRED_CHICAGO_FED,National Financial Conditions Index,https://fred.stlouisfed.org/series/NFCI,https://www.chicagofed.org/research/data/nfci/current-data,2026-08-31T14:34:09.166970Z,none
2002-09-20,financial_conditions_index,us,USA,,Chicago Fed National Financial Conditions Index,-0.357,index,weekly,FRED_CHICAGO_FED,National Financial Conditions Index,https://fred.stlouisfed.org/series/NFCI,https://www.chicagofed.org/research/data/nfci/current-data,2026-08-31T14:34:09.166970Z,none
2002-09-27,financial_conditions_index,us,USA,,Chicago Fed National Financial Conditions Index,-0.351,index,weekly,FRED_CHICAGO_FED,National Financial Conditions Index,https://fred.stlouisfed.org/series/NFCI,https://www.chicagofed.org/research/data/nfci/current-data,2026-08-31T14:34:09.166970Z,none
2002-10-04,financial_conditions_index,us,USA,,Chicago Fed National Financial Conditions Index,-0.35,index,weekly,FRED_CHICAGO_FED,National Financial Conditions Index,https://fred.stlouisfed.org/series/NFCI,https://www.chicagofed.org/research/data/nfci/current-data,2026-08-31T14:34:09.166970Z,none
2002-10-11,financial_conditions_index,us,USA,,Chicago Fed National Financial Conditions Index,-0.356,index,weekly,FRED_CHICAGO_FED,National Financial Conditions Index,https://fred.stlouisfed.org/series/NFCI,https://www.chicagofed.org/research/data/nfci/current-data,2026-08-31T14:34:09.166970Z,none
2002-10-18,financial_conditions_index,us,USA,,Chicago Fed National Financial Conditions Index,-0.368,index,weekly,FRED_CHICAGO_FED,National Financial Conditions Index,https://fred.stlouisfed.org/series/NFCI,https://www.chicagofed.org/research/data/nfci/current-data,2026-08-31T14:34:09.166970Z,none
2002-10-25,financial_conditions_index,us,USA,,Chicago Fed National Financial Conditions Index,-0.384,index,weekly,FRED_CHICAGO_FED,National Financial Conditions Index,https://fred.stlouisfed.org/series/NFCI,https://www.chicagofed.org/research/data/nfci/current-data,2026-08-31T14:34:09.166970Z,none
2002-11-01,financial_conditions_index,us,USA,,Chicago Fed National Financial Conditions Index,-0.402,index,weekly,FRED_CHICAGO_FED,National Financial Conditions Index,https://fred.stlouisfed.org/series/NFCI,https://www.chicagofed.org/research/data/nfci/current-data,2026-08-31T14:34:09.166970Z,none
2002-11-08,financial_conditions_index,us,USA,,Chicago Fed National Financial Conditions Index,-0.419,index,weekly,FRED_CHICAGO_FED,National Financial Conditions Index,https://fred.stlouisfed.org/series/NFCI,https://www.chicagofed.org/research/data/nfci/current-data,2026-08-31T14:34:09.166970Z,none
2002-11-15,financial_conditions_index,us,USA,,Chicago Fed National Financial Conditions Index,-0.434,index,weekly,FRED_CHICAGO_FED,National Financial Conditions Index,https://fred.stlouisfed.org/series/NFCI,https://www.chicagofed.org/research/data/nfci/current-data,2026-08-31T14:34:09.166970Z,none
2002-11-22,financial_conditions_index,us,USA,,Chicago Fed National Financial Conditions Index,-0.445,index,weekly,FRED_CHICAGO_FED,National Financial Conditions Index,https://fred.stlouisfed.org/series/NFCI,https://www.chicagofed.org/research/data/nfci/current-data,2026-08-31T14:34:09.166970Z,none
2002-11-29,financial_conditions_index,us,USA,,Chicago Fed National Financial Conditions Index,-0.451,index,weekly,FRED_CHICAGO_FED,National Financial Conditions Index,https://fred.stlouisfed.org/series/NFCI,https://www.chicagofed.org/research/data/nfci/current-data,2026-08-31T14:34:09.166970Z,none
2002-12-06,financial_conditions_index,us,USA,,Chicago Fed National Financial Conditions Index,-0.454,index,weekly,FRED_CHICAGO_FED,National Financial Conditions Index,https://fred.stlouisfed.org/series/NFCI,https://www.chicagofed.org/research/data/nfci/current-data,2026-08-31T14:34:09.166970Z,none
2002-12-13,financial_conditions_index,us,USA,,Chicago Fed National Financial Conditions Index,-0.458,index,weekly,FRED_CHICAGO_FED,National Financial Conditions Index,https://fred.stlouisfed.org/series/NFCI,https://www.chicagofed.org/research/data/nfci/current-data,2026-08-31T14:34:09.166970Z,none
2002-12-20,financial_conditions_index,us,USA,,Chicago Fed National Financial Conditions Index,-0.462,index,weekly,FRED_CHICAGO_FED,National Financial Conditions Index,https://fred.stlouisfed.org/series/NFCI,https://www.chicagofed.org/research/data/nfci/current-data,2026-08-31T14:34:09.166970Z,none
2002-12-27,financial_conditions_index,us,USA,,Chicago Fed National Financial Conditions Index,-0.469,index,weekly,FRED_CHICAGO_FED,National Financial Conditions Index,https://fred.stlouisfed.org/series/NFCI,https://www.chicagofed.org/research/data/nfci/current-data,2026-08-31T14:34:09.166970Z,none
2003-01-03,financial_conditions_index,us,USA,,Chicago Fed National Financial Conditions Index,-0.48,index,weekly,FRED_CHICAGO_FED,National Financial Conditions Index,https://fred.stlouisfed.org/series/NFCI,https://www.chicagofed.org/research/data/nfci/current-data,2026-08-31T14:34:09.166970Z,none
2003-01-10,financial_conditions_index,us,USA,,Chicago Fed National Financial Conditions Index,-0.493,index,weekly,FRED_CHICAGO_FED,National Financial Conditions Index,https://fred.stlouisfed.org/series/NFCI,https://www.chicagofed.org/research/data/nfci/current-data,2026-08-31T14:34:09.166970Z,none
2003-01-17,financial_conditions_index,us,USA,,Chicago Fed National Financial Conditions Index,-0.505,index,weekly,FRED_CHICAGO_FED,National Financial Conditions Index,https://fred.stlouisfed.org/series/NFCI,https://www.chicagofed.org/research/data/nfci/current-data,2026-08-31T14:34:09.166970Z,none
2003-01-24,financial_conditions_index,us,USA,,Chicago Fed National Financial Conditions Index,-0.515,index,weekly,FRED_CHICAGO_FED,National Financial Conditions Index,https://fred.stlouisfed.org/series/NFCI,https://www.chicagofed.org/research/data/nfci/current-data,2026-08-31T14:34:09.166970Z,none
2003-01-31,financial_conditions_index,us,USA,,Chicago Fed National Financial Conditions Index,-0.522,index,weekly,FRED_CHICAGO_FED,National Financial Conditions Index,https://fred.stlouisfed.org/series/NFCI,https://www.chicagofed.org/research/data/nfci/current-data,2026-08-31T14:34:09.166970Z,none
2003-02-07,financial_conditions_index,us,USA,,Chicago Fed National Financial Conditions Index,-0.526,index,weekly,FRED_CHICAGO_FED,National Financial Conditions Index,https://fred.stlouisfed.org/series/NFCI,https://www.chicagofed.org/research/data/nfci/current-data,2026-08-31T14:34:09.166970Z,none
2003-02-14,financial_conditions_index,us,USA,,Chicago Fed National Financial Conditions Index,-0.528,index,weekly,FRED_CHICAGO_FED,National Financial Conditions Index,https://fred.stlouisfed.org/series/NFCI,https://www.chicagofed.org/research/data/nfci/current-data,2026-08-31T14:34:09.166970Z,none
2003-02-21,financial_conditions_index,us,USA,,Chicago Fed National Financial Conditions Index,-0.531,index,weekly,FRED_CHICAGO_FED,National Financial Conditions Index,https://fred.stlouisfed.org/series/NFCI,https://www.chicagofed.org/research/data/nfci/current-data,2026-08-31T14:34:09.166970Z,none
2003-02-28,financial_conditions_index,us,USA,,Chicago Fed National Financial Conditions Index,-0.535,index,weekly,FRED_CHICAGO_FED,National Financial Conditions Index,https://fred.stlouisfed.org/series/NFCI,https://www.chicagofed.org/research/data/nfci/current-data,2026-08-31T14:34:09.166970Z,none
2003-03-07,financial_conditions_index,us,USA,,Chicago Fed National Financial Conditions Index,-0.542,index,weekly,FRED_CHICAGO_FED,National Financial Conditions Index,https://fred.stlouisfed.org/series/NFCI,https://www.chicagofed.org/research/data/nfci/current-data,2026-08-31T14:34:09.166970Z,none
2003-03-14,financial_conditions_index,us,USA,,Chicago Fed National Financial Conditions Index,-0.552,index,weekly,FRED_CHICAGO_FED,National Financial Conditions Index,https://fred.stlouisfed.org/series/NFCI,https://www.chicagofed.org/research/data/nfci/current-data,2026-08-31T14:34:09.166970Z,none
2003-03-21,financial_conditions_index,us,USA,,Chicago Fed National Financial Conditions Index,-0.566,index,weekly,FRED_CHICAGO_FED,National Financial Conditions Index,https://fred.stlouisfed.org/series/NFCI,https://www.chicagofed.org/research/data/nfci/current-data,2026-08-31T14:34:09.166970Z,none
2003-03-28,financial_conditions_index,us,USA,,Chicago Fed National Financial Conditions Index,-0.586,index,weekly,FRED_CHICAGO_FED,National Financial Conditions Index,https://fred.stlouisfed.org/series/NFCI,https://www.chicagofed.org/research/data/nfci/current-data,2026-08-31T14:34:09.166970Z,none
2003-04-04,financial_conditions_index,us,USA,,Chicago Fed National Financial Conditions Index,-0.609,index,weekly,FRED_CHICAGO_FED,National Financial Conditions Index,https://fred.stlouisfed.org/series/NFCI,https://www.chicagofed.org/research/data/nfci/current-data,2026-08-31T14:34:09.166970Z,none
2003-04-11,financial_conditions_index,us,USA,,Chicago Fed National Financial Conditions Index,-0.635,index,weekly,FRED_CHICAGO_FED,National Financial Conditions Index,https://fred.stlouisfed.org/series/NFCI,https://www.chicagofed.org/research/data/nfci/current-data,2026-08-31T14:34:09.166970Z,none
2003-04-18,financial_conditions_index,us,USA,,Chicago Fed National Financial Conditions Index,-0.659,index,weekly,FRED_CHICAGO_FED,National Financial Conditions Index,https://fred.stlouisfed.org/series/NFCI,https://www.chicagofed.org/research/data/nfci/current-data,2026-08-31T14:34:09.166970Z,none
2003-04-25,financial_conditions_index,us,USA,,Chicago Fed National Financial Conditions Index,-0.68,index,weekly,FRED_CHICAGO_FED,National Financial Conditions Index,https://fred.stlouisfed.org/series/NFCI,https://www.chicagofed.org/research/data/nfci/current-data,2026-08-31T14:34:09.166970Z,none
2003-05-02,financial_conditions_index,us,USA,,Chicago Fed National Financial Conditions Index,-0.696,index,weekly,FRED_CHICAGO_FED,National Financial Conditions Index,https://fred.stlouisfed.org/series/NFCI,https://www.chicagofed.org/research/data/nfci/current-data,2026-08-31T14:34:09.166970Z,none
2003-05-09,financial_conditions_index,us,USA,,Chicago Fed National Financial Conditions Index,-0.706,index,weekly,FRED_CHICAGO_FED,National Financial Conditions Index,https://fred.stlouisfed.org/series/NFCI,https://www.chicagofed.org/research/data/nfci/current-data,2026-08-31T14:34:09.166970Z,none
2003-05-16,financial_conditions_index,us,USA,,Chicago Fed National Financial Conditions Index,-0.711,index,weekly,FRED_CHICAGO_FED,National Financial Conditions Index,https://fred.stlouisfed.org/series/NFCI,https://www.chicagofed.org/research/data/nfci/current-data,2026-08-31T14:34:09.166970Z,none
2003-05-23,financial_conditions_index,us,USA,,Chicago Fed National Financial Conditions Index,-0.711,index,weekly,FRED_CHICAGO_FED,National Financial Conditions Index,https://fred.stlouisfed.org/series/NFCI,https://www.chicagofed.org/research/data/nfci/current-data,2026-08-31T14:34:09.166970Z,none
2003-05-30,financial_conditions_index,us,USA,,Chicago Fed National Financial Conditions Index,-0.71,index,weekly,FRED_CHICAGO_FED,National Financial Conditions Index,https://fred.stlouisfed.org/series/NFCI,https://www.chicagofed.org/research/data/nfci/current-data,2026-08-31T14:34:09.166970Z,none
2003-06-06,financial_conditions_index,us,USA,,Chicago Fed National Financial Conditions Index,-0.708,index,weekly,FRED_CHICAGO_FED,National Financial Conditions Index,https://fred.stlouisfed.org/series/NFCI,https://www.chicagofed.org/research/data/nfci/current-data,2026-08-31T14:34:09.166970Z,none
2003-06-13,financial_conditions_index,us,USA,,Chicago Fed National Financial Conditions Index,-0.707,index,weekly,FRED_CHICAGO_FED,National Financial Conditions Index,https://fred.stlouisfed.org/series/NFCI,https://www.chicagofed.org/research/data/nfci/current-data,2026-08-31T14:34:09.166970Z,none
2003-06-20,financial_conditions_index,us,USA,,Chicago Fed National Financial Conditions Index,-0.708,index,weekly,FRED_CHICAGO_FED,National Financial Conditions Index,https://fred.stlouisfed.org/series/NFCI,https://www.chicagofed.org/research/data/nfci/current-data,2026-08-31T14:34:09.166970Z,none
2003-06-27,financial_conditions_index,us,USA,,Chicago Fed National Financial Conditions Index,-0.71,index,weekly,FRED_CHICAGO_FED,National Financial Conditions Index,https://fred.stlouisfed.org/series/NFCI,https://www.chicagofed.org/research/data/nfci/current-data,2026-08-31T14:34:09.166970Z,none
2003-07-04,financial_conditions_index,us,USA,,Chicago Fed National Financial Conditions Index,-0.713,index,weekly,FRED_CHICAGO_FED,National Financial Conditions Index,https://fred.stlouisfed.org/series/NFCI,https://www.chicagofed.org/research/data/nfci/current-data,2026-08-31T14:34:09.166970Z,none
2003-07-11,financial_conditions_index,us,USA,,Chicago Fed National Financial Conditions Index,-0.715,index,weekly,FRED_CHICAGO_FED,National Financial Conditions Index,https://fred.stlouisfed.org/series/NFCI,https://www.chicagofed.org/research/data/nfci/current-data,2026-08-31T14:34:09.166970Z,none
2003-07-18,financial_conditions_index,us,USA,,Chicago Fed National Financial Conditions Index,-0.713,index,weekly,FRED_CHICAGO_FED,National Financial Conditions Index,https://fred.stlouisfed.org/series/NFCI,https://www.chicagofed.org/research/data/nfci/current-data,2026-08-31T14:34:09.166970Z,none
2003-07-25,financial_conditions_index,us,USA,,Chicago Fed National Financial Conditions Index,-0.708,index,weekly,FRED_CHICAGO_FED,National Financial Conditions Index,https://fred.stlouisfed.org/series/NFCI,https://www.chicagofed.org/research/data/nfci/current-data,2026-08-31T14:34:09.166970Z,none
2003-08-01,financial_conditions_index,us,USA,,Chicago Fed National Financial Conditions Index,-0.699,index,weekly,FRED_CHICAGO_FED,National Financial Conditions Index,https://fred.stlouisfed.org/series/NFCI,https://www.chicagofed.org/research/data/nfci/current-data,2026-08-31T14:34:09.166970Z,none
2003-08-08,financial_conditions_index,us,USA,,Chicago Fed National Financial Conditions Index,-0.689,index,weekly,FRED_CHICAGO_FED,National Financial Conditions Index,https://fred.stlouisfed.org/series/NFCI,https://www.chicagofed.org/research/data/nfci/current-data,2026-08-31T14:34:09.166970Z,none
2003-08-15,financial_conditions_index,us,USA,,Chicago Fed National Financial Conditions Index,-0.679,index,weekly,FRED_CHICAGO_FED,National Financial Conditions Index,https://fred.stlouisfed.org/series/NFCI,https://www.chicagofed.org/research/data/nfci/current-data,2026-08-31T14:34:09.166970Z,none
2003-08-22,financial_conditions_index,us,USA,,Chicago Fed National Financial Conditions Index,-0.671,index,weekly,FRED_CHICAGO_FED,National Financial Conditions Index,https://fred.stlouisfed.org/series/NFCI,https://www.chicagofed.org/research/data/nfci/current-data,2026-08-31T14:34:09.166970Z,none
2003-08-29,financial_conditions_index,us,USA,,Chicago Fed National Financial Conditions Index,-0.666,index,weekly,FRED_CHICAGO_FED,National Financial Conditions Index,https://fred.stlouisfed.org/series/NFCI,https://www.chicagofed.org/research/data/nfci/current-data,2026-08-31T14:34:09.166970Z,none
2003-09-05,financial_conditions_index,us,USA,,Chicago Fed National Financial Conditions Index,-0.665,index,weekly,FRED_CHICAGO_FED,National Financial Conditions Index,https://fred.stlouisfed.org/series/NFCI,https://www.chicagofed.org/research/data/nfci/current-data,2026-08-31T14:34:09.166970Z,none
2003-09-12,financial_conditions_index,us,USA,,Chicago Fed National Financial Conditions Index,-0.667,index,weekly,FRED_CHICAGO_FED,National Financial Conditions Index,https://fred.stlouisfed.org/series/NFCI,https://www.chicagofed.org/research/data/nfci/current-data,2026-08-31T14:34:09.166970Z,none
2003-09-19,financial_conditions_index,us,USA,,Chicago Fed National Financial Conditions Index,-0.672,index,weekly,FRED_CHICAGO_FED,National Financial Conditions Index,https://fred.stlouisfed.org/series/NFCI,https://www.chicagofed.org/research/data/nfci/current-data,2026-08-31T14:34:09.166970Z,none
2003-09-26,financial_conditions_index,us,USA,,Chicago Fed National Financial Conditions Index,-0.679,index,weekly,FRED_CHICAGO_FED,National Financial Conditions Index,https://fred.stlouisfed.org/series/NFCI,https://www.chicagofed.org/research/data/nfci/current-data,2026-08-31T14:34:09.166970Z,none
2003-10-03,financial_conditions_index,us,USA,,Chicago Fed National Financial Conditions Index,-0.686,index,weekly,FRED_CHICAGO_FED,National Financial Conditions Index,https://fred.stlouisfed.org/series/NFCI,https://www.chicagofed.org/research/data/nfci/current-data,2026-08-31T14:34:09.166970Z,none
2003-10-10,financial_conditions_index,us,USA,,Chicago Fed National Financial Conditions Index,-0.695,index,weekly,FRED_CHICAGO_FED,National Financial Conditions Index,https://fred.stlouisfed.org/series/NFCI,https://www.chicagofed.org/research/data/nfci/current-data,2026-08-31T14:34:09.166970Z,none
2003-10-17,financial_conditions_index,us,USA,,Chicago Fed National Financial Conditions Index,-0.703,index,weekly,FRED_CHICAGO_FED,National Financial Conditions Index,https://fred.stlouisfed.org/series/NFCI,https://www.chicagofed.org/research/data/nfci/current-data,2026-08-31T14:34:09.166970Z,none
2003-10-24,financial_conditions_index,us,USA,,Chicago Fed National Financial Conditions Index,-0.708,index,weekly,FRED_CHICAGO_FED,National Financial Conditions Index,https://fred.stlouisfed.org/series/NFCI,https://www.chicagofed.org/research/data/nfci/current-data,2026-08-31T14:34:09.166970Z,none
2003-10-31,financial_conditions_index,us,USA,,Chicago Fed National Financial Conditions Index,-0.713,index,weekly,FRED_CHICAGO_FED,National Financial Conditions Index,https://fred.stlouisfed.org/series/NFCI,https://www.chicagofed.org/research/data/nfci/current-data,2026-08-31T14:34:09.166970Z,none
2003-11-07,financial_conditions_index,us,USA,,Chicago Fed National Financial Conditions Index,-0.715,index,weekly,FRED_CHICAGO_FED,National Financial Conditions Index,https://fred.stlouisfed.org/series/NFCI,https://www.chicagofed.org/research/data/nfci/current-data,2026-08-31T14:34:09.166970Z,none
2003-11-14,financial_conditions_index,us,USA,,Chicago Fed National Financial Conditions Index,-0.715,index,weekly,FRED_CHICAGO_FED,National Financial Conditions Index,https://fred.stlouisfed.org/series/NFCI,https://www.chicagofed.org/research/data/nfci/current-data,2026-08-31T14:34:09.166970Z,none
2003-11-21,financial_conditions_index,us,USA,,Chicago Fed National Financial Conditions Index,-0.714,index,weekly,FRED_CHICAGO_FED,National Financial Conditions Index,https://fred.stlouisfed.org/series/NFCI,https://www.chicagofed.org/research/data/nfci/current-data,2026-08-31T14:34:09.166970Z,none
2003-11-28,financial_conditions_index,us,USA,,Chicago Fed National Financial Conditions Index,-0.712,index,weekly,FRED_CHICAGO_FED,National Financial Conditions Index,https://fred.stlouisfed.org/series/NFCI,https://www.chicagofed.org/research/data/nfci/current-data,2026-08-31T14:34:09.166970Z,none
2003-12-05,financial_conditions_index,us,USA,,Chicago Fed National Financial Conditions Index,-0.711,index,weekly,FRED_CHICAGO_FED,National Financial Conditions Index,https://fred.stlouisfed.org/series/NFCI,https://www.chicagofed.org/research/data/nfci/current-data,2026-08-31T14:34:09.166970Z,none
2003-12-12,financial_conditions_index,us,USA,,Chicago Fed National Financial Conditions Index,-0.711,index,weekly,FRED_CHICAGO_FED,National Financial Conditions Index,https://fred.stlouisfed.org/series/NFCI,https://www.chicagofed.org/research/data/nfci/current-data,2026-08-31T14:34:09.166970Z,none
2003-12-19,financial_conditions_index,us,USA,,Chicago Fed National Financial Conditions Index,-0.715,index,weekly,FRED_CHICAGO_FED,National Financial Conditions Index,https://fred.stlouisfed.org/series/NFCI,https://www.chicagofed.org/research/data/nfci/current-data,2026-08-31T14:34:09.166970Z,none
2003-12-26,financial_conditions_index,us,USA,,Chicago Fed National Financial Conditions Index,-0.721,index,weekly,FRED_CHICAGO_FED,National Financial Conditions Index,https://fred.stlouisfed.org/series/NFCI,https://www.chicagofed.org/research/data/nfci/current-data,2026-08-31T14:34:09.166970Z,none
2004-01-02,financial_conditions_index,us,USA,,Chicago Fed National Financial Conditions Index,-0.731,index,weekly,FRED_CHICAGO_FED,National Financial Conditions Index,https://fred.stlouisfed.org/series/NFCI,https://www.chicagofed.org/research/data/nfci/current-data,2026-08-31T14:34:09.166970Z,none
2004-01-09,financial_conditions_index,us,USA,,Chicago Fed National Financial Conditions Index,-0.744,index,weekly,FRED_CHICAGO_FED,National Financial Conditions Index,https://fred.stlouisfed.org/series/NFCI,https://www.chicagofed.org/research/data/nfci/current-data,2026-08-31T14:34:09.166970Z,none
2004-01-16,financial_conditions_index,us,USA,,Chicago Fed National Financial Conditions Index,-0.758,index,weekly,FRED_CHICAGO_FED,National Financial Conditions Index,https://fred.stlouisfed.org/series/NFCI,https://www.chicagofed.org/research/data/nfci/current-data,2026-08-31T14:34:09.166970Z,none
2004-01-23,financial_conditions_index,us,USA,,Chicago Fed National Financial Conditions Index,-0.771,index,weekly,FRED_CHICAGO_FED,National Financial Conditions Index,https://fred.stlouisfed.org/series/NFCI,https://www.chicagofed.org/research/data/nfci/current-data,2026-08-31T14:34:09.166970Z,none
2004-01-30,financial_conditions_index,us,USA,,Chicago Fed National Financial Conditions Index,-0.784,index,weekly,FRED_CHICAGO_FED,National Financial Conditions Index,https://fred.stlouisfed.org/series/NFCI,https://www.chicagofed.org/research/data/nfci/current-data,2026-08-31T14:34:09.166970Z,none
2004-02-06,financial_conditions_index,us,USA,,Chicago Fed National Financial Conditions Index,-0.794,index,weekly,FRED_CHICAGO_FED,National Financial Conditions Index,https://fred.stlouisfed.org/series/NFCI,https://www.chicagofed.org/research/data/nfci/current-data,2026-08-31T14:34:09.166970Z,none
2004-02-13,financial_conditions_index,us,USA,,Chicago Fed National Financial Conditions Index,-0.803,index,weekly,FRED_CHICAGO_FED,National Financial Conditions Index,https://fred.stlouisfed.org/series/NFCI,https://www.chicagofed.org/research/data/nfci/current-data,2026-08-31T14:34:09.166970Z,none
2004-02-20,financial_conditions_index,us,USA,,Chicago Fed National Financial Conditions Index,-0.809,index,weekly,FRED_CHICAGO_FED,National Financial Conditions Index,https://fred.stlouisfed.org/series/NFCI,https://www.chicagofed.org/research/data/nfci/current-data,2026-08-31T14:34:09.166970Z,none
2004-02-27,financial_conditions_index,us,USA,,Chicago Fed National Financial Conditions Index,-0.812,index,weekly,FRED_CHICAGO_FED,National Financial Conditions Index,https://fred.stlouisfed.org/series/NFCI,https://www.chicagofed.org/research/data/nfci/current-data,2026-08-31T14:34:09.166970Z,none
2004-03-05,financial_conditions_index,us,USA,,Chicago Fed National Financial Conditions Index,-0.812,index,weekly,FRED_CHICAGO_FED,National Financial Conditions Index,https://fred.stlouisfed.org/series/NFCI,https://www.chicagofed.org/research/data/nfci/current-data,2026-08-31T14:34:09.166970Z,none
2004-03-12,financial_conditions_index,us,USA,,Chicago Fed National Financial Conditions Index,-0.811,index,weekly,FRED_CHICAGO_FED,National Financial Conditions Index,https://fred.stlouisfed.org/series/NFCI,https://www.chicagofed.org/research/data/nfci/current-data,2026-08-31T14:34:09.166970Z,none
2004-03-19,financial_conditions_index,us,USA,,Chicago Fed National Financial Conditions Index,-0.807,index,weekly,FRED_CHICAGO_FED,National Financial Conditions Index,https://fred.stlouisfed.org/series/NFCI,https://www.chicagofed.org/research/data/nfci/current-data,2026-08-31T14:34:09.166970Z,none
2004-03-26,financial_conditions_index,us,USA,,Chicago Fed National Financial Conditions Index,-0.8,index,weekly,FRED_CHICAGO_FED,National Financial Conditions Index,https://fred.stlouisfed.org/series/NFCI,https://www.chicagofed.org/research/data/nfci/current-data,2026-08-31T14:34:09.166970Z,none
2004-04-02,financial_conditions_index,us,USA,,Chicago Fed National Financial Conditions Index,-0.792,index,weekly,FRED_CHICAGO_FED,National Financial Conditions Index,https://fred.stlouisfed.org/series/NFCI,https://www.chicagofed.org/research/data/nfci/current-data,2026-08-31T14:34:09.166970Z,none
2004-04-09,financial_conditions_index,us,USA,,Chicago Fed National Financial Conditions Index,-0.781,index,weekly,FRED_CHICAGO_FED,National Financial Conditions Index,https://fred.stlouisfed.org/series/NFCI,https://www.chicagofed.org/research/data/nfci/current-data,2026-08-31T14:34:09.166970Z,none
2004-04-16,financial_conditions_index,us,USA,,Chicago Fed National Financial Conditions Index,-0.768,index,weekly,FRED_CHICAGO_FED,National Financial Conditions Index,https://fred.stlouisfed.org/series/NFCI,https://www.chicagofed.org/research/data/nfci/current-data,2026-08-31T14:34:09.166970Z,none
2004-04-23,financial_conditions_index,us,USA,,Chicago Fed National Financial Conditions Index,-0.753,index,weekly,FRED_CHICAGO_FED,National Financial Conditions Index,https://fred.stlouisfed.org/series/NFCI,https://www.chicagofed.org/research/data/nfci/current-data,2026-08-31T14:34:09.166970Z,none
2004-04-30,financial_conditions_index,us,USA,,Chicago Fed National Financial Conditions Index,-0.738,index,weekly,FRED_CHICAGO_FED,National Financial Conditions Index,https://fred.stlouisfed.org/series/NFCI,https://www.chicagofed.org/research/data/nfci/current-data,2026-08-31T14:34:09.166970Z,none
2004-05-07,financial_conditions_index,us,USA,,Chicago Fed National Financial Conditions Index,-0.724,index,weekly,FRED_CHICAGO_FED,National Financial Conditions Index,https://fred.stlouisfed.org/series/NFCI,https://www.chicagofed.org/research/data/nfci/current-data,2026-08-31T14:34:09.166970Z,none
2004-05-14,financial_conditions_index,us,USA,,Chicago Fed National Financial Conditions Index,-0.711,index,weekly,FRED_CHICAGO_FED,National Financial Conditions Index,https://fred.stlouisfed.org/series/NFCI,https://www.chicagofed.org/research/data/nfci/current-data,2026-08-31T14:34:09.166970Z,none
2004-05-21,financial_conditions_index,us,USA,,Chicago Fed National Financial Conditions Index,-0.701,index,weekly,FRED_CHICAGO_FED,National Financial Conditions Index,https://fred.stlouisfed.org/series/NFCI,https://www.chicagofed.org/research/data/nfci/current-data,2026-08-31T14:34:09.166970Z,none
2004-05-28,financial_conditions_index,us,USA,,Chicago Fed National Financial Conditions Index,-0.694,index,weekly,FRED_CHICAGO_FED,National Financial Conditions Index,https://fred.stlouisfed.org/series/NFCI,https://www.chicagofed.org/research/data/nfci/current-data,2026-08-31T14:34:09.166970Z,none
2004-06-04,financial_conditions_index,us,USA,,Chicago Fed National Financial Conditions Index,-0.689,index,weekly,FRED_CHICAGO_FED,National Financial Conditions Index,https://fred.stlouisfed.org/series/NFCI,https://www.chicagofed.org/research/data/nfci/current-data,2026-08-31T14:34:09.166970Z,none
2004-06-11,financial_conditions_index,us,USA,,Chicago Fed National Financial Conditions Index,-0.686,index,weekly,FRED_CHICAGO_FED,National Financial Conditions Index,https://fred.stlouisfed.org/series/NFCI,https://www.chicagofed.org/research/data/nfci/current-data,2026-08-31T14:34:09.166970Z,none
2004-06-18,financial_conditions_index,us,USA,,Chicago Fed National Financial Conditions Index,-0.684,index,weekly,FRED_CHICAGO_FED,National Financial Conditions Index,https://fred.stlouisfed.org/series/NFCI,https://www.chicagofed.org/research/data/nfci/current-data,2026-08-31T14:34:09.166970Z,none
2004-06-25,financial_conditions_index,us,USA,,Chicago Fed National Financial Conditions Index,-0.684,index,weekly,FRED_CHICAGO_FED,National Financial Conditions Index,https://fred.stlouisfed.org/series/NFCI,https://www.chicagofed.org/research/data/nfci/current-data,2026-08-31T14:34:09.166970Z,none
2004-07-02,financial_conditions_index,us,USA,,Chicago Fed National Financial Conditions Index,-0.686,index,weekly,FRED_CHICAGO_FED,National Financial Conditions Index,https://fred.stlouisfed.org/series/NFCI,https://www.chicagofed.org/research/data/nfci/current-data,2026-08-31T14:34:09.166970Z,none
2004-07-09,financial_conditions_index,us,USA,,Chicago Fed National Financial Conditions Index,-0.688,index,weekly,FRED_CHICAGO_FED,National Financial Conditions Index,https://fred.stlouisfed.org/series/NFCI,https://www.chicagofed.org/research/data/nfci/current-data,2026-08-31T14:34:09.166970Z,none
2004-07-16,financial_conditions_index,us,USA,,Chicago Fed National Financial Conditions Index,-0.689,index,weekly,FRED_CHICAGO_FED,National Financial Conditions Index,https://fred.stlouisfed.org/series/NFCI,https://www.chicagofed.org/research/data/nfci/current-data,2026-08-31T14:34:09.166970Z,none
2004-07-23,financial_conditions_index,us,USA,,Chicago Fed National Financial Conditions Index,-0.692,index,weekly,FRED_CHICAGO_FED,National Financial Conditions Index,https://fred.stlouisfed.org/series/NFCI,https://www.chicagofed.org/research/data/nfci/current-data,2026-08-31T14:34:09.166970Z,none
2004-07-30,financial_conditions_index,us,USA,,Chicago Fed National Financial Conditions Index,-0.694,index,weekly,FRED_CHICAGO_FED,National Financial Conditions Index,https://fred.stlouisfed.org/series/NFCI,https://www.chicagofed.org/research/data/nfci/current-data,2026-08-31T14:34:09.166970Z,none
2004-08-06,financial_conditions_index,us,USA,,Chicago Fed National Financial Conditions Index,-0.695,index,weekly,FRED_CHICAGO_FED,National Financial Conditions Index,https://fred.stlouisfed.org/series/NFCI,https://www.chicagofed.org/research/data/nfci/current-data,2026-08-31T14:34:09.166970Z,none
2004-08-13,financial_conditions_index,us,USA,,Chicago Fed National Financial Conditions Index,-0.697,index,weekly,FRED_CHICAGO_FED,National Financial Conditions Index,https://fred.stlouisfed.org/series/NFCI,https://www.chicagofed.org/research/data/nfci/current-data,2026-08-31T14:34:09.166970Z,none
2004-08-20,financial_conditions_index,us,USA,,Chicago Fed National Financial Conditions Index,-0.698,index,weekly,FRED_CHICAGO_FED,National Financial Conditions Index,https://fred.stlouisfed.org/series/NFCI,https://www.chicagofed.org/research/data/nfci/current-data,2026-08-31T14:34:09.166970Z,none
2004-08-27,financial_conditions_index,us,USA,,Chicago Fed National Financial Conditions Index,-0.699,index,weekly,FRED_CHICAGO_FED,National Financial Conditions Index,https://fred.stlouisfed.org/series/NFCI,https://www.chicagofed.org/research/data/nfci/current-data,2026-08-31T14:34:09.166970Z,none
2004-09-03,financial_conditions_index,us,USA,,Chicago Fed National Financial Conditions Index,-0.699,index,weekly,FRED_CHICAGO_FED,National Financial Conditions Index,https://fred.stlouisfed.org/series/NFCI,https://www.chicagofed.org/research/data/nfci/current-data,2026-08-31T14:34:09.166970Z,none
2004-09-10,financial_conditions_index,us,USA,,Chicago Fed National Financial Conditions Index,-0.699,index,weekly,FRED_CHICAGO_FED,National Financial Conditions Index,https://fred.stlouisfed.org/series/NFCI,https://www.chicagofed.org/research/data/nfci/current-data,2026-08-31T14:34:09.166970Z,none
2004-09-17,financial_conditions_index,us,USA,,Chicago Fed National Financial Conditions Index,-0.698,index,weekly,FRED_CHICAGO_FED,National Financial Conditions Index,https://fred.stlouisfed.org/series/NFCI,https://www.chicagofed.org/research/data/nfci/current-data,2026-08-31T14:34:09.166970Z,none
2004-09-24,financial_conditions_index,us,USA,,Chicago Fed National Financial Conditions Index,-0.698,index,weekly,FRED_CHICAGO_FED,National Financial Conditions Index,https://fred.stlouisfed.org/series/NFCI,https://www.chicagofed.org/research/data/nfci/current-data,2026-08-31T14:34:09.166970Z,none
2004-10-01,financial_conditions_index,us,USA,,Chicago Fed National Financial Conditions Index,-0.697,index,weekly,FRED_CHICAGO_FED,National Financial Conditions Index,https://fred.stlouisfed.org/series/NFCI,https://www.chicagofed.org/research/data/nfci/current-data,2026-08-31T14:34:09.166970Z,none
2004-10-08,financial_conditions_index,us,USA,,Chicago Fed National Financial Conditions Index,-0.697,index,weekly,FRED_CHICAGO_FED,National Financial Conditions Index,https://fred.stlouisfed.org/series/NFCI,https://www.chicagofed.org/research/data/nfci/current-data,2026-08-31T14:34:09.166970Z,none
2004-10-15,financial_conditions_index,us,USA,,Chicago Fed National Financial Conditions Index,-0.698,index,weekly,FRED_CHICAGO_FED,National Financial Conditions Index,https://fred.stlouisfed.org/series/NFCI,https://www.chicagofed.org/research/data/nfci/current-data,2026-08-31T14:34:09.166970Z,none
2004-10-22,financial_conditions_index,us,USA,,Chicago Fed National Financial Conditions Index,-0.701,index,weekly,FRED_CHICAGO_FED,National Financial Conditions Index,https://fred.stlouisfed.org/series/NFCI,https://www.chicagofed.org/research/data/nfci/current-data,2026-08-31T14:34:09.166970Z,none
2004-10-29,financial_conditions_index,us,USA,,Chicago Fed National Financial Conditions Index,-0.704,index,weekly,FRED_CHICAGO_FED,National Financial Conditions Index,https://fred.stlouisfed.org/series/NFCI,https://www.chicagofed.org/research/data/nfci/current-data,2026-08-31T14:34:09.166970Z,none
2004-11-05,financial_conditions_index,us,USA,,Chicago Fed National Financial Conditions Index,-0.708,index,weekly,FRED_CHICAGO_FED,National Financial Conditions Index,https://fred.stlouisfed.org/series/NFCI,https://www.chicagofed.org/research/data/nfci/current-data,2026-08-31T14:34:09.166970Z,none
2004-11-12,financial_conditions_index,us,USA,,Chicago Fed National Financial Conditions Index,-0.712,index,weekly,FRED_CHICAGO_FED,National Financial Conditions Index,https://fred.stlouisfed.org/series/NFCI,https://www.chicagofed.org/research/data/nfci/current-data,2026-08-31T14:34:09.166970Z,none
2004-11-19,financial_conditions_index,us,USA,,Chicago Fed National Financial Conditions Index,-0.714,index,weekly,FRED_CHICAGO_FED,National Financial Conditions Index,https://fred.stlouisfed.org/series/NFCI,https://www.chicagofed.org/research/data/nfci/current-data,2026-08-31T14:34:09.166970Z,none
2004-11-26,financial_conditions_index,us,USA,,Chicago Fed National Financial Conditions Index,-0.714,index,weekly,FRED_CHICAGO_FED,National Financial Conditions Index,https://fred.stlouisfed.org/series/NFCI,https://www.chicagofed.org/research/data/nfci/current-data,2026-08-31T14:34:09.166970Z,none
2004-12-03,financial_conditions_index,us,USA,,Chicago Fed National Financial Conditions Index,-0.712,index,weekly,FRED_CHICAGO_FED,National Financial Conditions Index,https://fred.stlouisfed.org/series/NFCI,https://www.chicagofed.org/research/data/nfci/current-data,2026-08-31T14:34:09.166970Z,none
2004-12-10,financial_conditions_index,us,USA,,Chicago Fed National Financial Conditions Index,-0.709,index,weekly,FRED_CHICAGO_FED,National Financial Conditions Index,https://fred.stlouisfed.org/series/NFCI,https://www.chicagofed.org/research/data/nfci/current-data,2026-08-31T14:34:09.166970Z,none
2004-12-17,financial_conditions_index,us,USA,,Chicago Fed National Financial Conditions Index,-0.704,index,weekly,FRED_CHICAGO_FED,National Financial Conditions Index,https://fred.stlouisfed.org/series/NFCI,https://www.chicagofed.org/research/data/nfci/current-data,2026-08-31T14:34:09.166970Z,none
2004-12-24,financial_conditions_index,us,USA,,Chicago Fed National Financial Conditions Index,-0.699,index,weekly,FRED_CHICAGO_FED,National Financial Conditions Index,https://fred.stlouisfed.org/series/NFCI,https://www.chicagofed.org/research/data/nfci/current-data,2026-08-31T14:34:09.166970Z,none
2004-12-31,financial_conditions_index,us,USA,,Chicago Fed National Financial Conditions Index,-0.695,index,weekly,FRED_CHICAGO_FED,National Financial Conditions Index,https://fred.stlouisfed.org/series/NFCI,https://www.chicagofed.org/research/data/nfci/current-data,2026-08-31T14:34:09.166970Z,none
2005-01-07,financial_conditions_index,us,USA,,Chicago Fed National Financial Conditions Index,-0.693,index,weekly,FRED_CHICAGO_FED,National Financial Conditions Index,https://fred.stlouisfed.org/series/NFCI,https://www.chicagofed.org/research/data/nfci/current-data,2026-08-31T14:34:09.166970Z,none
2005-01-14,financial_conditions_index,us,USA,,Chicago Fed National Financial Conditions Index,-0.694,index,weekly,FRED_CHICAGO_FED,National Financial Conditions Index,https://fred.stlouisfed.org/series/NFCI,https://www.chicagofed.org/research/data/nfci/current-data,2026-08-31T14:34:09.166970Z,none
2005-01-21,financial_conditions_index,us,USA,,Chicago Fed National Financial Conditions Index,-0.697,index,weekly,FRED_CHICAGO_FED,National Financial Conditions Index,https://fred.stlouisfed.org/series/NFCI,https://www.chicagofed.org/research/data/nfci/current-data,2026-08-31T14:34:09.166970Z,none
2005-01-28,financial_conditions_index,us,USA,,Chicago Fed National Financial Conditions Index,-0.702,index,weekly,FRED_CHICAGO_FED,National Financial Conditions Index,https://fred.stlouisfed.org/series/NFCI,https://www.chicagofed.org/research/data/nfci/current-data,2026-08-31T14:34:09.166970Z,none
2005-02-04,financial_conditions_index,us,USA,,Chicago Fed National Financial Conditions Index,-0.707,index,weekly,FRED_CHICAGO_FED,National Financial Conditions Index,https://fred.stlouisfed.org/series/NFCI,https://www.chicagofed.org/research/data/nfci/current-data,2026-08-31T14:34:09.166970Z,none
2005-02-11,financial_conditions_index,us,USA,,Chicago Fed National Financial Conditions Index,-0.711,index,weekly,FRED_CHICAGO_FED,National Financial Conditions Index,https://fred.stlouisfed.org/series/NFCI,https://www.chicagofed.org/research/data/nfci/current-data,2026-08-31T14:34:09.166970Z,none
2005-02-18,financial_conditions_index,us,USA,,Chicago Fed National Financial Conditions Index,-0.711,index,weekly,FRED_CHICAGO_FED,National Financial Conditions Index,https://fred.stlouisfed.org/series/NFCI,https://www.chicagofed.org/research/data/nfci/current-data,2026-08-31T14:34:09.166970Z,none
2005-02-25,financial_conditions_index,us,USA,,Chicago Fed National Financial Conditions Index,-0.709,index,weekly,FRED_CHICAGO_FED,National Financial Conditions Index,https://fred.stlouisfed.org/series/NFCI,https://www.chicagofed.org/research/data/nfci/current-data,2026-08-31T14:34:09.166970Z,none
2005-03-04,financial_conditions_index,us,USA,,Chicago Fed National Financial Conditions Index,-0.701,index,weekly,FRED_CHICAGO_FED,National Financial Conditions Index,https://fred.stlouisfed.org/series/NFCI,https://www.chicagofed.org/research/data/nfci/current-data,2026-08-31T14:34:09.166970Z,none
2005-03-11,financial_conditions_index,us,USA,,Chicago Fed National Financial Conditions Index,-0.691,index,weekly,FRED_CHICAGO_FED,National Financial Conditions Index,https://fred.stlouisfed.org/series/NFCI,https://www.chicagofed.org/research/data/nfci/current-data,2026-08-31T14:34:09.166970Z,none
2005-03-18,financial_conditions_index,us,USA,,Chicago Fed National Financial Conditions Index,-0.678,index,weekly,FRED_CHICAGO_FED,National Financial Conditions Index,https://fred.stlouisfed.org/series/NFCI,https://www.chicagofed.org/research/data/nfci/current-data,2026-08-31T14:34:09.166970Z,none
2005-03-25,financial_conditions_index,us,USA,,Chicago Fed National Financial Conditions Index,-0.664,index,weekly,FRED_CHICAGO_FED,National Financial Conditions Index,https://fred.stlouisfed.org/series/NFCI,https://www.chicagofed.org/research/data/nfci/current-data,2026-08-31T14:34:09.166970Z,none
2005-04-01,financial_conditions_index,us,USA,,Chicago Fed National Financial Conditions Index,-0.65,index,weekly,FRED_CHICAGO_FED,National Financial Conditions Index,https://fred.stlouisfed.org/series/NFCI,https://www.chicagofed.org/research/data/nfci/current-data,2026-08-31T14:34:09.166970Z,none
2005-04-08,financial_conditions_index,us,USA,,Chicago Fed National Financial Conditions Index,-0.637,index,weekly,FRED_CHICAGO_FED,National Financial Conditions Index,https://fred.stlouisfed.org/series/NFCI,https://www.chicagofed.org/research/data/nfci/current-data,2026-08-31T14:34:09.166970Z,none
2005-04-15,financial_conditions_index,us,USA,,Chicago Fed National Financial Conditions Index,-0.625,index,weekly,FRED_CHICAGO_FED,National Financial Conditions Index,https://fred.stlouisfed.org/series/NFCI,https://www.chicagofed.org/research/data/nfci/current-data,2026-08-31T14:34:09.166970Z,none
2005-04-22,financial_conditions_index,us,USA,,Chicago Fed National Financial Conditions Index,-0.616,index,weekly,FRED_CHICAGO_FED,National Financial Conditions Index,https://fred.stlouisfed.org/series/NFCI,https://www.chicagofed.org/research/data/nfci/current-data,2026-08-31T14:34:09.166970Z,none
2005-04-29,financial_conditions_index,us,USA,,Chicago Fed National Financial Conditions Index,-0.609,index,weekly,FRED_CHICAGO_FED,National Financial Conditions Index,https://fred.stlouisfed.org/series/NFCI,https://www.chicagofed.org/research/data/nfci/current-data,2026-08-31T14:34:09.166970Z,none
2005-05-06,financial_conditions_index,us,USA,,Chicago Fed National Financial Conditions Index,-0.604,index,weekly,FRED_CHICAGO_FED,National Financial Conditions Index,https://fred.stlouisfed.org/series/NFCI,https://www.chicagofed.org/research/data/nfci/current-data,2026-08-31T14:34:09.166970Z,none
2005-05-13,financial_conditions_index,us,USA,,Chicago Fed National Financial Conditions Index,-0.6,index,weekly,FRED_CHICAGO_FED,National Financial Conditions Index,https://fred.stlouisfed.org/series/NFCI,https://www.chicagofed.org/research/data/nfci/current-data,2026-08-31T14:34:09.166970Z,none
2005-05-20,financial_conditions_index,us,USA,,Chicago Fed National Financial Conditions Index,-0.598,index,weekly,FRED_CHICAGO_FED,National Financial Conditions Index,https://fred.stlouisfed.org/series/NFCI,https://www.chicagofed.org/research/data/nfci/current-data,2026-08-31T14:34:09.166970Z,none
2005-05-27,financial_conditions_index,us,USA,,Chicago Fed National Financial Conditions Index,-0.598,index,weekly,FRED_CHICAGO_FED,National Financial Conditions Index,https://fred.stlouisfed.org/series/NFCI,https://www.chicagofed.org/research/data/nfci/current-data,2026-08-31T14:34:09.166970Z,none
2005-06-03,financial_conditions_index,us,USA,,Chicago Fed National Financial Conditions Index,-0.598,index,weekly,FRED_CHICAGO_FED,National Financial Conditions Index,https://fred.stlouisfed.org/series/NFCI,https://www.chicagofed.org/research/data/nfci/current-data,2026-08-31T14:34:09.166970Z,none
2005-06-10,financial_conditions_index,us,USA,,Chicago Fed National Financial Conditions Index,-0.599,index,weekly,FRED_CHICAGO_FED,National Financial Conditions Index,https://fred.stlouisfed.org/series/NFCI,https://www.chicagofed.org/research/data/nfci/current-data,2026-08-31T14:34:09.166970Z,none
2005-06-17,financial_conditions_index,us,USA,,Chicago Fed National Financial Conditions Index,-0.6,index,weekly,FRED_CHICAGO_FED,National Financial Conditions Index,https://fred.stlouisfed.org/series/NFCI,https://www.chicagofed.org/research/data/nfci/current-data,2026-08-31T14:34:09.166970Z,none
2005-06-24,financial_conditions_index,us,USA,,Chicago Fed National Financial Conditions Index,-0.602,index,weekly,FRED_CHICAGO_FED,National Financial Conditions Index,https://fred.stlouisfed.org/series/NFCI,https://www.chicagofed.org/research/data/nfci/current-data,2026-08-31T14:34:09.166970Z,none
2005-07-01,financial_conditions_index,us,USA,,Chicago Fed National Financial Conditions Index,-0.604,index,weekly,FRED_CHICAGO_FED,National Financial Conditions Index,https://fred.stlouisfed.org/series/NFCI,https://www.chicagofed.org/research/data/nfci/current-data,2026-08-31T14:34:09.166970Z,none
2005-07-08,financial_conditions_index,us,USA,,Chicago Fed National Financial Conditions Index,-0.606,index,weekly,FRED_CHICAGO_FED,National Financial Conditions Index,https://fred.stlouisfed.org/series/NFCI,https://www.chicagofed.org/research/data/nfci/current-data,2026-08-31T14:34:09.166970Z,none
2005-07-15,financial_conditions_index,us,USA,,Chicago Fed National Financial Conditions Index,-0.609,index,weekly,FRED_CHICAGO_FED,National Financial Conditions Index,https://fred.stlouisfed.org/series/NFCI,https://www.chicagofed.org/research/data/nfci/current-data,2026-08-31T14:34:09.166970Z,none
2005-07-22,financial_conditions_index,us,USA,,Chicago Fed National Financial Conditions Index,-0.611,index,weekly,FRED_CHICAGO_FED,National Financial Conditions Index,https://fred.stlouisfed.org/series/NFCI,https://www.chicagofed.org/research/data/nfci/current-data,2026-08-31T14:34:09.166970Z,none
2005-07-29,financial_conditions_index,us,USA,,Chicago Fed National Financial Conditions Index,-0.613,index,weekly,FRED_CHICAGO_FED,National Financial Conditions Index,https://fred.stlouisfed.org/series/NFCI,https://www.chicagofed.org/research/data/nfci/current-data,2026-08-31T14:34:09.166970Z,none
2005-08-05,financial_conditions_index,us,USA,,Chicago Fed National Financial Conditions Index,-0.612,index,weekly,FRED_CHICAGO_FED,National Financial Conditions Index,https://fred.stlouisfed.org/series/NFCI,https://www.chicagofed.org/research/data/nfci/current-data,2026-08-31T14:34:09.166970Z,none
2005-08-12,financial_conditions_index,us,USA,,Chicago Fed National Financial Conditions Index,-0.609,index,weekly,FRED_CHICAGO_FED,National Financial Conditions Index,https://fred.stlouisfed.org/series/NFCI,https://www.chicagofed.org/research/data/nfci/current-data,2026-08-31T14:34:09.166970Z,none
2005-08-19,financial_conditions_index,us,USA,,Chicago Fed National Financial Conditions Index,-0.604,index,weekly,FRED_CHICAGO_FED,National Financial Conditions Index,https://fred.stlouisfed.org/series/NFCI,https://www.chicagofed.org/research/data/nfci/current-data,2026-08-31T14:34:09.166970Z,none
2005-08-26,financial_conditions_index,us,USA,,Chicago Fed National Financial Conditions Index,-0.597,index,weekly,FRED_CHICAGO_FED,National Financial Conditions Index,https://fred.stlouisfed.org/series/NFCI,https://www.chicagofed.org/research/data/nfci/current-data,2026-08-31T14:34:09.166970Z,none
2005-09-02,financial_conditions_index,us,USA,,Chicago Fed National Financial Conditions Index,-0.59,index,weekly,FRED_CHICAGO_FED,National Financial Conditions Index,https://fred.stlouisfed.org/series/NFCI,https://www.chicagofed.org/research/data/nfci/current-data,2026-08-31T14:34:09.166970Z,none
2005-09-09,financial_conditions_index,us,USA,,Chicago Fed National Financial Conditions Index,-0.582,index,weekly,FRED_CHICAGO_FED,National Financial Conditions Index,https://fred.stlouisfed.org/series/NFCI,https://www.chicagofed.org/research/data/nfci/current-data,2026-08-31T14:34:09.166970Z,none
2005-09-16,financial_conditions_index,us,USA,,Chicago Fed National Financial Conditions Index,-0.575,index,weekly,FRED_CHICAGO_FED,National Financial Conditions Index,https://fred.stlouisfed.org/series/NFCI,https://www.chicagofed.org/research/data/nfci/current-data,2026-08-31T14:34:09.166970Z,none
2005-09-23,financial_conditions_index,us,USA,,Chicago Fed National Financial Conditions Index,-0.569,index,weekly,FRED_CHICAGO_FED,National Financial Conditions Index,https://fred.stlouisfed.org/series/NFCI,https://www.chicagofed.org/research/data/nfci/current-data,2026-08-31T14:34:09.166970Z,none
2005-09-30,financial_conditions_index,us,USA,,Chicago Fed National Financial Conditions Index,-0.566,index,weekly,FRED_CHICAGO_FED,National Financial Conditions Index,https://fred.stlouisfed.org/series/NFCI,https://www.chicagofed.org/research/data/nfci/current-data,2026-08-31T14:34:09.166970Z,none
2005-10-07,financial_conditions_index,us,USA,,Chicago Fed National Financial Conditions Index,-0.567,index,weekly,FRED_CHICAGO_FED,National Financial Conditions Index,https://fred.stlouisfed.org/series/NFCI,https://www.chicagofed.org/research/data/nfci/current-data,2026-08-31T14:34:09.166970Z,none
2005-10-14,financial_conditions_index,us,USA,,Chicago Fed National Financial Conditions Index,-0.571,index,weekly,FRED_CHICAGO_FED,National Financial Conditions Index,https://fred.stlouisfed.org/series/NFCI,https://www.chicagofed.org/research/data/nfci/current-data,2026-08-31T14:34:09.166970Z,none
2005-10-21,financial_conditions_index,us,USA,,Chicago Fed National Financial Conditions Index,-0.576,index,weekly,FRED_CHICAGO_FED,National Financial Conditions Index,https://fred.stlouisfed.org/series/NFCI,https://www.chicagofed.org/research/data/nfci/current-data,2026-08-31T14:34:09.166970Z,none
2005-10-28,financial_conditions_index,us,USA,,Chicago Fed National Financial Conditions Index,-0.582,index,weekly,FRED_CHICAGO_FED,National Financial Conditions Index,https://fred.stlouisfed.org/series/NFCI,https://www.chicagofed.org/research/data/nfci/current-data,2026-08-31T14:34:09.166970Z,none
2005-11-04,financial_conditions_index,us,USA,,Chicago Fed National Financial Conditions Index,-0.586,index,weekly,FRED_CHICAGO_FED,National Financial Conditions Index,https://fred.stlouisfed.org/series/NFCI,https://www.chicagofed.org/research/data/nfci/current-data,2026-08-31T14:34:09.166970Z,none
2005-11-11,financial_conditions_index,us,USA,,Chicago Fed National Financial Conditions Index,-0.588,index,weekly,FRED_CHICAGO_FED,National Financial Conditions Index,https://fred.stlouisfed.org/series/NFCI,https://www.chicagofed.org/research/data/nfci/current-data,2026-08-31T14:34:09.166970Z,none
2005-11-18,financial_conditions_index,us,USA,,Chicago Fed National Financial Conditions Index,-0.585,index,weekly,FRED_CHICAGO_FED,National Financial Conditions Index,https://fred.stlouisfed.org/series/NFCI,https://www.chicagofed.org/research/data/nfci/current-data,2026-08-31T14:34:09.166970Z,none
2005-11-25,financial_conditions_index,us,USA,,Chicago Fed National Financial Conditions Index,-0.58,index,weekly,FRED_CHICAGO_FED,National Financial Conditions Index,https://fred.stlouisfed.org/series/NFCI,https://www.chicagofed.org/research/data/nfci/current-data,2026-08-31T14:34:09.166970Z,none
2005-12-02,financial_conditions_index,us,USA,,Chicago Fed National Financial Conditions Index,-0.573,index,weekly,FRED_CHICAGO_FED,National Financial Conditions Index,https://fred.stlouisfed.org/series/NFCI,https://www.chicagofed.org/research/data/nfci/current-data,2026-08-31T14:34:09.166970Z,none
2005-12-09,financial_conditions_index,us,USA,,Chicago Fed National Financial Conditions Index,-0.566,index,weekly,FRED_CHICAGO_FED,National Financial Conditions Index,https://fred.stlouisfed.org/series/NFCI,https://www.chicagofed.org/research/data/nfci/current-data,2026-08-31T14:34:09.166970Z,none
2005-12-16,financial_conditions_index,us,USA,,Chicago Fed National Financial Conditions Index,-0.562,index,weekly,FRED_CHICAGO_FED,National Financial Conditions Index,https://fred.stlouisfed.org/series/NFCI,https://www.chicagofed.org/research/data/nfci/current-data,2026-08-31T14:34:09.166970Z,none
2005-12-23,financial_conditions_index,us,USA,,Chicago Fed National Financial Conditions Index,-0.56,index,weekly,FRED_CHICAGO_FED,National Financial Conditions Index,https://fred.stlouisfed.org/series/NFCI,https://www.chicagofed.org/research/data/nfci/current-data,2026-08-31T14:34:09.166970Z,none
2005-12-30,financial_conditions_index,us,USA,,Chicago Fed National Financial Conditions Index,-0.562,index,weekly,FRED_CHICAGO_FED,National Financial Conditions Index,https://fred.stlouisfed.org/series/NFCI,https://www.chicagofed.org/research/data/nfci/current-data,2026-08-31T14:34:09.166970Z,none
2006-01-06,financial_conditions_index,us,USA,,Chicago Fed National Financial Conditions Index,-0.569,index,weekly,FRED_CHICAGO_FED,National Financial Conditions Index,https://fred.stlouisfed.org/series/NFCI,https://www.chicagofed.org/research/data/nfci/current-data,2026-08-31T14:34:09.166970Z,none
2006-01-13,financial_conditions_index,us,USA,,Chicago Fed National Financial Conditions Index,-0.579,index,weekly,FRED_CHICAGO_FED,National Financial Conditions Index,https://fred.stlouisfed.org/series/NFCI,https://www.chicagofed.org/research/data/nfci/current-data,2026-08-31T14:34:09.166970Z,none
2006-01-20,financial_conditions_index,us,USA,,Chicago Fed National Financial Conditions Index,-0.59,index,weekly,FRED_CHICAGO_FED,National Financial Conditions Index,https://fred.stlouisfed.org/series/NFCI,https://www.chicagofed.org/research/data/nfci/current-data,2026-08-31T14:34:09.166970Z,none
2006-01-27,financial_conditions_index,us,USA,,Chicago Fed National Financial Conditions Index,-0.602,index,weekly,FRED_CHICAGO_FED,National Financial Conditions Index,https://fred.stlouisfed.org/series/NFCI,https://www.chicagofed.org/research/data/nfci/current-data,2026-08-31T14:34:09.166970Z,none
2006-02-03,financial_conditions_index,us,USA,,Chicago Fed National Financial Conditions Index,-0.613,index,weekly,FRED_CHICAGO_FED,National Financial Conditions Index,https://fred.stlouisfed.org/series/NFCI,https://www.chicagofed.org/research/data/nfci/current-data,2026-08-31T14:34:09.166970Z,none
2006-02-10,financial_conditions_index,us,USA,,Chicago Fed National Financial Conditions Index,-0.622,index,weekly,FRED_CHICAGO_FED,National Financial Conditions Index,https://fred.stlouisfed.org/series/NFCI,https://www.chicagofed.org/research/data/nfci/current-data,2026-08-31T14:34:09.166970Z,none
2006-02-17,financial_conditions_index,us,USA,,Chicago Fed National Financial Conditions Index,-0.628,index,weekly,FRED_CHICAGO_FED,National Financial Conditions Index,https://fred.stlouisfed.org/series/NFCI,https://www.chicagofed.org/research/data/nfci/current-data,2026-08-31T14:34:09.166970Z,none
2006-02-24,financial_conditions_index,us,USA,,Chicago Fed National Financial Conditions Index,-0.632,index,weekly,FRED_CHICAGO_FED,National Financial Conditions Index,https://fred.stlouisfed.org/series/NFCI,https://www.chicagofed.org/research/data/nfci/current-data,2026-08-31T14:34:09.166970Z,none
2006-03-03,financial_conditions_index,us,USA,,Chicago Fed National Financial Conditions Index,-0.633,index,weekly,FRED_CHICAGO_FED,National Financial Conditions Index,https://fred.stlouisfed.org/series/NFCI,https://www.chicagofed.org/research/data/nfci/current-data,2026-08-31T14:34:09.166970Z,none
2006-03-10,financial_conditions_index,us,USA,,Chicago Fed National Financial Conditions Index,-0.633,index,weekly,FRED_CHICAGO_FED,National Financial Conditions Index,https://fred.stlouisfed.org/series/NFCI,https://www.chicagofed.org/research/data/nfci/current-data,2026-08-31T14:34:09.166970Z,none
2006-03-17,financial_conditions_index,us,USA,,Chicago Fed National Financial Conditions Index,-0.631,index,weekly,FRED_CHICAGO_FED,National Financial Conditions Index,https://fred.stlouisfed.org/series/NFCI,https://www.chicagofed.org/research/data/nfci/current-data,2026-08-31T14:34:09.166970Z,none
2006-03-24,financial_conditions_index,us,USA,,Chicago Fed National Financial Conditions Index,-0.63,index,weekly,FRED_CHICAGO_FED,National Financial Conditions Index,https://fred.stlouisfed.org/series/NFCI,https://www.chicagofed.org/research/data/nfci/current-data,2026-08-31T14:34:09.166970Z,none
2006-03-31,financial_conditions_index,us,USA,,Chicago Fed National Financial Conditions Index,-0.627,index,weekly,FRED_CHICAGO_FED,National Financial Conditions Index,https://fred.stlouisfed.org/series/NFCI,https://www.chicagofed.org/research/data/nfci/current-data,2026-08-31T14:34:09.166970Z,none
2006-04-07,financial_conditions_index,us,USA,,Chicago Fed National Financial Conditions Index,-0.625,index,weekly,FRED_CHICAGO_FED,National Financial Conditions Index,https://fred.stlouisfed.org/series/NFCI,https://www.chicagofed.org/research/data/nfci/current-data,2026-08-31T14:34:09.166970Z,none
2006-04-14,financial_conditions_index,us,USA,,Chicago Fed National Financial Conditions Index,-0.623,index,weekly,FRED_CHICAGO_FED,National Financial Conditions Index,https://fred.stlouisfed.org/series/NFCI,https://www.chicagofed.org/research/data/nfci/current-data,2026-08-31T14:34:09.166970Z,none
2006-04-21,financial_conditions_index,us,USA,,Chicago Fed National Financial Conditions Index,-0.621,index,weekly,FRED_CHICAGO_FED,National Financial Conditions Index,https://fred.stlouisfed.org/series/NFCI,https://www.chicagofed.org/research/data/nfci/current-data,2026-08-31T14:34:09.166970Z,none
2006-04-28,financial_conditions_index,us,USA,,Chicago Fed National Financial Conditions Index,-0.618,index,weekly,FRED_CHICAGO_FED,National Financial Conditions Index,https://fred.stlouisfed.org/series/NFCI,https://www.chicagofed.org/research/data/nfci/current-data,2026-08-31T14:34:09.166970Z,none
2006-05-05,financial_conditions_index,us,USA,,Chicago Fed National Financial Conditions Index,-0.613,index,weekly,FRED_CHICAGO_FED,National Financial Conditions Index,https://fred.stlouisfed.org/series/NFCI,https://www.chicagofed.org/research/data/nfci/current-data,2026-08-31T14:34:09.166970Z,none
2006-05-12,financial_conditions_index,us,USA,,Chicago Fed National Financial Conditions Index,-0.606,index,weekly,FRED_CHICAGO_FED,National Financial Conditions Index,https://fred.stlouisfed.org/series/NFCI,https://www.chicagofed.org/research/data/nfci/current-data,2026-08-31T14:34:09.166970Z,none
2006-05-19,financial_conditions_index,us,USA,,Chicago Fed National Financial Conditions Index,-0.595,index,weekly,FRED_CHICAGO_FED,National Financial Conditions Index,https://fred.stlouisfed.org/series/NFCI,https://www.chicagofed.org/research/data/nfci/current-data,2026-08-31T14:34:09.166970Z,none
2006-05-26,financial_conditions_index,us,USA,,Chicago Fed National Financial Conditions Index,-0.581,index,weekly,FRED_CHICAGO_FED,National Financial Conditions Index,https://fred.stlouisfed.org/series/NFCI,https://www.chicagofed.org/research/data/nfci/current-data,2026-08-31T14:34:09.166970Z,none
2006-06-02,financial_conditions_index,us,USA,,Chicago Fed National Financial Conditions Index,-0.567,index,weekly,FRED_CHICAGO_FED,National Financial Conditions Index,https://fred.stlouisfed.org/series/NFCI,https://www.chicagofed.org/research/data/nfci/current-data,2026-08-31T14:34:09.166970Z,none
2006-06-09,financial_conditions_index,us,USA,,Chicago Fed National Financial Conditions Index,-0.553,index,weekly,FRED_CHICAGO_FED,National Financial Conditions Index,https://fred.stlouisfed.org/series/NFCI,https://www.chicagofed.org/research/data/nfci/current-data,2026-08-31T14:34:09.166970Z,none
2006-06-16,financial_conditions_index,us,USA,,Chicago Fed National Financial Conditions Index,-0.541,index,weekly,FRED_CHICAGO_FED,National Financial Conditions Index,https://fred.stlouisfed.org/series/NFCI,https://www.chicagofed.org/research/data/nfci/current-data,2026-08-31T14:34:09.166970Z,none
2006-06-23,financial_conditions_index,us,USA,,Chicago Fed National Financial Conditions Index,-0.532,index,weekly,FRED_CHICAGO_FED,National Financial Conditions Index,https://fred.stlouisfed.org/series/NFCI,https://www.chicagofed.org/research/data/nfci/current-data,2026-08-31T14:34:09.166970Z,none
2006-06-30,financial_conditions_index,us,USA,,Chicago Fed National Financial Conditions Index,-0.528,index,weekly,FRED_CHICAGO_FED,National Financial Conditions Index,https://fred.stlouisfed.org/series/NFCI,https://www.chicagofed.org/research/data/nfci/current-data,2026-08-31T14:34:09.166970Z,none
2006-07-07,financial_conditions_index,us,USA,,Chicago Fed National Financial Conditions Index,-0.529,index,weekly,FRED_CHICAGO_FED,National Financial Conditions Index,https://fred.stlouisfed.org/series/NFCI,https://www.chicagofed.org/research/data/nfci/current-data,2026-08-31T14:34:09.166970Z,none
2006-07-14,financial_conditions_index,us,USA,,Chicago Fed National Financial Conditions Index,-0.534,index,weekly,FRED_CHICAGO_FED,National Financial Conditions Index,https://fred.stlouisfed.org/series/NFCI,https://www.chicagofed.org/research/data/nfci/current-data,2026-08-31T14:34:09.166970Z,none
2006-07-21,financial_conditions_index,us,USA,,Chicago Fed National Financial Conditions Index,-0.544,index,weekly,FRED_CHICAGO_FED,National Financial Conditions Index,https://fred.stlouisfed.org/series/NFCI,https://www.chicagofed.org/research/data/nfci/current-data,2026-08-31T14:34:09.166970Z,none
2006-07-28,financial_conditions_index,us,USA,,Chicago Fed National Financial Conditions Index,-0.558,index,weekly,FRED_CHICAGO_FED,National Financial Conditions Index,https://fred.stlouisfed.org/series/NFCI,https://www.chicagofed.org/research/data/nfci/current-data,2026-08-31T14:34:09.166970Z,none
2006-08-04,financial_conditions_index,us,USA,,Chicago Fed National Financial Conditions Index,-0.572,index,weekly,FRED_CHICAGO_FED,National Financial Conditions Index,https://fred.stlouisfed.org/series/NFCI,https://www.chicagofed.org/research/data/nfci/current-data,2026-08-31T14:34:09.166970Z,none
2006-08-11,financial_conditions_index,us,USA,,Chicago Fed National Financial Conditions Index,-0.585,index,weekly,FRED_CHICAGO_FED,National Financial Conditions Index,https://fred.stlouisfed.org/series/NFCI,https://www.chicagofed.org/research/data/nfci/current-data,2026-08-31T14:34:09.166970Z,none
2006-08-18,financial_conditions_index,us,USA,,Chicago Fed National Financial Conditions Index,-0.595,index,weekly,FRED_CHICAGO_FED,National Financial Conditions Index,https://fred.stlouisfed.org/series/NFCI,https://www.chicagofed.org/research/data/nfci/current-data,2026-08-31T14:34:09.166970Z,none
2006-08-25,financial_conditions_index,us,USA,,Chicago Fed National Financial Conditions Index,-0.602,index,weekly,FRED_CHICAGO_FED,National Financial Conditions Index,https://fred.stlouisfed.org/series/NFCI,https://www.chicagofed.org/research/data/nfci/current-data,2026-08-31T14:34:09.166970Z,none
2006-09-01,financial_conditions_index,us,USA,,Chicago Fed National Financial Conditions Index,-0.605,index,weekly,FRED_CHICAGO_FED,National Financial Conditions Index,https://fred.stlouisfed.org/series/NFCI,https://www.chicagofed.org/research/data/nfci/current-data,2026-08-31T14:34:09.166970Z,none
2006-09-08,financial_conditions_index,us,USA,,Chicago Fed National Financial Conditions Index,-0.606,index,weekly,FRED_CHICAGO_FED,National Financial Conditions Index,https://fred.stlouisfed.org/series/NFCI,https://www.chicagofed.org/research/data/nfci/current-data,2026-08-31T14:34:09.166970Z,none
2006-09-15,financial_conditions_index,us,USA,,Chicago Fed National Financial Conditions Index,-0.605,index,weekly,FRED_CHICAGO_FED,National Financial Conditions Index,https://fred.stlouisfed.org/series/NFCI,https://www.chicagofed.org/research/data/nfci/current-data,2026-08-31T14:34:09.166970Z,none
2006-09-22,financial_conditions_index,us,USA,,Chicago Fed National Financial Conditions Index,-0.604,index,weekly,FRED_CHICAGO_FED,National Financial Conditions Index,https://fred.stlouisfed.org/series/NFCI,https://www.chicagofed.org/research/data/nfci/current-data,2026-08-31T14:34:09.166970Z,none
2006-09-29,financial_conditions_index,us,USA,,Chicago Fed National Financial Conditions Index,-0.605,index,weekly,FRED_CHICAGO_FED,National Financial Conditions Index,https://fred.stlouisfed.org/series/NFCI,https://www.chicagofed.org/research/data/nfci/current-data,2026-08-31T14:34:09.166970Z,none
2006-10-06,financial_conditions_index,us,USA,,Chicago Fed National Financial Conditions Index,-0.609,index,weekly,FRED_CHICAGO_FED,National Financial Conditions Index,https://fred.stlouisfed.org/series/NFCI,https://www.chicagofed.org/research/data/nfci/current-data,2026-08-31T14:34:09.166970Z,none
2006-10-13,financial_conditions_index,us,USA,,Chicago Fed National Financial Conditions Index,-0.615,index,weekly,FRED_CHICAGO_FED,National Financial Conditions Index,https://fred.stlouisfed.org/series/NFCI,https://www.chicagofed.org/research/data/nfci/current-data,2026-08-31T14:34:09.166970Z,none
2006-10-20,financial_conditions_index,us,USA,,Chicago Fed National Financial Conditions Index,-0.621,index,weekly,FRED_CHICAGO_FED,National Financial Conditions Index,https://fred.stlouisfed.org/series/NFCI,https://www.chicagofed.org/research/data/nfci/current-data,2026-08-31T14:34:09.166970Z,none
2006-10-27,financial_conditions_index,us,USA,,Chicago Fed National Financial Conditions Index,-0.627,index,weekly,FRED_CHICAGO_FED,National Financial Conditions Index,https://fred.stlouisfed.org/series/NFCI,https://www.chicagofed.org/research/data/nfci/current-data,2026-08-31T14:34:09.166970Z,none
2006-11-03,financial_conditions_index,us,USA,,Chicago Fed National Financial Conditions Index,-0.631,index,weekly,FRED_CHICAGO_FED,National Financial Conditions Index,https://fred.stlouisfed.org/series/NFCI,https://www.chicagofed.org/research/data/nfci/current-data,2026-08-31T14:34:09.166970Z,none
2006-11-10,financial_conditions_index,us,USA,,Chicago Fed National Financial Conditions Index,-0.632,index,weekly,FRED_CHICAGO_FED,National Financial Conditions Index,https://fred.stlouisfed.org/series/NFCI,https://www.chicagofed.org/research/data/nfci/current-data,2026-08-31T14:34:09.166970Z,none
2006-11-17,financial_conditions_index,us,USA,,Chicago Fed National Financial Conditions Index,-0.63,index,weekly,FRED_CHICAGO_FED,National Financial Conditions Index,https://fred.stlouisfed.org/series/NFCI,https://www.chicagofed.org/research/data/nfci/current-data,2026-08-31T14:34:09.166970Z,none
2006-11-24,financial_conditions_index,us,USA,,Chicago Fed National Financial Conditions Index,-0.626,index,weekly,FRED_CHICAGO_FED,National Financial Conditions Index,https://fred.stlouisfed.org/series/NFCI,https://www.chicagofed.org/research/data/nfci/current-data,2026-08-31T14:34:09.166970Z,none
2006-12-01,financial_conditions_index,us,USA,,Chicago Fed National Financial Conditions Index,-0.622,index,weekly,FRED_CHICAGO_FED,National Financial Conditions Index,https://fred.stlouisfed.org/series/NFCI,https://www.chicagofed.org/research/data/nfci/current-data,2026-08-31T14:34:09.166970Z,none
2006-12-08,financial_conditions_index,us,USA,,Chicago Fed National Financial Conditions Index,-0.619,index,weekly,FRED_CHICAGO_FED,National Financial Conditions Index,https://fred.stlouisfed.org/series/NFCI,https://www.chicagofed.org/research/data/nfci/current-data,2026-08-31T14:34:09.166970Z,none
2006-12-15,financial_conditions_index,us,USA,,Chicago Fed National Financial Conditions Index,-0.619,index,weekly,FRED_CHICAGO_FED,National Financial Conditions Index,https://fred.stlouisfed.org/series/NFCI,https://www.chicagofed.org/research/data/nfci/current-data,2026-08-31T14:34:09.166970Z,none
2006-12-22,financial_conditions_index,us,USA,,Chicago Fed National Financial Conditions Index,-0.624,index,weekly,FRED_CHICAGO_FED,National Financial Conditions Index,https://fred.stlouisfed.org/series/NFCI,https://www.chicagofed.org/research/data/nfci/current-data,2026-08-31T14:34:09.166970Z,none
2006-12-29,financial_conditions_index,us,USA,,Chicago Fed National Financial Conditions Index,-0.632,index,weekly,FRED_CHICAGO_FED,National Financial Conditions Index,https://fred.stlouisfed.org/series/NFCI,https://www.chicagofed.org/research/data/nfci/current-data,2026-08-31T14:34:09.166970Z,none
2007-01-05,financial_conditions_index,us,USA,,Chicago Fed National Financial Conditions Index,-0.644,index,weekly,FRED_CHICAGO_FED,National Financial Conditions Index,https://fred.stlouisfed.org/series/NFCI,https://www.chicagofed.org/research/data/nfci/current-data,2026-08-31T14:34:09.166970Z,none
2007-01-12,financial_conditions_index,us,USA,,Chicago Fed National Financial Conditions Index,-0.657,index,weekly,FRED_CHICAGO_FED,National Financial Conditions Index,https://fred.stlouisfed.org/series/NFCI,https://www.chicagofed.org/research/data/nfci/current-data,2026-08-31T14:34:09.166970Z,none
2007-01-19,financial_conditions_index,us,USA,,Chicago Fed National Financial Conditions Index,-0.669,index,weekly,FRED_CHICAGO_FED,National Financial Conditions Index,https://fred.stlouisfed.org/series/NFCI,https://www.chicagofed.org/research/data/nfci/current-data,2026-08-31T14:34:09.166970Z,none
2007-01-26,financial_conditions_index,us,USA,,Chicago Fed National Financial Conditions Index,-0.678,index,weekly,FRED_CHICAGO_FED,National Financial Conditions Index,https://fred.stlouisfed.org/series/NFCI,https://www.chicagofed.org/research/data/nfci/current-data,2026-08-31T14:34:09.166970Z,none
2007-02-02,financial_conditions_index,us,USA,,Chicago Fed National Financial Conditions Index,-0.682,index,weekly,FRED_CHICAGO_FED,National Financial Conditions Index,https://fred.stlouisfed.org/series/NFCI,https://www.chicagofed.org/research/data/nfci/current-data,2026-08-31T14:34:09.166970Z,none
2007-02-09,financial_conditions_index,us,USA,,Chicago Fed National Financial Conditions Index,-0.681,index,weekly,FRED_CHICAGO_FED,National Financial Conditions Index,https://fred.stlouisfed.org/series/NFCI,https://www.chicagofed.org/research/data/nfci/current-data,2026-08-31T14:34:09.166970Z,none
2007-02-16,financial_conditions_index,us,USA,,Chicago Fed National Financial Conditions Index,-0.673,index,weekly,FRED_CHICAGO_FED,National Financial Conditions Index,https://fred.stlouisfed.org/series/NFCI,https://www.chicagofed.org/research/data/nfci/current-data,2026-08-31T14:34:09.166970Z,none
2007-02-23,financial_conditions_index,us,USA,,Chicago Fed National Financial Conditions Index,-0.661,index,weekly,FRED_CHICAGO_FED,National Financial Conditions Index,https://fred.stlouisfed.org/series/NFCI,https://www.chicagofed.org/research/data/nfci/current-data,2026-08-31T14:34:09.166970Z,none
2007-03-02,financial_conditions_index,us,USA,,Chicago Fed National Financial Conditions Index,-0.646,index,weekly,FRED_CHICAGO_FED,National Financial Conditions Index,https://fred.stlouisfed.org/series/NFCI,https://www.chicagofed.org/research/data/nfci/current-data,2026-08-31T14:34:09.166970Z,none
2007-03-09,financial_conditions_index,us,USA,,Chicago Fed National Financial Conditions Index,-0.631,index,weekly,FRED_CHICAGO_FED,National Financial Conditions Index,https://fred.stlouisfed.org/series/NFCI,https://www.chicagofed.org/research/data/nfci/current-data,2026-08-31T14:34:09.166970Z,none
2007-03-16,financial_conditions_index,us,USA,,Chicago Fed National Financial Conditions Index,-0.62,index,weekly,FRED_CHICAGO_FED,National Financial Conditions Index,https://fred.stlouisfed.org/series/NFCI,https://www.chicagofed.org/research/data/nfci/current-data,2026-08-31T14:34:09.166970Z,none
2007-03-23,financial_conditions_index,us,USA,,Chicago Fed National Financial Conditions Index,-0.611,index,weekly,FRED_CHICAGO_FED,National Financial Conditions Index,https://fred.stlouisfed.org/series/NFCI,https://www.chicagofed.org/research/data/nfci/current-data,2026-08-31T14:34:09.166970Z,none
2007-03-30,financial_conditions_index,us,USA,,Chicago Fed National Financial Conditions Index,-0.605,index,weekly,FRED_CHICAGO_FED,National Financial Conditions Index,https://fred.stlouisfed.org/series/NFCI,https://www.chicagofed.org/research/data/nfci/current-data,2026-08-31T14:34:09.166970Z,none
2007-04-06,financial_conditions_index,us,USA,,Chicago Fed National Financial Conditions Index,-0.602,index,weekly,FRED_CHICAGO_FED,National Financial Conditions Index,https://fred.stlouisfed.org/series/NFCI,https://www.chicagofed.org/research/data/nfci/current-data,2026-08-31T14:34:09.166970Z,none
2007-04-13,financial_conditions_index,us,USA,,Chicago Fed National Financial Conditions Index,-0.598,index,weekly,FRED_CHICAGO_FED,National Financial Conditions Index,https://fred.stlouisfed.org/series/NFCI,https://www.chicagofed.org/research/data/nfci/current-data,2026-08-31T14:34:09.166970Z,none
2007-04-20,financial_conditions_index,us,USA,,Chicago Fed National Financial Conditions Index,-0.593,index,weekly,FRED_CHICAGO_FED,National Financial Conditions Index,https://fred.stlouisfed.org/series/NFCI,https://www.chicagofed.org/research/data/nfci/current-data,2026-08-31T14:34:09.166970Z,none
2007-04-27,financial_conditions_index,us,USA,,Chicago Fed National Financial Conditions Index,-0.587,index,weekly,FRED_CHICAGO_FED,National Financial Conditions Index,https://fred.stlouisfed.org/series/NFCI,https://www.chicagofed.org/research/data/nfci/current-data,2026-08-31T14:34:09.166970Z,none
2007-05-04,financial_conditions_index,us,USA,,Chicago Fed National Financial Conditions Index,-0.578,index,weekly,FRED_CHICAGO_FED,National Financial Conditions Index,https://fred.stlouisfed.org/series/NFCI,https://www.chicagofed.org/research/data/nfci/current-data,2026-08-31T14:34:09.166970Z,none
2007-05-11,financial_conditions_index,us,USA,,Chicago Fed National Financial Conditions Index,-0.569,index,weekly,FRED_CHICAGO_FED,National Financial Conditions Index,https://fred.stlouisfed.org/series/NFCI,https://www.chicagofed.org/research/data/nfci/current-data,2026-08-31T14:34:09.166970Z,none
2007-05-18,financial_conditions_index,us,USA,,Chicago Fed National Financial Conditions Index,-0.56,index,weekly,FRED_CHICAGO_FED,National Financial Conditions Index,https://fred.stlouisfed.org/series/NFCI,https://www.chicagofed.org/research/data/nfci/current-data,2026-08-31T14:34:09.166970Z,none
2007-05-25,financial_conditions_index,us,USA,,Chicago Fed National Financial Conditions Index,-0.551,index,weekly,FRED_CHICAGO_FED,National Financial Conditions Index,https://fred.stlouisfed.org/series/NFCI,https://www.chicagofed.org/research/data/nfci/current-data,2026-08-31T14:34:09.166970Z,none
2007-06-01,financial_conditions_index,us,USA,,Chicago Fed National Financial Conditions Index,-0.545,index,weekly,FRED_CHICAGO_FED,National Financial Conditions Index,https://fred.stlouisfed.org/series/NFCI,https://www.chicagofed.org/research/data/nfci/current-data,2026-08-31T14:34:09.166970Z,none
2007-06-08,financial_conditions_index,us,USA,,Chicago Fed National Financial Conditions Index,-0.542,index,weekly,FRED_CHICAGO_FED,National Financial Conditions Index,https://fred.stlouisfed.org/series/NFCI,https://www.chicagofed.org/research/data/nfci/current-data,2026-08-31T14:34:09.166970Z,none
2007-06-15,financial_conditions_index,us,USA,,Chicago Fed National Financial Conditions Index,-0.539,index,weekly,FRED_CHICAGO_FED,National Financial Conditions Index,https://fred.stlouisfed.org/series/NFCI,https://www.chicagofed.org/research/data/nfci/current-data,2026-08-31T14:34:09.166970Z,none
2007-06-22,financial_conditions_index,us,USA,,Chicago Fed National Financial Conditions Index,-0.534,index,weekly,FRED_CHICAGO_FED,National Financial Conditions Index,https://fred.stlouisfed.org/series/NFCI,https://www.chicagofed.org/research/data/nfci/current-data,2026-08-31T14:34:09.166970Z,none
2007-06-29,financial_conditions_index,us,USA,,Chicago Fed National Financial Conditions Index,-0.521,index,weekly,FRED_CHICAGO_FED,National Financial Conditions Index,https://fred.stlouisfed.org/series/NFCI,https://www.chicagofed.org/research/data/nfci/current-data,2026-08-31T14:34:09.166970Z,none
2007-07-06,financial_conditions_index,us,USA,,Chicago Fed National Financial Conditions Index,-0.497,index,weekly,FRED_CHICAGO_FED,National Financial Conditions Index,https://fred.stlouisfed.org/series/NFCI,https://www.chicagofed.org/research/data/nfci/current-data,2026-08-31T14:34:09.166970Z,none
2007-07-13,financial_conditions_index,us,USA,,Chicago Fed National Financial Conditions Index,-0.452,index,weekly,FRED_CHICAGO_FED,National Financial Conditions Index,https://fred.stlouisfed.org/series/NFCI,https://www.chicagofed.org/research/data/nfci/current-data,2026-08-31T14:34:09.166970Z,none
2007-07-20,financial_conditions_index,us,USA,,Chicago Fed National Financial Conditions Index,-0.383,index,weekly,FRED_CHICAGO_FED,National Financial Conditions Index,https://fred.stlouisfed.org/series/NFCI,https://www.chicagofed.org/research/data/nfci/current-data,2026-08-31T14:34:09.166970Z,none
2007-07-27,financial_conditions_index,us,USA,,Chicago Fed National Financial Conditions Index,-0.289,index,weekly,FRED_CHICAGO_FED,National Financial Conditions Index,https://fred.stlouisfed.org/series/NFCI,https://www.chicagofed.org/research/data/nfci/current-data,2026-08-31T14:34:09.166970Z,none
2007-08-03,financial_conditions_index,us,USA,,Chicago Fed National Financial Conditions Index,-0.177,index,weekly,FRED_CHICAGO_FED,National Financial Conditions Index,https://fred.stlouisfed.org/series/NFCI,https://www.chicagofed.org/research/data/nfci/current-data,2026-08-31T14:34:09.166970Z,none
2007-08-10,financial_conditions_index,us,USA,,Chicago Fed National Financial Conditions Index,-0.057,index,weekly,FRED_CHICAGO_FED,National Financial Conditions Index,https://fred.stlouisfed.org/series/NFCI,https://www.chicagofed.org/research/data/nfci/current-data,2026-08-31T14:34:09.166970Z,none
2007-08-17,financial_conditions_index,us,USA,,Chicago Fed National Financial Conditions Index,0.06,index,weekly,FRED_CHICAGO_FED,National Financial Conditions Index,https://fred.stlouisfed.org/series/NFCI,https://www.chicagofed.org/research/data/nfci/current-data,2026-08-31T14:34:09.166970Z,none
2007-08-24,financial_conditions_index,us,USA,,Chicago Fed National Financial Conditions Index,0.155,index,weekly,FRED_CHICAGO_FED,National Financial Conditions Index,https://fred.stlouisfed.org/series/NFCI,https://www.chicagofed.org/research/data/nfci/current-data,2026-08-31T14:34:09.166970Z,none
2007-08-31,financial_conditions_index,us,USA,,Chicago Fed National Financial Conditions Index,0.207,index,weekly,FRED_CHICAGO_FED,National Financial Conditions Index,https://fred.stlouisfed.org/series/NFCI,https://www.chicagofed.org/research/data/nfci/current-data,2026-08-31T14:34:09.166970Z,none
2007-09-07,financial_conditions_index,us,USA,,Chicago Fed National Financial Conditions Index,0.223,index,weekly,FRED_CHICAGO_FED,National Financial Conditions Index,https://fred.stlouisfed.org/series/NFCI,https://www.chicagofed.org/research/data/nfci/current-data,2026-08-31T14:34:09.166970Z,none
2007-09-14,financial_conditions_index,us,USA,,Chicago Fed National Financial Conditions Index,0.199,index,weekly,FRED_CHICAGO_FED,National Financial Conditions Index,https://fred.stlouisfed.org/series/NFCI,https://www.chicagofed.org/research/data/nfci/current-data,2026-08-31T14:34:09.166970Z,none
2007-09-21,financial_conditions_index,us,USA,,Chicago Fed National Financial Conditions Index,0.143,index,weekly,FRED_CHICAGO_FED,National Financial Conditions Index,https://fred.stlouisfed.org/series/NFCI,https://www.chicagofed.org/research/data/nfci/current-data,2026-08-31T14:34:09.166970Z,none
2007-09-28,financial_conditions_index,us,USA,,Chicago Fed National Financial Conditions Index,0.078,index,weekly,FRED_CHICAGO_FED,National Financial Conditions Index,https://fred.stlouisfed.org/series/NFCI,https://www.chicagofed.org/research/data/nfci/current-data,2026-08-31T14:34:09.166970Z,none
2007-10-05,financial_conditions_index,us,USA,,Chicago Fed National Financial Conditions Index,0.018,index,weekly,FRED_CHICAGO_FED,National Financial Conditions Index,https://fred.stlouisfed.org/series/NFCI,https://www.chicagofed.org/research/data/nfci/current-data,2026-08-31T14:34:09.166970Z,none
2007-10-12,financial_conditions_index,us,USA,,Chicago Fed National Financial Conditions Index,-0.023,index,weekly,FRED_CHICAGO_FED,National Financial Conditions Index,https://fred.stlouisfed.org/series/NFCI,https://www.chicagofed.org/research/data/nfci/current-data,2026-08-31T14:34:09.166970Z,none
2007-10-19,financial_conditions_index,us,USA,,Chicago Fed National Financial Conditions Index,-0.03,index,weekly,FRED_CHICAGO_FED,National Financial Conditions Index,https://fred.stlouisfed.org/series/NFCI,https://www.chicagofed.org/research/data/nfci/current-data,2026-08-31T14:34:09.166970Z,none
2007-10-26,financial_conditions_index,us,USA,,Chicago Fed National Financial Conditions Index,0.001,index,weekly,FRED_CHICAGO_FED,National Financial Conditions Index,https://fred.stlouisfed.org/series/NFCI,https://www.chicagofed.org/research/data/nfci/current-data,2026-08-31T14:34:09.166970Z,none
2007-11-02,financial_conditions_index,us,USA,,Chicago Fed National Financial Conditions Index,0.067,index,weekly,FRED_CHICAGO_FED,National Financial Conditions Index,https://fred.stlouisfed.org/series/NFCI,https://www.chicagofed.org/research/data/nfci/current-data,2026-08-31T14:34:09.166970Z,none
2007-11-09,financial_conditions_index,us,USA,,Chicago Fed National Financial Conditions Index,0.165,index,weekly,FRED_CHICAGO_FED,National Financial Conditions Index,https://fred.stlouisfed.org/series/NFCI,https://www.chicagofed.org/research/data/nfci/current-data,2026-08-31T14:34:09.166970Z,none
2007-11-16,financial_conditions_index,us,USA,,Chicago Fed National Financial Conditions Index,0.276,index,weekly,FRED_CHICAGO_FED,National Financial Conditions Index,https://fred.stlouisfed.org/series/NFCI,https://www.chicagofed.org/research/data/nfci/current-data,2026-08-31T14:34:09.166970Z,none
2007-11-23,financial_conditions_index,us,USA,,Chicago Fed National Financial Conditions Index,0.389,index,weekly,FRED_CHICAGO_FED,National Financial Conditions Index,https://fred.stlouisfed.org/series/NFCI,https://www.chicagofed.org/research/data/nfci/current-data,2026-08-31T14:34:09.166970Z,none
2007-11-30,financial_conditions_index,us,USA,,Chicago Fed National Financial Conditions Index,0.483,index,weekly,FRED_CHICAGO_FED,National Financial Conditions Index,https://fred.stlouisfed.org/series/NFCI,https://www.chicagofed.org/research/data/nfci/current-data,2026-08-31T14:34:09.166970Z,none
2007-12-07,financial_conditions_index,us,USA,,Chicago Fed National Financial Conditions Index,0.546,index,weekly,FRED_CHICAGO_FED,National Financial Conditions Index,https://fred.stlouisfed.org/series/NFCI,https://www.chicagofed.org/research/data/nfci/current-data,2026-08-31T14:34:09.166970Z,none
2007-12-14,financial_conditions_index,us,USA,,Chicago Fed National Financial Conditions Index,0.573,index,weekly,FRED_CHICAGO_FED,National Financial Conditions Index,https://fred.stlouisfed.org/series/NFCI,https://www.chicagofed.org/research/data/nfci/current-data,2026-08-31T14:34:09.166970Z,none
2007-12-21,financial_conditions_index,us,USA,,Chicago Fed National Financial Conditions Index,0.564,index,weekly,FRED_CHICAGO_FED,National Financial Conditions Index,https://fred.stlouisfed.org/series/NFCI,https://www.chicagofed.org/research/data/nfci/current-data,2026-08-31T14:34:09.166970Z,none
2007-12-28,financial_conditions_index,us,USA,,Chicago Fed National Financial Conditions Index,0.525,index,weekly,FRED_CHICAGO_FED,National Financial Conditions Index,https://fred.stlouisfed.org/series/NFCI,https://www.chicagofed.org/research/data/nfci/current-data,2026-08-31T14:34:09.166970Z,none
2008-01-04,financial_conditions_index,us,USA,,Chicago Fed National Financial Conditions Index,0.477,index,weekly,FRED_CHICAGO_FED,National Financial Conditions Index,https://fred.stlouisfed.org/series/NFCI,https://www.chicagofed.org/research/data/nfci/current-data,2026-08-31T14:34:09.166970Z,none
2008-01-11,financial_conditions_index,us,USA,,Chicago Fed National Financial Conditions Index,0.432,index,weekly,FRED_CHICAGO_FED,National Financial Conditions Index,https://fred.stlouisfed.org/series/NFCI,https://www.chicagofed.org/research/data/nfci/current-data,2026-08-31T14:34:09.166970Z,none
2008-01-18,financial_conditions_index,us,USA,,Chicago Fed National Financial Conditions Index,0.408,index,weekly,FRED_CHICAGO_FED,National Financial Conditions Index,https://fred.stlouisfed.org/series/NFCI,https://www.chicagofed.org/research/data/nfci/current-data,2026-08-31T14:34:09.166970Z,none
2008-01-25,financial_conditions_index,us,USA,,Chicago Fed National Financial Conditions Index,0.415,index,weekly,FRED_CHICAGO_FED,National Financial Conditions Index,https://fred.stlouisfed.org/series/NFCI,https://www.chicagofed.org/research/data/nfci/current-data,2026-08-31T14:34:09.166970Z,none
2008-02-01,financial_conditions_index,us,USA,,Chicago Fed National Financial Conditions Index,0.445,index,weekly,FRED_CHICAGO_FED,National Financial Conditions Index,https://fred.stlouisfed.org/series/NFCI,https://www.chicagofed.org/research/data/nfci/current-data,2026-08-31T14:34:09.166970Z,none
2008-02-08,financial_conditions_index,us,USA,,Chicago Fed National Financial Conditions Index,0.506,index,weekly,FRED_CHICAGO_FED,National Financial Conditions Index,https://fred.stlouisfed.org/series/NFCI,https://www.chicagofed.org/research/data/nfci/current-data,2026-08-31T14:34:09.166970Z,none
2008-02-15,financial_conditions_index,us,USA,,Chicago Fed National Financial Conditions Index,0.591,index,weekly,FRED_CHICAGO_FED,National Financial Conditions Index,https://fred.stlouisfed.org/series/NFCI,https://www.chicagofed.org/research/data/nfci/current-data,2026-08-31T14:34:09.166970Z,none
2008-02-22,financial_conditions_index,us,USA,,Chicago Fed National Financial Conditions Index,0.691,index,weekly,FRED_CHICAGO_FED,National Financial Conditions Index,https://fred.stlouisfed.org/series/NFCI,https://www.chicagofed.org/research/data/nfci/current-data,2026-08-31T14:34:09.166970Z,none
2008-02-29,financial_conditions_index,us,USA,,Chicago Fed National Financial Conditions Index,0.791,index,weekly,FRED_CHICAGO_FED,National Financial Conditions Index,https://fred.stlouisfed.org/series/NFCI,https://www.chicagofed.org/research/data/nfci/current-data,2026-08-31T14:34:09.166970Z,none
2008-03-07,financial_conditions_index,us,USA,,Chicago Fed National Financial Conditions Index,0.883,index,weekly,FRED_CHICAGO_FED,National Financial Conditions Index,https://fred.stlouisfed.org/series/NFCI,https://www.chicagofed.org/research/data/nfci/current-data,2026-08-31T14:34:09.166970Z,none
2008-03-14,financial_conditions_index,us,USA,,Chicago Fed National Financial Conditions Index,0.944,index,weekly,FRED_CHICAGO_FED,National Financial Conditions Index,https://fred.stlouisfed.org/series/NFCI,https://www.chicagofed.org/research/data/nfci/current-data,2026-08-31T14:34:09.166970Z,none
2008-03-21,financial_conditions_index,us,USA,,Chicago Fed National Financial Conditions Index,0.97,index,weekly,FRED_CHICAGO_FED,National Financial Conditions Index,https://fred.stlouisfed.org/series/NFCI,https://www.chicagofed.org/research/data/nfci/current-data,2026-08-31T14:34:09.166970Z,none
2008-03-28,financial_conditions_index,us,USA,,Chicago Fed National Financial Conditions Index,0.95,index,weekly,FRED_CHICAGO_FED,National Financial Conditions Index,https://fred.stlouisfed.org/series/NFCI,https://www.chicagofed.org/research/data/nfci/current-data,2026-08-31T14:34:09.166970Z,none
2008-04-04,financial_conditions_index,us,USA,,Chicago Fed National Financial Conditions Index,0.897,index,weekly,FRED_CHICAGO_FED,National Financial Conditions Index,https://fred.stlouisfed.org/series/NFCI,https://www.chicagofed.org/research/data/nfci/current-data,2026-08-31T14:34:09.166970Z,none
2008-04-11,financial_conditions_index,us,USA,,Chicago Fed National Financial Conditions Index,0.823,index,weekly,FRED_CHICAGO_FED,National Financial Conditions Index,https://fred.stlouisfed.org/series/NFCI,https://www.chicagofed.org/research/data/nfci/current-data,2026-08-31T14:34:09.166970Z,none
2008-04-18,financial_conditions_index,us,USA,,Chicago Fed National Financial Conditions Index,0.741,index,weekly,FRED_CHICAGO_FED,National Financial Conditions Index,https://fred.stlouisfed.org/series/NFCI,https://www.chicagofed.org/research/data/nfci/current-data,2026-08-31T14:34:09.166970Z,none
2008-04-25,financial_conditions_index,us,USA,,Chicago Fed National Financial Conditions Index,0.655,index,weekly,FRED_CHICAGO_FED,National Financial Conditions Index,https://fred.stlouisfed.org/series/NFCI,https://www.chicagofed.org/research/data/nfci/current-data,2026-08-31T14:34:09.166970Z,none
2008-05-02,financial_conditions_index,us,USA,,Chicago Fed National Financial Conditions Index,0.579,index,weekly,FRED_CHICAGO_FED,National Financial Conditions Index,https://fred.stlouisfed.org/series/NFCI,https://www.chicagofed.org/research/data/nfci/current-data,2026-08-31T14:34:09.166970Z,none
2008-05-09,financial_conditions_index,us,USA,,Chicago Fed National Financial Conditions Index,0.524,index,weekly,FRED_CHICAGO_FED,National Financial Conditions Index,https://fred.stlouisfed.org/series/NFCI,https://www.chicagofed.org/research/data/nfci/current-data,2026-08-31T14:34:09.166970Z,none
2008-05-16,financial_conditions_index,us,USA,,Chicago Fed National Financial Conditions Index,0.492,index,weekly,FRED_CHICAGO_FED,National Financial Conditions Index,https://fred.stlouisfed.org/series/NFCI,https://www.chicagofed.org/research/data/nfci/current-data,2026-08-31T14:34:09.166970Z,none
2008-05-23,financial_conditions_index,us,USA,,Chicago Fed National Financial Conditions Index,0.487,index,weekly,FRED_CHICAGO_FED,National Financial Conditions Index,https://fred.stlouisfed.org/series/NFCI,https://www.chicagofed.org/research/data/nfci/current-data,2026-08-31T14:34:09.166970Z,none
2008-05-30,financial_conditions_index,us,USA,,Chicago Fed National Financial Conditions Index,0.508,index,weekly,FRED_CHICAGO_FED,National Financial Conditions Index,https://fred.stlouisfed.org/series/NFCI,https://www.chicagofed.org/research/data/nfci/current-data,2026-08-31T14:34:09.166970Z,none
2008-06-06,financial_conditions_index,us,USA,,Chicago Fed National Financial Conditions Index,0.554,index,weekly,FRED_CHICAGO_FED,National Financial Conditions Index,https://fred.stlouisfed.org/series/NFCI,https://www.chicagofed.org/research/data/nfci/current-data,2026-08-31T14:34:09.166970Z,none
2008-06-13,financial_conditions_index,us,USA,,Chicago Fed National Financial Conditions Index,0.608,index,weekly,FRED_CHICAGO_FED,National Financial Conditions Index,https://fred.stlouisfed.org/series/NFCI,https://www.chicagofed.org/research/data/nfci/current-data,2026-08-31T14:34:09.166970Z,none
2008-06-20,financial_conditions_index,us,USA,,Chicago Fed National Financial Conditions Index,0.665,index,weekly,FRED_CHICAGO_FED,National Financial Conditions Index,https://fred.stlouisfed.org/series/NFCI,https://www.chicagofed.org/research/data/nfci/current-data,2026-08-31T14:34:09.166970Z,none
2008-06-27,financial_conditions_index,us,USA,,Chicago Fed National Financial Conditions Index,0.716,index,weekly,FRED_CHICAGO_FED,National Financial Conditions Index,https://fred.stlouisfed.org/series/NFCI,https://www.chicagofed.org/research/data/nfci/current-data,2026-08-31T14:34:09.166970Z,none
2008-07-04,financial_conditions_index,us,USA,,Chicago Fed National Financial Conditions Index,0.748,index,weekly,FRED_CHICAGO_FED,National Financial Conditions Index,https://fred.stlouisfed.org/series/NFCI,https://www.chicagofed.org/research/data/nfci/current-data,2026-08-31T14:34:09.166970Z,none
2008-07-11,financial_conditions_index,us,USA,,Chicago Fed National Financial Conditions Index,0.757,index,weekly,FRED_CHICAGO_FED,National Financial Conditions Index,https://fred.stlouisfed.org/series/NFCI,https://www.chicagofed.org/research/data/nfci/current-data,2026-08-31T14:34:09.166970Z,none
2008-07-18,financial_conditions_index,us,USA,,Chicago Fed National Financial Conditions Index,0.746,index,weekly,FRED_CHICAGO_FED,National Financial Conditions Index,https://fred.stlouisfed.org/series/NFCI,https://www.chicagofed.org/research/data/nfci/current-data,2026-08-31T14:34:09.166970Z,none
2008-07-25,financial_conditions_index,us,USA,,Chicago Fed National Financial Conditions Index,0.718,index,weekly,FRED_CHICAGO_FED,National Financial Conditions Index,https://fred.stlouisfed.org/series/NFCI,https://www.chicagofed.org/research/data/nfci/current-data,2026-08-31T14:34:09.166970Z,none
2008-08-01,financial_conditions_index,us,USA,,Chicago Fed National Financial Conditions Index,0.687,index,weekly,FRED_CHICAGO_FED,National Financial Conditions Index,https://fred.stlouisfed.org/series/NFCI,https://www.chicagofed.org/research/data/nfci/current-data,2026-08-31T14:34:09.166970Z,none
2008-08-08,financial_conditions_index,us,USA,,Chicago Fed National Financial Conditions Index,0.672,index,weekly,FRED_CHICAGO_FED,National Financial Conditions Index,https://fred.stlouisfed.org/series/NFCI,https://www.chicagofed.org/research/data/nfci/current-data,2026-08-31T14:34:09.166970Z,none
2008-08-15,financial_conditions_index,us,USA,,Chicago Fed National Financial Conditions Index,0.68,index,weekly,FRED_CHICAGO_FED,National Financial Conditions Index,https://fred.stlouisfed.org/series/NFCI,https://www.chicagofed.org/research/data/nfci/current-data,2026-08-31T14:34:09.166970Z,none
2008-08-22,financial_conditions_index,us,USA,,Chicago Fed National Financial Conditions Index,0.736,index,weekly,FRED_CHICAGO_FED,National Financial Conditions Index,https://fred.stlouisfed.org/series/NFCI,https://www.chicagofed.org/research/data/nfci/current-data,2026-08-31T14:34:09.166970Z,none
2008-08-29,financial_conditions_index,us,USA,,Chicago Fed National Financial Conditions Index,0.845,index,weekly,FRED_CHICAGO_FED,National Financial Conditions Index,https://fred.stlouisfed.org/series/NFCI,https://www.chicagofed.org/research/data/nfci/current-data,2026-08-31T14:34:09.166970Z,none
2008-09-05,financial_conditions_index,us,USA,,Chicago Fed National Financial Conditions Index,1.013,index,weekly,FRED_CHICAGO_FED,National Financial Conditions Index,https://fred.stlouisfed.org/series/NFCI,https://www.chicagofed.org/research/data/nfci/current-data,2026-08-31T14:34:09.166970Z,none
2008-09-12,financial_conditions_index,us,USA,,Chicago Fed National Financial Conditions Index,1.234,index,weekly,FRED_CHICAGO_FED,National Financial Conditions Index,https://fred.stlouisfed.org/series/NFCI,https://www.chicagofed.org/research/data/nfci/current-data,2026-08-31T14:34:09.166970Z,none
2008-09-19,financial_conditions_index,us,USA,,Chicago Fed National Financial Conditions Index,1.517,index,weekly,FRED_CHICAGO_FED,National Financial Conditions Index,https://fred.stlouisfed.org/series/NFCI,https://www.chicagofed.org/research/data/nfci/current-data,2026-08-31T14:34:09.166970Z,none
2008-09-26,financial_conditions_index,us,USA,,Chicago Fed National Financial Conditions Index,1.798,index,weekly,FRED_CHICAGO_FED,National Financial Conditions Index,https://fred.stlouisfed.org/series/NFCI,https://www.chicagofed.org/research/data/nfci/current-data,2026-08-31T14:34:09.166970Z,none
2008-10-03,financial_conditions_index,us,USA,,Chicago Fed National Financial Conditions Index,2.079,index,weekly,FRED_CHICAGO_FED,National Financial Conditions Index,https://fred.stlouisfed.org/series/NFCI,https://www.chicagofed.org/research/data/nfci/current-data,2026-08-31T14:34:09.166970Z,none
2008-10-10,financial_conditions_index,us,USA,,Chicago Fed National Financial Conditions Index,2.331,index,weekly,FRED_CHICAGO_FED,National Financial Conditions Index,https://fred.stlouisfed.org/series/NFCI,https://www.chicagofed.org/research/data/nfci/current-data,2026-08-31T14:34:09.166970Z,none
2008-10-17,financial_conditions_index,us,USA,,Chicago Fed National Financial Conditions Index,2.529,index,weekly,FRED_CHICAGO_FED,National Financial Conditions Index,https://fred.stlouisfed.org/series/NFCI,https://www.chicagofed.org/research/data/nfci/current-data,2026-08-31T14:34:09.166970Z,none
2008-10-24,financial_conditions_index,us,USA,,Chicago Fed National Financial Conditions Index,2.674,index,weekly,FRED_CHICAGO_FED,National Financial Conditions Index,https://fred.stlouisfed.org/series/NFCI,https://www.chicagofed.org/research/data/nfci/current-data,2026-08-31T14:34:09.166970Z,none
2008-10-31,financial_conditions_index,us,USA,,Chicago Fed National Financial Conditions Index,2.798,index,weekly,FRED_CHICAGO_FED,National Financial Conditions Index,https://fred.stlouisfed.org/series/NFCI,https://www.chicagofed.org/research/data/nfci/current-data,2026-08-31T14:34:09.166970Z,none
2008-11-07,financial_conditions_index,us,USA,,Chicago Fed National Financial Conditions Index,2.893,index,weekly,FRED_CHICAGO_FED,National Financial Conditions Index,https://fred.stlouisfed.org/series/NFCI,https://www.chicagofed.org/research/data/nfci/current-data,2026-08-31T14:34:09.166970Z,none
2008-11-14,financial_conditions_index,us,USA,,Chicago Fed National Financial Conditions Index,2.975,index,weekly,FRED_CHICAGO_FED,National Financial Conditions Index,https://fred.stlouisfed.org/series/NFCI,https://www.chicagofed.org/research/data/nfci/current-data,2026-08-31T14:34:09.166970Z,none
2008-11-21,financial_conditions_index,us,USA,,Chicago Fed National Financial Conditions Index,3.051,index,weekly,FRED_CHICAGO_FED,National Financial Conditions Index,https://fred.stlouisfed.org/series/NFCI,https://www.chicagofed.org/research/data/nfci/current-data,2026-08-31T14:34:09.166970Z,none
2008-11-28,financial_conditions_index,us,USA,,Chicago Fed National Financial Conditions Index,3.077,index,weekly,FRED_CHICAGO_FED,National Financial Conditions Index,https://fred.stlouisfed.org/series/NFCI,https://www.chicagofed.org/research/data/nfci/current-data,2026-08-31T14:34:09.166970Z,none
2008-12-05,financial_conditions_index,us,USA,,Chicago Fed National Financial Conditions Index,3.07,index,weekly,FRED_CHICAGO_FED,National Financial Conditions Index,https://fred.stlouisfed.org/series/NFCI,https://www.chicagofed.org/research/data/nfci/current-data,2026-08-31T14:34:09.166970Z,none
2008-12-12,financial_conditions_index,us,USA,,Chicago Fed National Financial Conditions Index,3.005,index,weekly,FRED_CHICAGO_FED,National Financial Conditions Index,https://fred.stlouisfed.org/series/NFCI,https://www.chicagofed.org/research/data/nfci/current-data,2026-08-31T14:34:09.166970Z,none
2008-12-19,financial_conditions_index,us,USA,,Chicago Fed National Financial Conditions Index,2.882,index,weekly,FRED_CHICAGO_FED,National Financial Conditions Index,https://fred.stlouisfed.org/series/NFCI,https://www.chicagofed.org/research/data/nfci/current-data,2026-08-31T14:34:09.166970Z,none
2008-12-26,financial_conditions_index,us,USA,,Chicago Fed National Financial Conditions Index,2.723,index,weekly,FRED_CHICAGO_FED,National Financial Conditions Index,https://fred.stlouisfed.org/series/NFCI,https://www.chicagofed.org/research/data/nfci/current-data,2026-08-31T14:34:09.166970Z,none
2009-01-02,financial_conditions_index,us,USA,,Chicago Fed National Financial Conditions Index,2.571,index,weekly,FRED_CHICAGO_FED,National Financial Conditions Index,https://fred.stlouisfed.org/series/NFCI,https://www.chicagofed.org/research/data/nfci/current-data,2026-08-31T14:34:09.166970Z,none
2009-01-09,financial_conditions_index,us,USA,,Chicago Fed National Financial Conditions Index,2.418,index,weekly,FRED_CHICAGO_FED,National Financial Conditions Index,https://fred.stlouisfed.org/series/NFCI,https://www.chicagofed.org/research/data/nfci/current-data,2026-08-31T14:34:09.166970Z,none
2009-01-16,financial_conditions_index,us,USA,,Chicago Fed National Financial Conditions Index,2.294,index,weekly,FRED_CHICAGO_FED,National Financial Conditions Index,https://fred.stlouisfed.org/series/NFCI,https://www.chicagofed.org/research/data/nfci/current-data,2026-08-31T14:34:09.166970Z,none
2009-01-23,financial_conditions_index,us,USA,,Chicago Fed National Financial Conditions Index,2.203,index,weekly,FRED_CHICAGO_FED,National Financial Conditions Index,https://fred.stlouisfed.org/series/NFCI,https://www.chicagofed.org/research/data/nfci/current-data,2026-08-31T14:34:09.166970Z,none
2009-01-30,financial_conditions_index,us,USA,,Chicago Fed National Financial Conditions Index,2.143,index,weekly,FRED_CHICAGO_FED,National Financial Conditions Index,https://fred.stlouisfed.org/series/NFCI,https://www.chicagofed.org/research/data/nfci/current-data,2026-08-31T14:34:09.166970Z,none
2009-02-06,financial_conditions_index,us,USA,,Chicago Fed National Financial Conditions Index,2.113,index,weekly,FRED_CHICAGO_FED,National Financial Conditions Index,https://fred.stlouisfed.org/series/NFCI,https://www.chicagofed.org/research/data/nfci/current-data,2026-08-31T14:34:09.166970Z,none
2009-02-13,financial_conditions_index,us,USA,,Chicago Fed National Financial Conditions Index,2.113,index,weekly,FRED_CHICAGO_FED,National Financial Conditions Index,https://fred.stlouisfed.org/series/NFCI,https://www.chicagofed.org/research/data/nfci/current-data,2026-08-31T14:34:09.166970Z,none
2009-02-20,financial_conditions_index,us,USA,,Chicago Fed National Financial Conditions Index,2.129,index,weekly,FRED_CHICAGO_FED,National Financial Conditions Index,https://fred.stlouisfed.org/series/NFCI,https://www.chicagofed.org/research/data/nfci/current-data,2026-08-31T14:34:09.166970Z,none
2009-02-27,financial_conditions_index,us,USA,,Chicago Fed National Financial Conditions Index,2.145,index,weekly,FRED_CHICAGO_FED,National Financial Conditions Index,https://fred.stlouisfed.org/series/NFCI,https://www.chicagofed.org/research/data/nfci/current-data,2026-08-31T14:34:09.166970Z,none
2009-03-06,financial_conditions_index,us,USA,,Chicago Fed National Financial Conditions Index,2.148,index,weekly,FRED_CHICAGO_FED,National Financial Conditions Index,https://fred.stlouisfed.org/series/NFCI,https://www.chicagofed.org/research/data/nfci/current-data,2026-08-31T14:34:09.166970Z,none
2009-03-13,financial_conditions_index,us,USA,,Chicago Fed National Financial Conditions Index,2.111,index,weekly,FRED_CHICAGO_FED,National Financial Conditions Index,https://fred.stlouisfed.org/series/NFCI,https://www.chicagofed.org/research/data/nfci/current-data,2026-08-31T14:34:09.166970Z,none
2009-03-20,financial_conditions_index,us,USA,,Chicago Fed National Financial Conditions Index,2.038,index,weekly,FRED_CHICAGO_FED,National Financial Conditions Index,https://fred.stlouisfed.org/series/NFCI,https://www.chicagofed.org/research/data/nfci/current-data,2026-08-31T14:34:09.166970Z,none
2009-03-27,financial_conditions_index,us,USA,,Chicago Fed National Financial Conditions Index,1.933,index,weekly,FRED_CHICAGO_FED,National Financial Conditions Index,https://fred.stlouisfed.org/series/NFCI,https://www.chicagofed.org/research/data/nfci/current-data,2026-08-31T14:34:09.166970Z,none
2009-04-03,financial_conditions_index,us,USA,,Chicago Fed National Financial Conditions Index,1.809,index,weekly,FRED_CHICAGO_FED,National Financial Conditions Index,https://fred.stlouisfed.org/series/NFCI,https://www.chicagofed.org/research/data/nfci/current-data,2026-08-31T14:34:09.166970Z,none
2009-04-10,financial_conditions_index,us,USA,,Chicago Fed National Financial Conditions Index,1.668,index,weekly,FRED_CHICAGO_FED,National Financial Conditions Index,https://fred.stlouisfed.org/series/NFCI,https://www.chicagofed.org/research/data/nfci/current-data,2026-08-31T14:34:09.166970Z,none
2009-04-17,financial_conditions_index,us,USA,,Chicago Fed National Financial Conditions Index,1.525,index,weekly,FRED_CHICAGO_FED,National Financial Conditions Index,https://fred.stlouisfed.org/series/NFCI,https://www.chicagofed.org/research/data/nfci/current-data,2026-08-31T14:34:09.166970Z,none
2009-04-24,financial_conditions_index,us,USA,,Chicago Fed National Financial Conditions Index,1.386,index,weekly,FRED_CHICAGO_FED,National Financial Conditions Index,https://fred.stlouisfed.org/series/NFCI,https://www.chicagofed.org/research/data/nfci/current-data,2026-08-31T14:34:09.166970Z,none
2009-05-01,financial_conditions_index,us,USA,,Chicago Fed National Financial Conditions Index,1.25,index,weekly,FRED_CHICAGO_FED,National Financial Conditions Index,https://fred.stlouisfed.org/series/NFCI,https://www.chicagofed.org/research/data/nfci/current-data,2026-08-31T14:34:09.166970Z,none
2009-05-08,financial_conditions_index,us,USA,,Chicago Fed National Financial Conditions Index,1.126,index,weekly,FRED_CHICAGO_FED,National Financial Conditions Index,https://fred.stlouisfed.org/series/NFCI,https://www.chicagofed.org/research/data/nfci/current-data,2026-08-31T14:34:09.166970Z,none
2009-05-15,financial_conditions_index,us,USA,,Chicago Fed National Financial Conditions Index,1.025,index,weekly,FRED_CHICAGO_FED,National Financial Conditions Index,https://fred.stlouisfed.org/series/NFCI,https://www.chicagofed.org/research/data/nfci/current-data,2026-08-31T14:34:09.166970Z,none
2009-05-22,financial_conditions_index,us,USA,,Chicago Fed National Financial Conditions Index,0.941,index,weekly,FRED_CHICAGO_FED,National Financial Conditions Index,https://fred.stlouisfed.org/series/NFCI,https://www.chicagofed.org/research/data/nfci/current-data,2026-08-31T14:34:09.166970Z,none
2009-05-29,financial_conditions_index,us,USA,,Chicago Fed National Financial Conditions Index,0.882,index,weekly,FRED_CHICAGO_FED,National Financial Conditions Index,https://fred.stlouisfed.org/series/NFCI,https://www.chicagofed.org/research/data/nfci/current-data,2026-08-31T14:34:09.166970Z,none
2009-06-05,financial_conditions_index,us,USA,,Chicago Fed National Financial Conditions Index,0.835,index,weekly,FRED_CHICAGO_FED,National Financial Conditions Index,https://fred.stlouisfed.org/series/NFCI,https://www.chicagofed.org/research/data/nfci/current-data,2026-08-31T14:34:09.166970Z,none
2009-06-12,financial_conditions_index,us,USA,,Chicago Fed National Financial Conditions Index,0.799,index,weekly,FRED_CHICAGO_FED,National Financial Conditions Index,https://fred.stlouisfed.org/series/NFCI,https://www.chicagofed.org/research/data/nfci/current-data,2026-08-31T14:34:09.166970Z,none
2009-06-19,financial_conditions_index,us,USA,,Chicago Fed National Financial Conditions Index,0.768,index,weekly,FRED_CHICAGO_FED,National Financial Conditions Index,https://fred.stlouisfed.org/series/NFCI,https://www.chicagofed.org/research/data/nfci/current-data,2026-08-31T14:34:09.166970Z,none
2009-06-26,financial_conditions_index,us,USA,,Chicago Fed National Financial Conditions Index,0.731,index,weekly,FRED_CHICAGO_FED,National Financial Conditions Index,https://fred.stlouisfed.org/series/NFCI,https://www.chicagofed.org/research/data/nfci/current-data,2026-08-31T14:34:09.166970Z,none
2009-07-03,financial_conditions_index,us,USA,,Chicago Fed National Financial Conditions Index,0.685,index,weekly,FRED_CHICAGO_FED,National Financial Conditions Index,https://fred.stlouisfed.org/series/NFCI,https://www.chicagofed.org/research/data/nfci/current-data,2026-08-31T14:34:09.166970Z,none
2009-07-10,financial_conditions_index,us,USA,,Chicago Fed National Financial Conditions Index,0.629,index,weekly,FRED_CHICAGO_FED,National Financial Conditions Index,https://fred.stlouisfed.org/series/NFCI,https://www.chicagofed.org/research/data/nfci/current-data,2026-08-31T14:34:09.166970Z,none
2009-07-17,financial_conditions_index,us,USA,,Chicago Fed National Financial Conditions Index,0.563,index,weekly,FRED_CHICAGO_FED,National Financial Conditions Index,https://fred.stlouisfed.org/series/NFCI,https://www.chicagofed.org/research/data/nfci/current-data,2026-08-31T14:34:09.166970Z,none
2009-07-24,financial_conditions_index,us,USA,,Chicago Fed National Financial Conditions Index,0.491,index,weekly,FRED_CHICAGO_FED,National Financial Conditions Index,https://fred.stlouisfed.org/series/NFCI,https://www.chicagofed.org/research/data/nfci/current-data,2026-08-31T14:34:09.166970Z,none
2009-07-31,financial_conditions_index,us,USA,,Chicago Fed National Financial Conditions Index,0.423,index,weekly,FRED_CHICAGO_FED,National Financial Conditions Index,https://fred.stlouisfed.org/series/NFCI,https://www.chicagofed.org/research/data/nfci/current-data,2026-08-31T14:34:09.166970Z,none
2009-08-07,financial_conditions_index,us,USA,,Chicago Fed National Financial Conditions Index,0.363,index,weekly,FRED_CHICAGO_FED,National Financial Conditions Index,https://fred.stlouisfed.org/series/NFCI,https://www.chicagofed.org/research/data/nfci/current-data,2026-08-31T14:34:09.166970Z,none
2009-08-14,financial_conditions_index,us,USA,,Chicago Fed National Financial Conditions Index,0.314,index,weekly,FRED_CHICAGO_FED,National Financial Conditions Index,https://fred.stlouisfed.org/series/NFCI,https://www.chicagofed.org/research/data/nfci/current-data,2026-08-31T14:34:09.166970Z,none
2009-08-21,financial_conditions_index,us,USA,,Chicago Fed National Financial Conditions Index,0.273,index,weekly,FRED_CHICAGO_FED,National Financial Conditions Index,https://fred.stlouisfed.org/series/NFCI,https://www.chicagofed.org/research/data/nfci/current-data,2026-08-31T14:34:09.166970Z,none
2009-08-28,financial_conditions_index,us,USA,,Chicago Fed National Financial Conditions Index,0.236,index,weekly,FRED_CHICAGO_FED,National Financial Conditions Index,https://fred.stlouisfed.org/series/NFCI,https://www.chicagofed.org/research/data/nfci/current-data,2026-08-31T14:34:09.166970Z,none
2009-09-04,financial_conditions_index,us,USA,,Chicago Fed National Financial Conditions Index,0.204,index,weekly,FRED_CHICAGO_FED,National Financial Conditions Index,https://fred.stlouisfed.org/series/NFCI,https://www.chicagofed.org/research/data/nfci/current-data,2026-08-31T14:34:09.166970Z,none
2009-09-11,financial_conditions_index,us,USA,,Chicago Fed National Financial Conditions Index,0.171,index,weekly,FRED_CHICAGO_FED,National Financial Conditions Index,https://fred.stlouisfed.org/series/NFCI,https://www.chicagofed.org/research/data/nfci/current-data,2026-08-31T14:34:09.166970Z,none
2009-09-18,financial_conditions_index,us,USA,,Chicago Fed National Financial Conditions Index,0.138,index,weekly,FRED_CHICAGO_FED,National Financial Conditions Index,https://fred.stlouisfed.org/series/NFCI,https://www.chicagofed.org/research/data/nfci/current-data,2026-08-31T14:34:09.166970Z,none
2009-09-25,financial_conditions_index,us,USA,,Chicago Fed National Financial Conditions Index,0.109,index,weekly,FRED_CHICAGO_FED,National Financial Conditions Index,https://fred.stlouisfed.org/series/NFCI,https://www.chicagofed.org/research/data/nfci/current-data,2026-08-31T14:34:09.166970Z,none
2009-10-02,financial_conditions_index,us,USA,,Chicago Fed National Financial Conditions Index,0.087,index,weekly,FRED_CHICAGO_FED,National Financial Conditions Index,https://fred.stlouisfed.org/series/NFCI,https://www.chicagofed.org/research/data/nfci/current-data,2026-08-31T14:34:09.166970Z,none
2009-10-09,financial_conditions_index,us,USA,,Chicago Fed National Financial Conditions Index,0.066,index,weekly,FRED_CHICAGO_FED,National Financial Conditions Index,https://fred.stlouisfed.org/series/NFCI,https://www.chicagofed.org/research/data/nfci/current-data,2026-08-31T14:34:09.166970Z,none
2009-10-16,financial_conditions_index,us,USA,,Chicago Fed National Financial Conditions Index,0.049,index,weekly,FRED_CHICAGO_FED,National Financial Conditions Index,https://fred.stlouisfed.org/series/NFCI,https://www.chicagofed.org/research/data/nfci/current-data,2026-08-31T14:34:09.166970Z,none
2009-10-23,financial_conditions_index,us,USA,,Chicago Fed National Financial Conditions Index,0.035,index,weekly,FRED_CHICAGO_FED,National Financial Conditions Index,https://fred.stlouisfed.org/series/NFCI,https://www.chicagofed.org/research/data/nfci/current-data,2026-08-31T14:34:09.166970Z,none
2009-10-30,financial_conditions_index,us,USA,,Chicago Fed National Financial Conditions Index,0.027,index,weekly,FRED_CHICAGO_FED,National Financial Conditions Index,https://fred.stlouisfed.org/series/NFCI,https://www.chicagofed.org/research/data/nfci/current-data,2026-08-31T14:34:09.166970Z,none
2009-11-06,financial_conditions_index,us,USA,,Chicago Fed National Financial Conditions Index,0.018,index,weekly,FRED_CHICAGO_FED,National Financial Conditions Index,https://fred.stlouisfed.org/series/NFCI,https://www.chicagofed.org/research/data/nfci/current-data,2026-08-31T14:34:09.166970Z,none
2009-11-13,financial_conditions_index,us,USA,,Chicago Fed National Financial Conditions Index,0.007,index,weekly,FRED_CHICAGO_FED,National Financial Conditions Index,https://fred.stlouisfed.org/series/NFCI,https://www.chicagofed.org/research/data/nfci/current-data,2026-08-31T14:34:09.166970Z,none
2009-11-20,financial_conditions_index,us,USA,,Chicago Fed National Financial Conditions Index,-0.007,index,weekly,FRED_CHICAGO_FED,National Financial Conditions Index,https://fred.stlouisfed.org/series/NFCI,https://www.chicagofed.org/research/data/nfci/current-data,2026-08-31T14:34:09.166970Z,none
2009-11-27,financial_conditions_index,us,USA,,Chicago Fed National Financial Conditions Index,-0.025,index,weekly,FRED_CHICAGO_FED,National Financial Conditions Index,https://fred.stlouisfed.org/series/NFCI,https://www.chicagofed.org/research/data/nfci/current-data,2026-08-31T14:34:09.166970Z,none
2009-12-04,financial_conditions_index,us,USA,,Chicago Fed National Financial Conditions Index,-0.05,index,weekly,FRED_CHICAGO_FED,National Financial Conditions Index,https://fred.stlouisfed.org/series/NFCI,https://www.chicagofed.org/research/data/nfci/current-data,2026-08-31T14:34:09.166970Z,none
2009-12-11,financial_conditions_index,us,USA,,Chicago Fed National Financial Conditions Index,-0.08,index,weekly,FRED_CHICAGO_FED,National Financial Conditions Index,https://fred.stlouisfed.org/series/NFCI,https://www.chicagofed.org/research/data/nfci/current-data,2026-08-31T14:34:09.166970Z,none
2009-12-18,financial_conditions_index,us,USA,,Chicago Fed National Financial Conditions Index,-0.112,index,weekly,FRED_CHICAGO_FED,National Financial Conditions Index,https://fred.stlouisfed.org/series/NFCI,https://www.chicagofed.org/research/data/nfci/current-data,2026-08-31T14:34:09.166970Z,none
2009-12-25,financial_conditions_index,us,USA,,Chicago Fed National Financial Conditions Index,-0.143,index,weekly,FRED_CHICAGO_FED,National Financial Conditions Index,https://fred.stlouisfed.org/series/NFCI,https://www.chicagofed.org/research/data/nfci/current-data,2026-08-31T14:34:09.166970Z,none
2010-01-01,financial_conditions_index,us,USA,,Chicago Fed National Financial Conditions Index,-0.168,index,weekly,FRED_CHICAGO_FED,National Financial Conditions Index,https://fred.stlouisfed.org/series/NFCI,https://www.chicagofed.org/research/data/nfci/current-data,2026-08-31T14:34:09.166970Z,none
2010-01-08,financial_conditions_index,us,USA,,Chicago Fed National Financial Conditions Index,-0.188,index,weekly,FRED_CHICAGO_FED,National Financial Conditions Index,https://fred.stlouisfed.org/series/NFCI,https://www.chicagofed.org/research/data/nfci/current-data,2026-08-31T14:34:09.166970Z,none
2010-01-15,financial_conditions_index,us,USA,,Chicago Fed National Financial Conditions Index,-0.198,index,weekly,FRED_CHICAGO_FED,National Financial Conditions Index,https://fred.stlouisfed.org/series/NFCI,https://www.chicagofed.org/research/data/nfci/current-data,2026-08-31T14:34:09.166970Z,none
2010-01-22,financial_conditions_index,us,USA,,Chicago Fed National Financial Conditions Index,-0.197,index,weekly,FRED_CHICAGO_FED,National Financial Conditions Index,https://fred.stlouisfed.org/series/NFCI,https://www.chicagofed.org/research/data/nfci/current-data,2026-08-31T14:34:09.166970Z,none
2010-01-29,financial_conditions_index,us,USA,,Chicago Fed National Financial Conditions Index,-0.193,index,weekly,FRED_CHICAGO_FED,National Financial Conditions Index,https://fred.stlouisfed.org/series/NFCI,https://www.chicagofed.org/research/data/nfci/current-data,2026-08-31T14:34:09.166970Z,none
2010-02-05,financial_conditions_index,us,USA,,Chicago Fed National Financial Conditions Index,-0.19,index,weekly,FRED_CHICAGO_FED,National Financial Conditions Index,https://fred.stlouisfed.org/series/NFCI,https://www.chicagofed.org/research/data/nfci/current-data,2026-08-31T14:34:09.166970Z,none
2010-02-12,financial_conditions_index,us,USA,,Chicago Fed National Financial Conditions Index,-0.193,index,weekly,FRED_CHICAGO_FED,National Financial Conditions Index,https://fred.stlouisfed.org/series/NFCI,https://www.chicagofed.org/research/data/nfci/current-data,2026-08-31T14:34:09.166970Z,none
2010-02-19,financial_conditions_index,us,USA,,Chicago Fed National Financial Conditions Index,-0.21,index,weekly,FRED_CHICAGO_FED,National Financial Conditions Index,https://fred.stlouisfed.org/series/NFCI,https://www.chicagofed.org/research/data/nfci/current-data,2026-08-31T14:34:09.166970Z,none
2010-02-26,financial_conditions_index,us,USA,,Chicago Fed National Financial Conditions Index,-0.239,index,weekly,FRED_CHICAGO_FED,National Financial Conditions Index,https://fred.stlouisfed.org/series/NFCI,https://www.chicagofed.org/research/data/nfci/current-data,2026-08-31T14:34:09.166970Z,none
2010-03-05,financial_conditions_index,us,USA,,Chicago Fed National Financial Conditions Index,-0.278,index,weekly,FRED_CHICAGO_FED,National Financial Conditions Index,https://fred.stlouisfed.org/series/NFCI,https://www.chicagofed.org/research/data/nfci/current-data,2026-08-31T14:34:09.166970Z,none
2010-03-12,financial_conditions_index,us,USA,,Chicago Fed National Financial Conditions Index,-0.324,index,weekly,FRED_CHICAGO_FED,National Financial Conditions Index,https://fred.stlouisfed.org/series/NFCI,https://www.chicagofed.org/research/data/nfci/current-data,2026-08-31T14:34:09.166970Z,none
2010-03-19,financial_conditions_index,us,USA,,Chicago Fed National Financial Conditions Index,-0.37,index,weekly,FRED_CHICAGO_FED,National Financial Conditions Index,https://fred.stlouisfed.org/series/NFCI,https://www.chicagofed.org/research/data/nfci/current-data,2026-08-31T14:34:09.166970Z,none
2010-03-26,financial_conditions_index,us,USA,,Chicago Fed National Financial Conditions Index,-0.41,index,weekly,FRED_CHICAGO_FED,National Financial Conditions Index,https://fred.stlouisfed.org/series/NFCI,https://www.chicagofed.org/research/data/nfci/current-data,2026-08-31T14:34:09.166970Z,none
2010-04-02,financial_conditions_index,us,USA,,Chicago Fed National Financial Conditions Index,-0.439,index,weekly,FRED_CHICAGO_FED,National Financial Conditions Index,https://fred.stlouisfed.org/series/NFCI,https://www.chicagofed.org/research/data/nfci/current-data,2026-08-31T14:34:09.166970Z,none
2010-04-09,financial_conditions_index,us,USA,,Chicago Fed National Financial Conditions Index,-0.45,index,weekly,FRED_CHICAGO_FED,National Financial Conditions Index,https://fred.stlouisfed.org/series/NFCI,https://www.chicagofed.org/research/data/nfci/current-data,2026-08-31T14:34:09.166970Z,none
2010-04-16,financial_conditions_index,us,USA,,Chicago Fed National Financial Conditions Index,-0.439,index,weekly,FRED_CHICAGO_FED,National Financial Conditions Index,https://fred.stlouisfed.org/series/NFCI,https://www.chicagofed.org/research/data/nfci/current-data,2026-08-31T14:34:09.166970Z,none
2010-04-23,financial_conditions_index,us,USA,,Chicago Fed National Financial Conditions Index,-0.403,index,weekly,FRED_CHICAGO_FED,National Financial Conditions Index,https://fred.stlouisfed.org/series/NFCI,https://www.chicagofed.org/research/data/nfci/current-data,2026-08-31T14:34:09.166970Z,none
2010-04-30,financial_conditions_index,us,USA,,Chicago Fed National Financial Conditions Index,-0.345,index,weekly,FRED_CHICAGO_FED,National Financial Conditions Index,https://fred.stlouisfed.org/series/NFCI,https://www.chicagofed.org/research/data/nfci/current-data,2026-08-31T14:34:09.166970Z,none
2010-05-07,financial_conditions_index,us,USA,,Chicago Fed National Financial Conditions Index,-0.268,index,weekly,FRED_CHICAGO_FED,National Financial Conditions Index,https://fred.stlouisfed.org/series/NFCI,https://www.chicagofed.org/research/data/nfci/current-data,2026-08-31T14:34:09.166970Z,none
2010-05-14,financial_conditions_index,us,USA,,Chicago Fed National Financial Conditions Index,-0.192,index,weekly,FRED_CHICAGO_FED,National Financial Conditions Index,https://fred.stlouisfed.org/series/NFCI,https://www.chicagofed.org/research/data/nfci/current-data,2026-08-31T14:34:09.166970Z,none
2010-05-21,financial_conditions_index,us,USA,,Chicago Fed National Financial Conditions Index,-0.12,index,weekly,FRED_CHICAGO_FED,National Financial Conditions Index,https://fred.stlouisfed.org/series/NFCI,https://www.chicagofed.org/research/data/nfci/current-data,2026-08-31T14:34:09.166970Z,none
2010-05-28,financial_conditions_index,us,USA,,Chicago Fed National Financial Conditions Index,-0.065,index,weekly,FRED_CHICAGO_FED,National Financial Conditions Index,https://fred.stlouisfed.org/series/NFCI,https://www.chicagofed.org/research/data/nfci/current-data,2026-08-31T14:34:09.166970Z,none
2010-06-04,financial_conditions_index,us,USA,,Chicago Fed National Financial Conditions Index,-0.034,index,weekly,FRED_CHICAGO_FED,National Financial Conditions Index,https://fred.stlouisfed.org/series/NFCI,https://www.chicagofed.org/research/data/nfci/current-data,2026-08-31T14:34:09.166970Z,none
2010-06-11,financial_conditions_index,us,USA,,Chicago Fed National Financial Conditions Index,-0.025,index,weekly,FRED_CHICAGO_FED,National Financial Conditions Index,https://fred.stlouisfed.org/series/NFCI,https://www.chicagofed.org/research/data/nfci/current-data,2026-08-31T14:34:09.166970Z,none
2010-06-18,financial_conditions_index,us,USA,,Chicago Fed National Financial Conditions Index,-0.039,index,weekly,FRED_CHICAGO_FED,National Financial Conditions Index,https://fred.stlouisfed.org/series/NFCI,https://www.chicagofed.org/research/data/nfci/current-data,2026-08-31T14:34:09.166970Z,none
2010-06-25,financial_conditions_index,us,USA,,Chicago Fed National Financial Conditions Index,-0.066,index,weekly,FRED_CHICAGO_FED,National Financial Conditions Index,https://fred.stlouisfed.org/series/NFCI,https://www.chicagofed.org/research/data/nfci/current-data,2026-08-31T14:34:09.166970Z,none
2010-07-02,financial_conditions_index,us,USA,,Chicago Fed National Financial Conditions Index,-0.1,index,weekly,FRED_CHICAGO_FED,National Financial Conditions Index,https://fred.stlouisfed.org/series/NFCI,https://www.chicagofed.org/research/data/nfci/current-data,2026-08-31T14:34:09.166970Z,none
2010-07-09,financial_conditions_index,us,USA,,Chicago Fed National Financial Conditions Index,-0.142,index,weekly,FRED_CHICAGO_FED,National Financial Conditions Index,https://fred.stlouisfed.org/series/NFCI,https://www.chicagofed.org/research/data/nfci/current-data,2026-08-31T14:34:09.166970Z,none
2010-07-16,financial_conditions_index,us,USA,,Chicago Fed National Financial Conditions Index,-0.182,index,weekly,FRED_CHICAGO_FED,National Financial Conditions Index,https://fred.stlouisfed.org/series/NFCI,https://www.chicagofed.org/research/data/nfci/current-data,2026-08-31T14:34:09.166970Z,none
2010-07-23,financial_conditions_index,us,USA,,Chicago Fed National Financial Conditions Index,-0.215,index,weekly,FRED_CHICAGO_FED,National Financial Conditions Index,https://fred.stlouisfed.org/series/NFCI,https://www.chicagofed.org/research/data/nfci/current-data,2026-08-31T14:34:09.166970Z,none
2010-07-30,financial_conditions_index,us,USA,,Chicago Fed National Financial Conditions Index,-0.24,index,weekly,FRED_CHICAGO_FED,National Financial Conditions Index,https://fred.stlouisfed.org/series/NFCI,https://www.chicagofed.org/research/data/nfci/current-data,2026-08-31T14:34:09.166970Z,none
2010-08-06,financial_conditions_index,us,USA,,Chicago Fed National Financial Conditions Index,-0.254,index,weekly,FRED_CHICAGO_FED,National Financial Conditions Index,https://fred.stlouisfed.org/series/NFCI,https://www.chicagofed.org/research/data/nfci/current-data,2026-08-31T14:34:09.166970Z,none
2010-08-13,financial_conditions_index,us,USA,,Chicago Fed National Financial Conditions Index,-0.259,index,weekly,FRED_CHICAGO_FED,National Financial Conditions Index,https://fred.stlouisfed.org/series/NFCI,https://www.chicagofed.org/research/data/nfci/current-data,2026-08-31T14:34:09.166970Z,none
2010-08-20,financial_conditions_index,us,USA,,Chicago Fed National Financial Conditions Index,-0.261,index,weekly,FRED_CHICAGO_FED,National Financial Conditions Index,https://fred.stlouisfed.org/series/NFCI,https://www.chicagofed.org/research/data/nfci/current-data,2026-08-31T14:34:09.166970Z,none
2010-08-27,financial_conditions_index,us,USA,,Chicago Fed National Financial Conditions Index,-0.263,index,weekly,FRED_CHICAGO_FED,National Financial Conditions Index,https://fred.stlouisfed.org/series/NFCI,https://www.chicagofed.org/research/data/nfci/current-data,2026-08-31T14:34:09.166970Z,none
2010-09-03,financial_conditions_index,us,USA,,Chicago Fed National Financial Conditions Index,-0.27,index,weekly,FRED_CHICAGO_FED,National Financial Conditions Index,https://fred.stlouisfed.org/series/NFCI,https://www.chicagofed.org/research/data/nfci/current-data,2026-08-31T14:34:09.166970Z,none
2010-09-10,financial_conditions_index,us,USA,,Chicago Fed National Financial Conditions Index,-0.285,index,weekly,FRED_CHICAGO_FED,National Financial Conditions Index,https://fred.stlouisfed.org/series/NFCI,https://www.chicagofed.org/research/data/nfci/current-data,2026-08-31T14:34:09.166970Z,none
2010-09-17,financial_conditions_index,us,USA,,Chicago Fed National Financial Conditions Index,-0.304,index,weekly,FRED_CHICAGO_FED,National Financial Conditions Index,https://fred.stlouisfed.org/series/NFCI,https://www.chicagofed.org/research/data/nfci/current-data,2026-08-31T14:34:09.166970Z,none
2010-09-24,financial_conditions_index,us,USA,,Chicago Fed National Financial Conditions Index,-0.326,index,weekly,FRED_CHICAGO_FED,National Financial Conditions Index,https://fred.stlouisfed.org/series/NFCI,https://www.chicagofed.org/research/data/nfci/current-data,2026-08-31T14:34:09.166970Z,none
2010-10-01,financial_conditions_index,us,USA,,Chicago Fed National Financial Conditions Index,-0.35,index,weekly,FRED_CHICAGO_FED,National Financial Conditions Index,https://fred.stlouisfed.org/series/NFCI,https://www.chicagofed.org/research/data/nfci/current-data,2026-08-31T14:34:09.166970Z,none
2010-10-08,financial_conditions_index,us,USA,,Chicago Fed National Financial Conditions Index,-0.373,index,weekly,FRED_CHICAGO_FED,National Financial Conditions Index,https://fred.stlouisfed.org/series/NFCI,https://www.chicagofed.org/research/data/nfci/current-data,2026-08-31T14:34:09.166970Z,none
2010-10-15,financial_conditions_index,us,USA,,Chicago Fed National Financial Conditions Index,-0.395,index,weekly,FRED_CHICAGO_FED,National Financial Conditions Index,https://fred.stlouisfed.org/series/NFCI,https://www.chicagofed.org/research/data/nfci/current-data,2026-08-31T14:34:09.166970Z,none
2010-10-22,financial_conditions_index,us,USA,,Chicago Fed National Financial Conditions Index,-0.413,index,weekly,FRED_CHICAGO_FED,National Financial Conditions Index,https://fred.stlouisfed.org/series/NFCI,https://www.chicagofed.org/research/data/nfci/current-data,2026-08-31T14:34:09.166970Z,none
2010-10-29,financial_conditions_index,us,USA,,Chicago Fed National Financial Conditions Index,-0.426,index,weekly,FRED_CHICAGO_FED,National Financial Conditions Index,https://fred.stlouisfed.org/series/NFCI,https://www.chicagofed.org/research/data/nfci/current-data,2026-08-31T14:34:09.166970Z,none
2010-11-05,financial_conditions_index,us,USA,,Chicago Fed National Financial Conditions Index,-0.435,index,weekly,FRED_CHICAGO_FED,National Financial Conditions Index,https://fred.stlouisfed.org/series/NFCI,https://www.chicagofed.org/research/data/nfci/current-data,2026-08-31T14:34:09.166970Z,none
2010-11-12,financial_conditions_index,us,USA,,Chicago Fed National Financial Conditions Index,-0.439,index,weekly,FRED_CHICAGO_FED,National Financial Conditions Index,https://fred.stlouisfed.org/series/NFCI,https://www.chicagofed.org/research/data/nfci/current-data,2026-08-31T14:34:09.166970Z,none
2010-11-19,financial_conditions_index,us,USA,,Chicago Fed National Financial Conditions Index,-0.441,index,weekly,FRED_CHICAGO_FED,National Financial Conditions Index,https://fred.stlouisfed.org/series/NFCI,https://www.chicagofed.org/research/data/nfci/current-data,2026-08-31T14:34:09.166970Z,none
2010-11-26,financial_conditions_index,us,USA,,Chicago Fed National Financial Conditions Index,-0.444,index,weekly,FRED_CHICAGO_FED,National Financial Conditions Index,https://fred.stlouisfed.org/series/NFCI,https://www.chicagofed.org/research/data/nfci/current-data,2026-08-31T14:34:09.166970Z,none
2010-12-03,financial_conditions_index,us,USA,,Chicago Fed National Financial Conditions Index,-0.449,index,weekly,FRED_CHICAGO_FED,National Financial Conditions Index,https://fred.stlouisfed.org/series/NFCI,https://www.chicagofed.org/research/data/nfci/current-data,2026-08-31T14:34:09.166970Z,none
2010-12-10,financial_conditions_index,us,USA,,Chicago Fed National Financial Conditions Index,-0.461,index,weekly,FRED_CHICAGO_FED,National Financial Conditions Index,https://fred.stlouisfed.org/series/NFCI,https://www.chicagofed.org/research/data/nfci/current-data,2026-08-31T14:34:09.166970Z,none
2010-12-17,financial_conditions_index,us,USA,,Chicago Fed National Financial Conditions Index,-0.476,index,weekly,FRED_CHICAGO_FED,National Financial Conditions Index,https://fred.stlouisfed.org/series/NFCI,https://www.chicagofed.org/research/data/nfci/current-data,2026-08-31T14:34:09.166970Z,none
2010-12-24,financial_conditions_index,us,USA,,Chicago Fed National Financial Conditions Index,-0.495,index,weekly,FRED_CHICAGO_FED,National Financial Conditions Index,https://fred.stlouisfed.org/series/NFCI,https://www.chicagofed.org/research/data/nfci/current-data,2026-08-31T14:34:09.166970Z,none
2010-12-31,financial_conditions_index,us,USA,,Chicago Fed National Financial Conditions Index,-0.516,index,weekly,FRED_CHICAGO_FED,National Financial Conditions Index,https://fred.stlouisfed.org/series/NFCI,https://www.chicagofed.org/research/data/nfci/current-data,2026-08-31T14:34:09.166970Z,none
2011-01-07,financial_conditions_index,us,USA,,Chicago Fed National Financial Conditions Index,-0.538,index,weekly,FRED_CHICAGO_FED,National Financial Conditions Index,https://fred.stlouisfed.org/series/NFCI,https://www.chicagofed.org/research/data/nfci/current-data,2026-08-31T14:34:09.166970Z,none
2011-01-14,financial_conditions_index,us,USA,,Chicago Fed National Financial Conditions Index,-0.558,index,weekly,FRED_CHICAGO_FED,National Financial Conditions Index,https://fred.stlouisfed.org/series/NFCI,https://www.chicagofed.org/research/data/nfci/current-data,2026-08-31T14:34:09.166970Z,none
2011-01-21,financial_conditions_index,us,USA,,Chicago Fed National Financial Conditions Index,-0.576,index,weekly,FRED_CHICAGO_FED,National Financial Conditions Index,https://fred.stlouisfed.org/series/NFCI,https://www.chicagofed.org/research/data/nfci/current-data,2026-08-31T14:34:09.166970Z,none
2011-01-28,financial_conditions_index,us,USA,,Chicago Fed National Financial Conditions Index,-0.588,index,weekly,FRED_CHICAGO_FED,National Financial Conditions Index,https://fred.stlouisfed.org/series/NFCI,https://www.chicagofed.org/research/data/nfci/current-data,2026-08-31T14:34:09.166970Z,none
2011-02-04,financial_conditions_index,us,USA,,Chicago Fed National Financial Conditions Index,-0.593,index,weekly,FRED_CHICAGO_FED,National Financial Conditions Index,https://fred.stlouisfed.org/series/NFCI,https://www.chicagofed.org/research/data/nfci/current-data,2026-08-31T14:34:09.166970Z,none
2011-02-11,financial_conditions_index,us,USA,,Chicago Fed National Financial Conditions Index,-0.591,index,weekly,FRED_CHICAGO_FED,National Financial Conditions Index,https://fred.stlouisfed.org/series/NFCI,https://www.chicagofed.org/research/data/nfci/current-data,2026-08-31T14:34:09.166970Z,none
2011-02-18,financial_conditions_index,us,USA,,Chicago Fed National Financial Conditions Index,-0.582,index,weekly,FRED_CHICAGO_FED,National Financial Conditions Index,https://fred.stlouisfed.org/series/NFCI,https://www.chicagofed.org/research/data/nfci/current-data,2026-08-31T14:34:09.166970Z,none
2011-02-25,financial_conditions_index,us,USA,,Chicago Fed National Financial Conditions Index,-0.568,index,weekly,FRED_CHICAGO_FED,National Financial Conditions Index,https://fred.stlouisfed.org/series/NFCI,https://www.chicagofed.org/research/data/nfci/current-data,2026-08-31T14:34:09.166970Z,none
2011-03-04,financial_conditions_index,us,USA,,Chicago Fed National Financial Conditions Index,-0.554,index,weekly,FRED_CHICAGO_FED,National Financial Conditions Index,https://fred.stlouisfed.org/series/NFCI,https://www.chicagofed.org/research/data/nfci/current-data,2026-08-31T14:34:09.166970Z,none
2011-03-11,financial_conditions_index,us,USA,,Chicago Fed National Financial Conditions Index,-0.544,index,weekly,FRED_CHICAGO_FED,National Financial Conditions Index,https://fred.stlouisfed.org/series/NFCI,https://www.chicagofed.org/research/data/nfci/current-data,2026-08-31T14:34:09.166970Z,none
2011-03-18,financial_conditions_index,us,USA,,Chicago Fed National Financial Conditions Index,-0.539,index,weekly,FRED_CHICAGO_FED,National Financial Conditions Index,https://fred.stlouisfed.org/series/NFCI,https://www.chicagofed.org/research/data/nfci/current-data,2026-08-31T14:34:09.166970Z,none
2011-03-25,financial_conditions_index,us,USA,,Chicago Fed National Financial Conditions Index,-0.544,index,weekly,FRED_CHICAGO_FED,National Financial Conditions Index,https://fred.stlouisfed.org/series/NFCI,https://www.chicagofed.org/research/data/nfci/current-data,2026-08-31T14:34:09.166970Z,none
2011-04-01,financial_conditions_index,us,USA,,Chicago Fed National Financial Conditions Index,-0.554,index,weekly,FRED_CHICAGO_FED,National Financial Conditions Index,https://fred.stlouisfed.org/series/NFCI,https://www.chicagofed.org/research/data/nfci/current-data,2026-08-31T14:34:09.166970Z,none
2011-04-08,financial_conditions_index,us,USA,,Chicago Fed National Financial Conditions Index,-0.568,index,weekly,FRED_CHICAGO_FED,National Financial Conditions Index,https://fred.stlouisfed.org/series/NFCI,https://www.chicagofed.org/research/data/nfci/current-data,2026-08-31T14:34:09.166970Z,none
2011-04-15,financial_conditions_index,us,USA,,Chicago Fed National Financial Conditions Index,-0.581,index,weekly,FRED_CHICAGO_FED,National Financial Conditions Index,https://fred.stlouisfed.org/series/NFCI,https://www.chicagofed.org/research/data/nfci/current-data,2026-08-31T14:34:09.166970Z,none
2011-04-22,financial_conditions_index,us,USA,,Chicago Fed National Financial Conditions Index,-0.591,index,weekly,FRED_CHICAGO_FED,National Financial Conditions Index,https://fred.stlouisfed.org/series/NFCI,https://www.chicagofed.org/research/data/nfci/current-data,2026-08-31T14:34:09.166970Z,none
2011-04-29,financial_conditions_index,us,USA,,Chicago Fed National Financial Conditions Index,-0.595,index,weekly,FRED_CHICAGO_FED,National Financial Conditions Index,https://fred.stlouisfed.org/series/NFCI,https://www.chicagofed.org/research/data/nfci/current-data,2026-08-31T14:34:09.166970Z,none
2011-05-06,financial_conditions_index,us,USA,,Chicago Fed National Financial Conditions Index,-0.592,index,weekly,FRED_CHICAGO_FED,National Financial Conditions Index,https://fred.stlouisfed.org/series/NFCI,https://www.chicagofed.org/research/data/nfci/current-data,2026-08-31T14:34:09.166970Z,none
2011-05-13,financial_conditions_index,us,USA,,Chicago Fed National Financial Conditions Index,-0.582,index,weekly,FRED_CHICAGO_FED,National Financial Conditions Index,https://fred.stlouisfed.org/series/NFCI,https://www.chicagofed.org/research/data/nfci/current-data,2026-08-31T14:34:09.166970Z,none
2011-05-20,financial_conditions_index,us,USA,,Chicago Fed National Financial Conditions Index,-0.57,index,weekly,FRED_CHICAGO_FED,National Financial Conditions Index,https://fred.stlouisfed.org/series/NFCI,https://www.chicagofed.org/research/data/nfci/current-data,2026-08-31T14:34:09.166970Z,none
2011-05-27,financial_conditions_index,us,USA,,Chicago Fed National Financial Conditions Index,-0.557,index,weekly,FRED_CHICAGO_FED,National Financial Conditions Index,https://fred.stlouisfed.org/series/NFCI,https://www.chicagofed.org/research/data/nfci/current-data,2026-08-31T14:34:09.166970Z,none
2011-06-03,financial_conditions_index,us,USA,,Chicago Fed National Financial Conditions Index,-0.543,index,weekly,FRED_CHICAGO_FED,National Financial Conditions Index,https://fred.stlouisfed.org/series/NFCI,https://www.chicagofed.org/research/data/nfci/current-data,2026-08-31T14:34:09.166970Z,none
2011-06-10,financial_conditions_index,us,USA,,Chicago Fed National Financial Conditions Index,-0.531,index,weekly,FRED_CHICAGO_FED,National Financial Conditions Index,https://fred.stlouisfed.org/series/NFCI,https://www.chicagofed.org/research/data/nfci/current-data,2026-08-31T14:34:09.166970Z,none
2011-06-17,financial_conditions_index,us,USA,,Chicago Fed National Financial Conditions Index,-0.522,index,weekly,FRED_CHICAGO_FED,National Financial Conditions Index,https://fred.stlouisfed.org/series/NFCI,https://www.chicagofed.org/research/data/nfci/current-data,2026-08-31T14:34:09.166970Z,none
2011-06-24,financial_conditions_index,us,USA,,Chicago Fed National Financial Conditions Index,-0.515,index,weekly,FRED_CHICAGO_FED,National Financial Conditions Index,https://fred.stlouisfed.org/series/NFCI,https://www.chicagofed.org/research/data/nfci/current-data,2026-08-31T14:34:09.166970Z,none
2011-07-01,financial_conditions_index,us,USA,,Chicago Fed National Financial Conditions Index,-0.508,index,weekly,FRED_CHICAGO_FED,National Financial Conditions Index,https://fred.stlouisfed.org/series/NFCI,https://www.chicagofed.org/research/data/nfci/current-data,2026-08-31T14:34:09.166970Z,none
2011-07-08,financial_conditions_index,us,USA,,Chicago Fed National Financial Conditions Index,-0.495,index,weekly,FRED_CHICAGO_FED,National Financial Conditions Index,https://fred.stlouisfed.org/series/NFCI,https://www.chicagofed.org/research/data/nfci/current-data,2026-08-31T14:34:09.166970Z,none
2011-07-15,financial_conditions_index,us,USA,,Chicago Fed National Financial Conditions Index,-0.472,index,weekly,FRED_CHICAGO_FED,National Financial Conditions Index,https://fred.stlouisfed.org/series/NFCI,https://www.chicagofed.org/research/data/nfci/current-data,2026-08-31T14:34:09.166970Z,none
2011-07-22,financial_conditions_index,us,USA,,Chicago Fed National Financial Conditions Index,-0.438,index,weekly,FRED_CHICAGO_FED,National Financial Conditions Index,https://fred.stlouisfed.org/series/NFCI,https://www.chicagofed.org/research/data/nfci/current-data,2026-08-31T14:34:09.166970Z,none
2011-07-29,financial_conditions_index,us,USA,,Chicago Fed National Financial Conditions Index,-0.389,index,weekly,FRED_CHICAGO_FED,National Financial Conditions Index,https://fred.stlouisfed.org/series/NFCI,https://www.chicagofed.org/research/data/nfci/current-data,2026-08-31T14:34:09.166970Z,none
2011-08-05,financial_conditions_index,us,USA,,Chicago Fed National Financial Conditions Index,-0.326,index,weekly,FRED_CHICAGO_FED,National Financial Conditions Index,https://fred.stlouisfed.org/series/NFCI,https://www.chicagofed.org/research/data/nfci/current-data,2026-08-31T14:34:09.166970Z,none
2011-08-12,financial_conditions_index,us,USA,,Chicago Fed National Financial Conditions Index,-0.255,index,weekly,FRED_CHICAGO_FED,National Financial Conditions Index,https://fred.stlouisfed.org/series/NFCI,https://www.chicagofed.org/research/data/nfci/current-data,2026-08-31T14:34:09.166970Z,none
2011-08-19,financial_conditions_index,us,USA,,Chicago Fed National Financial Conditions Index,-0.192,index,weekly,FRED_CHICAGO_FED,National Financial Conditions Index,https://fred.stlouisfed.org/series/NFCI,https://www.chicagofed.org/research/data/nfci/current-data,2026-08-31T14:34:09.166970Z,none
2011-08-26,financial_conditions_index,us,USA,,Chicago Fed National Financial Conditions Index,-0.134,index,weekly,FRED_CHICAGO_FED,National Financial Conditions Index,https://fred.stlouisfed.org/series/NFCI,https://www.chicagofed.org/research/data/nfci/current-data,2026-08-31T14:34:09.166970Z,none
2011-09-02,financial_conditions_index,us,USA,,Chicago Fed National Financial Conditions Index,-0.092,index,weekly,FRED_CHICAGO_FED,National Financial Conditions Index,https://fred.stlouisfed.org/series/NFCI,https://www.chicagofed.org/research/data/nfci/current-data,2026-08-31T14:34:09.166970Z,none
2011-09-09,financial_conditions_index,us,USA,,Chicago Fed National Financial Conditions Index,-0.06,index,weekly,FRED_CHICAGO_FED,National Financial Conditions Index,https://fred.stlouisfed.org/series/NFCI,https://www.chicagofed.org/research/data/nfci/current-data,2026-08-31T14:34:09.166970Z,none
2011-09-16,financial_conditions_index,us,USA,,Chicago Fed National Financial Conditions Index,-0.042,index,weekly,FRED_CHICAGO_FED,National Financial Conditions Index,https://fred.stlouisfed.org/series/NFCI,https://www.chicagofed.org/research/data/nfci/current-data,2026-08-31T14:34:09.166970Z,none
2011-09-23,financial_conditions_index,us,USA,,Chicago Fed National Financial Conditions Index,-0.033,index,weekly,FRED_CHICAGO_FED,National Financial Conditions Index,https://fred.stlouisfed.org/series/NFCI,https://www.chicagofed.org/research/data/nfci/current-data,2026-08-31T14:34:09.166970Z,none
2011-09-30,financial_conditions_index,us,USA,,Chicago Fed National Financial Conditions Index,-0.036,index,weekly,FRED_CHICAGO_FED,National Financial Conditions Index,https://fred.stlouisfed.org/series/NFCI,https://www.chicagofed.org/research/data/nfci/current-data,2026-08-31T14:34:09.166970Z,none
2011-10-07,financial_conditions_index,us,USA,,Chicago Fed National Financial Conditions Index,-0.048,index,weekly,FRED_CHICAGO_FED,National Financial Conditions Index,https://fred.stlouisfed.org/series/NFCI,https://www.chicagofed.org/research/data/nfci/current-data,2026-08-31T14:34:09.166970Z,none
2011-10-14,financial_conditions_index,us,USA,,Chicago Fed National Financial Conditions Index,-0.069,index,weekly,FRED_CHICAGO_FED,National Financial Conditions Index,https://fred.stlouisfed.org/series/NFCI,https://www.chicagofed.org/research/data/nfci/current-data,2026-08-31T14:34:09.166970Z,none
2011-10-21,financial_conditions_index,us,USA,,Chicago Fed National Financial Conditions Index,-0.087,index,weekly,FRED_CHICAGO_FED,National Financial Conditions Index,https://fred.stlouisfed.org/series/NFCI,https://www.chicagofed.org/research/data/nfci/current-data,2026-08-31T14:34:09.166970Z,none
2011-10-28,financial_conditions_index,us,USA,,Chicago Fed National Financial Conditions Index,-0.1,index,weekly,FRED_CHICAGO_FED,National Financial Conditions Index,https://fred.stlouisfed.org/series/NFCI,https://www.chicagofed.org/research/data/nfci/current-data,2026-08-31T14:34:09.166970Z,none
2011-11-04,financial_conditions_index,us,USA,,Chicago Fed National Financial Conditions Index,-0.102,index,weekly,FRED_CHICAGO_FED,National Financial Conditions Index,https://fred.stlouisfed.org/series/NFCI,https://www.chicagofed.org/research/data/nfci/current-data,2026-08-31T14:34:09.166970Z,none
2011-11-11,financial_conditions_index,us,USA,,Chicago Fed National Financial Conditions Index,-0.095,index,weekly,FRED_CHICAGO_FED,National Financial Conditions Index,https://fred.stlouisfed.org/series/NFCI,https://www.chicagofed.org/research/data/nfci/current-data,2026-08-31T14:34:09.166970Z,none
2011-11-18,financial_conditions_index,us,USA,,Chicago Fed National Financial Conditions Index,-0.083,index,weekly,FRED_CHICAGO_FED,National Financial Conditions Index,https://fred.stlouisfed.org/series/NFCI,https://www.chicagofed.org/research/data/nfci/current-data,2026-08-31T14:34:09.166970Z,none
2011-11-25,financial_conditions_index,us,USA,,Chicago Fed National Financial Conditions Index,-0.07,index,weekly,FRED_CHICAGO_FED,National Financial Conditions Index,https://fred.stlouisfed.org/series/NFCI,https://www.chicagofed.org/research/data/nfci/current-data,2026-08-31T14:34:09.166970Z,none
2011-12-02,financial_conditions_index,us,USA,,Chicago Fed National Financial Conditions Index,-0.068,index,weekly,FRED_CHICAGO_FED,National Financial Conditions Index,https://fred.stlouisfed.org/series/NFCI,https://www.chicagofed.org/research/data/nfci/current-data,2026-08-31T14:34:09.166970Z,none
2011-12-09,financial_conditions_index,us,USA,,Chicago Fed National Financial Conditions Index,-0.074,index,weekly,FRED_CHICAGO_FED,National Financial Conditions Index,https://fred.stlouisfed.org/series/NFCI,https://www.chicagofed.org/research/data/nfci/current-data,2026-08-31T14:34:09.166970Z,none
2011-12-16,financial_conditions_index,us,USA,,Chicago Fed National Financial Conditions Index,-0.088,index,weekly,FRED_CHICAGO_FED,National Financial Conditions Index,https://fred.stlouisfed.org/series/NFCI,https://www.chicagofed.org/research/data/nfci/current-data,2026-08-31T14:34:09.166970Z,none
2011-12-23,financial_conditions_index,us,USA,,Chicago Fed National Financial Conditions Index,-0.112,index,weekly,FRED_CHICAGO_FED,National Financial Conditions Index,https://fred.stlouisfed.org/series/NFCI,https://www.chicagofed.org/research/data/nfci/current-data,2026-08-31T14:34:09.166970Z,none
2011-12-30,financial_conditions_index,us,USA,,Chicago Fed National Financial Conditions Index,-0.146,index,weekly,FRED_CHICAGO_FED,National Financial Conditions Index,https://fred.stlouisfed.org/series/NFCI,https://www.chicagofed.org/research/data/nfci/current-data,2026-08-31T14:34:09.166970Z,none
2012-01-06,financial_conditions_index,us,USA,,Chicago Fed National Financial Conditions Index,-0.187,index,weekly,FRED_CHICAGO_FED,National Financial Conditions Index,https://fred.stlouisfed.org/series/NFCI,https://www.chicagofed.org/research/data/nfci/current-data,2026-08-31T14:34:09.166970Z,none
2012-01-13,financial_conditions_index,us,USA,,Chicago Fed National Financial Conditions Index,-0.233,index,weekly,FRED_CHICAGO_FED,National Financial Conditions Index,https://fred.stlouisfed.org/series/NFCI,https://www.chicagofed.org/research/data/nfci/current-data,2026-08-31T14:34:09.166970Z,none
2012-01-20,financial_conditions_index,us,USA,,Chicago Fed National Financial Conditions Index,-0.279,index,weekly,FRED_CHICAGO_FED,National Financial Conditions Index,https://fred.stlouisfed.org/series/NFCI,https://www.chicagofed.org/research/data/nfci/current-data,2026-08-31T14:34:09.166970Z,none
2012-01-27,financial_conditions_index,us,USA,,Chicago Fed National Financial Conditions Index,-0.32,index,weekly,FRED_CHICAGO_FED,National Financial Conditions Index,https://fred.stlouisfed.org/series/NFCI,https://www.chicagofed.org/research/data/nfci/current-data,2026-08-31T14:34:09.166970Z,none
2012-02-03,financial_conditions_index,us,USA,,Chicago Fed National Financial Conditions Index,-0.353,index,weekly,FRED_CHICAGO_FED,National Financial Conditions Index,https://fred.stlouisfed.org/series/NFCI,https://www.chicagofed.org/research/data/nfci/current-data,2026-08-31T14:34:09.166970Z,none
2012-02-10,financial_conditions_index,us,USA,,Chicago Fed National Financial Conditions Index,-0.377,index,weekly,FRED_CHICAGO_FED,National Financial Conditions Index,https://fred.stlouisfed.org/series/NFCI,https://www.chicagofed.org/research/data/nfci/current-data,2026-08-31T14:34:09.166970Z,none
2012-02-17,financial_conditions_index,us,USA,,Chicago Fed National Financial Conditions Index,-0.392,index,weekly,FRED_CHICAGO_FED,National Financial Conditions Index,https://fred.stlouisfed.org/series/NFCI,https://www.chicagofed.org/research/data/nfci/current-data,2026-08-31T14:34:09.166970Z,none
2012-02-24,financial_conditions_index,us,USA,,Chicago Fed National Financial Conditions Index,-0.405,index,weekly,FRED_CHICAGO_FED,National Financial Conditions Index,https://fred.stlouisfed.org/series/NFCI,https://www.chicagofed.org/research/data/nfci/current-data,2026-08-31T14:34:09.166970Z,none
2012-03-02,financial_conditions_index,us,USA,,Chicago Fed National Financial Conditions Index,-0.415,index,weekly,FRED_CHICAGO_FED,National Financial Conditions Index,https://fred.stlouisfed.org/series/NFCI,https://www.chicagofed.org/research/data/nfci/current-data,2026-08-31T14:34:09.166970Z,none
2012-03-09,financial_conditions_index,us,USA,,Chicago Fed National Financial Conditions Index,-0.424,index,weekly,FRED_CHICAGO_FED,National Financial Conditions Index,https://fred.stlouisfed.org/series/NFCI,https://www.chicagofed.org/research/data/nfci/current-data,2026-08-31T14:34:09.166970Z,none
2012-03-16,financial_conditions_index,us,USA,,Chicago Fed National Financial Conditions Index,-0.431,index,weekly,FRED_CHICAGO_FED,National Financial Conditions Index,https://fred.stlouisfed.org/series/NFCI,https://www.chicagofed.org/research/data/nfci/current-data,2026-08-31T14:34:09.166970Z,none
2012-03-23,financial_conditions_index,us,USA,,Chicago Fed National Financial Conditions Index,-0.434,index,weekly,FRED_CHICAGO_FED,National Financial Conditions Index,https://fred.stlouisfed.org/series/NFCI,https://www.chicagofed.org/research/data/nfci/current-data,2026-08-31T14:34:09.166970Z,none
2012-03-30,financial_conditions_index,us,USA,,Chicago Fed National Financial Conditions Index,-0.432,index,weekly,FRED_CHICAGO_FED,National Financial Conditions Index,https://fred.stlouisfed.org/series/NFCI,https://www.chicagofed.org/research/data/nfci/current-data,2026-08-31T14:34:09.166970Z,none
2012-04-06,financial_conditions_index,us,USA,,Chicago Fed National Financial Conditions Index,-0.425,index,weekly,FRED_CHICAGO_FED,National Financial Conditions Index,https://fred.stlouisfed.org/series/NFCI,https://www.chicagofed.org/research/data/nfci/current-data,2026-08-31T14:34:09.166970Z,none
2012-04-13,financial_conditions_index,us,USA,,Chicago Fed National Financial Conditions Index,-0.412,index,weekly,FRED_CHICAGO_FED,National Financial Conditions Index,https://fred.stlouisfed.org/series/NFCI,https://www.chicagofed.org/research/data/nfci/current-data,2026-08-31T14:34:09.166970Z,none
2012-04-20,financial_conditions_index,us,USA,,Chicago Fed National Financial Conditions Index,-0.397,index,weekly,FRED_CHICAGO_FED,National Financial Conditions Index,https://fred.stlouisfed.org/series/NFCI,https://www.chicagofed.org/research/data/nfci/current-data,2026-08-31T14:34:09.166970Z,none
2012-04-27,financial_conditions_index,us,USA,,Chicago Fed National Financial Conditions Index,-0.375,index,weekly,FRED_CHICAGO_FED,National Financial Conditions Index,https://fred.stlouisfed.org/series/NFCI,https://www.chicagofed.org/research/data/nfci/current-data,2026-08-31T14:34:09.166970Z,none
2012-05-04,financial_conditions_index,us,USA,,Chicago Fed National Financial Conditions Index,-0.349,index,weekly,FRED_CHICAGO_FED,National Financial Conditions Index,https://fred.stlouisfed.org/series/NFCI,https://www.chicagofed.org/research/data/nfci/current-data,2026-08-31T14:34:09.166970Z,none
2012-05-11,financial_conditions_index,us,USA,,Chicago Fed National Financial Conditions Index,-0.318,index,weekly,FRED_CHICAGO_FED,National Financial Conditions Index,https://fred.stlouisfed.org/series/NFCI,https://www.chicagofed.org/research/data/nfci/current-data,2026-08-31T14:34:09.166970Z,none
2012-05-18,financial_conditions_index,us,USA,,Chicago Fed National Financial Conditions Index,-0.285,index,weekly,FRED_CHICAGO_FED,National Financial Conditions Index,https://fred.stlouisfed.org/series/NFCI,https://www.chicagofed.org/research/data/nfci/current-data,2026-08-31T14:34:09.166970Z,none
2012-05-25,financial_conditions_index,us,USA,,Chicago Fed National Financial Conditions Index,-0.259,index,weekly,FRED_CHICAGO_FED,National Financial Conditions Index,https://fred.stlouisfed.org/series/NFCI,https://www.chicagofed.org/research/data/nfci/current-data,2026-08-31T14:34:09.166970Z,none
2012-06-01,financial_conditions_index,us,USA,,Chicago Fed National Financial Conditions Index,-0.241,index,weekly,FRED_CHICAGO_FED,National Financial Conditions Index,https://fred.stlouisfed.org/series/NFCI,https://www.chicagofed.org/research/data/nfci/current-data,2026-08-31T14:34:09.166970Z,none
2012-06-08,financial_conditions_index,us,USA,,Chicago Fed National Financial Conditions Index,-0.233,index,weekly,FRED_CHICAGO_FED,National Financial Conditions Index,https://fred.stlouisfed.org/series/NFCI,https://www.chicagofed.org/research/data/nfci/current-data,2026-08-31T14:34:09.166970Z,none
2012-06-15,financial_conditions_index,us,USA,,Chicago Fed National Financial Conditions Index,-0.239,index,weekly,FRED_CHICAGO_FED,National Financial Conditions Index,https://fred.stlouisfed.org/series/NFCI,https://www.chicagofed.org/research/data/nfci/current-data,2026-08-31T14:34:09.166970Z,none
2012-06-22,financial_conditions_index,us,USA,,Chicago Fed National Financial Conditions Index,-0.254,index,weekly,FRED_CHICAGO_FED,National Financial Conditions Index,https://fred.stlouisfed.org/series/NFCI,https://www.chicagofed.org/research/data/nfci/current-data,2026-08-31T14:34:09.166970Z,none
2012-06-29,financial_conditions_index,us,USA,,Chicago Fed National Financial Conditions Index,-0.273,index,weekly,FRED_CHICAGO_FED,National Financial Conditions Index,https://fred.stlouisfed.org/series/NFCI,https://www.chicagofed.org/research/data/nfci/current-data,2026-08-31T14:34:09.166970Z,none
2012-07-06,financial_conditions_index,us,USA,,Chicago Fed National Financial Conditions Index,-0.296,index,weekly,FRED_CHICAGO_FED,National Financial Conditions Index,https://fred.stlouisfed.org/series/NFCI,https://www.chicagofed.org/research/data/nfci/current-data,2026-08-31T14:34:09.166970Z,none
2012-07-13,financial_conditions_index,us,USA,,Chicago Fed National Financial Conditions Index,-0.32,index,weekly,FRED_CHICAGO_FED,National Financial Conditions Index,https://fred.stlouisfed.org/series/NFCI,https://www.chicagofed.org/research/data/nfci/current-data,2026-08-31T14:34:09.166970Z,none
2012-07-20,financial_conditions_index,us,USA,,Chicago Fed National Financial Conditions Index,-0.344,index,weekly,FRED_CHICAGO_FED,National Financial Conditions Index,https://fred.stlouisfed.org/series/NFCI,https://www.chicagofed.org/research/data/nfci/current-data,2026-08-31T14:34:09.166970Z,none
2012-07-27,financial_conditions_index,us,USA,,Chicago Fed National Financial Conditions Index,-0.365,index,weekly,FRED_CHICAGO_FED,National Financial Conditions Index,https://fred.stlouisfed.org/series/NFCI,https://www.chicagofed.org/research/data/nfci/current-data,2026-08-31T14:34:09.166970Z,none
2012-08-03,financial_conditions_index,us,USA,,Chicago Fed National Financial Conditions Index,-0.387,index,weekly,FRED_CHICAGO_FED,National Financial Conditions Index,https://fred.stlouisfed.org/series/NFCI,https://www.chicagofed.org/research/data/nfci/current-data,2026-08-31T14:34:09.166970Z,none
2012-08-10,financial_conditions_index,us,USA,,Chicago Fed National Financial Conditions Index,-0.406,index,weekly,FRED_CHICAGO_FED,National Financial Conditions Index,https://fred.stlouisfed.org/series/NFCI,https://www.chicagofed.org/research/data/nfci/current-data,2026-08-31T14:34:09.166970Z,none
2012-08-17,financial_conditions_index,us,USA,,Chicago Fed National Financial Conditions Index,-0.424,index,weekly,FRED_CHICAGO_FED,National Financial Conditions Index,https://fred.stlouisfed.org/series/NFCI,https://www.chicagofed.org/research/data/nfci/current-data,2026-08-31T14:34:09.166970Z,none
2012-08-24,financial_conditions_index,us,USA,,Chicago Fed National Financial Conditions Index,-0.442,index,weekly,FRED_CHICAGO_FED,National Financial Conditions Index,https://fred.stlouisfed.org/series/NFCI,https://www.chicagofed.org/research/data/nfci/current-data,2026-08-31T14:34:09.166970Z,none
2012-08-31,financial_conditions_index,us,USA,,Chicago Fed National Financial Conditions Index,-0.46,index,weekly,FRED_CHICAGO_FED,National Financial Conditions Index,https://fred.stlouisfed.org/series/NFCI,https://www.chicagofed.org/research/data/nfci/current-data,2026-08-31T14:34:09.166970Z,none
2012-09-07,financial_conditions_index,us,USA,,Chicago Fed National Financial Conditions Index,-0.478,index,weekly,FRED_CHICAGO_FED,National Financial Conditions Index,https://fred.stlouisfed.org/series/NFCI,https://www.chicagofed.org/research/data/nfci/current-data,2026-08-31T14:34:09.166970Z,none
2012-09-14,financial_conditions_index,us,USA,,Chicago Fed National Financial Conditions Index,-0.497,index,weekly,FRED_CHICAGO_FED,National Financial Conditions Index,https://fred.stlouisfed.org/series/NFCI,https://www.chicagofed.org/research/data/nfci/current-data,2026-08-31T14:34:09.166970Z,none
2012-09-21,financial_conditions_index,us,USA,,Chicago Fed National Financial Conditions Index,-0.513,index,weekly,FRED_CHICAGO_FED,National Financial Conditions Index,https://fred.stlouisfed.org/series/NFCI,https://www.chicagofed.org/research/data/nfci/current-data,2026-08-31T14:34:09.166970Z,none
2012-09-28,financial_conditions_index,us,USA,,Chicago Fed National Financial Conditions Index,-0.526,index,weekly,FRED_CHICAGO_FED,National Financial Conditions Index,https://fred.stlouisfed.org/series/NFCI,https://www.chicagofed.org/research/data/nfci/current-data,2026-08-31T14:34:09.166970Z,none
2012-10-05,financial_conditions_index,us,USA,,Chicago Fed National Financial Conditions Index,-0.537,index,weekly,FRED_CHICAGO_FED,National Financial Conditions Index,https://fred.stlouisfed.org/series/NFCI,https://www.chicagofed.org/research/data/nfci/current-data,2026-08-31T14:34:09.166970Z,none
2012-10-12,financial_conditions_index,us,USA,,Chicago Fed National Financial Conditions Index,-0.544,index,weekly,FRED_CHICAGO_FED,National Financial Conditions Index,https://fred.stlouisfed.org/series/NFCI,https://www.chicagofed.org/research/data/nfci/current-data,2026-08-31T14:34:09.166970Z,none
2012-10-19,financial_conditions_index,us,USA,,Chicago Fed National Financial Conditions Index,-0.549,index,weekly,FRED_CHICAGO_FED,National Financial Conditions Index,https://fred.stlouisfed.org/series/NFCI,https://www.chicagofed.org/research/data/nfci/current-data,2026-08-31T14:34:09.166970Z,none
2012-10-26,financial_conditions_index,us,USA,,Chicago Fed National Financial Conditions Index,-0.548,index,weekly,FRED_CHICAGO_FED,National Financial Conditions Index,https://fred.stlouisfed.org/series/NFCI,https://www.chicagofed.org/research/data/nfci/current-data,2026-08-31T14:34:09.166970Z,none
2012-11-02,financial_conditions_index,us,USA,,Chicago Fed National Financial Conditions Index,-0.547,index,weekly,FRED_CHICAGO_FED,National Financial Conditions Index,https://fred.stlouisfed.org/series/NFCI,https://www.chicagofed.org/research/data/nfci/current-data,2026-08-31T14:34:09.166970Z,none
2012-11-09,financial_conditions_index,us,USA,,Chicago Fed National Financial Conditions Index,-0.545,index,weekly,FRED_CHICAGO_FED,National Financial Conditions Index,https://fred.stlouisfed.org/series/NFCI,https://www.chicagofed.org/research/data/nfci/current-data,2026-08-31T14:34:09.166970Z,none
2012-11-16,financial_conditions_index,us,USA,,Chicago Fed National Financial Conditions Index,-0.545,index,weekly,FRED_CHICAGO_FED,National Financial Conditions Index,https://fred.stlouisfed.org/series/NFCI,https://www.chicagofed.org/research/data/nfci/current-data,2026-08-31T14:34:09.166970Z,none
2012-11-23,financial_conditions_index,us,USA,,Chicago Fed National Financial Conditions Index,-0.549,index,weekly,FRED_CHICAGO_FED,National Financial Conditions Index,https://fred.stlouisfed.org/series/NFCI,https://www.chicagofed.org/research/data/nfci/current-data,2026-08-31T14:34:09.166970Z,none
2012-11-30,financial_conditions_index,us,USA,,Chicago Fed National Financial Conditions Index,-0.554,index,weekly,FRED_CHICAGO_FED,National Financial Conditions Index,https://fred.stlouisfed.org/series/NFCI,https://www.chicagofed.org/research/data/nfci/current-data,2026-08-31T14:34:09.166970Z,none
2012-12-07,financial_conditions_index,us,USA,,Chicago Fed National Financial Conditions Index,-0.563,index,weekly,FRED_CHICAGO_FED,National Financial Conditions Index,https://fred.stlouisfed.org/series/NFCI,https://www.chicagofed.org/research/data/nfci/current-data,2026-08-31T14:34:09.166970Z,none
2012-12-14,financial_conditions_index,us,USA,,Chicago Fed National Financial Conditions Index,-0.574,index,weekly,FRED_CHICAGO_FED,National Financial Conditions Index,https://fred.stlouisfed.org/series/NFCI,https://www.chicagofed.org/research/data/nfci/current-data,2026-08-31T14:34:09.166970Z,none
2012-12-21,financial_conditions_index,us,USA,,Chicago Fed National Financial Conditions Index,-0.586,index,weekly,FRED_CHICAGO_FED,National Financial Conditions Index,https://fred.stlouisfed.org/series/NFCI,https://www.chicagofed.org/research/data/nfci/current-data,2026-08-31T14:34:09.166970Z,none
2012-12-28,financial_conditions_index,us,USA,,Chicago Fed National Financial Conditions Index,-0.598,index,weekly,FRED_CHICAGO_FED,National Financial Conditions Index,https://fred.stlouisfed.org/series/NFCI,https://www.chicagofed.org/research/data/nfci/current-data,2026-08-31T14:34:09.166970Z,none
2013-01-04,financial_conditions_index,us,USA,,Chicago Fed National Financial Conditions Index,-0.613,index,weekly,FRED_CHICAGO_FED,National Financial Conditions Index,https://fred.stlouisfed.org/series/NFCI,https://www.chicagofed.org/research/data/nfci/current-data,2026-08-31T14:34:09.166970Z,none
2013-01-11,financial_conditions_index,us,USA,,Chicago Fed National Financial Conditions Index,-0.625,index,weekly,FRED_CHICAGO_FED,National Financial Conditions Index,https://fred.stlouisfed.org/series/NFCI,https://www.chicagofed.org/research/data/nfci/current-data,2026-08-31T14:34:09.166970Z,none
2013-01-18,financial_conditions_index,us,USA,,Chicago Fed National Financial Conditions Index,-0.635,index,weekly,FRED_CHICAGO_FED,National Financial Conditions Index,https://fred.stlouisfed.org/series/NFCI,https://www.chicagofed.org/research/data/nfci/current-data,2026-08-31T14:34:09.166970Z,none
2013-01-25,financial_conditions_index,us,USA,,Chicago Fed National Financial Conditions Index,-0.642,index,weekly,FRED_CHICAGO_FED,National Financial Conditions Index,https://fred.stlouisfed.org/series/NFCI,https://www.chicagofed.org/research/data/nfci/current-data,2026-08-31T14:34:09.166970Z,none
2013-02-01,financial_conditions_index,us,USA,,Chicago Fed National Financial Conditions Index,-0.645,index,weekly,FRED_CHICAGO_FED,National Financial Conditions Index,https://fred.stlouisfed.org/series/NFCI,https://www.chicagofed.org/research/data/nfci/current-data,2026-08-31T14:34:09.166970Z,none
2013-02-08,financial_conditions_index,us,USA,,Chicago Fed National Financial Conditions Index,-0.647,index,weekly,FRED_CHICAGO_FED,National Financial Conditions Index,https://fred.stlouisfed.org/series/NFCI,https://www.chicagofed.org/research/data/nfci/current-data,2026-08-31T14:34:09.166970Z,none
2013-02-15,financial_conditions_index,us,USA,,Chicago Fed National Financial Conditions Index,-0.648,index,weekly,FRED_CHICAGO_FED,National Financial Conditions Index,https://fred.stlouisfed.org/series/NFCI,https://www.chicagofed.org/research/data/nfci/current-data,2026-08-31T14:34:09.166970Z,none
2013-02-22,financial_conditions_index,us,USA,,Chicago Fed National Financial Conditions Index,-0.649,index,weekly,FRED_CHICAGO_FED,National Financial Conditions Index,https://fred.stlouisfed.org/series/NFCI,https://www.chicagofed.org/research/data/nfci/current-data,2026-08-31T14:34:09.166970Z,none
2013-03-01,financial_conditions_index,us,USA,,Chicago Fed National Financial Conditions Index,-0.649,index,weekly,FRED_CHICAGO_FED,National Financial Conditions Index,https://fred.stlouisfed.org/series/NFCI,https://www.chicagofed.org/research/data/nfci/current-data,2026-08-31T14:34:09.166970Z,none
2013-03-08,financial_conditions_index,us,USA,,Chicago Fed National Financial Conditions Index,-0.651,index,weekly,FRED_CHICAGO_FED,National Financial Conditions Index,https://fred.stlouisfed.org/series/NFCI,https://www.chicagofed.org/research/data/nfci/current-data,2026-08-31T14:34:09.166970Z,none
2013-03-15,financial_conditions_index,us,USA,,Chicago Fed National Financial Conditions Index,-0.654,index,weekly,FRED_CHICAGO_FED,National Financial Conditions Index,https://fred.stlouisfed.org/series/NFCI,https://www.chicagofed.org/research/data/nfci/current-data,2026-08-31T14:34:09.166970Z,none
2013-03-22,financial_conditions_index,us,USA,,Chicago Fed National Financial Conditions Index,-0.657,index,weekly,FRED_CHICAGO_FED,National Financial Conditions Index,https://fred.stlouisfed.org/series/NFCI,https://www.chicagofed.org/research/data/nfci/current-data,2026-08-31T14:34:09.166970Z,none
2013-03-29,financial_conditions_index,us,USA,,Chicago Fed National Financial Conditions Index,-0.662,index,weekly,FRED_CHICAGO_FED,National Financial Conditions Index,https://fred.stlouisfed.org/series/NFCI,https://www.chicagofed.org/research/data/nfci/current-data,2026-08-31T14:34:09.166970Z,none
2013-04-05,financial_conditions_index,us,USA,,Chicago Fed National Financial Conditions Index,-0.669,index,weekly,FRED_CHICAGO_FED,National Financial Conditions Index,https://fred.stlouisfed.org/series/NFCI,https://www.chicagofed.org/research/data/nfci/current-data,2026-08-31T14:34:09.166970Z,none
2013-04-12,financial_conditions_index,us,USA,,Chicago Fed National Financial Conditions Index,-0.679,index,weekly,FRED_CHICAGO_FED,National Financial Conditions Index,https://fred.stlouisfed.org/series/NFCI,https://www.chicagofed.org/research/data/nfci/current-data,2026-08-31T14:34:09.166970Z,none
2013-04-19,financial_conditions_index,us,USA,,Chicago Fed National Financial Conditions Index,-0.69,index,weekly,FRED_CHICAGO_FED,National Financial Conditions Index,https://fred.stlouisfed.org/series/NFCI,https://www.chicagofed.org/research/data/nfci/current-data,2026-08-31T14:34:09.166970Z,none
2013-04-26,financial_conditions_index,us,USA,,Chicago Fed National Financial Conditions Index,-0.702,index,weekly,FRED_CHICAGO_FED,National Financial Conditions Index,https://fred.stlouisfed.org/series/NFCI,https://www.chicagofed.org/research/data/nfci/current-data,2026-08-31T14:34:09.166970Z,none
2013-05-03,financial_conditions_index,us,USA,,Chicago Fed National Financial Conditions Index,-0.712,index,weekly,FRED_CHICAGO_FED,National Financial Conditions Index,https://fred.stlouisfed.org/series/NFCI,https://www.chicagofed.org/research/data/nfci/current-data,2026-08-31T14:34:09.166970Z,none
2013-05-10,financial_conditions_index,us,USA,,Chicago Fed National Financial Conditions Index,-0.716,index,weekly,FRED_CHICAGO_FED,National Financial Conditions Index,https://fred.stlouisfed.org/series/NFCI,https://www.chicagofed.org/research/data/nfci/current-data,2026-08-31T14:34:09.166970Z,none
2013-05-17,financial_conditions_index,us,USA,,Chicago Fed National Financial Conditions Index,-0.714,index,weekly,FRED_CHICAGO_FED,National Financial Conditions Index,https://fred.stlouisfed.org/series/NFCI,https://www.chicagofed.org/research/data/nfci/current-data,2026-08-31T14:34:09.166970Z,none
2013-05-24,financial_conditions_index,us,USA,,Chicago Fed National Financial Conditions Index,-0.704,index,weekly,FRED_CHICAGO_FED,National Financial Conditions Index,https://fred.stlouisfed.org/series/NFCI,https://www.chicagofed.org/research/data/nfci/current-data,2026-08-31T14:34:09.166970Z,none
2013-05-31,financial_conditions_index,us,USA,,Chicago Fed National Financial Conditions Index,-0.688,index,weekly,FRED_CHICAGO_FED,National Financial Conditions Index,https://fred.stlouisfed.org/series/NFCI,https://www.chicagofed.org/research/data/nfci/current-data,2026-08-31T14:34:09.166970Z,none
2013-06-07,financial_conditions_index,us,USA,,Chicago Fed National Financial Conditions Index,-0.669,index,weekly,FRED_CHICAGO_FED,National Financial Conditions Index,https://fred.stlouisfed.org/series/NFCI,https://www.chicagofed.org/research/data/nfci/current-data,2026-08-31T14:34:09.166970Z,none
2013-06-14,financial_conditions_index,us,USA,,Chicago Fed National Financial Conditions Index,-0.65,index,weekly,FRED_CHICAGO_FED,National Financial Conditions Index,https://fred.stlouisfed.org/series/NFCI,https://www.chicagofed.org/research/data/nfci/current-data,2026-08-31T14:34:09.166970Z,none
2013-06-21,financial_conditions_index,us,USA,,Chicago Fed National Financial Conditions Index,-0.635,index,weekly,FRED_CHICAGO_FED,National Financial Conditions Index,https://fred.stlouisfed.org/series/NFCI,https://www.chicagofed.org/research/data/nfci/current-data,2026-08-31T14:34:09.166970Z,none
2013-06-28,financial_conditions_index,us,USA,,Chicago Fed National Financial Conditions Index,-0.628,index,weekly,FRED_CHICAGO_FED,National Financial Conditions Index,https://fred.stlouisfed.org/series/NFCI,https://www.chicagofed.org/research/data/nfci/current-data,2026-08-31T14:34:09.166970Z,none
2013-07-05,financial_conditions_index,us,USA,,Chicago Fed National Financial Conditions Index,-0.628,index,weekly,FRED_CHICAGO_FED,National Financial Conditions Index,https://fred.stlouisfed.org/series/NFCI,https://www.chicagofed.org/research/data/nfci/current-data,2026-08-31T14:34:09.166970Z,none
2013-07-12,financial_conditions_index,us,USA,,Chicago Fed National Financial Conditions Index,-0.635,index,weekly,FRED_CHICAGO_FED,National Financial Conditions Index,https://fred.stlouisfed.org/series/NFCI,https://www.chicagofed.org/research/data/nfci/current-data,2026-08-31T14:34:09.166970Z,none
2013-07-19,financial_conditions_index,us,USA,,Chicago Fed National Financial Conditions Index,-0.647,index,weekly,FRED_CHICAGO_FED,National Financial Conditions Index,https://fred.stlouisfed.org/series/NFCI,https://www.chicagofed.org/research/data/nfci/current-data,2026-08-31T14:34:09.166970Z,none
2013-07-26,financial_conditions_index,us,USA,,Chicago Fed National Financial Conditions Index,-0.658,index,weekly,FRED_CHICAGO_FED,National Financial Conditions Index,https://fred.stlouisfed.org/series/NFCI,https://www.chicagofed.org/research/data/nfci/current-data,2026-08-31T14:34:09.166970Z,none
2013-08-02,financial_conditions_index,us,USA,,Chicago Fed National Financial Conditions Index,-0.667,index,weekly,FRED_CHICAGO_FED,National Financial Conditions Index,https://fred.stlouisfed.org/series/NFCI,https://www.chicagofed.org/research/data/nfci/current-data,2026-08-31T14:34:09.166970Z,none
2013-08-09,financial_conditions_index,us,USA,,Chicago Fed National Financial Conditions Index,-0.671,index,weekly,FRED_CHICAGO_FED,National Financial Conditions Index,https://fred.stlouisfed.org/series/NFCI,https://www.chicagofed.org/research/data/nfci/current-data,2026-08-31T14:34:09.166970Z,none
2013-08-16,financial_conditions_index,us,USA,,Chicago Fed National Financial Conditions Index,-0.67,index,weekly,FRED_CHICAGO_FED,National Financial Conditions Index,https://fred.stlouisfed.org/series/NFCI,https://www.chicagofed.org/research/data/nfci/current-data,2026-08-31T14:34:09.166970Z,none
2013-08-23,financial_conditions_index,us,USA,,Chicago Fed National Financial Conditions Index,-0.667,index,weekly,FRED_CHICAGO_FED,National Financial Conditions Index,https://fred.stlouisfed.org/series/NFCI,https://www.chicagofed.org/research/data/nfci/current-data,2026-08-31T14:34:09.166970Z,none
2013-08-30,financial_conditions_index,us,USA,,Chicago Fed National Financial Conditions Index,-0.663,index,weekly,FRED_CHICAGO_FED,National Financial Conditions Index,https://fred.stlouisfed.org/series/NFCI,https://www.chicagofed.org/research/data/nfci/current-data,2026-08-31T14:34:09.166970Z,none
2013-09-06,financial_conditions_index,us,USA,,Chicago Fed National Financial Conditions Index,-0.661,index,weekly,FRED_CHICAGO_FED,National Financial Conditions Index,https://fred.stlouisfed.org/series/NFCI,https://www.chicagofed.org/research/data/nfci/current-data,2026-08-31T14:34:09.166970Z,none
2013-09-13,financial_conditions_index,us,USA,,Chicago Fed National Financial Conditions Index,-0.663,index,weekly,FRED_CHICAGO_FED,National Financial Conditions Index,https://fred.stlouisfed.org/series/NFCI,https://www.chicagofed.org/research/data/nfci/current-data,2026-08-31T14:34:09.166970Z,none
2013-09-20,financial_conditions_index,us,USA,,Chicago Fed National Financial Conditions Index,-0.667,index,weekly,FRED_CHICAGO_FED,National Financial Conditions Index,https://fred.stlouisfed.org/series/NFCI,https://www.chicagofed.org/research/data/nfci/current-data,2026-08-31T14:34:09.166970Z,none
2013-09-27,financial_conditions_index,us,USA,,Chicago Fed National Financial Conditions Index,-0.675,index,weekly,FRED_CHICAGO_FED,National Financial Conditions Index,https://fred.stlouisfed.org/series/NFCI,https://www.chicagofed.org/research/data/nfci/current-data,2026-08-31T14:34:09.166970Z,none
2013-10-04,financial_conditions_index,us,USA,,Chicago Fed National Financial Conditions Index,-0.684,index,weekly,FRED_CHICAGO_FED,National Financial Conditions Index,https://fred.stlouisfed.org/series/NFCI,https://www.chicagofed.org/research/data/nfci/current-data,2026-08-31T14:34:09.166970Z,none
2013-10-11,financial_conditions_index,us,USA,,Chicago Fed National Financial Conditions Index,-0.696,index,weekly,FRED_CHICAGO_FED,National Financial Conditions Index,https://fred.stlouisfed.org/series/NFCI,https://www.chicagofed.org/research/data/nfci/current-data,2026-08-31T14:34:09.166970Z,none
2013-10-18,financial_conditions_index,us,USA,,Chicago Fed National Financial Conditions Index,-0.71,index,weekly,FRED_CHICAGO_FED,National Financial Conditions Index,https://fred.stlouisfed.org/series/NFCI,https://www.chicagofed.org/research/data/nfci/current-data,2026-08-31T14:34:09.166970Z,none
2013-10-25,financial_conditions_index,us,USA,,Chicago Fed National Financial Conditions Index,-0.724,index,weekly,FRED_CHICAGO_FED,National Financial Conditions Index,https://fred.stlouisfed.org/series/NFCI,https://www.chicagofed.org/research/data/nfci/current-data,2026-08-31T14:34:09.166970Z,none
2013-11-01,financial_conditions_index,us,USA,,Chicago Fed National Financial Conditions Index,-0.736,index,weekly,FRED_CHICAGO_FED,National Financial Conditions Index,https://fred.stlouisfed.org/series/NFCI,https://www.chicagofed.org/research/data/nfci/current-data,2026-08-31T14:34:09.166970Z,none
2013-11-08,financial_conditions_index,us,USA,,Chicago Fed National Financial Conditions Index,-0.746,index,weekly,FRED_CHICAGO_FED,National Financial Conditions Index,https://fred.stlouisfed.org/series/NFCI,https://www.chicagofed.org/research/data/nfci/current-data,2026-08-31T14:34:09.166970Z,none
2013-11-15,financial_conditions_index,us,USA,,Chicago Fed National Financial Conditions Index,-0.755,index,weekly,FRED_CHICAGO_FED,National Financial Conditions Index,https://fred.stlouisfed.org/series/NFCI,https://www.chicagofed.org/research/data/nfci/current-data,2026-08-31T14:34:09.166970Z,none
2013-11-22,financial_conditions_index,us,USA,,Chicago Fed National Financial Conditions Index,-0.762,index,weekly,FRED_CHICAGO_FED,National Financial Conditions Index,https://fred.stlouisfed.org/series/NFCI,https://www.chicagofed.org/research/data/nfci/current-data,2026-08-31T14:34:09.166970Z,none
2013-11-29,financial_conditions_index,us,USA,,Chicago Fed National Financial Conditions Index,-0.767,index,weekly,FRED_CHICAGO_FED,National Financial Conditions Index,https://fred.stlouisfed.org/series/NFCI,https://www.chicagofed.org/research/data/nfci/current-data,2026-08-31T14:34:09.166970Z,none
2013-12-06,financial_conditions_index,us,USA,,Chicago Fed National Financial Conditions Index,-0.771,index,weekly,FRED_CHICAGO_FED,National Financial Conditions Index,https://fred.stlouisfed.org/series/NFCI,https://www.chicagofed.org/research/data/nfci/current-data,2026-08-31T14:34:09.166970Z,none
2013-12-13,financial_conditions_index,us,USA,,Chicago Fed National Financial Conditions Index,-0.774,index,weekly,FRED_CHICAGO_FED,National Financial Conditions Index,https://fred.stlouisfed.org/series/NFCI,https://www.chicagofed.org/research/data/nfci/current-data,2026-08-31T14:34:09.166970Z,none
2013-12-20,financial_conditions_index,us,USA,,Chicago Fed National Financial Conditions Index,-0.776,index,weekly,FRED_CHICAGO_FED,National Financial Conditions Index,https://fred.stlouisfed.org/series/NFCI,https://www.chicagofed.org/research/data/nfci/current-data,2026-08-31T14:34:09.166970Z,none
2013-12-27,financial_conditions_index,us,USA,,Chicago Fed National Financial Conditions Index,-0.776,index,weekly,FRED_CHICAGO_FED,National Financial Conditions Index,https://fred.stlouisfed.org/series/NFCI,https://www.chicagofed.org/research/data/nfci/current-data,2026-08-31T14:34:09.166970Z,none
2014-01-03,financial_conditions_index,us,USA,,Chicago Fed National Financial Conditions Index,-0.774,index,weekly,FRED_CHICAGO_FED,National Financial Conditions Index,https://fred.stlouisfed.org/series/NFCI,https://www.chicagofed.org/research/data/nfci/current-data,2026-08-31T14:34:09.166970Z,none
2014-01-10,financial_conditions_index,us,USA,,Chicago Fed National Financial Conditions Index,-0.771,index,weekly,FRED_CHICAGO_FED,National Financial Conditions Index,https://fred.stlouisfed.org/series/NFCI,https://www.chicagofed.org/research/data/nfci/current-data,2026-08-31T14:34:09.166970Z,none
2014-01-17,financial_conditions_index,us,USA,,Chicago Fed National Financial Conditions Index,-0.768,index,weekly,FRED_CHICAGO_FED,National Financial Conditions Index,https://fred.stlouisfed.org/series/NFCI,https://www.chicagofed.org/research/data/nfci/current-data,2026-08-31T14:34:09.166970Z,none
2014-01-24,financial_conditions_index,us,USA,,Chicago Fed National Financial Conditions Index,-0.764,index,weekly,FRED_CHICAGO_FED,National Financial Conditions Index,https://fred.stlouisfed.org/series/NFCI,https://www.chicagofed.org/research/data/nfci/current-data,2026-08-31T14:34:09.166970Z,none
2014-01-31,financial_conditions_index,us,USA,,Chicago Fed National Financial Conditions Index,-0.761,index,weekly,FRED_CHICAGO_FED,National Financial Conditions Index,https://fred.stlouisfed.org/series/NFCI,https://www.chicagofed.org/research/data/nfci/current-data,2026-08-31T14:34:09.166970Z,none
2014-02-07,financial_conditions_index,us,USA,,Chicago Fed National Financial Conditions Index,-0.762,index,weekly,FRED_CHICAGO_FED,National Financial Conditions Index,https://fred.stlouisfed.org/series/NFCI,https://www.chicagofed.org/research/data/nfci/current-data,2026-08-31T14:34:09.166970Z,none
2014-02-14,financial_conditions_index,us,USA,,Chicago Fed National Financial Conditions Index,-0.766,index,weekly,FRED_CHICAGO_FED,National Financial Conditions Index,https://fred.stlouisfed.org/series/NFCI,https://www.chicagofed.org/research/data/nfci/current-data,2026-08-31T14:34:09.166970Z,none
2014-02-21,financial_conditions_index,us,USA,,Chicago Fed National Financial Conditions Index,-0.77,index,weekly,FRED_CHICAGO_FED,National Financial Conditions Index,https://fred.stlouisfed.org/series/NFCI,https://www.chicagofed.org/research/data/nfci/current-data,2026-08-31T14:34:09.166970Z,none
2014-02-28,financial_conditions_index,us,USA,,Chicago Fed National Financial Conditions Index,-0.775,index,weekly,FRED_CHICAGO_FED,National Financial Conditions Index,https://fred.stlouisfed.org/series/NFCI,https://www.chicagofed.org/research/data/nfci/current-data,2026-08-31T14:34:09.166970Z,none
2014-03-07,financial_conditions_index,us,USA,,Chicago Fed National Financial Conditions Index,-0.778,index,weekly,FRED_CHICAGO_FED,National Financial Conditions Index,https://fred.stlouisfed.org/series/NFCI,https://www.chicagofed.org/research/data/nfci/current-data,2026-08-31T14:34:09.166970Z,none
2014-03-14,financial_conditions_index,us,USA,,Chicago Fed National Financial Conditions Index,-0.778,index,weekly,FRED_CHICAGO_FED,National Financial Conditions Index,https://fred.stlouisfed.org/series/NFCI,https://www.chicagofed.org/research/data/nfci/current-data,2026-08-31T14:34:09.166970Z,none
2014-03-21,financial_conditions_index,us,USA,,Chicago Fed National Financial Conditions Index,-0.777,index,weekly,FRED_CHICAGO_FED,National Financial Conditions Index,https://fred.stlouisfed.org/series/NFCI,https://www.chicagofed.org/research/data/nfci/current-data,2026-08-31T14:34:09.166970Z,none
2014-03-28,financial_conditions_index,us,USA,,Chicago Fed National Financial Conditions Index,-0.774,index,weekly,FRED_CHICAGO_FED,National Financial Conditions Index,https://fred.stlouisfed.org/series/NFCI,https://www.chicagofed.org/research/data/nfci/current-data,2026-08-31T14:34:09.166970Z,none
2014-04-04,financial_conditions_index,us,USA,,Chicago Fed National Financial Conditions Index,-0.772,index,weekly,FRED_CHICAGO_FED,National Financial Conditions Index,https://fred.stlouisfed.org/series/NFCI,https://www.chicagofed.org/research/data/nfci/current-data,2026-08-31T14:34:09.166970Z,none
2014-04-11,financial_conditions_index,us,USA,,Chicago Fed National Financial Conditions Index,-0.769,index,weekly,FRED_CHICAGO_FED,National Financial Conditions Index,https://fred.stlouisfed.org/series/NFCI,https://www.chicagofed.org/research/data/nfci/current-data,2026-08-31T14:34:09.166970Z,none
2014-04-18,financial_conditions_index,us,USA,,Chicago Fed National Financial Conditions Index,-0.768,index,weekly,FRED_CHICAGO_FED,National Financial Conditions Index,https://fred.stlouisfed.org/series/NFCI,https://www.chicagofed.org/research/data/nfci/current-data,2026-08-31T14:34:09.166970Z,none
2014-04-25,financial_conditions_index,us,USA,,Chicago Fed National Financial Conditions Index,-0.767,index,weekly,FRED_CHICAGO_FED,National Financial Conditions Index,https://fred.stlouisfed.org/series/NFCI,https://www.chicagofed.org/research/data/nfci/current-data,2026-08-31T14:34:09.166970Z,none
2014-05-02,financial_conditions_index,us,USA,,Chicago Fed National Financial Conditions Index,-0.768,index,weekly,FRED_CHICAGO_FED,National Financial Conditions Index,https://fred.stlouisfed.org/series/NFCI,https://www.chicagofed.org/research/data/nfci/current-data,2026-08-31T14:34:09.166970Z,none
2014-05-09,financial_conditions_index,us,USA,,Chicago Fed National Financial Conditions Index,-0.771,index,weekly,FRED_CHICAGO_FED,National Financial Conditions Index,https://fred.stlouisfed.org/series/NFCI,https://www.chicagofed.org/research/data/nfci/current-data,2026-08-31T14:34:09.166970Z,none
2014-05-16,financial_conditions_index,us,USA,,Chicago Fed National Financial Conditions Index,-0.775,index,weekly,FRED_CHICAGO_FED,National Financial Conditions Index,https://fred.stlouisfed.org/series/NFCI,https://www.chicagofed.org/research/data/nfci/current-data,2026-08-31T14:34:09.166970Z,none
2014-05-23,financial_conditions_index,us,USA,,Chicago Fed National Financial Conditions Index,-0.782,index,weekly,FRED_CHICAGO_FED,National Financial Conditions Index,https://fred.stlouisfed.org/series/NFCI,https://www.chicagofed.org/research/data/nfci/current-data,2026-08-31T14:34:09.166970Z,none
2014-05-30,financial_conditions_index,us,USA,,Chicago Fed National Financial Conditions Index,-0.787,index,weekly,FRED_CHICAGO_FED,National Financial Conditions Index,https://fred.stlouisfed.org/series/NFCI,https://www.chicagofed.org/research/data/nfci/current-data,2026-08-31T14:34:09.166970Z,none
2014-06-06,financial_conditions_index,us,USA,,Chicago Fed National Financial Conditions Index,-0.791,index,weekly,FRED_CHICAGO_FED,National Financial Conditions Index,https://fred.stlouisfed.org/series/NFCI,https://www.chicagofed.org/research/data/nfci/current-data,2026-08-31T14:34:09.166970Z,none
2014-06-13,financial_conditions_index,us,USA,,Chicago Fed National Financial Conditions Index,-0.791,index,weekly,FRED_CHICAGO_FED,National Financial Conditions Index,https://fred.stlouisfed.org/series/NFCI,https://www.chicagofed.org/research/data/nfci/current-data,2026-08-31T14:34:09.166970Z,none
2014-06-20,financial_conditions_index,us,USA,,Chicago Fed National Financial Conditions Index,-0.787,index,weekly,FRED_CHICAGO_FED,National Financial Conditions Index,https://fred.stlouisfed.org/series/NFCI,https://www.chicagofed.org/research/data/nfci/current-data,2026-08-31T14:34:09.166970Z,none
2014-06-27,financial_conditions_index,us,USA,,Chicago Fed National Financial Conditions Index,-0.78,index,weekly,FRED_CHICAGO_FED,National Financial Conditions Index,https://fred.stlouisfed.org/series/NFCI,https://www.chicagofed.org/research/data/nfci/current-data,2026-08-31T14:34:09.166970Z,none
2014-07-04,financial_conditions_index,us,USA,,Chicago Fed National Financial Conditions Index,-0.771,index,weekly,FRED_CHICAGO_FED,National Financial Conditions Index,https://fred.stlouisfed.org/series/NFCI,https://www.chicagofed.org/research/data/nfci/current-data,2026-08-31T14:34:09.166970Z,none
2014-07-11,financial_conditions_index,us,USA,,Chicago Fed National Financial Conditions Index,-0.759,index,weekly,FRED_CHICAGO_FED,National Financial Conditions Index,https://fred.stlouisfed.org/series/NFCI,https://www.chicagofed.org/research/data/nfci/current-data,2026-08-31T14:34:09.166970Z,none
2014-07-18,financial_conditions_index,us,USA,,Chicago Fed National Financial Conditions Index,-0.747,index,weekly,FRED_CHICAGO_FED,National Financial Conditions Index,https://fred.stlouisfed.org/series/NFCI,https://www.chicagofed.org/research/data/nfci/current-data,2026-08-31T14:34:09.166970Z,none
2014-07-25,financial_conditions_index,us,USA,,Chicago Fed National Financial Conditions Index,-0.737,index,weekly,FRED_CHICAGO_FED,National Financial Conditions Index,https://fred.stlouisfed.org/series/NFCI,https://www.chicagofed.org/research/data/nfci/current-data,2026-08-31T14:34:09.166970Z,none
2014-08-01,financial_conditions_index,us,USA,,Chicago Fed National Financial Conditions Index,-0.729,index,weekly,FRED_CHICAGO_FED,National Financial Conditions Index,https://fred.stlouisfed.org/series/NFCI,https://www.chicagofed.org/research/data/nfci/current-data,2026-08-31T14:34:09.166970Z,none
2014-08-08,financial_conditions_index,us,USA,,Chicago Fed National Financial Conditions Index,-0.724,index,weekly,FRED_CHICAGO_FED,National Financial Conditions Index,https://fred.stlouisfed.org/series/NFCI,https://www.chicagofed.org/research/data/nfci/current-data,2026-08-31T14:34:09.166970Z,none
2014-08-15,financial_conditions_index,us,USA,,Chicago Fed National Financial Conditions Index,-0.723,index,weekly,FRED_CHICAGO_FED,National Financial Conditions Index,https://fred.stlouisfed.org/series/NFCI,https://www.chicagofed.org/research/data/nfci/current-data,2026-08-31T14:34:09.166970Z,none
2014-08-22,financial_conditions_index,us,USA,,Chicago Fed National Financial Conditions Index,-0.723,index,weekly,FRED_CHICAGO_FED,National Financial Conditions Index,https://fred.stlouisfed.org/series/NFCI,https://www.chicagofed.org/research/data/nfci/current-data,2026-08-31T14:34:09.166970Z,none
2014-08-29,financial_conditions_index,us,USA,,Chicago Fed National Financial Conditions Index,-0.72,index,weekly,FRED_CHICAGO_FED,National Financial Conditions Index,https://fred.stlouisfed.org/series/NFCI,https://www.chicagofed.org/research/data/nfci/current-data,2026-08-31T14:34:09.166970Z,none
2014-09-05,financial_conditions_index,us,USA,,Chicago Fed National Financial Conditions Index,-0.714,index,weekly,FRED_CHICAGO_FED,National Financial Conditions Index,https://fred.stlouisfed.org/series/NFCI,https://www.chicagofed.org/research/data/nfci/current-data,2026-08-31T14:34:09.166970Z,none
2014-09-12,financial_conditions_index,us,USA,,Chicago Fed National Financial Conditions Index,-0.704,index,weekly,FRED_CHICAGO_FED,National Financial Conditions Index,https://fred.stlouisfed.org/series/NFCI,https://www.chicagofed.org/research/data/nfci/current-data,2026-08-31T14:34:09.166970Z,none
2014-09-19,financial_conditions_index,us,USA,,Chicago Fed National Financial Conditions Index,-0.689,index,weekly,FRED_CHICAGO_FED,National Financial Conditions Index,https://fred.stlouisfed.org/series/NFCI,https://www.chicagofed.org/research/data/nfci/current-data,2026-08-31T14:34:09.166970Z,none
2014-09-26,financial_conditions_index,us,USA,,Chicago Fed National Financial Conditions Index,-0.672,index,weekly,FRED_CHICAGO_FED,National Financial Conditions Index,https://fred.stlouisfed.org/series/NFCI,https://www.chicagofed.org/research/data/nfci/current-data,2026-08-31T14:34:09.166970Z,none
2014-10-03,financial_conditions_index,us,USA,,Chicago Fed National Financial Conditions Index,-0.656,index,weekly,FRED_CHICAGO_FED,National Financial Conditions Index,https://fred.stlouisfed.org/series/NFCI,https://www.chicagofed.org/research/data/nfci/current-data,2026-08-31T14:34:09.166970Z,none
2014-10-10,financial_conditions_index,us,USA,,Chicago Fed National Financial Conditions Index,-0.644,index,weekly,FRED_CHICAGO_FED,National Financial Conditions Index,https://fred.stlouisfed.org/series/NFCI,https://www.chicagofed.org/research/data/nfci/current-data,2026-08-31T14:34:09.166970Z,none
2014-10-17,financial_conditions_index,us,USA,,Chicago Fed National Financial Conditions Index,-0.636,index,weekly,FRED_CHICAGO_FED,National Financial Conditions Index,https://fred.stlouisfed.org/series/NFCI,https://www.chicagofed.org/research/data/nfci/current-data,2026-08-31T14:34:09.166970Z,none
2014-10-24,financial_conditions_index,us,USA,,Chicago Fed National Financial Conditions Index,-0.637,index,weekly,FRED_CHICAGO_FED,National Financial Conditions Index,https://fred.stlouisfed.org/series/NFCI,https://www.chicagofed.org/research/data/nfci/current-data,2026-08-31T14:34:09.166970Z,none
2014-10-31,financial_conditions_index,us,USA,,Chicago Fed National Financial Conditions Index,-0.643,index,weekly,FRED_CHICAGO_FED,National Financial Conditions Index,https://fred.stlouisfed.org/series/NFCI,https://www.chicagofed.org/research/data/nfci/current-data,2026-08-31T14:34:09.166970Z,none
2014-11-07,financial_conditions_index,us,USA,,Chicago Fed National Financial Conditions Index,-0.65,index,weekly,FRED_CHICAGO_FED,National Financial Conditions Index,https://fred.stlouisfed.org/series/NFCI,https://www.chicagofed.org/research/data/nfci/current-data,2026-08-31T14:34:09.166970Z,none
2014-11-14,financial_conditions_index,us,USA,,Chicago Fed National Financial Conditions Index,-0.655,index,weekly,FRED_CHICAGO_FED,National Financial Conditions Index,https://fred.stlouisfed.org/series/NFCI,https://www.chicagofed.org/research/data/nfci/current-data,2026-08-31T14:34:09.166970Z,none
2014-11-21,financial_conditions_index,us,USA,,Chicago Fed National Financial Conditions Index,-0.654,index,weekly,FRED_CHICAGO_FED,National Financial Conditions Index,https://fred.stlouisfed.org/series/NFCI,https://www.chicagofed.org/research/data/nfci/current-data,2026-08-31T14:34:09.166970Z,none
2014-11-28,financial_conditions_index,us,USA,,Chicago Fed National Financial Conditions Index,-0.648,index,weekly,FRED_CHICAGO_FED,National Financial Conditions Index,https://fred.stlouisfed.org/series/NFCI,https://www.chicagofed.org/research/data/nfci/current-data,2026-08-31T14:34:09.166970Z,none
2014-12-05,financial_conditions_index,us,USA,,Chicago Fed National Financial Conditions Index,-0.635,index,weekly,FRED_CHICAGO_FED,National Financial Conditions Index,https://fred.stlouisfed.org/series/NFCI,https://www.chicagofed.org/research/data/nfci/current-data,2026-08-31T14:34:09.166970Z,none
2014-12-12,financial_conditions_index,us,USA,,Chicago Fed National Financial Conditions Index,-0.616,index,weekly,FRED_CHICAGO_FED,National Financial Conditions Index,https://fred.stlouisfed.org/series/NFCI,https://www.chicagofed.org/research/data/nfci/current-data,2026-08-31T14:34:09.166970Z,none
2014-12-19,financial_conditions_index,us,USA,,Chicago Fed National Financial Conditions Index,-0.593,index,weekly,FRED_CHICAGO_FED,National Financial Conditions Index,https://fred.stlouisfed.org/series/NFCI,https://www.chicagofed.org/research/data/nfci/current-data,2026-08-31T14:34:09.166970Z,none
2014-12-26,financial_conditions_index,us,USA,,Chicago Fed National Financial Conditions Index,-0.571,index,weekly,FRED_CHICAGO_FED,National Financial Conditions Index,https://fred.stlouisfed.org/series/NFCI,https://www.chicagofed.org/research/data/nfci/current-data,2026-08-31T14:34:09.166970Z,none
2015-01-02,financial_conditions_index,us,USA,,Chicago Fed National Financial Conditions Index,-0.549,index,weekly,FRED_CHICAGO_FED,National Financial Conditions Index,https://fred.stlouisfed.org/series/NFCI,https://www.chicagofed.org/research/data/nfci/current-data,2026-08-31T14:34:09.166970Z,none
2015-01-09,financial_conditions_index,us,USA,,Chicago Fed National Financial Conditions Index,-0.531,index,weekly,FRED_CHICAGO_FED,National Financial Conditions Index,https://fred.stlouisfed.org/series/NFCI,https://www.chicagofed.org/research/data/nfci/current-data,2026-08-31T14:34:09.166970Z,none
2015-01-16,financial_conditions_index,us,USA,,Chicago Fed National Financial Conditions Index,-0.516,index,weekly,FRED_CHICAGO_FED,National Financial Conditions Index,https://fred.stlouisfed.org/series/NFCI,https://www.chicagofed.org/research/data/nfci/current-data,2026-08-31T14:34:09.166970Z,none
2015-01-23,financial_conditions_index,us,USA,,Chicago Fed National Financial Conditions Index,-0.508,index,weekly,FRED_CHICAGO_FED,National Financial Conditions Index,https://fred.stlouisfed.org/series/NFCI,https://www.chicagofed.org/research/data/nfci/current-data,2026-08-31T14:34:09.166970Z,none
2015-01-30,financial_conditions_index,us,USA,,Chicago Fed National Financial Conditions Index,-0.504,index,weekly,FRED_CHICAGO_FED,National Financial Conditions Index,https://fred.stlouisfed.org/series/NFCI,https://www.chicagofed.org/research/data/nfci/current-data,2026-08-31T14:34:09.166970Z,none
2015-02-06,financial_conditions_index,us,USA,,Chicago Fed National Financial Conditions Index,-0.506,index,weekly,FRED_CHICAGO_FED,National Financial Conditions Index,https://fred.stlouisfed.org/series/NFCI,https://www.chicagofed.org/research/data/nfci/current-data,2026-08-31T14:34:09.166970Z,none
2015-02-13,financial_conditions_index,us,USA,,Chicago Fed National Financial Conditions Index,-0.51,index,weekly,FRED_CHICAGO_FED,National Financial Conditions Index,https://fred.stlouisfed.org/series/NFCI,https://www.chicagofed.org/research/data/nfci/current-data,2026-08-31T14:34:09.166970Z,none
2015-02-20,financial_conditions_index,us,USA,,Chicago Fed National Financial Conditions Index,-0.517,index,weekly,FRED_CHICAGO_FED,National Financial Conditions Index,https://fred.stlouisfed.org/series/NFCI,https://www.chicagofed.org/research/data/nfci/current-data,2026-08-31T14:34:09.166970Z,none
2015-02-27,financial_conditions_index,us,USA,,Chicago Fed National Financial Conditions Index,-0.523,index,weekly,FRED_CHICAGO_FED,National Financial Conditions Index,https://fred.stlouisfed.org/series/NFCI,https://www.chicagofed.org/research/data/nfci/current-data,2026-08-31T14:34:09.166970Z,none
2015-03-06,financial_conditions_index,us,USA,,Chicago Fed National Financial Conditions Index,-0.528,index,weekly,FRED_CHICAGO_FED,National Financial Conditions Index,https://fred.stlouisfed.org/series/NFCI,https://www.chicagofed.org/research/data/nfci/current-data,2026-08-31T14:34:09.166970Z,none
2015-03-13,financial_conditions_index,us,USA,,Chicago Fed National Financial Conditions Index,-0.532,index,weekly,FRED_CHICAGO_FED,National Financial Conditions Index,https://fred.stlouisfed.org/series/NFCI,https://www.chicagofed.org/research/data/nfci/current-data,2026-08-31T14:34:09.166970Z,none
2015-03-20,financial_conditions_index,us,USA,,Chicago Fed National Financial Conditions Index,-0.535,index,weekly,FRED_CHICAGO_FED,National Financial Conditions Index,https://fred.stlouisfed.org/series/NFCI,https://www.chicagofed.org/research/data/nfci/current-data,2026-08-31T14:34:09.166970Z,none
2015-03-27,financial_conditions_index,us,USA,,Chicago Fed National Financial Conditions Index,-0.537,index,weekly,FRED_CHICAGO_FED,National Financial Conditions Index,https://fred.stlouisfed.org/series/NFCI,https://www.chicagofed.org/research/data/nfci/current-data,2026-08-31T14:34:09.166970Z,none
2015-04-03,financial_conditions_index,us,USA,,Chicago Fed National Financial Conditions Index,-0.539,index,weekly,FRED_CHICAGO_FED,National Financial Conditions Index,https://fred.stlouisfed.org/series/NFCI,https://www.chicagofed.org/research/data/nfci/current-data,2026-08-31T14:34:09.166970Z,none
2015-04-10,financial_conditions_index,us,USA,,Chicago Fed National Financial Conditions Index,-0.541,index,weekly,FRED_CHICAGO_FED,National Financial Conditions Index,https://fred.stlouisfed.org/series/NFCI,https://www.chicagofed.org/research/data/nfci/current-data,2026-08-31T14:34:09.166970Z,none
2015-04-17,financial_conditions_index,us,USA,,Chicago Fed National Financial Conditions Index,-0.542,index,weekly,FRED_CHICAGO_FED,National Financial Conditions Index,https://fred.stlouisfed.org/series/NFCI,https://www.chicagofed.org/research/data/nfci/current-data,2026-08-31T14:34:09.166970Z,none
2015-04-24,financial_conditions_index,us,USA,,Chicago Fed National Financial Conditions Index,-0.544,index,weekly,FRED_CHICAGO_FED,National Financial Conditions Index,https://fred.stlouisfed.org/series/NFCI,https://www.chicagofed.org/research/data/nfci/current-data,2026-08-31T14:34:09.166970Z,none
2015-05-01,financial_conditions_index,us,USA,,Chicago Fed National Financial Conditions Index,-0.545,index,weekly,FRED_CHICAGO_FED,National Financial Conditions Index,https://fred.stlouisfed.org/series/NFCI,https://www.chicagofed.org/research/data/nfci/current-data,2026-08-31T14:34:09.166970Z,none
2015-05-08,financial_conditions_index,us,USA,,Chicago Fed National Financial Conditions Index,-0.544,index,weekly,FRED_CHICAGO_FED,National Financial Conditions Index,https://fred.stlouisfed.org/series/NFCI,https://www.chicagofed.org/research/data/nfci/current-data,2026-08-31T14:34:09.166970Z,none
2015-05-15,financial_conditions_index,us,USA,,Chicago Fed National Financial Conditions Index,-0.545,index,weekly,FRED_CHICAGO_FED,National Financial Conditions Index,https://fred.stlouisfed.org/series/NFCI,https://www.chicagofed.org/research/data/nfci/current-data,2026-08-31T14:34:09.166970Z,none
2015-05-22,financial_conditions_index,us,USA,,Chicago Fed National Financial Conditions Index,-0.545,index,weekly,FRED_CHICAGO_FED,National Financial Conditions Index,https://fred.stlouisfed.org/series/NFCI,https://www.chicagofed.org/research/data/nfci/current-data,2026-08-31T14:34:09.166970Z,none
2015-05-29,financial_conditions_index,us,USA,,Chicago Fed National Financial Conditions Index,-0.545,index,weekly,FRED_CHICAGO_FED,National Financial Conditions Index,https://fred.stlouisfed.org/series/NFCI,https://www.chicagofed.org/research/data/nfci/current-data,2026-08-31T14:34:09.166970Z,none
2015-06-05,financial_conditions_index,us,USA,,Chicago Fed National Financial Conditions Index,-0.544,index,weekly,FRED_CHICAGO_FED,National Financial Conditions Index,https://fred.stlouisfed.org/series/NFCI,https://www.chicagofed.org/research/data/nfci/current-data,2026-08-31T14:34:09.166970Z,none
2015-06-12,financial_conditions_index,us,USA,,Chicago Fed National Financial Conditions Index,-0.543,index,weekly,FRED_CHICAGO_FED,National Financial Conditions Index,https://fred.stlouisfed.org/series/NFCI,https://www.chicagofed.org/research/data/nfci/current-data,2026-08-31T14:34:09.166970Z,none
2015-06-19,financial_conditions_index,us,USA,,Chicago Fed National Financial Conditions Index,-0.541,index,weekly,FRED_CHICAGO_FED,National Financial Conditions Index,https://fred.stlouisfed.org/series/NFCI,https://www.chicagofed.org/research/data/nfci/current-data,2026-08-31T14:34:09.166970Z,none
2015-06-26,financial_conditions_index,us,USA,,Chicago Fed National Financial Conditions Index,-0.538,index,weekly,FRED_CHICAGO_FED,National Financial Conditions Index,https://fred.stlouisfed.org/series/NFCI,https://www.chicagofed.org/research/data/nfci/current-data,2026-08-31T14:34:09.166970Z,none
2015-07-03,financial_conditions_index,us,USA,,Chicago Fed National Financial Conditions Index,-0.533,index,weekly,FRED_CHICAGO_FED,National Financial Conditions Index,https://fred.stlouisfed.org/series/NFCI,https://www.chicagofed.org/research/data/nfci/current-data,2026-08-31T14:34:09.166970Z,none
2015-07-10,financial_conditions_index,us,USA,,Chicago Fed National Financial Conditions Index,-0.528,index,weekly,FRED_CHICAGO_FED,National Financial Conditions Index,https://fred.stlouisfed.org/series/NFCI,https://www.chicagofed.org/research/data/nfci/current-data,2026-08-31T14:34:09.166970Z,none
2015-07-17,financial_conditions_index,us,USA,,Chicago Fed National Financial Conditions Index,-0.523,index,weekly,FRED_CHICAGO_FED,National Financial Conditions Index,https://fred.stlouisfed.org/series/NFCI,https://www.chicagofed.org/research/data/nfci/current-data,2026-08-31T14:34:09.166970Z,none
2015-07-24,financial_conditions_index,us,USA,,Chicago Fed National Financial Conditions Index,-0.513,index,weekly,FRED_CHICAGO_FED,National Financial Conditions Index,https://fred.stlouisfed.org/series/NFCI,https://www.chicagofed.org/research/data/nfci/current-data,2026-08-31T14:34:09.166970Z,none
2015-07-31,financial_conditions_index,us,USA,,Chicago Fed National Financial Conditions Index,-0.498,index,weekly,FRED_CHICAGO_FED,National Financial Conditions Index,https://fred.stlouisfed.org/series/NFCI,https://www.chicagofed.org/research/data/nfci/current-data,2026-08-31T14:34:09.166970Z,none
2015-08-07,financial_conditions_index,us,USA,,Chicago Fed National Financial Conditions Index,-0.48,index,weekly,FRED_CHICAGO_FED,National Financial Conditions Index,https://fred.stlouisfed.org/series/NFCI,https://www.chicagofed.org/research/data/nfci/current-data,2026-08-31T14:34:09.166970Z,none
2015-08-14,financial_conditions_index,us,USA,,Chicago Fed National Financial Conditions Index,-0.458,index,weekly,FRED_CHICAGO_FED,National Financial Conditions Index,https://fred.stlouisfed.org/series/NFCI,https://www.chicagofed.org/research/data/nfci/current-data,2026-08-31T14:34:09.166970Z,none
2015-08-21,financial_conditions_index,us,USA,,Chicago Fed National Financial Conditions Index,-0.436,index,weekly,FRED_CHICAGO_FED,National Financial Conditions Index,https://fred.stlouisfed.org/series/NFCI,https://www.chicagofed.org/research/data/nfci/current-data,2026-08-31T14:34:09.166970Z,none
2015-08-28,financial_conditions_index,us,USA,,Chicago Fed National Financial Conditions Index,-0.416,index,weekly,FRED_CHICAGO_FED,National Financial Conditions Index,https://fred.stlouisfed.org/series/NFCI,https://www.chicagofed.org/research/data/nfci/current-data,2026-08-31T14:34:09.166970Z,none
2015-09-04,financial_conditions_index,us,USA,,Chicago Fed National Financial Conditions Index,-0.403,index,weekly,FRED_CHICAGO_FED,National Financial Conditions Index,https://fred.stlouisfed.org/series/NFCI,https://www.chicagofed.org/research/data/nfci/current-data,2026-08-31T14:34:09.166970Z,none
2015-09-11,financial_conditions_index,us,USA,,Chicago Fed National Financial Conditions Index,-0.397,index,weekly,FRED_CHICAGO_FED,National Financial Conditions Index,https://fred.stlouisfed.org/series/NFCI,https://www.chicagofed.org/research/data/nfci/current-data,2026-08-31T14:34:09.166970Z,none
2015-09-18,financial_conditions_index,us,USA,,Chicago Fed National Financial Conditions Index,-0.397,index,weekly,FRED_CHICAGO_FED,National Financial Conditions Index,https://fred.stlouisfed.org/series/NFCI,https://www.chicagofed.org/research/data/nfci/current-data,2026-08-31T14:34:09.166970Z,none
2015-09-25,financial_conditions_index,us,USA,,Chicago Fed National Financial Conditions Index,-0.403,index,weekly,FRED_CHICAGO_FED,National Financial Conditions Index,https://fred.stlouisfed.org/series/NFCI,https://www.chicagofed.org/research/data/nfci/current-data,2026-08-31T14:34:09.166970Z,none
2015-10-02,financial_conditions_index,us,USA,,Chicago Fed National Financial Conditions Index,-0.413,index,weekly,FRED_CHICAGO_FED,National Financial Conditions Index,https://fred.stlouisfed.org/series/NFCI,https://www.chicagofed.org/research/data/nfci/current-data,2026-08-31T14:34:09.166970Z,none
2015-10-09,financial_conditions_index,us,USA,,Chicago Fed National Financial Conditions Index,-0.428,index,weekly,FRED_CHICAGO_FED,National Financial Conditions Index,https://fred.stlouisfed.org/series/NFCI,https://www.chicagofed.org/research/data/nfci/current-data,2026-08-31T14:34:09.166970Z,none
2015-10-16,financial_conditions_index,us,USA,,Chicago Fed National Financial Conditions Index,-0.442,index,weekly,FRED_CHICAGO_FED,National Financial Conditions Index,https://fred.stlouisfed.org/series/NFCI,https://www.chicagofed.org/research/data/nfci/current-data,2026-08-31T14:34:09.166970Z,none
2015-10-23,financial_conditions_index,us,USA,,Chicago Fed National Financial Conditions Index,-0.455,index,weekly,FRED_CHICAGO_FED,National Financial Conditions Index,https://fred.stlouisfed.org/series/NFCI,https://www.chicagofed.org/research/data/nfci/current-data,2026-08-31T14:34:09.166970Z,none
2015-10-30,financial_conditions_index,us,USA,,Chicago Fed National Financial Conditions Index,-0.465,index,weekly,FRED_CHICAGO_FED,National Financial Conditions Index,https://fred.stlouisfed.org/series/NFCI,https://www.chicagofed.org/research/data/nfci/current-data,2026-08-31T14:34:09.166970Z,none
2015-11-06,financial_conditions_index,us,USA,,Chicago Fed National Financial Conditions Index,-0.468,index,weekly,FRED_CHICAGO_FED,National Financial Conditions Index,https://fred.stlouisfed.org/series/NFCI,https://www.chicagofed.org/research/data/nfci/current-data,2026-08-31T14:34:09.166970Z,none
2015-11-13,financial_conditions_index,us,USA,,Chicago Fed National Financial Conditions Index,-0.465,index,weekly,FRED_CHICAGO_FED,National Financial Conditions Index,https://fred.stlouisfed.org/series/NFCI,https://www.chicagofed.org/research/data/nfci/current-data,2026-08-31T14:34:09.166970Z,none
2015-11-20,financial_conditions_index,us,USA,,Chicago Fed National Financial Conditions Index,-0.456,index,weekly,FRED_CHICAGO_FED,National Financial Conditions Index,https://fred.stlouisfed.org/series/NFCI,https://www.chicagofed.org/research/data/nfci/current-data,2026-08-31T14:34:09.166970Z,none
2015-11-27,financial_conditions_index,us,USA,,Chicago Fed National Financial Conditions Index,-0.442,index,weekly,FRED_CHICAGO_FED,National Financial Conditions Index,https://fred.stlouisfed.org/series/NFCI,https://www.chicagofed.org/research/data/nfci/current-data,2026-08-31T14:34:09.166970Z,none
2015-12-04,financial_conditions_index,us,USA,,Chicago Fed National Financial Conditions Index,-0.423,index,weekly,FRED_CHICAGO_FED,National Financial Conditions Index,https://fred.stlouisfed.org/series/NFCI,https://www.chicagofed.org/research/data/nfci/current-data,2026-08-31T14:34:09.166970Z,none
2015-12-11,financial_conditions_index,us,USA,,Chicago Fed National Financial Conditions Index,-0.401,index,weekly,FRED_CHICAGO_FED,National Financial Conditions Index,https://fred.stlouisfed.org/series/NFCI,https://www.chicagofed.org/research/data/nfci/current-data,2026-08-31T14:34:09.166970Z,none
2015-12-18,financial_conditions_index,us,USA,,Chicago Fed National Financial Conditions Index,-0.38,index,weekly,FRED_CHICAGO_FED,National Financial Conditions Index,https://fred.stlouisfed.org/series/NFCI,https://www.chicagofed.org/research/data/nfci/current-data,2026-08-31T14:34:09.166970Z,none
2015-12-25,financial_conditions_index,us,USA,,Chicago Fed National Financial Conditions Index,-0.36,index,weekly,FRED_CHICAGO_FED,National Financial Conditions Index,https://fred.stlouisfed.org/series/NFCI,https://www.chicagofed.org/research/data/nfci/current-data,2026-08-31T14:34:09.166970Z,none
2016-01-01,financial_conditions_index,us,USA,,Chicago Fed National Financial Conditions Index,-0.342,index,weekly,FRED_CHICAGO_FED,National Financial Conditions Index,https://fred.stlouisfed.org/series/NFCI,https://www.chicagofed.org/research/data/nfci/current-data,2026-08-31T14:34:09.166970Z,none
2016-01-08,financial_conditions_index,us,USA,,Chicago Fed National Financial Conditions Index,-0.327,index,weekly,FRED_CHICAGO_FED,National Financial Conditions Index,https://fred.stlouisfed.org/series/NFCI,https://www.chicagofed.org/research/data/nfci/current-data,2026-08-31T14:34:09.166970Z,none
2016-01-15,financial_conditions_index,us,USA,,Chicago Fed National Financial Conditions Index,-0.314,index,weekly,FRED_CHICAGO_FED,National Financial Conditions Index,https://fred.stlouisfed.org/series/NFCI,https://www.chicagofed.org/research/data/nfci/current-data,2026-08-31T14:34:09.166970Z,none
2016-01-22,financial_conditions_index,us,USA,,Chicago Fed National Financial Conditions Index,-0.304,index,weekly,FRED_CHICAGO_FED,National Financial Conditions Index,https://fred.stlouisfed.org/series/NFCI,https://www.chicagofed.org/research/data/nfci/current-data,2026-08-31T14:34:09.166970Z,none
2016-01-29,financial_conditions_index,us,USA,,Chicago Fed National Financial Conditions Index,-0.297,index,weekly,FRED_CHICAGO_FED,National Financial Conditions Index,https://fred.stlouisfed.org/series/NFCI,https://www.chicagofed.org/research/data/nfci/current-data,2026-08-31T14:34:09.166970Z,none
2016-02-05,financial_conditions_index,us,USA,,Chicago Fed National Financial Conditions Index,-0.294,index,weekly,FRED_CHICAGO_FED,National Financial Conditions Index,https://fred.stlouisfed.org/series/NFCI,https://www.chicagofed.org/research/data/nfci/current-data,2026-08-31T14:34:09.166970Z,none
2016-02-12,financial_conditions_index,us,USA,,Chicago Fed National Financial Conditions Index,-0.294,index,weekly,FRED_CHICAGO_FED,National Financial Conditions Index,https://fred.stlouisfed.org/series/NFCI,https://www.chicagofed.org/research/data/nfci/current-data,2026-08-31T14:34:09.166970Z,none
2016-02-19,financial_conditions_index,us,USA,,Chicago Fed National Financial Conditions Index,-0.303,index,weekly,FRED_CHICAGO_FED,National Financial Conditions Index,https://fred.stlouisfed.org/series/NFCI,https://www.chicagofed.org/research/data/nfci/current-data,2026-08-31T14:34:09.166970Z,none
2016-02-26,financial_conditions_index,us,USA,,Chicago Fed National Financial Conditions Index,-0.315,index,weekly,FRED_CHICAGO_FED,National Financial Conditions Index,https://fred.stlouisfed.org/series/NFCI,https://www.chicagofed.org/research/data/nfci/current-data,2026-08-31T14:34:09.166970Z,none
2016-03-04,financial_conditions_index,us,USA,,Chicago Fed National Financial Conditions Index,-0.33,index,weekly,FRED_CHICAGO_FED,National Financial Conditions Index,https://fred.stlouisfed.org/series/NFCI,https://www.chicagofed.org/research/data/nfci/current-data,2026-08-31T14:34:09.166970Z,none
2016-03-11,financial_conditions_index,us,USA,,Chicago Fed National Financial Conditions Index,-0.345,index,weekly,FRED_CHICAGO_FED,National Financial Conditions Index,https://fred.stlouisfed.org/series/NFCI,https://www.chicagofed.org/research/data/nfci/current-data,2026-08-31T14:34:09.166970Z,none
2016-03-18,financial_conditions_index,us,USA,,Chicago Fed National Financial Conditions Index,-0.359,index,weekly,FRED_CHICAGO_FED,National Financial Conditions Index,https://fred.stlouisfed.org/series/NFCI,https://www.chicagofed.org/research/data/nfci/current-data,2026-08-31T14:34:09.166970Z,none
2016-03-25,financial_conditions_index,us,USA,,Chicago Fed National Financial Conditions Index,-0.369,index,weekly,FRED_CHICAGO_FED,National Financial Conditions Index,https://fred.stlouisfed.org/series/NFCI,https://www.chicagofed.org/research/data/nfci/current-data,2026-08-31T14:34:09.166970Z,none
2016-04-01,financial_conditions_index,us,USA,,Chicago Fed National Financial Conditions Index,-0.375,index,weekly,FRED_CHICAGO_FED,National Financial Conditions Index,https://fred.stlouisfed.org/series/NFCI,https://www.chicagofed.org/research/data/nfci/current-data,2026-08-31T14:34:09.166970Z,none
2016-04-08,financial_conditions_index,us,USA,,Chicago Fed National Financial Conditions Index,-0.379,index,weekly,FRED_CHICAGO_FED,National Financial Conditions Index,https://fred.stlouisfed.org/series/NFCI,https://www.chicagofed.org/research/data/nfci/current-data,2026-08-31T14:34:09.166970Z,none
2016-04-15,financial_conditions_index,us,USA,,Chicago Fed National Financial Conditions Index,-0.382,index,weekly,FRED_CHICAGO_FED,National Financial Conditions Index,https://fred.stlouisfed.org/series/NFCI,https://www.chicagofed.org/research/data/nfci/current-data,2026-08-31T14:34:09.166970Z,none
2016-04-22,financial_conditions_index,us,USA,,Chicago Fed National Financial Conditions Index,-0.384,index,weekly,FRED_CHICAGO_FED,National Financial Conditions Index,https://fred.stlouisfed.org/series/NFCI,https://www.chicagofed.org/research/data/nfci/current-data,2026-08-31T14:34:09.166970Z,none
2016-04-29,financial_conditions_index,us,USA,,Chicago Fed National Financial Conditions Index,-0.384,index,weekly,FRED_CHICAGO_FED,National Financial Conditions Index,https://fred.stlouisfed.org/series/NFCI,https://www.chicagofed.org/research/data/nfci/current-data,2026-08-31T14:34:09.166970Z,none
2016-05-06,financial_conditions_index,us,USA,,Chicago Fed National Financial Conditions Index,-0.382,index,weekly,FRED_CHICAGO_FED,National Financial Conditions Index,https://fred.stlouisfed.org/series/NFCI,https://www.chicagofed.org/research/data/nfci/current-data,2026-08-31T14:34:09.166970Z,none
2016-05-13,financial_conditions_index,us,USA,,Chicago Fed National Financial Conditions Index,-0.38,index,weekly,FRED_CHICAGO_FED,National Financial Conditions Index,https://fred.stlouisfed.org/series/NFCI,https://www.chicagofed.org/research/data/nfci/current-data,2026-08-31T14:34:09.166970Z,none
2016-05-20,financial_conditions_index,us,USA,,Chicago Fed National Financial Conditions Index,-0.377,index,weekly,FRED_CHICAGO_FED,National Financial Conditions Index,https://fred.stlouisfed.org/series/NFCI,https://www.chicagofed.org/research/data/nfci/current-data,2026-08-31T14:34:09.166970Z,none
2016-05-27,financial_conditions_index,us,USA,,Chicago Fed National Financial Conditions Index,-0.372,index,weekly,FRED_CHICAGO_FED,National Financial Conditions Index,https://fred.stlouisfed.org/series/NFCI,https://www.chicagofed.org/research/data/nfci/current-data,2026-08-31T14:34:09.166970Z,none
2016-06-03,financial_conditions_index,us,USA,,Chicago Fed National Financial Conditions Index,-0.366,index,weekly,FRED_CHICAGO_FED,National Financial Conditions Index,https://fred.stlouisfed.org/series/NFCI,https://www.chicagofed.org/research/data/nfci/current-data,2026-08-31T14:34:09.166970Z,none
2016-06-10,financial_conditions_index,us,USA,,Chicago Fed National Financial Conditions Index,-0.359,index,weekly,FRED_CHICAGO_FED,National Financial Conditions Index,https://fred.stlouisfed.org/series/NFCI,https://www.chicagofed.org/research/data/nfci/current-data,2026-08-31T14:34:09.166970Z,none
2016-06-17,financial_conditions_index,us,USA,,Chicago Fed National Financial Conditions Index,-0.351,index,weekly,FRED_CHICAGO_FED,National Financial Conditions Index,https://fred.stlouisfed.org/series/NFCI,https://www.chicagofed.org/research/data/nfci/current-data,2026-08-31T14:34:09.166970Z,none
2016-06-24,financial_conditions_index,us,USA,,Chicago Fed National Financial Conditions Index,-0.346,index,weekly,FRED_CHICAGO_FED,National Financial Conditions Index,https://fred.stlouisfed.org/series/NFCI,https://www.chicagofed.org/research/data/nfci/current-data,2026-08-31T14:34:09.166970Z,none
2016-07-01,financial_conditions_index,us,USA,,Chicago Fed National Financial Conditions Index,-0.343,index,weekly,FRED_CHICAGO_FED,National Financial Conditions Index,https://fred.stlouisfed.org/series/NFCI,https://www.chicagofed.org/research/data/nfci/current-data,2026-08-31T14:34:09.166970Z,none
2016-07-08,financial_conditions_index,us,USA,,Chicago Fed National Financial Conditions Index,-0.344,index,weekly,FRED_CHICAGO_FED,National Financial Conditions Index,https://fred.stlouisfed.org/series/NFCI,https://www.chicagofed.org/research/data/nfci/current-data,2026-08-31T14:34:09.166970Z,none
2016-07-15,financial_conditions_index,us,USA,,Chicago Fed National Financial Conditions Index,-0.348,index,weekly,FRED_CHICAGO_FED,National Financial Conditions Index,https://fred.stlouisfed.org/series/NFCI,https://www.chicagofed.org/research/data/nfci/current-data,2026-08-31T14:34:09.166970Z,none
2016-07-22,financial_conditions_index,us,USA,,Chicago Fed National Financial Conditions Index,-0.352,index,weekly,FRED_CHICAGO_FED,National Financial Conditions Index,https://fred.stlouisfed.org/series/NFCI,https://www.chicagofed.org/research/data/nfci/current-data,2026-08-31T14:34:09.166970Z,none
2016-07-29,financial_conditions_index,us,USA,,Chicago Fed National Financial Conditions Index,-0.357,index,weekly,FRED_CHICAGO_FED,National Financial Conditions Index,https://fred.stlouisfed.org/series/NFCI,https://www.chicagofed.org/research/data/nfci/current-data,2026-08-31T14:34:09.166970Z,none
2016-08-05,financial_conditions_index,us,USA,,Chicago Fed National Financial Conditions Index,-0.359,index,weekly,FRED_CHICAGO_FED,National Financial Conditions Index,https://fred.stlouisfed.org/series/NFCI,https://www.chicagofed.org/research/data/nfci/current-data,2026-08-31T14:34:09.166970Z,none
2016-08-12,financial_conditions_index,us,USA,,Chicago Fed National Financial Conditions Index,-0.359,index,weekly,FRED_CHICAGO_FED,National Financial Conditions Index,https://fred.stlouisfed.org/series/NFCI,https://www.chicagofed.org/research/data/nfci/current-data,2026-08-31T14:34:09.166970Z,none
2016-08-19,financial_conditions_index,us,USA,,Chicago Fed National Financial Conditions Index,-0.357,index,weekly,FRED_CHICAGO_FED,National Financial Conditions Index,https://fred.stlouisfed.org/series/NFCI,https://www.chicagofed.org/research/data/nfci/current-data,2026-08-31T14:34:09.166970Z,none
2016-08-26,financial_conditions_index,us,USA,,Chicago Fed National Financial Conditions Index,-0.352,index,weekly,FRED_CHICAGO_FED,National Financial Conditions Index,https://fred.stlouisfed.org/series/NFCI,https://www.chicagofed.org/research/data/nfci/current-data,2026-08-31T14:34:09.166970Z,none
2016-09-02,financial_conditions_index,us,USA,,Chicago Fed National Financial Conditions Index,-0.345,index,weekly,FRED_CHICAGO_FED,National Financial Conditions Index,https://fred.stlouisfed.org/series/NFCI,https://www.chicagofed.org/research/data/nfci/current-data,2026-08-31T14:34:09.166970Z,none
2016-09-09,financial_conditions_index,us,USA,,Chicago Fed National Financial Conditions Index,-0.339,index,weekly,FRED_CHICAGO_FED,National Financial Conditions Index,https://fred.stlouisfed.org/series/NFCI,https://www.chicagofed.org/research/data/nfci/current-data,2026-08-31T14:34:09.166970Z,none
2016-09-16,financial_conditions_index,us,USA,,Chicago Fed National Financial Conditions Index,-0.334,index,weekly,FRED_CHICAGO_FED,National Financial Conditions Index,https://fred.stlouisfed.org/series/NFCI,https://www.chicagofed.org/research/data/nfci/current-data,2026-08-31T14:34:09.166970Z,none
2016-09-23,financial_conditions_index,us,USA,,Chicago Fed National Financial Conditions Index,-0.333,index,weekly,FRED_CHICAGO_FED,National Financial Conditions Index,https://fred.stlouisfed.org/series/NFCI,https://www.chicagofed.org/research/data/nfci/current-data,2026-08-31T14:34:09.166970Z,none
2016-09-30,financial_conditions_index,us,USA,,Chicago Fed National Financial Conditions Index,-0.336,index,weekly,FRED_CHICAGO_FED,National Financial Conditions Index,https://fred.stlouisfed.org/series/NFCI,https://www.chicagofed.org/research/data/nfci/current-data,2026-08-31T14:34:09.166970Z,none
2016-10-07,financial_conditions_index,us,USA,,Chicago Fed National Financial Conditions Index,-0.343,index,weekly,FRED_CHICAGO_FED,National Financial Conditions Index,https://fred.stlouisfed.org/series/NFCI,https://www.chicagofed.org/research/data/nfci/current-data,2026-08-31T14:34:09.166970Z,none
2016-10-14,financial_conditions_index,us,USA,,Chicago Fed National Financial Conditions Index,-0.353,index,weekly,FRED_CHICAGO_FED,National Financial Conditions Index,https://fred.stlouisfed.org/series/NFCI,https://www.chicagofed.org/research/data/nfci/current-data,2026-08-31T14:34:09.166970Z,none
2016-10-21,financial_conditions_index,us,USA,,Chicago Fed National Financial Conditions Index,-0.364,index,weekly,FRED_CHICAGO_FED,National Financial Conditions Index,https://fred.stlouisfed.org/series/NFCI,https://www.chicagofed.org/research/data/nfci/current-data,2026-08-31T14:34:09.166970Z,none
2016-10-28,financial_conditions_index,us,USA,,Chicago Fed National Financial Conditions Index,-0.377,index,weekly,FRED_CHICAGO_FED,National Financial Conditions Index,https://fred.stlouisfed.org/series/NFCI,https://www.chicagofed.org/research/data/nfci/current-data,2026-08-31T14:34:09.166970Z,none
2016-11-04,financial_conditions_index,us,USA,,Chicago Fed National Financial Conditions Index,-0.389,index,weekly,FRED_CHICAGO_FED,National Financial Conditions Index,https://fred.stlouisfed.org/series/NFCI,https://www.chicagofed.org/research/data/nfci/current-data,2026-08-31T14:34:09.166970Z,none
2016-11-11,financial_conditions_index,us,USA,,Chicago Fed National Financial Conditions Index,-0.404,index,weekly,FRED_CHICAGO_FED,National Financial Conditions Index,https://fred.stlouisfed.org/series/NFCI,https://www.chicagofed.org/research/data/nfci/current-data,2026-08-31T14:34:09.166970Z,none
2016-11-18,financial_conditions_index,us,USA,,Chicago Fed National Financial Conditions Index,-0.416,index,weekly,FRED_CHICAGO_FED,National Financial Conditions Index,https://fred.stlouisfed.org/series/NFCI,https://www.chicagofed.org/research/data/nfci/current-data,2026-08-31T14:34:09.166970Z,none
2016-11-25,financial_conditions_index,us,USA,,Chicago Fed National Financial Conditions Index,-0.428,index,weekly,FRED_CHICAGO_FED,National Financial Conditions Index,https://fred.stlouisfed.org/series/NFCI,https://www.chicagofed.org/research/data/nfci/current-data,2026-08-31T14:34:09.166970Z,none
2016-12-02,financial_conditions_index,us,USA,,Chicago Fed National Financial Conditions Index,-0.437,index,weekly,FRED_CHICAGO_FED,National Financial Conditions Index,https://fred.stlouisfed.org/series/NFCI,https://www.chicagofed.org/research/data/nfci/current-data,2026-08-31T14:34:09.166970Z,none
2016-12-09,financial_conditions_index,us,USA,,Chicago Fed National Financial Conditions Index,-0.446,index,weekly,FRED_CHICAGO_FED,National Financial Conditions Index,https://fred.stlouisfed.org/series/NFCI,https://www.chicagofed.org/research/data/nfci/current-data,2026-08-31T14:34:09.166970Z,none
2016-12-16,financial_conditions_index,us,USA,,Chicago Fed National Financial Conditions Index,-0.453,index,weekly,FRED_CHICAGO_FED,National Financial Conditions Index,https://fred.stlouisfed.org/series/NFCI,https://www.chicagofed.org/research/data/nfci/current-data,2026-08-31T14:34:09.166970Z,none
2016-12-23,financial_conditions_index,us,USA,,Chicago Fed National Financial Conditions Index,-0.458,index,weekly,FRED_CHICAGO_FED,National Financial Conditions Index,https://fred.stlouisfed.org/series/NFCI,https://www.chicagofed.org/research/data/nfci/current-data,2026-08-31T14:34:09.166970Z,none
2016-12-30,financial_conditions_index,us,USA,,Chicago Fed National Financial Conditions Index,-0.465,index,weekly,FRED_CHICAGO_FED,National Financial Conditions Index,https://fred.stlouisfed.org/series/NFCI,https://www.chicagofed.org/research/data/nfci/current-data,2026-08-31T14:34:09.166970Z,none
2017-01-06,financial_conditions_index,us,USA,,Chicago Fed National Financial Conditions Index,-0.47,index,weekly,FRED_CHICAGO_FED,National Financial Conditions Index,https://fred.stlouisfed.org/series/NFCI,https://www.chicagofed.org/research/data/nfci/current-data,2026-08-31T14:34:09.166970Z,none
2017-01-13,financial_conditions_index,us,USA,,Chicago Fed National Financial Conditions Index,-0.476,index,weekly,FRED_CHICAGO_FED,National Financial Conditions Index,https://fred.stlouisfed.org/series/NFCI,https://www.chicagofed.org/research/data/nfci/current-data,2026-08-31T14:34:09.166970Z,none
2017-01-20,financial_conditions_index,us,USA,,Chicago Fed National Financial Conditions Index,-0.481,index,weekly,FRED_CHICAGO_FED,National Financial Conditions Index,https://fred.stlouisfed.org/series/NFCI,https://www.chicagofed.org/research/data/nfci/current-data,2026-08-31T14:34:09.166970Z,none
2017-01-27,financial_conditions_index,us,USA,,Chicago Fed National Financial Conditions Index,-0.484,index,weekly,FRED_CHICAGO_FED,National Financial Conditions Index,https://fred.stlouisfed.org/series/NFCI,https://www.chicagofed.org/research/data/nfci/current-data,2026-08-31T14:34:09.166970Z,none
2017-02-03,financial_conditions_index,us,USA,,Chicago Fed National Financial Conditions Index,-0.487,index,weekly,FRED_CHICAGO_FED,National Financial Conditions Index,https://fred.stlouisfed.org/series/NFCI,https://www.chicagofed.org/research/data/nfci/current-data,2026-08-31T14:34:09.166970Z,none
2017-02-10,financial_conditions_index,us,USA,,Chicago Fed National Financial Conditions Index,-0.488,index,weekly,FRED_CHICAGO_FED,National Financial Conditions Index,https://fred.stlouisfed.org/series/NFCI,https://www.chicagofed.org/research/data/nfci/current-data,2026-08-31T14:34:09.166970Z,none
2017-02-17,financial_conditions_index,us,USA,,Chicago Fed National Financial Conditions Index,-0.488,index,weekly,FRED_CHICAGO_FED,National Financial Conditions Index,https://fred.stlouisfed.org/series/NFCI,https://www.chicagofed.org/research/data/nfci/current-data,2026-08-31T14:34:09.166970Z,none
2017-02-24,financial_conditions_index,us,USA,,Chicago Fed National Financial Conditions Index,-0.485,index,weekly,FRED_CHICAGO_FED,National Financial Conditions Index,https://fred.stlouisfed.org/series/NFCI,https://www.chicagofed.org/research/data/nfci/current-data,2026-08-31T14:34:09.166970Z,none
2017-03-03,financial_conditions_index,us,USA,,Chicago Fed National Financial Conditions Index,-0.483,index,weekly,FRED_CHICAGO_FED,National Financial Conditions Index,https://fred.stlouisfed.org/series/NFCI,https://www.chicagofed.org/research/data/nfci/current-data,2026-08-31T14:34:09.166970Z,none
2017-03-10,financial_conditions_index,us,USA,,Chicago Fed National Financial Conditions Index,-0.481,index,weekly,FRED_CHICAGO_FED,National Financial Conditions Index,https://fred.stlouisfed.org/series/NFCI,https://www.chicagofed.org/research/data/nfci/current-data,2026-08-31T14:34:09.166970Z,none
2017-03-17,financial_conditions_index,us,USA,,Chicago Fed National Financial Conditions Index,-0.478,index,weekly,FRED_CHICAGO_FED,National Financial Conditions Index,https://fred.stlouisfed.org/series/NFCI,https://www.chicagofed.org/research/data/nfci/current-data,2026-08-31T14:34:09.166970Z,none
2017-03-24,financial_conditions_index,us,USA,,Chicago Fed National Financial Conditions Index,-0.477,index,weekly,FRED_CHICAGO_FED,National Financial Conditions Index,https://fred.stlouisfed.org/series/NFCI,https://www.chicagofed.org/research/data/nfci/current-data,2026-08-31T14:34:09.166970Z,none
2017-03-31,financial_conditions_index,us,USA,,Chicago Fed National Financial Conditions Index,-0.478,index,weekly,FRED_CHICAGO_FED,National Financial Conditions Index,https://fred.stlouisfed.org/series/NFCI,https://www.chicagofed.org/research/data/nfci/current-data,2026-08-31T14:34:09.166970Z,none
2017-04-07,financial_conditions_index,us,USA,,Chicago Fed National Financial Conditions Index,-0.482,index,weekly,FRED_CHICAGO_FED,National Financial Conditions Index,https://fred.stlouisfed.org/series/NFCI,https://www.chicagofed.org/research/data/nfci/current-data,2026-08-31T14:34:09.166970Z,none
2017-04-14,financial_conditions_index,us,USA,,Chicago Fed National Financial Conditions Index,-0.487,index,weekly,FRED_CHICAGO_FED,National Financial Conditions Index,https://fred.stlouisfed.org/series/NFCI,https://www.chicagofed.org/research/data/nfci/current-data,2026-08-31T14:34:09.166970Z,none
2017-04-21,financial_conditions_index,us,USA,,Chicago Fed National Financial Conditions Index,-0.495,index,weekly,FRED_CHICAGO_FED,National Financial Conditions Index,https://fred.stlouisfed.org/series/NFCI,https://www.chicagofed.org/research/data/nfci/current-data,2026-08-31T14:34:09.166970Z,none
2017-04-28,financial_conditions_index,us,USA,,Chicago Fed National Financial Conditions Index,-0.505,index,weekly,FRED_CHICAGO_FED,National Financial Conditions Index,https://fred.stlouisfed.org/series/NFCI,https://www.chicagofed.org/research/data/nfci/current-data,2026-08-31T14:34:09.166970Z,none
2017-05-05,financial_conditions_index,us,USA,,Chicago Fed National Financial Conditions Index,-0.516,index,weekly,FRED_CHICAGO_FED,National Financial Conditions Index,https://fred.stlouisfed.org/series/NFCI,https://www.chicagofed.org/research/data/nfci/current-data,2026-08-31T14:34:09.166970Z,none
2017-05-12,financial_conditions_index,us,USA,,Chicago Fed National Financial Conditions Index,-0.526,index,weekly,FRED_CHICAGO_FED,National Financial Conditions Index,https://fred.stlouisfed.org/series/NFCI,https://www.chicagofed.org/research/data/nfci/current-data,2026-08-31T14:34:09.166970Z,none
2017-05-19,financial_conditions_index,us,USA,,Chicago Fed National Financial Conditions Index,-0.535,index,weekly,FRED_CHICAGO_FED,National Financial Conditions Index,https://fred.stlouisfed.org/series/NFCI,https://www.chicagofed.org/research/data/nfci/current-data,2026-08-31T14:34:09.166970Z,none
2017-05-26,financial_conditions_index,us,USA,,Chicago Fed National Financial Conditions Index,-0.544,index,weekly,FRED_CHICAGO_FED,National Financial Conditions Index,https://fred.stlouisfed.org/series/NFCI,https://www.chicagofed.org/research/data/nfci/current-data,2026-08-31T14:34:09.166970Z,none
2017-06-02,financial_conditions_index,us,USA,,Chicago Fed National Financial Conditions Index,-0.551,index,weekly,FRED_CHICAGO_FED,National Financial Conditions Index,https://fred.stlouisfed.org/series/NFCI,https://www.chicagofed.org/research/data/nfci/current-data,2026-08-31T14:34:09.166970Z,none
2017-06-09,financial_conditions_index,us,USA,,Chicago Fed National Financial Conditions Index,-0.557,index,weekly,FRED_CHICAGO_FED,National Financial Conditions Index,https://fred.stlouisfed.org/series/NFCI,https://www.chicagofed.org/research/data/nfci/current-data,2026-08-31T14:34:09.166970Z,none
2017-06-16,financial_conditions_index,us,USA,,Chicago Fed National Financial Conditions Index,-0.561,index,weekly,FRED_CHICAGO_FED,National Financial Conditions Index,https://fred.stlouisfed.org/series/NFCI,https://www.chicagofed.org/research/data/nfci/current-data,2026-08-31T14:34:09.166970Z,none
2017-06-23,financial_conditions_index,us,USA,,Chicago Fed National Financial Conditions Index,-0.564,index,weekly,FRED_CHICAGO_FED,National Financial Conditions Index,https://fred.stlouisfed.org/series/NFCI,https://www.chicagofed.org/research/data/nfci/current-data,2026-08-31T14:34:09.166970Z,none
2017-06-30,financial_conditions_index,us,USA,,Chicago Fed National Financial Conditions Index,-0.568,index,weekly,FRED_CHICAGO_FED,National Financial Conditions Index,https://fred.stlouisfed.org/series/NFCI,https://www.chicagofed.org/research/data/nfci/current-data,2026-08-31T14:34:09.166970Z,none
2017-07-07,financial_conditions_index,us,USA,,Chicago Fed National Financial Conditions Index,-0.571,index,weekly,FRED_CHICAGO_FED,National Financial Conditions Index,https://fred.stlouisfed.org/series/NFCI,https://www.chicagofed.org/research/data/nfci/current-data,2026-08-31T14:34:09.166970Z,none
2017-07-14,financial_conditions_index,us,USA,,Chicago Fed National Financial Conditions Index,-0.574,index,weekly,FRED_CHICAGO_FED,National Financial Conditions Index,https://fred.stlouisfed.org/series/NFCI,https://www.chicagofed.org/research/data/nfci/current-data,2026-08-31T14:34:09.166970Z,none
2017-07-21,financial_conditions_index,us,USA,,Chicago Fed National Financial Conditions Index,-0.576,index,weekly,FRED_CHICAGO_FED,National Financial Conditions Index,https://fred.stlouisfed.org/series/NFCI,https://www.chicagofed.org/research/data/nfci/current-data,2026-08-31T14:34:09.166970Z,none
2017-07-28,financial_conditions_index,us,USA,,Chicago Fed National Financial Conditions Index,-0.576,index,weekly,FRED_CHICAGO_FED,National Financial Conditions Index,https://fred.stlouisfed.org/series/NFCI,https://www.chicagofed.org/research/data/nfci/current-data,2026-08-31T14:34:09.166970Z,none
2017-08-04,financial_conditions_index,us,USA,,Chicago Fed National Financial Conditions Index,-0.573,index,weekly,FRED_CHICAGO_FED,National Financial Conditions Index,https://fred.stlouisfed.org/series/NFCI,https://www.chicagofed.org/research/data/nfci/current-data,2026-08-31T14:34:09.166970Z,none
2017-08-11,financial_conditions_index,us,USA,,Chicago Fed National Financial Conditions Index,-0.567,index,weekly,FRED_CHICAGO_FED,National Financial Conditions Index,https://fred.stlouisfed.org/series/NFCI,https://www.chicagofed.org/research/data/nfci/current-data,2026-08-31T14:34:09.166970Z,none
2017-08-18,financial_conditions_index,us,USA,,Chicago Fed National Financial Conditions Index,-0.562,index,weekly,FRED_CHICAGO_FED,National Financial Conditions Index,https://fred.stlouisfed.org/series/NFCI,https://www.chicagofed.org/research/data/nfci/current-data,2026-08-31T14:34:09.166970Z,none
2017-08-25,financial_conditions_index,us,USA,,Chicago Fed National Financial Conditions Index,-0.558,index,weekly,FRED_CHICAGO_FED,National Financial Conditions Index,https://fred.stlouisfed.org/series/NFCI,https://www.chicagofed.org/research/data/nfci/current-data,2026-08-31T14:34:09.166970Z,none
2017-09-01,financial_conditions_index,us,USA,,Chicago Fed National Financial Conditions Index,-0.556,index,weekly,FRED_CHICAGO_FED,National Financial Conditions Index,https://fred.stlouisfed.org/series/NFCI,https://www.chicagofed.org/research/data/nfci/current-data,2026-08-31T14:34:09.166970Z,none
2017-09-08,financial_conditions_index,us,USA,,Chicago Fed National Financial Conditions Index,-0.555,index,weekly,FRED_CHICAGO_FED,National Financial Conditions Index,https://fred.stlouisfed.org/series/NFCI,https://www.chicagofed.org/research/data/nfci/current-data,2026-08-31T14:34:09.166970Z,none
2017-09-15,financial_conditions_index,us,USA,,Chicago Fed National Financial Conditions Index,-0.558,index,weekly,FRED_CHICAGO_FED,National Financial Conditions Index,https://fred.stlouisfed.org/series/NFCI,https://www.chicagofed.org/research/data/nfci/current-data,2026-08-31T14:34:09.166970Z,none
2017-09-22,financial_conditions_index,us,USA,,Chicago Fed National Financial Conditions Index,-0.562,index,weekly,FRED_CHICAGO_FED,National Financial Conditions Index,https://fred.stlouisfed.org/series/NFCI,https://www.chicagofed.org/research/data/nfci/current-data,2026-08-31T14:34:09.166970Z,none
2017-09-29,financial_conditions_index,us,USA,,Chicago Fed National Financial Conditions Index,-0.568,index,weekly,FRED_CHICAGO_FED,National Financial Conditions Index,https://fred.stlouisfed.org/series/NFCI,https://www.chicagofed.org/research/data/nfci/current-data,2026-08-31T14:34:09.166970Z,none
2017-10-06,financial_conditions_index,us,USA,,Chicago Fed National Financial Conditions Index,-0.575,index,weekly,FRED_CHICAGO_FED,National Financial Conditions Index,https://fred.stlouisfed.org/series/NFCI,https://www.chicagofed.org/research/data/nfci/current-data,2026-08-31T14:34:09.166970Z,none
2017-10-13,financial_conditions_index,us,USA,,Chicago Fed National Financial Conditions Index,-0.582,index,weekly,FRED_CHICAGO_FED,National Financial Conditions Index,https://fred.stlouisfed.org/series/NFCI,https://www.chicagofed.org/research/data/nfci/current-data,2026-08-31T14:34:09.166970Z,none
2017-10-20,financial_conditions_index,us,USA,,Chicago Fed National Financial Conditions Index,-0.588,index,weekly,FRED_CHICAGO_FED,National Financial Conditions Index,https://fred.stlouisfed.org/series/NFCI,https://www.chicagofed.org/research/data/nfci/current-data,2026-08-31T14:34:09.166970Z,none
2017-10-27,financial_conditions_index,us,USA,,Chicago Fed National Financial Conditions Index,-0.594,index,weekly,FRED_CHICAGO_FED,National Financial Conditions Index,https://fred.stlouisfed.org/series/NFCI,https://www.chicagofed.org/research/data/nfci/current-data,2026-08-31T14:34:09.166970Z,none
2017-11-03,financial_conditions_index,us,USA,,Chicago Fed National Financial Conditions Index,-0.598,index,weekly,FRED_CHICAGO_FED,National Financial Conditions Index,https://fred.stlouisfed.org/series/NFCI,https://www.chicagofed.org/research/data/nfci/current-data,2026-08-31T14:34:09.166970Z,none
2017-11-10,financial_conditions_index,us,USA,,Chicago Fed National Financial Conditions Index,-0.6,index,weekly,FRED_CHICAGO_FED,National Financial Conditions Index,https://fred.stlouisfed.org/series/NFCI,https://www.chicagofed.org/research/data/nfci/current-data,2026-08-31T14:34:09.166970Z,none
2017-11-17,financial_conditions_index,us,USA,,Chicago Fed National Financial Conditions Index,-0.601,index,weekly,FRED_CHICAGO_FED,National Financial Conditions Index,https://fred.stlouisfed.org/series/NFCI,https://www.chicagofed.org/research/data/nfci/current-data,2026-08-31T14:34:09.166970Z,none
2017-11-24,financial_conditions_index,us,USA,,Chicago Fed National Financial Conditions Index,-0.602,index,weekly,FRED_CHICAGO_FED,National Financial Conditions Index,https://fred.stlouisfed.org/series/NFCI,https://www.chicagofed.org/research/data/nfci/current-data,2026-08-31T14:34:09.166970Z,none
2017-12-01,financial_conditions_index,us,USA,,Chicago Fed National Financial Conditions Index,-0.603,index,weekly,FRED_CHICAGO_FED,National Financial Conditions Index,https://fred.stlouisfed.org/series/NFCI,https://www.chicagofed.org/research/data/nfci/current-data,2026-08-31T14:34:09.166970Z,none
2017-12-08,financial_conditions_index,us,USA,,Chicago Fed National Financial Conditions Index,-0.605,index,weekly,FRED_CHICAGO_FED,National Financial Conditions Index,https://fred.stlouisfed.org/series/NFCI,https://www.chicagofed.org/research/data/nfci/current-data,2026-08-31T14:34:09.166970Z,none
2017-12-15,financial_conditions_index,us,USA,,Chicago Fed National Financial Conditions Index,-0.607,index,weekly,FRED_CHICAGO_FED,National Financial Conditions Index,https://fred.stlouisfed.org/series/NFCI,https://www.chicagofed.org/research/data/nfci/current-data,2026-08-31T14:34:09.166970Z,none
2017-12-22,financial_conditions_index,us,USA,,Chicago Fed National Financial Conditions Index,-0.611,index,weekly,FRED_CHICAGO_FED,National Financial Conditions Index,https://fred.stlouisfed.org/series/NFCI,https://www.chicagofed.org/research/data/nfci/current-data,2026-08-31T14:34:09.166970Z,none
2017-12-29,financial_conditions_index,us,USA,,Chicago Fed National Financial Conditions Index,-0.615,index,weekly,FRED_CHICAGO_FED,National Financial Conditions Index,https://fred.stlouisfed.org/series/NFCI,https://www.chicagofed.org/research/data/nfci/current-data,2026-08-31T14:34:09.166970Z,none
2018-01-05,financial_conditions_index,us,USA,,Chicago Fed National Financial Conditions Index,-0.618,index,weekly,FRED_CHICAGO_FED,National Financial Conditions Index,https://fred.stlouisfed.org/series/NFCI,https://www.chicagofed.org/research/data/nfci/current-data,2026-08-31T14:34:09.166970Z,none
2018-01-12,financial_conditions_index,us,USA,,Chicago Fed National Financial Conditions Index,-0.618,index,weekly,FRED_CHICAGO_FED,National Financial Conditions Index,https://fred.stlouisfed.org/series/NFCI,https://www.chicagofed.org/research/data/nfci/current-data,2026-08-31T14:34:09.166970Z,none
2018-01-19,financial_conditions_index,us,USA,,Chicago Fed National Financial Conditions Index,-0.614,index,weekly,FRED_CHICAGO_FED,National Financial Conditions Index,https://fred.stlouisfed.org/series/NFCI,https://www.chicagofed.org/research/data/nfci/current-data,2026-08-31T14:34:09.166970Z,none
2018-01-26,financial_conditions_index,us,USA,,Chicago Fed National Financial Conditions Index,-0.605,index,weekly,FRED_CHICAGO_FED,National Financial Conditions Index,https://fred.stlouisfed.org/series/NFCI,https://www.chicagofed.org/research/data/nfci/current-data,2026-08-31T14:34:09.166970Z,none
2018-02-02,financial_conditions_index,us,USA,,Chicago Fed National Financial Conditions Index,-0.592,index,weekly,FRED_CHICAGO_FED,National Financial Conditions Index,https://fred.stlouisfed.org/series/NFCI,https://www.chicagofed.org/research/data/nfci/current-data,2026-08-31T14:34:09.166970Z,none
2018-02-09,financial_conditions_index,us,USA,,Chicago Fed National Financial Conditions Index,-0.574,index,weekly,FRED_CHICAGO_FED,National Financial Conditions Index,https://fred.stlouisfed.org/series/NFCI,https://www.chicagofed.org/research/data/nfci/current-data,2026-08-31T14:34:09.166970Z,none
2018-02-16,financial_conditions_index,us,USA,,Chicago Fed National Financial Conditions Index,-0.559,index,weekly,FRED_CHICAGO_FED,National Financial Conditions Index,https://fred.stlouisfed.org/series/NFCI,https://www.chicagofed.org/research/data/nfci/current-data,2026-08-31T14:34:09.166970Z,none
2018-02-23,financial_conditions_index,us,USA,,Chicago Fed National Financial Conditions Index,-0.544,index,weekly,FRED_CHICAGO_FED,National Financial Conditions Index,https://fred.stlouisfed.org/series/NFCI,https://www.chicagofed.org/research/data/nfci/current-data,2026-08-31T14:34:09.166970Z,none
2018-03-02,financial_conditions_index,us,USA,,Chicago Fed National Financial Conditions Index,-0.529,index,weekly,FRED_CHICAGO_FED,National Financial Conditions Index,https://fred.stlouisfed.org/series/NFCI,https://www.chicagofed.org/research/data/nfci/current-data,2026-08-31T14:34:09.166970Z,none
2018-03-09,financial_conditions_index,us,USA,,Chicago Fed National Financial Conditions Index,-0.516,index,weekly,FRED_CHICAGO_FED,National Financial Conditions Index,https://fred.stlouisfed.org/series/NFCI,https://www.chicagofed.org/research/data/nfci/current-data,2026-08-31T14:34:09.166970Z,none
2018-03-16,financial_conditions_index,us,USA,,Chicago Fed National Financial Conditions Index,-0.505,index,weekly,FRED_CHICAGO_FED,National Financial Conditions Index,https://fred.stlouisfed.org/series/NFCI,https://www.chicagofed.org/research/data/nfci/current-data,2026-08-31T14:34:09.166970Z,none
2018-03-23,financial_conditions_index,us,USA,,Chicago Fed National Financial Conditions Index,-0.498,index,weekly,FRED_CHICAGO_FED,National Financial Conditions Index,https://fred.stlouisfed.org/series/NFCI,https://www.chicagofed.org/research/data/nfci/current-data,2026-08-31T14:34:09.166970Z,none
2018-03-30,financial_conditions_index,us,USA,,Chicago Fed National Financial Conditions Index,-0.496,index,weekly,FRED_CHICAGO_FED,National Financial Conditions Index,https://fred.stlouisfed.org/series/NFCI,https://www.chicagofed.org/research/data/nfci/current-data,2026-08-31T14:34:09.166970Z,none
2018-04-06,financial_conditions_index,us,USA,,Chicago Fed National Financial Conditions Index,-0.5,index,weekly,FRED_CHICAGO_FED,National Financial Conditions Index,https://fred.stlouisfed.org/series/NFCI,https://www.chicagofed.org/research/data/nfci/current-data,2026-08-31T14:34:09.166970Z,none
2018-04-13,financial_conditions_index,us,USA,,Chicago Fed National Financial Conditions Index,-0.51,index,weekly,FRED_CHICAGO_FED,National Financial Conditions Index,https://fred.stlouisfed.org/series/NFCI,https://www.chicagofed.org/research/data/nfci/current-data,2026-08-31T14:34:09.166970Z,none
2018-04-20,financial_conditions_index,us,USA,,Chicago Fed National Financial Conditions Index,-0.524,index,weekly,FRED_CHICAGO_FED,National Financial Conditions Index,https://fred.stlouisfed.org/series/NFCI,https://www.chicagofed.org/research/data/nfci/current-data,2026-08-31T14:34:09.166970Z,none
2018-04-27,financial_conditions_index,us,USA,,Chicago Fed National Financial Conditions Index,-0.538,index,weekly,FRED_CHICAGO_FED,National Financial Conditions Index,https://fred.stlouisfed.org/series/NFCI,https://www.chicagofed.org/research/data/nfci/current-data,2026-08-31T14:34:09.166970Z,none
2018-05-04,financial_conditions_index,us,USA,,Chicago Fed National Financial Conditions Index,-0.55,index,weekly,FRED_CHICAGO_FED,National Financial Conditions Index,https://fred.stlouisfed.org/series/NFCI,https://www.chicagofed.org/research/data/nfci/current-data,2026-08-31T14:34:09.166970Z,none
2018-05-11,financial_conditions_index,us,USA,,Chicago Fed National Financial Conditions Index,-0.559,index,weekly,FRED_CHICAGO_FED,National Financial Conditions Index,https://fred.stlouisfed.org/series/NFCI,https://www.chicagofed.org/research/data/nfci/current-data,2026-08-31T14:34:09.166970Z,none
2018-05-18,financial_conditions_index,us,USA,,Chicago Fed National Financial Conditions Index,-0.564,index,weekly,FRED_CHICAGO_FED,National Financial Conditions Index,https://fred.stlouisfed.org/series/NFCI,https://www.chicagofed.org/research/data/nfci/current-data,2026-08-31T14:34:09.166970Z,none
2018-05-25,financial_conditions_index,us,USA,,Chicago Fed National Financial Conditions Index,-0.564,index,weekly,FRED_CHICAGO_FED,National Financial Conditions Index,https://fred.stlouisfed.org/series/NFCI,https://www.chicagofed.org/research/data/nfci/current-data,2026-08-31T14:34:09.166970Z,none
2018-06-01,financial_conditions_index,us,USA,,Chicago Fed National Financial Conditions Index,-0.559,index,weekly,FRED_CHICAGO_FED,National Financial Conditions Index,https://fred.stlouisfed.org/series/NFCI,https://www.chicagofed.org/research/data/nfci/current-data,2026-08-31T14:34:09.166970Z,none
2018-06-08,financial_conditions_index,us,USA,,Chicago Fed National Financial Conditions Index,-0.553,index,weekly,FRED_CHICAGO_FED,National Financial Conditions Index,https://fred.stlouisfed.org/series/NFCI,https://www.chicagofed.org/research/data/nfci/current-data,2026-08-31T14:34:09.166970Z,none
2018-06-15,financial_conditions_index,us,USA,,Chicago Fed National Financial Conditions Index,-0.547,index,weekly,FRED_CHICAGO_FED,National Financial Conditions Index,https://fred.stlouisfed.org/series/NFCI,https://www.chicagofed.org/research/data/nfci/current-data,2026-08-31T14:34:09.166970Z,none
2018-06-22,financial_conditions_index,us,USA,,Chicago Fed National Financial Conditions Index,-0.541,index,weekly,FRED_CHICAGO_FED,National Financial Conditions Index,https://fred.stlouisfed.org/series/NFCI,https://www.chicagofed.org/research/data/nfci/current-data,2026-08-31T14:34:09.166970Z,none
2018-06-29,financial_conditions_index,us,USA,,Chicago Fed National Financial Conditions Index,-0.538,index,weekly,FRED_CHICAGO_FED,National Financial Conditions Index,https://fred.stlouisfed.org/series/NFCI,https://www.chicagofed.org/research/data/nfci/current-data,2026-08-31T14:34:09.166970Z,none
2018-07-06,financial_conditions_index,us,USA,,Chicago Fed National Financial Conditions Index,-0.539,index,weekly,FRED_CHICAGO_FED,National Financial Conditions Index,https://fred.stlouisfed.org/series/NFCI,https://www.chicagofed.org/research/data/nfci/current-data,2026-08-31T14:34:09.166970Z,none
2018-07-13,financial_conditions_index,us,USA,,Chicago Fed National Financial Conditions Index,-0.544,index,weekly,FRED_CHICAGO_FED,National Financial Conditions Index,https://fred.stlouisfed.org/series/NFCI,https://www.chicagofed.org/research/data/nfci/current-data,2026-08-31T14:34:09.166970Z,none
2018-07-20,financial_conditions_index,us,USA,,Chicago Fed National Financial Conditions Index,-0.552,index,weekly,FRED_CHICAGO_FED,National Financial Conditions Index,https://fred.stlouisfed.org/series/NFCI,https://www.chicagofed.org/research/data/nfci/current-data,2026-08-31T14:34:09.166970Z,none
2018-07-27,financial_conditions_index,us,USA,,Chicago Fed National Financial Conditions Index,-0.561,index,weekly,FRED_CHICAGO_FED,National Financial Conditions Index,https://fred.stlouisfed.org/series/NFCI,https://www.chicagofed.org/research/data/nfci/current-data,2026-08-31T14:34:09.166970Z,none
2018-08-03,financial_conditions_index,us,USA,,Chicago Fed National Financial Conditions Index,-0.571,index,weekly,FRED_CHICAGO_FED,National Financial Conditions Index,https://fred.stlouisfed.org/series/NFCI,https://www.chicagofed.org/research/data/nfci/current-data,2026-08-31T14:34:09.166970Z,none
2018-08-10,financial_conditions_index,us,USA,,Chicago Fed National Financial Conditions Index,-0.58,index,weekly,FRED_CHICAGO_FED,National Financial Conditions Index,https://fred.stlouisfed.org/series/NFCI,https://www.chicagofed.org/research/data/nfci/current-data,2026-08-31T14:34:09.166970Z,none
2018-08-17,financial_conditions_index,us,USA,,Chicago Fed National Financial Conditions Index,-0.587,index,weekly,FRED_CHICAGO_FED,National Financial Conditions Index,https://fred.stlouisfed.org/series/NFCI,https://www.chicagofed.org/research/data/nfci/current-data,2026-08-31T14:34:09.166970Z,none
2018-08-24,financial_conditions_index,us,USA,,Chicago Fed National Financial Conditions Index,-0.593,index,weekly,FRED_CHICAGO_FED,National Financial Conditions Index,https://fred.stlouisfed.org/series/NFCI,https://www.chicagofed.org/research/data/nfci/current-data,2026-08-31T14:34:09.166970Z,none
2018-08-31,financial_conditions_index,us,USA,,Chicago Fed National Financial Conditions Index,-0.597,index,weekly,FRED_CHICAGO_FED,National Financial Conditions Index,https://fred.stlouisfed.org/series/NFCI,https://www.chicagofed.org/research/data/nfci/current-data,2026-08-31T14:34:09.166970Z,none
2018-09-07,financial_conditions_index,us,USA,,Chicago Fed National Financial Conditions Index,-0.599,index,weekly,FRED_CHICAGO_FED,National Financial Conditions Index,https://fred.stlouisfed.org/series/NFCI,https://www.chicagofed.org/research/data/nfci/current-data,2026-08-31T14:34:09.166970Z,none
2018-09-14,financial_conditions_index,us,USA,,Chicago Fed National Financial Conditions Index,-0.599,index,weekly,FRED_CHICAGO_FED,National Financial Conditions Index,https://fred.stlouisfed.org/series/NFCI,https://www.chicagofed.org/research/data/nfci/current-data,2026-08-31T14:34:09.166970Z,none
2018-09-21,financial_conditions_index,us,USA,,Chicago Fed National Financial Conditions Index,-0.596,index,weekly,FRED_CHICAGO_FED,National Financial Conditions Index,https://fred.stlouisfed.org/series/NFCI,https://www.chicagofed.org/research/data/nfci/current-data,2026-08-31T14:34:09.166970Z,none
2018-09-28,financial_conditions_index,us,USA,,Chicago Fed National Financial Conditions Index,-0.592,index,weekly,FRED_CHICAGO_FED,National Financial Conditions Index,https://fred.stlouisfed.org/series/NFCI,https://www.chicagofed.org/research/data/nfci/current-data,2026-08-31T14:34:09.166970Z,none
2018-10-05,financial_conditions_index,us,USA,,Chicago Fed National Financial Conditions Index,-0.585,index,weekly,FRED_CHICAGO_FED,National Financial Conditions Index,https://fred.stlouisfed.org/series/NFCI,https://www.chicagofed.org/research/data/nfci/current-data,2026-08-31T14:34:09.166970Z,none
2018-10-12,financial_conditions_index,us,USA,,Chicago Fed National Financial Conditions Index,-0.575,index,weekly,FRED_CHICAGO_FED,National Financial Conditions Index,https://fred.stlouisfed.org/series/NFCI,https://www.chicagofed.org/research/data/nfci/current-data,2026-08-31T14:34:09.166970Z,none
2018-10-19,financial_conditions_index,us,USA,,Chicago Fed National Financial Conditions Index,-0.564,index,weekly,FRED_CHICAGO_FED,National Financial Conditions Index,https://fred.stlouisfed.org/series/NFCI,https://www.chicagofed.org/research/data/nfci/current-data,2026-08-31T14:34:09.166970Z,none
2018-10-26,financial_conditions_index,us,USA,,Chicago Fed National Financial Conditions Index,-0.551,index,weekly,FRED_CHICAGO_FED,National Financial Conditions Index,https://fred.stlouisfed.org/series/NFCI,https://www.chicagofed.org/research/data/nfci/current-data,2026-08-31T14:34:09.166970Z,none
2018-11-02,financial_conditions_index,us,USA,,Chicago Fed National Financial Conditions Index,-0.536,index,weekly,FRED_CHICAGO_FED,National Financial Conditions Index,https://fred.stlouisfed.org/series/NFCI,https://www.chicagofed.org/research/data/nfci/current-data,2026-08-31T14:34:09.166970Z,none
2018-11-09,financial_conditions_index,us,USA,,Chicago Fed National Financial Conditions Index,-0.52,index,weekly,FRED_CHICAGO_FED,National Financial Conditions Index,https://fred.stlouisfed.org/series/NFCI,https://www.chicagofed.org/research/data/nfci/current-data,2026-08-31T14:34:09.166970Z,none
2018-11-16,financial_conditions_index,us,USA,,Chicago Fed National Financial Conditions Index,-0.501,index,weekly,FRED_CHICAGO_FED,National Financial Conditions Index,https://fred.stlouisfed.org/series/NFCI,https://www.chicagofed.org/research/data/nfci/current-data,2026-08-31T14:34:09.166970Z,none
2018-11-23,financial_conditions_index,us,USA,,Chicago Fed National Financial Conditions Index,-0.48,index,weekly,FRED_CHICAGO_FED,National Financial Conditions Index,https://fred.stlouisfed.org/series/NFCI,https://www.chicagofed.org/research/data/nfci/current-data,2026-08-31T14:34:09.166970Z,none
2018-11-30,financial_conditions_index,us,USA,,Chicago Fed National Financial Conditions Index,-0.46,index,weekly,FRED_CHICAGO_FED,National Financial Conditions Index,https://fred.stlouisfed.org/series/NFCI,https://www.chicagofed.org/research/data/nfci/current-data,2026-08-31T14:34:09.166970Z,none
2018-12-07,financial_conditions_index,us,USA,,Chicago Fed National Financial Conditions Index,-0.442,index,weekly,FRED_CHICAGO_FED,National Financial Conditions Index,https://fred.stlouisfed.org/series/NFCI,https://www.chicagofed.org/research/data/nfci/current-data,2026-08-31T14:34:09.166970Z,none
2018-12-14,financial_conditions_index,us,USA,,Chicago Fed National Financial Conditions Index,-0.429,index,weekly,FRED_CHICAGO_FED,National Financial Conditions Index,https://fred.stlouisfed.org/series/NFCI,https://www.chicagofed.org/research/data/nfci/current-data,2026-08-31T14:34:09.166970Z,none
2018-12-21,financial_conditions_index,us,USA,,Chicago Fed National Financial Conditions Index,-0.423,index,weekly,FRED_CHICAGO_FED,National Financial Conditions Index,https://fred.stlouisfed.org/series/NFCI,https://www.chicagofed.org/research/data/nfci/current-data,2026-08-31T14:34:09.166970Z,none
2018-12-28,financial_conditions_index,us,USA,,Chicago Fed National Financial Conditions Index,-0.426,index,weekly,FRED_CHICAGO_FED,National Financial Conditions Index,https://fred.stlouisfed.org/series/NFCI,https://www.chicagofed.org/research/data/nfci/current-data,2026-08-31T14:34:09.166970Z,none
2019-01-04,financial_conditions_index,us,USA,,Chicago Fed National Financial Conditions Index,-0.439,index,weekly,FRED_CHICAGO_FED,National Financial Conditions Index,https://fred.stlouisfed.org/series/NFCI,https://www.chicagofed.org/research/data/nfci/current-data,2026-08-31T14:34:09.166970Z,none
2019-01-11,financial_conditions_index,us,USA,,Chicago Fed National Financial Conditions Index,-0.458,index,weekly,FRED_CHICAGO_FED,National Financial Conditions Index,https://fred.stlouisfed.org/series/NFCI,https://www.chicagofed.org/research/data/nfci/current-data,2026-08-31T14:34:09.166970Z,none
2019-01-18,financial_conditions_index,us,USA,,Chicago Fed National Financial Conditions Index,-0.481,index,weekly,FRED_CHICAGO_FED,National Financial Conditions Index,https://fred.stlouisfed.org/series/NFCI,https://www.chicagofed.org/research/data/nfci/current-data,2026-08-31T14:34:09.166970Z,none
2019-01-25,financial_conditions_index,us,USA,,Chicago Fed National Financial Conditions Index,-0.506,index,weekly,FRED_CHICAGO_FED,National Financial Conditions Index,https://fred.stlouisfed.org/series/NFCI,https://www.chicagofed.org/research/data/nfci/current-data,2026-08-31T14:34:09.166970Z,none
2019-02-01,financial_conditions_index,us,USA,,Chicago Fed National Financial Conditions Index,-0.529,index,weekly,FRED_CHICAGO_FED,National Financial Conditions Index,https://fred.stlouisfed.org/series/NFCI,https://www.chicagofed.org/research/data/nfci/current-data,2026-08-31T14:34:09.166970Z,none
2019-02-08,financial_conditions_index,us,USA,,Chicago Fed National Financial Conditions Index,-0.55,index,weekly,FRED_CHICAGO_FED,National Financial Conditions Index,https://fred.stlouisfed.org/series/NFCI,https://www.chicagofed.org/research/data/nfci/current-data,2026-08-31T14:34:09.166970Z,none
2019-02-15,financial_conditions_index,us,USA,,Chicago Fed National Financial Conditions Index,-0.567,index,weekly,FRED_CHICAGO_FED,National Financial Conditions Index,https://fred.stlouisfed.org/series/NFCI,https://www.chicagofed.org/research/data/nfci/current-data,2026-08-31T14:34:09.166970Z,none
2019-02-22,financial_conditions_index,us,USA,,Chicago Fed National Financial Conditions Index,-0.58,index,weekly,FRED_CHICAGO_FED,National Financial Conditions Index,https://fred.stlouisfed.org/series/NFCI,https://www.chicagofed.org/research/data/nfci/current-data,2026-08-31T14:34:09.166970Z,none
2019-03-01,financial_conditions_index,us,USA,,Chicago Fed National Financial Conditions Index,-0.589,index,weekly,FRED_CHICAGO_FED,National Financial Conditions Index,https://fred.stlouisfed.org/series/NFCI,https://www.chicagofed.org/research/data/nfci/current-data,2026-08-31T14:34:09.166970Z,none
2019-03-08,financial_conditions_index,us,USA,,Chicago Fed National Financial Conditions Index,-0.595,index,weekly,FRED_CHICAGO_FED,National Financial Conditions Index,https://fred.stlouisfed.org/series/NFCI,https://www.chicagofed.org/research/data/nfci/current-data,2026-08-31T14:34:09.166970Z,none
2019-03-15,financial_conditions_index,us,USA,,Chicago Fed National Financial Conditions Index,-0.598,index,weekly,FRED_CHICAGO_FED,National Financial Conditions Index,https://fred.stlouisfed.org/series/NFCI,https://www.chicagofed.org/research/data/nfci/current-data,2026-08-31T14:34:09.166970Z,none
2019-03-22,financial_conditions_index,us,USA,,Chicago Fed National Financial Conditions Index,-0.602,index,weekly,FRED_CHICAGO_FED,National Financial Conditions Index,https://fred.stlouisfed.org/series/NFCI,https://www.chicagofed.org/research/data/nfci/current-data,2026-08-31T14:34:09.166970Z,none
2019-03-29,financial_conditions_index,us,USA,,Chicago Fed National Financial Conditions Index,-0.605,index,weekly,FRED_CHICAGO_FED,National Financial Conditions Index,https://fred.stlouisfed.org/series/NFCI,https://www.chicagofed.org/research/data/nfci/current-data,2026-08-31T14:34:09.166970Z,none
2019-04-05,financial_conditions_index,us,USA,,Chicago Fed National Financial Conditions Index,-0.609,index,weekly,FRED_CHICAGO_FED,National Financial Conditions Index,https://fred.stlouisfed.org/series/NFCI,https://www.chicagofed.org/research/data/nfci/current-data,2026-08-31T14:34:09.166970Z,none
2019-04-12,financial_conditions_index,us,USA,,Chicago Fed National Financial Conditions Index,-0.612,index,weekly,FRED_CHICAGO_FED,National Financial Conditions Index,https://fred.stlouisfed.org/series/NFCI,https://www.chicagofed.org/research/data/nfci/current-data,2026-08-31T14:34:09.166970Z,none
2019-04-19,financial_conditions_index,us,USA,,Chicago Fed National Financial Conditions Index,-0.614,index,weekly,FRED_CHICAGO_FED,National Financial Conditions Index,https://fred.stlouisfed.org/series/NFCI,https://www.chicagofed.org/research/data/nfci/current-data,2026-08-31T14:34:09.166970Z,none
2019-04-26,financial_conditions_index,us,USA,,Chicago Fed National Financial Conditions Index,-0.613,index,weekly,FRED_CHICAGO_FED,National Financial Conditions Index,https://fred.stlouisfed.org/series/NFCI,https://www.chicagofed.org/research/data/nfci/current-data,2026-08-31T14:34:09.166970Z,none
2019-05-03,financial_conditions_index,us,USA,,Chicago Fed National Financial Conditions Index,-0.61,index,weekly,FRED_CHICAGO_FED,National Financial Conditions Index,https://fred.stlouisfed.org/series/NFCI,https://www.chicagofed.org/research/data/nfci/current-data,2026-08-31T14:34:09.166970Z,none
2019-05-10,financial_conditions_index,us,USA,,Chicago Fed National Financial Conditions Index,-0.603,index,weekly,FRED_CHICAGO_FED,National Financial Conditions Index,https://fred.stlouisfed.org/series/NFCI,https://www.chicagofed.org/research/data/nfci/current-data,2026-08-31T14:34:09.166970Z,none
2019-05-17,financial_conditions_index,us,USA,,Chicago Fed National Financial Conditions Index,-0.596,index,weekly,FRED_CHICAGO_FED,National Financial Conditions Index,https://fred.stlouisfed.org/series/NFCI,https://www.chicagofed.org/research/data/nfci/current-data,2026-08-31T14:34:09.166970Z,none
2019-05-24,financial_conditions_index,us,USA,,Chicago Fed National Financial Conditions Index,-0.588,index,weekly,FRED_CHICAGO_FED,National Financial Conditions Index,https://fred.stlouisfed.org/series/NFCI,https://www.chicagofed.org/research/data/nfci/current-data,2026-08-31T14:34:09.166970Z,none
2019-05-31,financial_conditions_index,us,USA,,Chicago Fed National Financial Conditions Index,-0.58,index,weekly,FRED_CHICAGO_FED,National Financial Conditions Index,https://fred.stlouisfed.org/series/NFCI,https://www.chicagofed.org/research/data/nfci/current-data,2026-08-31T14:34:09.166970Z,none
2019-06-07,financial_conditions_index,us,USA,,Chicago Fed National Financial Conditions Index,-0.575,index,weekly,FRED_CHICAGO_FED,National Financial Conditions Index,https://fred.stlouisfed.org/series/NFCI,https://www.chicagofed.org/research/data/nfci/current-data,2026-08-31T14:34:09.166970Z,none
2019-06-14,financial_conditions_index,us,USA,,Chicago Fed National Financial Conditions Index,-0.572,index,weekly,FRED_CHICAGO_FED,National Financial Conditions Index,https://fred.stlouisfed.org/series/NFCI,https://www.chicagofed.org/research/data/nfci/current-data,2026-08-31T14:34:09.166970Z,none
2019-06-21,financial_conditions_index,us,USA,,Chicago Fed National Financial Conditions Index,-0.572,index,weekly,FRED_CHICAGO_FED,National Financial Conditions Index,https://fred.stlouisfed.org/series/NFCI,https://www.chicagofed.org/research/data/nfci/current-data,2026-08-31T14:34:09.166970Z,none
2019-06-28,financial_conditions_index,us,USA,,Chicago Fed National Financial Conditions Index,-0.574,index,weekly,FRED_CHICAGO_FED,National Financial Conditions Index,https://fred.stlouisfed.org/series/NFCI,https://www.chicagofed.org/research/data/nfci/current-data,2026-08-31T14:34:09.166970Z,none
2019-07-05,financial_conditions_index,us,USA,,Chicago Fed National Financial Conditions Index,-0.578,index,weekly,FRED_CHICAGO_FED,National Financial Conditions Index,https://fred.stlouisfed.org/series/NFCI,https://www.chicagofed.org/research/data/nfci/current-data,2026-08-31T14:34:09.166970Z,none
2019-07-12,financial_conditions_index,us,USA,,Chicago Fed National Financial Conditions Index,-0.58,index,weekly,FRED_CHICAGO_FED,National Financial Conditions Index,https://fred.stlouisfed.org/series/NFCI,https://www.chicagofed.org/research/data/nfci/current-data,2026-08-31T14:34:09.166970Z,none
2019-07-19,financial_conditions_index,us,USA,,Chicago Fed National Financial Conditions Index,-0.579,index,weekly,FRED_CHICAGO_FED,National Financial Conditions Index,https://fred.stlouisfed.org/series/NFCI,https://www.chicagofed.org/research/data/nfci/current-data,2026-08-31T14:34:09.166970Z,none
2019-07-26,financial_conditions_index,us,USA,,Chicago Fed National Financial Conditions Index,-0.576,index,weekly,FRED_CHICAGO_FED,National Financial Conditions Index,https://fred.stlouisfed.org/series/NFCI,https://www.chicagofed.org/research/data/nfci/current-data,2026-08-31T14:34:09.166970Z,none
2019-08-02,financial_conditions_index,us,USA,,Chicago Fed National Financial Conditions Index,-0.568,index,weekly,FRED_CHICAGO_FED,National Financial Conditions Index,https://fred.stlouisfed.org/series/NFCI,https://www.chicagofed.org/research/data/nfci/current-data,2026-08-31T14:34:09.166970Z,none
2019-08-09,financial_conditions_index,us,USA,,Chicago Fed National Financial Conditions Index,-0.558,index,weekly,FRED_CHICAGO_FED,National Financial Conditions Index,https://fred.stlouisfed.org/series/NFCI,https://www.chicagofed.org/research/data/nfci/current-data,2026-08-31T14:34:09.166970Z,none
2019-08-16,financial_conditions_index,us,USA,,Chicago Fed National Financial Conditions Index,-0.546,index,weekly,FRED_CHICAGO_FED,National Financial Conditions Index,https://fred.stlouisfed.org/series/NFCI,https://www.chicagofed.org/research/data/nfci/current-data,2026-08-31T14:34:09.166970Z,none
2019-08-23,financial_conditions_index,us,USA,,Chicago Fed National Financial Conditions Index,-0.536,index,weekly,FRED_CHICAGO_FED,National Financial Conditions Index,https://fred.stlouisfed.org/series/NFCI,https://www.chicagofed.org/research/data/nfci/current-data,2026-08-31T14:34:09.166970Z,none
2019-08-30,financial_conditions_index,us,USA,,Chicago Fed National Financial Conditions Index,-0.526,index,weekly,FRED_CHICAGO_FED,National Financial Conditions Index,https://fred.stlouisfed.org/series/NFCI,https://www.chicagofed.org/research/data/nfci/current-data,2026-08-31T14:34:09.166970Z,none
2019-09-06,financial_conditions_index,us,USA,,Chicago Fed National Financial Conditions Index,-0.519,index,weekly,FRED_CHICAGO_FED,National Financial Conditions Index,https://fred.stlouisfed.org/series/NFCI,https://www.chicagofed.org/research/data/nfci/current-data,2026-08-31T14:34:09.166970Z,none
2019-09-13,financial_conditions_index,us,USA,,Chicago Fed National Financial Conditions Index,-0.514,index,weekly,FRED_CHICAGO_FED,National Financial Conditions Index,https://fred.stlouisfed.org/series/NFCI,https://www.chicagofed.org/research/data/nfci/current-data,2026-08-31T14:34:09.166970Z,none
2019-09-20,financial_conditions_index,us,USA,,Chicago Fed National Financial Conditions Index,-0.51,index,weekly,FRED_CHICAGO_FED,National Financial Conditions Index,https://fred.stlouisfed.org/series/NFCI,https://www.chicagofed.org/research/data/nfci/current-data,2026-08-31T14:34:09.166970Z,none
2019-09-27,financial_conditions_index,us,USA,,Chicago Fed National Financial Conditions Index,-0.51,index,weekly,FRED_CHICAGO_FED,National Financial Conditions Index,https://fred.stlouisfed.org/series/NFCI,https://www.chicagofed.org/research/data/nfci/current-data,2026-08-31T14:34:09.166970Z,none
2019-10-04,financial_conditions_index,us,USA,,Chicago Fed National Financial Conditions Index,-0.514,index,weekly,FRED_CHICAGO_FED,National Financial Conditions Index,https://fred.stlouisfed.org/series/NFCI,https://www.chicagofed.org/research/data/nfci/current-data,2026-08-31T14:34:09.166970Z,none
2019-10-11,financial_conditions_index,us,USA,,Chicago Fed National Financial Conditions Index,-0.523,index,weekly,FRED_CHICAGO_FED,National Financial Conditions Index,https://fred.stlouisfed.org/series/NFCI,https://www.chicagofed.org/research/data/nfci/current-data,2026-08-31T14:34:09.166970Z,none
2019-10-18,financial_conditions_index,us,USA,,Chicago Fed National Financial Conditions Index,-0.535,index,weekly,FRED_CHICAGO_FED,National Financial Conditions Index,https://fred.stlouisfed.org/series/NFCI,https://www.chicagofed.org/research/data/nfci/current-data,2026-08-31T14:34:09.166970Z,none
2019-10-25,financial_conditions_index,us,USA,,Chicago Fed National Financial Conditions Index,-0.549,index,weekly,FRED_CHICAGO_FED,National Financial Conditions Index,https://fred.stlouisfed.org/series/NFCI,https://www.chicagofed.org/research/data/nfci/current-data,2026-08-31T14:34:09.166970Z,none
2019-11-01,financial_conditions_index,us,USA,,Chicago Fed National Financial Conditions Index,-0.561,index,weekly,FRED_CHICAGO_FED,National Financial Conditions Index,https://fred.stlouisfed.org/series/NFCI,https://www.chicagofed.org/research/data/nfci/current-data,2026-08-31T14:34:09.166970Z,none
2019-11-08,financial_conditions_index,us,USA,,Chicago Fed National Financial Conditions Index,-0.57,index,weekly,FRED_CHICAGO_FED,National Financial Conditions Index,https://fred.stlouisfed.org/series/NFCI,https://www.chicagofed.org/research/data/nfci/current-data,2026-08-31T14:34:09.166970Z,none
2019-11-15,financial_conditions_index,us,USA,,Chicago Fed National Financial Conditions Index,-0.575,index,weekly,FRED_CHICAGO_FED,National Financial Conditions Index,https://fred.stlouisfed.org/series/NFCI,https://www.chicagofed.org/research/data/nfci/current-data,2026-08-31T14:34:09.166970Z,none
2019-11-22,financial_conditions_index,us,USA,,Chicago Fed National Financial Conditions Index,-0.574,index,weekly,FRED_CHICAGO_FED,National Financial Conditions Index,https://fred.stlouisfed.org/series/NFCI,https://www.chicagofed.org/research/data/nfci/current-data,2026-08-31T14:34:09.166970Z,none
2019-11-29,financial_conditions_index,us,USA,,Chicago Fed National Financial Conditions Index,-0.569,index,weekly,FRED_CHICAGO_FED,National Financial Conditions Index,https://fred.stlouisfed.org/series/NFCI,https://www.chicagofed.org/research/data/nfci/current-data,2026-08-31T14:34:09.166970Z,none
2019-12-06,financial_conditions_index,us,USA,,Chicago Fed National Financial Conditions Index,-0.56,index,weekly,FRED_CHICAGO_FED,National Financial Conditions Index,https://fred.stlouisfed.org/series/NFCI,https://www.chicagofed.org/research/data/nfci/current-data,2026-08-31T14:34:09.166970Z,none
2019-12-13,financial_conditions_index,us,USA,,Chicago Fed National Financial Conditions Index,-0.552,index,weekly,FRED_CHICAGO_FED,National Financial Conditions Index,https://fred.stlouisfed.org/series/NFCI,https://www.chicagofed.org/research/data/nfci/current-data,2026-08-31T14:34:09.166970Z,none
2019-12-20,financial_conditions_index,us,USA,,Chicago Fed National Financial Conditions Index,-0.548,index,weekly,FRED_CHICAGO_FED,National Financial Conditions Index,https://fred.stlouisfed.org/series/NFCI,https://www.chicagofed.org/research/data/nfci/current-data,2026-08-31T14:34:09.166970Z,none
2019-12-27,financial_conditions_index,us,USA,,Chicago Fed National Financial Conditions Index,-0.553,index,weekly,FRED_CHICAGO_FED,National Financial Conditions Index,https://fred.stlouisfed.org/series/NFCI,https://www.chicagofed.org/research/data/nfci/current-data,2026-08-31T14:34:09.166970Z,none
2020-01-03,financial_conditions_index,us,USA,,Chicago Fed National Financial Conditions Index,-0.567,index,weekly,FRED_CHICAGO_FED,National Financial Conditions Index,https://fred.stlouisfed.org/series/NFCI,https://www.chicagofed.org/research/data/nfci/current-data,2026-08-31T14:34:09.166970Z,none
2020-01-10,financial_conditions_index,us,USA,,Chicago Fed National Financial Conditions Index,-0.587,index,weekly,FRED_CHICAGO_FED,National Financial Conditions Index,https://fred.stlouisfed.org/series/NFCI,https://www.chicagofed.org/research/data/nfci/current-data,2026-08-31T14:34:09.166970Z,none
2020-01-17,financial_conditions_index,us,USA,,Chicago Fed National Financial Conditions Index,-0.608,index,weekly,FRED_CHICAGO_FED,National Financial Conditions Index,https://fred.stlouisfed.org/series/NFCI,https://www.chicagofed.org/research/data/nfci/current-data,2026-08-31T14:34:09.166970Z,none
2020-01-24,financial_conditions_index,us,USA,,Chicago Fed National Financial Conditions Index,-0.622,index,weekly,FRED_CHICAGO_FED,National Financial Conditions Index,https://fred.stlouisfed.org/series/NFCI,https://www.chicagofed.org/research/data/nfci/current-data,2026-08-31T14:34:09.166970Z,none
2020-01-31,financial_conditions_index,us,USA,,Chicago Fed National Financial Conditions Index,-0.62,index,weekly,FRED_CHICAGO_FED,National Financial Conditions Index,https://fred.stlouisfed.org/series/NFCI,https://www.chicagofed.org/research/data/nfci/current-data,2026-08-31T14:34:09.166970Z,none
2020-02-07,financial_conditions_index,us,USA,,Chicago Fed National Financial Conditions Index,-0.594,index,weekly,FRED_CHICAGO_FED,National Financial Conditions Index,https://fred.stlouisfed.org/series/NFCI,https://www.chicagofed.org/research/data/nfci/current-data,2026-08-31T14:34:09.166970Z,none
2020-02-14,financial_conditions_index,us,USA,,Chicago Fed National Financial Conditions Index,-0.534,index,weekly,FRED_CHICAGO_FED,National Financial Conditions Index,https://fred.stlouisfed.org/series/NFCI,https://www.chicagofed.org/research/data/nfci/current-data,2026-08-31T14:34:09.166970Z,none
2020-02-21,financial_conditions_index,us,USA,,Chicago Fed National Financial Conditions Index,-0.434,index,weekly,FRED_CHICAGO_FED,National Financial Conditions Index,https://fred.stlouisfed.org/series/NFCI,https://www.chicagofed.org/research/data/nfci/current-data,2026-08-31T14:34:09.166970Z,none
2020-02-28,financial_conditions_index,us,USA,,Chicago Fed National Financial Conditions Index,-0.295,index,weekly,FRED_CHICAGO_FED,National Financial Conditions Index,https://fred.stlouisfed.org/series/NFCI,https://www.chicagofed.org/research/data/nfci/current-data,2026-08-31T14:34:09.166970Z,none
2020-03-06,financial_conditions_index,us,USA,,Chicago Fed National Financial Conditions Index,-0.135,index,weekly,FRED_CHICAGO_FED,National Financial Conditions Index,https://fred.stlouisfed.org/series/NFCI,https://www.chicagofed.org/research/data/nfci/current-data,2026-08-31T14:34:09.166970Z,none
2020-03-13,financial_conditions_index,us,USA,,Chicago Fed National Financial Conditions Index,0.03,index,weekly,FRED_CHICAGO_FED,National Financial Conditions Index,https://fred.stlouisfed.org/series/NFCI,https://www.chicagofed.org/research/data/nfci/current-data,2026-08-31T14:34:09.166970Z,none
2020-03-20,financial_conditions_index,us,USA,,Chicago Fed National Financial Conditions Index,0.174,index,weekly,FRED_CHICAGO_FED,National Financial Conditions Index,https://fred.stlouisfed.org/series/NFCI,https://www.chicagofed.org/research/data/nfci/current-data,2026-08-31T14:34:09.166970Z,none
2020-03-27,financial_conditions_index,us,USA,,Chicago Fed National Financial Conditions Index,0.266,index,weekly,FRED_CHICAGO_FED,National Financial Conditions Index,https://fred.stlouisfed.org/series/NFCI,https://www.chicagofed.org/research/data/nfci/current-data,2026-08-31T14:34:09.166970Z,none
2020-04-03,financial_conditions_index,us,USA,,Chicago Fed National Financial Conditions Index,0.305,index,weekly,FRED_CHICAGO_FED,National Financial Conditions Index,https://fred.stlouisfed.org/series/NFCI,https://www.chicagofed.org/research/data/nfci/current-data,2026-08-31T14:34:09.166970Z,none
2020-04-10,financial_conditions_index,us,USA,,Chicago Fed National Financial Conditions Index,0.291,index,weekly,FRED_CHICAGO_FED,National Financial Conditions Index,https://fred.stlouisfed.org/series/NFCI,https://www.chicagofed.org/research/data/nfci/current-data,2026-08-31T14:34:09.166970Z,none
2020-04-17,financial_conditions_index,us,USA,,Chicago Fed National Financial Conditions Index,0.236,index,weekly,FRED_CHICAGO_FED,National Financial Conditions Index,https://fred.stlouisfed.org/series/NFCI,https://www.chicagofed.org/research/data/nfci/current-data,2026-08-31T14:34:09.166970Z,none
2020-04-24,financial_conditions_index,us,USA,,Chicago Fed National Financial Conditions Index,0.158,index,weekly,FRED_CHICAGO_FED,National Financial Conditions Index,https://fred.stlouisfed.org/series/NFCI,https://www.chicagofed.org/research/data/nfci/current-data,2026-08-31T14:34:09.166970Z,none
2020-05-01,financial_conditions_index,us,USA,,Chicago Fed National Financial Conditions Index,0.061,index,weekly,FRED_CHICAGO_FED,National Financial Conditions Index,https://fred.stlouisfed.org/series/NFCI,https://www.chicagofed.org/research/data/nfci/current-data,2026-08-31T14:34:09.166970Z,none
2020-05-08,financial_conditions_index,us,USA,,Chicago Fed National Financial Conditions Index,-0.038,index,weekly,FRED_CHICAGO_FED,National Financial Conditions Index,https://fred.stlouisfed.org/series/NFCI,https://www.chicagofed.org/research/data/nfci/current-data,2026-08-31T14:34:09.166970Z,none
2020-05-15,financial_conditions_index,us,USA,,Chicago Fed National Financial Conditions Index,-0.127,index,weekly,FRED_CHICAGO_FED,National Financial Conditions Index,https://fred.stlouisfed.org/series/NFCI,https://www.chicagofed.org/research/data/nfci/current-data,2026-08-31T14:34:09.166970Z,none
2020-05-22,financial_conditions_index,us,USA,,Chicago Fed National Financial Conditions Index,-0.206,index,weekly,FRED_CHICAGO_FED,National Financial Conditions Index,https://fred.stlouisfed.org/series/NFCI,https://www.chicagofed.org/research/data/nfci/current-data,2026-08-31T14:34:09.166970Z,none
2020-05-29,financial_conditions_index,us,USA,,Chicago Fed National Financial Conditions Index,-0.269,index,weekly,FRED_CHICAGO_FED,National Financial Conditions Index,https://fred.stlouisfed.org/series/NFCI,https://www.chicagofed.org/research/data/nfci/current-data,2026-08-31T14:34:09.166970Z,none
2020-06-05,financial_conditions_index,us,USA,,Chicago Fed National Financial Conditions Index,-0.315,index,weekly,FRED_CHICAGO_FED,National Financial Conditions Index,https://fred.stlouisfed.org/series/NFCI,https://www.chicagofed.org/research/data/nfci/current-data,2026-08-31T14:34:09.166970Z,none
2020-06-12,financial_conditions_index,us,USA,,Chicago Fed National Financial Conditions Index,-0.345,index,weekly,FRED_CHICAGO_FED,National Financial Conditions Index,https://fred.stlouisfed.org/series/NFCI,https://www.chicagofed.org/research/data/nfci/current-data,2026-08-31T14:34:09.166970Z,none
2020-06-19,financial_conditions_index,us,USA,,Chicago Fed National Financial Conditions Index,-0.367,index,weekly,FRED_CHICAGO_FED,National Financial Conditions Index,https://fred.stlouisfed.org/series/NFCI,https://www.chicagofed.org/research/data/nfci/current-data,2026-08-31T14:34:09.166970Z,none
2020-06-26,financial_conditions_index,us,USA,,Chicago Fed National Financial Conditions Index,-0.385,index,weekly,FRED_CHICAGO_FED,National Financial Conditions Index,https://fred.stlouisfed.org/series/NFCI,https://www.chicagofed.org/research/data/nfci/current-data,2026-08-31T14:34:09.166970Z,none
2020-07-03,financial_conditions_index,us,USA,,Chicago Fed National Financial Conditions Index,-0.402,index,weekly,FRED_CHICAGO_FED,National Financial Conditions Index,https://fred.stlouisfed.org/series/NFCI,https://www.chicagofed.org/research/data/nfci/current-data,2026-08-31T14:34:09.166970Z,none
2020-07-10,financial_conditions_index,us,USA,,Chicago Fed National Financial Conditions Index,-0.42,index,weekly,FRED_CHICAGO_FED,National Financial Conditions Index,https://fred.stlouisfed.org/series/NFCI,https://www.chicagofed.org/research/data/nfci/current-data,2026-08-31T14:34:09.166970Z,none
2020-07-17,financial_conditions_index,us,USA,,Chicago Fed National Financial Conditions Index,-0.439,index,weekly,FRED_CHICAGO_FED,National Financial Conditions Index,https://fred.stlouisfed.org/series/NFCI,https://www.chicagofed.org/research/data/nfci/current-data,2026-08-31T14:34:09.166970Z,none
2020-07-24,financial_conditions_index,us,USA,,Chicago Fed National Financial Conditions Index,-0.457,index,weekly,FRED_CHICAGO_FED,National Financial Conditions Index,https://fred.stlouisfed.org/series/NFCI,https://www.chicagofed.org/research/data/nfci/current-data,2026-08-31T14:34:09.166970Z,none
2020-07-31,financial_conditions_index,us,USA,,Chicago Fed National Financial Conditions Index,-0.475,index,weekly,FRED_CHICAGO_FED,National Financial Conditions Index,https://fred.stlouisfed.org/series/NFCI,https://www.chicagofed.org/research/data/nfci/current-data,2026-08-31T14:34:09.166970Z,none
2020-08-07,financial_conditions_index,us,USA,,Chicago Fed National Financial Conditions Index,-0.489,index,weekly,FRED_CHICAGO_FED,National Financial Conditions Index,https://fred.stlouisfed.org/series/NFCI,https://www.chicagofed.org/research/data/nfci/current-data,2026-08-31T14:34:09.166970Z,none
2020-08-14,financial_conditions_index,us,USA,,Chicago Fed National Financial Conditions Index,-0.499,index,weekly,FRED_CHICAGO_FED,National Financial Conditions Index,https://fred.stlouisfed.org/series/NFCI,https://www.chicagofed.org/research/data/nfci/current-data,2026-08-31T14:34:09.166970Z,none
2020-08-21,financial_conditions_index,us,USA,,Chicago Fed National Financial Conditions Index,-0.505,index,weekly,FRED_CHICAGO_FED,National Financial Conditions Index,https://fred.stlouisfed.org/series/NFCI,https://www.chicagofed.org/research/data/nfci/current-data,2026-08-31T14:34:09.166970Z,none
2020-08-28,financial_conditions_index,us,USA,,Chicago Fed National Financial Conditions Index,-0.507,index,weekly,FRED_CHICAGO_FED,National Financial Conditions Index,https://fred.stlouisfed.org/series/NFCI,https://www.chicagofed.org/research/data/nfci/current-data,2026-08-31T14:34:09.166970Z,none
2020-09-04,financial_conditions_index,us,USA,,Chicago Fed National Financial Conditions Index,-0.505,index,weekly,FRED_CHICAGO_FED,National Financial Conditions Index,https://fred.stlouisfed.org/series/NFCI,https://www.chicagofed.org/research/data/nfci/current-data,2026-08-31T14:34:09.166970Z,none
2020-09-11,financial_conditions_index,us,USA,,Chicago Fed National Financial Conditions Index,-0.501,index,weekly,FRED_CHICAGO_FED,National Financial Conditions Index,https://fred.stlouisfed.org/series/NFCI,https://www.chicagofed.org/research/data/nfci/current-data,2026-08-31T14:34:09.166970Z,none
2020-09-18,financial_conditions_index,us,USA,,Chicago Fed National Financial Conditions Index,-0.497,index,weekly,FRED_CHICAGO_FED,National Financial Conditions Index,https://fred.stlouisfed.org/series/NFCI,https://www.chicagofed.org/research/data/nfci/current-data,2026-08-31T14:34:09.166970Z,none
2020-09-25,financial_conditions_index,us,USA,,Chicago Fed National Financial Conditions Index,-0.492,index,weekly,FRED_CHICAGO_FED,National Financial Conditions Index,https://fred.stlouisfed.org/series/NFCI,https://www.chicagofed.org/research/data/nfci/current-data,2026-08-31T14:34:09.166970Z,none
2020-10-02,financial_conditions_index,us,USA,,Chicago Fed National Financial Conditions Index,-0.489,index,weekly,FRED_CHICAGO_FED,National Financial Conditions Index,https://fred.stlouisfed.org/series/NFCI,https://www.chicagofed.org/research/data/nfci/current-data,2026-08-31T14:34:09.166970Z,none
2020-10-09,financial_conditions_index,us,USA,,Chicago Fed National Financial Conditions Index,-0.489,index,weekly,FRED_CHICAGO_FED,National Financial Conditions Index,https://fred.stlouisfed.org/series/NFCI,https://www.chicagofed.org/research/data/nfci/current-data,2026-08-31T14:34:09.166970Z,none
2020-10-16,financial_conditions_index,us,USA,,Chicago Fed National Financial Conditions Index,-0.492,index,weekly,FRED_CHICAGO_FED,National Financial Conditions Index,https://fred.stlouisfed.org/series/NFCI,https://www.chicagofed.org/research/data/nfci/current-data,2026-08-31T14:34:09.166970Z,none
2020-10-23,financial_conditions_index,us,USA,,Chicago Fed National Financial Conditions Index,-0.498,index,weekly,FRED_CHICAGO_FED,National Financial Conditions Index,https://fred.stlouisfed.org/series/NFCI,https://www.chicagofed.org/research/data/nfci/current-data,2026-08-31T14:34:09.166970Z,none
2020-10-30,financial_conditions_index,us,USA,,Chicago Fed National Financial Conditions Index,-0.507,index,weekly,FRED_CHICAGO_FED,National Financial Conditions Index,https://fred.stlouisfed.org/series/NFCI,https://www.chicagofed.org/research/data/nfci/current-data,2026-08-31T14:34:09.166970Z,none
2020-11-06,financial_conditions_index,us,USA,,Chicago Fed National Financial Conditions Index,-0.52,index,weekly,FRED_CHICAGO_FED,National Financial Conditions Index,https://fred.stlouisfed.org/series/NFCI,https://www.chicagofed.org/research/data/nfci/current-data,2026-08-31T14:34:09.166970Z,none
2020-11-13,financial_conditions_index,us,USA,,Chicago Fed National Financial Conditions Index,-0.537,index,weekly,FRED_CHICAGO_FED,National Financial Conditions Index,https://fred.stlouisfed.org/series/NFCI,https://www.chicagofed.org/research/data/nfci/current-data,2026-08-31T14:34:09.166970Z,none
2020-11-20,financial_conditions_index,us,USA,,Chicago Fed National Financial Conditions Index,-0.553,index,weekly,FRED_CHICAGO_FED,National Financial Conditions Index,https://fred.stlouisfed.org/series/NFCI,https://www.chicagofed.org/research/data/nfci/current-data,2026-08-31T14:34:09.166970Z,none
2020-11-27,financial_conditions_index,us,USA,,Chicago Fed National Financial Conditions Index,-0.567,index,weekly,FRED_CHICAGO_FED,National Financial Conditions Index,https://fred.stlouisfed.org/series/NFCI,https://www.chicagofed.org/research/data/nfci/current-data,2026-08-31T14:34:09.166970Z,none
2020-12-04,financial_conditions_index,us,USA,,Chicago Fed National Financial Conditions Index,-0.58,index,weekly,FRED_CHICAGO_FED,National Financial Conditions Index,https://fred.stlouisfed.org/series/NFCI,https://www.chicagofed.org/research/data/nfci/current-data,2026-08-31T14:34:09.166970Z,none
2020-12-11,financial_conditions_index,us,USA,,Chicago Fed National Financial Conditions Index,-0.59,index,weekly,FRED_CHICAGO_FED,National Financial Conditions Index,https://fred.stlouisfed.org/series/NFCI,https://www.chicagofed.org/research/data/nfci/current-data,2026-08-31T14:34:09.166970Z,none
2020-12-18,financial_conditions_index,us,USA,,Chicago Fed National Financial Conditions Index,-0.597,index,weekly,FRED_CHICAGO_FED,National Financial Conditions Index,https://fred.stlouisfed.org/series/NFCI,https://www.chicagofed.org/research/data/nfci/current-data,2026-08-31T14:34:09.166970Z,none
2020-12-25,financial_conditions_index,us,USA,,Chicago Fed National Financial Conditions Index,-0.604,index,weekly,FRED_CHICAGO_FED,National Financial Conditions Index,https://fred.stlouisfed.org/series/NFCI,https://www.chicagofed.org/research/data/nfci/current-data,2026-08-31T14:34:09.166970Z,none
2021-01-01,financial_conditions_index,us,USA,,Chicago Fed National Financial Conditions Index,-0.609,index,weekly,FRED_CHICAGO_FED,National Financial Conditions Index,https://fred.stlouisfed.org/series/NFCI,https://www.chicagofed.org/research/data/nfci/current-data,2026-08-31T14:34:09.166970Z,none
2021-01-08,financial_conditions_index,us,USA,,Chicago Fed National Financial Conditions Index,-0.613,index,weekly,FRED_CHICAGO_FED,National Financial Conditions Index,https://fred.stlouisfed.org/series/NFCI,https://www.chicagofed.org/research/data/nfci/current-data,2026-08-31T14:34:09.166970Z,none
2021-01-15,financial_conditions_index,us,USA,,Chicago Fed National Financial Conditions Index,-0.616,index,weekly,FRED_CHICAGO_FED,National Financial Conditions Index,https://fred.stlouisfed.org/series/NFCI,https://www.chicagofed.org/research/data/nfci/current-data,2026-08-31T14:34:09.166970Z,none
2021-01-22,financial_conditions_index,us,USA,,Chicago Fed National Financial Conditions Index,-0.618,index,weekly,FRED_CHICAGO_FED,National Financial Conditions Index,https://fred.stlouisfed.org/series/NFCI,https://www.chicagofed.org/research/data/nfci/current-data,2026-08-31T14:34:09.166970Z,none
2021-01-29,financial_conditions_index,us,USA,,Chicago Fed National Financial Conditions Index,-0.618,index,weekly,FRED_CHICAGO_FED,National Financial Conditions Index,https://fred.stlouisfed.org/series/NFCI,https://www.chicagofed.org/research/data/nfci/current-data,2026-08-31T14:34:09.166970Z,none
2021-02-05,financial_conditions_index,us,USA,,Chicago Fed National Financial Conditions Index,-0.621,index,weekly,FRED_CHICAGO_FED,National Financial Conditions Index,https://fred.stlouisfed.org/series/NFCI,https://www.chicagofed.org/research/data/nfci/current-data,2026-08-31T14:34:09.166970Z,none
2021-02-12,financial_conditions_index,us,USA,,Chicago Fed National Financial Conditions Index,-0.622,index,weekly,FRED_CHICAGO_FED,National Financial Conditions Index,https://fred.stlouisfed.org/series/NFCI,https://www.chicagofed.org/research/data/nfci/current-data,2026-08-31T14:34:09.166970Z,none
2021-02-19,financial_conditions_index,us,USA,,Chicago Fed National Financial Conditions Index,-0.624,index,weekly,FRED_CHICAGO_FED,National Financial Conditions Index,https://fred.stlouisfed.org/series/NFCI,https://www.chicagofed.org/research/data/nfci/current-data,2026-08-31T14:34:09.166970Z,none
2021-02-26,financial_conditions_index,us,USA,,Chicago Fed National Financial Conditions Index,-0.627,index,weekly,FRED_CHICAGO_FED,National Financial Conditions Index,https://fred.stlouisfed.org/series/NFCI,https://www.chicagofed.org/research/data/nfci/current-data,2026-08-31T14:34:09.166970Z,none
2021-03-05,financial_conditions_index,us,USA,,Chicago Fed National Financial Conditions Index,-0.631,index,weekly,FRED_CHICAGO_FED,National Financial Conditions Index,https://fred.stlouisfed.org/series/NFCI,https://www.chicagofed.org/research/data/nfci/current-data,2026-08-31T14:34:09.166970Z,none
2021-03-12,financial_conditions_index,us,USA,,Chicago Fed National Financial Conditions Index,-0.636,index,weekly,FRED_CHICAGO_FED,National Financial Conditions Index,https://fred.stlouisfed.org/series/NFCI,https://www.chicagofed.org/research/data/nfci/current-data,2026-08-31T14:34:09.166970Z,none
2021-03-19,financial_conditions_index,us,USA,,Chicago Fed National Financial Conditions Index,-0.642,index,weekly,FRED_CHICAGO_FED,National Financial Conditions Index,https://fred.stlouisfed.org/series/NFCI,https://www.chicagofed.org/research/data/nfci/current-data,2026-08-31T14:34:09.166970Z,none
2021-03-26,financial_conditions_index,us,USA,,Chicago Fed National Financial Conditions Index,-0.648,index,weekly,FRED_CHICAGO_FED,National Financial Conditions Index,https://fred.stlouisfed.org/series/NFCI,https://www.chicagofed.org/research/data/nfci/current-data,2026-08-31T14:34:09.166970Z,none
2021-04-02,financial_conditions_index,us,USA,,Chicago Fed National Financial Conditions Index,-0.655,index,weekly,FRED_CHICAGO_FED,National Financial Conditions Index,https://fred.stlouisfed.org/series/NFCI,https://www.chicagofed.org/research/data/nfci/current-data,2026-08-31T14:34:09.166970Z,none
2021-04-09,financial_conditions_index,us,USA,,Chicago Fed National Financial Conditions Index,-0.664,index,weekly,FRED_CHICAGO_FED,National Financial Conditions Index,https://fred.stlouisfed.org/series/NFCI,https://www.chicagofed.org/research/data/nfci/current-data,2026-08-31T14:34:09.166970Z,none
2021-04-16,financial_conditions_index,us,USA,,Chicago Fed National Financial Conditions Index,-0.67,index,weekly,FRED_CHICAGO_FED,National Financial Conditions Index,https://fred.stlouisfed.org/series/NFCI,https://www.chicagofed.org/research/data/nfci/current-data,2026-08-31T14:34:09.166970Z,none
2021-04-23,financial_conditions_index,us,USA,,Chicago Fed National Financial Conditions Index,-0.677,index,weekly,FRED_CHICAGO_FED,National Financial Conditions Index,https://fred.stlouisfed.org/series/NFCI,https://www.chicagofed.org/research/data/nfci/current-data,2026-08-31T14:34:09.166970Z,none
2021-04-30,financial_conditions_index,us,USA,,Chicago Fed National Financial Conditions Index,-0.682,index,weekly,FRED_CHICAGO_FED,National Financial Conditions Index,https://fred.stlouisfed.org/series/NFCI,https://www.chicagofed.org/research/data/nfci/current-data,2026-08-31T14:34:09.166970Z,none
2021-05-07,financial_conditions_index,us,USA,,Chicago Fed National Financial Conditions Index,-0.687,index,weekly,FRED_CHICAGO_FED,National Financial Conditions Index,https://fred.stlouisfed.org/series/NFCI,https://www.chicagofed.org/research/data/nfci/current-data,2026-08-31T14:34:09.166970Z,none
2021-05-14,financial_conditions_index,us,USA,,Chicago Fed National Financial Conditions Index,-0.689,index,weekly,FRED_CHICAGO_FED,National Financial Conditions Index,https://fred.stlouisfed.org/series/NFCI,https://www.chicagofed.org/research/data/nfci/current-data,2026-08-31T14:34:09.166970Z,none
2021-05-21,financial_conditions_index,us,USA,,Chicago Fed National Financial Conditions Index,-0.692,index,weekly,FRED_CHICAGO_FED,National Financial Conditions Index,https://fred.stlouisfed.org/series/NFCI,https://www.chicagofed.org/research/data/nfci/current-data,2026-08-31T14:34:09.166970Z,none
2021-05-28,financial_conditions_index,us,USA,,Chicago Fed National Financial Conditions Index,-0.694,index,weekly,FRED_CHICAGO_FED,National Financial Conditions Index,https://fred.stlouisfed.org/series/NFCI,https://www.chicagofed.org/research/data/nfci/current-data,2026-08-31T14:34:09.166970Z,none
2021-06-04,financial_conditions_index,us,USA,,Chicago Fed National Financial Conditions Index,-0.695,index,weekly,FRED_CHICAGO_FED,National Financial Conditions Index,https://fred.stlouisfed.org/series/NFCI,https://www.chicagofed.org/research/data/nfci/current-data,2026-08-31T14:34:09.166970Z,none
2021-06-11,financial_conditions_index,us,USA,,Chicago Fed National Financial Conditions Index,-0.694,index,weekly,FRED_CHICAGO_FED,National Financial Conditions Index,https://fred.stlouisfed.org/series/NFCI,https://www.chicagofed.org/research/data/nfci/current-data,2026-08-31T14:34:09.166970Z,none
2021-06-18,financial_conditions_index,us,USA,,Chicago Fed National Financial Conditions Index,-0.691,index,weekly,FRED_CHICAGO_FED,National Financial Conditions Index,https://fred.stlouisfed.org/series/NFCI,https://www.chicagofed.org/research/data/nfci/current-data,2026-08-31T14:34:09.166970Z,none
2021-06-25,financial_conditions_index,us,USA,,Chicago Fed National Financial Conditions Index,-0.687,index,weekly,FRED_CHICAGO_FED,National Financial Conditions Index,https://fred.stlouisfed.org/series/NFCI,https://www.chicagofed.org/research/data/nfci/current-data,2026-08-31T14:34:09.166970Z,none
2021-07-02,financial_conditions_index,us,USA,,Chicago Fed National Financial Conditions Index,-0.681,index,weekly,FRED_CHICAGO_FED,National Financial Conditions Index,https://fred.stlouisfed.org/series/NFCI,https://www.chicagofed.org/research/data/nfci/current-data,2026-08-31T14:34:09.166970Z,none
2021-07-09,financial_conditions_index,us,USA,,Chicago Fed National Financial Conditions Index,-0.674,index,weekly,FRED_CHICAGO_FED,National Financial Conditions Index,https://fred.stlouisfed.org/series/NFCI,https://www.chicagofed.org/research/data/nfci/current-data,2026-08-31T14:34:09.166970Z,none
2021-07-16,financial_conditions_index,us,USA,,Chicago Fed National Financial Conditions Index,-0.667,index,weekly,FRED_CHICAGO_FED,National Financial Conditions Index,https://fred.stlouisfed.org/series/NFCI,https://www.chicagofed.org/research/data/nfci/current-data,2026-08-31T14:34:09.166970Z,none
2021-07-23,financial_conditions_index,us,USA,,Chicago Fed National Financial Conditions Index,-0.661,index,weekly,FRED_CHICAGO_FED,National Financial Conditions Index,https://fred.stlouisfed.org/series/NFCI,https://www.chicagofed.org/research/data/nfci/current-data,2026-08-31T14:34:09.166970Z,none
2021-07-30,financial_conditions_index,us,USA,,Chicago Fed National Financial Conditions Index,-0.655,index,weekly,FRED_CHICAGO_FED,National Financial Conditions Index,https://fred.stlouisfed.org/series/NFCI,https://www.chicagofed.org/research/data/nfci/current-data,2026-08-31T14:34:09.166970Z,none
2021-08-06,financial_conditions_index,us,USA,,Chicago Fed National Financial Conditions Index,-0.651,index,weekly,FRED_CHICAGO_FED,National Financial Conditions Index,https://fred.stlouisfed.org/series/NFCI,https://www.chicagofed.org/research/data/nfci/current-data,2026-08-31T14:34:09.166970Z,none
2021-08-13,financial_conditions_index,us,USA,,Chicago Fed National Financial Conditions Index,-0.648,index,weekly,FRED_CHICAGO_FED,National Financial Conditions Index,https://fred.stlouisfed.org/series/NFCI,https://www.chicagofed.org/research/data/nfci/current-data,2026-08-31T14:34:09.166970Z,none
2021-08-20,financial_conditions_index,us,USA,,Chicago Fed National Financial Conditions Index,-0.646,index,weekly,FRED_CHICAGO_FED,National Financial Conditions Index,https://fred.stlouisfed.org/series/NFCI,https://www.chicagofed.org/research/data/nfci/current-data,2026-08-31T14:34:09.166970Z,none
2021-08-27,financial_conditions_index,us,USA,,Chicago Fed National Financial Conditions Index,-0.647,index,weekly,FRED_CHICAGO_FED,National Financial Conditions Index,https://fred.stlouisfed.org/series/NFCI,https://www.chicagofed.org/research/data/nfci/current-data,2026-08-31T14:34:09.166970Z,none
2021-09-03,financial_conditions_index,us,USA,,Chicago Fed National Financial Conditions Index,-0.648,index,weekly,FRED_CHICAGO_FED,National Financial Conditions Index,https://fred.stlouisfed.org/series/NFCI,https://www.chicagofed.org/research/data/nfci/current-data,2026-08-31T14:34:09.166970Z,none
2021-09-10,financial_conditions_index,us,USA,,Chicago Fed National Financial Conditions Index,-0.65,index,weekly,FRED_CHICAGO_FED,National Financial Conditions Index,https://fred.stlouisfed.org/series/NFCI,https://www.chicagofed.org/research/data/nfci/current-data,2026-08-31T14:34:09.166970Z,none
2021-09-17,financial_conditions_index,us,USA,,Chicago Fed National Financial Conditions Index,-0.652,index,weekly,FRED_CHICAGO_FED,National Financial Conditions Index,https://fred.stlouisfed.org/series/NFCI,https://www.chicagofed.org/research/data/nfci/current-data,2026-08-31T14:34:09.166970Z,none
2021-09-24,financial_conditions_index,us,USA,,Chicago Fed National Financial Conditions Index,-0.654,index,weekly,FRED_CHICAGO_FED,National Financial Conditions Index,https://fred.stlouisfed.org/series/NFCI,https://www.chicagofed.org/research/data/nfci/current-data,2026-08-31T14:34:09.166970Z,none
2021-10-01,financial_conditions_index,us,USA,,Chicago Fed National Financial Conditions Index,-0.654,index,weekly,FRED_CHICAGO_FED,National Financial Conditions Index,https://fred.stlouisfed.org/series/NFCI,https://www.chicagofed.org/research/data/nfci/current-data,2026-08-31T14:34:09.166970Z,none
2021-10-08,financial_conditions_index,us,USA,,Chicago Fed National Financial Conditions Index,-0.652,index,weekly,FRED_CHICAGO_FED,National Financial Conditions Index,https://fred.stlouisfed.org/series/NFCI,https://www.chicagofed.org/research/data/nfci/current-data,2026-08-31T14:34:09.166970Z,none
2021-10-15,financial_conditions_index,us,USA,,Chicago Fed National Financial Conditions Index,-0.646,index,weekly,FRED_CHICAGO_FED,National Financial Conditions Index,https://fred.stlouisfed.org/series/NFCI,https://www.chicagofed.org/research/data/nfci/current-data,2026-08-31T14:34:09.166970Z,none
2021-10-22,financial_conditions_index,us,USA,,Chicago Fed National Financial Conditions Index,-0.636,index,weekly,FRED_CHICAGO_FED,National Financial Conditions Index,https://fred.stlouisfed.org/series/NFCI,https://www.chicagofed.org/research/data/nfci/current-data,2026-08-31T14:34:09.166970Z,none
2021-10-29,financial_conditions_index,us,USA,,Chicago Fed National Financial Conditions Index,-0.622,index,weekly,FRED_CHICAGO_FED,National Financial Conditions Index,https://fred.stlouisfed.org/series/NFCI,https://www.chicagofed.org/research/data/nfci/current-data,2026-08-31T14:34:09.166970Z,none
2021-11-05,financial_conditions_index,us,USA,,Chicago Fed National Financial Conditions Index,-0.604,index,weekly,FRED_CHICAGO_FED,National Financial Conditions Index,https://fred.stlouisfed.org/series/NFCI,https://www.chicagofed.org/research/data/nfci/current-data,2026-08-31T14:34:09.166970Z,none
2021-11-12,financial_conditions_index,us,USA,,Chicago Fed National Financial Conditions Index,-0.585,index,weekly,FRED_CHICAGO_FED,National Financial Conditions Index,https://fred.stlouisfed.org/series/NFCI,https://www.chicagofed.org/research/data/nfci/current-data,2026-08-31T14:34:09.166970Z,none
2021-11-19,financial_conditions_index,us,USA,,Chicago Fed National Financial Conditions Index,-0.567,index,weekly,FRED_CHICAGO_FED,National Financial Conditions Index,https://fred.stlouisfed.org/series/NFCI,https://www.chicagofed.org/research/data/nfci/current-data,2026-08-31T14:34:09.166970Z,none
2021-11-26,financial_conditions_index,us,USA,,Chicago Fed National Financial Conditions Index,-0.552,index,weekly,FRED_CHICAGO_FED,National Financial Conditions Index,https://fred.stlouisfed.org/series/NFCI,https://www.chicagofed.org/research/data/nfci/current-data,2026-08-31T14:34:09.166970Z,none
2021-12-03,financial_conditions_index,us,USA,,Chicago Fed National Financial Conditions Index,-0.541,index,weekly,FRED_CHICAGO_FED,National Financial Conditions Index,https://fred.stlouisfed.org/series/NFCI,https://www.chicagofed.org/research/data/nfci/current-data,2026-08-31T14:34:09.166970Z,none
2021-12-10,financial_conditions_index,us,USA,,Chicago Fed National Financial Conditions Index,-0.539,index,weekly,FRED_CHICAGO_FED,National Financial Conditions Index,https://fred.stlouisfed.org/series/NFCI,https://www.chicagofed.org/research/data/nfci/current-data,2026-08-31T14:34:09.166970Z,none
2021-12-17,financial_conditions_index,us,USA,,Chicago Fed National Financial Conditions Index,-0.541,index,weekly,FRED_CHICAGO_FED,National Financial Conditions Index,https://fred.stlouisfed.org/series/NFCI,https://www.chicagofed.org/research/data/nfci/current-data,2026-08-31T14:34:09.166970Z,none
2021-12-24,financial_conditions_index,us,USA,,Chicago Fed National Financial Conditions Index,-0.548,index,weekly,FRED_CHICAGO_FED,National Financial Conditions Index,https://fred.stlouisfed.org/series/NFCI,https://www.chicagofed.org/research/data/nfci/current-data,2026-08-31T14:34:09.166970Z,none
2021-12-31,financial_conditions_index,us,USA,,Chicago Fed National Financial Conditions Index,-0.556,index,weekly,FRED_CHICAGO_FED,National Financial Conditions Index,https://fred.stlouisfed.org/series/NFCI,https://www.chicagofed.org/research/data/nfci/current-data,2026-08-31T14:34:09.166970Z,none
2022-01-07,financial_conditions_index,us,USA,,Chicago Fed National Financial Conditions Index,-0.562,index,weekly,FRED_CHICAGO_FED,National Financial Conditions Index,https://fred.stlouisfed.org/series/NFCI,https://www.chicagofed.org/research/data/nfci/current-data,2026-08-31T14:34:09.166970Z,none
2022-01-14,financial_conditions_index,us,USA,,Chicago Fed National Financial Conditions Index,-0.562,index,weekly,FRED_CHICAGO_FED,National Financial Conditions Index,https://fred.stlouisfed.org/series/NFCI,https://www.chicagofed.org/research/data/nfci/current-data,2026-08-31T14:34:09.166970Z,none
2022-01-21,financial_conditions_index,us,USA,,Chicago Fed National Financial Conditions Index,-0.556,index,weekly,FRED_CHICAGO_FED,National Financial Conditions Index,https://fred.stlouisfed.org/series/NFCI,https://www.chicagofed.org/research/data/nfci/current-data,2026-08-31T14:34:09.166970Z,none
2022-01-28,financial_conditions_index,us,USA,,Chicago Fed National Financial Conditions Index,-0.542,index,weekly,FRED_CHICAGO_FED,National Financial Conditions Index,https://fred.stlouisfed.org/series/NFCI,https://www.chicagofed.org/research/data/nfci/current-data,2026-08-31T14:34:09.166970Z,none
2022-02-04,financial_conditions_index,us,USA,,Chicago Fed National Financial Conditions Index,-0.523,index,weekly,FRED_CHICAGO_FED,National Financial Conditions Index,https://fred.stlouisfed.org/series/NFCI,https://www.chicagofed.org/research/data/nfci/current-data,2026-08-31T14:34:09.166970Z,none
2022-02-11,financial_conditions_index,us,USA,,Chicago Fed National Financial Conditions Index,-0.497,index,weekly,FRED_CHICAGO_FED,National Financial Conditions Index,https://fred.stlouisfed.org/series/NFCI,https://www.chicagofed.org/research/data/nfci/current-data,2026-08-31T14:34:09.166970Z,none
2022-02-18,financial_conditions_index,us,USA,,Chicago Fed National Financial Conditions Index,-0.468,index,weekly,FRED_CHICAGO_FED,National Financial Conditions Index,https://fred.stlouisfed.org/series/NFCI,https://www.chicagofed.org/research/data/nfci/current-data,2026-08-31T14:34:09.166970Z,none
2022-02-25,financial_conditions_index,us,USA,,Chicago Fed National Financial Conditions Index,-0.439,index,weekly,FRED_CHICAGO_FED,National Financial Conditions Index,https://fred.stlouisfed.org/series/NFCI,https://www.chicagofed.org/research/data/nfci/current-data,2026-08-31T14:34:09.166970Z,none
2022-03-04,financial_conditions_index,us,USA,,Chicago Fed National Financial Conditions Index,-0.412,index,weekly,FRED_CHICAGO_FED,National Financial Conditions Index,https://fred.stlouisfed.org/series/NFCI,https://www.chicagofed.org/research/data/nfci/current-data,2026-08-31T14:34:09.166970Z,none
2022-03-11,financial_conditions_index,us,USA,,Chicago Fed National Financial Conditions Index,-0.391,index,weekly,FRED_CHICAGO_FED,National Financial Conditions Index,https://fred.stlouisfed.org/series/NFCI,https://www.chicagofed.org/research/data/nfci/current-data,2026-08-31T14:34:09.166970Z,none
2022-03-18,financial_conditions_index,us,USA,,Chicago Fed National Financial Conditions Index,-0.379,index,weekly,FRED_CHICAGO_FED,National Financial Conditions Index,https://fred.stlouisfed.org/series/NFCI,https://www.chicagofed.org/research/data/nfci/current-data,2026-08-31T14:34:09.166970Z,none
2022-03-25,financial_conditions_index,us,USA,,Chicago Fed National Financial Conditions Index,-0.374,index,weekly,FRED_CHICAGO_FED,National Financial Conditions Index,https://fred.stlouisfed.org/series/NFCI,https://www.chicagofed.org/research/data/nfci/current-data,2026-08-31T14:34:09.166970Z,none
2022-04-01,financial_conditions_index,us,USA,,Chicago Fed National Financial Conditions Index,-0.371,index,weekly,FRED_CHICAGO_FED,National Financial Conditions Index,https://fred.stlouisfed.org/series/NFCI,https://www.chicagofed.org/research/data/nfci/current-data,2026-08-31T14:34:09.166970Z,none
2022-04-08,financial_conditions_index,us,USA,,Chicago Fed National Financial Conditions Index,-0.368,index,weekly,FRED_CHICAGO_FED,National Financial Conditions Index,https://fred.stlouisfed.org/series/NFCI,https://www.chicagofed.org/research/data/nfci/current-data,2026-08-31T14:34:09.166970Z,none
2022-04-15,financial_conditions_index,us,USA,,Chicago Fed National Financial Conditions Index,-0.362,index,weekly,FRED_CHICAGO_FED,National Financial Conditions Index,https://fred.stlouisfed.org/series/NFCI,https://www.chicagofed.org/research/data/nfci/current-data,2026-08-31T14:34:09.166970Z,none
2022-04-22,financial_conditions_index,us,USA,,Chicago Fed National Financial Conditions Index,-0.352,index,weekly,FRED_CHICAGO_FED,National Financial Conditions Index,https://fred.stlouisfed.org/series/NFCI,https://www.chicagofed.org/research/data/nfci/current-data,2026-08-31T14:34:09.166970Z,none
2022-04-29,financial_conditions_index,us,USA,,Chicago Fed National Financial Conditions Index,-0.337,index,weekly,FRED_CHICAGO_FED,National Financial Conditions Index,https://fred.stlouisfed.org/series/NFCI,https://www.chicagofed.org/research/data/nfci/current-data,2026-08-31T14:34:09.166970Z,none
2022-05-06,financial_conditions_index,us,USA,,Chicago Fed National Financial Conditions Index,-0.319,index,weekly,FRED_CHICAGO_FED,National Financial Conditions Index,https://fred.stlouisfed.org/series/NFCI,https://www.chicagofed.org/research/data/nfci/current-data,2026-08-31T14:34:09.166970Z,none
2022-05-13,financial_conditions_index,us,USA,,Chicago Fed National Financial Conditions Index,-0.3,index,weekly,FRED_CHICAGO_FED,National Financial Conditions Index,https://fred.stlouisfed.org/series/NFCI,https://www.chicagofed.org/research/data/nfci/current-data,2026-08-31T14:34:09.166970Z,none
2022-05-20,financial_conditions_index,us,USA,,Chicago Fed National Financial Conditions Index,-0.281,index,weekly,FRED_CHICAGO_FED,National Financial Conditions Index,https://fred.stlouisfed.org/series/NFCI,https://www.chicagofed.org/research/data/nfci/current-data,2026-08-31T14:34:09.166970Z,none
2022-05-27,financial_conditions_index,us,USA,,Chicago Fed National Financial Conditions Index,-0.259,index,weekly,FRED_CHICAGO_FED,National Financial Conditions Index,https://fred.stlouisfed.org/series/NFCI,https://www.chicagofed.org/research/data/nfci/current-data,2026-08-31T14:34:09.166970Z,none
2022-06-03,financial_conditions_index,us,USA,,Chicago Fed National Financial Conditions Index,-0.236,index,weekly,FRED_CHICAGO_FED,National Financial Conditions Index,https://fred.stlouisfed.org/series/NFCI,https://www.chicagofed.org/research/data/nfci/current-data,2026-08-31T14:34:09.166970Z,none
2022-06-10,financial_conditions_index,us,USA,,Chicago Fed National Financial Conditions Index,-0.211,index,weekly,FRED_CHICAGO_FED,National Financial Conditions Index,https://fred.stlouisfed.org/series/NFCI,https://www.chicagofed.org/research/data/nfci/current-data,2026-08-31T14:34:09.166970Z,none
2022-06-17,financial_conditions_index,us,USA,,Chicago Fed National Financial Conditions Index,-0.188,index,weekly,FRED_CHICAGO_FED,National Financial Conditions Index,https://fred.stlouisfed.org/series/NFCI,https://www.chicagofed.org/research/data/nfci/current-data,2026-08-31T14:34:09.166970Z,none
2022-06-24,financial_conditions_index,us,USA,,Chicago Fed National Financial Conditions Index,-0.172,index,weekly,FRED_CHICAGO_FED,National Financial Conditions Index,https://fred.stlouisfed.org/series/NFCI,https://www.chicagofed.org/research/data/nfci/current-data,2026-08-31T14:34:09.166970Z,none
2022-07-01,financial_conditions_index,us,USA,,Chicago Fed National Financial Conditions Index,-0.166,index,weekly,FRED_CHICAGO_FED,National Financial Conditions Index,https://fred.stlouisfed.org/series/NFCI,https://www.chicagofed.org/research/data/nfci/current-data,2026-08-31T14:34:09.166970Z,none
2022-07-08,financial_conditions_index,us,USA,,Chicago Fed National Financial Conditions Index,-0.169,index,weekly,FRED_CHICAGO_FED,National Financial Conditions Index,https://fred.stlouisfed.org/series/NFCI,https://www.chicagofed.org/research/data/nfci/current-data,2026-08-31T14:34:09.166970Z,none
2022-07-15,financial_conditions_index,us,USA,,Chicago Fed National Financial Conditions Index,-0.183,index,weekly,FRED_CHICAGO_FED,National Financial Conditions Index,https://fred.stlouisfed.org/series/NFCI,https://www.chicagofed.org/research/data/nfci/current-data,2026-08-31T14:34:09.166970Z,none
2022-07-22,financial_conditions_index,us,USA,,Chicago Fed National Financial Conditions Index,-0.201,index,weekly,FRED_CHICAGO_FED,National Financial Conditions Index,https://fred.stlouisfed.org/series/NFCI,https://www.chicagofed.org/research/data/nfci/current-data,2026-08-31T14:34:09.166970Z,none
2022-07-29,financial_conditions_index,us,USA,,Chicago Fed National Financial Conditions Index,-0.219,index,weekly,FRED_CHICAGO_FED,National Financial Conditions Index,https://fred.stlouisfed.org/series/NFCI,https://www.chicagofed.org/research/data/nfci/current-data,2026-08-31T14:34:09.166970Z,none
2022-08-05,financial_conditions_index,us,USA,,Chicago Fed National Financial Conditions Index,-0.232,index,weekly,FRED_CHICAGO_FED,National Financial Conditions Index,https://fred.stlouisfed.org/series/NFCI,https://www.chicagofed.org/research/data/nfci/current-data,2026-08-31T14:34:09.166970Z,none
2022-08-12,financial_conditions_index,us,USA,,Chicago Fed National Financial Conditions Index,-0.24,index,weekly,FRED_CHICAGO_FED,National Financial Conditions Index,https://fred.stlouisfed.org/series/NFCI,https://www.chicagofed.org/research/data/nfci/current-data,2026-08-31T14:34:09.166970Z,none
2022-08-19,financial_conditions_index,us,USA,,Chicago Fed National Financial Conditions Index,-0.237,index,weekly,FRED_CHICAGO_FED,National Financial Conditions Index,https://fred.stlouisfed.org/series/NFCI,https://www.chicagofed.org/research/data/nfci/current-data,2026-08-31T14:34:09.166970Z,none
2022-08-26,financial_conditions_index,us,USA,,Chicago Fed National Financial Conditions Index,-0.225,index,weekly,FRED_CHICAGO_FED,National Financial Conditions Index,https://fred.stlouisfed.org/series/NFCI,https://www.chicagofed.org/research/data/nfci/current-data,2026-08-31T14:34:09.166970Z,none
2022-09-02,financial_conditions_index,us,USA,,Chicago Fed National Financial Conditions Index,-0.204,index,weekly,FRED_CHICAGO_FED,National Financial Conditions Index,https://fred.stlouisfed.org/series/NFCI,https://www.chicagofed.org/research/data/nfci/current-data,2026-08-31T14:34:09.166970Z,none
2022-09-09,financial_conditions_index,us,USA,,Chicago Fed National Financial Conditions Index,-0.179,index,weekly,FRED_CHICAGO_FED,National Financial Conditions Index,https://fred.stlouisfed.org/series/NFCI,https://www.chicagofed.org/research/data/nfci/current-data,2026-08-31T14:34:09.166970Z,none
2022-09-16,financial_conditions_index,us,USA,,Chicago Fed National Financial Conditions Index,-0.151,index,weekly,FRED_CHICAGO_FED,National Financial Conditions Index,https://fred.stlouisfed.org/series/NFCI,https://www.chicagofed.org/research/data/nfci/current-data,2026-08-31T14:34:09.166970Z,none
2022-09-23,financial_conditions_index,us,USA,,Chicago Fed National Financial Conditions Index,-0.126,index,weekly,FRED_CHICAGO_FED,National Financial Conditions Index,https://fred.stlouisfed.org/series/NFCI,https://www.chicagofed.org/research/data/nfci/current-data,2026-08-31T14:34:09.166970Z,none
2022-09-30,financial_conditions_index,us,USA,,Chicago Fed National Financial Conditions Index,-0.107,index,weekly,FRED_CHICAGO_FED,National Financial Conditions Index,https://fred.stlouisfed.org/series/NFCI,https://www.chicagofed.org/research/data/nfci/current-data,2026-08-31T14:34:09.166970Z,none
2022-10-07,financial_conditions_index,us,USA,,Chicago Fed National Financial Conditions Index,-0.099,index,weekly,FRED_CHICAGO_FED,National Financial Conditions Index,https://fred.stlouisfed.org/series/NFCI,https://www.chicagofed.org/research/data/nfci/current-data,2026-08-31T14:34:09.166970Z,none
2022-10-14,financial_conditions_index,us,USA,,Chicago Fed National Financial Conditions Index,-0.101,index,weekly,FRED_CHICAGO_FED,National Financial Conditions Index,https://fred.stlouisfed.org/series/NFCI,https://www.chicagofed.org/research/data/nfci/current-data,2026-08-31T14:34:09.166970Z,none
2022-10-21,financial_conditions_index,us,USA,,Chicago Fed National Financial Conditions Index,-0.111,index,weekly,FRED_CHICAGO_FED,National Financial Conditions Index,https://fred.stlouisfed.org/series/NFCI,https://www.chicagofed.org/research/data/nfci/current-data,2026-08-31T14:34:09.166970Z,none
2022-10-28,financial_conditions_index,us,USA,,Chicago Fed National Financial Conditions Index,-0.125,index,weekly,FRED_CHICAGO_FED,National Financial Conditions Index,https://fred.stlouisfed.org/series/NFCI,https://www.chicagofed.org/research/data/nfci/current-data,2026-08-31T14:34:09.166970Z,none
2022-11-04,financial_conditions_index,us,USA,,Chicago Fed National Financial Conditions Index,-0.143,index,weekly,FRED_CHICAGO_FED,National Financial Conditions Index,https://fred.stlouisfed.org/series/NFCI,https://www.chicagofed.org/research/data/nfci/current-data,2026-08-31T14:34:09.166970Z,none
2022-11-11,financial_conditions_index,us,USA,,Chicago Fed National Financial Conditions Index,-0.16,index,weekly,FRED_CHICAGO_FED,National Financial Conditions Index,https://fred.stlouisfed.org/series/NFCI,https://www.chicagofed.org/research/data/nfci/current-data,2026-08-31T14:34:09.166970Z,none
2022-11-18,financial_conditions_index,us,USA,,Chicago Fed National Financial Conditions Index,-0.172,index,weekly,FRED_CHICAGO_FED,National Financial Conditions Index,https://fred.stlouisfed.org/series/NFCI,https://www.chicagofed.org/research/data/nfci/current-data,2026-08-31T14:34:09.166970Z,none
2022-11-25,financial_conditions_index,us,USA,,Chicago Fed National Financial Conditions Index,-0.18,index,weekly,FRED_CHICAGO_FED,National Financial Conditions Index,https://fred.stlouisfed.org/series/NFCI,https://www.chicagofed.org/research/data/nfci/current-data,2026-08-31T14:34:09.166970Z,none
2022-12-02,financial_conditions_index,us,USA,,Chicago Fed National Financial Conditions Index,-0.185,index,weekly,FRED_CHICAGO_FED,National Financial Conditions Index,https://fred.stlouisfed.org/series/NFCI,https://www.chicagofed.org/research/data/nfci/current-data,2026-08-31T14:34:09.166970Z,none
2022-12-09,financial_conditions_index,us,USA,,Chicago Fed National Financial Conditions Index,-0.189,index,weekly,FRED_CHICAGO_FED,National Financial Conditions Index,https://fred.stlouisfed.org/series/NFCI,https://www.chicagofed.org/research/data/nfci/current-data,2026-08-31T14:34:09.166970Z,none
2022-12-16,financial_conditions_index,us,USA,,Chicago Fed National Financial Conditions Index,-0.195,index,weekly,FRED_CHICAGO_FED,National Financial Conditions Index,https://fred.stlouisfed.org/series/NFCI,https://www.chicagofed.org/research/data/nfci/current-data,2026-08-31T14:34:09.166970Z,none
2022-12-23,financial_conditions_index,us,USA,,Chicago Fed National Financial Conditions Index,-0.206,index,weekly,FRED_CHICAGO_FED,National Financial Conditions Index,https://fred.stlouisfed.org/series/NFCI,https://www.chicagofed.org/research/data/nfci/current-data,2026-08-31T14:34:09.166970Z,none
2022-12-30,financial_conditions_index,us,USA,,Chicago Fed National Financial Conditions Index,-0.223,index,weekly,FRED_CHICAGO_FED,National Financial Conditions Index,https://fred.stlouisfed.org/series/NFCI,https://www.chicagofed.org/research/data/nfci/current-data,2026-08-31T14:34:09.166970Z,none
2023-01-06,financial_conditions_index,us,USA,,Chicago Fed National Financial Conditions Index,-0.245,index,weekly,FRED_CHICAGO_FED,National Financial Conditions Index,https://fred.stlouisfed.org/series/NFCI,https://www.chicagofed.org/research/data/nfci/current-data,2026-08-31T14:34:09.166970Z,none
2023-01-13,financial_conditions_index,us,USA,,Chicago Fed National Financial Conditions Index,-0.27,index,weekly,FRED_CHICAGO_FED,National Financial Conditions Index,https://fred.stlouisfed.org/series/NFCI,https://www.chicagofed.org/research/data/nfci/current-data,2026-08-31T14:34:09.166970Z,none
2023-01-20,financial_conditions_index,us,USA,,Chicago Fed National Financial Conditions Index,-0.29,index,weekly,FRED_CHICAGO_FED,National Financial Conditions Index,https://fred.stlouisfed.org/series/NFCI,https://www.chicagofed.org/research/data/nfci/current-data,2026-08-31T14:34:09.166970Z,none
2023-01-27,financial_conditions_index,us,USA,,Chicago Fed National Financial Conditions Index,-0.307,index,weekly,FRED_CHICAGO_FED,National Financial Conditions Index,https://fred.stlouisfed.org/series/NFCI,https://www.chicagofed.org/research/data/nfci/current-data,2026-08-31T14:34:09.166970Z,none
2023-02-03,financial_conditions_index,us,USA,,Chicago Fed National Financial Conditions Index,-0.314,index,weekly,FRED_CHICAGO_FED,National Financial Conditions Index,https://fred.stlouisfed.org/series/NFCI,https://www.chicagofed.org/research/data/nfci/current-data,2026-08-31T14:34:09.166970Z,none
2023-02-10,financial_conditions_index,us,USA,,Chicago Fed National Financial Conditions Index,-0.31,index,weekly,FRED_CHICAGO_FED,National Financial Conditions Index,https://fred.stlouisfed.org/series/NFCI,https://www.chicagofed.org/research/data/nfci/current-data,2026-08-31T14:34:09.166970Z,none
2023-02-17,financial_conditions_index,us,USA,,Chicago Fed National Financial Conditions Index,-0.295,index,weekly,FRED_CHICAGO_FED,National Financial Conditions Index,https://fred.stlouisfed.org/series/NFCI,https://www.chicagofed.org/research/data/nfci/current-data,2026-08-31T14:34:09.166970Z,none
2023-02-24,financial_conditions_index,us,USA,,Chicago Fed National Financial Conditions Index,-0.27,index,weekly,FRED_CHICAGO_FED,National Financial Conditions Index,https://fred.stlouisfed.org/series/NFCI,https://www.chicagofed.org/research/data/nfci/current-data,2026-08-31T14:34:09.166970Z,none
2023-03-03,financial_conditions_index,us,USA,,Chicago Fed National Financial Conditions Index,-0.239,index,weekly,FRED_CHICAGO_FED,National Financial Conditions Index,https://fred.stlouisfed.org/series/NFCI,https://www.chicagofed.org/research/data/nfci/current-data,2026-08-31T14:34:09.166970Z,none
2023-03-10,financial_conditions_index,us,USA,,Chicago Fed National Financial Conditions Index,-0.207,index,weekly,FRED_CHICAGO_FED,National Financial Conditions Index,https://fred.stlouisfed.org/series/NFCI,https://www.chicagofed.org/research/data/nfci/current-data,2026-08-31T14:34:09.166970Z,none
2023-03-17,financial_conditions_index,us,USA,,Chicago Fed National Financial Conditions Index,-0.176,index,weekly,FRED_CHICAGO_FED,National Financial Conditions Index,https://fred.stlouisfed.org/series/NFCI,https://www.chicagofed.org/research/data/nfci/current-data,2026-08-31T14:34:09.166970Z,none
2023-03-24,financial_conditions_index,us,USA,,Chicago Fed National Financial Conditions Index,-0.157,index,weekly,FRED_CHICAGO_FED,National Financial Conditions Index,https://fred.stlouisfed.org/series/NFCI,https://www.chicagofed.org/research/data/nfci/current-data,2026-08-31T14:34:09.166970Z,none
2023-03-31,financial_conditions_index,us,USA,,Chicago Fed National Financial Conditions Index,-0.153,index,weekly,FRED_CHICAGO_FED,National Financial Conditions Index,https://fred.stlouisfed.org/series/NFCI,https://www.chicagofed.org/research/data/nfci/current-data,2026-08-31T14:34:09.166970Z,none
2023-04-07,financial_conditions_index,us,USA,,Chicago Fed National Financial Conditions Index,-0.156,index,weekly,FRED_CHICAGO_FED,National Financial Conditions Index,https://fred.stlouisfed.org/series/NFCI,https://www.chicagofed.org/research/data/nfci/current-data,2026-08-31T14:34:09.166970Z,none
2023-04-14,financial_conditions_index,us,USA,,Chicago Fed National Financial Conditions Index,-0.167,index,weekly,FRED_CHICAGO_FED,National Financial Conditions Index,https://fred.stlouisfed.org/series/NFCI,https://www.chicagofed.org/research/data/nfci/current-data,2026-08-31T14:34:09.166970Z,none
2023-04-21,financial_conditions_index,us,USA,,Chicago Fed National Financial Conditions Index,-0.18,index,weekly,FRED_CHICAGO_FED,National Financial Conditions Index,https://fred.stlouisfed.org/series/NFCI,https://www.chicagofed.org/research/data/nfci/current-data,2026-08-31T14:34:09.166970Z,none
2023-04-28,financial_conditions_index,us,USA,,Chicago Fed National Financial Conditions Index,-0.191,index,weekly,FRED_CHICAGO_FED,National Financial Conditions Index,https://fred.stlouisfed.org/series/NFCI,https://www.chicagofed.org/research/data/nfci/current-data,2026-08-31T14:34:09.166970Z,none
2023-05-05,financial_conditions_index,us,USA,,Chicago Fed National Financial Conditions Index,-0.2,index,weekly,FRED_CHICAGO_FED,National Financial Conditions Index,https://fred.stlouisfed.org/series/NFCI,https://www.chicagofed.org/research/data/nfci/current-data,2026-08-31T14:34:09.166970Z,none
2023-05-12,financial_conditions_index,us,USA,,Chicago Fed National Financial Conditions Index,-0.207,index,weekly,FRED_CHICAGO_FED,National Financial Conditions Index,https://fred.stlouisfed.org/series/NFCI,https://www.chicagofed.org/research/data/nfci/current-data,2026-08-31T14:34:09.166970Z,none
2023-05-19,financial_conditions_index,us,USA,,Chicago Fed National Financial Conditions Index,-0.211,index,weekly,FRED_CHICAGO_FED,National Financial Conditions Index,https://fred.stlouisfed.org/series/NFCI,https://www.chicagofed.org/research/data/nfci/current-data,2026-08-31T14:34:09.166970Z,none
2023-05-26,financial_conditions_index,us,USA,,Chicago Fed National Financial Conditions Index,-0.214,index,weekly,FRED_CHICAGO_FED,National Financial Conditions Index,https://fred.stlouisfed.org/series/NFCI,https://www.chicagofed.org/research/data/nfci/current-data,2026-08-31T14:34:09.166970Z,none
2023-06-02,financial_conditions_index,us,USA,,Chicago Fed National Financial Conditions Index,-0.215,index,weekly,FRED_CHICAGO_FED,National Financial Conditions Index,https://fred.stlouisfed.org/series/NFCI,https://www.chicagofed.org/research/data/nfci/current-data,2026-08-31T14:34:09.166970Z,none
2023-06-09,financial_conditions_index,us,USA,,Chicago Fed National Financial Conditions Index,-0.217,index,weekly,FRED_CHICAGO_FED,National Financial Conditions Index,https://fred.stlouisfed.org/series/NFCI,https://www.chicagofed.org/research/data/nfci/current-data,2026-08-31T14:34:09.166970Z,none
2023-06-16,financial_conditions_index,us,USA,,Chicago Fed National Financial Conditions Index,-0.218,index,weekly,FRED_CHICAGO_FED,National Financial Conditions Index,https://fred.stlouisfed.org/series/NFCI,https://www.chicagofed.org/research/data/nfci/current-data,2026-08-31T14:34:09.166970Z,none
2023-06-23,financial_conditions_index,us,USA,,Chicago Fed National Financial Conditions Index,-0.222,index,weekly,FRED_CHICAGO_FED,National Financial Conditions Index,https://fred.stlouisfed.org/series/NFCI,https://www.chicagofed.org/research/data/nfci/current-data,2026-08-31T14:34:09.166970Z,none
2023-06-30,financial_conditions_index,us,USA,,Chicago Fed National Financial Conditions Index,-0.228,index,weekly,FRED_CHICAGO_FED,National Financial Conditions Index,https://fred.stlouisfed.org/series/NFCI,https://www.chicagofed.org/research/data/nfci/current-data,2026-08-31T14:34:09.166970Z,none
2023-07-07,financial_conditions_index,us,USA,,Chicago Fed National Financial Conditions Index,-0.237,index,weekly,FRED_CHICAGO_FED,National Financial Conditions Index,https://fred.stlouisfed.org/series/NFCI,https://www.chicagofed.org/research/data/nfci/current-data,2026-08-31T14:34:09.166970Z,none
2023-07-14,financial_conditions_index,us,USA,,Chicago Fed National Financial Conditions Index,-0.25,index,weekly,FRED_CHICAGO_FED,National Financial Conditions Index,https://fred.stlouisfed.org/series/NFCI,https://www.chicagofed.org/research/data/nfci/current-data,2026-08-31T14:34:09.166970Z,none
2023-07-21,financial_conditions_index,us,USA,,Chicago Fed National Financial Conditions Index,-0.264,index,weekly,FRED_CHICAGO_FED,National Financial Conditions Index,https://fred.stlouisfed.org/series/NFCI,https://www.chicagofed.org/research/data/nfci/current-data,2026-08-31T14:34:09.166970Z,none
2023-07-28,financial_conditions_index,us,USA,,Chicago Fed National Financial Conditions Index,-0.28,index,weekly,FRED_CHICAGO_FED,National Financial Conditions Index,https://fred.stlouisfed.org/series/NFCI,https://www.chicagofed.org/research/data/nfci/current-data,2026-08-31T14:34:09.166970Z,none
2023-08-04,financial_conditions_index,us,USA,,Chicago Fed National Financial Conditions Index,-0.298,index,weekly,FRED_CHICAGO_FED,National Financial Conditions Index,https://fred.stlouisfed.org/series/NFCI,https://www.chicagofed.org/research/data/nfci/current-data,2026-08-31T14:34:09.166970Z,none
2023-08-11,financial_conditions_index,us,USA,,Chicago Fed National Financial Conditions Index,-0.313,index,weekly,FRED_CHICAGO_FED,National Financial Conditions Index,https://fred.stlouisfed.org/series/NFCI,https://www.chicagofed.org/research/data/nfci/current-data,2026-08-31T14:34:09.166970Z,none
2023-08-18,financial_conditions_index,us,USA,,Chicago Fed National Financial Conditions Index,-0.326,index,weekly,FRED_CHICAGO_FED,National Financial Conditions Index,https://fred.stlouisfed.org/series/NFCI,https://www.chicagofed.org/research/data/nfci/current-data,2026-08-31T14:34:09.166970Z,none
2023-08-25,financial_conditions_index,us,USA,,Chicago Fed National Financial Conditions Index,-0.334,index,weekly,FRED_CHICAGO_FED,National Financial Conditions Index,https://fred.stlouisfed.org/series/NFCI,https://www.chicagofed.org/research/data/nfci/current-data,2026-08-31T14:34:09.166970Z,none
2023-09-01,financial_conditions_index,us,USA,,Chicago Fed National Financial Conditions Index,-0.34,index,weekly,FRED_CHICAGO_FED,National Financial Conditions Index,https://fred.stlouisfed.org/series/NFCI,https://www.chicagofed.org/research/data/nfci/current-data,2026-08-31T14:34:09.166970Z,none
2023-09-08,financial_conditions_index,us,USA,,Chicago Fed National Financial Conditions Index,-0.339,index,weekly,FRED_CHICAGO_FED,National Financial Conditions Index,https://fred.stlouisfed.org/series/NFCI,https://www.chicagofed.org/research/data/nfci/current-data,2026-08-31T14:34:09.166970Z,none
2023-09-15,financial_conditions_index,us,USA,,Chicago Fed National Financial Conditions Index,-0.334,index,weekly,FRED_CHICAGO_FED,National Financial Conditions Index,https://fred.stlouisfed.org/series/NFCI,https://www.chicagofed.org/research/data/nfci/current-data,2026-08-31T14:34:09.166970Z,none
2023-09-22,financial_conditions_index,us,USA,,Chicago Fed National Financial Conditions Index,-0.325,index,weekly,FRED_CHICAGO_FED,National Financial Conditions Index,https://fred.stlouisfed.org/series/NFCI,https://www.chicagofed.org/research/data/nfci/current-data,2026-08-31T14:34:09.166970Z,none
2023-09-29,financial_conditions_index,us,USA,,Chicago Fed National Financial Conditions Index,-0.313,index,weekly,FRED_CHICAGO_FED,National Financial Conditions Index,https://fred.stlouisfed.org/series/NFCI,https://www.chicagofed.org/research/data/nfci/current-data,2026-08-31T14:34:09.166970Z,none
2023-10-06,financial_conditions_index,us,USA,,Chicago Fed National Financial Conditions Index,-0.302,index,weekly,FRED_CHICAGO_FED,National Financial Conditions Index,https://fred.stlouisfed.org/series/NFCI,https://www.chicagofed.org/research/data/nfci/current-data,2026-08-31T14:34:09.166970Z,none
2023-10-13,financial_conditions_index,us,USA,,Chicago Fed National Financial Conditions Index,-0.293,index,weekly,FRED_CHICAGO_FED,National Financial Conditions Index,https://fred.stlouisfed.org/series/NFCI,https://www.chicagofed.org/research/data/nfci/current-data,2026-08-31T14:34:09.166970Z,none
2023-10-20,financial_conditions_index,us,USA,,Chicago Fed National Financial Conditions Index,-0.287,index,weekly,FRED_CHICAGO_FED,National Financial Conditions Index,https://fred.stlouisfed.org/series/NFCI,https://www.chicagofed.org/research/data/nfci/current-data,2026-08-31T14:34:09.166970Z,none
2023-10-27,financial_conditions_index,us,USA,,Chicago Fed National Financial Conditions Index,-0.286,index,weekly,FRED_CHICAGO_FED,National Financial Conditions Index,https://fred.stlouisfed.org/series/NFCI,https://www.chicagofed.org/research/data/nfci/current-data,2026-08-31T14:34:09.166970Z,none
2023-11-03,financial_conditions_index,us,USA,,Chicago Fed National Financial Conditions Index,-0.291,index,weekly,FRED_CHICAGO_FED,National Financial Conditions Index,https://fred.stlouisfed.org/series/NFCI,https://www.chicagofed.org/research/data/nfci/current-data,2026-08-31T14:34:09.166970Z,none
2023-11-10,financial_conditions_index,us,USA,,Chicago Fed National Financial Conditions Index,-0.299,index,weekly,FRED_CHICAGO_FED,National Financial Conditions Index,https://fred.stlouisfed.org/series/NFCI,https://www.chicagofed.org/research/data/nfci/current-data,2026-08-31T14:34:09.166970Z,none
2023-11-17,financial_conditions_index,us,USA,,Chicago Fed National Financial Conditions Index,-0.31,index,weekly,FRED_CHICAGO_FED,National Financial Conditions Index,https://fred.stlouisfed.org/series/NFCI,https://www.chicagofed.org/research/data/nfci/current-data,2026-08-31T14:34:09.166970Z,none
2023-11-24,financial_conditions_index,us,USA,,Chicago Fed National Financial Conditions Index,-0.321,index,weekly,FRED_CHICAGO_FED,National Financial Conditions Index,https://fred.stlouisfed.org/series/NFCI,https://www.chicagofed.org/research/data/nfci/current-data,2026-08-31T14:34:09.166970Z,none
2023-12-01,financial_conditions_index,us,USA,,Chicago Fed National Financial Conditions Index,-0.331,index,weekly,FRED_CHICAGO_FED,National Financial Conditions Index,https://fred.stlouisfed.org/series/NFCI,https://www.chicagofed.org/research/data/nfci/current-data,2026-08-31T14:34:09.166970Z,none
2023-12-08,financial_conditions_index,us,USA,,Chicago Fed National Financial Conditions Index,-0.34,index,weekly,FRED_CHICAGO_FED,National Financial Conditions Index,https://fred.stlouisfed.org/series/NFCI,https://www.chicagofed.org/research/data/nfci/current-data,2026-08-31T14:34:09.166970Z,none
2023-12-15,financial_conditions_index,us,USA,,Chicago Fed National Financial Conditions Index,-0.349,index,weekly,FRED_CHICAGO_FED,National Financial Conditions Index,https://fred.stlouisfed.org/series/NFCI,https://www.chicagofed.org/research/data/nfci/current-data,2026-08-31T14:34:09.166970Z,none
2023-12-22,financial_conditions_index,us,USA,,Chicago Fed National Financial Conditions Index,-0.358,index,weekly,FRED_CHICAGO_FED,National Financial Conditions Index,https://fred.stlouisfed.org/series/NFCI,https://www.chicagofed.org/research/data/nfci/current-data,2026-08-31T14:34:09.166970Z,none
2023-12-29,financial_conditions_index,us,USA,,Chicago Fed National Financial Conditions Index,-0.366,index,weekly,FRED_CHICAGO_FED,National Financial Conditions Index,https://fred.stlouisfed.org/series/NFCI,https://www.chicagofed.org/research/data/nfci/current-data,2026-08-31T14:34:09.166970Z,none
2024-01-05,financial_conditions_index,us,USA,,Chicago Fed National Financial Conditions Index,-0.375,index,weekly,FRED_CHICAGO_FED,National Financial Conditions Index,https://fred.stlouisfed.org/series/NFCI,https://www.chicagofed.org/research/data/nfci/current-data,2026-08-31T14:34:09.166970Z,none
2024-01-12,financial_conditions_index,us,USA,,Chicago Fed National Financial Conditions Index,-0.383,index,weekly,FRED_CHICAGO_FED,National Financial Conditions Index,https://fred.stlouisfed.org/series/NFCI,https://www.chicagofed.org/research/data/nfci/current-data,2026-08-31T14:34:09.166970Z,none
2024-01-19,financial_conditions_index,us,USA,,Chicago Fed National Financial Conditions Index,-0.39,index,weekly,FRED_CHICAGO_FED,National Financial Conditions Index,https://fred.stlouisfed.org/series/NFCI,https://www.chicagofed.org/research/data/nfci/current-data,2026-08-31T14:34:09.166970Z,none
2024-01-26,financial_conditions_index,us,USA,,Chicago Fed National Financial Conditions Index,-0.396,index,weekly,FRED_CHICAGO_FED,National Financial Conditions Index,https://fred.stlouisfed.org/series/NFCI,https://www.chicagofed.org/research/data/nfci/current-data,2026-08-31T14:34:09.166970Z,none
2024-02-02,financial_conditions_index,us,USA,,Chicago Fed National Financial Conditions Index,-0.403,index,weekly,FRED_CHICAGO_FED,National Financial Conditions Index,https://fred.stlouisfed.org/series/NFCI,https://www.chicagofed.org/research/data/nfci/current-data,2026-08-31T14:34:09.166970Z,none
2024-02-09,financial_conditions_index,us,USA,,Chicago Fed National Financial Conditions Index,-0.41,index,weekly,FRED_CHICAGO_FED,National Financial Conditions Index,https://fred.stlouisfed.org/series/NFCI,https://www.chicagofed.org/research/data/nfci/current-data,2026-08-31T14:34:09.166970Z,none
2024-02-16,financial_conditions_index,us,USA,,Chicago Fed National Financial Conditions Index,-0.418,index,weekly,FRED_CHICAGO_FED,National Financial Conditions Index,https://fred.stlouisfed.org/series/NFCI,https://www.chicagofed.org/research/data/nfci/current-data,2026-08-31T14:34:09.166970Z,none
2024-02-23,financial_conditions_index,us,USA,,Chicago Fed National Financial Conditions Index,-0.426,index,weekly,FRED_CHICAGO_FED,National Financial Conditions Index,https://fred.stlouisfed.org/series/NFCI,https://www.chicagofed.org/research/data/nfci/current-data,2026-08-31T14:34:09.166970Z,none
2024-03-01,financial_conditions_index,us,USA,,Chicago Fed National Financial Conditions Index,-0.432,index,weekly,FRED_CHICAGO_FED,National Financial Conditions Index,https://fred.stlouisfed.org/series/NFCI,https://www.chicagofed.org/research/data/nfci/current-data,2026-08-31T14:34:09.166970Z,none
2024-03-08,financial_conditions_index,us,USA,,Chicago Fed National Financial Conditions Index,-0.436,index,weekly,FRED_CHICAGO_FED,National Financial Conditions Index,https://fred.stlouisfed.org/series/NFCI,https://www.chicagofed.org/research/data/nfci/current-data,2026-08-31T14:34:09.166970Z,none
2024-03-15,financial_conditions_index,us,USA,,Chicago Fed National Financial Conditions Index,-0.438,index,weekly,FRED_CHICAGO_FED,National Financial Conditions Index,https://fred.stlouisfed.org/series/NFCI,https://www.chicagofed.org/research/data/nfci/current-data,2026-08-31T14:34:09.166970Z,none
2024-03-22,financial_conditions_index,us,USA,,Chicago Fed National Financial Conditions Index,-0.436,index,weekly,FRED_CHICAGO_FED,National Financial Conditions Index,https://fred.stlouisfed.org/series/NFCI,https://www.chicagofed.org/research/data/nfci/current-data,2026-08-31T14:34:09.166970Z,none
2024-03-29,financial_conditions_index,us,USA,,Chicago Fed National Financial Conditions Index,-0.431,index,weekly,FRED_CHICAGO_FED,National Financial Conditions Index,https://fred.stlouisfed.org/series/NFCI,https://www.chicagofed.org/research/data/nfci/current-data,2026-08-31T14:34:09.166970Z,none
2024-04-05,financial_conditions_index,us,USA,,Chicago Fed National Financial Conditions Index,-0.426,index,weekly,FRED_CHICAGO_FED,National Financial Conditions Index,https://fred.stlouisfed.org/series/NFCI,https://www.chicagofed.org/research/data/nfci/current-data,2026-08-31T14:34:09.166970Z,none
2024-04-12,financial_conditions_index,us,USA,,Chicago Fed National Financial Conditions Index,-0.42,index,weekly,FRED_CHICAGO_FED,National Financial Conditions Index,https://fred.stlouisfed.org/series/NFCI,https://www.chicagofed.org/research/data/nfci/current-data,2026-08-31T14:34:09.166970Z,none
2024-04-19,financial_conditions_index,us,USA,,Chicago Fed National Financial Conditions Index,-0.415,index,weekly,FRED_CHICAGO_FED,National Financial Conditions Index,https://fred.stlouisfed.org/series/NFCI,https://www.chicagofed.org/research/data/nfci/current-data,2026-08-31T14:34:09.166970Z,none
2024-04-26,financial_conditions_index,us,USA,,Chicago Fed National Financial Conditions Index,-0.412,index,weekly,FRED_CHICAGO_FED,National Financial Conditions Index,https://fred.stlouisfed.org/series/NFCI,https://www.chicagofed.org/research/data/nfci/current-data,2026-08-31T14:34:09.166970Z,none
2024-05-03,financial_conditions_index,us,USA,,Chicago Fed National Financial Conditions Index,-0.412,index,weekly,FRED_CHICAGO_FED,National Financial Conditions Index,https://fred.stlouisfed.org/series/NFCI,https://www.chicagofed.org/research/data/nfci/current-data,2026-08-31T14:34:09.166970Z,none
2024-05-10,financial_conditions_index,us,USA,,Chicago Fed National Financial Conditions Index,-0.412,index,weekly,FRED_CHICAGO_FED,National Financial Conditions Index,https://fred.stlouisfed.org/series/NFCI,https://www.chicagofed.org/research/data/nfci/current-data,2026-08-31T14:34:09.166970Z,none
2024-05-17,financial_conditions_index,us,USA,,Chicago Fed National Financial Conditions Index,-0.412,index,weekly,FRED_CHICAGO_FED,National Financial Conditions Index,https://fred.stlouisfed.org/series/NFCI,https://www.chicagofed.org/research/data/nfci/current-data,2026-08-31T14:34:09.166970Z,none
2024-05-24,financial_conditions_index,us,USA,,Chicago Fed National Financial Conditions Index,-0.411,index,weekly,FRED_CHICAGO_FED,National Financial Conditions Index,https://fred.stlouisfed.org/series/NFCI,https://www.chicagofed.org/research/data/nfci/current-data,2026-08-31T14:34:09.166970Z,none
2024-05-31,financial_conditions_index,us,USA,,Chicago Fed National Financial Conditions Index,-0.408,index,weekly,FRED_CHICAGO_FED,National Financial Conditions Index,https://fred.stlouisfed.org/series/NFCI,https://www.chicagofed.org/research/data/nfci/current-data,2026-08-31T14:34:09.166970Z,none
2024-06-07,financial_conditions_index,us,USA,,Chicago Fed National Financial Conditions Index,-0.402,index,weekly,FRED_CHICAGO_FED,National Financial Conditions Index,https://fred.stlouisfed.org/series/NFCI,https://www.chicagofed.org/research/data/nfci/current-data,2026-08-31T14:34:09.166970Z,none
2024-06-14,financial_conditions_index,us,USA,,Chicago Fed National Financial Conditions Index,-0.394,index,weekly,FRED_CHICAGO_FED,National Financial Conditions Index,https://fred.stlouisfed.org/series/NFCI,https://www.chicagofed.org/research/data/nfci/current-data,2026-08-31T14:34:09.166970Z,none
2024-06-21,financial_conditions_index,us,USA,,Chicago Fed National Financial Conditions Index,-0.387,index,weekly,FRED_CHICAGO_FED,National Financial Conditions Index,https://fred.stlouisfed.org/series/NFCI,https://www.chicagofed.org/research/data/nfci/current-data,2026-08-31T14:34:09.166970Z,none
2024-06-28,financial_conditions_index,us,USA,,Chicago Fed National Financial Conditions Index,-0.38,index,weekly,FRED_CHICAGO_FED,National Financial Conditions Index,https://fred.stlouisfed.org/series/NFCI,https://www.chicagofed.org/research/data/nfci/current-data,2026-08-31T14:34:09.166970Z,none
2024-07-05,financial_conditions_index,us,USA,,Chicago Fed National Financial Conditions Index,-0.374,index,weekly,FRED_CHICAGO_FED,National Financial Conditions Index,https://fred.stlouisfed.org/series/NFCI,https://www.chicagofed.org/research/data/nfci/current-data,2026-08-31T14:34:09.166970Z,none
2024-07-12,financial_conditions_index,us,USA,,Chicago Fed National Financial Conditions Index,-0.368,index,weekly,FRED_CHICAGO_FED,National Financial Conditions Index,https://fred.stlouisfed.org/series/NFCI,https://www.chicagofed.org/research/data/nfci/current-data,2026-08-31T14:34:09.166970Z,none
2024-07-19,financial_conditions_index,us,USA,,Chicago Fed National Financial Conditions Index,-0.363,index,weekly,FRED_CHICAGO_FED,National Financial Conditions Index,https://fred.stlouisfed.org/series/NFCI,https://www.chicagofed.org/research/data/nfci/current-data,2026-08-31T14:34:09.166970Z,none
2024-07-26,financial_conditions_index,us,USA,,Chicago Fed National Financial Conditions Index,-0.36,index,weekly,FRED_CHICAGO_FED,National Financial Conditions Index,https://fred.stlouisfed.org/series/NFCI,https://www.chicagofed.org/research/data/nfci/current-data,2026-08-31T14:34:09.166970Z,none
2024-08-02,financial_conditions_index,us,USA,,Chicago Fed National Financial Conditions Index,-0.358,index,weekly,FRED_CHICAGO_FED,National Financial Conditions Index,https://fred.stlouisfed.org/series/NFCI,https://www.chicagofed.org/research/data/nfci/current-data,2026-08-31T14:34:09.166970Z,none
2024-08-09,financial_conditions_index,us,USA,,Chicago Fed National Financial Conditions Index,-0.36,index,weekly,FRED_CHICAGO_FED,National Financial Conditions Index,https://fred.stlouisfed.org/series/NFCI,https://www.chicagofed.org/research/data/nfci/current-data,2026-08-31T14:34:09.166970Z,none
2024-08-16,financial_conditions_index,us,USA,,Chicago Fed National Financial Conditions Index,-0.368,index,weekly,FRED_CHICAGO_FED,National Financial Conditions Index,https://fred.stlouisfed.org/series/NFCI,https://www.chicagofed.org/research/data/nfci/current-data,2026-08-31T14:34:09.166970Z,none
2024-08-23,financial_conditions_index,us,USA,,Chicago Fed National Financial Conditions Index,-0.379,index,weekly,FRED_CHICAGO_FED,National Financial Conditions Index,https://fred.stlouisfed.org/series/NFCI,https://www.chicagofed.org/research/data/nfci/current-data,2026-08-31T14:34:09.166970Z,none
2024-08-30,financial_conditions_index,us,USA,,Chicago Fed National Financial Conditions Index,-0.39,index,weekly,FRED_CHICAGO_FED,National Financial Conditions Index,https://fred.stlouisfed.org/series/NFCI,https://www.chicagofed.org/research/data/nfci/current-data,2026-08-31T14:34:09.166970Z,none
2024-09-06,financial_conditions_index,us,USA,,Chicago Fed National Financial Conditions Index,-0.402,index,weekly,FRED_CHICAGO_FED,National Financial Conditions Index,https://fred.stlouisfed.org/series/NFCI,https://www.chicagofed.org/research/data/nfci/current-data,2026-08-31T14:34:09.166970Z,none
2024-09-13,financial_conditions_index,us,USA,,Chicago Fed National Financial Conditions Index,-0.412,index,weekly,FRED_CHICAGO_FED,National Financial Conditions Index,https://fred.stlouisfed.org/series/NFCI,https://www.chicagofed.org/research/data/nfci/current-data,2026-08-31T14:34:09.166970Z,none
2024-09-20,financial_conditions_index,us,USA,,Chicago Fed National Financial Conditions Index,-0.42,index,weekly,FRED_CHICAGO_FED,National Financial Conditions Index,https://fred.stlouisfed.org/series/NFCI,https://www.chicagofed.org/research/data/nfci/current-data,2026-08-31T14:34:09.166970Z,none
2024-09-27,financial_conditions_index,us,USA,,Chicago Fed National Financial Conditions Index,-0.426,index,weekly,FRED_CHICAGO_FED,National Financial Conditions Index,https://fred.stlouisfed.org/series/NFCI,https://www.chicagofed.org/research/data/nfci/current-data,2026-08-31T14:34:09.166970Z,none
2024-10-04,financial_conditions_index,us,USA,,Chicago Fed National Financial Conditions Index,-0.431,index,weekly,FRED_CHICAGO_FED,National Financial Conditions Index,https://fred.stlouisfed.org/series/NFCI,https://www.chicagofed.org/research/data/nfci/current-data,2026-08-31T14:34:09.166970Z,none
2024-10-11,financial_conditions_index,us,USA,,Chicago Fed National Financial Conditions Index,-0.434,index,weekly,FRED_CHICAGO_FED,National Financial Conditions Index,https://fred.stlouisfed.org/series/NFCI,https://www.chicagofed.org/research/data/nfci/current-data,2026-08-31T14:34:09.166970Z,none
2024-10-18,financial_conditions_index,us,USA,,Chicago Fed National Financial Conditions Index,-0.439,index,weekly,FRED_CHICAGO_FED,National Financial Conditions Index,https://fred.stlouisfed.org/series/NFCI,https://www.chicagofed.org/research/data/nfci/current-data,2026-08-31T14:34:09.166970Z,none
2024-10-25,financial_conditions_index,us,USA,,Chicago Fed National Financial Conditions Index,-0.444,index,weekly,FRED_CHICAGO_FED,National Financial Conditions Index,https://fred.stlouisfed.org/series/NFCI,https://www.chicagofed.org/research/data/nfci/current-data,2026-08-31T14:34:09.166970Z,none
2024-11-01,financial_conditions_index,us,USA,,Chicago Fed National Financial Conditions Index,-0.45,index,weekly,FRED_CHICAGO_FED,National Financial Conditions Index,https://fred.stlouisfed.org/series/NFCI,https://www.chicagofed.org/research/data/nfci/current-data,2026-08-31T14:34:09.166970Z,none
2024-11-08,financial_conditions_index,us,USA,,Chicago Fed National Financial Conditions Index,-0.458,index,weekly,FRED_CHICAGO_FED,National Financial Conditions Index,https://fred.stlouisfed.org/series/NFCI,https://www.chicagofed.org/research/data/nfci/current-data,2026-08-31T14:34:09.166970Z,none
2024-11-15,financial_conditions_index,us,USA,,Chicago Fed National Financial Conditions Index,-0.466,index,weekly,FRED_CHICAGO_FED,National Financial Conditions Index,https://fred.stlouisfed.org/series/NFCI,https://www.chicagofed.org/research/data/nfci/current-data,2026-08-31T14:34:09.166970Z,none
2024-11-22,financial_conditions_index,us,USA,,Chicago Fed National Financial Conditions Index,-0.471,index,weekly,FRED_CHICAGO_FED,National Financial Conditions Index,https://fred.stlouisfed.org/series/NFCI,https://www.chicagofed.org/research/data/nfci/current-data,2026-08-31T14:34:09.166970Z,none
2024-11-29,financial_conditions_index,us,USA,,Chicago Fed National Financial Conditions Index,-0.474,index,weekly,FRED_CHICAGO_FED,National Financial Conditions Index,https://fred.stlouisfed.org/series/NFCI,https://www.chicagofed.org/research/data/nfci/current-data,2026-08-31T14:34:09.166970Z,none
2024-12-06,financial_conditions_index,us,USA,,Chicago Fed National Financial Conditions Index,-0.476,index,weekly,FRED_CHICAGO_FED,National Financial Conditions Index,https://fred.stlouisfed.org/series/NFCI,https://www.chicagofed.org/research/data/nfci/current-data,2026-08-31T14:34:09.166970Z,none
2024-12-13,financial_conditions_index,us,USA,,Chicago Fed National Financial Conditions Index,-0.478,index,weekly,FRED_CHICAGO_FED,National Financial Conditions Index,https://fred.stlouisfed.org/series/NFCI,https://www.chicagofed.org/research/data/nfci/current-data,2026-08-31T14:34:09.166970Z,none
2024-12-20,financial_conditions_index,us,USA,,Chicago Fed National Financial Conditions Index,-0.479,index,weekly,FRED_CHICAGO_FED,National Financial Conditions Index,https://fred.stlouisfed.org/series/NFCI,https://www.chicagofed.org/research/data/nfci/current-data,2026-08-31T14:34:09.166970Z,none
2024-12-27,financial_conditions_index,us,USA,,Chicago Fed National Financial Conditions Index,-0.483,index,weekly,FRED_CHICAGO_FED,National Financial Conditions Index,https://fred.stlouisfed.org/series/NFCI,https://www.chicagofed.org/research/data/nfci/current-data,2026-08-31T14:34:09.166970Z,none
2025-01-03,financial_conditions_index,us,USA,,Chicago Fed National Financial Conditions Index,-0.488,index,weekly,FRED_CHICAGO_FED,National Financial Conditions Index,https://fred.stlouisfed.org/series/NFCI,https://www.chicagofed.org/research/data/nfci/current-data,2026-08-31T14:34:09.166970Z,none
2025-01-10,financial_conditions_index,us,USA,,Chicago Fed National Financial Conditions Index,-0.494,index,weekly,FRED_CHICAGO_FED,National Financial Conditions Index,https://fred.stlouisfed.org/series/NFCI,https://www.chicagofed.org/research/data/nfci/current-data,2026-08-31T14:34:09.166970Z,none
2025-01-17,financial_conditions_index,us,USA,,Chicago Fed National Financial Conditions Index,-0.499,index,weekly,FRED_CHICAGO_FED,National Financial Conditions Index,https://fred.stlouisfed.org/series/NFCI,https://www.chicagofed.org/research/data/nfci/current-data,2026-08-31T14:34:09.166970Z,none
2025-01-24,financial_conditions_index,us,USA,,Chicago Fed National Financial Conditions Index,-0.504,index,weekly,FRED_CHICAGO_FED,National Financial Conditions Index,https://fred.stlouisfed.org/series/NFCI,https://www.chicagofed.org/research/data/nfci/current-data,2026-08-31T14:34:09.166970Z,none
2025-01-31,financial_conditions_index,us,USA,,Chicago Fed National Financial Conditions Index,-0.507,index,weekly,FRED_CHICAGO_FED,National Financial Conditions Index,https://fred.stlouisfed.org/series/NFCI,https://www.chicagofed.org/research/data/nfci/current-data,2026-08-31T14:34:09.166970Z,none
2025-02-07,financial_conditions_index,us,USA,,Chicago Fed National Financial Conditions Index,-0.506,index,weekly,FRED_CHICAGO_FED,National Financial Conditions Index,https://fred.stlouisfed.org/series/NFCI,https://www.chicagofed.org/research/data/nfci/current-data,2026-08-31T14:34:09.166970Z,none
2025-02-14,financial_conditions_index,us,USA,,Chicago Fed National Financial Conditions Index,-0.502,index,weekly,FRED_CHICAGO_FED,National Financial Conditions Index,https://fred.stlouisfed.org/series/NFCI,https://www.chicagofed.org/research/data/nfci/current-data,2026-08-31T14:34:09.166970Z,none
2025-02-21,financial_conditions_index,us,USA,,Chicago Fed National Financial Conditions Index,-0.492,index,weekly,FRED_CHICAGO_FED,National Financial Conditions Index,https://fred.stlouisfed.org/series/NFCI,https://www.chicagofed.org/research/data/nfci/current-data,2026-08-31T14:34:09.166970Z,none
2025-02-28,financial_conditions_index,us,USA,,Chicago Fed National Financial Conditions Index,-0.479,index,weekly,FRED_CHICAGO_FED,National Financial Conditions Index,https://fred.stlouisfed.org/series/NFCI,https://www.chicagofed.org/research/data/nfci/current-data,2026-08-31T14:34:09.166970Z,none
2025-03-07,financial_conditions_index,us,USA,,Chicago Fed National Financial Conditions Index,-0.462,index,weekly,FRED_CHICAGO_FED,National Financial Conditions Index,https://fred.stlouisfed.org/series/NFCI,https://www.chicagofed.org/research/data/nfci/current-data,2026-08-31T14:34:09.166970Z,none
2025-03-14,financial_conditions_index,us,USA,,Chicago Fed National Financial Conditions Index,-0.444,index,weekly,FRED_CHICAGO_FED,National Financial Conditions Index,https://fred.stlouisfed.org/series/NFCI,https://www.chicagofed.org/research/data/nfci/current-data,2026-08-31T14:34:09.166970Z,none
2025-03-21,financial_conditions_index,us,USA,,Chicago Fed National Financial Conditions Index,-0.426,index,weekly,FRED_CHICAGO_FED,National Financial Conditions Index,https://fred.stlouisfed.org/series/NFCI,https://www.chicagofed.org/research/data/nfci/current-data,2026-08-31T14:34:09.166970Z,none
2025-03-28,financial_conditions_index,us,USA,,Chicago Fed National Financial Conditions Index,-0.409,index,weekly,FRED_CHICAGO_FED,National Financial Conditions Index,https://fred.stlouisfed.org/series/NFCI,https://www.chicagofed.org/research/data/nfci/current-data,2026-08-31T14:34:09.166970Z,none
2025-04-04,financial_conditions_index,us,USA,,Chicago Fed National Financial Conditions Index,-0.394,index,weekly,FRED_CHICAGO_FED,National Financial Conditions Index,https://fred.stlouisfed.org/series/NFCI,https://www.chicagofed.org/research/data/nfci/current-data,2026-08-31T14:34:09.166970Z,none
2025-04-11,financial_conditions_index,us,USA,,Chicago Fed National Financial Conditions Index,-0.383,index,weekly,FRED_CHICAGO_FED,National Financial Conditions Index,https://fred.stlouisfed.org/series/NFCI,https://www.chicagofed.org/research/data/nfci/current-data,2026-08-31T14:34:09.166970Z,none
2025-04-18,financial_conditions_index,us,USA,,Chicago Fed National Financial Conditions Index,-0.384,index,weekly,FRED_CHICAGO_FED,National Financial Conditions Index,https://fred.stlouisfed.org/series/NFCI,https://www.chicagofed.org/research/data/nfci/current-data,2026-08-31T14:34:09.166970Z,none
2025-04-25,financial_conditions_index,us,USA,,Chicago Fed National Financial Conditions Index,-0.39,index,weekly,FRED_CHICAGO_FED,National Financial Conditions Index,https://fred.stlouisfed.org/series/NFCI,https://www.chicagofed.org/research/data/nfci/current-data,2026-08-31T14:34:09.166970Z,none
2025-05-02,financial_conditions_index,us,USA,,Chicago Fed National Financial Conditions Index,-0.404,index,weekly,FRED_CHICAGO_FED,National Financial Conditions Index,https://fred.stlouisfed.org/series/NFCI,https://www.chicagofed.org/research/data/nfci/current-data,2026-08-31T14:34:09.166970Z,none
2025-05-09,financial_conditions_index,us,USA,,Chicago Fed National Financial Conditions Index,-0.421,index,weekly,FRED_CHICAGO_FED,National Financial Conditions Index,https://fred.stlouisfed.org/series/NFCI,https://www.chicagofed.org/research/data/nfci/current-data,2026-08-31T14:34:09.166970Z,none
2025-05-16,financial_conditions_index,us,USA,,Chicago Fed National Financial Conditions Index,-0.439,index,weekly,FRED_CHICAGO_FED,National Financial Conditions Index,https://fred.stlouisfed.org/series/NFCI,https://www.chicagofed.org/research/data/nfci/current-data,2026-08-31T14:34:09.166970Z,none
2025-05-23,financial_conditions_index,us,USA,,Chicago Fed National Financial Conditions Index,-0.453,index,weekly,FRED_CHICAGO_FED,National Financial Conditions Index,https://fred.stlouisfed.org/series/NFCI,https://www.chicagofed.org/research/data/nfci/current-data,2026-08-31T14:34:09.166970Z,none
2025-05-30,financial_conditions_index,us,USA,,Chicago Fed National Financial Conditions Index,-0.465,index,weekly,FRED_CHICAGO_FED,National Financial Conditions Index,https://fred.stlouisfed.org/series/NFCI,https://www.chicagofed.org/research/data/nfci/current-data,2026-08-31T14:34:09.166970Z,none
2025-06-06,financial_conditions_index,us,USA,,Chicago Fed National Financial Conditions Index,-0.475,index,weekly,FRED_CHICAGO_FED,National Financial Conditions Index,https://fred.stlouisfed.org/series/NFCI,https://www.chicagofed.org/research/data/nfci/current-data,2026-08-31T14:34:09.166970Z,none
2025-06-13,financial_conditions_index,us,USA,,Chicago Fed National Financial Conditions Index,-0.482,index,weekly,FRED_CHICAGO_FED,National Financial Conditions Index,https://fred.stlouisfed.org/series/NFCI,https://www.chicagofed.org/research/data/nfci/current-data,2026-08-31T14:34:09.166970Z,none
2025-06-20,financial_conditions_index,us,USA,,Chicago Fed National Financial Conditions Index,-0.488,index,weekly,FRED_CHICAGO_FED,National Financial Conditions Index,https://fred.stlouisfed.org/series/NFCI,https://www.chicagofed.org/research/data/nfci/current-data,2026-08-31T14:34:09.166970Z,none
2025-06-27,financial_conditions_index,us,USA,,Chicago Fed National Financial Conditions Index,-0.495,index,weekly,FRED_CHICAGO_FED,National Financial Conditions Index,https://fred.stlouisfed.org/series/NFCI,https://www.chicagofed.org/research/data/nfci/current-data,2026-08-31T14:34:09.166970Z,none
2025-07-04,financial_conditions_index,us,USA,,Chicago Fed National Financial Conditions Index,-0.502,index,weekly,FRED_CHICAGO_FED,National Financial Conditions Index,https://fred.stlouisfed.org/series/NFCI,https://www.chicagofed.org/research/data/nfci/current-data,2026-08-31T14:34:09.166970Z,none
2025-07-11,financial_conditions_index,us,USA,,Chicago Fed National Financial Conditions Index,-0.508,index,weekly,FRED_CHICAGO_FED,National Financial Conditions Index,https://fred.stlouisfed.org/series/NFCI,https://www.chicagofed.org/research/data/nfci/current-data,2026-08-31T14:34:09.166970Z,none
2025-07-18,financial_conditions_index,us,USA,,Chicago Fed National Financial Conditions Index,-0.513,index,weekly,FRED_CHICAGO_FED,National Financial Conditions Index,https://fred.stlouisfed.org/series/NFCI,https://www.chicagofed.org/research/data/nfci/current-data,2026-08-31T14:34:09.166970Z,none
2025-07-25,financial_conditions_index,us,USA,,Chicago Fed National Financial Conditions Index,-0.517,index,weekly,FRED_CHICAGO_FED,National Financial Conditions Index,https://fred.stlouisfed.org/series/NFCI,https://www.chicagofed.org/research/data/nfci/current-data,2026-08-31T14:34:09.166970Z,none
2025-08-01,financial_conditions_index,us,USA,,Chicago Fed National Financial Conditions Index,-0.52,index,weekly,FRED_CHICAGO_FED,National Financial Conditions Index,https://fred.stlouisfed.org/series/NFCI,https://www.chicagofed.org/research/data/nfci/current-data,2026-08-31T14:34:09.166970Z,none
2025-08-08,financial_conditions_index,us,USA,,Chicago Fed National Financial Conditions Index,-0.522,index,weekly,FRED_CHICAGO_FED,National Financial Conditions Index,https://fred.stlouisfed.org/series/NFCI,https://www.chicagofed.org/research/data/nfci/current-data,2026-08-31T14:34:09.166970Z,none
2025-08-15,financial_conditions_index,us,USA,,Chicago Fed National Financial Conditions Index,-0.524,index,weekly,FRED_CHICAGO_FED,National Financial Conditions Index,https://fred.stlouisfed.org/series/NFCI,https://www.chicagofed.org/research/data/nfci/current-data,2026-08-31T14:34:09.166970Z,none
2025-08-22,financial_conditions_index,us,USA,,Chicago Fed National Financial Conditions Index,-0.525,index,weekly,FRED_CHICAGO_FED,National Financial Conditions Index,https://fred.stlouisfed.org/series/NFCI,https://www.chicagofed.org/research/data/nfci/current-data,2026-08-31T14:34:09.166970Z,none
2025-08-29,financial_conditions_index,us,USA,,Chicago Fed National Financial Conditions Index,-0.526,index,weekly,FRED_CHICAGO_FED,National Financial Conditions Index,https://fred.stlouisfed.org/series/NFCI,https://www.chicagofed.org/research/data/nfci/current-data,2026-08-31T14:34:09.166970Z,none
2025-09-05,financial_conditions_index,us,USA,,Chicago Fed National Financial Conditions Index,-0.526,index,weekly,FRED_CHICAGO_FED,National Financial Conditions Index,https://fred.stlouisfed.org/series/NFCI,https://www.chicagofed.org/research/data/nfci/current-data,2026-08-31T14:34:09.166970Z,none
2025-09-12,financial_conditions_index,us,USA,,Chicago Fed National Financial Conditions Index,-0.526,index,weekly,FRED_CHICAGO_FED,National Financial Conditions Index,https://fred.stlouisfed.org/series/NFCI,https://www.chicagofed.org/research/data/nfci/current-data,2026-08-31T14:34:09.166970Z,none
2025-09-19,financial_conditions_index,us,USA,,Chicago Fed National Financial Conditions Index,-0.525,index,weekly,FRED_CHICAGO_FED,National Financial Conditions Index,https://fred.stlouisfed.org/series/NFCI,https://www.chicagofed.org/research/data/nfci/current-data,2026-08-31T14:34:09.166970Z,none
2025-09-26,financial_conditions_index,us,USA,,Chicago Fed National Financial Conditions Index,-0.524,index,weekly,FRED_CHICAGO_FED,National Financial Conditions Index,https://fred.stlouisfed.org/series/NFCI,https://www.chicagofed.org/research/data/nfci/current-data,2026-08-31T14:34:09.166970Z,none
2025-10-03,financial_conditions_index,us,USA,,Chicago Fed National Financial Conditions Index,-0.523,index,weekly,FRED_CHICAGO_FED,National Financial Conditions Index,https://fred.stlouisfed.org/series/NFCI,https://www.chicagofed.org/research/data/nfci/current-data,2026-08-31T14:34:09.166970Z,none
2025-10-10,financial_conditions_index,us,USA,,Chicago Fed National Financial Conditions Index,-0.521,index,weekly,FRED_CHICAGO_FED,National Financial Conditions Index,https://fred.stlouisfed.org/series/NFCI,https://www.chicagofed.org/research/data/nfci/current-data,2026-08-31T14:34:09.166970Z,none
2025-10-17,financial_conditions_index,us,USA,,Chicago Fed National Financial Conditions Index,-0.518,index,weekly,FRED_CHICAGO_FED,National Financial Conditions Index,https://fred.stlouisfed.org/series/NFCI,https://www.chicagofed.org/research/data/nfci/current-data,2026-08-31T14:34:09.166970Z,none
2025-10-24,financial_conditions_index,us,USA,,Chicago Fed National Financial Conditions Index,-0.515,index,weekly,FRED_CHICAGO_FED,National Financial Conditions Index,https://fred.stlouisfed.org/series/NFCI,https://www.chicagofed.org/research/data/nfci/current-data,2026-08-31T14:34:09.166970Z,none
2025-10-31,financial_conditions_index,us,USA,,Chicago Fed National Financial Conditions Index,-0.512,index,weekly,FRED_CHICAGO_FED,National Financial Conditions Index,https://fred.stlouisfed.org/series/NFCI,https://www.chicagofed.org/research/data/nfci/current-data,2026-08-31T14:34:09.166970Z,none
2025-11-07,financial_conditions_index,us,USA,,Chicago Fed National Financial Conditions Index,-0.509,index,weekly,FRED_CHICAGO_FED,National Financial Conditions Index,https://fred.stlouisfed.org/series/NFCI,https://www.chicagofed.org/research/data/nfci/current-data,2026-08-31T14:34:09.166970Z,none
2025-11-14,financial_conditions_index,us,USA,,Chicago Fed National Financial Conditions Index,-0.507,index,weekly,FRED_CHICAGO_FED,National Financial Conditions Index,https://fred.stlouisfed.org/series/NFCI,https://www.chicagofed.org/research/data/nfci/current-data,2026-08-31T14:34:09.166970Z,none
2025-11-21,financial_conditions_index,us,USA,,Chicago Fed National Financial Conditions Index,-0.506,index,weekly,FRED_CHICAGO_FED,National Financial Conditions Index,https://fred.stlouisfed.org/series/NFCI,https://www.chicagofed.org/research/data/nfci/current-data,2026-08-31T14:34:09.166970Z,none
2025-11-28,financial_conditions_index,us,USA,,Chicago Fed National Financial Conditions Index,-0.507,index,weekly,FRED_CHICAGO_FED,National Financial Conditions Index,https://fred.stlouisfed.org/series/NFCI,https://www.chicagofed.org/research/data/nfci/current-data,2026-08-31T14:34:09.166970Z,none
2025-12-05,financial_conditions_index,us,USA,,Chicago Fed National Financial Conditions Index,-0.51,index,weekly,FRED_CHICAGO_FED,National Financial Conditions Index,https://fred.stlouisfed.org/series/NFCI,https://www.chicagofed.org/research/data/nfci/current-data,2026-08-31T14:34:09.166970Z,none
2025-12-12,financial_conditions_index,us,USA,,Chicago Fed National Financial Conditions Index,-0.515,index,weekly,FRED_CHICAGO_FED,National Financial Conditions Index,https://fred.stlouisfed.org/series/NFCI,https://www.chicagofed.org/research/data/nfci/current-data,2026-08-31T14:34:09.166970Z,none
2025-12-19,financial_conditions_index,us,USA,,Chicago Fed National Financial Conditions Index,-0.524,index,weekly,FRED_CHICAGO_FED,National Financial Conditions Index,https://fred.stlouisfed.org/series/NFCI,https://www.chicagofed.org/research/data/nfci/current-data,2026-08-31T14:34:09.166970Z,none
2025-12-26,financial_conditions_index,us,USA,,Chicago Fed National Financial Conditions Index,-0.535,index,weekly,FRED_CHICAGO_FED,National Financial Conditions Index,https://fred.stlouisfed.org/series/NFCI,https://www.chicagofed.org/research/data/nfci/current-data,2026-08-31T14:34:09.166970Z,none
2026-01-02,financial_conditions_index,us,USA,,Chicago Fed National Financial Conditions Index,-0.547,index,weekly,FRED_CHICAGO_FED,National Financial Conditions Index,https://fred.stlouisfed.org/series/NFCI,https://www.chicagofed.org/research/data/nfci/current-data,2026-08-31T14:34:09.166970Z,none
2026-01-09,financial_conditions_index,us,USA,,Chicago Fed National Financial Conditions Index,-0.558,index,weekly,FRED_CHICAGO_FED,National Financial Conditions Index,https://fred.stlouisfed.org/series/NFCI,https://www.chicagofed.org/research/data/nfci/current-data,2026-08-31T14:34:09.166970Z,none
2026-01-16,financial_conditions_index,us,USA,,Chicago Fed National Financial Conditions Index,-0.565,index,weekly,FRED_CHICAGO_FED,National Financial Conditions Index,https://fred.stlouisfed.org/series/NFCI,https://www.chicagofed.org/research/data/nfci/current-data,2026-08-31T14:34:09.166970Z,none
2026-01-23,financial_conditions_index,us,USA,,Chicago Fed National Financial Conditions Index,-0.566,index,weekly,FRED_CHICAGO_FED,National Financial Conditions Index,https://fred.stlouisfed.org/series/NFCI,https://www.chicagofed.org/research/data/nfci/current-data,2026-08-31T14:34:09.166970Z,none
2026-01-30,financial_conditions_index,us,USA,,Chicago Fed National Financial Conditions Index,-0.563,index,weekly,FRED_CHICAGO_FED,National Financial Conditions Index,https://fred.stlouisfed.org/series/NFCI,https://www.chicagofed.org/research/data/nfci/current-data,2026-08-31T14:34:09.166970Z,none
2026-02-06,financial_conditions_index,us,USA,,Chicago Fed National Financial Conditions Index,-0.554,index,weekly,FRED_CHICAGO_FED,National Financial Conditions Index,https://fred.stlouisfed.org/series/NFCI,https://www.chicagofed.org/research/data/nfci/current-data,2026-08-31T14:34:09.166970Z,none
2026-02-13,financial_conditions_index,us,USA,,Chicago Fed National Financial Conditions Index,-0.541,index,weekly,FRED_CHICAGO_FED,National Financial Conditions Index,https://fred.stlouisfed.org/series/NFCI,https://www.chicagofed.org/research/data/nfci/current-data,2026-08-31T14:34:09.166970Z,none
2026-02-20,financial_conditions_index,us,USA,,Chicago Fed National Financial Conditions Index,-0.525,index,weekly,FRED_CHICAGO_FED,National Financial Conditions Index,https://fred.stlouisfed.org/series/NFCI,https://www.chicagofed.org/research/data/nfci/current-data,2026-08-31T14:34:09.166970Z,none
2026-02-27,financial_conditions_index,us,USA,,Chicago Fed National Financial Conditions Index,-0.506,index,weekly,FRED_CHICAGO_FED,National Financial Conditions Index,https://fred.stlouisfed.org/series/NFCI,https://www.chicagofed.org/research/data/nfci/current-data,2026-08-31T14:34:09.166970Z,none
2026-03-06,financial_conditions_index,us,USA,,Chicago Fed National Financial Conditions Index,-0.487,index,weekly,FRED_CHICAGO_FED,National Financial Conditions Index,https://fred.stlouisfed.org/series/NFCI,https://www.chicagofed.org/research/data/nfci/current-data,2026-08-31T14:34:09.166970Z,none
2026-03-13,financial_conditions_index,us,USA,,Chicago Fed National Financial Conditions Index,-0.472,index,weekly,FRED_CHICAGO_FED,National Financial Conditions Index,https://fred.stlouisfed.org/series/NFCI,https://www.chicagofed.org/research/data/nfci/current-data,2026-08-31T14:34:09.166970Z,none
2026-03-20,financial_conditions_index,us,USA,,Chicago Fed National Financial Conditions Index,-0.462,index,weekly,FRED_CHICAGO_FED,National Financial Conditions Index,https://fred.stlouisfed.org/series/NFCI,https://www.chicagofed.org/research/data/nfci/current-data,2026-08-31T14:34:09.166970Z,none
2026-03-27,financial_conditions_index,us,USA,,Chicago Fed National Financial Conditions Index,-0.459,index,weekly,FRED_CHICAGO_FED,National Financial Conditions Index,https://fred.stlouisfed.org/series/NFCI,https://www.chicagofed.org/research/data/nfci/current-data,2026-08-31T14:34:09.166970Z,none
2026-04-03,financial_conditions_index,us,USA,,Chicago Fed National Financial Conditions Index,-0.463,index,weekly,FRED_CHICAGO_FED,National Financial Conditions Index,https://fred.stlouisfed.org/series/NFCI,https://www.chicagofed.org/research/data/nfci/current-data,2026-08-31T14:34:09.166970Z,none
2026-04-10,financial_conditions_index,us,USA,,Chicago Fed National Financial Conditions Index,-0.473,index,weekly,FRED_CHICAGO_FED,National Financial Conditions Index,https://fred.stlouisfed.org/series/NFCI,https://www.chicagofed.org/research/data/nfci/current-data,2026-08-31T14:34:09.166970Z,none
2026-04-17,financial_conditions_index,us,USA,,Chicago Fed National Financial Conditions Index,-0.485,index,weekly,FRED_CHICAGO_FED,National Financial Conditions Index,https://fred.stlouisfed.org/series/NFCI,https://www.chicagofed.org/research/data/nfci/current-data,2026-08-31T14:34:09.166970Z,none
2026-04-24,financial_conditions_index,us,USA,,Chicago Fed National Financial Conditions Index,-0.495,index,weekly,FRED_CHICAGO_FED,National Financial Conditions Index,https://fred.stlouisfed.org/series/NFCI,https://www.chicagofed.org/research/data/nfci/current-data,2026-08-31T14:34:09.166970Z,none
2026-05-01,financial_conditions_index,us,USA,,Chicago Fed National Financial Conditions Index,-0.502,index,weekly,FRED_CHICAGO_FED,National Financial Conditions Index,https://fred.stlouisfed.org/series/NFCI,https://www.chicagofed.org/research/data/nfci/current-data,2026-08-31T14:34:09.166970Z,none
2026-05-08,financial_conditions_index,us,USA,,Chicago Fed National Financial Conditions Index,-0.507,index,weekly,FRED_CHICAGO_FED,National Financial Conditions Index,https://fred.stlouisfed.org/series/NFCI,https://www.chicagofed.org/research/data/nfci/current-data,2026-08-31T14:34:09.166970Z,none
2026-05-15,financial_conditions_index,us,USA,,Chicago Fed National Financial Conditions Index,-0.508,index,weekly,FRED_CHICAGO_FED,National Financial Conditions Index,https://fred.stlouisfed.org/series/NFCI,https://www.chicagofed.org/research/data/nfci/current-data,2026-08-31T14:34:09.166970Z,none
2026-05-22,financial_conditions_index,us,USA,,Chicago Fed National Financial Conditions Index,-0.507,index,weekly,FRED_CHICAGO_FED,National Financial Conditions Index,https://fred.stlouisfed.org/series/NFCI,https://www.chicagofed.org/research/data/nfci/current-data,2026-08-31T14:34:09.166970Z,none
2026-05-29,financial_conditions_index,us,USA,,Chicago Fed National Financial Conditions Index,-0.505,index,weekly,FRED_CHICAGO_FED,National Financial Conditions Index,https://fred.stlouisfed.org/series/NFCI,https://www.chicagofed.org/research/data/nfci/current-data,2026-08-31T14:34:09.166970Z,none
2026-06-05,financial_conditions_index,us,USA,,Chicago Fed National Financial Conditions Index,-0.504,index,weekly,FRED_CHICAGO_FED,National Financial Conditions Index,https://fred.stlouisfed.org/series/NFCI,https://www.chicagofed.org/research/data/nfci/current-data,2026-08-31T14:34:09.166970Z,none
2026-06-12,financial_conditions_index,us,USA,,Chicago Fed National Financial Conditions Index,-0.504,index,weekly,FRED_CHICAGO_FED,National Financial Conditions Index,https://fred.stlouisfed.org/series/NFCI,https://www.chicagofed.org/research/data/nfci/current-data,2026-08-31T14:34:09.166970Z,none
2026-06-19,financial_conditions_index,us,USA,,Chicago Fed National Financial Conditions Index,-0.506,index,weekly,FRED_CHICAGO_FED,National Financial Conditions Index,https://fred.stlouisfed.org/series/NFCI,https://www.chicagofed.org/research/data/nfci/current-data,2026-08-31T14:34:09.166970Z,none
2026-06-26,financial_conditions_index,us,USA,,Chicago Fed National Financial Conditions Index,-0.51,index,weekly,FRED_CHICAGO_FED,National Financial Conditions Index,https://fred.stlouisfed.org/series/NFCI,https://www.chicagofed.org/research/data/nfci/current-data,2026-08-31T14:34:09.166970Z,none
2026-07-03,financial_conditions_index,us,USA,,Chicago Fed National Financial Conditions Index,-0.517,index,weekly,FRED_CHICAGO_FED,National Financial Conditions Index,https://fred.stlouisfed.org/series/NFCI,https://www.chicagofed.org/research/data/nfci/current-data,2026-08-31T14:34:09.166970Z,none
2026-07-10,financial_conditions_index,us,USA,,Chicago Fed National Financial Conditions Index,-0.524,index,weekly,FRED_CHICAGO_FED,National Financial Conditions Index,https://fred.stlouisfed.org/series/NFCI,https://www.chicagofed.org/research/data/nfci/current-data,2026-08-31T14:34:09.166970Z,none
2026-07-17,financial_conditions_index,us,USA,,Chicago Fed National Financial Conditions Index,-0.531,index,weekly,FRED_CHICAGO_FED,National Financial Conditions Index,https://fred.stlouisfed.org/series/NFCI,https://www.chicagofed.org/research/data/nfci/current-data,2026-08-31T14:34:09.166970Z,none
2026-07-24,financial_conditions_index,us,USA,,Chicago Fed National Financial Conditions Index,-0.54,index,weekly,FRED_CHICAGO_FED,National Financial Conditions Index,https://fred.stlouisfed.org/series/NFCI,https://www.chicagofed.org/research/data/nfci/current-data,2026-08-31T14:34:09.166970Z,none
2026-07-31,financial_conditions_index,us,USA,,Chicago Fed National Financial Conditions Index,-0.547,index,weekly,FRED_CHICAGO_FED,National Financial Conditions Index,https://fred.stlouisfed.org/series/NFCI,https://www.chicagofed.org/research/data/nfci/current-data,2026-08-31T14:34:09.166970Z,none
2026-08-07,financial_conditions_index,us,USA,,Chicago Fed National Financial Conditions Index,-0.555,index,weekly,FRED_CHICAGO_FED,National Financial Conditions Index,https://fred.stlouisfed.org/series/NFCI,https://www.chicagofed.org/research/data/nfci/current-data,2026-08-31T14:34:09.166970Z,none
2026-08-14,financial_conditions_index,us,USA,,Chicago Fed National Financial Conditions Index,-0.561,index,weekly,FRED_CHICAGO_FED,National Financial Conditions Index,https://fred.stlouisfed.org/series/NFCI,https://www.chicagofed.org/research/data/nfci/current-data,2026-08-31T14:34:09.166970Z,none
2026-08-21,financial_conditions_index,us,USA,,Chicago Fed National Financial Conditions Index,-0.566,index,weekly,FRED_CHICAGO_FED,National Financial Conditions Index,https://fred.stlouisfed.org/series/NFCI,https://www.chicagofed.org/research/data/nfci/current-data,2026-08-31T14:34:09.166970Z,none
