observation_date,series_id,tab_id,country_iso3,currency_iso3,label,value,unit,frequency,source_id,source_name,source_url,source_documentation_url,source_retrieved_at,transformation
1992-01-01,metals_price_index,energy-industrial,,,Global price index of metals,46.94867281,index_2016_100,monthly,FRED_IMF_PCPS,IMF Primary Commodity Prices System series,https://fred.stlouisfed.org/categories/32217,https://data.imf.org/en/datasets/IMF.STA:PCPS,2026-08-31T14:34:12.474268Z,none
1992-02-01,metals_price_index,energy-industrial,,,Global price index of metals,48.31941178,index_2016_100,monthly,FRED_IMF_PCPS,IMF Primary Commodity Prices System series,https://fred.stlouisfed.org/categories/32217,https://data.imf.org/en/datasets/IMF.STA:PCPS,2026-08-31T14:34:12.474268Z,none
1992-03-01,metals_price_index,energy-industrial,,,Global price index of metals,48.220121,index_2016_100,monthly,FRED_IMF_PCPS,IMF Primary Commodity Prices System series,https://fred.stlouisfed.org/categories/32217,https://data.imf.org/en/datasets/IMF.STA:PCPS,2026-08-31T14:34:12.474268Z,none
1992-04-01,metals_price_index,energy-industrial,,,Global price index of metals,48.62862921,index_2016_100,monthly,FRED_IMF_PCPS,IMF Primary Commodity Prices System series,https://fred.stlouisfed.org/categories/32217,https://data.imf.org/en/datasets/IMF.STA:PCPS,2026-08-31T14:34:12.474268Z,none
1992-05-01,metals_price_index,energy-industrial,,,Global price index of metals,48.60556775,index_2016_100,monthly,FRED_IMF_PCPS,IMF Primary Commodity Prices System series,https://fred.stlouisfed.org/categories/32217,https://data.imf.org/en/datasets/IMF.STA:PCPS,2026-08-31T14:34:12.474268Z,none
1992-06-01,metals_price_index,energy-industrial,,,Global price index of metals,48.72549053,index_2016_100,monthly,FRED_IMF_PCPS,IMF Primary Commodity Prices System series,https://fred.stlouisfed.org/categories/32217,https://data.imf.org/en/datasets/IMF.STA:PCPS,2026-08-31T14:34:12.474268Z,none
1992-07-01,metals_price_index,energy-industrial,,,Global price index of metals,50.82103469,index_2016_100,monthly,FRED_IMF_PCPS,IMF Primary Commodity Prices System series,https://fred.stlouisfed.org/categories/32217,https://data.imf.org/en/datasets/IMF.STA:PCPS,2026-08-31T14:34:12.474268Z,none
1992-08-01,metals_price_index,energy-industrial,,,Global price index of metals,50.47209673,index_2016_100,monthly,FRED_IMF_PCPS,IMF Primary Commodity Prices System series,https://fred.stlouisfed.org/categories/32217,https://data.imf.org/en/datasets/IMF.STA:PCPS,2026-08-31T14:34:12.474268Z,none
1992-09-01,metals_price_index,energy-industrial,,,Global price index of metals,49.13035222,index_2016_100,monthly,FRED_IMF_PCPS,IMF Primary Commodity Prices System series,https://fred.stlouisfed.org/categories/32217,https://data.imf.org/en/datasets/IMF.STA:PCPS,2026-08-31T14:34:12.474268Z,none
1992-10-01,metals_price_index,energy-industrial,,,Global price index of metals,45.97591724,index_2016_100,monthly,FRED_IMF_PCPS,IMF Primary Commodity Prices System series,https://fred.stlouisfed.org/categories/32217,https://data.imf.org/en/datasets/IMF.STA:PCPS,2026-08-31T14:34:12.474268Z,none
1992-11-01,metals_price_index,energy-industrial,,,Global price index of metals,43.91414409,index_2016_100,monthly,FRED_IMF_PCPS,IMF Primary Commodity Prices System series,https://fred.stlouisfed.org/categories/32217,https://data.imf.org/en/datasets/IMF.STA:PCPS,2026-08-31T14:34:12.474268Z,none
1992-12-01,metals_price_index,energy-industrial,,,Global price index of metals,44.7861884,index_2016_100,monthly,FRED_IMF_PCPS,IMF Primary Commodity Prices System series,https://fred.stlouisfed.org/categories/32217,https://data.imf.org/en/datasets/IMF.STA:PCPS,2026-08-31T14:34:12.474268Z,none
1993-01-01,metals_price_index,energy-industrial,,,Global price index of metals,44.41302748,index_2016_100,monthly,FRED_IMF_PCPS,IMF Primary Commodity Prices System series,https://fred.stlouisfed.org/categories/32217,https://data.imf.org/en/datasets/IMF.STA:PCPS,2026-08-31T14:34:12.474268Z,none
1993-02-01,metals_price_index,energy-industrial,,,Global price index of metals,44.18963461,index_2016_100,monthly,FRED_IMF_PCPS,IMF Primary Commodity Prices System series,https://fred.stlouisfed.org/categories/32217,https://data.imf.org/en/datasets/IMF.STA:PCPS,2026-08-31T14:34:12.474268Z,none
1993-03-01,metals_price_index,energy-industrial,,,Global price index of metals,43.04474927,index_2016_100,monthly,FRED_IMF_PCPS,IMF Primary Commodity Prices System series,https://fred.stlouisfed.org/categories/32217,https://data.imf.org/en/datasets/IMF.STA:PCPS,2026-08-31T14:34:12.474268Z,none
1993-04-01,metals_price_index,energy-industrial,,,Global price index of metals,41.50349447,index_2016_100,monthly,FRED_IMF_PCPS,IMF Primary Commodity Prices System series,https://fred.stlouisfed.org/categories/32217,https://data.imf.org/en/datasets/IMF.STA:PCPS,2026-08-31T14:34:12.474268Z,none
1993-05-01,metals_price_index,energy-industrial,,,Global price index of metals,40.28053966,index_2016_100,monthly,FRED_IMF_PCPS,IMF Primary Commodity Prices System series,https://fred.stlouisfed.org/categories/32217,https://data.imf.org/en/datasets/IMF.STA:PCPS,2026-08-31T14:34:12.474268Z,none
1993-06-01,metals_price_index,energy-industrial,,,Global price index of metals,40.55691134,index_2016_100,monthly,FRED_IMF_PCPS,IMF Primary Commodity Prices System series,https://fred.stlouisfed.org/categories/32217,https://data.imf.org/en/datasets/IMF.STA:PCPS,2026-08-31T14:34:12.474268Z,none
1993-07-01,metals_price_index,energy-industrial,,,Global price index of metals,40.60402157,index_2016_100,monthly,FRED_IMF_PCPS,IMF Primary Commodity Prices System series,https://fred.stlouisfed.org/categories/32217,https://data.imf.org/en/datasets/IMF.STA:PCPS,2026-08-31T14:34:12.474268Z,none
1993-08-01,metals_price_index,energy-industrial,,,Global price index of metals,39.96884831,index_2016_100,monthly,FRED_IMF_PCPS,IMF Primary Commodity Prices System series,https://fred.stlouisfed.org/categories/32217,https://data.imf.org/en/datasets/IMF.STA:PCPS,2026-08-31T14:34:12.474268Z,none
1993-09-01,metals_price_index,energy-industrial,,,Global price index of metals,38.38224302,index_2016_100,monthly,FRED_IMF_PCPS,IMF Primary Commodity Prices System series,https://fred.stlouisfed.org/categories/32217,https://data.imf.org/en/datasets/IMF.STA:PCPS,2026-08-31T14:34:12.474268Z,none
1993-10-01,metals_price_index,energy-industrial,,,Global price index of metals,37.064629,index_2016_100,monthly,FRED_IMF_PCPS,IMF Primary Commodity Prices System series,https://fred.stlouisfed.org/categories/32217,https://data.imf.org/en/datasets/IMF.STA:PCPS,2026-08-31T14:34:12.474268Z,none
1993-11-01,metals_price_index,energy-industrial,,,Global price index of metals,36.74624782,index_2016_100,monthly,FRED_IMF_PCPS,IMF Primary Commodity Prices System series,https://fred.stlouisfed.org/categories/32217,https://data.imf.org/en/datasets/IMF.STA:PCPS,2026-08-31T14:34:12.474268Z,none
1993-12-01,metals_price_index,energy-industrial,,,Global price index of metals,38.66491928,index_2016_100,monthly,FRED_IMF_PCPS,IMF Primary Commodity Prices System series,https://fred.stlouisfed.org/categories/32217,https://data.imf.org/en/datasets/IMF.STA:PCPS,2026-08-31T14:34:12.474268Z,none
1994-01-01,metals_price_index,energy-industrial,,,Global price index of metals,40.15048253,index_2016_100,monthly,FRED_IMF_PCPS,IMF Primary Commodity Prices System series,https://fred.stlouisfed.org/categories/32217,https://data.imf.org/en/datasets/IMF.STA:PCPS,2026-08-31T14:34:12.474268Z,none
1994-02-01,metals_price_index,energy-industrial,,,Global price index of metals,41.69469212,index_2016_100,monthly,FRED_IMF_PCPS,IMF Primary Commodity Prices System series,https://fred.stlouisfed.org/categories/32217,https://data.imf.org/en/datasets/IMF.STA:PCPS,2026-08-31T14:34:12.474268Z,none
1994-03-01,metals_price_index,energy-industrial,,,Global price index of metals,41.78527769,index_2016_100,monthly,FRED_IMF_PCPS,IMF Primary Commodity Prices System series,https://fred.stlouisfed.org/categories/32217,https://data.imf.org/en/datasets/IMF.STA:PCPS,2026-08-31T14:34:12.474268Z,none
1994-04-01,metals_price_index,energy-industrial,,,Global price index of metals,41.21174464,index_2016_100,monthly,FRED_IMF_PCPS,IMF Primary Commodity Prices System series,https://fred.stlouisfed.org/categories/32217,https://data.imf.org/en/datasets/IMF.STA:PCPS,2026-08-31T14:34:12.474268Z,none
1994-05-01,metals_price_index,energy-industrial,,,Global price index of metals,44.19898756,index_2016_100,monthly,FRED_IMF_PCPS,IMF Primary Commodity Prices System series,https://fred.stlouisfed.org/categories/32217,https://data.imf.org/en/datasets/IMF.STA:PCPS,2026-08-31T14:34:12.474268Z,none
1994-06-01,metals_price_index,energy-industrial,,,Global price index of metals,46.6767355,index_2016_100,monthly,FRED_IMF_PCPS,IMF Primary Commodity Prices System series,https://fred.stlouisfed.org/categories/32217,https://data.imf.org/en/datasets/IMF.STA:PCPS,2026-08-31T14:34:12.474268Z,none
1994-07-01,metals_price_index,energy-industrial,,,Global price index of metals,47.9694283,index_2016_100,monthly,FRED_IMF_PCPS,IMF Primary Commodity Prices System series,https://fred.stlouisfed.org/categories/32217,https://data.imf.org/en/datasets/IMF.STA:PCPS,2026-08-31T14:34:12.474268Z,none
1994-08-01,metals_price_index,energy-industrial,,,Global price index of metals,46.85550025,index_2016_100,monthly,FRED_IMF_PCPS,IMF Primary Commodity Prices System series,https://fred.stlouisfed.org/categories/32217,https://data.imf.org/en/datasets/IMF.STA:PCPS,2026-08-31T14:34:12.474268Z,none
1994-09-01,metals_price_index,energy-industrial,,,Global price index of metals,49.45609199,index_2016_100,monthly,FRED_IMF_PCPS,IMF Primary Commodity Prices System series,https://fred.stlouisfed.org/categories/32217,https://data.imf.org/en/datasets/IMF.STA:PCPS,2026-08-31T14:34:12.474268Z,none
1994-10-01,metals_price_index,energy-industrial,,,Global price index of metals,51.56603146,index_2016_100,monthly,FRED_IMF_PCPS,IMF Primary Commodity Prices System series,https://fred.stlouisfed.org/categories/32217,https://data.imf.org/en/datasets/IMF.STA:PCPS,2026-08-31T14:34:12.474268Z,none
1994-11-01,metals_price_index,energy-industrial,,,Global price index of metals,56.15808752,index_2016_100,monthly,FRED_IMF_PCPS,IMF Primary Commodity Prices System series,https://fred.stlouisfed.org/categories/32217,https://data.imf.org/en/datasets/IMF.STA:PCPS,2026-08-31T14:34:12.474268Z,none
1994-12-01,metals_price_index,energy-industrial,,,Global price index of metals,58.49042163,index_2016_100,monthly,FRED_IMF_PCPS,IMF Primary Commodity Prices System series,https://fred.stlouisfed.org/categories/32217,https://data.imf.org/en/datasets/IMF.STA:PCPS,2026-08-31T14:34:12.474268Z,none
1995-01-01,metals_price_index,energy-industrial,,,Global price index of metals,62.25714115,index_2016_100,monthly,FRED_IMF_PCPS,IMF Primary Commodity Prices System series,https://fred.stlouisfed.org/categories/32217,https://data.imf.org/en/datasets/IMF.STA:PCPS,2026-08-31T14:34:12.474268Z,none
1995-02-01,metals_price_index,energy-industrial,,,Global price index of metals,58.10806056,index_2016_100,monthly,FRED_IMF_PCPS,IMF Primary Commodity Prices System series,https://fred.stlouisfed.org/categories/32217,https://data.imf.org/en/datasets/IMF.STA:PCPS,2026-08-31T14:34:12.474268Z,none
1995-03-01,metals_price_index,energy-industrial,,,Global price index of metals,56.36097219,index_2016_100,monthly,FRED_IMF_PCPS,IMF Primary Commodity Prices System series,https://fred.stlouisfed.org/categories/32217,https://data.imf.org/en/datasets/IMF.STA:PCPS,2026-08-31T14:34:12.474268Z,none
1995-04-01,metals_price_index,energy-industrial,,,Global price index of metals,56.66586211,index_2016_100,monthly,FRED_IMF_PCPS,IMF Primary Commodity Prices System series,https://fred.stlouisfed.org/categories/32217,https://data.imf.org/en/datasets/IMF.STA:PCPS,2026-08-31T14:34:12.474268Z,none
1995-05-01,metals_price_index,energy-industrial,,,Global price index of metals,54.93148029,index_2016_100,monthly,FRED_IMF_PCPS,IMF Primary Commodity Prices System series,https://fred.stlouisfed.org/categories/32217,https://data.imf.org/en/datasets/IMF.STA:PCPS,2026-08-31T14:34:12.474268Z,none
1995-06-01,metals_price_index,energy-industrial,,,Global price index of metals,57.08011463,index_2016_100,monthly,FRED_IMF_PCPS,IMF Primary Commodity Prices System series,https://fred.stlouisfed.org/categories/32217,https://data.imf.org/en/datasets/IMF.STA:PCPS,2026-08-31T14:34:12.474268Z,none
1995-07-01,metals_price_index,energy-industrial,,,Global price index of metals,59.434986,index_2016_100,monthly,FRED_IMF_PCPS,IMF Primary Commodity Prices System series,https://fred.stlouisfed.org/categories/32217,https://data.imf.org/en/datasets/IMF.STA:PCPS,2026-08-31T14:34:12.474268Z,none
1995-08-01,metals_price_index,energy-industrial,,,Global price index of metals,59.84172264,index_2016_100,monthly,FRED_IMF_PCPS,IMF Primary Commodity Prices System series,https://fred.stlouisfed.org/categories/32217,https://data.imf.org/en/datasets/IMF.STA:PCPS,2026-08-31T14:34:12.474268Z,none
1995-09-01,metals_price_index,energy-industrial,,,Global price index of metals,57.06050268,index_2016_100,monthly,FRED_IMF_PCPS,IMF Primary Commodity Prices System series,https://fred.stlouisfed.org/categories/32217,https://data.imf.org/en/datasets/IMF.STA:PCPS,2026-08-31T14:34:12.474268Z,none
1995-10-01,metals_price_index,energy-industrial,,,Global price index of metals,55.27627779,index_2016_100,monthly,FRED_IMF_PCPS,IMF Primary Commodity Prices System series,https://fred.stlouisfed.org/categories/32217,https://data.imf.org/en/datasets/IMF.STA:PCPS,2026-08-31T14:34:12.474268Z,none
1995-11-01,metals_price_index,energy-industrial,,,Global price index of metals,57.04395231,index_2016_100,monthly,FRED_IMF_PCPS,IMF Primary Commodity Prices System series,https://fred.stlouisfed.org/categories/32217,https://data.imf.org/en/datasets/IMF.STA:PCPS,2026-08-31T14:34:12.474268Z,none
1995-12-01,metals_price_index,energy-industrial,,,Global price index of metals,56.14845555,index_2016_100,monthly,FRED_IMF_PCPS,IMF Primary Commodity Prices System series,https://fred.stlouisfed.org/categories/32217,https://data.imf.org/en/datasets/IMF.STA:PCPS,2026-08-31T14:34:12.474268Z,none
1996-01-01,metals_price_index,energy-industrial,,,Global price index of metals,53.6675711,index_2016_100,monthly,FRED_IMF_PCPS,IMF Primary Commodity Prices System series,https://fred.stlouisfed.org/categories/32217,https://data.imf.org/en/datasets/IMF.STA:PCPS,2026-08-31T14:34:12.474268Z,none
1996-02-01,metals_price_index,energy-industrial,,,Global price index of metals,54.35116084,index_2016_100,monthly,FRED_IMF_PCPS,IMF Primary Commodity Prices System series,https://fred.stlouisfed.org/categories/32217,https://data.imf.org/en/datasets/IMF.STA:PCPS,2026-08-31T14:34:12.474268Z,none
1996-03-01,metals_price_index,energy-industrial,,,Global price index of metals,54.566432,index_2016_100,monthly,FRED_IMF_PCPS,IMF Primary Commodity Prices System series,https://fred.stlouisfed.org/categories/32217,https://data.imf.org/en/datasets/IMF.STA:PCPS,2026-08-31T14:34:12.474268Z,none
1996-04-01,metals_price_index,energy-industrial,,,Global price index of metals,54.47596343,index_2016_100,monthly,FRED_IMF_PCPS,IMF Primary Commodity Prices System series,https://fred.stlouisfed.org/categories/32217,https://data.imf.org/en/datasets/IMF.STA:PCPS,2026-08-31T14:34:12.474268Z,none
1996-05-01,metals_price_index,energy-industrial,,,Global price index of metals,55.00948539,index_2016_100,monthly,FRED_IMF_PCPS,IMF Primary Commodity Prices System series,https://fred.stlouisfed.org/categories/32217,https://data.imf.org/en/datasets/IMF.STA:PCPS,2026-08-31T14:34:12.474268Z,none
1996-06-01,metals_price_index,energy-industrial,,,Global price index of metals,50.41794816,index_2016_100,monthly,FRED_IMF_PCPS,IMF Primary Commodity Prices System series,https://fred.stlouisfed.org/categories/32217,https://data.imf.org/en/datasets/IMF.STA:PCPS,2026-08-31T14:34:12.474268Z,none
1996-07-01,metals_price_index,energy-industrial,,,Global price index of metals,48.21615022,index_2016_100,monthly,FRED_IMF_PCPS,IMF Primary Commodity Prices System series,https://fred.stlouisfed.org/categories/32217,https://data.imf.org/en/datasets/IMF.STA:PCPS,2026-08-31T14:34:12.474268Z,none
1996-08-01,metals_price_index,energy-industrial,,,Global price index of metals,48.30605024,index_2016_100,monthly,FRED_IMF_PCPS,IMF Primary Commodity Prices System series,https://fred.stlouisfed.org/categories/32217,https://data.imf.org/en/datasets/IMF.STA:PCPS,2026-08-31T14:34:12.474268Z,none
1996-09-01,metals_price_index,energy-industrial,,,Global price index of metals,47.52086729,index_2016_100,monthly,FRED_IMF_PCPS,IMF Primary Commodity Prices System series,https://fred.stlouisfed.org/categories/32217,https://data.imf.org/en/datasets/IMF.STA:PCPS,2026-08-31T14:34:12.474268Z,none
1996-10-01,metals_price_index,energy-industrial,,,Global price index of metals,46.51644602,index_2016_100,monthly,FRED_IMF_PCPS,IMF Primary Commodity Prices System series,https://fred.stlouisfed.org/categories/32217,https://data.imf.org/en/datasets/IMF.STA:PCPS,2026-08-31T14:34:12.474268Z,none
1996-11-01,metals_price_index,energy-industrial,,,Global price index of metals,49.03483053,index_2016_100,monthly,FRED_IMF_PCPS,IMF Primary Commodity Prices System series,https://fred.stlouisfed.org/categories/32217,https://data.imf.org/en/datasets/IMF.STA:PCPS,2026-08-31T14:34:12.474268Z,none
1996-12-01,metals_price_index,energy-industrial,,,Global price index of metals,49.18577423,index_2016_100,monthly,FRED_IMF_PCPS,IMF Primary Commodity Prices System series,https://fred.stlouisfed.org/categories/32217,https://data.imf.org/en/datasets/IMF.STA:PCPS,2026-08-31T14:34:12.474268Z,none
1997-01-01,metals_price_index,energy-industrial,,,Global price index of metals,51.62500932,index_2016_100,monthly,FRED_IMF_PCPS,IMF Primary Commodity Prices System series,https://fred.stlouisfed.org/categories/32217,https://data.imf.org/en/datasets/IMF.STA:PCPS,2026-08-31T14:34:12.474268Z,none
1997-02-01,metals_price_index,energy-industrial,,,Global price index of metals,52.47232964,index_2016_100,monthly,FRED_IMF_PCPS,IMF Primary Commodity Prices System series,https://fred.stlouisfed.org/categories/32217,https://data.imf.org/en/datasets/IMF.STA:PCPS,2026-08-31T14:34:12.474268Z,none
1997-03-01,metals_price_index,energy-industrial,,,Global price index of metals,53.37682508,index_2016_100,monthly,FRED_IMF_PCPS,IMF Primary Commodity Prices System series,https://fred.stlouisfed.org/categories/32217,https://data.imf.org/en/datasets/IMF.STA:PCPS,2026-08-31T14:34:12.474268Z,none
1997-04-01,metals_price_index,energy-industrial,,,Global price index of metals,51.66395466,index_2016_100,monthly,FRED_IMF_PCPS,IMF Primary Commodity Prices System series,https://fred.stlouisfed.org/categories/32217,https://data.imf.org/en/datasets/IMF.STA:PCPS,2026-08-31T14:34:12.474268Z,none
1997-05-01,metals_price_index,energy-industrial,,,Global price index of metals,53.31089326,index_2016_100,monthly,FRED_IMF_PCPS,IMF Primary Commodity Prices System series,https://fred.stlouisfed.org/categories/32217,https://data.imf.org/en/datasets/IMF.STA:PCPS,2026-08-31T14:34:12.474268Z,none
1997-06-01,metals_price_index,energy-industrial,,,Global price index of metals,52.80314947,index_2016_100,monthly,FRED_IMF_PCPS,IMF Primary Commodity Prices System series,https://fred.stlouisfed.org/categories/32217,https://data.imf.org/en/datasets/IMF.STA:PCPS,2026-08-31T14:34:12.474268Z,none
1997-07-01,metals_price_index,energy-industrial,,,Global price index of metals,52.08614454,index_2016_100,monthly,FRED_IMF_PCPS,IMF Primary Commodity Prices System series,https://fred.stlouisfed.org/categories/32217,https://data.imf.org/en/datasets/IMF.STA:PCPS,2026-08-31T14:34:12.474268Z,none
1997-08-01,metals_price_index,energy-industrial,,,Global price index of metals,52.14426762,index_2016_100,monthly,FRED_IMF_PCPS,IMF Primary Commodity Prices System series,https://fred.stlouisfed.org/categories/32217,https://data.imf.org/en/datasets/IMF.STA:PCPS,2026-08-31T14:34:12.474268Z,none
1997-09-01,metals_price_index,energy-industrial,,,Global price index of metals,50.0494213,index_2016_100,monthly,FRED_IMF_PCPS,IMF Primary Commodity Prices System series,https://fred.stlouisfed.org/categories/32217,https://data.imf.org/en/datasets/IMF.STA:PCPS,2026-08-31T14:34:12.474268Z,none
1997-10-01,metals_price_index,energy-industrial,,,Global price index of metals,48.66998931,index_2016_100,monthly,FRED_IMF_PCPS,IMF Primary Commodity Prices System series,https://fred.stlouisfed.org/categories/32217,https://data.imf.org/en/datasets/IMF.STA:PCPS,2026-08-31T14:34:12.474268Z,none
1997-11-01,metals_price_index,energy-industrial,,,Global price index of metals,47.38800375,index_2016_100,monthly,FRED_IMF_PCPS,IMF Primary Commodity Prices System series,https://fred.stlouisfed.org/categories/32217,https://data.imf.org/en/datasets/IMF.STA:PCPS,2026-08-31T14:34:12.474268Z,none
1997-12-01,metals_price_index,energy-industrial,,,Global price index of metals,45.28233164,index_2016_100,monthly,FRED_IMF_PCPS,IMF Primary Commodity Prices System series,https://fred.stlouisfed.org/categories/32217,https://data.imf.org/en/datasets/IMF.STA:PCPS,2026-08-31T14:34:12.474268Z,none
1998-01-01,metals_price_index,energy-industrial,,,Global price index of metals,43.93986953,index_2016_100,monthly,FRED_IMF_PCPS,IMF Primary Commodity Prices System series,https://fred.stlouisfed.org/categories/32217,https://data.imf.org/en/datasets/IMF.STA:PCPS,2026-08-31T14:34:12.474268Z,none
1998-02-01,metals_price_index,energy-industrial,,,Global price index of metals,43.21095131,index_2016_100,monthly,FRED_IMF_PCPS,IMF Primary Commodity Prices System series,https://fred.stlouisfed.org/categories/32217,https://data.imf.org/en/datasets/IMF.STA:PCPS,2026-08-31T14:34:12.474268Z,none
1998-03-01,metals_price_index,energy-industrial,,,Global price index of metals,43.54301052,index_2016_100,monthly,FRED_IMF_PCPS,IMF Primary Commodity Prices System series,https://fred.stlouisfed.org/categories/32217,https://data.imf.org/en/datasets/IMF.STA:PCPS,2026-08-31T14:34:12.474268Z,none
1998-04-01,metals_price_index,energy-industrial,,,Global price index of metals,43.8425664,index_2016_100,monthly,FRED_IMF_PCPS,IMF Primary Commodity Prices System series,https://fred.stlouisfed.org/categories/32217,https://data.imf.org/en/datasets/IMF.STA:PCPS,2026-08-31T14:34:12.474268Z,none
1998-05-01,metals_price_index,energy-industrial,,,Global price index of metals,42.34175031,index_2016_100,monthly,FRED_IMF_PCPS,IMF Primary Commodity Prices System series,https://fred.stlouisfed.org/categories/32217,https://data.imf.org/en/datasets/IMF.STA:PCPS,2026-08-31T14:34:12.474268Z,none
1998-06-01,metals_price_index,energy-industrial,,,Global price index of metals,40.49113804,index_2016_100,monthly,FRED_IMF_PCPS,IMF Primary Commodity Prices System series,https://fred.stlouisfed.org/categories/32217,https://data.imf.org/en/datasets/IMF.STA:PCPS,2026-08-31T14:34:12.474268Z,none
1998-07-01,metals_price_index,energy-industrial,,,Global price index of metals,40.43209938,index_2016_100,monthly,FRED_IMF_PCPS,IMF Primary Commodity Prices System series,https://fred.stlouisfed.org/categories/32217,https://data.imf.org/en/datasets/IMF.STA:PCPS,2026-08-31T14:34:12.474268Z,none
1998-08-01,metals_price_index,energy-industrial,,,Global price index of metals,39.77085946,index_2016_100,monthly,FRED_IMF_PCPS,IMF Primary Commodity Prices System series,https://fred.stlouisfed.org/categories/32217,https://data.imf.org/en/datasets/IMF.STA:PCPS,2026-08-31T14:34:12.474268Z,none
1998-09-01,metals_price_index,energy-industrial,,,Global price index of metals,40.08585644,index_2016_100,monthly,FRED_IMF_PCPS,IMF Primary Commodity Prices System series,https://fred.stlouisfed.org/categories/32217,https://data.imf.org/en/datasets/IMF.STA:PCPS,2026-08-31T14:34:12.474268Z,none
1998-10-01,metals_price_index,energy-industrial,,,Global price index of metals,38.71177927,index_2016_100,monthly,FRED_IMF_PCPS,IMF Primary Commodity Prices System series,https://fred.stlouisfed.org/categories/32217,https://data.imf.org/en/datasets/IMF.STA:PCPS,2026-08-31T14:34:12.474268Z,none
1998-11-01,metals_price_index,energy-industrial,,,Global price index of metals,38.77705295,index_2016_100,monthly,FRED_IMF_PCPS,IMF Primary Commodity Prices System series,https://fred.stlouisfed.org/categories/32217,https://data.imf.org/en/datasets/IMF.STA:PCPS,2026-08-31T14:34:12.474268Z,none
1998-12-01,metals_price_index,energy-industrial,,,Global price index of metals,37.27275878,index_2016_100,monthly,FRED_IMF_PCPS,IMF Primary Commodity Prices System series,https://fred.stlouisfed.org/categories/32217,https://data.imf.org/en/datasets/IMF.STA:PCPS,2026-08-31T14:34:12.474268Z,none
1999-01-01,metals_price_index,energy-industrial,,,Global price index of metals,36.39790167,index_2016_100,monthly,FRED_IMF_PCPS,IMF Primary Commodity Prices System series,https://fred.stlouisfed.org/categories/32217,https://data.imf.org/en/datasets/IMF.STA:PCPS,2026-08-31T14:34:12.474268Z,none
1999-02-01,metals_price_index,energy-industrial,,,Global price index of metals,36.91798521,index_2016_100,monthly,FRED_IMF_PCPS,IMF Primary Commodity Prices System series,https://fred.stlouisfed.org/categories/32217,https://data.imf.org/en/datasets/IMF.STA:PCPS,2026-08-31T14:34:12.474268Z,none
1999-03-01,metals_price_index,energy-industrial,,,Global price index of metals,37.29984288,index_2016_100,monthly,FRED_IMF_PCPS,IMF Primary Commodity Prices System series,https://fred.stlouisfed.org/categories/32217,https://data.imf.org/en/datasets/IMF.STA:PCPS,2026-08-31T14:34:12.474268Z,none
1999-04-01,metals_price_index,energy-industrial,,,Global price index of metals,38.76980866,index_2016_100,monthly,FRED_IMF_PCPS,IMF Primary Commodity Prices System series,https://fred.stlouisfed.org/categories/32217,https://data.imf.org/en/datasets/IMF.STA:PCPS,2026-08-31T14:34:12.474268Z,none
1999-05-01,metals_price_index,energy-industrial,,,Global price index of metals,39.98686024,index_2016_100,monthly,FRED_IMF_PCPS,IMF Primary Commodity Prices System series,https://fred.stlouisfed.org/categories/32217,https://data.imf.org/en/datasets/IMF.STA:PCPS,2026-08-31T14:34:12.474268Z,none
1999-06-01,metals_price_index,energy-industrial,,,Global price index of metals,39.01817244,index_2016_100,monthly,FRED_IMF_PCPS,IMF Primary Commodity Prices System series,https://fred.stlouisfed.org/categories/32217,https://data.imf.org/en/datasets/IMF.STA:PCPS,2026-08-31T14:34:12.474268Z,none
1999-07-01,metals_price_index,energy-industrial,,,Global price index of metals,41.90473236,index_2016_100,monthly,FRED_IMF_PCPS,IMF Primary Commodity Prices System series,https://fred.stlouisfed.org/categories/32217,https://data.imf.org/en/datasets/IMF.STA:PCPS,2026-08-31T14:34:12.474268Z,none
1999-08-01,metals_price_index,energy-industrial,,,Global price index of metals,43.1364535,index_2016_100,monthly,FRED_IMF_PCPS,IMF Primary Commodity Prices System series,https://fred.stlouisfed.org/categories/32217,https://data.imf.org/en/datasets/IMF.STA:PCPS,2026-08-31T14:34:12.474268Z,none
1999-09-01,metals_price_index,energy-industrial,,,Global price index of metals,45.28413854,index_2016_100,monthly,FRED_IMF_PCPS,IMF Primary Commodity Prices System series,https://fred.stlouisfed.org/categories/32217,https://data.imf.org/en/datasets/IMF.STA:PCPS,2026-08-31T14:34:12.474268Z,none
1999-10-01,metals_price_index,energy-industrial,,,Global price index of metals,45.08804526,index_2016_100,monthly,FRED_IMF_PCPS,IMF Primary Commodity Prices System series,https://fred.stlouisfed.org/categories/32217,https://data.imf.org/en/datasets/IMF.STA:PCPS,2026-08-31T14:34:12.474268Z,none
1999-11-01,metals_price_index,energy-industrial,,,Global price index of metals,45.822383,index_2016_100,monthly,FRED_IMF_PCPS,IMF Primary Commodity Prices System series,https://fred.stlouisfed.org/categories/32217,https://data.imf.org/en/datasets/IMF.STA:PCPS,2026-08-31T14:34:12.474268Z,none
1999-12-01,metals_price_index,energy-industrial,,,Global price index of metals,47.04800313,index_2016_100,monthly,FRED_IMF_PCPS,IMF Primary Commodity Prices System series,https://fred.stlouisfed.org/categories/32217,https://data.imf.org/en/datasets/IMF.STA:PCPS,2026-08-31T14:34:12.474268Z,none
2000-01-01,metals_price_index,energy-industrial,,,Global price index of metals,49.22407732,index_2016_100,monthly,FRED_IMF_PCPS,IMF Primary Commodity Prices System series,https://fred.stlouisfed.org/categories/32217,https://data.imf.org/en/datasets/IMF.STA:PCPS,2026-08-31T14:34:12.474268Z,none
2000-02-01,metals_price_index,energy-industrial,,,Global price index of metals,50.27582085,index_2016_100,monthly,FRED_IMF_PCPS,IMF Primary Commodity Prices System series,https://fred.stlouisfed.org/categories/32217,https://data.imf.org/en/datasets/IMF.STA:PCPS,2026-08-31T14:34:12.474268Z,none
2000-03-01,metals_price_index,energy-industrial,,,Global price index of metals,49.80562612,index_2016_100,monthly,FRED_IMF_PCPS,IMF Primary Commodity Prices System series,https://fred.stlouisfed.org/categories/32217,https://data.imf.org/en/datasets/IMF.STA:PCPS,2026-08-31T14:34:12.474268Z,none
2000-04-01,metals_price_index,energy-industrial,,,Global price index of metals,47.73866311,index_2016_100,monthly,FRED_IMF_PCPS,IMF Primary Commodity Prices System series,https://fred.stlouisfed.org/categories/32217,https://data.imf.org/en/datasets/IMF.STA:PCPS,2026-08-31T14:34:12.474268Z,none
2000-05-01,metals_price_index,energy-industrial,,,Global price index of metals,48.89687967,index_2016_100,monthly,FRED_IMF_PCPS,IMF Primary Commodity Prices System series,https://fred.stlouisfed.org/categories/32217,https://data.imf.org/en/datasets/IMF.STA:PCPS,2026-08-31T14:34:12.474268Z,none
2000-06-01,metals_price_index,energy-industrial,,,Global price index of metals,46.75878846,index_2016_100,monthly,FRED_IMF_PCPS,IMF Primary Commodity Prices System series,https://fred.stlouisfed.org/categories/32217,https://data.imf.org/en/datasets/IMF.STA:PCPS,2026-08-31T14:34:12.474268Z,none
2000-07-01,metals_price_index,energy-industrial,,,Global price index of metals,47.34189922,index_2016_100,monthly,FRED_IMF_PCPS,IMF Primary Commodity Prices System series,https://fred.stlouisfed.org/categories/32217,https://data.imf.org/en/datasets/IMF.STA:PCPS,2026-08-31T14:34:12.474268Z,none
2000-08-01,metals_price_index,energy-industrial,,,Global price index of metals,47.33052394,index_2016_100,monthly,FRED_IMF_PCPS,IMF Primary Commodity Prices System series,https://fred.stlouisfed.org/categories/32217,https://data.imf.org/en/datasets/IMF.STA:PCPS,2026-08-31T14:34:12.474268Z,none
2000-09-01,metals_price_index,energy-industrial,,,Global price index of metals,49.50390097,index_2016_100,monthly,FRED_IMF_PCPS,IMF Primary Commodity Prices System series,https://fred.stlouisfed.org/categories/32217,https://data.imf.org/en/datasets/IMF.STA:PCPS,2026-08-31T14:34:12.474268Z,none
2000-10-01,metals_price_index,energy-industrial,,,Global price index of metals,46.6422712,index_2016_100,monthly,FRED_IMF_PCPS,IMF Primary Commodity Prices System series,https://fred.stlouisfed.org/categories/32217,https://data.imf.org/en/datasets/IMF.STA:PCPS,2026-08-31T14:34:12.474268Z,none
2000-11-01,metals_price_index,energy-industrial,,,Global price index of metals,45.25669578,index_2016_100,monthly,FRED_IMF_PCPS,IMF Primary Commodity Prices System series,https://fred.stlouisfed.org/categories/32217,https://data.imf.org/en/datasets/IMF.STA:PCPS,2026-08-31T14:34:12.474268Z,none
2000-12-01,metals_price_index,energy-industrial,,,Global price index of metals,46.41362466,index_2016_100,monthly,FRED_IMF_PCPS,IMF Primary Commodity Prices System series,https://fred.stlouisfed.org/categories/32217,https://data.imf.org/en/datasets/IMF.STA:PCPS,2026-08-31T14:34:12.474268Z,none
2001-01-01,metals_price_index,energy-industrial,,,Global price index of metals,46.20209246,index_2016_100,monthly,FRED_IMF_PCPS,IMF Primary Commodity Prices System series,https://fred.stlouisfed.org/categories/32217,https://data.imf.org/en/datasets/IMF.STA:PCPS,2026-08-31T14:34:12.474268Z,none
2001-02-01,metals_price_index,energy-industrial,,,Global price index of metals,45.48120024,index_2016_100,monthly,FRED_IMF_PCPS,IMF Primary Commodity Prices System series,https://fred.stlouisfed.org/categories/32217,https://data.imf.org/en/datasets/IMF.STA:PCPS,2026-08-31T14:34:12.474268Z,none
2001-03-01,metals_price_index,energy-industrial,,,Global price index of metals,43.99809146,index_2016_100,monthly,FRED_IMF_PCPS,IMF Primary Commodity Prices System series,https://fred.stlouisfed.org/categories/32217,https://data.imf.org/en/datasets/IMF.STA:PCPS,2026-08-31T14:34:12.474268Z,none
2001-04-01,metals_price_index,energy-industrial,,,Global price index of metals,43.58306276,index_2016_100,monthly,FRED_IMF_PCPS,IMF Primary Commodity Prices System series,https://fred.stlouisfed.org/categories/32217,https://data.imf.org/en/datasets/IMF.STA:PCPS,2026-08-31T14:34:12.474268Z,none
2001-05-01,metals_price_index,energy-industrial,,,Global price index of metals,44.88739637,index_2016_100,monthly,FRED_IMF_PCPS,IMF Primary Commodity Prices System series,https://fred.stlouisfed.org/categories/32217,https://data.imf.org/en/datasets/IMF.STA:PCPS,2026-08-31T14:34:12.474268Z,none
2001-06-01,metals_price_index,energy-industrial,,,Global price index of metals,43.08693304,index_2016_100,monthly,FRED_IMF_PCPS,IMF Primary Commodity Prices System series,https://fred.stlouisfed.org/categories/32217,https://data.imf.org/en/datasets/IMF.STA:PCPS,2026-08-31T14:34:12.474268Z,none
2001-07-01,metals_price_index,energy-industrial,,,Global price index of metals,41.07699136,index_2016_100,monthly,FRED_IMF_PCPS,IMF Primary Commodity Prices System series,https://fred.stlouisfed.org/categories/32217,https://data.imf.org/en/datasets/IMF.STA:PCPS,2026-08-31T14:34:12.474268Z,none
2001-08-01,metals_price_index,energy-industrial,,,Global price index of metals,39.74504356,index_2016_100,monthly,FRED_IMF_PCPS,IMF Primary Commodity Prices System series,https://fred.stlouisfed.org/categories/32217,https://data.imf.org/en/datasets/IMF.STA:PCPS,2026-08-31T14:34:12.474268Z,none
2001-09-01,metals_price_index,energy-industrial,,,Global price index of metals,38.52353741,index_2016_100,monthly,FRED_IMF_PCPS,IMF Primary Commodity Prices System series,https://fred.stlouisfed.org/categories/32217,https://data.imf.org/en/datasets/IMF.STA:PCPS,2026-08-31T14:34:12.474268Z,none
2001-10-01,metals_price_index,energy-industrial,,,Global price index of metals,37.2893986,index_2016_100,monthly,FRED_IMF_PCPS,IMF Primary Commodity Prices System series,https://fred.stlouisfed.org/categories/32217,https://data.imf.org/en/datasets/IMF.STA:PCPS,2026-08-31T14:34:12.474268Z,none
2001-11-01,metals_price_index,energy-industrial,,,Global price index of metals,38.56056822,index_2016_100,monthly,FRED_IMF_PCPS,IMF Primary Commodity Prices System series,https://fred.stlouisfed.org/categories/32217,https://data.imf.org/en/datasets/IMF.STA:PCPS,2026-08-31T14:34:12.474268Z,none
2001-12-01,metals_price_index,energy-industrial,,,Global price index of metals,39.09609193,index_2016_100,monthly,FRED_IMF_PCPS,IMF Primary Commodity Prices System series,https://fred.stlouisfed.org/categories/32217,https://data.imf.org/en/datasets/IMF.STA:PCPS,2026-08-31T14:34:12.474268Z,none
2002-01-01,metals_price_index,energy-industrial,,,Global price index of metals,40.40269793,index_2016_100,monthly,FRED_IMF_PCPS,IMF Primary Commodity Prices System series,https://fred.stlouisfed.org/categories/32217,https://data.imf.org/en/datasets/IMF.STA:PCPS,2026-08-31T14:34:12.474268Z,none
2002-02-01,metals_price_index,energy-industrial,,,Global price index of metals,40.60334202,index_2016_100,monthly,FRED_IMF_PCPS,IMF Primary Commodity Prices System series,https://fred.stlouisfed.org/categories/32217,https://data.imf.org/en/datasets/IMF.STA:PCPS,2026-08-31T14:34:12.474268Z,none
2002-03-01,metals_price_index,energy-industrial,,,Global price index of metals,41.96843888,index_2016_100,monthly,FRED_IMF_PCPS,IMF Primary Commodity Prices System series,https://fred.stlouisfed.org/categories/32217,https://data.imf.org/en/datasets/IMF.STA:PCPS,2026-08-31T14:34:12.474268Z,none
2002-04-01,metals_price_index,energy-industrial,,,Global price index of metals,41.98845779,index_2016_100,monthly,FRED_IMF_PCPS,IMF Primary Commodity Prices System series,https://fred.stlouisfed.org/categories/32217,https://data.imf.org/en/datasets/IMF.STA:PCPS,2026-08-31T14:34:12.474268Z,none
2002-05-01,metals_price_index,energy-industrial,,,Global price index of metals,41.47036988,index_2016_100,monthly,FRED_IMF_PCPS,IMF Primary Commodity Prices System series,https://fred.stlouisfed.org/categories/32217,https://data.imf.org/en/datasets/IMF.STA:PCPS,2026-08-31T14:34:12.474268Z,none
2002-06-01,metals_price_index,energy-industrial,,,Global price index of metals,42.37922355,index_2016_100,monthly,FRED_IMF_PCPS,IMF Primary Commodity Prices System series,https://fred.stlouisfed.org/categories/32217,https://data.imf.org/en/datasets/IMF.STA:PCPS,2026-08-31T14:34:12.474268Z,none
2002-07-01,metals_price_index,energy-industrial,,,Global price index of metals,41.88445759,index_2016_100,monthly,FRED_IMF_PCPS,IMF Primary Commodity Prices System series,https://fred.stlouisfed.org/categories/32217,https://data.imf.org/en/datasets/IMF.STA:PCPS,2026-08-31T14:34:12.474268Z,none
2002-08-01,metals_price_index,energy-industrial,,,Global price index of metals,40.12803038,index_2016_100,monthly,FRED_IMF_PCPS,IMF Primary Commodity Prices System series,https://fred.stlouisfed.org/categories/32217,https://data.imf.org/en/datasets/IMF.STA:PCPS,2026-08-31T14:34:12.474268Z,none
2002-09-01,metals_price_index,energy-industrial,,,Global price index of metals,40.10817591,index_2016_100,monthly,FRED_IMF_PCPS,IMF Primary Commodity Prices System series,https://fred.stlouisfed.org/categories/32217,https://data.imf.org/en/datasets/IMF.STA:PCPS,2026-08-31T14:34:12.474268Z,none
2002-10-01,metals_price_index,energy-industrial,,,Global price index of metals,40.43948615,index_2016_100,monthly,FRED_IMF_PCPS,IMF Primary Commodity Prices System series,https://fred.stlouisfed.org/categories/32217,https://data.imf.org/en/datasets/IMF.STA:PCPS,2026-08-31T14:34:12.474268Z,none
2002-11-01,metals_price_index,energy-industrial,,,Global price index of metals,42.26760911,index_2016_100,monthly,FRED_IMF_PCPS,IMF Primary Commodity Prices System series,https://fred.stlouisfed.org/categories/32217,https://data.imf.org/en/datasets/IMF.STA:PCPS,2026-08-31T14:34:12.474268Z,none
2002-12-01,metals_price_index,energy-industrial,,,Global price index of metals,42.31746856,index_2016_100,monthly,FRED_IMF_PCPS,IMF Primary Commodity Prices System series,https://fred.stlouisfed.org/categories/32217,https://data.imf.org/en/datasets/IMF.STA:PCPS,2026-08-31T14:34:12.474268Z,none
2003-01-01,metals_price_index,energy-industrial,,,Global price index of metals,44.54578641,index_2016_100,monthly,FRED_IMF_PCPS,IMF Primary Commodity Prices System series,https://fred.stlouisfed.org/categories/32217,https://data.imf.org/en/datasets/IMF.STA:PCPS,2026-08-31T14:34:12.474268Z,none
2003-02-01,metals_price_index,energy-industrial,,,Global price index of metals,45.92122481,index_2016_100,monthly,FRED_IMF_PCPS,IMF Primary Commodity Prices System series,https://fred.stlouisfed.org/categories/32217,https://data.imf.org/en/datasets/IMF.STA:PCPS,2026-08-31T14:34:12.474268Z,none
2003-03-01,metals_price_index,energy-industrial,,,Global price index of metals,45.15139638,index_2016_100,monthly,FRED_IMF_PCPS,IMF Primary Commodity Prices System series,https://fred.stlouisfed.org/categories/32217,https://data.imf.org/en/datasets/IMF.STA:PCPS,2026-08-31T14:34:12.474268Z,none
2003-04-01,metals_price_index,energy-industrial,,,Global price index of metals,43.64200807,index_2016_100,monthly,FRED_IMF_PCPS,IMF Primary Commodity Prices System series,https://fred.stlouisfed.org/categories/32217,https://data.imf.org/en/datasets/IMF.STA:PCPS,2026-08-31T14:34:12.474268Z,none
2003-05-01,metals_price_index,energy-industrial,,,Global price index of metals,45.38296964,index_2016_100,monthly,FRED_IMF_PCPS,IMF Primary Commodity Prices System series,https://fred.stlouisfed.org/categories/32217,https://data.imf.org/en/datasets/IMF.STA:PCPS,2026-08-31T14:34:12.474268Z,none
2003-06-01,metals_price_index,energy-industrial,,,Global price index of metals,46.38045091,index_2016_100,monthly,FRED_IMF_PCPS,IMF Primary Commodity Prices System series,https://fred.stlouisfed.org/categories/32217,https://data.imf.org/en/datasets/IMF.STA:PCPS,2026-08-31T14:34:12.474268Z,none
2003-07-01,metals_price_index,energy-industrial,,,Global price index of metals,47.00552265,index_2016_100,monthly,FRED_IMF_PCPS,IMF Primary Commodity Prices System series,https://fred.stlouisfed.org/categories/32217,https://data.imf.org/en/datasets/IMF.STA:PCPS,2026-08-31T14:34:12.474268Z,none
2003-08-01,metals_price_index,energy-industrial,,,Global price index of metals,48.04289069,index_2016_100,monthly,FRED_IMF_PCPS,IMF Primary Commodity Prices System series,https://fred.stlouisfed.org/categories/32217,https://data.imf.org/en/datasets/IMF.STA:PCPS,2026-08-31T14:34:12.474268Z,none
2003-09-01,metals_price_index,energy-industrial,,,Global price index of metals,48.74994986,index_2016_100,monthly,FRED_IMF_PCPS,IMF Primary Commodity Prices System series,https://fred.stlouisfed.org/categories/32217,https://data.imf.org/en/datasets/IMF.STA:PCPS,2026-08-31T14:34:12.474268Z,none
2003-10-01,metals_price_index,energy-industrial,,,Global price index of metals,51.90995787,index_2016_100,monthly,FRED_IMF_PCPS,IMF Primary Commodity Prices System series,https://fred.stlouisfed.org/categories/32217,https://data.imf.org/en/datasets/IMF.STA:PCPS,2026-08-31T14:34:12.474268Z,none
2003-11-01,metals_price_index,energy-industrial,,,Global price index of metals,54.64529555,index_2016_100,monthly,FRED_IMF_PCPS,IMF Primary Commodity Prices System series,https://fred.stlouisfed.org/categories/32217,https://data.imf.org/en/datasets/IMF.STA:PCPS,2026-08-31T14:34:12.474268Z,none
2003-12-01,metals_price_index,energy-industrial,,,Global price index of metals,59.2177215,index_2016_100,monthly,FRED_IMF_PCPS,IMF Primary Commodity Prices System series,https://fred.stlouisfed.org/categories/32217,https://data.imf.org/en/datasets/IMF.STA:PCPS,2026-08-31T14:34:12.474268Z,none
2004-01-01,metals_price_index,energy-industrial,,,Global price index of metals,64.33730248,index_2016_100,monthly,FRED_IMF_PCPS,IMF Primary Commodity Prices System series,https://fred.stlouisfed.org/categories/32217,https://data.imf.org/en/datasets/IMF.STA:PCPS,2026-08-31T14:34:12.474268Z,none
2004-02-01,metals_price_index,energy-industrial,,,Global price index of metals,67.68674343,index_2016_100,monthly,FRED_IMF_PCPS,IMF Primary Commodity Prices System series,https://fred.stlouisfed.org/categories/32217,https://data.imf.org/en/datasets/IMF.STA:PCPS,2026-08-31T14:34:12.474268Z,none
2004-03-01,metals_price_index,energy-industrial,,,Global price index of metals,67.6035955,index_2016_100,monthly,FRED_IMF_PCPS,IMF Primary Commodity Prices System series,https://fred.stlouisfed.org/categories/32217,https://data.imf.org/en/datasets/IMF.STA:PCPS,2026-08-31T14:34:12.474268Z,none
2004-04-01,metals_price_index,energy-industrial,,,Global price index of metals,66.23997986,index_2016_100,monthly,FRED_IMF_PCPS,IMF Primary Commodity Prices System series,https://fred.stlouisfed.org/categories/32217,https://data.imf.org/en/datasets/IMF.STA:PCPS,2026-08-31T14:34:12.474268Z,none
2004-05-01,metals_price_index,energy-industrial,,,Global price index of metals,62.28598685,index_2016_100,monthly,FRED_IMF_PCPS,IMF Primary Commodity Prices System series,https://fred.stlouisfed.org/categories/32217,https://data.imf.org/en/datasets/IMF.STA:PCPS,2026-08-31T14:34:12.474268Z,none
2004-06-01,metals_price_index,energy-industrial,,,Global price index of metals,65.54019012,index_2016_100,monthly,FRED_IMF_PCPS,IMF Primary Commodity Prices System series,https://fred.stlouisfed.org/categories/32217,https://data.imf.org/en/datasets/IMF.STA:PCPS,2026-08-31T14:34:12.474268Z,none
2004-07-01,metals_price_index,energy-industrial,,,Global price index of metals,68.33107673,index_2016_100,monthly,FRED_IMF_PCPS,IMF Primary Commodity Prices System series,https://fred.stlouisfed.org/categories/32217,https://data.imf.org/en/datasets/IMF.STA:PCPS,2026-08-31T14:34:12.474268Z,none
2004-08-01,metals_price_index,energy-industrial,,,Global price index of metals,66.55317262,index_2016_100,monthly,FRED_IMF_PCPS,IMF Primary Commodity Prices System series,https://fred.stlouisfed.org/categories/32217,https://data.imf.org/en/datasets/IMF.STA:PCPS,2026-08-31T14:34:12.474268Z,none
2004-09-01,metals_price_index,energy-industrial,,,Global price index of metals,67.11051529,index_2016_100,monthly,FRED_IMF_PCPS,IMF Primary Commodity Prices System series,https://fred.stlouisfed.org/categories/32217,https://data.imf.org/en/datasets/IMF.STA:PCPS,2026-08-31T14:34:12.474268Z,none
2004-10-01,metals_price_index,energy-industrial,,,Global price index of metals,70.17689168,index_2016_100,monthly,FRED_IMF_PCPS,IMF Primary Commodity Prices System series,https://fred.stlouisfed.org/categories/32217,https://data.imf.org/en/datasets/IMF.STA:PCPS,2026-08-31T14:34:12.474268Z,none
2004-11-01,metals_price_index,energy-industrial,,,Global price index of metals,70.33865314,index_2016_100,monthly,FRED_IMF_PCPS,IMF Primary Commodity Prices System series,https://fred.stlouisfed.org/categories/32217,https://data.imf.org/en/datasets/IMF.STA:PCPS,2026-08-31T14:34:12.474268Z,none
2004-12-01,metals_price_index,energy-industrial,,,Global price index of metals,70.56379808,index_2016_100,monthly,FRED_IMF_PCPS,IMF Primary Commodity Prices System series,https://fred.stlouisfed.org/categories/32217,https://data.imf.org/en/datasets/IMF.STA:PCPS,2026-08-31T14:34:12.474268Z,none
2005-01-01,metals_price_index,energy-industrial,,,Global price index of metals,77.73482451,index_2016_100,monthly,FRED_IMF_PCPS,IMF Primary Commodity Prices System series,https://fred.stlouisfed.org/categories/32217,https://data.imf.org/en/datasets/IMF.STA:PCPS,2026-08-31T14:34:12.474268Z,none
2005-02-01,metals_price_index,energy-industrial,,,Global price index of metals,80.00999332,index_2016_100,monthly,FRED_IMF_PCPS,IMF Primary Commodity Prices System series,https://fred.stlouisfed.org/categories/32217,https://data.imf.org/en/datasets/IMF.STA:PCPS,2026-08-31T14:34:12.474268Z,none
2005-03-01,metals_price_index,energy-industrial,,,Global price index of metals,82.99380492,index_2016_100,monthly,FRED_IMF_PCPS,IMF Primary Commodity Prices System series,https://fred.stlouisfed.org/categories/32217,https://data.imf.org/en/datasets/IMF.STA:PCPS,2026-08-31T14:34:12.474268Z,none
2005-04-01,metals_price_index,energy-industrial,,,Global price index of metals,82.03684307,index_2016_100,monthly,FRED_IMF_PCPS,IMF Primary Commodity Prices System series,https://fred.stlouisfed.org/categories/32217,https://data.imf.org/en/datasets/IMF.STA:PCPS,2026-08-31T14:34:12.474268Z,none
2005-05-01,metals_price_index,energy-industrial,,,Global price index of metals,81.23457743,index_2016_100,monthly,FRED_IMF_PCPS,IMF Primary Commodity Prices System series,https://fred.stlouisfed.org/categories/32217,https://data.imf.org/en/datasets/IMF.STA:PCPS,2026-08-31T14:34:12.474268Z,none
2005-06-01,metals_price_index,energy-industrial,,,Global price index of metals,81.88427343,index_2016_100,monthly,FRED_IMF_PCPS,IMF Primary Commodity Prices System series,https://fred.stlouisfed.org/categories/32217,https://data.imf.org/en/datasets/IMF.STA:PCPS,2026-08-31T14:34:12.474268Z,none
2005-07-01,metals_price_index,energy-industrial,,,Global price index of metals,80.49818072,index_2016_100,monthly,FRED_IMF_PCPS,IMF Primary Commodity Prices System series,https://fred.stlouisfed.org/categories/32217,https://data.imf.org/en/datasets/IMF.STA:PCPS,2026-08-31T14:34:12.474268Z,none
2005-08-01,metals_price_index,energy-industrial,,,Global price index of metals,83.37168365,index_2016_100,monthly,FRED_IMF_PCPS,IMF Primary Commodity Prices System series,https://fred.stlouisfed.org/categories/32217,https://data.imf.org/en/datasets/IMF.STA:PCPS,2026-08-31T14:34:12.474268Z,none
2005-09-01,metals_price_index,energy-industrial,,,Global price index of metals,82.81664843,index_2016_100,monthly,FRED_IMF_PCPS,IMF Primary Commodity Prices System series,https://fred.stlouisfed.org/categories/32217,https://data.imf.org/en/datasets/IMF.STA:PCPS,2026-08-31T14:34:12.474268Z,none
2005-10-01,metals_price_index,energy-industrial,,,Global price index of metals,83.31571634,index_2016_100,monthly,FRED_IMF_PCPS,IMF Primary Commodity Prices System series,https://fred.stlouisfed.org/categories/32217,https://data.imf.org/en/datasets/IMF.STA:PCPS,2026-08-31T14:34:12.474268Z,none
2005-11-01,metals_price_index,energy-industrial,,,Global price index of metals,85.99076823,index_2016_100,monthly,FRED_IMF_PCPS,IMF Primary Commodity Prices System series,https://fred.stlouisfed.org/categories/32217,https://data.imf.org/en/datasets/IMF.STA:PCPS,2026-08-31T14:34:12.474268Z,none
2005-12-01,metals_price_index,energy-industrial,,,Global price index of metals,92.20278044,index_2016_100,monthly,FRED_IMF_PCPS,IMF Primary Commodity Prices System series,https://fred.stlouisfed.org/categories/32217,https://data.imf.org/en/datasets/IMF.STA:PCPS,2026-08-31T14:34:12.474268Z,none
2006-01-01,metals_price_index,energy-industrial,,,Global price index of metals,99.69905214,index_2016_100,monthly,FRED_IMF_PCPS,IMF Primary Commodity Prices System series,https://fred.stlouisfed.org/categories/32217,https://data.imf.org/en/datasets/IMF.STA:PCPS,2026-08-31T14:34:12.474268Z,none
2006-02-01,metals_price_index,energy-industrial,,,Global price index of metals,102.61365185,index_2016_100,monthly,FRED_IMF_PCPS,IMF Primary Commodity Prices System series,https://fred.stlouisfed.org/categories/32217,https://data.imf.org/en/datasets/IMF.STA:PCPS,2026-08-31T14:34:12.474268Z,none
2006-03-01,metals_price_index,energy-industrial,,,Global price index of metals,103.99812854,index_2016_100,monthly,FRED_IMF_PCPS,IMF Primary Commodity Prices System series,https://fred.stlouisfed.org/categories/32217,https://data.imf.org/en/datasets/IMF.STA:PCPS,2026-08-31T14:34:12.474268Z,none
2006-04-01,metals_price_index,energy-industrial,,,Global price index of metals,119.39113517,index_2016_100,monthly,FRED_IMF_PCPS,IMF Primary Commodity Prices System series,https://fred.stlouisfed.org/categories/32217,https://data.imf.org/en/datasets/IMF.STA:PCPS,2026-08-31T14:34:12.474268Z,none
2006-05-01,metals_price_index,energy-industrial,,,Global price index of metals,136.89720341,index_2016_100,monthly,FRED_IMF_PCPS,IMF Primary Commodity Prices System series,https://fred.stlouisfed.org/categories/32217,https://data.imf.org/en/datasets/IMF.STA:PCPS,2026-08-31T14:34:12.474268Z,none
2006-06-01,metals_price_index,energy-industrial,,,Global price index of metals,126.64113276,index_2016_100,monthly,FRED_IMF_PCPS,IMF Primary Commodity Prices System series,https://fred.stlouisfed.org/categories/32217,https://data.imf.org/en/datasets/IMF.STA:PCPS,2026-08-31T14:34:12.474268Z,none
2006-07-01,metals_price_index,energy-industrial,,,Global price index of metals,137.66057793,index_2016_100,monthly,FRED_IMF_PCPS,IMF Primary Commodity Prices System series,https://fred.stlouisfed.org/categories/32217,https://data.imf.org/en/datasets/IMF.STA:PCPS,2026-08-31T14:34:12.474268Z,none
2006-08-01,metals_price_index,energy-industrial,,,Global price index of metals,142.82250974,index_2016_100,monthly,FRED_IMF_PCPS,IMF Primary Commodity Prices System series,https://fred.stlouisfed.org/categories/32217,https://data.imf.org/en/datasets/IMF.STA:PCPS,2026-08-31T14:34:12.474268Z,none
2006-09-01,metals_price_index,energy-industrial,,,Global price index of metals,142.87717833,index_2016_100,monthly,FRED_IMF_PCPS,IMF Primary Commodity Prices System series,https://fred.stlouisfed.org/categories/32217,https://data.imf.org/en/datasets/IMF.STA:PCPS,2026-08-31T14:34:12.474268Z,none
2006-10-01,metals_price_index,energy-industrial,,,Global price index of metals,149.07831359,index_2016_100,monthly,FRED_IMF_PCPS,IMF Primary Commodity Prices System series,https://fred.stlouisfed.org/categories/32217,https://data.imf.org/en/datasets/IMF.STA:PCPS,2026-08-31T14:34:12.474268Z,none
2006-11-01,metals_price_index,energy-industrial,,,Global price index of metals,148.02296123,index_2016_100,monthly,FRED_IMF_PCPS,IMF Primary Commodity Prices System series,https://fred.stlouisfed.org/categories/32217,https://data.imf.org/en/datasets/IMF.STA:PCPS,2026-08-31T14:34:12.474268Z,none
2006-12-01,metals_price_index,energy-industrial,,,Global price index of metals,151.44388084,index_2016_100,monthly,FRED_IMF_PCPS,IMF Primary Commodity Prices System series,https://fred.stlouisfed.org/categories/32217,https://data.imf.org/en/datasets/IMF.STA:PCPS,2026-08-31T14:34:12.474268Z,none
2007-01-01,metals_price_index,energy-industrial,,,Global price index of metals,148.67777775,index_2016_100,monthly,FRED_IMF_PCPS,IMF Primary Commodity Prices System series,https://fred.stlouisfed.org/categories/32217,https://data.imf.org/en/datasets/IMF.STA:PCPS,2026-08-31T14:34:12.474268Z,none
2007-02-01,metals_price_index,energy-industrial,,,Global price index of metals,154.19961873,index_2016_100,monthly,FRED_IMF_PCPS,IMF Primary Commodity Prices System series,https://fred.stlouisfed.org/categories/32217,https://data.imf.org/en/datasets/IMF.STA:PCPS,2026-08-31T14:34:12.474268Z,none
2007-03-01,metals_price_index,energy-industrial,,,Global price index of metals,166.3227607,index_2016_100,monthly,FRED_IMF_PCPS,IMF Primary Commodity Prices System series,https://fred.stlouisfed.org/categories/32217,https://data.imf.org/en/datasets/IMF.STA:PCPS,2026-08-31T14:34:12.474268Z,none
2007-04-01,metals_price_index,energy-industrial,,,Global price index of metals,183.18135553,index_2016_100,monthly,FRED_IMF_PCPS,IMF Primary Commodity Prices System series,https://fred.stlouisfed.org/categories/32217,https://data.imf.org/en/datasets/IMF.STA:PCPS,2026-08-31T14:34:12.474268Z,none
2007-05-01,metals_price_index,energy-industrial,,,Global price index of metals,186.7818502,index_2016_100,monthly,FRED_IMF_PCPS,IMF Primary Commodity Prices System series,https://fred.stlouisfed.org/categories/32217,https://data.imf.org/en/datasets/IMF.STA:PCPS,2026-08-31T14:34:12.474268Z,none
2007-06-01,metals_price_index,energy-industrial,,,Global price index of metals,174.08028708,index_2016_100,monthly,FRED_IMF_PCPS,IMF Primary Commodity Prices System series,https://fred.stlouisfed.org/categories/32217,https://data.imf.org/en/datasets/IMF.STA:PCPS,2026-08-31T14:34:12.474268Z,none
2007-07-01,metals_price_index,energy-industrial,,,Global price index of metals,167.72079278,index_2016_100,monthly,FRED_IMF_PCPS,IMF Primary Commodity Prices System series,https://fred.stlouisfed.org/categories/32217,https://data.imf.org/en/datasets/IMF.STA:PCPS,2026-08-31T14:34:12.474268Z,none
2007-08-01,metals_price_index,energy-industrial,,,Global price index of metals,152.09913814,index_2016_100,monthly,FRED_IMF_PCPS,IMF Primary Commodity Prices System series,https://fred.stlouisfed.org/categories/32217,https://data.imf.org/en/datasets/IMF.STA:PCPS,2026-08-31T14:34:12.474268Z,none
2007-09-01,metals_price_index,energy-industrial,,,Global price index of metals,150.84393554,index_2016_100,monthly,FRED_IMF_PCPS,IMF Primary Commodity Prices System series,https://fred.stlouisfed.org/categories/32217,https://data.imf.org/en/datasets/IMF.STA:PCPS,2026-08-31T14:34:12.474268Z,none
2007-10-01,metals_price_index,energy-industrial,,,Global price index of metals,155.76006824,index_2016_100,monthly,FRED_IMF_PCPS,IMF Primary Commodity Prices System series,https://fred.stlouisfed.org/categories/32217,https://data.imf.org/en/datasets/IMF.STA:PCPS,2026-08-31T14:34:12.474268Z,none
2007-11-01,metals_price_index,energy-industrial,,,Global price index of metals,149.16057097,index_2016_100,monthly,FRED_IMF_PCPS,IMF Primary Commodity Prices System series,https://fred.stlouisfed.org/categories/32217,https://data.imf.org/en/datasets/IMF.STA:PCPS,2026-08-31T14:34:12.474268Z,none
2007-12-01,metals_price_index,energy-industrial,,,Global price index of metals,139.15181651,index_2016_100,monthly,FRED_IMF_PCPS,IMF Primary Commodity Prices System series,https://fred.stlouisfed.org/categories/32217,https://data.imf.org/en/datasets/IMF.STA:PCPS,2026-08-31T14:34:12.474268Z,none
2008-01-01,metals_price_index,energy-industrial,,,Global price index of metals,156.90459614,index_2016_100,monthly,FRED_IMF_PCPS,IMF Primary Commodity Prices System series,https://fred.stlouisfed.org/categories/32217,https://data.imf.org/en/datasets/IMF.STA:PCPS,2026-08-31T14:34:12.474268Z,none
2008-02-01,metals_price_index,energy-industrial,,,Global price index of metals,165.51432764,index_2016_100,monthly,FRED_IMF_PCPS,IMF Primary Commodity Prices System series,https://fred.stlouisfed.org/categories/32217,https://data.imf.org/en/datasets/IMF.STA:PCPS,2026-08-31T14:34:12.474268Z,none
2008-03-01,metals_price_index,energy-industrial,,,Global price index of metals,174.41412571,index_2016_100,monthly,FRED_IMF_PCPS,IMF Primary Commodity Prices System series,https://fred.stlouisfed.org/categories/32217,https://data.imf.org/en/datasets/IMF.STA:PCPS,2026-08-31T14:34:12.474268Z,none
2008-04-01,metals_price_index,energy-industrial,,,Global price index of metals,171.54232382,index_2016_100,monthly,FRED_IMF_PCPS,IMF Primary Commodity Prices System series,https://fred.stlouisfed.org/categories/32217,https://data.imf.org/en/datasets/IMF.STA:PCPS,2026-08-31T14:34:12.474268Z,none
2008-05-01,metals_price_index,energy-industrial,,,Global price index of metals,162.70378286,index_2016_100,monthly,FRED_IMF_PCPS,IMF Primary Commodity Prices System series,https://fred.stlouisfed.org/categories/32217,https://data.imf.org/en/datasets/IMF.STA:PCPS,2026-08-31T14:34:12.474268Z,none
2008-06-01,metals_price_index,energy-industrial,,,Global price index of metals,157.12571806,index_2016_100,monthly,FRED_IMF_PCPS,IMF Primary Commodity Prices System series,https://fred.stlouisfed.org/categories/32217,https://data.imf.org/en/datasets/IMF.STA:PCPS,2026-08-31T14:34:12.474268Z,none
2008-07-01,metals_price_index,energy-industrial,,,Global price index of metals,155.87361935,index_2016_100,monthly,FRED_IMF_PCPS,IMF Primary Commodity Prices System series,https://fred.stlouisfed.org/categories/32217,https://data.imf.org/en/datasets/IMF.STA:PCPS,2026-08-31T14:34:12.474268Z,none
2008-08-01,metals_price_index,energy-industrial,,,Global price index of metals,146.08512779,index_2016_100,monthly,FRED_IMF_PCPS,IMF Primary Commodity Prices System series,https://fred.stlouisfed.org/categories/32217,https://data.imf.org/en/datasets/IMF.STA:PCPS,2026-08-31T14:34:12.474268Z,none
2008-09-01,metals_price_index,energy-industrial,,,Global price index of metals,138.06631826,index_2016_100,monthly,FRED_IMF_PCPS,IMF Primary Commodity Prices System series,https://fred.stlouisfed.org/categories/32217,https://data.imf.org/en/datasets/IMF.STA:PCPS,2026-08-31T14:34:12.474268Z,none
2008-10-01,metals_price_index,energy-industrial,,,Global price index of metals,110.79832463,index_2016_100,monthly,FRED_IMF_PCPS,IMF Primary Commodity Prices System series,https://fred.stlouisfed.org/categories/32217,https://data.imf.org/en/datasets/IMF.STA:PCPS,2026-08-31T14:34:12.474268Z,none
2008-11-01,metals_price_index,energy-industrial,,,Global price index of metals,98.33922795,index_2016_100,monthly,FRED_IMF_PCPS,IMF Primary Commodity Prices System series,https://fred.stlouisfed.org/categories/32217,https://data.imf.org/en/datasets/IMF.STA:PCPS,2026-08-31T14:34:12.474268Z,none
2008-12-01,metals_price_index,energy-industrial,,,Global price index of metals,94.04254229,index_2016_100,monthly,FRED_IMF_PCPS,IMF Primary Commodity Prices System series,https://fred.stlouisfed.org/categories/32217,https://data.imf.org/en/datasets/IMF.STA:PCPS,2026-08-31T14:34:12.474268Z,none
2009-01-01,metals_price_index,energy-industrial,,,Global price index of metals,97.93621315,index_2016_100,monthly,FRED_IMF_PCPS,IMF Primary Commodity Prices System series,https://fred.stlouisfed.org/categories/32217,https://data.imf.org/en/datasets/IMF.STA:PCPS,2026-08-31T14:34:12.474268Z,none
2009-02-01,metals_price_index,energy-industrial,,,Global price index of metals,96.88438447,index_2016_100,monthly,FRED_IMF_PCPS,IMF Primary Commodity Prices System series,https://fred.stlouisfed.org/categories/32217,https://data.imf.org/en/datasets/IMF.STA:PCPS,2026-08-31T14:34:12.474268Z,none
2009-03-01,metals_price_index,energy-industrial,,,Global price index of metals,92.75941424,index_2016_100,monthly,FRED_IMF_PCPS,IMF Primary Commodity Prices System series,https://fred.stlouisfed.org/categories/32217,https://data.imf.org/en/datasets/IMF.STA:PCPS,2026-08-31T14:34:12.474268Z,none
2009-04-01,metals_price_index,energy-industrial,,,Global price index of metals,98.17178871,index_2016_100,monthly,FRED_IMF_PCPS,IMF Primary Commodity Prices System series,https://fred.stlouisfed.org/categories/32217,https://data.imf.org/en/datasets/IMF.STA:PCPS,2026-08-31T14:34:12.474268Z,none
2009-05-01,metals_price_index,energy-industrial,,,Global price index of metals,104.04454166,index_2016_100,monthly,FRED_IMF_PCPS,IMF Primary Commodity Prices System series,https://fred.stlouisfed.org/categories/32217,https://data.imf.org/en/datasets/IMF.STA:PCPS,2026-08-31T14:34:12.474268Z,none
2009-06-01,metals_price_index,energy-industrial,,,Global price index of metals,116.00359794,index_2016_100,monthly,FRED_IMF_PCPS,IMF Primary Commodity Prices System series,https://fred.stlouisfed.org/categories/32217,https://data.imf.org/en/datasets/IMF.STA:PCPS,2026-08-31T14:34:12.474268Z,none
2009-07-01,metals_price_index,energy-industrial,,,Global price index of metals,125.68529297,index_2016_100,monthly,FRED_IMF_PCPS,IMF Primary Commodity Prices System series,https://fred.stlouisfed.org/categories/32217,https://data.imf.org/en/datasets/IMF.STA:PCPS,2026-08-31T14:34:12.474268Z,none
2009-08-01,metals_price_index,energy-industrial,,,Global price index of metals,145.92736482,index_2016_100,monthly,FRED_IMF_PCPS,IMF Primary Commodity Prices System series,https://fred.stlouisfed.org/categories/32217,https://data.imf.org/en/datasets/IMF.STA:PCPS,2026-08-31T14:34:12.474268Z,none
2009-09-01,metals_price_index,energy-industrial,,,Global price index of metals,134.42275244,index_2016_100,monthly,FRED_IMF_PCPS,IMF Primary Commodity Prices System series,https://fred.stlouisfed.org/categories/32217,https://data.imf.org/en/datasets/IMF.STA:PCPS,2026-08-31T14:34:12.474268Z,none
2009-10-01,metals_price_index,energy-industrial,,,Global price index of metals,140.59150725,index_2016_100,monthly,FRED_IMF_PCPS,IMF Primary Commodity Prices System series,https://fred.stlouisfed.org/categories/32217,https://data.imf.org/en/datasets/IMF.STA:PCPS,2026-08-31T14:34:12.474268Z,none
2009-11-01,metals_price_index,energy-industrial,,,Global price index of metals,148.55624963,index_2016_100,monthly,FRED_IMF_PCPS,IMF Primary Commodity Prices System series,https://fred.stlouisfed.org/categories/32217,https://data.imf.org/en/datasets/IMF.STA:PCPS,2026-08-31T14:34:12.474268Z,none
2009-12-01,metals_price_index,energy-industrial,,,Global price index of metals,156.25644626,index_2016_100,monthly,FRED_IMF_PCPS,IMF Primary Commodity Prices System series,https://fred.stlouisfed.org/categories/32217,https://data.imf.org/en/datasets/IMF.STA:PCPS,2026-08-31T14:34:12.474268Z,none
2010-01-01,metals_price_index,energy-industrial,,,Global price index of metals,171.66321693,index_2016_100,monthly,FRED_IMF_PCPS,IMF Primary Commodity Prices System series,https://fred.stlouisfed.org/categories/32217,https://data.imf.org/en/datasets/IMF.STA:PCPS,2026-08-31T14:34:12.474268Z,none
2010-02-01,metals_price_index,energy-industrial,,,Global price index of metals,167.3047801,index_2016_100,monthly,FRED_IMF_PCPS,IMF Primary Commodity Prices System series,https://fred.stlouisfed.org/categories/32217,https://data.imf.org/en/datasets/IMF.STA:PCPS,2026-08-31T14:34:12.474268Z,none
2010-03-01,metals_price_index,energy-industrial,,,Global price index of metals,183.10133565,index_2016_100,monthly,FRED_IMF_PCPS,IMF Primary Commodity Prices System series,https://fred.stlouisfed.org/categories/32217,https://data.imf.org/en/datasets/IMF.STA:PCPS,2026-08-31T14:34:12.474268Z,none
2010-04-01,metals_price_index,energy-industrial,,,Global price index of metals,207.58511948,index_2016_100,monthly,FRED_IMF_PCPS,IMF Primary Commodity Prices System series,https://fred.stlouisfed.org/categories/32217,https://data.imf.org/en/datasets/IMF.STA:PCPS,2026-08-31T14:34:12.474268Z,none
2010-05-01,metals_price_index,energy-industrial,,,Global price index of metals,187.03336269,index_2016_100,monthly,FRED_IMF_PCPS,IMF Primary Commodity Prices System series,https://fred.stlouisfed.org/categories/32217,https://data.imf.org/en/datasets/IMF.STA:PCPS,2026-08-31T14:34:12.474268Z,none
2010-06-01,metals_price_index,energy-industrial,,,Global price index of metals,170.55372272,index_2016_100,monthly,FRED_IMF_PCPS,IMF Primary Commodity Prices System series,https://fred.stlouisfed.org/categories/32217,https://data.imf.org/en/datasets/IMF.STA:PCPS,2026-08-31T14:34:12.474268Z,none
2010-07-01,metals_price_index,energy-industrial,,,Global price index of metals,164.205724,index_2016_100,monthly,FRED_IMF_PCPS,IMF Primary Commodity Prices System series,https://fred.stlouisfed.org/categories/32217,https://data.imf.org/en/datasets/IMF.STA:PCPS,2026-08-31T14:34:12.474268Z,none
2010-08-01,metals_price_index,energy-industrial,,,Global price index of metals,182.3125349,index_2016_100,monthly,FRED_IMF_PCPS,IMF Primary Commodity Prices System series,https://fred.stlouisfed.org/categories/32217,https://data.imf.org/en/datasets/IMF.STA:PCPS,2026-08-31T14:34:12.474268Z,none
2010-09-01,metals_price_index,energy-industrial,,,Global price index of metals,184.66615593,index_2016_100,monthly,FRED_IMF_PCPS,IMF Primary Commodity Prices System series,https://fred.stlouisfed.org/categories/32217,https://data.imf.org/en/datasets/IMF.STA:PCPS,2026-08-31T14:34:12.474268Z,none
2010-10-01,metals_price_index,energy-industrial,,,Global price index of metals,195.44561957,index_2016_100,monthly,FRED_IMF_PCPS,IMF Primary Commodity Prices System series,https://fred.stlouisfed.org/categories/32217,https://data.imf.org/en/datasets/IMF.STA:PCPS,2026-08-31T14:34:12.474268Z,none
2010-11-01,metals_price_index,energy-industrial,,,Global price index of metals,202.82160703,index_2016_100,monthly,FRED_IMF_PCPS,IMF Primary Commodity Prices System series,https://fred.stlouisfed.org/categories/32217,https://data.imf.org/en/datasets/IMF.STA:PCPS,2026-08-31T14:34:12.474268Z,none
2010-12-01,metals_price_index,energy-industrial,,,Global price index of metals,213.35857342,index_2016_100,monthly,FRED_IMF_PCPS,IMF Primary Commodity Prices System series,https://fred.stlouisfed.org/categories/32217,https://data.imf.org/en/datasets/IMF.STA:PCPS,2026-08-31T14:34:12.474268Z,none
2011-01-01,metals_price_index,energy-industrial,,,Global price index of metals,225.05733531,index_2016_100,monthly,FRED_IMF_PCPS,IMF Primary Commodity Prices System series,https://fred.stlouisfed.org/categories/32217,https://data.imf.org/en/datasets/IMF.STA:PCPS,2026-08-31T14:34:12.474268Z,none
2011-02-01,metals_price_index,energy-industrial,,,Global price index of metals,234.68768197,index_2016_100,monthly,FRED_IMF_PCPS,IMF Primary Commodity Prices System series,https://fred.stlouisfed.org/categories/32217,https://data.imf.org/en/datasets/IMF.STA:PCPS,2026-08-31T14:34:12.474268Z,none
2011-03-01,metals_price_index,energy-industrial,,,Global price index of metals,221.39146372,index_2016_100,monthly,FRED_IMF_PCPS,IMF Primary Commodity Prices System series,https://fred.stlouisfed.org/categories/32217,https://data.imf.org/en/datasets/IMF.STA:PCPS,2026-08-31T14:34:12.474268Z,none
2011-04-01,metals_price_index,energy-industrial,,,Global price index of metals,226.94933234,index_2016_100,monthly,FRED_IMF_PCPS,IMF Primary Commodity Prices System series,https://fred.stlouisfed.org/categories/32217,https://data.imf.org/en/datasets/IMF.STA:PCPS,2026-08-31T14:34:12.474268Z,none
2011-05-01,metals_price_index,energy-industrial,,,Global price index of metals,218.56779416,index_2016_100,monthly,FRED_IMF_PCPS,IMF Primary Commodity Prices System series,https://fred.stlouisfed.org/categories/32217,https://data.imf.org/en/datasets/IMF.STA:PCPS,2026-08-31T14:34:12.474268Z,none
2011-06-01,metals_price_index,energy-industrial,,,Global price index of metals,214.1875154,index_2016_100,monthly,FRED_IMF_PCPS,IMF Primary Commodity Prices System series,https://fred.stlouisfed.org/categories/32217,https://data.imf.org/en/datasets/IMF.STA:PCPS,2026-08-31T14:34:12.474268Z,none
2011-07-01,metals_price_index,energy-industrial,,,Global price index of metals,219.01101027,index_2016_100,monthly,FRED_IMF_PCPS,IMF Primary Commodity Prices System series,https://fred.stlouisfed.org/categories/32217,https://data.imf.org/en/datasets/IMF.STA:PCPS,2026-08-31T14:34:12.474268Z,none
2011-08-01,metals_price_index,energy-industrial,,,Global price index of metals,213.29557861,index_2016_100,monthly,FRED_IMF_PCPS,IMF Primary Commodity Prices System series,https://fred.stlouisfed.org/categories/32217,https://data.imf.org/en/datasets/IMF.STA:PCPS,2026-08-31T14:34:12.474268Z,none
2011-09-01,metals_price_index,energy-industrial,,,Global price index of metals,206.26628962,index_2016_100,monthly,FRED_IMF_PCPS,IMF Primary Commodity Prices System series,https://fred.stlouisfed.org/categories/32217,https://data.imf.org/en/datasets/IMF.STA:PCPS,2026-08-31T14:34:12.474268Z,none
2011-10-01,metals_price_index,energy-industrial,,,Global price index of metals,182.79272314,index_2016_100,monthly,FRED_IMF_PCPS,IMF Primary Commodity Prices System series,https://fred.stlouisfed.org/categories/32217,https://data.imf.org/en/datasets/IMF.STA:PCPS,2026-08-31T14:34:12.474268Z,none
2011-11-01,metals_price_index,energy-industrial,,,Global price index of metals,175.17952264,index_2016_100,monthly,FRED_IMF_PCPS,IMF Primary Commodity Prices System series,https://fred.stlouisfed.org/categories/32217,https://data.imf.org/en/datasets/IMF.STA:PCPS,2026-08-31T14:34:12.474268Z,none
2011-12-01,metals_price_index,energy-industrial,,,Global price index of metals,174.89437158,index_2016_100,monthly,FRED_IMF_PCPS,IMF Primary Commodity Prices System series,https://fred.stlouisfed.org/categories/32217,https://data.imf.org/en/datasets/IMF.STA:PCPS,2026-08-31T14:34:12.474268Z,none
2012-01-01,metals_price_index,energy-industrial,,,Global price index of metals,183.21517493,index_2016_100,monthly,FRED_IMF_PCPS,IMF Primary Commodity Prices System series,https://fred.stlouisfed.org/categories/32217,https://data.imf.org/en/datasets/IMF.STA:PCPS,2026-08-31T14:34:12.474268Z,none
2012-02-01,metals_price_index,energy-industrial,,,Global price index of metals,187.27385833,index_2016_100,monthly,FRED_IMF_PCPS,IMF Primary Commodity Prices System series,https://fred.stlouisfed.org/categories/32217,https://data.imf.org/en/datasets/IMF.STA:PCPS,2026-08-31T14:34:12.474268Z,none
2012-03-01,metals_price_index,energy-industrial,,,Global price index of metals,187.70109118,index_2016_100,monthly,FRED_IMF_PCPS,IMF Primary Commodity Prices System series,https://fred.stlouisfed.org/categories/32217,https://data.imf.org/en/datasets/IMF.STA:PCPS,2026-08-31T14:34:12.474268Z,none
2012-04-01,metals_price_index,energy-industrial,,,Global price index of metals,186.17544797,index_2016_100,monthly,FRED_IMF_PCPS,IMF Primary Commodity Prices System series,https://fred.stlouisfed.org/categories/32217,https://data.imf.org/en/datasets/IMF.STA:PCPS,2026-08-31T14:34:12.474268Z,none
2012-05-01,metals_price_index,energy-industrial,,,Global price index of metals,176.15120758,index_2016_100,monthly,FRED_IMF_PCPS,IMF Primary Commodity Prices System series,https://fred.stlouisfed.org/categories/32217,https://data.imf.org/en/datasets/IMF.STA:PCPS,2026-08-31T14:34:12.474268Z,none
2012-06-01,metals_price_index,energy-industrial,,,Global price index of metals,169.98041134,index_2016_100,monthly,FRED_IMF_PCPS,IMF Primary Commodity Prices System series,https://fred.stlouisfed.org/categories/32217,https://data.imf.org/en/datasets/IMF.STA:PCPS,2026-08-31T14:34:12.474268Z,none
2012-07-01,metals_price_index,energy-industrial,,,Global price index of metals,166.35899984,index_2016_100,monthly,FRED_IMF_PCPS,IMF Primary Commodity Prices System series,https://fred.stlouisfed.org/categories/32217,https://data.imf.org/en/datasets/IMF.STA:PCPS,2026-08-31T14:34:12.474268Z,none
2012-08-01,metals_price_index,energy-industrial,,,Global price index of metals,154.20961976,index_2016_100,monthly,FRED_IMF_PCPS,IMF Primary Commodity Prices System series,https://fred.stlouisfed.org/categories/32217,https://data.imf.org/en/datasets/IMF.STA:PCPS,2026-08-31T14:34:12.474268Z,none
2012-09-01,metals_price_index,energy-industrial,,,Global price index of metals,156.92482103,index_2016_100,monthly,FRED_IMF_PCPS,IMF Primary Commodity Prices System series,https://fred.stlouisfed.org/categories/32217,https://data.imf.org/en/datasets/IMF.STA:PCPS,2026-08-31T14:34:12.474268Z,none
2012-10-01,metals_price_index,energy-industrial,,,Global price index of metals,162.63341075,index_2016_100,monthly,FRED_IMF_PCPS,IMF Primary Commodity Prices System series,https://fred.stlouisfed.org/categories/32217,https://data.imf.org/en/datasets/IMF.STA:PCPS,2026-08-31T14:34:12.474268Z,none
2012-11-01,metals_price_index,energy-industrial,,,Global price index of metals,162.69193846,index_2016_100,monthly,FRED_IMF_PCPS,IMF Primary Commodity Prices System series,https://fred.stlouisfed.org/categories/32217,https://data.imf.org/en/datasets/IMF.STA:PCPS,2026-08-31T14:34:12.474268Z,none
2012-12-01,metals_price_index,energy-industrial,,,Global price index of metals,171.85464585,index_2016_100,monthly,FRED_IMF_PCPS,IMF Primary Commodity Prices System series,https://fred.stlouisfed.org/categories/32217,https://data.imf.org/en/datasets/IMF.STA:PCPS,2026-08-31T14:34:12.474268Z,none
2013-01-01,metals_price_index,energy-industrial,,,Global price index of metals,183.4136332,index_2016_100,monthly,FRED_IMF_PCPS,IMF Primary Commodity Prices System series,https://fred.stlouisfed.org/categories/32217,https://data.imf.org/en/datasets/IMF.STA:PCPS,2026-08-31T14:34:12.474268Z,none
2013-02-01,metals_price_index,energy-industrial,,,Global price index of metals,185.80548535,index_2016_100,monthly,FRED_IMF_PCPS,IMF Primary Commodity Prices System series,https://fred.stlouisfed.org/categories/32217,https://data.imf.org/en/datasets/IMF.STA:PCPS,2026-08-31T14:34:12.474268Z,none
2013-03-01,metals_price_index,energy-industrial,,,Global price index of metals,172.55957467,index_2016_100,monthly,FRED_IMF_PCPS,IMF Primary Commodity Prices System series,https://fred.stlouisfed.org/categories/32217,https://data.imf.org/en/datasets/IMF.STA:PCPS,2026-08-31T14:34:12.474268Z,none
2013-04-01,metals_price_index,energy-industrial,,,Global price index of metals,166.7663672,index_2016_100,monthly,FRED_IMF_PCPS,IMF Primary Commodity Prices System series,https://fred.stlouisfed.org/categories/32217,https://data.imf.org/en/datasets/IMF.STA:PCPS,2026-08-31T14:34:12.474268Z,none
2013-05-01,metals_price_index,energy-industrial,,,Global price index of metals,159.23665843,index_2016_100,monthly,FRED_IMF_PCPS,IMF Primary Commodity Prices System series,https://fred.stlouisfed.org/categories/32217,https://data.imf.org/en/datasets/IMF.STA:PCPS,2026-08-31T14:34:12.474268Z,none
2013-06-01,metals_price_index,energy-industrial,,,Global price index of metals,152.2117107,index_2016_100,monthly,FRED_IMF_PCPS,IMF Primary Commodity Prices System series,https://fred.stlouisfed.org/categories/32217,https://data.imf.org/en/datasets/IMF.STA:PCPS,2026-08-31T14:34:12.474268Z,none
2013-07-01,metals_price_index,energy-industrial,,,Global price index of metals,155.91798861,index_2016_100,monthly,FRED_IMF_PCPS,IMF Primary Commodity Prices System series,https://fred.stlouisfed.org/categories/32217,https://data.imf.org/en/datasets/IMF.STA:PCPS,2026-08-31T14:34:12.474268Z,none
2013-08-01,metals_price_index,energy-industrial,,,Global price index of metals,163.35895759,index_2016_100,monthly,FRED_IMF_PCPS,IMF Primary Commodity Prices System series,https://fred.stlouisfed.org/categories/32217,https://data.imf.org/en/datasets/IMF.STA:PCPS,2026-08-31T14:34:12.474268Z,none
2013-09-01,metals_price_index,energy-industrial,,,Global price index of metals,160.86286447,index_2016_100,monthly,FRED_IMF_PCPS,IMF Primary Commodity Prices System series,https://fred.stlouisfed.org/categories/32217,https://data.imf.org/en/datasets/IMF.STA:PCPS,2026-08-31T14:34:12.474268Z,none
2013-10-01,metals_price_index,energy-industrial,,,Global price index of metals,161.12109625,index_2016_100,monthly,FRED_IMF_PCPS,IMF Primary Commodity Prices System series,https://fred.stlouisfed.org/categories/32217,https://data.imf.org/en/datasets/IMF.STA:PCPS,2026-08-31T14:34:12.474268Z,none
2013-11-01,metals_price_index,energy-industrial,,,Global price index of metals,161.39402244,index_2016_100,monthly,FRED_IMF_PCPS,IMF Primary Commodity Prices System series,https://fred.stlouisfed.org/categories/32217,https://data.imf.org/en/datasets/IMF.STA:PCPS,2026-08-31T14:34:12.474268Z,none
2013-12-01,metals_price_index,energy-industrial,,,Global price index of metals,162.38486309,index_2016_100,monthly,FRED_IMF_PCPS,IMF Primary Commodity Prices System series,https://fred.stlouisfed.org/categories/32217,https://data.imf.org/en/datasets/IMF.STA:PCPS,2026-08-31T14:34:12.474268Z,none
2014-01-01,metals_price_index,energy-industrial,,,Global price index of metals,159.42779909,index_2016_100,monthly,FRED_IMF_PCPS,IMF Primary Commodity Prices System series,https://fred.stlouisfed.org/categories/32217,https://data.imf.org/en/datasets/IMF.STA:PCPS,2026-08-31T14:34:12.474268Z,none
2014-02-01,metals_price_index,energy-industrial,,,Global price index of metals,155.16469481,index_2016_100,monthly,FRED_IMF_PCPS,IMF Primary Commodity Prices System series,https://fred.stlouisfed.org/categories/32217,https://data.imf.org/en/datasets/IMF.STA:PCPS,2026-08-31T14:34:12.474268Z,none
2014-03-01,metals_price_index,energy-industrial,,,Global price index of metals,147.98232138,index_2016_100,monthly,FRED_IMF_PCPS,IMF Primary Commodity Prices System series,https://fred.stlouisfed.org/categories/32217,https://data.imf.org/en/datasets/IMF.STA:PCPS,2026-08-31T14:34:12.474268Z,none
2014-04-01,metals_price_index,energy-industrial,,,Global price index of metals,152.94753475,index_2016_100,monthly,FRED_IMF_PCPS,IMF Primary Commodity Prices System series,https://fred.stlouisfed.org/categories/32217,https://data.imf.org/en/datasets/IMF.STA:PCPS,2026-08-31T14:34:12.474268Z,none
2014-05-01,metals_price_index,energy-industrial,,,Global price index of metals,148.83334772,index_2016_100,monthly,FRED_IMF_PCPS,IMF Primary Commodity Prices System series,https://fred.stlouisfed.org/categories/32217,https://data.imf.org/en/datasets/IMF.STA:PCPS,2026-08-31T14:34:12.474268Z,none
2014-06-01,metals_price_index,energy-industrial,,,Global price index of metals,145.35225884,index_2016_100,monthly,FRED_IMF_PCPS,IMF Primary Commodity Prices System series,https://fred.stlouisfed.org/categories/32217,https://data.imf.org/en/datasets/IMF.STA:PCPS,2026-08-31T14:34:12.474268Z,none
2014-07-01,metals_price_index,energy-industrial,,,Global price index of metals,149.66885373,index_2016_100,monthly,FRED_IMF_PCPS,IMF Primary Commodity Prices System series,https://fred.stlouisfed.org/categories/32217,https://data.imf.org/en/datasets/IMF.STA:PCPS,2026-08-31T14:34:12.474268Z,none
2014-08-01,metals_price_index,energy-industrial,,,Global price index of metals,148.71957422,index_2016_100,monthly,FRED_IMF_PCPS,IMF Primary Commodity Prices System series,https://fred.stlouisfed.org/categories/32217,https://data.imf.org/en/datasets/IMF.STA:PCPS,2026-08-31T14:34:12.474268Z,none
2014-09-01,metals_price_index,energy-industrial,,,Global price index of metals,141.53307317,index_2016_100,monthly,FRED_IMF_PCPS,IMF Primary Commodity Prices System series,https://fred.stlouisfed.org/categories/32217,https://data.imf.org/en/datasets/IMF.STA:PCPS,2026-08-31T14:34:12.474268Z,none
2014-10-01,metals_price_index,energy-industrial,,,Global price index of metals,134.9894814,index_2016_100,monthly,FRED_IMF_PCPS,IMF Primary Commodity Prices System series,https://fred.stlouisfed.org/categories/32217,https://data.imf.org/en/datasets/IMF.STA:PCPS,2026-08-31T14:34:12.474268Z,none
2014-11-01,metals_price_index,energy-industrial,,,Global price index of metals,132.78014984,index_2016_100,monthly,FRED_IMF_PCPS,IMF Primary Commodity Prices System series,https://fred.stlouisfed.org/categories/32217,https://data.imf.org/en/datasets/IMF.STA:PCPS,2026-08-31T14:34:12.474268Z,none
2014-12-01,metals_price_index,energy-industrial,,,Global price index of metals,125.8763245,index_2016_100,monthly,FRED_IMF_PCPS,IMF Primary Commodity Prices System series,https://fred.stlouisfed.org/categories/32217,https://data.imf.org/en/datasets/IMF.STA:PCPS,2026-08-31T14:34:12.474268Z,none
2015-01-01,metals_price_index,energy-industrial,,,Global price index of metals,120.26763391,index_2016_100,monthly,FRED_IMF_PCPS,IMF Primary Commodity Prices System series,https://fred.stlouisfed.org/categories/32217,https://data.imf.org/en/datasets/IMF.STA:PCPS,2026-08-31T14:34:12.474268Z,none
2015-02-01,metals_price_index,energy-industrial,,,Global price index of metals,115.80855492,index_2016_100,monthly,FRED_IMF_PCPS,IMF Primary Commodity Prices System series,https://fred.stlouisfed.org/categories/32217,https://data.imf.org/en/datasets/IMF.STA:PCPS,2026-08-31T14:34:12.474268Z,none
2015-03-01,metals_price_index,energy-industrial,,,Global price index of metals,113.23017851,index_2016_100,monthly,FRED_IMF_PCPS,IMF Primary Commodity Prices System series,https://fred.stlouisfed.org/categories/32217,https://data.imf.org/en/datasets/IMF.STA:PCPS,2026-08-31T14:34:12.474268Z,none
2015-04-01,metals_price_index,energy-industrial,,,Global price index of metals,111.0729081,index_2016_100,monthly,FRED_IMF_PCPS,IMF Primary Commodity Prices System series,https://fred.stlouisfed.org/categories/32217,https://data.imf.org/en/datasets/IMF.STA:PCPS,2026-08-31T14:34:12.474268Z,none
2015-05-01,metals_price_index,energy-industrial,,,Global price index of metals,117.016303,index_2016_100,monthly,FRED_IMF_PCPS,IMF Primary Commodity Prices System series,https://fred.stlouisfed.org/categories/32217,https://data.imf.org/en/datasets/IMF.STA:PCPS,2026-08-31T14:34:12.474268Z,none
2015-06-01,metals_price_index,energy-industrial,,,Global price index of metals,111.9650818,index_2016_100,monthly,FRED_IMF_PCPS,IMF Primary Commodity Prices System series,https://fred.stlouisfed.org/categories/32217,https://data.imf.org/en/datasets/IMF.STA:PCPS,2026-08-31T14:34:12.474268Z,none
2015-07-01,metals_price_index,energy-industrial,,,Global price index of metals,102.11717171,index_2016_100,monthly,FRED_IMF_PCPS,IMF Primary Commodity Prices System series,https://fred.stlouisfed.org/categories/32217,https://data.imf.org/en/datasets/IMF.STA:PCPS,2026-08-31T14:34:12.474268Z,none
2015-08-01,metals_price_index,energy-industrial,,,Global price index of metals,100.69209084,index_2016_100,monthly,FRED_IMF_PCPS,IMF Primary Commodity Prices System series,https://fred.stlouisfed.org/categories/32217,https://data.imf.org/en/datasets/IMF.STA:PCPS,2026-08-31T14:34:12.474268Z,none
2015-09-01,metals_price_index,energy-industrial,,,Global price index of metals,100.78193893,index_2016_100,monthly,FRED_IMF_PCPS,IMF Primary Commodity Prices System series,https://fred.stlouisfed.org/categories/32217,https://data.imf.org/en/datasets/IMF.STA:PCPS,2026-08-31T14:34:12.474268Z,none
2015-10-01,metals_price_index,energy-industrial,,,Global price index of metals,98.07439195,index_2016_100,monthly,FRED_IMF_PCPS,IMF Primary Commodity Prices System series,https://fred.stlouisfed.org/categories/32217,https://data.imf.org/en/datasets/IMF.STA:PCPS,2026-08-31T14:34:12.474268Z,none
2015-11-01,metals_price_index,energy-industrial,,,Global price index of metals,90.21397533,index_2016_100,monthly,FRED_IMF_PCPS,IMF Primary Commodity Prices System series,https://fred.stlouisfed.org/categories/32217,https://data.imf.org/en/datasets/IMF.STA:PCPS,2026-08-31T14:34:12.474268Z,none
2015-12-01,metals_price_index,energy-industrial,,,Global price index of metals,86.01373841,index_2016_100,monthly,FRED_IMF_PCPS,IMF Primary Commodity Prices System series,https://fred.stlouisfed.org/categories/32217,https://data.imf.org/en/datasets/IMF.STA:PCPS,2026-08-31T14:34:12.474268Z,none
2016-01-01,metals_price_index,energy-industrial,,,Global price index of metals,85.25909452,index_2016_100,monthly,FRED_IMF_PCPS,IMF Primary Commodity Prices System series,https://fred.stlouisfed.org/categories/32217,https://data.imf.org/en/datasets/IMF.STA:PCPS,2026-08-31T14:34:12.474268Z,none
2016-02-01,metals_price_index,energy-industrial,,,Global price index of metals,89.32162594,index_2016_100,monthly,FRED_IMF_PCPS,IMF Primary Commodity Prices System series,https://fred.stlouisfed.org/categories/32217,https://data.imf.org/en/datasets/IMF.STA:PCPS,2026-08-31T14:34:12.474268Z,none
2016-03-01,metals_price_index,energy-industrial,,,Global price index of metals,96.92018545,index_2016_100,monthly,FRED_IMF_PCPS,IMF Primary Commodity Prices System series,https://fred.stlouisfed.org/categories/32217,https://data.imf.org/en/datasets/IMF.STA:PCPS,2026-08-31T14:34:12.474268Z,none
2016-04-01,metals_price_index,energy-industrial,,,Global price index of metals,99.06680727,index_2016_100,monthly,FRED_IMF_PCPS,IMF Primary Commodity Prices System series,https://fred.stlouisfed.org/categories/32217,https://data.imf.org/en/datasets/IMF.STA:PCPS,2026-08-31T14:34:12.474268Z,none
2016-05-01,metals_price_index,energy-industrial,,,Global price index of metals,95.82934425,index_2016_100,monthly,FRED_IMF_PCPS,IMF Primary Commodity Prices System series,https://fred.stlouisfed.org/categories/32217,https://data.imf.org/en/datasets/IMF.STA:PCPS,2026-08-31T14:34:12.474268Z,none
2016-06-01,metals_price_index,energy-industrial,,,Global price index of metals,95.01398304,index_2016_100,monthly,FRED_IMF_PCPS,IMF Primary Commodity Prices System series,https://fred.stlouisfed.org/categories/32217,https://data.imf.org/en/datasets/IMF.STA:PCPS,2026-08-31T14:34:12.474268Z,none
2016-07-01,metals_price_index,energy-industrial,,,Global price index of metals,100.4410182,index_2016_100,monthly,FRED_IMF_PCPS,IMF Primary Commodity Prices System series,https://fred.stlouisfed.org/categories/32217,https://data.imf.org/en/datasets/IMF.STA:PCPS,2026-08-31T14:34:12.474268Z,none
2016-08-01,metals_price_index,energy-industrial,,,Global price index of metals,102.24091447,index_2016_100,monthly,FRED_IMF_PCPS,IMF Primary Commodity Prices System series,https://fred.stlouisfed.org/categories/32217,https://data.imf.org/en/datasets/IMF.STA:PCPS,2026-08-31T14:34:12.474268Z,none
2016-09-01,metals_price_index,energy-industrial,,,Global price index of metals,100.00722514,index_2016_100,monthly,FRED_IMF_PCPS,IMF Primary Commodity Prices System series,https://fred.stlouisfed.org/categories/32217,https://data.imf.org/en/datasets/IMF.STA:PCPS,2026-08-31T14:34:12.474268Z,none
2016-10-01,metals_price_index,energy-industrial,,,Global price index of metals,101.12997898,index_2016_100,monthly,FRED_IMF_PCPS,IMF Primary Commodity Prices System series,https://fred.stlouisfed.org/categories/32217,https://data.imf.org/en/datasets/IMF.STA:PCPS,2026-08-31T14:34:12.474268Z,none
2016-11-01,metals_price_index,energy-industrial,,,Global price index of metals,115.23643081,index_2016_100,monthly,FRED_IMF_PCPS,IMF Primary Commodity Prices System series,https://fred.stlouisfed.org/categories/32217,https://data.imf.org/en/datasets/IMF.STA:PCPS,2026-08-31T14:34:12.474268Z,none
2016-12-01,metals_price_index,energy-industrial,,,Global price index of metals,119.53339193,index_2016_100,monthly,FRED_IMF_PCPS,IMF Primary Commodity Prices System series,https://fred.stlouisfed.org/categories/32217,https://data.imf.org/en/datasets/IMF.STA:PCPS,2026-08-31T14:34:12.474268Z,none
2017-01-01,metals_price_index,energy-industrial,,,Global price index of metals,121.36834451,index_2016_100,monthly,FRED_IMF_PCPS,IMF Primary Commodity Prices System series,https://fred.stlouisfed.org/categories/32217,https://data.imf.org/en/datasets/IMF.STA:PCPS,2026-08-31T14:34:12.474268Z,none
2017-02-01,metals_price_index,energy-industrial,,,Global price index of metals,128.72324522,index_2016_100,monthly,FRED_IMF_PCPS,IMF Primary Commodity Prices System series,https://fred.stlouisfed.org/categories/32217,https://data.imf.org/en/datasets/IMF.STA:PCPS,2026-08-31T14:34:12.474268Z,none
2017-03-01,metals_price_index,energy-industrial,,,Global price index of metals,127.21434458,index_2016_100,monthly,FRED_IMF_PCPS,IMF Primary Commodity Prices System series,https://fred.stlouisfed.org/categories/32217,https://data.imf.org/en/datasets/IMF.STA:PCPS,2026-08-31T14:34:12.474268Z,none
2017-04-01,metals_price_index,energy-industrial,,,Global price index of metals,116.89217114,index_2016_100,monthly,FRED_IMF_PCPS,IMF Primary Commodity Prices System series,https://fred.stlouisfed.org/categories/32217,https://data.imf.org/en/datasets/IMF.STA:PCPS,2026-08-31T14:34:12.474268Z,none
2017-05-01,metals_price_index,energy-industrial,,,Global price index of metals,111.66543284,index_2016_100,monthly,FRED_IMF_PCPS,IMF Primary Commodity Prices System series,https://fred.stlouisfed.org/categories/32217,https://data.imf.org/en/datasets/IMF.STA:PCPS,2026-08-31T14:34:12.474268Z,none
2017-06-01,metals_price_index,energy-industrial,,,Global price index of metals,109.86004516,index_2016_100,monthly,FRED_IMF_PCPS,IMF Primary Commodity Prices System series,https://fred.stlouisfed.org/categories/32217,https://data.imf.org/en/datasets/IMF.STA:PCPS,2026-08-31T14:34:12.474268Z,none
2017-07-01,metals_price_index,energy-industrial,,,Global price index of metals,117.1869146,index_2016_100,monthly,FRED_IMF_PCPS,IMF Primary Commodity Prices System series,https://fred.stlouisfed.org/categories/32217,https://data.imf.org/en/datasets/IMF.STA:PCPS,2026-08-31T14:34:12.474268Z,none
2017-08-01,metals_price_index,energy-industrial,,,Global price index of metals,127.01562772,index_2016_100,monthly,FRED_IMF_PCPS,IMF Primary Commodity Prices System series,https://fred.stlouisfed.org/categories/32217,https://data.imf.org/en/datasets/IMF.STA:PCPS,2026-08-31T14:34:12.474268Z,none
2017-09-01,metals_price_index,energy-industrial,,,Global price index of metals,126.10273624,index_2016_100,monthly,FRED_IMF_PCPS,IMF Primary Commodity Prices System series,https://fred.stlouisfed.org/categories/32217,https://data.imf.org/en/datasets/IMF.STA:PCPS,2026-08-31T14:34:12.474268Z,none
2017-10-01,metals_price_index,energy-industrial,,,Global price index of metals,124.23350846,index_2016_100,monthly,FRED_IMF_PCPS,IMF Primary Commodity Prices System series,https://fred.stlouisfed.org/categories/32217,https://data.imf.org/en/datasets/IMF.STA:PCPS,2026-08-31T14:34:12.474268Z,none
2017-11-01,metals_price_index,energy-industrial,,,Global price index of metals,125.7728762,index_2016_100,monthly,FRED_IMF_PCPS,IMF Primary Commodity Prices System series,https://fred.stlouisfed.org/categories/32217,https://data.imf.org/en/datasets/IMF.STA:PCPS,2026-08-31T14:34:12.474268Z,none
2017-12-01,metals_price_index,energy-industrial,,,Global price index of metals,130.22904933,index_2016_100,monthly,FRED_IMF_PCPS,IMF Primary Commodity Prices System series,https://fred.stlouisfed.org/categories/32217,https://data.imf.org/en/datasets/IMF.STA:PCPS,2026-08-31T14:34:12.474268Z,none
2018-01-01,metals_price_index,energy-industrial,,,Global price index of metals,136.61150805,index_2016_100,monthly,FRED_IMF_PCPS,IMF Primary Commodity Prices System series,https://fred.stlouisfed.org/categories/32217,https://data.imf.org/en/datasets/IMF.STA:PCPS,2026-08-31T14:34:12.474268Z,none
2018-02-01,metals_price_index,energy-industrial,,,Global price index of metals,137.61906533,index_2016_100,monthly,FRED_IMF_PCPS,IMF Primary Commodity Prices System series,https://fred.stlouisfed.org/categories/32217,https://data.imf.org/en/datasets/IMF.STA:PCPS,2026-08-31T14:34:12.474268Z,none
2018-03-01,metals_price_index,energy-industrial,,,Global price index of metals,132.46644031,index_2016_100,monthly,FRED_IMF_PCPS,IMF Primary Commodity Prices System series,https://fred.stlouisfed.org/categories/32217,https://data.imf.org/en/datasets/IMF.STA:PCPS,2026-08-31T14:34:12.474268Z,none
2018-04-01,metals_price_index,energy-industrial,,,Global price index of metals,133.89184714,index_2016_100,monthly,FRED_IMF_PCPS,IMF Primary Commodity Prices System series,https://fred.stlouisfed.org/categories/32217,https://data.imf.org/en/datasets/IMF.STA:PCPS,2026-08-31T14:34:12.474268Z,none
2018-05-01,metals_price_index,energy-industrial,,,Global price index of metals,134.34934212,index_2016_100,monthly,FRED_IMF_PCPS,IMF Primary Commodity Prices System series,https://fred.stlouisfed.org/categories/32217,https://data.imf.org/en/datasets/IMF.STA:PCPS,2026-08-31T14:34:12.474268Z,none
2018-06-01,metals_price_index,energy-industrial,,,Global price index of metals,135.31449881,index_2016_100,monthly,FRED_IMF_PCPS,IMF Primary Commodity Prices System series,https://fred.stlouisfed.org/categories/32217,https://data.imf.org/en/datasets/IMF.STA:PCPS,2026-08-31T14:34:12.474268Z,none
2018-07-01,metals_price_index,energy-industrial,,,Global price index of metals,126.9083411,index_2016_100,monthly,FRED_IMF_PCPS,IMF Primary Commodity Prices System series,https://fred.stlouisfed.org/categories/32217,https://data.imf.org/en/datasets/IMF.STA:PCPS,2026-08-31T14:34:12.474268Z,none
2018-08-01,metals_price_index,energy-industrial,,,Global price index of metals,125.09954054,index_2016_100,monthly,FRED_IMF_PCPS,IMF Primary Commodity Prices System series,https://fred.stlouisfed.org/categories/32217,https://data.imf.org/en/datasets/IMF.STA:PCPS,2026-08-31T14:34:12.474268Z,none
2018-09-01,metals_price_index,energy-industrial,,,Global price index of metals,124.52451477,index_2016_100,monthly,FRED_IMF_PCPS,IMF Primary Commodity Prices System series,https://fred.stlouisfed.org/categories/32217,https://data.imf.org/en/datasets/IMF.STA:PCPS,2026-08-31T14:34:12.474268Z,none
2018-10-01,metals_price_index,energy-industrial,,,Global price index of metals,127.68475643,index_2016_100,monthly,FRED_IMF_PCPS,IMF Primary Commodity Prices System series,https://fred.stlouisfed.org/categories/32217,https://data.imf.org/en/datasets/IMF.STA:PCPS,2026-08-31T14:34:12.474268Z,none
2018-11-01,metals_price_index,energy-industrial,,,Global price index of metals,125.88849401,index_2016_100,monthly,FRED_IMF_PCPS,IMF Primary Commodity Prices System series,https://fred.stlouisfed.org/categories/32217,https://data.imf.org/en/datasets/IMF.STA:PCPS,2026-08-31T14:34:12.474268Z,none
2018-12-01,metals_price_index,energy-industrial,,,Global price index of metals,123.0895266,index_2016_100,monthly,FRED_IMF_PCPS,IMF Primary Commodity Prices System series,https://fred.stlouisfed.org/categories/32217,https://data.imf.org/en/datasets/IMF.STA:PCPS,2026-08-31T14:34:12.474268Z,none
2019-01-01,metals_price_index,energy-industrial,,,Global price index of metals,124.91860995,index_2016_100,monthly,FRED_IMF_PCPS,IMF Primary Commodity Prices System series,https://fred.stlouisfed.org/categories/32217,https://data.imf.org/en/datasets/IMF.STA:PCPS,2026-08-31T14:34:12.474268Z,none
2019-02-01,metals_price_index,energy-industrial,,,Global price index of metals,134.63246598,index_2016_100,monthly,FRED_IMF_PCPS,IMF Primary Commodity Prices System series,https://fred.stlouisfed.org/categories/32217,https://data.imf.org/en/datasets/IMF.STA:PCPS,2026-08-31T14:34:12.474268Z,none
2019-03-01,metals_price_index,energy-industrial,,,Global price index of metals,136.28154134,index_2016_100,monthly,FRED_IMF_PCPS,IMF Primary Commodity Prices System series,https://fred.stlouisfed.org/categories/32217,https://data.imf.org/en/datasets/IMF.STA:PCPS,2026-08-31T14:34:12.474268Z,none
2019-04-01,metals_price_index,energy-industrial,,,Global price index of metals,139.85857416,index_2016_100,monthly,FRED_IMF_PCPS,IMF Primary Commodity Prices System series,https://fred.stlouisfed.org/categories/32217,https://data.imf.org/en/datasets/IMF.STA:PCPS,2026-08-31T14:34:12.474268Z,none
2019-05-01,metals_price_index,energy-industrial,,,Global price index of metals,138.9855267,index_2016_100,monthly,FRED_IMF_PCPS,IMF Primary Commodity Prices System series,https://fred.stlouisfed.org/categories/32217,https://data.imf.org/en/datasets/IMF.STA:PCPS,2026-08-31T14:34:12.474268Z,none
2019-06-01,metals_price_index,energy-industrial,,,Global price index of metals,141.42200551,index_2016_100,monthly,FRED_IMF_PCPS,IMF Primary Commodity Prices System series,https://fred.stlouisfed.org/categories/32217,https://data.imf.org/en/datasets/IMF.STA:PCPS,2026-08-31T14:34:12.474268Z,none
2019-07-01,metals_price_index,energy-industrial,,,Global price index of metals,147.80252011,index_2016_100,monthly,FRED_IMF_PCPS,IMF Primary Commodity Prices System series,https://fred.stlouisfed.org/categories/32217,https://data.imf.org/en/datasets/IMF.STA:PCPS,2026-08-31T14:34:12.474268Z,none
2019-08-01,metals_price_index,energy-industrial,,,Global price index of metals,133.25243034,index_2016_100,monthly,FRED_IMF_PCPS,IMF Primary Commodity Prices System series,https://fred.stlouisfed.org/categories/32217,https://data.imf.org/en/datasets/IMF.STA:PCPS,2026-08-31T14:34:12.474268Z,none
2019-09-01,metals_price_index,energy-industrial,,,Global price index of metals,134.76477575,index_2016_100,monthly,FRED_IMF_PCPS,IMF Primary Commodity Prices System series,https://fred.stlouisfed.org/categories/32217,https://data.imf.org/en/datasets/IMF.STA:PCPS,2026-08-31T14:34:12.474268Z,none
2019-10-01,metals_price_index,energy-industrial,,,Global price index of metals,132.53708334,index_2016_100,monthly,FRED_IMF_PCPS,IMF Primary Commodity Prices System series,https://fred.stlouisfed.org/categories/32217,https://data.imf.org/en/datasets/IMF.STA:PCPS,2026-08-31T14:34:12.474268Z,none
2019-11-01,metals_price_index,energy-industrial,,,Global price index of metals,128.29893066,index_2016_100,monthly,FRED_IMF_PCPS,IMF Primary Commodity Prices System series,https://fred.stlouisfed.org/categories/32217,https://data.imf.org/en/datasets/IMF.STA:PCPS,2026-08-31T14:34:12.474268Z,none
2019-12-01,metals_price_index,energy-industrial,,,Global price index of metals,131.08949887,index_2016_100,monthly,FRED_IMF_PCPS,IMF Primary Commodity Prices System series,https://fred.stlouisfed.org/categories/32217,https://data.imf.org/en/datasets/IMF.STA:PCPS,2026-08-31T14:34:12.474268Z,none
2020-01-01,metals_price_index,energy-industrial,,,Global price index of metals,133.02027903,index_2016_100,monthly,FRED_IMF_PCPS,IMF Primary Commodity Prices System series,https://fred.stlouisfed.org/categories/32217,https://data.imf.org/en/datasets/IMF.STA:PCPS,2026-08-31T14:34:12.474268Z,none
2020-02-01,metals_price_index,energy-industrial,,,Global price index of metals,125.75356436,index_2016_100,monthly,FRED_IMF_PCPS,IMF Primary Commodity Prices System series,https://fred.stlouisfed.org/categories/32217,https://data.imf.org/en/datasets/IMF.STA:PCPS,2026-08-31T14:34:12.474268Z,none
2020-03-01,metals_price_index,energy-industrial,,,Global price index of metals,121.52018471,index_2016_100,monthly,FRED_IMF_PCPS,IMF Primary Commodity Prices System series,https://fred.stlouisfed.org/categories/32217,https://data.imf.org/en/datasets/IMF.STA:PCPS,2026-08-31T14:34:12.474268Z,none
2020-04-01,metals_price_index,energy-industrial,,,Global price index of metals,116.04881125,index_2016_100,monthly,FRED_IMF_PCPS,IMF Primary Commodity Prices System series,https://fred.stlouisfed.org/categories/32217,https://data.imf.org/en/datasets/IMF.STA:PCPS,2026-08-31T14:34:12.474268Z,none
2020-05-01,metals_price_index,energy-industrial,,,Global price index of metals,121.21303331,index_2016_100,monthly,FRED_IMF_PCPS,IMF Primary Commodity Prices System series,https://fred.stlouisfed.org/categories/32217,https://data.imf.org/en/datasets/IMF.STA:PCPS,2026-08-31T14:34:12.474268Z,none
2020-06-01,metals_price_index,energy-industrial,,,Global price index of metals,132.28459428,index_2016_100,monthly,FRED_IMF_PCPS,IMF Primary Commodity Prices System series,https://fred.stlouisfed.org/categories/32217,https://data.imf.org/en/datasets/IMF.STA:PCPS,2026-08-31T14:34:12.474268Z,none
2020-07-01,metals_price_index,energy-industrial,,,Global price index of metals,139.96679445,index_2016_100,monthly,FRED_IMF_PCPS,IMF Primary Commodity Prices System series,https://fred.stlouisfed.org/categories/32217,https://data.imf.org/en/datasets/IMF.STA:PCPS,2026-08-31T14:34:12.474268Z,none
2020-08-01,metals_price_index,energy-industrial,,,Global price index of metals,149.07194614,index_2016_100,monthly,FRED_IMF_PCPS,IMF Primary Commodity Prices System series,https://fred.stlouisfed.org/categories/32217,https://data.imf.org/en/datasets/IMF.STA:PCPS,2026-08-31T14:34:12.474268Z,none
2020-09-01,metals_price_index,energy-industrial,,,Global price index of metals,152.01597413,index_2016_100,monthly,FRED_IMF_PCPS,IMF Primary Commodity Prices System series,https://fred.stlouisfed.org/categories/32217,https://data.imf.org/en/datasets/IMF.STA:PCPS,2026-08-31T14:34:12.474268Z,none
2020-10-01,metals_price_index,energy-industrial,,,Global price index of metals,150.99384768,index_2016_100,monthly,FRED_IMF_PCPS,IMF Primary Commodity Prices System series,https://fred.stlouisfed.org/categories/32217,https://data.imf.org/en/datasets/IMF.STA:PCPS,2026-08-31T14:34:12.474268Z,none
2020-11-01,metals_price_index,energy-industrial,,,Global price index of metals,158.15798351,index_2016_100,monthly,FRED_IMF_PCPS,IMF Primary Commodity Prices System series,https://fred.stlouisfed.org/categories/32217,https://data.imf.org/en/datasets/IMF.STA:PCPS,2026-08-31T14:34:12.474268Z,none
2020-12-01,metals_price_index,energy-industrial,,,Global price index of metals,180.07338715,index_2016_100,monthly,FRED_IMF_PCPS,IMF Primary Commodity Prices System series,https://fred.stlouisfed.org/categories/32217,https://data.imf.org/en/datasets/IMF.STA:PCPS,2026-08-31T14:34:12.474268Z,none
2021-01-01,metals_price_index,energy-industrial,,,Global price index of metals,189.54104584,index_2016_100,monthly,FRED_IMF_PCPS,IMF Primary Commodity Prices System series,https://fred.stlouisfed.org/categories/32217,https://data.imf.org/en/datasets/IMF.STA:PCPS,2026-08-31T14:34:12.474268Z,none
2021-02-01,metals_price_index,energy-industrial,,,Global price index of metals,192.65542047,index_2016_100,monthly,FRED_IMF_PCPS,IMF Primary Commodity Prices System series,https://fred.stlouisfed.org/categories/32217,https://data.imf.org/en/datasets/IMF.STA:PCPS,2026-08-31T14:34:12.474268Z,none
2021-03-01,metals_price_index,energy-industrial,,,Global price index of metals,198.60874078,index_2016_100,monthly,FRED_IMF_PCPS,IMF Primary Commodity Prices System series,https://fred.stlouisfed.org/categories/32217,https://data.imf.org/en/datasets/IMF.STA:PCPS,2026-08-31T14:34:12.474268Z,none
2021-04-01,metals_price_index,energy-industrial,,,Global price index of metals,208.12438782,index_2016_100,monthly,FRED_IMF_PCPS,IMF Primary Commodity Prices System series,https://fred.stlouisfed.org/categories/32217,https://data.imf.org/en/datasets/IMF.STA:PCPS,2026-08-31T14:34:12.474268Z,none
2021-05-01,metals_price_index,energy-industrial,,,Global price index of metals,229.07054848,index_2016_100,monthly,FRED_IMF_PCPS,IMF Primary Commodity Prices System series,https://fred.stlouisfed.org/categories/32217,https://data.imf.org/en/datasets/IMF.STA:PCPS,2026-08-31T14:34:12.474268Z,none
2021-06-01,metals_price_index,energy-industrial,,,Global price index of metals,237.38709477,index_2016_100,monthly,FRED_IMF_PCPS,IMF Primary Commodity Prices System series,https://fred.stlouisfed.org/categories/32217,https://data.imf.org/en/datasets/IMF.STA:PCPS,2026-08-31T14:34:12.474268Z,none
2021-07-01,metals_price_index,energy-industrial,,,Global price index of metals,238.781037,index_2016_100,monthly,FRED_IMF_PCPS,IMF Primary Commodity Prices System series,https://fred.stlouisfed.org/categories/32217,https://data.imf.org/en/datasets/IMF.STA:PCPS,2026-08-31T14:34:12.474268Z,none
2021-08-01,metals_price_index,energy-industrial,,,Global price index of metals,212.23554049,index_2016_100,monthly,FRED_IMF_PCPS,IMF Primary Commodity Prices System series,https://fred.stlouisfed.org/categories/32217,https://data.imf.org/en/datasets/IMF.STA:PCPS,2026-08-31T14:34:12.474268Z,none
2021-09-01,metals_price_index,energy-industrial,,,Global price index of metals,191.43006829,index_2016_100,monthly,FRED_IMF_PCPS,IMF Primary Commodity Prices System series,https://fred.stlouisfed.org/categories/32217,https://data.imf.org/en/datasets/IMF.STA:PCPS,2026-08-31T14:34:12.474268Z,none
2021-10-01,metals_price_index,energy-industrial,,,Global price index of metals,196.47538994,index_2016_100,monthly,FRED_IMF_PCPS,IMF Primary Commodity Prices System series,https://fred.stlouisfed.org/categories/32217,https://data.imf.org/en/datasets/IMF.STA:PCPS,2026-08-31T14:34:12.474268Z,none
2021-11-01,metals_price_index,energy-industrial,,,Global price index of metals,180.05724416,index_2016_100,monthly,FRED_IMF_PCPS,IMF Primary Commodity Prices System series,https://fred.stlouisfed.org/categories/32217,https://data.imf.org/en/datasets/IMF.STA:PCPS,2026-08-31T14:34:12.474268Z,none
2021-12-01,metals_price_index,energy-industrial,,,Global price index of metals,190.58396256,index_2016_100,monthly,FRED_IMF_PCPS,IMF Primary Commodity Prices System series,https://fred.stlouisfed.org/categories/32217,https://data.imf.org/en/datasets/IMF.STA:PCPS,2026-08-31T14:34:12.474268Z,none
2022-01-01,metals_price_index,energy-industrial,,,Global price index of metals,208.89338518,index_2016_100,monthly,FRED_IMF_PCPS,IMF Primary Commodity Prices System series,https://fred.stlouisfed.org/categories/32217,https://data.imf.org/en/datasets/IMF.STA:PCPS,2026-08-31T14:34:12.474268Z,none
2022-02-01,metals_price_index,energy-industrial,,,Global price index of metals,216.64460836,index_2016_100,monthly,FRED_IMF_PCPS,IMF Primary Commodity Prices System series,https://fred.stlouisfed.org/categories/32217,https://data.imf.org/en/datasets/IMF.STA:PCPS,2026-08-31T14:34:12.474268Z,none
2022-03-01,metals_price_index,energy-industrial,,,Global price index of metals,233.42847735,index_2016_100,monthly,FRED_IMF_PCPS,IMF Primary Commodity Prices System series,https://fred.stlouisfed.org/categories/32217,https://data.imf.org/en/datasets/IMF.STA:PCPS,2026-08-31T14:34:12.474268Z,none
2022-04-01,metals_price_index,energy-industrial,,,Global price index of metals,231.43584555,index_2016_100,monthly,FRED_IMF_PCPS,IMF Primary Commodity Prices System series,https://fred.stlouisfed.org/categories/32217,https://data.imf.org/en/datasets/IMF.STA:PCPS,2026-08-31T14:34:12.474268Z,none
2022-05-01,metals_price_index,energy-industrial,,,Global price index of metals,208.08617077,index_2016_100,monthly,FRED_IMF_PCPS,IMF Primary Commodity Prices System series,https://fred.stlouisfed.org/categories/32217,https://data.imf.org/en/datasets/IMF.STA:PCPS,2026-08-31T14:34:12.474268Z,none
2022-06-01,metals_price_index,energy-industrial,,,Global price index of metals,200.26223998,index_2016_100,monthly,FRED_IMF_PCPS,IMF Primary Commodity Prices System series,https://fred.stlouisfed.org/categories/32217,https://data.imf.org/en/datasets/IMF.STA:PCPS,2026-08-31T14:34:12.474268Z,none
2022-07-01,metals_price_index,energy-industrial,,,Global price index of metals,172.46682624,index_2016_100,monthly,FRED_IMF_PCPS,IMF Primary Commodity Prices System series,https://fred.stlouisfed.org/categories/32217,https://data.imf.org/en/datasets/IMF.STA:PCPS,2026-08-31T14:34:12.474268Z,none
2022-08-01,metals_price_index,energy-industrial,,,Global price index of metals,174.73724085,index_2016_100,monthly,FRED_IMF_PCPS,IMF Primary Commodity Prices System series,https://fred.stlouisfed.org/categories/32217,https://data.imf.org/en/datasets/IMF.STA:PCPS,2026-08-31T14:34:12.474268Z,none
2022-09-01,metals_price_index,energy-industrial,,,Global price index of metals,165.86422002,index_2016_100,monthly,FRED_IMF_PCPS,IMF Primary Commodity Prices System series,https://fred.stlouisfed.org/categories/32217,https://data.imf.org/en/datasets/IMF.STA:PCPS,2026-08-31T14:34:12.474268Z,none
2022-10-01,metals_price_index,energy-industrial,,,Global price index of metals,161.61263707,index_2016_100,monthly,FRED_IMF_PCPS,IMF Primary Commodity Prices System series,https://fred.stlouisfed.org/categories/32217,https://data.imf.org/en/datasets/IMF.STA:PCPS,2026-08-31T14:34:12.474268Z,none
2022-11-01,metals_price_index,energy-industrial,,,Global price index of metals,169.00551966,index_2016_100,monthly,FRED_IMF_PCPS,IMF Primary Commodity Prices System series,https://fred.stlouisfed.org/categories/32217,https://data.imf.org/en/datasets/IMF.STA:PCPS,2026-08-31T14:34:12.474268Z,none
2022-12-01,metals_price_index,energy-industrial,,,Global price index of metals,184.30437342,index_2016_100,monthly,FRED_IMF_PCPS,IMF Primary Commodity Prices System series,https://fred.stlouisfed.org/categories/32217,https://data.imf.org/en/datasets/IMF.STA:PCPS,2026-08-31T14:34:12.474268Z,none
2023-01-01,metals_price_index,energy-industrial,,,Global price index of metals,198.81945634,index_2016_100,monthly,FRED_IMF_PCPS,IMF Primary Commodity Prices System series,https://fred.stlouisfed.org/categories/32217,https://data.imf.org/en/datasets/IMF.STA:PCPS,2026-08-31T14:34:12.474268Z,none
2023-02-01,metals_price_index,energy-industrial,,,Global price index of metals,209.10457821,index_2016_100,monthly,FRED_IMF_PCPS,IMF Primary Commodity Prices System series,https://fred.stlouisfed.org/categories/32217,https://data.imf.org/en/datasets/IMF.STA:PCPS,2026-08-31T14:34:12.474268Z,none
2023-03-01,metals_price_index,energy-industrial,,,Global price index of metals,203.58140209,index_2016_100,monthly,FRED_IMF_PCPS,IMF Primary Commodity Prices System series,https://fred.stlouisfed.org/categories/32217,https://data.imf.org/en/datasets/IMF.STA:PCPS,2026-08-31T14:34:12.474268Z,none
2023-04-01,metals_price_index,energy-industrial,,,Global price index of metals,195.53035811,index_2016_100,monthly,FRED_IMF_PCPS,IMF Primary Commodity Prices System series,https://fred.stlouisfed.org/categories/32217,https://data.imf.org/en/datasets/IMF.STA:PCPS,2026-08-31T14:34:12.474268Z,none
2023-05-01,metals_price_index,energy-industrial,,,Global price index of metals,178.18428084,index_2016_100,monthly,FRED_IMF_PCPS,IMF Primary Commodity Prices System series,https://fred.stlouisfed.org/categories/32217,https://data.imf.org/en/datasets/IMF.STA:PCPS,2026-08-31T14:34:12.474268Z,none
2023-06-01,metals_price_index,energy-industrial,,,Global price index of metals,178.97604642,index_2016_100,monthly,FRED_IMF_PCPS,IMF Primary Commodity Prices System series,https://fred.stlouisfed.org/categories/32217,https://data.imf.org/en/datasets/IMF.STA:PCPS,2026-08-31T14:34:12.474268Z,none
2023-07-01,metals_price_index,energy-industrial,,,Global price index of metals,179.8834644,index_2016_100,monthly,FRED_IMF_PCPS,IMF Primary Commodity Prices System series,https://fred.stlouisfed.org/categories/32217,https://data.imf.org/en/datasets/IMF.STA:PCPS,2026-08-31T14:34:12.474268Z,none
2023-08-01,metals_price_index,energy-industrial,,,Global price index of metals,176.21646458,index_2016_100,monthly,FRED_IMF_PCPS,IMF Primary Commodity Prices System series,https://fred.stlouisfed.org/categories/32217,https://data.imf.org/en/datasets/IMF.STA:PCPS,2026-08-31T14:34:12.474268Z,none
2023-09-01,metals_price_index,energy-industrial,,,Global price index of metals,182.72881887,index_2016_100,monthly,FRED_IMF_PCPS,IMF Primary Commodity Prices System series,https://fred.stlouisfed.org/categories/32217,https://data.imf.org/en/datasets/IMF.STA:PCPS,2026-08-31T14:34:12.474268Z,none
2023-10-01,metals_price_index,energy-industrial,,,Global price index of metals,180.18395883,index_2016_100,monthly,FRED_IMF_PCPS,IMF Primary Commodity Prices System series,https://fred.stlouisfed.org/categories/32217,https://data.imf.org/en/datasets/IMF.STA:PCPS,2026-08-31T14:34:12.474268Z,none
2023-11-01,metals_price_index,energy-industrial,,,Global price index of metals,188.32253499,index_2016_100,monthly,FRED_IMF_PCPS,IMF Primary Commodity Prices System series,https://fred.stlouisfed.org/categories/32217,https://data.imf.org/en/datasets/IMF.STA:PCPS,2026-08-31T14:34:12.474268Z,none
2023-12-01,metals_price_index,energy-industrial,,,Global price index of metals,191.03945879,index_2016_100,monthly,FRED_IMF_PCPS,IMF Primary Commodity Prices System series,https://fred.stlouisfed.org/categories/32217,https://data.imf.org/en/datasets/IMF.STA:PCPS,2026-08-31T14:34:12.474268Z,none
2024-01-01,metals_price_index,energy-industrial,,,Global price index of metals,189.83613995,index_2016_100,monthly,FRED_IMF_PCPS,IMF Primary Commodity Prices System series,https://fred.stlouisfed.org/categories/32217,https://data.imf.org/en/datasets/IMF.STA:PCPS,2026-08-31T14:34:12.474268Z,none
2024-02-01,metals_price_index,energy-industrial,,,Global price index of metals,184.57060014,index_2016_100,monthly,FRED_IMF_PCPS,IMF Primary Commodity Prices System series,https://fred.stlouisfed.org/categories/32217,https://data.imf.org/en/datasets/IMF.STA:PCPS,2026-08-31T14:34:12.474268Z,none
2024-03-01,metals_price_index,energy-industrial,,,Global price index of metals,179.28754478,index_2016_100,monthly,FRED_IMF_PCPS,IMF Primary Commodity Prices System series,https://fred.stlouisfed.org/categories/32217,https://data.imf.org/en/datasets/IMF.STA:PCPS,2026-08-31T14:34:12.474268Z,none
2024-04-01,metals_price_index,energy-industrial,,,Global price index of metals,189.15322951,index_2016_100,monthly,FRED_IMF_PCPS,IMF Primary Commodity Prices System series,https://fred.stlouisfed.org/categories/32217,https://data.imf.org/en/datasets/IMF.STA:PCPS,2026-08-31T14:34:12.474268Z,none
2024-05-01,metals_price_index,energy-industrial,,,Global price index of metals,199.58616782,index_2016_100,monthly,FRED_IMF_PCPS,IMF Primary Commodity Prices System series,https://fred.stlouisfed.org/categories/32217,https://data.imf.org/en/datasets/IMF.STA:PCPS,2026-08-31T14:34:12.474268Z,none
2024-06-01,metals_price_index,energy-industrial,,,Global price index of metals,187.81540247,index_2016_100,monthly,FRED_IMF_PCPS,IMF Primary Commodity Prices System series,https://fred.stlouisfed.org/categories/32217,https://data.imf.org/en/datasets/IMF.STA:PCPS,2026-08-31T14:34:12.474268Z,none
2024-07-01,metals_price_index,energy-industrial,,,Global price index of metals,183.43491556,index_2016_100,monthly,FRED_IMF_PCPS,IMF Primary Commodity Prices System series,https://fred.stlouisfed.org/categories/32217,https://data.imf.org/en/datasets/IMF.STA:PCPS,2026-08-31T14:34:12.474268Z,none
2024-08-01,metals_price_index,energy-industrial,,,Global price index of metals,176.84454676,index_2016_100,monthly,FRED_IMF_PCPS,IMF Primary Commodity Prices System series,https://fred.stlouisfed.org/categories/32217,https://data.imf.org/en/datasets/IMF.STA:PCPS,2026-08-31T14:34:12.474268Z,none
2024-09-01,metals_price_index,energy-industrial,,,Global price index of metals,177.24399031,index_2016_100,monthly,FRED_IMF_PCPS,IMF Primary Commodity Prices System series,https://fred.stlouisfed.org/categories/32217,https://data.imf.org/en/datasets/IMF.STA:PCPS,2026-08-31T14:34:12.474268Z,none
2024-10-01,metals_price_index,energy-industrial,,,Global price index of metals,186.96421573,index_2016_100,monthly,FRED_IMF_PCPS,IMF Primary Commodity Prices System series,https://fred.stlouisfed.org/categories/32217,https://data.imf.org/en/datasets/IMF.STA:PCPS,2026-08-31T14:34:12.474268Z,none
2024-11-01,metals_price_index,energy-industrial,,,Global price index of metals,182.57629421,index_2016_100,monthly,FRED_IMF_PCPS,IMF Primary Commodity Prices System series,https://fred.stlouisfed.org/categories/32217,https://data.imf.org/en/datasets/IMF.STA:PCPS,2026-08-31T14:34:12.474268Z,none
2024-12-01,metals_price_index,energy-industrial,,,Global price index of metals,182.08071194,index_2016_100,monthly,FRED_IMF_PCPS,IMF Primary Commodity Prices System series,https://fred.stlouisfed.org/categories/32217,https://data.imf.org/en/datasets/IMF.STA:PCPS,2026-08-31T14:34:12.474268Z,none
2025-01-01,metals_price_index,energy-industrial,,,Global price index of metals,181.19443433,index_2016_100,monthly,FRED_IMF_PCPS,IMF Primary Commodity Prices System series,https://fred.stlouisfed.org/categories/32217,https://data.imf.org/en/datasets/IMF.STA:PCPS,2026-08-31T14:34:12.474268Z,none
2025-02-01,metals_price_index,energy-industrial,,,Global price index of metals,186.29039542,index_2016_100,monthly,FRED_IMF_PCPS,IMF Primary Commodity Prices System series,https://fred.stlouisfed.org/categories/32217,https://data.imf.org/en/datasets/IMF.STA:PCPS,2026-08-31T14:34:12.474268Z,none
2025-03-01,metals_price_index,energy-industrial,,,Global price index of metals,187.30927817,index_2016_100,monthly,FRED_IMF_PCPS,IMF Primary Commodity Prices System series,https://fred.stlouisfed.org/categories/32217,https://data.imf.org/en/datasets/IMF.STA:PCPS,2026-08-31T14:34:12.474268Z,none
2025-04-01,metals_price_index,energy-industrial,,,Global price index of metals,175.90374109,index_2016_100,monthly,FRED_IMF_PCPS,IMF Primary Commodity Prices System series,https://fred.stlouisfed.org/categories/32217,https://data.imf.org/en/datasets/IMF.STA:PCPS,2026-08-31T14:34:12.474268Z,none
2025-05-01,metals_price_index,energy-industrial,,,Global price index of metals,179.14121601,index_2016_100,monthly,FRED_IMF_PCPS,IMF Primary Commodity Prices System series,https://fred.stlouisfed.org/categories/32217,https://data.imf.org/en/datasets/IMF.STA:PCPS,2026-08-31T14:34:12.474268Z,none
2025-06-01,metals_price_index,energy-industrial,,,Global price index of metals,180.63194686,index_2016_100,monthly,FRED_IMF_PCPS,IMF Primary Commodity Prices System series,https://fred.stlouisfed.org/categories/32217,https://data.imf.org/en/datasets/IMF.STA:PCPS,2026-08-31T14:34:12.474268Z,none
2025-07-01,metals_price_index,energy-industrial,,,Global price index of metals,184.26407043,index_2016_100,monthly,FRED_IMF_PCPS,IMF Primary Commodity Prices System series,https://fred.stlouisfed.org/categories/32217,https://data.imf.org/en/datasets/IMF.STA:PCPS,2026-08-31T14:34:12.474268Z,none
2025-08-01,metals_price_index,energy-industrial,,,Global price index of metals,184.73271713,index_2016_100,monthly,FRED_IMF_PCPS,IMF Primary Commodity Prices System series,https://fred.stlouisfed.org/categories/32217,https://data.imf.org/en/datasets/IMF.STA:PCPS,2026-08-31T14:34:12.474268Z,none
2025-09-01,metals_price_index,energy-industrial,,,Global price index of metals,192.57542423,index_2016_100,monthly,FRED_IMF_PCPS,IMF Primary Commodity Prices System series,https://fred.stlouisfed.org/categories/32217,https://data.imf.org/en/datasets/IMF.STA:PCPS,2026-08-31T14:34:12.474268Z,none
2025-10-01,metals_price_index,energy-industrial,,,Global price index of metals,201.2900255,index_2016_100,monthly,FRED_IMF_PCPS,IMF Primary Commodity Prices System series,https://fred.stlouisfed.org/categories/32217,https://data.imf.org/en/datasets/IMF.STA:PCPS,2026-08-31T14:34:12.474268Z,none
2025-11-01,metals_price_index,energy-industrial,,,Global price index of metals,201.80095116,index_2016_100,monthly,FRED_IMF_PCPS,IMF Primary Commodity Prices System series,https://fred.stlouisfed.org/categories/32217,https://data.imf.org/en/datasets/IMF.STA:PCPS,2026-08-31T14:34:12.474268Z,none
2025-12-01,metals_price_index,energy-industrial,,,Global price index of metals,210.77113499,index_2016_100,monthly,FRED_IMF_PCPS,IMF Primary Commodity Prices System series,https://fred.stlouisfed.org/categories/32217,https://data.imf.org/en/datasets/IMF.STA:PCPS,2026-08-31T14:34:12.474268Z,none
2026-01-01,metals_price_index,energy-industrial,,,Global price index of metals,224.18401879,index_2016_100,monthly,FRED_IMF_PCPS,IMF Primary Commodity Prices System series,https://fred.stlouisfed.org/categories/32217,https://data.imf.org/en/datasets/IMF.STA:PCPS,2026-08-31T14:34:12.474268Z,none
2026-02-01,metals_price_index,energy-industrial,,,Global price index of metals,220.00530723,index_2016_100,monthly,FRED_IMF_PCPS,IMF Primary Commodity Prices System series,https://fred.stlouisfed.org/categories/32217,https://data.imf.org/en/datasets/IMF.STA:PCPS,2026-08-31T14:34:12.474268Z,none
2026-03-01,metals_price_index,energy-industrial,,,Global price index of metals,222.85374352,index_2016_100,monthly,FRED_IMF_PCPS,IMF Primary Commodity Prices System series,https://fred.stlouisfed.org/categories/32217,https://data.imf.org/en/datasets/IMF.STA:PCPS,2026-08-31T14:34:12.474268Z,none
2026-04-01,metals_price_index,energy-industrial,,,Global price index of metals,229.25880401,index_2016_100,monthly,FRED_IMF_PCPS,IMF Primary Commodity Prices System series,https://fred.stlouisfed.org/categories/32217,https://data.imf.org/en/datasets/IMF.STA:PCPS,2026-08-31T14:34:12.474268Z,none
2026-05-01,metals_price_index,energy-industrial,,,Global price index of metals,236.59105889,index_2016_100,monthly,FRED_IMF_PCPS,IMF Primary Commodity Prices System series,https://fred.stlouisfed.org/categories/32217,https://data.imf.org/en/datasets/IMF.STA:PCPS,2026-08-31T14:34:12.474268Z,none
2026-06-01,metals_price_index,energy-industrial,,,Global price index of metals,230.48698181,index_2016_100,monthly,FRED_IMF_PCPS,IMF Primary Commodity Prices System series,https://fred.stlouisfed.org/categories/32217,https://data.imf.org/en/datasets/IMF.STA:PCPS,2026-08-31T14:34:12.474268Z,none
2026-07-01,metals_price_index,energy-industrial,,,Global price index of metals,226.16951456,index_2016_100,monthly,FRED_IMF_PCPS,IMF Primary Commodity Prices System series,https://fred.stlouisfed.org/categories/32217,https://data.imf.org/en/datasets/IMF.STA:PCPS,2026-08-31T14:34:12.474268Z,none
