observation_date,series_id,tab_id,country_iso3,currency_iso3,label,value,unit,frequency,source_id,source_name,source_url,source_documentation_url,source_retrieved_at,transformation
2006-01-31,nga_inflation,africa,NGA,NGN,Nigeria inflation,10.70773464,percent,monthly,IMF_CPI,Consumer Price Index (CPI),https://api.imf.org/external/sdmx/3.0/data/dataflow/IMF.STA/CPI/latest/,https://data.imf.org/Datasets/CPI,2026-09-01T00:29:50.988761Z,none
2006-02-28,nga_inflation,africa,NGA,NGN,Nigeria inflation,10.83665939,percent,monthly,IMF_CPI,Consumer Price Index (CPI),https://api.imf.org/external/sdmx/3.0/data/dataflow/IMF.STA/CPI/latest/,https://data.imf.org/Datasets/CPI,2026-09-01T00:29:50.988761Z,none
2006-03-31,nga_inflation,africa,NGA,NGN,Nigeria inflation,12.03614547,percent,monthly,IMF_CPI,Consumer Price Index (CPI),https://api.imf.org/external/sdmx/3.0/data/dataflow/IMF.STA/CPI/latest/,https://data.imf.org/Datasets/CPI,2026-09-01T00:29:50.988761Z,none
2006-04-30,nga_inflation,africa,NGA,NGN,Nigeria inflation,12.56189921,percent,monthly,IMF_CPI,Consumer Price Index (CPI),https://api.imf.org/external/sdmx/3.0/data/dataflow/IMF.STA/CPI/latest/,https://data.imf.org/Datasets/CPI,2026-09-01T00:29:50.988761Z,none
2006-05-31,nga_inflation,africa,NGA,NGN,Nigeria inflation,10.54813121,percent,monthly,IMF_CPI,Consumer Price Index (CPI),https://api.imf.org/external/sdmx/3.0/data/dataflow/IMF.STA/CPI/latest/,https://data.imf.org/Datasets/CPI,2026-09-01T00:29:50.988761Z,none
2006-06-30,nga_inflation,africa,NGA,NGN,Nigeria inflation,8.488511,percent,monthly,IMF_CPI,Consumer Price Index (CPI),https://api.imf.org/external/sdmx/3.0/data/dataflow/IMF.STA/CPI/latest/,https://data.imf.org/Datasets/CPI,2026-09-01T00:29:50.988761Z,none
2006-07-31,nga_inflation,africa,NGA,NGN,Nigeria inflation,3.00255119,percent,monthly,IMF_CPI,Consumer Price Index (CPI),https://api.imf.org/external/sdmx/3.0/data/dataflow/IMF.STA/CPI/latest/,https://data.imf.org/Datasets/CPI,2026-09-01T00:29:50.988761Z,none
2006-08-31,nga_inflation,africa,NGA,NGN,Nigeria inflation,3.74696796,percent,monthly,IMF_CPI,Consumer Price Index (CPI),https://api.imf.org/external/sdmx/3.0/data/dataflow/IMF.STA/CPI/latest/,https://data.imf.org/Datasets/CPI,2026-09-01T00:29:50.988761Z,none
2006-09-30,nga_inflation,africa,NGA,NGN,Nigeria inflation,6.25203094,percent,monthly,IMF_CPI,Consumer Price Index (CPI),https://api.imf.org/external/sdmx/3.0/data/dataflow/IMF.STA/CPI/latest/,https://data.imf.org/Datasets/CPI,2026-09-01T00:29:50.988761Z,none
2006-10-31,nga_inflation,africa,NGA,NGN,Nigeria inflation,6.12516644,percent,monthly,IMF_CPI,Consumer Price Index (CPI),https://api.imf.org/external/sdmx/3.0/data/dataflow/IMF.STA/CPI/latest/,https://data.imf.org/Datasets/CPI,2026-09-01T00:29:50.988761Z,none
2006-11-30,nga_inflation,africa,NGA,NGN,Nigeria inflation,7.76143791,percent,monthly,IMF_CPI,Consumer Price Index (CPI),https://api.imf.org/external/sdmx/3.0/data/dataflow/IMF.STA/CPI/latest/,https://data.imf.org/Datasets/CPI,2026-09-01T00:29:50.988761Z,none
2006-12-31,nga_inflation,africa,NGA,NGN,Nigeria inflation,8.54872149,percent,monthly,IMF_CPI,Consumer Price Index (CPI),https://api.imf.org/external/sdmx/3.0/data/dataflow/IMF.STA/CPI/latest/,https://data.imf.org/Datasets/CPI,2026-09-01T00:29:50.988761Z,none
2007-01-31,nga_inflation,africa,NGA,NGN,Nigeria inflation,7.97376596,percent,monthly,IMF_CPI,Consumer Price Index (CPI),https://api.imf.org/external/sdmx/3.0/data/dataflow/IMF.STA/CPI/latest/,https://data.imf.org/Datasets/CPI,2026-09-01T00:29:50.988761Z,none
2007-02-28,nga_inflation,africa,NGA,NGN,Nigeria inflation,7.07976627,percent,monthly,IMF_CPI,Consumer Price Index (CPI),https://api.imf.org/external/sdmx/3.0/data/dataflow/IMF.STA/CPI/latest/,https://data.imf.org/Datasets/CPI,2026-09-01T00:29:50.988761Z,none
2007-03-31,nga_inflation,africa,NGA,NGN,Nigeria inflation,5.24923972,percent,monthly,IMF_CPI,Consumer Price Index (CPI),https://api.imf.org/external/sdmx/3.0/data/dataflow/IMF.STA/CPI/latest/,https://data.imf.org/Datasets/CPI,2026-09-01T00:29:50.988761Z,none
2007-04-30,nga_inflation,africa,NGA,NGN,Nigeria inflation,4.22462315,percent,monthly,IMF_CPI,Consumer Price Index (CPI),https://api.imf.org/external/sdmx/3.0/data/dataflow/IMF.STA/CPI/latest/,https://data.imf.org/Datasets/CPI,2026-09-01T00:29:50.988761Z,none
2007-05-31,nga_inflation,africa,NGA,NGN,Nigeria inflation,4.6350766,percent,monthly,IMF_CPI,Consumer Price Index (CPI),https://api.imf.org/external/sdmx/3.0/data/dataflow/IMF.STA/CPI/latest/,https://data.imf.org/Datasets/CPI,2026-09-01T00:29:50.988761Z,none
2007-06-30,nga_inflation,africa,NGA,NGN,Nigeria inflation,6.43176372,percent,monthly,IMF_CPI,Consumer Price Index (CPI),https://api.imf.org/external/sdmx/3.0/data/dataflow/IMF.STA/CPI/latest/,https://data.imf.org/Datasets/CPI,2026-09-01T00:29:50.988761Z,none
2007-07-31,nga_inflation,africa,NGA,NGN,Nigeria inflation,4.83297345,percent,monthly,IMF_CPI,Consumer Price Index (CPI),https://api.imf.org/external/sdmx/3.0/data/dataflow/IMF.STA/CPI/latest/,https://data.imf.org/Datasets/CPI,2026-09-01T00:29:50.988761Z,none
2007-08-31,nga_inflation,africa,NGA,NGN,Nigeria inflation,4.20845382,percent,monthly,IMF_CPI,Consumer Price Index (CPI),https://api.imf.org/external/sdmx/3.0/data/dataflow/IMF.STA/CPI/latest/,https://data.imf.org/Datasets/CPI,2026-09-01T00:29:50.988761Z,none
2007-09-30,nga_inflation,africa,NGA,NGN,Nigeria inflation,4.11645972,percent,monthly,IMF_CPI,Consumer Price Index (CPI),https://api.imf.org/external/sdmx/3.0/data/dataflow/IMF.STA/CPI/latest/,https://data.imf.org/Datasets/CPI,2026-09-01T00:29:50.988761Z,none
2007-10-31,nga_inflation,africa,NGA,NGN,Nigeria inflation,4.55457967,percent,monthly,IMF_CPI,Consumer Price Index (CPI),https://api.imf.org/external/sdmx/3.0/data/dataflow/IMF.STA/CPI/latest/,https://data.imf.org/Datasets/CPI,2026-09-01T00:29:50.988761Z,none
2007-11-30,nga_inflation,africa,NGA,NGN,Nigeria inflation,5.16173869,percent,monthly,IMF_CPI,Consumer Price Index (CPI),https://api.imf.org/external/sdmx/3.0/data/dataflow/IMF.STA/CPI/latest/,https://data.imf.org/Datasets/CPI,2026-09-01T00:29:50.988761Z,none
2007-12-31,nga_inflation,africa,NGA,NGN,Nigeria inflation,6.56395238,percent,monthly,IMF_CPI,Consumer Price Index (CPI),https://api.imf.org/external/sdmx/3.0/data/dataflow/IMF.STA/CPI/latest/,https://data.imf.org/Datasets/CPI,2026-09-01T00:29:50.988761Z,none
2008-01-31,nga_inflation,africa,NGA,NGN,Nigeria inflation,8.56777494,percent,monthly,IMF_CPI,Consumer Price Index (CPI),https://api.imf.org/external/sdmx/3.0/data/dataflow/IMF.STA/CPI/latest/,https://data.imf.org/Datasets/CPI,2026-09-01T00:29:50.988761Z,none
2008-02-29,nga_inflation,africa,NGA,NGN,Nigeria inflation,8.02664975,percent,monthly,IMF_CPI,Consumer Price Index (CPI),https://api.imf.org/external/sdmx/3.0/data/dataflow/IMF.STA/CPI/latest/,https://data.imf.org/Datasets/CPI,2026-09-01T00:29:50.988761Z,none
2008-03-31,nga_inflation,africa,NGA,NGN,Nigeria inflation,7.77638191,percent,monthly,IMF_CPI,Consumer Price Index (CPI),https://api.imf.org/external/sdmx/3.0/data/dataflow/IMF.STA/CPI/latest/,https://data.imf.org/Datasets/CPI,2026-09-01T00:29:50.988761Z,none
2008-04-30,nga_inflation,africa,NGA,NGN,Nigeria inflation,8.16883923,percent,monthly,IMF_CPI,Consumer Price Index (CPI),https://api.imf.org/external/sdmx/3.0/data/dataflow/IMF.STA/CPI/latest/,https://data.imf.org/Datasets/CPI,2026-09-01T00:29:50.988761Z,none
2008-05-31,nga_inflation,africa,NGA,NGN,Nigeria inflation,9.69974052,percent,monthly,IMF_CPI,Consumer Price Index (CPI),https://api.imf.org/external/sdmx/3.0/data/dataflow/IMF.STA/CPI/latest/,https://data.imf.org/Datasets/CPI,2026-09-01T00:29:50.988761Z,none
2008-06-30,nga_inflation,africa,NGA,NGN,Nigeria inflation,12.0496592,percent,monthly,IMF_CPI,Consumer Price Index (CPI),https://api.imf.org/external/sdmx/3.0/data/dataflow/IMF.STA/CPI/latest/,https://data.imf.org/Datasets/CPI,2026-09-01T00:29:50.988761Z,none
2008-07-31,nga_inflation,africa,NGA,NGN,Nigeria inflation,13.95165687,percent,monthly,IMF_CPI,Consumer Price Index (CPI),https://api.imf.org/external/sdmx/3.0/data/dataflow/IMF.STA/CPI/latest/,https://data.imf.org/Datasets/CPI,2026-09-01T00:29:50.988761Z,none
2008-08-31,nga_inflation,africa,NGA,NGN,Nigeria inflation,12.35756037,percent,monthly,IMF_CPI,Consumer Price Index (CPI),https://api.imf.org/external/sdmx/3.0/data/dataflow/IMF.STA/CPI/latest/,https://data.imf.org/Datasets/CPI,2026-09-01T00:29:50.988761Z,none
2008-09-30,nga_inflation,africa,NGA,NGN,Nigeria inflation,13.02432147,percent,monthly,IMF_CPI,Consumer Price Index (CPI),https://api.imf.org/external/sdmx/3.0/data/dataflow/IMF.STA/CPI/latest/,https://data.imf.org/Datasets/CPI,2026-09-01T00:29:50.988761Z,none
2008-10-31,nga_inflation,africa,NGA,NGN,Nigeria inflation,14.7425897,percent,monthly,IMF_CPI,Consumer Price Index (CPI),https://api.imf.org/external/sdmx/3.0/data/dataflow/IMF.STA/CPI/latest/,https://data.imf.org/Datasets/CPI,2026-09-01T00:29:50.988761Z,none
2008-11-30,nga_inflation,africa,NGA,NGN,Nigeria inflation,14.83328327,percent,monthly,IMF_CPI,Consumer Price Index (CPI),https://api.imf.org/external/sdmx/3.0/data/dataflow/IMF.STA/CPI/latest/,https://data.imf.org/Datasets/CPI,2026-09-01T00:29:50.988761Z,none
2008-12-31,nga_inflation,africa,NGA,NGN,Nigeria inflation,15.05556219,percent,monthly,IMF_CPI,Consumer Price Index (CPI),https://api.imf.org/external/sdmx/3.0/data/dataflow/IMF.STA/CPI/latest/,https://data.imf.org/Datasets/CPI,2026-09-01T00:29:50.988761Z,none
2009-01-31,nga_inflation,africa,NGA,NGN,Nigeria inflation,14.03415783,percent,monthly,IMF_CPI,Consumer Price Index (CPI),https://api.imf.org/external/sdmx/3.0/data/dataflow/IMF.STA/CPI/latest/,https://data.imf.org/Datasets/CPI,2026-09-01T00:29:50.988761Z,none
2009-02-28,nga_inflation,africa,NGA,NGN,Nigeria inflation,14.58443465,percent,monthly,IMF_CPI,Consumer Price Index (CPI),https://api.imf.org/external/sdmx/3.0/data/dataflow/IMF.STA/CPI/latest/,https://data.imf.org/Datasets/CPI,2026-09-01T00:29:50.988761Z,none
2009-03-31,nga_inflation,africa,NGA,NGN,Nigeria inflation,14.36647628,percent,monthly,IMF_CPI,Consumer Price Index (CPI),https://api.imf.org/external/sdmx/3.0/data/dataflow/IMF.STA/CPI/latest/,https://data.imf.org/Datasets/CPI,2026-09-01T00:29:50.988761Z,none
2009-04-30,nga_inflation,africa,NGA,NGN,Nigeria inflation,13.26753128,percent,monthly,IMF_CPI,Consumer Price Index (CPI),https://api.imf.org/external/sdmx/3.0/data/dataflow/IMF.STA/CPI/latest/,https://data.imf.org/Datasets/CPI,2026-09-01T00:29:50.988761Z,none
2009-05-31,nga_inflation,africa,NGA,NGN,Nigeria inflation,13.21243523,percent,monthly,IMF_CPI,Consumer Price Index (CPI),https://api.imf.org/external/sdmx/3.0/data/dataflow/IMF.STA/CPI/latest/,https://data.imf.org/Datasets/CPI,2026-09-01T00:29:50.988761Z,none
2009-06-30,nga_inflation,africa,NGA,NGN,Nigeria inflation,11.19378666,percent,monthly,IMF_CPI,Consumer Price Index (CPI),https://api.imf.org/external/sdmx/3.0/data/dataflow/IMF.STA/CPI/latest/,https://data.imf.org/Datasets/CPI,2026-09-01T00:29:50.988761Z,none
2009-07-31,nga_inflation,africa,NGA,NGN,Nigeria inflation,11.08984583,percent,monthly,IMF_CPI,Consumer Price Index (CPI),https://api.imf.org/external/sdmx/3.0/data/dataflow/IMF.STA/CPI/latest/,https://data.imf.org/Datasets/CPI,2026-09-01T00:29:50.988761Z,none
2009-08-31,nga_inflation,africa,NGA,NGN,Nigeria inflation,11.04571729,percent,monthly,IMF_CPI,Consumer Price Index (CPI),https://api.imf.org/external/sdmx/3.0/data/dataflow/IMF.STA/CPI/latest/,https://data.imf.org/Datasets/CPI,2026-09-01T00:29:50.988761Z,none
2009-09-30,nga_inflation,africa,NGA,NGN,Nigeria inflation,10.39035293,percent,monthly,IMF_CPI,Consumer Price Index (CPI),https://api.imf.org/external/sdmx/3.0/data/dataflow/IMF.STA/CPI/latest/,https://data.imf.org/Datasets/CPI,2026-09-01T00:29:50.988761Z,none
2009-10-31,nga_inflation,africa,NGA,NGN,Nigeria inflation,11.58813994,percent,monthly,IMF_CPI,Consumer Price Index (CPI),https://api.imf.org/external/sdmx/3.0/data/dataflow/IMF.STA/CPI/latest/,https://data.imf.org/Datasets/CPI,2026-09-01T00:29:50.988761Z,none
2009-11-30,nga_inflation,africa,NGA,NGN,Nigeria inflation,12.36789788,percent,monthly,IMF_CPI,Consumer Price Index (CPI),https://api.imf.org/external/sdmx/3.0/data/dataflow/IMF.STA/CPI/latest/,https://data.imf.org/Datasets/CPI,2026-09-01T00:29:50.988761Z,none
2009-12-31,nga_inflation,africa,NGA,NGN,Nigeria inflation,13.92956037,percent,monthly,IMF_CPI,Consumer Price Index (CPI),https://api.imf.org/external/sdmx/3.0/data/dataflow/IMF.STA/CPI/latest/,https://data.imf.org/Datasets/CPI,2026-09-01T00:29:50.988761Z,none
2010-01-31,nga_inflation,africa,NGA,NGN,Nigeria inflation,14.39766097,percent,monthly,IMF_CPI,Consumer Price Index (CPI),https://api.imf.org/external/sdmx/3.0/data/dataflow/IMF.STA/CPI/latest/,https://data.imf.org/Datasets/CPI,2026-09-01T00:29:50.988761Z,none
2010-02-28,nga_inflation,africa,NGA,NGN,Nigeria inflation,15.64871761,percent,monthly,IMF_CPI,Consumer Price Index (CPI),https://api.imf.org/external/sdmx/3.0/data/dataflow/IMF.STA/CPI/latest/,https://data.imf.org/Datasets/CPI,2026-09-01T00:29:50.988761Z,none
2010-03-31,nga_inflation,africa,NGA,NGN,Nigeria inflation,14.81175141,percent,monthly,IMF_CPI,Consumer Price Index (CPI),https://api.imf.org/external/sdmx/3.0/data/dataflow/IMF.STA/CPI/latest/,https://data.imf.org/Datasets/CPI,2026-09-01T00:29:50.988761Z,none
2010-04-30,nga_inflation,africa,NGA,NGN,Nigeria inflation,15.04380883,percent,monthly,IMF_CPI,Consumer Price Index (CPI),https://api.imf.org/external/sdmx/3.0/data/dataflow/IMF.STA/CPI/latest/,https://data.imf.org/Datasets/CPI,2026-09-01T00:29:50.988761Z,none
2010-05-31,nga_inflation,africa,NGA,NGN,Nigeria inflation,12.91496679,percent,monthly,IMF_CPI,Consumer Price Index (CPI),https://api.imf.org/external/sdmx/3.0/data/dataflow/IMF.STA/CPI/latest/,https://data.imf.org/Datasets/CPI,2026-09-01T00:29:50.988761Z,none
2010-06-30,nga_inflation,africa,NGA,NGN,Nigeria inflation,14.09892444,percent,monthly,IMF_CPI,Consumer Price Index (CPI),https://api.imf.org/external/sdmx/3.0/data/dataflow/IMF.STA/CPI/latest/,https://data.imf.org/Datasets/CPI,2026-09-01T00:29:50.988761Z,none
2010-07-31,nga_inflation,africa,NGA,NGN,Nigeria inflation,13.00207312,percent,monthly,IMF_CPI,Consumer Price Index (CPI),https://api.imf.org/external/sdmx/3.0/data/dataflow/IMF.STA/CPI/latest/,https://data.imf.org/Datasets/CPI,2026-09-01T00:29:50.988761Z,none
2010-08-31,nga_inflation,africa,NGA,NGN,Nigeria inflation,13.70167802,percent,monthly,IMF_CPI,Consumer Price Index (CPI),https://api.imf.org/external/sdmx/3.0/data/dataflow/IMF.STA/CPI/latest/,https://data.imf.org/Datasets/CPI,2026-09-01T00:29:50.988761Z,none
2010-09-30,nga_inflation,africa,NGA,NGN,Nigeria inflation,13.64995009,percent,monthly,IMF_CPI,Consumer Price Index (CPI),https://api.imf.org/external/sdmx/3.0/data/dataflow/IMF.STA/CPI/latest/,https://data.imf.org/Datasets/CPI,2026-09-01T00:29:50.988761Z,none
2010-10-31,nga_inflation,africa,NGA,NGN,Nigeria inflation,13.44965385,percent,monthly,IMF_CPI,Consumer Price Index (CPI),https://api.imf.org/external/sdmx/3.0/data/dataflow/IMF.STA/CPI/latest/,https://data.imf.org/Datasets/CPI,2026-09-01T00:29:50.988761Z,none
2010-11-30,nga_inflation,africa,NGA,NGN,Nigeria inflation,12.76600373,percent,monthly,IMF_CPI,Consumer Price Index (CPI),https://api.imf.org/external/sdmx/3.0/data/dataflow/IMF.STA/CPI/latest/,https://data.imf.org/Datasets/CPI,2026-09-01T00:29:50.988761Z,none
2010-12-31,nga_inflation,africa,NGA,NGN,Nigeria inflation,11.81532331,percent,monthly,IMF_CPI,Consumer Price Index (CPI),https://api.imf.org/external/sdmx/3.0/data/dataflow/IMF.STA/CPI/latest/,https://data.imf.org/Datasets/CPI,2026-09-01T00:29:50.988761Z,none
2011-01-31,nga_inflation,africa,NGA,NGN,Nigeria inflation,12.07966546,percent,monthly,IMF_CPI,Consumer Price Index (CPI),https://api.imf.org/external/sdmx/3.0/data/dataflow/IMF.STA/CPI/latest/,https://data.imf.org/Datasets/CPI,2026-09-01T00:29:50.988761Z,none
2011-02-28,nga_inflation,africa,NGA,NGN,Nigeria inflation,11.09983663,percent,monthly,IMF_CPI,Consumer Price Index (CPI),https://api.imf.org/external/sdmx/3.0/data/dataflow/IMF.STA/CPI/latest/,https://data.imf.org/Datasets/CPI,2026-09-01T00:29:50.988761Z,none
2011-03-31,nga_inflation,africa,NGA,NGN,Nigeria inflation,12.77912837,percent,monthly,IMF_CPI,Consumer Price Index (CPI),https://api.imf.org/external/sdmx/3.0/data/dataflow/IMF.STA/CPI/latest/,https://data.imf.org/Datasets/CPI,2026-09-01T00:29:50.988761Z,none
2011-04-30,nga_inflation,africa,NGA,NGN,Nigeria inflation,11.29128164,percent,monthly,IMF_CPI,Consumer Price Index (CPI),https://api.imf.org/external/sdmx/3.0/data/dataflow/IMF.STA/CPI/latest/,https://data.imf.org/Datasets/CPI,2026-09-01T00:29:50.988761Z,none
2011-05-31,nga_inflation,africa,NGA,NGN,Nigeria inflation,12.35212784,percent,monthly,IMF_CPI,Consumer Price Index (CPI),https://api.imf.org/external/sdmx/3.0/data/dataflow/IMF.STA/CPI/latest/,https://data.imf.org/Datasets/CPI,2026-09-01T00:29:50.988761Z,none
2011-06-30,nga_inflation,africa,NGA,NGN,Nigeria inflation,10.23018265,percent,monthly,IMF_CPI,Consumer Price Index (CPI),https://api.imf.org/external/sdmx/3.0/data/dataflow/IMF.STA/CPI/latest/,https://data.imf.org/Datasets/CPI,2026-09-01T00:29:50.988761Z,none
2011-07-31,nga_inflation,africa,NGA,NGN,Nigeria inflation,9.39738339,percent,monthly,IMF_CPI,Consumer Price Index (CPI),https://api.imf.org/external/sdmx/3.0/data/dataflow/IMF.STA/CPI/latest/,https://data.imf.org/Datasets/CPI,2026-09-01T00:29:50.988761Z,none
2011-08-31,nga_inflation,africa,NGA,NGN,Nigeria inflation,9.3007228,percent,monthly,IMF_CPI,Consumer Price Index (CPI),https://api.imf.org/external/sdmx/3.0/data/dataflow/IMF.STA/CPI/latest/,https://data.imf.org/Datasets/CPI,2026-09-01T00:29:50.988761Z,none
2011-09-30,nga_inflation,africa,NGA,NGN,Nigeria inflation,10.33903185,percent,monthly,IMF_CPI,Consumer Price Index (CPI),https://api.imf.org/external/sdmx/3.0/data/dataflow/IMF.STA/CPI/latest/,https://data.imf.org/Datasets/CPI,2026-09-01T00:29:50.988761Z,none
2011-10-31,nga_inflation,africa,NGA,NGN,Nigeria inflation,10.5444484,percent,monthly,IMF_CPI,Consumer Price Index (CPI),https://api.imf.org/external/sdmx/3.0/data/dataflow/IMF.STA/CPI/latest/,https://data.imf.org/Datasets/CPI,2026-09-01T00:29:50.988761Z,none
2011-11-30,nga_inflation,africa,NGA,NGN,Nigeria inflation,10.54000511,percent,monthly,IMF_CPI,Consumer Price Index (CPI),https://api.imf.org/external/sdmx/3.0/data/dataflow/IMF.STA/CPI/latest/,https://data.imf.org/Datasets/CPI,2026-09-01T00:29:50.988761Z,none
2011-12-31,nga_inflation,africa,NGA,NGN,Nigeria inflation,10.28302596,percent,monthly,IMF_CPI,Consumer Price Index (CPI),https://api.imf.org/external/sdmx/3.0/data/dataflow/IMF.STA/CPI/latest/,https://data.imf.org/Datasets/CPI,2026-09-01T00:29:50.988761Z,none
2012-01-31,nga_inflation,africa,NGA,NGN,Nigeria inflation,12.62596924,percent,monthly,IMF_CPI,Consumer Price Index (CPI),https://api.imf.org/external/sdmx/3.0/data/dataflow/IMF.STA/CPI/latest/,https://data.imf.org/Datasets/CPI,2026-09-01T00:29:50.988761Z,none
2012-02-29,nga_inflation,africa,NGA,NGN,Nigeria inflation,11.86568599,percent,monthly,IMF_CPI,Consumer Price Index (CPI),https://api.imf.org/external/sdmx/3.0/data/dataflow/IMF.STA/CPI/latest/,https://data.imf.org/Datasets/CPI,2026-09-01T00:29:50.988761Z,none
2012-03-31,nga_inflation,africa,NGA,NGN,Nigeria inflation,12.1108986,percent,monthly,IMF_CPI,Consumer Price Index (CPI),https://api.imf.org/external/sdmx/3.0/data/dataflow/IMF.STA/CPI/latest/,https://data.imf.org/Datasets/CPI,2026-09-01T00:29:50.988761Z,none
2012-04-30,nga_inflation,africa,NGA,NGN,Nigeria inflation,12.86566161,percent,monthly,IMF_CPI,Consumer Price Index (CPI),https://api.imf.org/external/sdmx/3.0/data/dataflow/IMF.STA/CPI/latest/,https://data.imf.org/Datasets/CPI,2026-09-01T00:29:50.988761Z,none
2012-05-31,nga_inflation,africa,NGA,NGN,Nigeria inflation,12.68829751,percent,monthly,IMF_CPI,Consumer Price Index (CPI),https://api.imf.org/external/sdmx/3.0/data/dataflow/IMF.STA/CPI/latest/,https://data.imf.org/Datasets/CPI,2026-09-01T00:29:50.988761Z,none
2012-06-30,nga_inflation,africa,NGA,NGN,Nigeria inflation,12.89198092,percent,monthly,IMF_CPI,Consumer Price Index (CPI),https://api.imf.org/external/sdmx/3.0/data/dataflow/IMF.STA/CPI/latest/,https://data.imf.org/Datasets/CPI,2026-09-01T00:29:50.988761Z,none
2012-07-31,nga_inflation,africa,NGA,NGN,Nigeria inflation,12.79687673,percent,monthly,IMF_CPI,Consumer Price Index (CPI),https://api.imf.org/external/sdmx/3.0/data/dataflow/IMF.STA/CPI/latest/,https://data.imf.org/Datasets/CPI,2026-09-01T00:29:50.988761Z,none
2012-08-31,nga_inflation,africa,NGA,NGN,Nigeria inflation,11.68927235,percent,monthly,IMF_CPI,Consumer Price Index (CPI),https://api.imf.org/external/sdmx/3.0/data/dataflow/IMF.STA/CPI/latest/,https://data.imf.org/Datasets/CPI,2026-09-01T00:29:50.988761Z,none
2012-09-30,nga_inflation,africa,NGA,NGN,Nigeria inflation,11.25299073,percent,monthly,IMF_CPI,Consumer Price Index (CPI),https://api.imf.org/external/sdmx/3.0/data/dataflow/IMF.STA/CPI/latest/,https://data.imf.org/Datasets/CPI,2026-09-01T00:29:50.988761Z,none
2012-10-31,nga_inflation,africa,NGA,NGN,Nigeria inflation,11.69337676,percent,monthly,IMF_CPI,Consumer Price Index (CPI),https://api.imf.org/external/sdmx/3.0/data/dataflow/IMF.STA/CPI/latest/,https://data.imf.org/Datasets/CPI,2026-09-01T00:29:50.988761Z,none
2012-11-30,nga_inflation,africa,NGA,NGN,Nigeria inflation,12.32006942,percent,monthly,IMF_CPI,Consumer Price Index (CPI),https://api.imf.org/external/sdmx/3.0/data/dataflow/IMF.STA/CPI/latest/,https://data.imf.org/Datasets/CPI,2026-09-01T00:29:50.988761Z,none
2012-12-31,nga_inflation,africa,NGA,NGN,Nigeria inflation,11.98108448,percent,monthly,IMF_CPI,Consumer Price Index (CPI),https://api.imf.org/external/sdmx/3.0/data/dataflow/IMF.STA/CPI/latest/,https://data.imf.org/Datasets/CPI,2026-09-01T00:29:50.988761Z,none
2013-01-31,nga_inflation,africa,NGA,NGN,Nigeria inflation,9.0312281,percent,monthly,IMF_CPI,Consumer Price Index (CPI),https://api.imf.org/external/sdmx/3.0/data/dataflow/IMF.STA/CPI/latest/,https://data.imf.org/Datasets/CPI,2026-09-01T00:29:50.988761Z,none
2013-02-28,nga_inflation,africa,NGA,NGN,Nigeria inflation,9.54196903,percent,monthly,IMF_CPI,Consumer Price Index (CPI),https://api.imf.org/external/sdmx/3.0/data/dataflow/IMF.STA/CPI/latest/,https://data.imf.org/Datasets/CPI,2026-09-01T00:29:50.988761Z,none
2013-03-31,nga_inflation,africa,NGA,NGN,Nigeria inflation,8.59327989,percent,monthly,IMF_CPI,Consumer Price Index (CPI),https://api.imf.org/external/sdmx/3.0/data/dataflow/IMF.STA/CPI/latest/,https://data.imf.org/Datasets/CPI,2026-09-01T00:29:50.988761Z,none
2013-04-30,nga_inflation,africa,NGA,NGN,Nigeria inflation,9.05152417,percent,monthly,IMF_CPI,Consumer Price Index (CPI),https://api.imf.org/external/sdmx/3.0/data/dataflow/IMF.STA/CPI/latest/,https://data.imf.org/Datasets/CPI,2026-09-01T00:29:50.988761Z,none
2013-05-31,nga_inflation,africa,NGA,NGN,Nigeria inflation,8.96389221,percent,monthly,IMF_CPI,Consumer Price Index (CPI),https://api.imf.org/external/sdmx/3.0/data/dataflow/IMF.STA/CPI/latest/,https://data.imf.org/Datasets/CPI,2026-09-01T00:29:50.988761Z,none
2013-06-30,nga_inflation,africa,NGA,NGN,Nigeria inflation,8.35315627,percent,monthly,IMF_CPI,Consumer Price Index (CPI),https://api.imf.org/external/sdmx/3.0/data/dataflow/IMF.STA/CPI/latest/,https://data.imf.org/Datasets/CPI,2026-09-01T00:29:50.988761Z,none
2013-07-31,nga_inflation,africa,NGA,NGN,Nigeria inflation,8.68226119,percent,monthly,IMF_CPI,Consumer Price Index (CPI),https://api.imf.org/external/sdmx/3.0/data/dataflow/IMF.STA/CPI/latest/,https://data.imf.org/Datasets/CPI,2026-09-01T00:29:50.988761Z,none
2013-08-31,nga_inflation,africa,NGA,NGN,Nigeria inflation,8.23081578,percent,monthly,IMF_CPI,Consumer Price Index (CPI),https://api.imf.org/external/sdmx/3.0/data/dataflow/IMF.STA/CPI/latest/,https://data.imf.org/Datasets/CPI,2026-09-01T00:29:50.988761Z,none
2013-09-30,nga_inflation,africa,NGA,NGN,Nigeria inflation,7.95191359,percent,monthly,IMF_CPI,Consumer Price Index (CPI),https://api.imf.org/external/sdmx/3.0/data/dataflow/IMF.STA/CPI/latest/,https://data.imf.org/Datasets/CPI,2026-09-01T00:29:50.988761Z,none
2013-10-31,nga_inflation,africa,NGA,NGN,Nigeria inflation,7.80724852,percent,monthly,IMF_CPI,Consumer Price Index (CPI),https://api.imf.org/external/sdmx/3.0/data/dataflow/IMF.STA/CPI/latest/,https://data.imf.org/Datasets/CPI,2026-09-01T00:29:50.988761Z,none
2013-11-30,nga_inflation,africa,NGA,NGN,Nigeria inflation,7.93139727,percent,monthly,IMF_CPI,Consumer Price Index (CPI),https://api.imf.org/external/sdmx/3.0/data/dataflow/IMF.STA/CPI/latest/,https://data.imf.org/Datasets/CPI,2026-09-01T00:29:50.988761Z,none
2013-12-31,nga_inflation,africa,NGA,NGN,Nigeria inflation,7.95688078,percent,monthly,IMF_CPI,Consumer Price Index (CPI),https://api.imf.org/external/sdmx/3.0/data/dataflow/IMF.STA/CPI/latest/,https://data.imf.org/Datasets/CPI,2026-09-01T00:29:50.988761Z,none
2014-01-31,nga_inflation,africa,NGA,NGN,Nigeria inflation,7.9765451,percent,monthly,IMF_CPI,Consumer Price Index (CPI),https://api.imf.org/external/sdmx/3.0/data/dataflow/IMF.STA/CPI/latest/,https://data.imf.org/Datasets/CPI,2026-09-01T00:29:50.988761Z,none
2014-02-28,nga_inflation,africa,NGA,NGN,Nigeria inflation,7.70705081,percent,monthly,IMF_CPI,Consumer Price Index (CPI),https://api.imf.org/external/sdmx/3.0/data/dataflow/IMF.STA/CPI/latest/,https://data.imf.org/Datasets/CPI,2026-09-01T00:29:50.988761Z,none
2014-03-31,nga_inflation,africa,NGA,NGN,Nigeria inflation,7.78337366,percent,monthly,IMF_CPI,Consumer Price Index (CPI),https://api.imf.org/external/sdmx/3.0/data/dataflow/IMF.STA/CPI/latest/,https://data.imf.org/Datasets/CPI,2026-09-01T00:29:50.988761Z,none
2014-04-30,nga_inflation,africa,NGA,NGN,Nigeria inflation,7.85123512,percent,monthly,IMF_CPI,Consumer Price Index (CPI),https://api.imf.org/external/sdmx/3.0/data/dataflow/IMF.STA/CPI/latest/,https://data.imf.org/Datasets/CPI,2026-09-01T00:29:50.988761Z,none
2014-05-31,nga_inflation,africa,NGA,NGN,Nigeria inflation,7.96458778,percent,monthly,IMF_CPI,Consumer Price Index (CPI),https://api.imf.org/external/sdmx/3.0/data/dataflow/IMF.STA/CPI/latest/,https://data.imf.org/Datasets/CPI,2026-09-01T00:29:50.988761Z,none
2014-06-30,nga_inflation,africa,NGA,NGN,Nigeria inflation,8.16667055,percent,monthly,IMF_CPI,Consumer Price Index (CPI),https://api.imf.org/external/sdmx/3.0/data/dataflow/IMF.STA/CPI/latest/,https://data.imf.org/Datasets/CPI,2026-09-01T00:29:50.988761Z,none
2014-07-31,nga_inflation,africa,NGA,NGN,Nigeria inflation,8.28118392,percent,monthly,IMF_CPI,Consumer Price Index (CPI),https://api.imf.org/external/sdmx/3.0/data/dataflow/IMF.STA/CPI/latest/,https://data.imf.org/Datasets/CPI,2026-09-01T00:29:50.988761Z,none
2014-08-31,nga_inflation,africa,NGA,NGN,Nigeria inflation,8.53433023,percent,monthly,IMF_CPI,Consumer Price Index (CPI),https://api.imf.org/external/sdmx/3.0/data/dataflow/IMF.STA/CPI/latest/,https://data.imf.org/Datasets/CPI,2026-09-01T00:29:50.988761Z,none
2014-09-30,nga_inflation,africa,NGA,NGN,Nigeria inflation,8.31672006,percent,monthly,IMF_CPI,Consumer Price Index (CPI),https://api.imf.org/external/sdmx/3.0/data/dataflow/IMF.STA/CPI/latest/,https://data.imf.org/Datasets/CPI,2026-09-01T00:29:50.988761Z,none
2014-10-31,nga_inflation,africa,NGA,NGN,Nigeria inflation,8.06026218,percent,monthly,IMF_CPI,Consumer Price Index (CPI),https://api.imf.org/external/sdmx/3.0/data/dataflow/IMF.STA/CPI/latest/,https://data.imf.org/Datasets/CPI,2026-09-01T00:29:50.988761Z,none
2014-11-30,nga_inflation,africa,NGA,NGN,Nigeria inflation,7.92702555,percent,monthly,IMF_CPI,Consumer Price Index (CPI),https://api.imf.org/external/sdmx/3.0/data/dataflow/IMF.STA/CPI/latest/,https://data.imf.org/Datasets/CPI,2026-09-01T00:29:50.988761Z,none
2014-12-31,nga_inflation,africa,NGA,NGN,Nigeria inflation,7.97829705,percent,monthly,IMF_CPI,Consumer Price Index (CPI),https://api.imf.org/external/sdmx/3.0/data/dataflow/IMF.STA/CPI/latest/,https://data.imf.org/Datasets/CPI,2026-09-01T00:29:50.988761Z,none
2015-01-31,nga_inflation,africa,NGA,NGN,Nigeria inflation,8.15705624,percent,monthly,IMF_CPI,Consumer Price Index (CPI),https://api.imf.org/external/sdmx/3.0/data/dataflow/IMF.STA/CPI/latest/,https://data.imf.org/Datasets/CPI,2026-09-01T00:29:50.988761Z,none
2015-02-28,nga_inflation,africa,NGA,NGN,Nigeria inflation,8.35889219,percent,monthly,IMF_CPI,Consumer Price Index (CPI),https://api.imf.org/external/sdmx/3.0/data/dataflow/IMF.STA/CPI/latest/,https://data.imf.org/Datasets/CPI,2026-09-01T00:29:50.988761Z,none
2015-03-31,nga_inflation,africa,NGA,NGN,Nigeria inflation,8.4935973,percent,monthly,IMF_CPI,Consumer Price Index (CPI),https://api.imf.org/external/sdmx/3.0/data/dataflow/IMF.STA/CPI/latest/,https://data.imf.org/Datasets/CPI,2026-09-01T00:29:50.988761Z,none
2015-04-30,nga_inflation,africa,NGA,NGN,Nigeria inflation,8.65516868,percent,monthly,IMF_CPI,Consumer Price Index (CPI),https://api.imf.org/external/sdmx/3.0/data/dataflow/IMF.STA/CPI/latest/,https://data.imf.org/Datasets/CPI,2026-09-01T00:29:50.988761Z,none
2015-05-31,nga_inflation,africa,NGA,NGN,Nigeria inflation,9.00313031,percent,monthly,IMF_CPI,Consumer Price Index (CPI),https://api.imf.org/external/sdmx/3.0/data/dataflow/IMF.STA/CPI/latest/,https://data.imf.org/Datasets/CPI,2026-09-01T00:29:50.988761Z,none
2015-06-30,nga_inflation,africa,NGA,NGN,Nigeria inflation,9.16771922,percent,monthly,IMF_CPI,Consumer Price Index (CPI),https://api.imf.org/external/sdmx/3.0/data/dataflow/IMF.STA/CPI/latest/,https://data.imf.org/Datasets/CPI,2026-09-01T00:29:50.988761Z,none
2015-07-31,nga_inflation,africa,NGA,NGN,Nigeria inflation,9.21792361,percent,monthly,IMF_CPI,Consumer Price Index (CPI),https://api.imf.org/external/sdmx/3.0/data/dataflow/IMF.STA/CPI/latest/,https://data.imf.org/Datasets/CPI,2026-09-01T00:29:50.988761Z,none
2015-08-31,nga_inflation,africa,NGA,NGN,Nigeria inflation,9.33565116,percent,monthly,IMF_CPI,Consumer Price Index (CPI),https://api.imf.org/external/sdmx/3.0/data/dataflow/IMF.STA/CPI/latest/,https://data.imf.org/Datasets/CPI,2026-09-01T00:29:50.988761Z,none
2015-09-30,nga_inflation,africa,NGA,NGN,Nigeria inflation,9.39405333,percent,monthly,IMF_CPI,Consumer Price Index (CPI),https://api.imf.org/external/sdmx/3.0/data/dataflow/IMF.STA/CPI/latest/,https://data.imf.org/Datasets/CPI,2026-09-01T00:29:50.988761Z,none
2015-10-31,nga_inflation,africa,NGA,NGN,Nigeria inflation,9.29586023,percent,monthly,IMF_CPI,Consumer Price Index (CPI),https://api.imf.org/external/sdmx/3.0/data/dataflow/IMF.STA/CPI/latest/,https://data.imf.org/Datasets/CPI,2026-09-01T00:29:50.988761Z,none
2015-11-30,nga_inflation,africa,NGA,NGN,Nigeria inflation,9.3681621,percent,monthly,IMF_CPI,Consumer Price Index (CPI),https://api.imf.org/external/sdmx/3.0/data/dataflow/IMF.STA/CPI/latest/,https://data.imf.org/Datasets/CPI,2026-09-01T00:29:50.988761Z,none
2015-12-31,nga_inflation,africa,NGA,NGN,Nigeria inflation,9.55390511,percent,monthly,IMF_CPI,Consumer Price Index (CPI),https://api.imf.org/external/sdmx/3.0/data/dataflow/IMF.STA/CPI/latest/,https://data.imf.org/Datasets/CPI,2026-09-01T00:29:50.988761Z,none
2016-01-31,nga_inflation,africa,NGA,NGN,Nigeria inflation,9.61670449,percent,monthly,IMF_CPI,Consumer Price Index (CPI),https://api.imf.org/external/sdmx/3.0/data/dataflow/IMF.STA/CPI/latest/,https://data.imf.org/Datasets/CPI,2026-09-01T00:29:50.988761Z,none
2016-02-29,nga_inflation,africa,NGA,NGN,Nigeria inflation,11.37904091,percent,monthly,IMF_CPI,Consumer Price Index (CPI),https://api.imf.org/external/sdmx/3.0/data/dataflow/IMF.STA/CPI/latest/,https://data.imf.org/Datasets/CPI,2026-09-01T00:29:50.988761Z,none
2016-03-31,nga_inflation,africa,NGA,NGN,Nigeria inflation,12.77470978,percent,monthly,IMF_CPI,Consumer Price Index (CPI),https://api.imf.org/external/sdmx/3.0/data/dataflow/IMF.STA/CPI/latest/,https://data.imf.org/Datasets/CPI,2026-09-01T00:29:50.988761Z,none
2016-04-30,nga_inflation,africa,NGA,NGN,Nigeria inflation,13.72104445,percent,monthly,IMF_CPI,Consumer Price Index (CPI),https://api.imf.org/external/sdmx/3.0/data/dataflow/IMF.STA/CPI/latest/,https://data.imf.org/Datasets/CPI,2026-09-01T00:29:50.988761Z,none
2016-05-31,nga_inflation,africa,NGA,NGN,Nigeria inflation,15.57726511,percent,monthly,IMF_CPI,Consumer Price Index (CPI),https://api.imf.org/external/sdmx/3.0/data/dataflow/IMF.STA/CPI/latest/,https://data.imf.org/Datasets/CPI,2026-09-01T00:29:50.988761Z,none
2016-06-30,nga_inflation,africa,NGA,NGN,Nigeria inflation,16.48016251,percent,monthly,IMF_CPI,Consumer Price Index (CPI),https://api.imf.org/external/sdmx/3.0/data/dataflow/IMF.STA/CPI/latest/,https://data.imf.org/Datasets/CPI,2026-09-01T00:29:50.988761Z,none
2016-07-31,nga_inflation,africa,NGA,NGN,Nigeria inflation,17.12666284,percent,monthly,IMF_CPI,Consumer Price Index (CPI),https://api.imf.org/external/sdmx/3.0/data/dataflow/IMF.STA/CPI/latest/,https://data.imf.org/Datasets/CPI,2026-09-01T00:29:50.988761Z,none
2016-08-31,nga_inflation,africa,NGA,NGN,Nigeria inflation,17.60932017,percent,monthly,IMF_CPI,Consumer Price Index (CPI),https://api.imf.org/external/sdmx/3.0/data/dataflow/IMF.STA/CPI/latest/,https://data.imf.org/Datasets/CPI,2026-09-01T00:29:50.988761Z,none
2016-09-30,nga_inflation,africa,NGA,NGN,Nigeria inflation,17.85203855,percent,monthly,IMF_CPI,Consumer Price Index (CPI),https://api.imf.org/external/sdmx/3.0/data/dataflow/IMF.STA/CPI/latest/,https://data.imf.org/Datasets/CPI,2026-09-01T00:29:50.988761Z,none
2016-10-31,nga_inflation,africa,NGA,NGN,Nigeria inflation,18.32965914,percent,monthly,IMF_CPI,Consumer Price Index (CPI),https://api.imf.org/external/sdmx/3.0/data/dataflow/IMF.STA/CPI/latest/,https://data.imf.org/Datasets/CPI,2026-09-01T00:29:50.988761Z,none
2016-11-30,nga_inflation,africa,NGA,NGN,Nigeria inflation,18.47616472,percent,monthly,IMF_CPI,Consumer Price Index (CPI),https://api.imf.org/external/sdmx/3.0/data/dataflow/IMF.STA/CPI/latest/,https://data.imf.org/Datasets/CPI,2026-09-01T00:29:50.988761Z,none
2016-12-31,nga_inflation,africa,NGA,NGN,Nigeria inflation,18.54696378,percent,monthly,IMF_CPI,Consumer Price Index (CPI),https://api.imf.org/external/sdmx/3.0/data/dataflow/IMF.STA/CPI/latest/,https://data.imf.org/Datasets/CPI,2026-09-01T00:29:50.988761Z,none
2017-01-31,nga_inflation,africa,NGA,NGN,Nigeria inflation,18.71884077,percent,monthly,IMF_CPI,Consumer Price Index (CPI),https://api.imf.org/external/sdmx/3.0/data/dataflow/IMF.STA/CPI/latest/,https://data.imf.org/Datasets/CPI,2026-09-01T00:29:50.988761Z,none
2017-02-28,nga_inflation,africa,NGA,NGN,Nigeria inflation,17.78040223,percent,monthly,IMF_CPI,Consumer Price Index (CPI),https://api.imf.org/external/sdmx/3.0/data/dataflow/IMF.STA/CPI/latest/,https://data.imf.org/Datasets/CPI,2026-09-01T00:29:50.988761Z,none
2017-03-31,nga_inflation,africa,NGA,NGN,Nigeria inflation,17.25554443,percent,monthly,IMF_CPI,Consumer Price Index (CPI),https://api.imf.org/external/sdmx/3.0/data/dataflow/IMF.STA/CPI/latest/,https://data.imf.org/Datasets/CPI,2026-09-01T00:29:50.988761Z,none
2017-04-30,nga_inflation,africa,NGA,NGN,Nigeria inflation,17.24441882,percent,monthly,IMF_CPI,Consumer Price Index (CPI),https://api.imf.org/external/sdmx/3.0/data/dataflow/IMF.STA/CPI/latest/,https://data.imf.org/Datasets/CPI,2026-09-01T00:29:50.988761Z,none
2017-05-31,nga_inflation,africa,NGA,NGN,Nigeria inflation,16.2513839,percent,monthly,IMF_CPI,Consumer Price Index (CPI),https://api.imf.org/external/sdmx/3.0/data/dataflow/IMF.STA/CPI/latest/,https://data.imf.org/Datasets/CPI,2026-09-01T00:29:50.988761Z,none
2017-06-30,nga_inflation,africa,NGA,NGN,Nigeria inflation,16.09839758,percent,monthly,IMF_CPI,Consumer Price Index (CPI),https://api.imf.org/external/sdmx/3.0/data/dataflow/IMF.STA/CPI/latest/,https://data.imf.org/Datasets/CPI,2026-09-01T00:29:50.988761Z,none
2017-07-31,nga_inflation,africa,NGA,NGN,Nigeria inflation,16.05290961,percent,monthly,IMF_CPI,Consumer Price Index (CPI),https://api.imf.org/external/sdmx/3.0/data/dataflow/IMF.STA/CPI/latest/,https://data.imf.org/Datasets/CPI,2026-09-01T00:29:50.988761Z,none
2017-08-31,nga_inflation,africa,NGA,NGN,Nigeria inflation,16.0115016,percent,monthly,IMF_CPI,Consumer Price Index (CPI),https://api.imf.org/external/sdmx/3.0/data/dataflow/IMF.STA/CPI/latest/,https://data.imf.org/Datasets/CPI,2026-09-01T00:29:50.988761Z,none
2017-09-30,nga_inflation,africa,NGA,NGN,Nigeria inflation,15.9790003,percent,monthly,IMF_CPI,Consumer Price Index (CPI),https://api.imf.org/external/sdmx/3.0/data/dataflow/IMF.STA/CPI/latest/,https://data.imf.org/Datasets/CPI,2026-09-01T00:29:50.988761Z,none
2017-10-31,nga_inflation,africa,NGA,NGN,Nigeria inflation,15.90523616,percent,monthly,IMF_CPI,Consumer Price Index (CPI),https://api.imf.org/external/sdmx/3.0/data/dataflow/IMF.STA/CPI/latest/,https://data.imf.org/Datasets/CPI,2026-09-01T00:29:50.988761Z,none
2017-11-30,nga_inflation,africa,NGA,NGN,Nigeria inflation,15.9013876,percent,monthly,IMF_CPI,Consumer Price Index (CPI),https://api.imf.org/external/sdmx/3.0/data/dataflow/IMF.STA/CPI/latest/,https://data.imf.org/Datasets/CPI,2026-09-01T00:29:50.988761Z,none
2017-12-31,nga_inflation,africa,NGA,NGN,Nigeria inflation,15.37161259,percent,monthly,IMF_CPI,Consumer Price Index (CPI),https://api.imf.org/external/sdmx/3.0/data/dataflow/IMF.STA/CPI/latest/,https://data.imf.org/Datasets/CPI,2026-09-01T00:29:50.988761Z,none
2018-01-31,nga_inflation,africa,NGA,NGN,Nigeria inflation,15.12674236,percent,monthly,IMF_CPI,Consumer Price Index (CPI),https://api.imf.org/external/sdmx/3.0/data/dataflow/IMF.STA/CPI/latest/,https://data.imf.org/Datasets/CPI,2026-09-01T00:29:50.988761Z,none
2018-02-28,nga_inflation,africa,NGA,NGN,Nigeria inflation,14.32961336,percent,monthly,IMF_CPI,Consumer Price Index (CPI),https://api.imf.org/external/sdmx/3.0/data/dataflow/IMF.STA/CPI/latest/,https://data.imf.org/Datasets/CPI,2026-09-01T00:29:50.988761Z,none
2018-03-31,nga_inflation,africa,NGA,NGN,Nigeria inflation,13.33717628,percent,monthly,IMF_CPI,Consumer Price Index (CPI),https://api.imf.org/external/sdmx/3.0/data/dataflow/IMF.STA/CPI/latest/,https://data.imf.org/Datasets/CPI,2026-09-01T00:29:50.988761Z,none
2018-04-30,nga_inflation,africa,NGA,NGN,Nigeria inflation,12.48233943,percent,monthly,IMF_CPI,Consumer Price Index (CPI),https://api.imf.org/external/sdmx/3.0/data/dataflow/IMF.STA/CPI/latest/,https://data.imf.org/Datasets/CPI,2026-09-01T00:29:50.988761Z,none
2018-05-31,nga_inflation,africa,NGA,NGN,Nigeria inflation,11.60783771,percent,monthly,IMF_CPI,Consumer Price Index (CPI),https://api.imf.org/external/sdmx/3.0/data/dataflow/IMF.STA/CPI/latest/,https://data.imf.org/Datasets/CPI,2026-09-01T00:29:50.988761Z,none
2018-06-30,nga_inflation,africa,NGA,NGN,Nigeria inflation,11.23080676,percent,monthly,IMF_CPI,Consumer Price Index (CPI),https://api.imf.org/external/sdmx/3.0/data/dataflow/IMF.STA/CPI/latest/,https://data.imf.org/Datasets/CPI,2026-09-01T00:29:50.988761Z,none
2018-07-31,nga_inflation,africa,NGA,NGN,Nigeria inflation,11.14183148,percent,monthly,IMF_CPI,Consumer Price Index (CPI),https://api.imf.org/external/sdmx/3.0/data/dataflow/IMF.STA/CPI/latest/,https://data.imf.org/Datasets/CPI,2026-09-01T00:29:50.988761Z,none
2018-08-31,nga_inflation,africa,NGA,NGN,Nigeria inflation,11.22743567,percent,monthly,IMF_CPI,Consumer Price Index (CPI),https://api.imf.org/external/sdmx/3.0/data/dataflow/IMF.STA/CPI/latest/,https://data.imf.org/Datasets/CPI,2026-09-01T00:29:50.988761Z,none
2018-09-30,nga_inflation,africa,NGA,NGN,Nigeria inflation,11.28422082,percent,monthly,IMF_CPI,Consumer Price Index (CPI),https://api.imf.org/external/sdmx/3.0/data/dataflow/IMF.STA/CPI/latest/,https://data.imf.org/Datasets/CPI,2026-09-01T00:29:50.988761Z,none
2018-10-31,nga_inflation,africa,NGA,NGN,Nigeria inflation,11.2593067,percent,monthly,IMF_CPI,Consumer Price Index (CPI),https://api.imf.org/external/sdmx/3.0/data/dataflow/IMF.STA/CPI/latest/,https://data.imf.org/Datasets/CPI,2026-09-01T00:29:50.988761Z,none
2018-11-30,nga_inflation,africa,NGA,NGN,Nigeria inflation,11.28068743,percent,monthly,IMF_CPI,Consumer Price Index (CPI),https://api.imf.org/external/sdmx/3.0/data/dataflow/IMF.STA/CPI/latest/,https://data.imf.org/Datasets/CPI,2026-09-01T00:29:50.988761Z,none
2018-12-31,nga_inflation,africa,NGA,NGN,Nigeria inflation,11.44179324,percent,monthly,IMF_CPI,Consumer Price Index (CPI),https://api.imf.org/external/sdmx/3.0/data/dataflow/IMF.STA/CPI/latest/,https://data.imf.org/Datasets/CPI,2026-09-01T00:29:50.988761Z,none
2019-01-31,nga_inflation,africa,NGA,NGN,Nigeria inflation,11.37408333,percent,monthly,IMF_CPI,Consumer Price Index (CPI),https://api.imf.org/external/sdmx/3.0/data/dataflow/IMF.STA/CPI/latest/,https://data.imf.org/Datasets/CPI,2026-09-01T00:29:50.988761Z,none
2019-02-28,nga_inflation,africa,NGA,NGN,Nigeria inflation,11.30585291,percent,monthly,IMF_CPI,Consumer Price Index (CPI),https://api.imf.org/external/sdmx/3.0/data/dataflow/IMF.STA/CPI/latest/,https://data.imf.org/Datasets/CPI,2026-09-01T00:29:50.988761Z,none
2019-03-31,nga_inflation,africa,NGA,NGN,Nigeria inflation,11.25114957,percent,monthly,IMF_CPI,Consumer Price Index (CPI),https://api.imf.org/external/sdmx/3.0/data/dataflow/IMF.STA/CPI/latest/,https://data.imf.org/Datasets/CPI,2026-09-01T00:29:50.988761Z,none
2019-04-30,nga_inflation,africa,NGA,NGN,Nigeria inflation,11.37206804,percent,monthly,IMF_CPI,Consumer Price Index (CPI),https://api.imf.org/external/sdmx/3.0/data/dataflow/IMF.STA/CPI/latest/,https://data.imf.org/Datasets/CPI,2026-09-01T00:29:50.988761Z,none
2019-05-31,nga_inflation,africa,NGA,NGN,Nigeria inflation,11.39640477,percent,monthly,IMF_CPI,Consumer Price Index (CPI),https://api.imf.org/external/sdmx/3.0/data/dataflow/IMF.STA/CPI/latest/,https://data.imf.org/Datasets/CPI,2026-09-01T00:29:50.988761Z,none
2019-06-30,nga_inflation,africa,NGA,NGN,Nigeria inflation,11.2173159,percent,monthly,IMF_CPI,Consumer Price Index (CPI),https://api.imf.org/external/sdmx/3.0/data/dataflow/IMF.STA/CPI/latest/,https://data.imf.org/Datasets/CPI,2026-09-01T00:29:50.988761Z,none
2019-07-31,nga_inflation,africa,NGA,NGN,Nigeria inflation,11.08445702,percent,monthly,IMF_CPI,Consumer Price Index (CPI),https://api.imf.org/external/sdmx/3.0/data/dataflow/IMF.STA/CPI/latest/,https://data.imf.org/Datasets/CPI,2026-09-01T00:29:50.988761Z,none
2019-08-31,nga_inflation,africa,NGA,NGN,Nigeria inflation,11.01590941,percent,monthly,IMF_CPI,Consumer Price Index (CPI),https://api.imf.org/external/sdmx/3.0/data/dataflow/IMF.STA/CPI/latest/,https://data.imf.org/Datasets/CPI,2026-09-01T00:29:50.988761Z,none
2019-09-30,nga_inflation,africa,NGA,NGN,Nigeria inflation,11.24375478,percent,monthly,IMF_CPI,Consumer Price Index (CPI),https://api.imf.org/external/sdmx/3.0/data/dataflow/IMF.STA/CPI/latest/,https://data.imf.org/Datasets/CPI,2026-09-01T00:29:50.988761Z,none
2019-10-31,nga_inflation,africa,NGA,NGN,Nigeria inflation,11.6069814,percent,monthly,IMF_CPI,Consumer Price Index (CPI),https://api.imf.org/external/sdmx/3.0/data/dataflow/IMF.STA/CPI/latest/,https://data.imf.org/Datasets/CPI,2026-09-01T00:29:50.988761Z,none
2019-11-30,nga_inflation,africa,NGA,NGN,Nigeria inflation,11.85351776,percent,monthly,IMF_CPI,Consumer Price Index (CPI),https://api.imf.org/external/sdmx/3.0/data/dataflow/IMF.STA/CPI/latest/,https://data.imf.org/Datasets/CPI,2026-09-01T00:29:50.988761Z,none
2019-12-31,nga_inflation,africa,NGA,NGN,Nigeria inflation,11.98156929,percent,monthly,IMF_CPI,Consumer Price Index (CPI),https://api.imf.org/external/sdmx/3.0/data/dataflow/IMF.STA/CPI/latest/,https://data.imf.org/Datasets/CPI,2026-09-01T00:29:50.988761Z,none
2020-01-31,nga_inflation,africa,NGA,NGN,Nigeria inflation,12.13230577,percent,monthly,IMF_CPI,Consumer Price Index (CPI),https://api.imf.org/external/sdmx/3.0/data/dataflow/IMF.STA/CPI/latest/,https://data.imf.org/Datasets/CPI,2026-09-01T00:29:50.988761Z,none
2020-02-29,nga_inflation,africa,NGA,NGN,Nigeria inflation,12.19853348,percent,monthly,IMF_CPI,Consumer Price Index (CPI),https://api.imf.org/external/sdmx/3.0/data/dataflow/IMF.STA/CPI/latest/,https://data.imf.org/Datasets/CPI,2026-09-01T00:29:50.988761Z,none
2020-03-31,nga_inflation,africa,NGA,NGN,Nigeria inflation,12.2573248,percent,monthly,IMF_CPI,Consumer Price Index (CPI),https://api.imf.org/external/sdmx/3.0/data/dataflow/IMF.STA/CPI/latest/,https://data.imf.org/Datasets/CPI,2026-09-01T00:29:50.988761Z,none
2020-04-30,nga_inflation,africa,NGA,NGN,Nigeria inflation,12.34146493,percent,monthly,IMF_CPI,Consumer Price Index (CPI),https://api.imf.org/external/sdmx/3.0/data/dataflow/IMF.STA/CPI/latest/,https://data.imf.org/Datasets/CPI,2026-09-01T00:29:50.988761Z,none
2020-05-31,nga_inflation,africa,NGA,NGN,Nigeria inflation,12.40424879,percent,monthly,IMF_CPI,Consumer Price Index (CPI),https://api.imf.org/external/sdmx/3.0/data/dataflow/IMF.STA/CPI/latest/,https://data.imf.org/Datasets/CPI,2026-09-01T00:29:50.988761Z,none
2020-06-30,nga_inflation,africa,NGA,NGN,Nigeria inflation,12.55871969,percent,monthly,IMF_CPI,Consumer Price Index (CPI),https://api.imf.org/external/sdmx/3.0/data/dataflow/IMF.STA/CPI/latest/,https://data.imf.org/Datasets/CPI,2026-09-01T00:29:50.988761Z,none
2020-07-31,nga_inflation,africa,NGA,NGN,Nigeria inflation,12.82071751,percent,monthly,IMF_CPI,Consumer Price Index (CPI),https://api.imf.org/external/sdmx/3.0/data/dataflow/IMF.STA/CPI/latest/,https://data.imf.org/Datasets/CPI,2026-09-01T00:29:50.988761Z,none
2020-08-31,nga_inflation,africa,NGA,NGN,Nigeria inflation,13.21951352,percent,monthly,IMF_CPI,Consumer Price Index (CPI),https://api.imf.org/external/sdmx/3.0/data/dataflow/IMF.STA/CPI/latest/,https://data.imf.org/Datasets/CPI,2026-09-01T00:29:50.988761Z,none
2020-09-30,nga_inflation,africa,NGA,NGN,Nigeria inflation,13.70662921,percent,monthly,IMF_CPI,Consumer Price Index (CPI),https://api.imf.org/external/sdmx/3.0/data/dataflow/IMF.STA/CPI/latest/,https://data.imf.org/Datasets/CPI,2026-09-01T00:29:50.988761Z,none
2020-10-31,nga_inflation,africa,NGA,NGN,Nigeria inflation,14.23274274,percent,monthly,IMF_CPI,Consumer Price Index (CPI),https://api.imf.org/external/sdmx/3.0/data/dataflow/IMF.STA/CPI/latest/,https://data.imf.org/Datasets/CPI,2026-09-01T00:29:50.988761Z,none
2020-11-30,nga_inflation,africa,NGA,NGN,Nigeria inflation,14.88726067,percent,monthly,IMF_CPI,Consumer Price Index (CPI),https://api.imf.org/external/sdmx/3.0/data/dataflow/IMF.STA/CPI/latest/,https://data.imf.org/Datasets/CPI,2026-09-01T00:29:50.988761Z,none
2020-12-31,nga_inflation,africa,NGA,NGN,Nigeria inflation,15.75338665,percent,monthly,IMF_CPI,Consumer Price Index (CPI),https://api.imf.org/external/sdmx/3.0/data/dataflow/IMF.STA/CPI/latest/,https://data.imf.org/Datasets/CPI,2026-09-01T00:29:50.988761Z,none
2021-01-31,nga_inflation,africa,NGA,NGN,Nigeria inflation,16.46634728,percent,monthly,IMF_CPI,Consumer Price Index (CPI),https://api.imf.org/external/sdmx/3.0/data/dataflow/IMF.STA/CPI/latest/,https://data.imf.org/Datasets/CPI,2026-09-01T00:29:50.988761Z,none
2021-02-28,nga_inflation,africa,NGA,NGN,Nigeria inflation,17.33489631,percent,monthly,IMF_CPI,Consumer Price Index (CPI),https://api.imf.org/external/sdmx/3.0/data/dataflow/IMF.STA/CPI/latest/,https://data.imf.org/Datasets/CPI,2026-09-01T00:29:50.988761Z,none
2021-03-31,nga_inflation,africa,NGA,NGN,Nigeria inflation,18.17136774,percent,monthly,IMF_CPI,Consumer Price Index (CPI),https://api.imf.org/external/sdmx/3.0/data/dataflow/IMF.STA/CPI/latest/,https://data.imf.org/Datasets/CPI,2026-09-01T00:29:50.988761Z,none
2021-04-30,nga_inflation,africa,NGA,NGN,Nigeria inflation,18.11673535,percent,monthly,IMF_CPI,Consumer Price Index (CPI),https://api.imf.org/external/sdmx/3.0/data/dataflow/IMF.STA/CPI/latest/,https://data.imf.org/Datasets/CPI,2026-09-01T00:29:50.988761Z,none
2021-05-31,nga_inflation,africa,NGA,NGN,Nigeria inflation,17.93308194,percent,monthly,IMF_CPI,Consumer Price Index (CPI),https://api.imf.org/external/sdmx/3.0/data/dataflow/IMF.STA/CPI/latest/,https://data.imf.org/Datasets/CPI,2026-09-01T00:29:50.988761Z,none
2021-06-30,nga_inflation,africa,NGA,NGN,Nigeria inflation,17.75075726,percent,monthly,IMF_CPI,Consumer Price Index (CPI),https://api.imf.org/external/sdmx/3.0/data/dataflow/IMF.STA/CPI/latest/,https://data.imf.org/Datasets/CPI,2026-09-01T00:29:50.988761Z,none
2021-07-31,nga_inflation,africa,NGA,NGN,Nigeria inflation,17.37710035,percent,monthly,IMF_CPI,Consumer Price Index (CPI),https://api.imf.org/external/sdmx/3.0/data/dataflow/IMF.STA/CPI/latest/,https://data.imf.org/Datasets/CPI,2026-09-01T00:29:50.988761Z,none
2021-08-31,nga_inflation,africa,NGA,NGN,Nigeria inflation,17.00912657,percent,monthly,IMF_CPI,Consumer Price Index (CPI),https://api.imf.org/external/sdmx/3.0/data/dataflow/IMF.STA/CPI/latest/,https://data.imf.org/Datasets/CPI,2026-09-01T00:29:50.988761Z,none
2021-09-30,nga_inflation,africa,NGA,NGN,Nigeria inflation,16.62986719,percent,monthly,IMF_CPI,Consumer Price Index (CPI),https://api.imf.org/external/sdmx/3.0/data/dataflow/IMF.STA/CPI/latest/,https://data.imf.org/Datasets/CPI,2026-09-01T00:29:50.988761Z,none
2021-10-31,nga_inflation,africa,NGA,NGN,Nigeria inflation,15.99357982,percent,monthly,IMF_CPI,Consumer Price Index (CPI),https://api.imf.org/external/sdmx/3.0/data/dataflow/IMF.STA/CPI/latest/,https://data.imf.org/Datasets/CPI,2026-09-01T00:29:50.988761Z,none
2021-11-30,nga_inflation,africa,NGA,NGN,Nigeria inflation,15.395702,percent,monthly,IMF_CPI,Consumer Price Index (CPI),https://api.imf.org/external/sdmx/3.0/data/dataflow/IMF.STA/CPI/latest/,https://data.imf.org/Datasets/CPI,2026-09-01T00:29:50.988761Z,none
2021-12-31,nga_inflation,africa,NGA,NGN,Nigeria inflation,15.62548885,percent,monthly,IMF_CPI,Consumer Price Index (CPI),https://api.imf.org/external/sdmx/3.0/data/dataflow/IMF.STA/CPI/latest/,https://data.imf.org/Datasets/CPI,2026-09-01T00:29:50.988761Z,none
2022-01-31,nga_inflation,africa,NGA,NGN,Nigeria inflation,15.60054454,percent,monthly,IMF_CPI,Consumer Price Index (CPI),https://api.imf.org/external/sdmx/3.0/data/dataflow/IMF.STA/CPI/latest/,https://data.imf.org/Datasets/CPI,2026-09-01T00:29:50.988761Z,none
2022-02-28,nga_inflation,africa,NGA,NGN,Nigeria inflation,15.70244575,percent,monthly,IMF_CPI,Consumer Price Index (CPI),https://api.imf.org/external/sdmx/3.0/data/dataflow/IMF.STA/CPI/latest/,https://data.imf.org/Datasets/CPI,2026-09-01T00:29:50.988761Z,none
2022-03-31,nga_inflation,africa,NGA,NGN,Nigeria inflation,15.91515318,percent,monthly,IMF_CPI,Consumer Price Index (CPI),https://api.imf.org/external/sdmx/3.0/data/dataflow/IMF.STA/CPI/latest/,https://data.imf.org/Datasets/CPI,2026-09-01T00:29:50.988761Z,none
2022-04-30,nga_inflation,africa,NGA,NGN,Nigeria inflation,16.81881234,percent,monthly,IMF_CPI,Consumer Price Index (CPI),https://api.imf.org/external/sdmx/3.0/data/dataflow/IMF.STA/CPI/latest/,https://data.imf.org/Datasets/CPI,2026-09-01T00:29:50.988761Z,none
2022-05-31,nga_inflation,africa,NGA,NGN,Nigeria inflation,17.71179932,percent,monthly,IMF_CPI,Consumer Price Index (CPI),https://api.imf.org/external/sdmx/3.0/data/dataflow/IMF.STA/CPI/latest/,https://data.imf.org/Datasets/CPI,2026-09-01T00:29:50.988761Z,none
2022-06-30,nga_inflation,africa,NGA,NGN,Nigeria inflation,18.5956158,percent,monthly,IMF_CPI,Consumer Price Index (CPI),https://api.imf.org/external/sdmx/3.0/data/dataflow/IMF.STA/CPI/latest/,https://data.imf.org/Datasets/CPI,2026-09-01T00:29:50.988761Z,none
2022-07-31,nga_inflation,africa,NGA,NGN,Nigeria inflation,19.64302021,percent,monthly,IMF_CPI,Consumer Price Index (CPI),https://api.imf.org/external/sdmx/3.0/data/dataflow/IMF.STA/CPI/latest/,https://data.imf.org/Datasets/CPI,2026-09-01T00:29:50.988761Z,none
2022-08-31,nga_inflation,africa,NGA,NGN,Nigeria inflation,20.52484199,percent,monthly,IMF_CPI,Consumer Price Index (CPI),https://api.imf.org/external/sdmx/3.0/data/dataflow/IMF.STA/CPI/latest/,https://data.imf.org/Datasets/CPI,2026-09-01T00:29:50.988761Z,none
2022-09-30,nga_inflation,africa,NGA,NGN,Nigeria inflation,20.77368821,percent,monthly,IMF_CPI,Consumer Price Index (CPI),https://api.imf.org/external/sdmx/3.0/data/dataflow/IMF.STA/CPI/latest/,https://data.imf.org/Datasets/CPI,2026-09-01T00:29:50.988761Z,none
2022-10-31,nga_inflation,africa,NGA,NGN,Nigeria inflation,21.08711512,percent,monthly,IMF_CPI,Consumer Price Index (CPI),https://api.imf.org/external/sdmx/3.0/data/dataflow/IMF.STA/CPI/latest/,https://data.imf.org/Datasets/CPI,2026-09-01T00:29:50.988761Z,none
2022-11-30,nga_inflation,africa,NGA,NGN,Nigeria inflation,21.46563897,percent,monthly,IMF_CPI,Consumer Price Index (CPI),https://api.imf.org/external/sdmx/3.0/data/dataflow/IMF.STA/CPI/latest/,https://data.imf.org/Datasets/CPI,2026-09-01T00:29:50.988761Z,none
2022-12-31,nga_inflation,africa,NGA,NGN,Nigeria inflation,21.34379452,percent,monthly,IMF_CPI,Consumer Price Index (CPI),https://api.imf.org/external/sdmx/3.0/data/dataflow/IMF.STA/CPI/latest/,https://data.imf.org/Datasets/CPI,2026-09-01T00:29:50.988761Z,none
2023-01-31,nga_inflation,africa,NGA,NGN,Nigeria inflation,21.81632493,percent,monthly,IMF_CPI,Consumer Price Index (CPI),https://api.imf.org/external/sdmx/3.0/data/dataflow/IMF.STA/CPI/latest/,https://data.imf.org/Datasets/CPI,2026-09-01T00:29:50.988761Z,none
2023-02-28,nga_inflation,africa,NGA,NGN,Nigeria inflation,21.9097335,percent,monthly,IMF_CPI,Consumer Price Index (CPI),https://api.imf.org/external/sdmx/3.0/data/dataflow/IMF.STA/CPI/latest/,https://data.imf.org/Datasets/CPI,2026-09-01T00:29:50.988761Z,none
2023-03-31,nga_inflation,africa,NGA,NGN,Nigeria inflation,22.04327432,percent,monthly,IMF_CPI,Consumer Price Index (CPI),https://api.imf.org/external/sdmx/3.0/data/dataflow/IMF.STA/CPI/latest/,https://data.imf.org/Datasets/CPI,2026-09-01T00:29:50.988761Z,none
2023-04-30,nga_inflation,africa,NGA,NGN,Nigeria inflation,22.22224653,percent,monthly,IMF_CPI,Consumer Price Index (CPI),https://api.imf.org/external/sdmx/3.0/data/dataflow/IMF.STA/CPI/latest/,https://data.imf.org/Datasets/CPI,2026-09-01T00:29:50.988761Z,none
2023-05-31,nga_inflation,africa,NGA,NGN,Nigeria inflation,22.4134096,percent,monthly,IMF_CPI,Consumer Price Index (CPI),https://api.imf.org/external/sdmx/3.0/data/dataflow/IMF.STA/CPI/latest/,https://data.imf.org/Datasets/CPI,2026-09-01T00:29:50.988761Z,none
2023-06-30,nga_inflation,africa,NGA,NGN,Nigeria inflation,22.789489,percent,monthly,IMF_CPI,Consumer Price Index (CPI),https://api.imf.org/external/sdmx/3.0/data/dataflow/IMF.STA/CPI/latest/,https://data.imf.org/Datasets/CPI,2026-09-01T00:29:50.988761Z,none
2023-07-31,nga_inflation,africa,NGA,NGN,Nigeria inflation,24.07955475,percent,monthly,IMF_CPI,Consumer Price Index (CPI),https://api.imf.org/external/sdmx/3.0/data/dataflow/IMF.STA/CPI/latest/,https://data.imf.org/Datasets/CPI,2026-09-01T00:29:50.988761Z,none
2023-08-31,nga_inflation,africa,NGA,NGN,Nigeria inflation,25.79784037,percent,monthly,IMF_CPI,Consumer Price Index (CPI),https://api.imf.org/external/sdmx/3.0/data/dataflow/IMF.STA/CPI/latest/,https://data.imf.org/Datasets/CPI,2026-09-01T00:29:50.988761Z,none
2023-09-30,nga_inflation,africa,NGA,NGN,Nigeria inflation,26.71583183,percent,monthly,IMF_CPI,Consumer Price Index (CPI),https://api.imf.org/external/sdmx/3.0/data/dataflow/IMF.STA/CPI/latest/,https://data.imf.org/Datasets/CPI,2026-09-01T00:29:50.988761Z,none
2023-10-31,nga_inflation,africa,NGA,NGN,Nigeria inflation,27.3297217,percent,monthly,IMF_CPI,Consumer Price Index (CPI),https://api.imf.org/external/sdmx/3.0/data/dataflow/IMF.STA/CPI/latest/,https://data.imf.org/Datasets/CPI,2026-09-01T00:29:50.988761Z,none
2023-11-30,nga_inflation,africa,NGA,NGN,Nigeria inflation,28.20017439,percent,monthly,IMF_CPI,Consumer Price Index (CPI),https://api.imf.org/external/sdmx/3.0/data/dataflow/IMF.STA/CPI/latest/,https://data.imf.org/Datasets/CPI,2026-09-01T00:29:50.988761Z,none
2023-12-31,nga_inflation,africa,NGA,NGN,Nigeria inflation,28.9217898,percent,monthly,IMF_CPI,Consumer Price Index (CPI),https://api.imf.org/external/sdmx/3.0/data/dataflow/IMF.STA/CPI/latest/,https://data.imf.org/Datasets/CPI,2026-09-01T00:29:50.988761Z,none
2024-01-31,nga_inflation,africa,NGA,NGN,Nigeria inflation,29.89905874,percent,monthly,IMF_CPI,Consumer Price Index (CPI),https://api.imf.org/external/sdmx/3.0/data/dataflow/IMF.STA/CPI/latest/,https://data.imf.org/Datasets/CPI,2026-09-01T00:29:50.988761Z,none
2024-02-29,nga_inflation,africa,NGA,NGN,Nigeria inflation,31.69823246,percent,monthly,IMF_CPI,Consumer Price Index (CPI),https://api.imf.org/external/sdmx/3.0/data/dataflow/IMF.STA/CPI/latest/,https://data.imf.org/Datasets/CPI,2026-09-01T00:29:50.988761Z,none
2024-03-31,nga_inflation,africa,NGA,NGN,Nigeria inflation,33.20143267,percent,monthly,IMF_CPI,Consumer Price Index (CPI),https://api.imf.org/external/sdmx/3.0/data/dataflow/IMF.STA/CPI/latest/,https://data.imf.org/Datasets/CPI,2026-09-01T00:29:50.988761Z,none
2024-04-30,nga_inflation,africa,NGA,NGN,Nigeria inflation,33.69466532,percent,monthly,IMF_CPI,Consumer Price Index (CPI),https://api.imf.org/external/sdmx/3.0/data/dataflow/IMF.STA/CPI/latest/,https://data.imf.org/Datasets/CPI,2026-09-01T00:29:50.988761Z,none
2024-05-31,nga_inflation,africa,NGA,NGN,Nigeria inflation,33.95301436,percent,monthly,IMF_CPI,Consumer Price Index (CPI),https://api.imf.org/external/sdmx/3.0/data/dataflow/IMF.STA/CPI/latest/,https://data.imf.org/Datasets/CPI,2026-09-01T00:29:50.988761Z,none
2024-06-30,nga_inflation,africa,NGA,NGN,Nigeria inflation,34.19167154,percent,monthly,IMF_CPI,Consumer Price Index (CPI),https://api.imf.org/external/sdmx/3.0/data/dataflow/IMF.STA/CPI/latest/,https://data.imf.org/Datasets/CPI,2026-09-01T00:29:50.988761Z,none
2024-07-31,nga_inflation,africa,NGA,NGN,Nigeria inflation,33.39525189,percent,monthly,IMF_CPI,Consumer Price Index (CPI),https://api.imf.org/external/sdmx/3.0/data/dataflow/IMF.STA/CPI/latest/,https://data.imf.org/Datasets/CPI,2026-09-01T00:29:50.988761Z,none
2024-08-31,nga_inflation,africa,NGA,NGN,Nigeria inflation,32.1501323,percent,monthly,IMF_CPI,Consumer Price Index (CPI),https://api.imf.org/external/sdmx/3.0/data/dataflow/IMF.STA/CPI/latest/,https://data.imf.org/Datasets/CPI,2026-09-01T00:29:50.988761Z,none
2024-09-30,nga_inflation,africa,NGA,NGN,Nigeria inflation,32.69627577,percent,monthly,IMF_CPI,Consumer Price Index (CPI),https://api.imf.org/external/sdmx/3.0/data/dataflow/IMF.STA/CPI/latest/,https://data.imf.org/Datasets/CPI,2026-09-01T00:29:50.988761Z,none
2024-10-31,nga_inflation,africa,NGA,NGN,Nigeria inflation,33.87687231,percent,monthly,IMF_CPI,Consumer Price Index (CPI),https://api.imf.org/external/sdmx/3.0/data/dataflow/IMF.STA/CPI/latest/,https://data.imf.org/Datasets/CPI,2026-09-01T00:29:50.988761Z,none
2024-11-30,nga_inflation,africa,NGA,NGN,Nigeria inflation,34.59833364,percent,monthly,IMF_CPI,Consumer Price Index (CPI),https://api.imf.org/external/sdmx/3.0/data/dataflow/IMF.STA/CPI/latest/,https://data.imf.org/Datasets/CPI,2026-09-01T00:29:50.988761Z,none
2024-12-31,nga_inflation,africa,NGA,NGN,Nigeria inflation,34.79605744,percent,monthly,IMF_CPI,Consumer Price Index (CPI),https://api.imf.org/external/sdmx/3.0/data/dataflow/IMF.STA/CPI/latest/,https://data.imf.org/Datasets/CPI,2026-09-01T00:29:50.988761Z,none
2025-01-31,nga_inflation,africa,NGA,NGN,Nigeria inflation,27.60615142,percent,monthly,IMF_CPI,Consumer Price Index (CPI),https://api.imf.org/external/sdmx/3.0/data/dataflow/IMF.STA/CPI/latest/,https://data.imf.org/Datasets/CPI,2026-09-01T00:29:50.988761Z,none
2025-02-28,nga_inflation,africa,NGA,NGN,Nigeria inflation,26.27441453,percent,monthly,IMF_CPI,Consumer Price Index (CPI),https://api.imf.org/external/sdmx/3.0/data/dataflow/IMF.STA/CPI/latest/,https://data.imf.org/Datasets/CPI,2026-09-01T00:29:50.988761Z,none
2025-03-31,nga_inflation,africa,NGA,NGN,Nigeria inflation,27.34846569,percent,monthly,IMF_CPI,Consumer Price Index (CPI),https://api.imf.org/external/sdmx/3.0/data/dataflow/IMF.STA/CPI/latest/,https://data.imf.org/Datasets/CPI,2026-09-01T00:29:50.988761Z,none
2025-04-30,nga_inflation,africa,NGA,NGN,Nigeria inflation,26.81593016,percent,monthly,IMF_CPI,Consumer Price Index (CPI),https://api.imf.org/external/sdmx/3.0/data/dataflow/IMF.STA/CPI/latest/,https://data.imf.org/Datasets/CPI,2026-09-01T00:29:50.988761Z,none
2025-05-31,nga_inflation,africa,NGA,NGN,Nigeria inflation,26.06131648,percent,monthly,IMF_CPI,Consumer Price Index (CPI),https://api.imf.org/external/sdmx/3.0/data/dataflow/IMF.STA/CPI/latest/,https://data.imf.org/Datasets/CPI,2026-09-01T00:29:50.988761Z,none
2025-06-30,nga_inflation,africa,NGA,NGN,Nigeria inflation,25.28666084,percent,monthly,IMF_CPI,Consumer Price Index (CPI),https://api.imf.org/external/sdmx/3.0/data/dataflow/IMF.STA/CPI/latest/,https://data.imf.org/Datasets/CPI,2026-09-01T00:29:50.988761Z,none
2025-07-31,nga_inflation,africa,NGA,NGN,Nigeria inflation,24.94053307,percent,monthly,IMF_CPI,Consumer Price Index (CPI),https://api.imf.org/external/sdmx/3.0/data/dataflow/IMF.STA/CPI/latest/,https://data.imf.org/Datasets/CPI,2026-09-01T00:29:50.988761Z,none
2025-08-31,nga_inflation,africa,NGA,NGN,Nigeria inflation,23.14165169,percent,monthly,IMF_CPI,Consumer Price Index (CPI),https://api.imf.org/external/sdmx/3.0/data/dataflow/IMF.STA/CPI/latest/,https://data.imf.org/Datasets/CPI,2026-09-01T00:29:50.988761Z,none
2025-09-30,nga_inflation,africa,NGA,NGN,Nigeria inflation,20.98082729,percent,monthly,IMF_CPI,Consumer Price Index (CPI),https://api.imf.org/external/sdmx/3.0/data/dataflow/IMF.STA/CPI/latest/,https://data.imf.org/Datasets/CPI,2026-09-01T00:29:50.988761Z,none
2025-10-31,nga_inflation,africa,NGA,NGN,Nigeria inflation,18.97714719,percent,monthly,IMF_CPI,Consumer Price Index (CPI),https://api.imf.org/external/sdmx/3.0/data/dataflow/IMF.STA/CPI/latest/,https://data.imf.org/Datasets/CPI,2026-09-01T00:29:50.988761Z,none
2025-11-30,nga_inflation,africa,NGA,NGN,Nigeria inflation,17.35795749,percent,monthly,IMF_CPI,Consumer Price Index (CPI),https://api.imf.org/external/sdmx/3.0/data/dataflow/IMF.STA/CPI/latest/,https://data.imf.org/Datasets/CPI,2026-09-01T00:29:50.988761Z,none
2025-12-31,nga_inflation,africa,NGA,NGN,Nigeria inflation,15.15047104,percent,monthly,IMF_CPI,Consumer Price Index (CPI),https://api.imf.org/external/sdmx/3.0/data/dataflow/IMF.STA/CPI/latest/,https://data.imf.org/Datasets/CPI,2026-09-01T00:29:50.988761Z,none
2026-01-31,nga_inflation,africa,NGA,NGN,Nigeria inflation,15.0975786,percent,monthly,IMF_CPI,Consumer Price Index (CPI),https://api.imf.org/external/sdmx/3.0/data/dataflow/IMF.STA/CPI/latest/,https://data.imf.org/Datasets/CPI,2026-09-01T00:29:50.988761Z,none
2026-02-28,nga_inflation,africa,NGA,NGN,Nigeria inflation,15.06187885,percent,monthly,IMF_CPI,Consumer Price Index (CPI),https://api.imf.org/external/sdmx/3.0/data/dataflow/IMF.STA/CPI/latest/,https://data.imf.org/Datasets/CPI,2026-09-01T00:29:50.988761Z,none
2026-03-31,nga_inflation,africa,NGA,NGN,Nigeria inflation,15.37946087,percent,monthly,IMF_CPI,Consumer Price Index (CPI),https://api.imf.org/external/sdmx/3.0/data/dataflow/IMF.STA/CPI/latest/,https://data.imf.org/Datasets/CPI,2026-09-01T00:29:50.988761Z,none
2026-04-30,nga_inflation,africa,NGA,NGN,Nigeria inflation,15.687751,percent,monthly,IMF_CPI,Consumer Price Index (CPI),https://api.imf.org/external/sdmx/3.0/data/dataflow/IMF.STA/CPI/latest/,https://data.imf.org/Datasets/CPI,2026-09-01T00:29:50.988761Z,none
2026-05-31,nga_inflation,africa,NGA,NGN,Nigeria inflation,15.93225134,percent,monthly,IMF_CPI,Consumer Price Index (CPI),https://api.imf.org/external/sdmx/3.0/data/dataflow/IMF.STA/CPI/latest/,https://data.imf.org/Datasets/CPI,2026-09-01T00:29:50.988761Z,none
2026-06-30,nga_inflation,africa,NGA,NGN,Nigeria inflation,15.90821629,percent,monthly,IMF_CPI,Consumer Price Index (CPI),https://api.imf.org/external/sdmx/3.0/data/dataflow/IMF.STA/CPI/latest/,https://data.imf.org/Datasets/CPI,2026-09-01T00:29:50.988761Z,none
2024-12-02,ngn_fx,africa,NGA,NGN,NGN per US dollar,1661.1225,LCU_per_USD,daily,CBN_NFEM_FX,Nigerian Foreign Exchange Market Rates,https://www.cbn.gov.ng/api/GetAllNFEM_Rates,https://www.cbn.gov.ng/rates/ExchRateByCurrency.html,2026-08-31T23:22:08.958873Z,none
2024-12-03,ngn_fx,africa,NGA,NGN,NGN per US dollar,1643.1507,LCU_per_USD,daily,CBN_NFEM_FX,Nigerian Foreign Exchange Market Rates,https://www.cbn.gov.ng/api/GetAllNFEM_Rates,https://www.cbn.gov.ng/rates/ExchRateByCurrency.html,2026-08-31T23:22:08.958873Z,none
2024-12-04,ngn_fx,africa,NGA,NGN,NGN per US dollar,1613.6946,LCU_per_USD,daily,CBN_NFEM_FX,Nigerian Foreign Exchange Market Rates,https://www.cbn.gov.ng/api/GetAllNFEM_Rates,https://www.cbn.gov.ng/rates/ExchRateByCurrency.html,2026-08-31T23:22:08.958873Z,none
2024-12-05,ngn_fx,africa,NGA,NGN,NGN per US dollar,1588.7939,LCU_per_USD,daily,CBN_NFEM_FX,Nigerian Foreign Exchange Market Rates,https://www.cbn.gov.ng/api/GetAllNFEM_Rates,https://www.cbn.gov.ng/rates/ExchRateByCurrency.html,2026-08-31T23:22:08.958873Z,none
2024-12-06,ngn_fx,africa,NGA,NGN,NGN per US dollar,1533.7598,LCU_per_USD,daily,CBN_NFEM_FX,Nigerian Foreign Exchange Market Rates,https://www.cbn.gov.ng/api/GetAllNFEM_Rates,https://www.cbn.gov.ng/rates/ExchRateByCurrency.html,2026-08-31T23:22:08.958873Z,none
2024-12-09,ngn_fx,africa,NGA,NGN,NGN per US dollar,1534.6771,LCU_per_USD,daily,CBN_NFEM_FX,Nigerian Foreign Exchange Market Rates,https://www.cbn.gov.ng/api/GetAllNFEM_Rates,https://www.cbn.gov.ng/rates/ExchRateByCurrency.html,2026-08-31T23:22:08.958873Z,none
2024-12-10,ngn_fx,africa,NGA,NGN,NGN per US dollar,1532.1057,LCU_per_USD,daily,CBN_NFEM_FX,Nigerian Foreign Exchange Market Rates,https://www.cbn.gov.ng/api/GetAllNFEM_Rates,https://www.cbn.gov.ng/rates/ExchRateByCurrency.html,2026-08-31T23:22:08.958873Z,none
2024-12-11,ngn_fx,africa,NGA,NGN,NGN per US dollar,1533.0936,LCU_per_USD,daily,CBN_NFEM_FX,Nigerian Foreign Exchange Market Rates,https://www.cbn.gov.ng/api/GetAllNFEM_Rates,https://www.cbn.gov.ng/rates/ExchRateByCurrency.html,2026-08-31T23:22:08.958873Z,none
2024-12-12,ngn_fx,africa,NGA,NGN,NGN per US dollar,1534.6011,LCU_per_USD,daily,CBN_NFEM_FX,Nigerian Foreign Exchange Market Rates,https://www.cbn.gov.ng/api/GetAllNFEM_Rates,https://www.cbn.gov.ng/rates/ExchRateByCurrency.html,2026-08-31T23:22:08.958873Z,none
2024-12-13,ngn_fx,africa,NGA,NGN,NGN per US dollar,1533.2747,LCU_per_USD,daily,CBN_NFEM_FX,Nigerian Foreign Exchange Market Rates,https://www.cbn.gov.ng/api/GetAllNFEM_Rates,https://www.cbn.gov.ng/rates/ExchRateByCurrency.html,2026-08-31T23:22:08.958873Z,none
2024-12-16,ngn_fx,africa,NGA,NGN,NGN per US dollar,1533.5669,LCU_per_USD,daily,CBN_NFEM_FX,Nigerian Foreign Exchange Market Rates,https://www.cbn.gov.ng/api/GetAllNFEM_Rates,https://www.cbn.gov.ng/rates/ExchRateByCurrency.html,2026-08-31T23:22:08.958873Z,none
2024-12-17,ngn_fx,africa,NGA,NGN,NGN per US dollar,1534.1055,LCU_per_USD,daily,CBN_NFEM_FX,Nigerian Foreign Exchange Market Rates,https://www.cbn.gov.ng/api/GetAllNFEM_Rates,https://www.cbn.gov.ng/rates/ExchRateByCurrency.html,2026-08-31T23:22:08.958873Z,none
2024-12-18,ngn_fx,africa,NGA,NGN,NGN per US dollar,1538.878,LCU_per_USD,daily,CBN_NFEM_FX,Nigerian Foreign Exchange Market Rates,https://www.cbn.gov.ng/api/GetAllNFEM_Rates,https://www.cbn.gov.ng/rates/ExchRateByCurrency.html,2026-08-31T23:22:08.958873Z,none
2024-12-19,ngn_fx,africa,NGA,NGN,NGN per US dollar,1537.4253,LCU_per_USD,daily,CBN_NFEM_FX,Nigerian Foreign Exchange Market Rates,https://www.cbn.gov.ng/api/GetAllNFEM_Rates,https://www.cbn.gov.ng/rates/ExchRateByCurrency.html,2026-08-31T23:22:08.958873Z,none
2024-12-20,ngn_fx,africa,NGA,NGN,NGN per US dollar,1536.9275,LCU_per_USD,daily,CBN_NFEM_FX,Nigerian Foreign Exchange Market Rates,https://www.cbn.gov.ng/api/GetAllNFEM_Rates,https://www.cbn.gov.ng/rates/ExchRateByCurrency.html,2026-08-31T23:22:08.958873Z,none
2024-12-23,ngn_fx,africa,NGA,NGN,NGN per US dollar,1535.7157,LCU_per_USD,daily,CBN_NFEM_FX,Nigerian Foreign Exchange Market Rates,https://www.cbn.gov.ng/api/GetAllNFEM_Rates,https://www.cbn.gov.ng/rates/ExchRateByCurrency.html,2026-08-31T23:22:08.958873Z,none
2024-12-24,ngn_fx,africa,NGA,NGN,NGN per US dollar,1538.5728,LCU_per_USD,daily,CBN_NFEM_FX,Nigerian Foreign Exchange Market Rates,https://www.cbn.gov.ng/api/GetAllNFEM_Rates,https://www.cbn.gov.ng/rates/ExchRateByCurrency.html,2026-08-31T23:22:08.958873Z,none
2024-12-27,ngn_fx,africa,NGA,NGN,NGN per US dollar,1538.3917,LCU_per_USD,daily,CBN_NFEM_FX,Nigerian Foreign Exchange Market Rates,https://www.cbn.gov.ng/api/GetAllNFEM_Rates,https://www.cbn.gov.ng/rates/ExchRateByCurrency.html,2026-08-31T23:22:08.958873Z,none
2024-12-30,ngn_fx,africa,NGA,NGN,NGN per US dollar,1536.917,LCU_per_USD,daily,CBN_NFEM_FX,Nigerian Foreign Exchange Market Rates,https://www.cbn.gov.ng/api/GetAllNFEM_Rates,https://www.cbn.gov.ng/rates/ExchRateByCurrency.html,2026-08-31T23:22:08.958873Z,none
2024-12-31,ngn_fx,africa,NGA,NGN,NGN per US dollar,1535.8175,LCU_per_USD,daily,CBN_NFEM_FX,Nigerian Foreign Exchange Market Rates,https://www.cbn.gov.ng/api/GetAllNFEM_Rates,https://www.cbn.gov.ng/rates/ExchRateByCurrency.html,2026-08-31T23:22:08.958873Z,none
2025-01-02,ngn_fx,africa,NGA,NGN,NGN per US dollar,1541.3611,LCU_per_USD,daily,CBN_NFEM_FX,Nigerian Foreign Exchange Market Rates,https://www.cbn.gov.ng/api/GetAllNFEM_Rates,https://www.cbn.gov.ng/rates/ExchRateByCurrency.html,2026-08-31T23:22:08.958873Z,none
2025-01-03,ngn_fx,africa,NGA,NGN,NGN per US dollar,1534.5585,LCU_per_USD,daily,CBN_NFEM_FX,Nigerian Foreign Exchange Market Rates,https://www.cbn.gov.ng/api/GetAllNFEM_Rates,https://www.cbn.gov.ng/rates/ExchRateByCurrency.html,2026-08-31T23:22:08.958873Z,none
2025-01-06,ngn_fx,africa,NGA,NGN,NGN per US dollar,1533.6065,LCU_per_USD,daily,CBN_NFEM_FX,Nigerian Foreign Exchange Market Rates,https://www.cbn.gov.ng/api/GetAllNFEM_Rates,https://www.cbn.gov.ng/rates/ExchRateByCurrency.html,2026-08-31T23:22:08.958873Z,none
2025-01-07,ngn_fx,africa,NGA,NGN,NGN per US dollar,1534.1643,LCU_per_USD,daily,CBN_NFEM_FX,Nigerian Foreign Exchange Market Rates,https://www.cbn.gov.ng/api/GetAllNFEM_Rates,https://www.cbn.gov.ng/rates/ExchRateByCurrency.html,2026-08-31T23:22:08.958873Z,none
2025-01-08,ngn_fx,africa,NGA,NGN,NGN per US dollar,1539.3976,LCU_per_USD,daily,CBN_NFEM_FX,Nigerian Foreign Exchange Market Rates,https://www.cbn.gov.ng/api/GetAllNFEM_Rates,https://www.cbn.gov.ng/rates/ExchRateByCurrency.html,2026-08-31T23:22:08.958873Z,none
2025-01-09,ngn_fx,africa,NGA,NGN,NGN per US dollar,1541.0559,LCU_per_USD,daily,CBN_NFEM_FX,Nigerian Foreign Exchange Market Rates,https://www.cbn.gov.ng/api/GetAllNFEM_Rates,https://www.cbn.gov.ng/rates/ExchRateByCurrency.html,2026-08-31T23:22:08.958873Z,none
2025-01-10,ngn_fx,africa,NGA,NGN,NGN per US dollar,1542.0256,LCU_per_USD,daily,CBN_NFEM_FX,Nigerian Foreign Exchange Market Rates,https://www.cbn.gov.ng/api/GetAllNFEM_Rates,https://www.cbn.gov.ng/rates/ExchRateByCurrency.html,2026-08-31T23:22:08.958873Z,none
2025-01-13,ngn_fx,africa,NGA,NGN,NGN per US dollar,1546.853,LCU_per_USD,daily,CBN_NFEM_FX,Nigerian Foreign Exchange Market Rates,https://www.cbn.gov.ng/api/GetAllNFEM_Rates,https://www.cbn.gov.ng/rates/ExchRateByCurrency.html,2026-08-31T23:22:08.958873Z,none
2025-01-14,ngn_fx,africa,NGA,NGN,NGN per US dollar,1547.6695,LCU_per_USD,daily,CBN_NFEM_FX,Nigerian Foreign Exchange Market Rates,https://www.cbn.gov.ng/api/GetAllNFEM_Rates,https://www.cbn.gov.ng/rates/ExchRateByCurrency.html,2026-08-31T23:22:08.958873Z,none
2025-01-15,ngn_fx,africa,NGA,NGN,NGN per US dollar,1549.2019,LCU_per_USD,daily,CBN_NFEM_FX,Nigerian Foreign Exchange Market Rates,https://www.cbn.gov.ng/api/GetAllNFEM_Rates,https://www.cbn.gov.ng/rates/ExchRateByCurrency.html,2026-08-31T23:22:08.958873Z,none
2025-01-16,ngn_fx,africa,NGA,NGN,NGN per US dollar,1549.95,LCU_per_USD,daily,CBN_NFEM_FX,Nigerian Foreign Exchange Market Rates,https://www.cbn.gov.ng/api/GetAllNFEM_Rates,https://www.cbn.gov.ng/rates/ExchRateByCurrency.html,2026-08-31T23:22:08.958873Z,none
2025-01-17,ngn_fx,africa,NGA,NGN,NGN per US dollar,1546.7212,LCU_per_USD,daily,CBN_NFEM_FX,Nigerian Foreign Exchange Market Rates,https://www.cbn.gov.ng/api/GetAllNFEM_Rates,https://www.cbn.gov.ng/rates/ExchRateByCurrency.html,2026-08-31T23:22:08.958873Z,none
2025-01-20,ngn_fx,africa,NGA,NGN,NGN per US dollar,1547.9989,LCU_per_USD,daily,CBN_NFEM_FX,Nigerian Foreign Exchange Market Rates,https://www.cbn.gov.ng/api/GetAllNFEM_Rates,https://www.cbn.gov.ng/rates/ExchRateByCurrency.html,2026-08-31T23:22:08.958873Z,none
2025-01-21,ngn_fx,africa,NGA,NGN,NGN per US dollar,1551.2508,LCU_per_USD,daily,CBN_NFEM_FX,Nigerian Foreign Exchange Market Rates,https://www.cbn.gov.ng/api/GetAllNFEM_Rates,https://www.cbn.gov.ng/rates/ExchRateByCurrency.html,2026-08-31T23:22:08.958873Z,none
2025-01-22,ngn_fx,africa,NGA,NGN,NGN per US dollar,1551.9172,LCU_per_USD,daily,CBN_NFEM_FX,Nigerian Foreign Exchange Market Rates,https://www.cbn.gov.ng/api/GetAllNFEM_Rates,https://www.cbn.gov.ng/rates/ExchRateByCurrency.html,2026-08-31T23:22:08.958873Z,none
2025-01-23,ngn_fx,africa,NGA,NGN,NGN per US dollar,1550.4787,LCU_per_USD,daily,CBN_NFEM_FX,Nigerian Foreign Exchange Market Rates,https://www.cbn.gov.ng/api/GetAllNFEM_Rates,https://www.cbn.gov.ng/rates/ExchRateByCurrency.html,2026-08-31T23:22:08.958873Z,none
2025-01-24,ngn_fx,africa,NGA,NGN,NGN per US dollar,1533.263,LCU_per_USD,daily,CBN_NFEM_FX,Nigerian Foreign Exchange Market Rates,https://www.cbn.gov.ng/api/GetAllNFEM_Rates,https://www.cbn.gov.ng/rates/ExchRateByCurrency.html,2026-08-31T23:22:08.958873Z,none
2025-01-27,ngn_fx,africa,NGA,NGN,NGN per US dollar,1534.5483,LCU_per_USD,daily,CBN_NFEM_FX,Nigerian Foreign Exchange Market Rates,https://www.cbn.gov.ng/api/GetAllNFEM_Rates,https://www.cbn.gov.ng/rates/ExchRateByCurrency.html,2026-08-31T23:22:08.958873Z,none
2025-01-28,ngn_fx,africa,NGA,NGN,NGN per US dollar,1527.3959,LCU_per_USD,daily,CBN_NFEM_FX,Nigerian Foreign Exchange Market Rates,https://www.cbn.gov.ng/api/GetAllNFEM_Rates,https://www.cbn.gov.ng/rates/ExchRateByCurrency.html,2026-08-31T23:22:08.958873Z,none
2025-01-29,ngn_fx,africa,NGA,NGN,NGN per US dollar,1508.4,LCU_per_USD,daily,CBN_NFEM_FX,Nigerian Foreign Exchange Market Rates,https://www.cbn.gov.ng/api/GetAllNFEM_Rates,https://www.cbn.gov.ng/rates/ExchRateByCurrency.html,2026-08-31T23:22:08.958873Z,none
2025-01-30,ngn_fx,africa,NGA,NGN,NGN per US dollar,1500.7785,LCU_per_USD,daily,CBN_NFEM_FX,Nigerian Foreign Exchange Market Rates,https://www.cbn.gov.ng/api/GetAllNFEM_Rates,https://www.cbn.gov.ng/rates/ExchRateByCurrency.html,2026-08-31T23:22:08.958873Z,none
2025-01-31,ngn_fx,africa,NGA,NGN,NGN per US dollar,1478.22,LCU_per_USD,daily,CBN_NFEM_FX,Nigerian Foreign Exchange Market Rates,https://www.cbn.gov.ng/api/GetAllNFEM_Rates,https://www.cbn.gov.ng/rates/ExchRateByCurrency.html,2026-08-31T23:22:08.958873Z,none
2025-02-03,ngn_fx,africa,NGA,NGN,NGN per US dollar,1488.99,LCU_per_USD,daily,CBN_NFEM_FX,Nigerian Foreign Exchange Market Rates,https://www.cbn.gov.ng/api/GetAllNFEM_Rates,https://www.cbn.gov.ng/rates/ExchRateByCurrency.html,2026-08-31T23:22:08.958873Z,none
2025-02-04,ngn_fx,africa,NGA,NGN,NGN per US dollar,1497.41,LCU_per_USD,daily,CBN_NFEM_FX,Nigerian Foreign Exchange Market Rates,https://www.cbn.gov.ng/api/GetAllNFEM_Rates,https://www.cbn.gov.ng/rates/ExchRateByCurrency.html,2026-08-31T23:22:08.958873Z,none
2025-02-05,ngn_fx,africa,NGA,NGN,NGN per US dollar,1499.14,LCU_per_USD,daily,CBN_NFEM_FX,Nigerian Foreign Exchange Market Rates,https://www.cbn.gov.ng/api/GetAllNFEM_Rates,https://www.cbn.gov.ng/rates/ExchRateByCurrency.html,2026-08-31T23:22:08.958873Z,none
2025-02-06,ngn_fx,africa,NGA,NGN,NGN per US dollar,1499.982,LCU_per_USD,daily,CBN_NFEM_FX,Nigerian Foreign Exchange Market Rates,https://www.cbn.gov.ng/api/GetAllNFEM_Rates,https://www.cbn.gov.ng/rates/ExchRateByCurrency.html,2026-08-31T23:22:08.958873Z,none
2025-02-07,ngn_fx,africa,NGA,NGN,NGN per US dollar,1500.41,LCU_per_USD,daily,CBN_NFEM_FX,Nigerian Foreign Exchange Market Rates,https://www.cbn.gov.ng/api/GetAllNFEM_Rates,https://www.cbn.gov.ng/rates/ExchRateByCurrency.html,2026-08-31T23:22:08.958873Z,none
2025-02-10,ngn_fx,africa,NGA,NGN,NGN per US dollar,1499.78,LCU_per_USD,daily,CBN_NFEM_FX,Nigerian Foreign Exchange Market Rates,https://www.cbn.gov.ng/api/GetAllNFEM_Rates,https://www.cbn.gov.ng/rates/ExchRateByCurrency.html,2026-08-31T23:22:08.958873Z,none
2025-02-11,ngn_fx,africa,NGA,NGN,NGN per US dollar,1503.0718,LCU_per_USD,daily,CBN_NFEM_FX,Nigerian Foreign Exchange Market Rates,https://www.cbn.gov.ng/api/GetAllNFEM_Rates,https://www.cbn.gov.ng/rates/ExchRateByCurrency.html,2026-08-31T23:22:08.958873Z,none
2025-02-12,ngn_fx,africa,NGA,NGN,NGN per US dollar,1504.3,LCU_per_USD,daily,CBN_NFEM_FX,Nigerian Foreign Exchange Market Rates,https://www.cbn.gov.ng/api/GetAllNFEM_Rates,https://www.cbn.gov.ng/rates/ExchRateByCurrency.html,2026-08-31T23:22:08.958873Z,none
2025-02-13,ngn_fx,africa,NGA,NGN,NGN per US dollar,1507.88,LCU_per_USD,daily,CBN_NFEM_FX,Nigerian Foreign Exchange Market Rates,https://www.cbn.gov.ng/api/GetAllNFEM_Rates,https://www.cbn.gov.ng/rates/ExchRateByCurrency.html,2026-08-31T23:22:08.958873Z,none
2025-02-14,ngn_fx,africa,NGA,NGN,NGN per US dollar,1508.6637,LCU_per_USD,daily,CBN_NFEM_FX,Nigerian Foreign Exchange Market Rates,https://www.cbn.gov.ng/api/GetAllNFEM_Rates,https://www.cbn.gov.ng/rates/ExchRateByCurrency.html,2026-08-31T23:22:08.958873Z,none
2025-02-17,ngn_fx,africa,NGA,NGN,NGN per US dollar,1508.5889,LCU_per_USD,daily,CBN_NFEM_FX,Nigerian Foreign Exchange Market Rates,https://www.cbn.gov.ng/api/GetAllNFEM_Rates,https://www.cbn.gov.ng/rates/ExchRateByCurrency.html,2026-08-31T23:22:08.958873Z,none
2025-02-18,ngn_fx,africa,NGA,NGN,NGN per US dollar,1507.223,LCU_per_USD,daily,CBN_NFEM_FX,Nigerian Foreign Exchange Market Rates,https://www.cbn.gov.ng/api/GetAllNFEM_Rates,https://www.cbn.gov.ng/rates/ExchRateByCurrency.html,2026-08-31T23:22:08.958873Z,none
2025-02-19,ngn_fx,africa,NGA,NGN,NGN per US dollar,1509.0387,LCU_per_USD,daily,CBN_NFEM_FX,Nigerian Foreign Exchange Market Rates,https://www.cbn.gov.ng/api/GetAllNFEM_Rates,https://www.cbn.gov.ng/rates/ExchRateByCurrency.html,2026-08-31T23:22:08.958873Z,none
2025-02-20,ngn_fx,africa,NGA,NGN,NGN per US dollar,1500.524,LCU_per_USD,daily,CBN_NFEM_FX,Nigerian Foreign Exchange Market Rates,https://www.cbn.gov.ng/api/GetAllNFEM_Rates,https://www.cbn.gov.ng/rates/ExchRateByCurrency.html,2026-08-31T23:22:08.958873Z,none
2025-02-21,ngn_fx,africa,NGA,NGN,NGN per US dollar,1500.7304,LCU_per_USD,daily,CBN_NFEM_FX,Nigerian Foreign Exchange Market Rates,https://www.cbn.gov.ng/api/GetAllNFEM_Rates,https://www.cbn.gov.ng/rates/ExchRateByCurrency.html,2026-08-31T23:22:08.958873Z,none
2025-02-24,ngn_fx,africa,NGA,NGN,NGN per US dollar,1497.11,LCU_per_USD,daily,CBN_NFEM_FX,Nigerian Foreign Exchange Market Rates,https://www.cbn.gov.ng/api/GetAllNFEM_Rates,https://www.cbn.gov.ng/rates/ExchRateByCurrency.html,2026-08-31T23:22:08.958873Z,none
2025-02-25,ngn_fx,africa,NGA,NGN,NGN per US dollar,1495.91,LCU_per_USD,daily,CBN_NFEM_FX,Nigerian Foreign Exchange Market Rates,https://www.cbn.gov.ng/api/GetAllNFEM_Rates,https://www.cbn.gov.ng/rates/ExchRateByCurrency.html,2026-08-31T23:22:08.958873Z,none
2025-02-26,ngn_fx,africa,NGA,NGN,NGN per US dollar,1499.11,LCU_per_USD,daily,CBN_NFEM_FX,Nigerian Foreign Exchange Market Rates,https://www.cbn.gov.ng/api/GetAllNFEM_Rates,https://www.cbn.gov.ng/rates/ExchRateByCurrency.html,2026-08-31T23:22:08.958873Z,none
2025-02-27,ngn_fx,africa,NGA,NGN,NGN per US dollar,1499.07,LCU_per_USD,daily,CBN_NFEM_FX,Nigerian Foreign Exchange Market Rates,https://www.cbn.gov.ng/api/GetAllNFEM_Rates,https://www.cbn.gov.ng/rates/ExchRateByCurrency.html,2026-08-31T23:22:08.958873Z,none
2025-02-28,ngn_fx,africa,NGA,NGN,NGN per US dollar,1492.49,LCU_per_USD,daily,CBN_NFEM_FX,Nigerian Foreign Exchange Market Rates,https://www.cbn.gov.ng/api/GetAllNFEM_Rates,https://www.cbn.gov.ng/rates/ExchRateByCurrency.html,2026-08-31T23:22:08.958873Z,none
2025-03-03,ngn_fx,africa,NGA,NGN,NGN per US dollar,1498.98,LCU_per_USD,daily,CBN_NFEM_FX,Nigerian Foreign Exchange Market Rates,https://www.cbn.gov.ng/api/GetAllNFEM_Rates,https://www.cbn.gov.ng/rates/ExchRateByCurrency.html,2026-08-31T23:22:08.958873Z,none
2025-03-04,ngn_fx,africa,NGA,NGN,NGN per US dollar,1491.67,LCU_per_USD,daily,CBN_NFEM_FX,Nigerian Foreign Exchange Market Rates,https://www.cbn.gov.ng/api/GetAllNFEM_Rates,https://www.cbn.gov.ng/rates/ExchRateByCurrency.html,2026-08-31T23:22:08.958873Z,none
2025-03-05,ngn_fx,africa,NGA,NGN,NGN per US dollar,1500.8,LCU_per_USD,daily,CBN_NFEM_FX,Nigerian Foreign Exchange Market Rates,https://www.cbn.gov.ng/api/GetAllNFEM_Rates,https://www.cbn.gov.ng/rates/ExchRateByCurrency.html,2026-08-31T23:22:08.958873Z,none
2025-03-06,ngn_fx,africa,NGA,NGN,NGN per US dollar,1512.3,LCU_per_USD,daily,CBN_NFEM_FX,Nigerian Foreign Exchange Market Rates,https://www.cbn.gov.ng/api/GetAllNFEM_Rates,https://www.cbn.gov.ng/rates/ExchRateByCurrency.html,2026-08-31T23:22:08.958873Z,none
2025-03-07,ngn_fx,africa,NGA,NGN,NGN per US dollar,1517.2448,LCU_per_USD,daily,CBN_NFEM_FX,Nigerian Foreign Exchange Market Rates,https://www.cbn.gov.ng/api/GetAllNFEM_Rates,https://www.cbn.gov.ng/rates/ExchRateByCurrency.html,2026-08-31T23:22:08.958873Z,none
2025-03-10,ngn_fx,africa,NGA,NGN,NGN per US dollar,1530.15,LCU_per_USD,daily,CBN_NFEM_FX,Nigerian Foreign Exchange Market Rates,https://www.cbn.gov.ng/api/GetAllNFEM_Rates,https://www.cbn.gov.ng/rates/ExchRateByCurrency.html,2026-08-31T23:22:08.958873Z,none
2025-03-11,ngn_fx,africa,NGA,NGN,NGN per US dollar,1536.1532,LCU_per_USD,daily,CBN_NFEM_FX,Nigerian Foreign Exchange Market Rates,https://www.cbn.gov.ng/api/GetAllNFEM_Rates,https://www.cbn.gov.ng/rates/ExchRateByCurrency.html,2026-08-31T23:22:08.958873Z,none
2025-03-12,ngn_fx,africa,NGA,NGN,NGN per US dollar,1538.6807,LCU_per_USD,daily,CBN_NFEM_FX,Nigerian Foreign Exchange Market Rates,https://www.cbn.gov.ng/api/GetAllNFEM_Rates,https://www.cbn.gov.ng/rates/ExchRateByCurrency.html,2026-08-31T23:22:08.958873Z,none
2025-03-13,ngn_fx,africa,NGA,NGN,NGN per US dollar,1547.819,LCU_per_USD,daily,CBN_NFEM_FX,Nigerian Foreign Exchange Market Rates,https://www.cbn.gov.ng/api/GetAllNFEM_Rates,https://www.cbn.gov.ng/rates/ExchRateByCurrency.html,2026-08-31T23:22:08.958873Z,none
2025-03-14,ngn_fx,africa,NGA,NGN,NGN per US dollar,1517.93,LCU_per_USD,daily,CBN_NFEM_FX,Nigerian Foreign Exchange Market Rates,https://www.cbn.gov.ng/api/GetAllNFEM_Rates,https://www.cbn.gov.ng/rates/ExchRateByCurrency.html,2026-08-31T23:22:08.958873Z,none
2025-03-17,ngn_fx,africa,NGA,NGN,NGN per US dollar,1528.03,LCU_per_USD,daily,CBN_NFEM_FX,Nigerian Foreign Exchange Market Rates,https://www.cbn.gov.ng/api/GetAllNFEM_Rates,https://www.cbn.gov.ng/rates/ExchRateByCurrency.html,2026-08-31T23:22:08.958873Z,none
2025-03-18,ngn_fx,africa,NGA,NGN,NGN per US dollar,1532.93,LCU_per_USD,daily,CBN_NFEM_FX,Nigerian Foreign Exchange Market Rates,https://www.cbn.gov.ng/api/GetAllNFEM_Rates,https://www.cbn.gov.ng/rates/ExchRateByCurrency.html,2026-08-31T23:22:08.958873Z,none
2025-03-19,ngn_fx,africa,NGA,NGN,NGN per US dollar,1530.52,LCU_per_USD,daily,CBN_NFEM_FX,Nigerian Foreign Exchange Market Rates,https://www.cbn.gov.ng/api/GetAllNFEM_Rates,https://www.cbn.gov.ng/rates/ExchRateByCurrency.html,2026-08-31T23:22:08.958873Z,none
2025-03-20,ngn_fx,africa,NGA,NGN,NGN per US dollar,1530.62,LCU_per_USD,daily,CBN_NFEM_FX,Nigerian Foreign Exchange Market Rates,https://www.cbn.gov.ng/api/GetAllNFEM_Rates,https://www.cbn.gov.ng/rates/ExchRateByCurrency.html,2026-08-31T23:22:08.958873Z,none
2025-03-21,ngn_fx,africa,NGA,NGN,NGN per US dollar,1536.89,LCU_per_USD,daily,CBN_NFEM_FX,Nigerian Foreign Exchange Market Rates,https://www.cbn.gov.ng/api/GetAllNFEM_Rates,https://www.cbn.gov.ng/rates/ExchRateByCurrency.html,2026-08-31T23:22:08.958873Z,none
2025-03-24,ngn_fx,africa,NGA,NGN,NGN per US dollar,1531.19,LCU_per_USD,daily,CBN_NFEM_FX,Nigerian Foreign Exchange Market Rates,https://www.cbn.gov.ng/api/GetAllNFEM_Rates,https://www.cbn.gov.ng/rates/ExchRateByCurrency.html,2026-08-31T23:22:08.958873Z,none
2025-03-25,ngn_fx,africa,NGA,NGN,NGN per US dollar,1532.39,LCU_per_USD,daily,CBN_NFEM_FX,Nigerian Foreign Exchange Market Rates,https://www.cbn.gov.ng/api/GetAllNFEM_Rates,https://www.cbn.gov.ng/rates/ExchRateByCurrency.html,2026-08-31T23:22:08.958873Z,none
2025-03-26,ngn_fx,africa,NGA,NGN,NGN per US dollar,1537.62,LCU_per_USD,daily,CBN_NFEM_FX,Nigerian Foreign Exchange Market Rates,https://www.cbn.gov.ng/api/GetAllNFEM_Rates,https://www.cbn.gov.ng/rates/ExchRateByCurrency.html,2026-08-31T23:22:08.958873Z,none
2025-03-27,ngn_fx,africa,NGA,NGN,NGN per US dollar,1538.66,LCU_per_USD,daily,CBN_NFEM_FX,Nigerian Foreign Exchange Market Rates,https://www.cbn.gov.ng/api/GetAllNFEM_Rates,https://www.cbn.gov.ng/rates/ExchRateByCurrency.html,2026-08-31T23:22:08.958873Z,none
2025-03-28,ngn_fx,africa,NGA,NGN,NGN per US dollar,1536.82,LCU_per_USD,daily,CBN_NFEM_FX,Nigerian Foreign Exchange Market Rates,https://www.cbn.gov.ng/api/GetAllNFEM_Rates,https://www.cbn.gov.ng/rates/ExchRateByCurrency.html,2026-08-31T23:22:08.958873Z,none
2025-04-02,ngn_fx,africa,NGA,NGN,NGN per US dollar,1531.25,LCU_per_USD,daily,CBN_NFEM_FX,Nigerian Foreign Exchange Market Rates,https://www.cbn.gov.ng/api/GetAllNFEM_Rates,https://www.cbn.gov.ng/rates/ExchRateByCurrency.html,2026-08-31T23:22:08.958873Z,none
2025-04-03,ngn_fx,africa,NGA,NGN,NGN per US dollar,1552.53,LCU_per_USD,daily,CBN_NFEM_FX,Nigerian Foreign Exchange Market Rates,https://www.cbn.gov.ng/api/GetAllNFEM_Rates,https://www.cbn.gov.ng/rates/ExchRateByCurrency.html,2026-08-31T23:22:08.958873Z,none
2025-04-04,ngn_fx,africa,NGA,NGN,NGN per US dollar,1567.02,LCU_per_USD,daily,CBN_NFEM_FX,Nigerian Foreign Exchange Market Rates,https://www.cbn.gov.ng/api/GetAllNFEM_Rates,https://www.cbn.gov.ng/rates/ExchRateByCurrency.html,2026-08-31T23:22:08.958873Z,none
2025-04-07,ngn_fx,africa,NGA,NGN,NGN per US dollar,1612.2368,LCU_per_USD,daily,CBN_NFEM_FX,Nigerian Foreign Exchange Market Rates,https://www.cbn.gov.ng/api/GetAllNFEM_Rates,https://www.cbn.gov.ng/rates/ExchRateByCurrency.html,2026-08-31T23:22:08.958873Z,none
2025-04-08,ngn_fx,africa,NGA,NGN,NGN per US dollar,1611.5535,LCU_per_USD,daily,CBN_NFEM_FX,Nigerian Foreign Exchange Market Rates,https://www.cbn.gov.ng/api/GetAllNFEM_Rates,https://www.cbn.gov.ng/rates/ExchRateByCurrency.html,2026-08-31T23:22:08.958873Z,none
2025-04-09,ngn_fx,africa,NGA,NGN,NGN per US dollar,1629.9366,LCU_per_USD,daily,CBN_NFEM_FX,Nigerian Foreign Exchange Market Rates,https://www.cbn.gov.ng/api/GetAllNFEM_Rates,https://www.cbn.gov.ng/rates/ExchRateByCurrency.html,2026-08-31T23:22:08.958873Z,none
2025-04-10,ngn_fx,africa,NGA,NGN,NGN per US dollar,1591.8496,LCU_per_USD,daily,CBN_NFEM_FX,Nigerian Foreign Exchange Market Rates,https://www.cbn.gov.ng/api/GetAllNFEM_Rates,https://www.cbn.gov.ng/rates/ExchRateByCurrency.html,2026-08-31T23:22:08.958873Z,none
2025-04-11,ngn_fx,africa,NGA,NGN,NGN per US dollar,1603.7832,LCU_per_USD,daily,CBN_NFEM_FX,Nigerian Foreign Exchange Market Rates,https://www.cbn.gov.ng/api/GetAllNFEM_Rates,https://www.cbn.gov.ng/rates/ExchRateByCurrency.html,2026-08-31T23:22:08.958873Z,none
2025-04-14,ngn_fx,africa,NGA,NGN,NGN per US dollar,1604.4809,LCU_per_USD,daily,CBN_NFEM_FX,Nigerian Foreign Exchange Market Rates,https://www.cbn.gov.ng/api/GetAllNFEM_Rates,https://www.cbn.gov.ng/rates/ExchRateByCurrency.html,2026-08-31T23:22:08.958873Z,none
2025-04-15,ngn_fx,africa,NGA,NGN,NGN per US dollar,1598.9548,LCU_per_USD,daily,CBN_NFEM_FX,Nigerian Foreign Exchange Market Rates,https://www.cbn.gov.ng/api/GetAllNFEM_Rates,https://www.cbn.gov.ng/rates/ExchRateByCurrency.html,2026-08-31T23:22:08.958873Z,none
2025-04-16,ngn_fx,africa,NGA,NGN,NGN per US dollar,1599.7991,LCU_per_USD,daily,CBN_NFEM_FX,Nigerian Foreign Exchange Market Rates,https://www.cbn.gov.ng/api/GetAllNFEM_Rates,https://www.cbn.gov.ng/rates/ExchRateByCurrency.html,2026-08-31T23:22:08.958873Z,none
2025-04-17,ngn_fx,africa,NGA,NGN,NGN per US dollar,1599.9384,LCU_per_USD,daily,CBN_NFEM_FX,Nigerian Foreign Exchange Market Rates,https://www.cbn.gov.ng/api/GetAllNFEM_Rates,https://www.cbn.gov.ng/rates/ExchRateByCurrency.html,2026-08-31T23:22:08.958873Z,none
2025-04-22,ngn_fx,africa,NGA,NGN,NGN per US dollar,1602.6318,LCU_per_USD,daily,CBN_NFEM_FX,Nigerian Foreign Exchange Market Rates,https://www.cbn.gov.ng/api/GetAllNFEM_Rates,https://www.cbn.gov.ng/rates/ExchRateByCurrency.html,2026-08-31T23:22:08.958873Z,none
2025-04-23,ngn_fx,africa,NGA,NGN,NGN per US dollar,1602.3043,LCU_per_USD,daily,CBN_NFEM_FX,Nigerian Foreign Exchange Market Rates,https://www.cbn.gov.ng/api/GetAllNFEM_Rates,https://www.cbn.gov.ng/rates/ExchRateByCurrency.html,2026-08-31T23:22:08.958873Z,none
2025-04-24,ngn_fx,africa,NGA,NGN,NGN per US dollar,1601.8226,LCU_per_USD,daily,CBN_NFEM_FX,Nigerian Foreign Exchange Market Rates,https://www.cbn.gov.ng/api/GetAllNFEM_Rates,https://www.cbn.gov.ng/rates/ExchRateByCurrency.html,2026-08-31T23:22:08.958873Z,none
2025-04-25,ngn_fx,africa,NGA,NGN,NGN per US dollar,1599.5491,LCU_per_USD,daily,CBN_NFEM_FX,Nigerian Foreign Exchange Market Rates,https://www.cbn.gov.ng/api/GetAllNFEM_Rates,https://www.cbn.gov.ng/rates/ExchRateByCurrency.html,2026-08-31T23:22:08.958873Z,none
2025-04-28,ngn_fx,africa,NGA,NGN,NGN per US dollar,1599.9452,LCU_per_USD,daily,CBN_NFEM_FX,Nigerian Foreign Exchange Market Rates,https://www.cbn.gov.ng/api/GetAllNFEM_Rates,https://www.cbn.gov.ng/rates/ExchRateByCurrency.html,2026-08-31T23:22:08.958873Z,none
2025-04-29,ngn_fx,africa,NGA,NGN,NGN per US dollar,1599.7055,LCU_per_USD,daily,CBN_NFEM_FX,Nigerian Foreign Exchange Market Rates,https://www.cbn.gov.ng/api/GetAllNFEM_Rates,https://www.cbn.gov.ng/rates/ExchRateByCurrency.html,2026-08-31T23:22:08.958873Z,none
2025-04-30,ngn_fx,africa,NGA,NGN,NGN per US dollar,1596.6891,LCU_per_USD,daily,CBN_NFEM_FX,Nigerian Foreign Exchange Market Rates,https://www.cbn.gov.ng/api/GetAllNFEM_Rates,https://www.cbn.gov.ng/rates/ExchRateByCurrency.html,2026-08-31T23:22:08.958873Z,none
2025-05-02,ngn_fx,africa,NGA,NGN,NGN per US dollar,1602.1811,LCU_per_USD,daily,CBN_NFEM_FX,Nigerian Foreign Exchange Market Rates,https://www.cbn.gov.ng/api/GetAllNFEM_Rates,https://www.cbn.gov.ng/rates/ExchRateByCurrency.html,2026-08-31T23:22:08.958873Z,none
2025-05-05,ngn_fx,africa,NGA,NGN,NGN per US dollar,1605.6284,LCU_per_USD,daily,CBN_NFEM_FX,Nigerian Foreign Exchange Market Rates,https://www.cbn.gov.ng/api/GetAllNFEM_Rates,https://www.cbn.gov.ng/rates/ExchRateByCurrency.html,2026-08-31T23:22:08.958873Z,none
2025-05-06,ngn_fx,africa,NGA,NGN,NGN per US dollar,1606.6413,LCU_per_USD,daily,CBN_NFEM_FX,Nigerian Foreign Exchange Market Rates,https://www.cbn.gov.ng/api/GetAllNFEM_Rates,https://www.cbn.gov.ng/rates/ExchRateByCurrency.html,2026-08-31T23:22:08.958873Z,none
2025-05-07,ngn_fx,africa,NGA,NGN,NGN per US dollar,1608.6036,LCU_per_USD,daily,CBN_NFEM_FX,Nigerian Foreign Exchange Market Rates,https://www.cbn.gov.ng/api/GetAllNFEM_Rates,https://www.cbn.gov.ng/rates/ExchRateByCurrency.html,2026-08-31T23:22:08.958873Z,none
2025-05-08,ngn_fx,africa,NGA,NGN,NGN per US dollar,1609.6357,LCU_per_USD,daily,CBN_NFEM_FX,Nigerian Foreign Exchange Market Rates,https://www.cbn.gov.ng/api/GetAllNFEM_Rates,https://www.cbn.gov.ng/rates/ExchRateByCurrency.html,2026-08-31T23:22:08.958873Z,none
2025-05-09,ngn_fx,africa,NGA,NGN,NGN per US dollar,1606.1524,LCU_per_USD,daily,CBN_NFEM_FX,Nigerian Foreign Exchange Market Rates,https://www.cbn.gov.ng/api/GetAllNFEM_Rates,https://www.cbn.gov.ng/rates/ExchRateByCurrency.html,2026-08-31T23:22:08.958873Z,none
2025-05-12,ngn_fx,africa,NGA,NGN,NGN per US dollar,1600.4396,LCU_per_USD,daily,CBN_NFEM_FX,Nigerian Foreign Exchange Market Rates,https://www.cbn.gov.ng/api/GetAllNFEM_Rates,https://www.cbn.gov.ng/rates/ExchRateByCurrency.html,2026-08-31T23:22:08.958873Z,none
2025-05-13,ngn_fx,africa,NGA,NGN,NGN per US dollar,1600.0307,LCU_per_USD,daily,CBN_NFEM_FX,Nigerian Foreign Exchange Market Rates,https://www.cbn.gov.ng/api/GetAllNFEM_Rates,https://www.cbn.gov.ng/rates/ExchRateByCurrency.html,2026-08-31T23:22:08.958873Z,none
2025-05-14,ngn_fx,africa,NGA,NGN,NGN per US dollar,1596.7,LCU_per_USD,daily,CBN_NFEM_FX,Nigerian Foreign Exchange Market Rates,https://www.cbn.gov.ng/api/GetAllNFEM_Rates,https://www.cbn.gov.ng/rates/ExchRateByCurrency.html,2026-08-31T23:22:08.958873Z,none
2025-05-15,ngn_fx,africa,NGA,NGN,NGN per US dollar,1599.3294,LCU_per_USD,daily,CBN_NFEM_FX,Nigerian Foreign Exchange Market Rates,https://www.cbn.gov.ng/api/GetAllNFEM_Rates,https://www.cbn.gov.ng/rates/ExchRateByCurrency.html,2026-08-31T23:22:08.958873Z,none
2025-05-16,ngn_fx,africa,NGA,NGN,NGN per US dollar,1598.721,LCU_per_USD,daily,CBN_NFEM_FX,Nigerian Foreign Exchange Market Rates,https://www.cbn.gov.ng/api/GetAllNFEM_Rates,https://www.cbn.gov.ng/rates/ExchRateByCurrency.html,2026-08-31T23:22:08.958873Z,none
2025-05-19,ngn_fx,africa,NGA,NGN,NGN per US dollar,1598.6885,LCU_per_USD,daily,CBN_NFEM_FX,Nigerian Foreign Exchange Market Rates,https://www.cbn.gov.ng/api/GetAllNFEM_Rates,https://www.cbn.gov.ng/rates/ExchRateByCurrency.html,2026-08-31T23:22:08.958873Z,none
2025-05-20,ngn_fx,africa,NGA,NGN,NGN per US dollar,1590.4571,LCU_per_USD,daily,CBN_NFEM_FX,Nigerian Foreign Exchange Market Rates,https://www.cbn.gov.ng/api/GetAllNFEM_Rates,https://www.cbn.gov.ng/rates/ExchRateByCurrency.html,2026-08-31T23:22:08.958873Z,none
2025-05-21,ngn_fx,africa,NGA,NGN,NGN per US dollar,1584.4966,LCU_per_USD,daily,CBN_NFEM_FX,Nigerian Foreign Exchange Market Rates,https://www.cbn.gov.ng/api/GetAllNFEM_Rates,https://www.cbn.gov.ng/rates/ExchRateByCurrency.html,2026-08-31T23:22:08.958873Z,none
2025-05-22,ngn_fx,africa,NGA,NGN,NGN per US dollar,1584.9542,LCU_per_USD,daily,CBN_NFEM_FX,Nigerian Foreign Exchange Market Rates,https://www.cbn.gov.ng/api/GetAllNFEM_Rates,https://www.cbn.gov.ng/rates/ExchRateByCurrency.html,2026-08-31T23:22:08.958873Z,none
2025-05-23,ngn_fx,africa,NGA,NGN,NGN per US dollar,1580.4411,LCU_per_USD,daily,CBN_NFEM_FX,Nigerian Foreign Exchange Market Rates,https://www.cbn.gov.ng/api/GetAllNFEM_Rates,https://www.cbn.gov.ng/rates/ExchRateByCurrency.html,2026-08-31T23:22:08.958873Z,none
2025-05-26,ngn_fx,africa,NGA,NGN,NGN per US dollar,1579.408,LCU_per_USD,daily,CBN_NFEM_FX,Nigerian Foreign Exchange Market Rates,https://www.cbn.gov.ng/api/GetAllNFEM_Rates,https://www.cbn.gov.ng/rates/ExchRateByCurrency.html,2026-08-31T23:22:08.958873Z,none
2025-05-27,ngn_fx,africa,NGA,NGN,NGN per US dollar,1583.7388,LCU_per_USD,daily,CBN_NFEM_FX,Nigerian Foreign Exchange Market Rates,https://www.cbn.gov.ng/api/GetAllNFEM_Rates,https://www.cbn.gov.ng/rates/ExchRateByCurrency.html,2026-08-31T23:22:08.958873Z,none
2025-05-28,ngn_fx,africa,NGA,NGN,NGN per US dollar,1590.7471,LCU_per_USD,daily,CBN_NFEM_FX,Nigerian Foreign Exchange Market Rates,https://www.cbn.gov.ng/api/GetAllNFEM_Rates,https://www.cbn.gov.ng/rates/ExchRateByCurrency.html,2026-08-31T23:22:08.958873Z,none
2025-05-29,ngn_fx,africa,NGA,NGN,NGN per US dollar,1586.152,LCU_per_USD,daily,CBN_NFEM_FX,Nigerian Foreign Exchange Market Rates,https://www.cbn.gov.ng/api/GetAllNFEM_Rates,https://www.cbn.gov.ng/rates/ExchRateByCurrency.html,2026-08-31T23:22:08.958873Z,none
2025-05-30,ngn_fx,africa,NGA,NGN,NGN per US dollar,1586.1524,LCU_per_USD,daily,CBN_NFEM_FX,Nigerian Foreign Exchange Market Rates,https://www.cbn.gov.ng/api/GetAllNFEM_Rates,https://www.cbn.gov.ng/rates/ExchRateByCurrency.html,2026-08-31T23:22:08.958873Z,none
2025-06-02,ngn_fx,africa,NGA,NGN,NGN per US dollar,1581.5866,LCU_per_USD,daily,CBN_NFEM_FX,Nigerian Foreign Exchange Market Rates,https://www.cbn.gov.ng/api/GetAllNFEM_Rates,https://www.cbn.gov.ng/rates/ExchRateByCurrency.html,2026-08-31T23:22:08.958873Z,none
2025-06-03,ngn_fx,africa,NGA,NGN,NGN per US dollar,1579.275,LCU_per_USD,daily,CBN_NFEM_FX,Nigerian Foreign Exchange Market Rates,https://www.cbn.gov.ng/api/GetAllNFEM_Rates,https://www.cbn.gov.ng/rates/ExchRateByCurrency.html,2026-08-31T23:22:08.958873Z,none
2025-06-04,ngn_fx,africa,NGA,NGN,NGN per US dollar,1565.4625,LCU_per_USD,daily,CBN_NFEM_FX,Nigerian Foreign Exchange Market Rates,https://www.cbn.gov.ng/api/GetAllNFEM_Rates,https://www.cbn.gov.ng/rates/ExchRateByCurrency.html,2026-08-31T23:22:08.958873Z,none
2025-06-05,ngn_fx,africa,NGA,NGN,NGN per US dollar,1553.1157,LCU_per_USD,daily,CBN_NFEM_FX,Nigerian Foreign Exchange Market Rates,https://www.cbn.gov.ng/api/GetAllNFEM_Rates,https://www.cbn.gov.ng/rates/ExchRateByCurrency.html,2026-08-31T23:22:08.958873Z,none
2025-06-10,ngn_fx,africa,NGA,NGN,NGN per US dollar,1540.0481,LCU_per_USD,daily,CBN_NFEM_FX,Nigerian Foreign Exchange Market Rates,https://www.cbn.gov.ng/api/GetAllNFEM_Rates,https://www.cbn.gov.ng/rates/ExchRateByCurrency.html,2026-08-31T23:22:08.958873Z,none
2025-06-11,ngn_fx,africa,NGA,NGN,NGN per US dollar,1539.7248,LCU_per_USD,daily,CBN_NFEM_FX,Nigerian Foreign Exchange Market Rates,https://www.cbn.gov.ng/api/GetAllNFEM_Rates,https://www.cbn.gov.ng/rates/ExchRateByCurrency.html,2026-08-31T23:22:08.958873Z,none
2025-06-13,ngn_fx,africa,NGA,NGN,NGN per US dollar,1549.3511,LCU_per_USD,daily,CBN_NFEM_FX,Nigerian Foreign Exchange Market Rates,https://www.cbn.gov.ng/api/GetAllNFEM_Rates,https://www.cbn.gov.ng/rates/ExchRateByCurrency.html,2026-08-31T23:22:08.958873Z,none
2025-06-16,ngn_fx,africa,NGA,NGN,NGN per US dollar,1544.6264,LCU_per_USD,daily,CBN_NFEM_FX,Nigerian Foreign Exchange Market Rates,https://www.cbn.gov.ng/api/GetAllNFEM_Rates,https://www.cbn.gov.ng/rates/ExchRateByCurrency.html,2026-08-31T23:22:08.958873Z,none
2025-06-17,ngn_fx,africa,NGA,NGN,NGN per US dollar,1545.265,LCU_per_USD,daily,CBN_NFEM_FX,Nigerian Foreign Exchange Market Rates,https://www.cbn.gov.ng/api/GetAllNFEM_Rates,https://www.cbn.gov.ng/rates/ExchRateByCurrency.html,2026-08-31T23:22:08.958873Z,none
2025-06-18,ngn_fx,africa,NGA,NGN,NGN per US dollar,1549.2093,LCU_per_USD,daily,CBN_NFEM_FX,Nigerian Foreign Exchange Market Rates,https://www.cbn.gov.ng/api/GetAllNFEM_Rates,https://www.cbn.gov.ng/rates/ExchRateByCurrency.html,2026-08-31T23:22:08.958873Z,none
2025-06-19,ngn_fx,africa,NGA,NGN,NGN per US dollar,1549.4193,LCU_per_USD,daily,CBN_NFEM_FX,Nigerian Foreign Exchange Market Rates,https://www.cbn.gov.ng/api/GetAllNFEM_Rates,https://www.cbn.gov.ng/rates/ExchRateByCurrency.html,2026-08-31T23:22:08.958873Z,none
2025-06-20,ngn_fx,africa,NGA,NGN,NGN per US dollar,1547.3636,LCU_per_USD,daily,CBN_NFEM_FX,Nigerian Foreign Exchange Market Rates,https://www.cbn.gov.ng/api/GetAllNFEM_Rates,https://www.cbn.gov.ng/rates/ExchRateByCurrency.html,2026-08-31T23:22:08.958873Z,none
2025-06-23,ngn_fx,africa,NGA,NGN,NGN per US dollar,1548.5237,LCU_per_USD,daily,CBN_NFEM_FX,Nigerian Foreign Exchange Market Rates,https://www.cbn.gov.ng/api/GetAllNFEM_Rates,https://www.cbn.gov.ng/rates/ExchRateByCurrency.html,2026-08-31T23:22:08.958873Z,none
2025-06-24,ngn_fx,africa,NGA,NGN,NGN per US dollar,1549.0368,LCU_per_USD,daily,CBN_NFEM_FX,Nigerian Foreign Exchange Market Rates,https://www.cbn.gov.ng/api/GetAllNFEM_Rates,https://www.cbn.gov.ng/rates/ExchRateByCurrency.html,2026-08-31T23:22:08.958873Z,none
2025-06-25,ngn_fx,africa,NGA,NGN,NGN per US dollar,1549.2616,LCU_per_USD,daily,CBN_NFEM_FX,Nigerian Foreign Exchange Market Rates,https://www.cbn.gov.ng/api/GetAllNFEM_Rates,https://www.cbn.gov.ng/rates/ExchRateByCurrency.html,2026-08-31T23:22:08.958873Z,none
2025-06-26,ngn_fx,africa,NGA,NGN,NGN per US dollar,1536.0817,LCU_per_USD,daily,CBN_NFEM_FX,Nigerian Foreign Exchange Market Rates,https://www.cbn.gov.ng/api/GetAllNFEM_Rates,https://www.cbn.gov.ng/rates/ExchRateByCurrency.html,2026-08-31T23:22:08.958873Z,none
2025-06-27,ngn_fx,africa,NGA,NGN,NGN per US dollar,1539.2359,LCU_per_USD,daily,CBN_NFEM_FX,Nigerian Foreign Exchange Market Rates,https://www.cbn.gov.ng/api/GetAllNFEM_Rates,https://www.cbn.gov.ng/rates/ExchRateByCurrency.html,2026-08-31T23:22:08.958873Z,none
2025-06-30,ngn_fx,africa,NGA,NGN,NGN per US dollar,1529.7105,LCU_per_USD,daily,CBN_NFEM_FX,Nigerian Foreign Exchange Market Rates,https://www.cbn.gov.ng/api/GetAllNFEM_Rates,https://www.cbn.gov.ng/rates/ExchRateByCurrency.html,2026-08-31T23:22:08.958873Z,none
2025-07-01,ngn_fx,africa,NGA,NGN,NGN per US dollar,1529.5795,LCU_per_USD,daily,CBN_NFEM_FX,Nigerian Foreign Exchange Market Rates,https://www.cbn.gov.ng/api/GetAllNFEM_Rates,https://www.cbn.gov.ng/rates/ExchRateByCurrency.html,2026-08-31T23:22:08.958873Z,none
2025-07-02,ngn_fx,africa,NGA,NGN,NGN per US dollar,1526.1577,LCU_per_USD,daily,CBN_NFEM_FX,Nigerian Foreign Exchange Market Rates,https://www.cbn.gov.ng/api/GetAllNFEM_Rates,https://www.cbn.gov.ng/rates/ExchRateByCurrency.html,2026-08-31T23:22:08.958873Z,none
2025-07-03,ngn_fx,africa,NGA,NGN,NGN per US dollar,1525.8246,LCU_per_USD,daily,CBN_NFEM_FX,Nigerian Foreign Exchange Market Rates,https://www.cbn.gov.ng/api/GetAllNFEM_Rates,https://www.cbn.gov.ng/rates/ExchRateByCurrency.html,2026-08-31T23:22:08.958873Z,none
2025-07-04,ngn_fx,africa,NGA,NGN,NGN per US dollar,1528.5616,LCU_per_USD,daily,CBN_NFEM_FX,Nigerian Foreign Exchange Market Rates,https://www.cbn.gov.ng/api/GetAllNFEM_Rates,https://www.cbn.gov.ng/rates/ExchRateByCurrency.html,2026-08-31T23:22:08.958873Z,none
2025-07-07,ngn_fx,africa,NGA,NGN,NGN per US dollar,1528.3301,LCU_per_USD,daily,CBN_NFEM_FX,Nigerian Foreign Exchange Market Rates,https://www.cbn.gov.ng/api/GetAllNFEM_Rates,https://www.cbn.gov.ng/rates/ExchRateByCurrency.html,2026-08-31T23:22:08.958873Z,none
2025-07-08,ngn_fx,africa,NGA,NGN,NGN per US dollar,1529.223,LCU_per_USD,daily,CBN_NFEM_FX,Nigerian Foreign Exchange Market Rates,https://www.cbn.gov.ng/api/GetAllNFEM_Rates,https://www.cbn.gov.ng/rates/ExchRateByCurrency.html,2026-08-31T23:22:08.958873Z,none
2025-07-09,ngn_fx,africa,NGA,NGN,NGN per US dollar,1520.749,LCU_per_USD,daily,CBN_NFEM_FX,Nigerian Foreign Exchange Market Rates,https://www.cbn.gov.ng/api/GetAllNFEM_Rates,https://www.cbn.gov.ng/rates/ExchRateByCurrency.html,2026-08-31T23:22:08.958873Z,none
2025-07-10,ngn_fx,africa,NGA,NGN,NGN per US dollar,1525.98,LCU_per_USD,daily,CBN_NFEM_FX,Nigerian Foreign Exchange Market Rates,https://www.cbn.gov.ng/api/GetAllNFEM_Rates,https://www.cbn.gov.ng/rates/ExchRateByCurrency.html,2026-08-31T23:22:08.958873Z,none
2025-07-11,ngn_fx,africa,NGA,NGN,NGN per US dollar,1530.2634,LCU_per_USD,daily,CBN_NFEM_FX,Nigerian Foreign Exchange Market Rates,https://www.cbn.gov.ng/api/GetAllNFEM_Rates,https://www.cbn.gov.ng/rates/ExchRateByCurrency.html,2026-08-31T23:22:08.958873Z,none
2025-07-14,ngn_fx,africa,NGA,NGN,NGN per US dollar,1518.8873,LCU_per_USD,daily,CBN_NFEM_FX,Nigerian Foreign Exchange Market Rates,https://www.cbn.gov.ng/api/GetAllNFEM_Rates,https://www.cbn.gov.ng/rates/ExchRateByCurrency.html,2026-08-31T23:22:08.958873Z,none
2025-07-16,ngn_fx,africa,NGA,NGN,NGN per US dollar,1530.2562,LCU_per_USD,daily,CBN_NFEM_FX,Nigerian Foreign Exchange Market Rates,https://www.cbn.gov.ng/api/GetAllNFEM_Rates,https://www.cbn.gov.ng/rates/ExchRateByCurrency.html,2026-08-31T23:22:08.958873Z,none
2025-07-17,ngn_fx,africa,NGA,NGN,NGN per US dollar,1533.1109,LCU_per_USD,daily,CBN_NFEM_FX,Nigerian Foreign Exchange Market Rates,https://www.cbn.gov.ng/api/GetAllNFEM_Rates,https://www.cbn.gov.ng/rates/ExchRateByCurrency.html,2026-08-31T23:22:08.958873Z,none
2025-07-18,ngn_fx,africa,NGA,NGN,NGN per US dollar,1532.3405,LCU_per_USD,daily,CBN_NFEM_FX,Nigerian Foreign Exchange Market Rates,https://www.cbn.gov.ng/api/GetAllNFEM_Rates,https://www.cbn.gov.ng/rates/ExchRateByCurrency.html,2026-08-31T23:22:08.958873Z,none
2025-07-21,ngn_fx,africa,NGA,NGN,NGN per US dollar,1532.5428,LCU_per_USD,daily,CBN_NFEM_FX,Nigerian Foreign Exchange Market Rates,https://www.cbn.gov.ng/api/GetAllNFEM_Rates,https://www.cbn.gov.ng/rates/ExchRateByCurrency.html,2026-08-31T23:22:08.958873Z,none
2025-07-22,ngn_fx,africa,NGA,NGN,NGN per US dollar,1535.2369,LCU_per_USD,daily,CBN_NFEM_FX,Nigerian Foreign Exchange Market Rates,https://www.cbn.gov.ng/api/GetAllNFEM_Rates,https://www.cbn.gov.ng/rates/ExchRateByCurrency.html,2026-08-31T23:22:08.958873Z,none
2025-07-23,ngn_fx,africa,NGA,NGN,NGN per US dollar,1535.6169,LCU_per_USD,daily,CBN_NFEM_FX,Nigerian Foreign Exchange Market Rates,https://www.cbn.gov.ng/api/GetAllNFEM_Rates,https://www.cbn.gov.ng/rates/ExchRateByCurrency.html,2026-08-31T23:22:08.958873Z,none
2025-07-24,ngn_fx,africa,NGA,NGN,NGN per US dollar,1534.7887,LCU_per_USD,daily,CBN_NFEM_FX,Nigerian Foreign Exchange Market Rates,https://www.cbn.gov.ng/api/GetAllNFEM_Rates,https://www.cbn.gov.ng/rates/ExchRateByCurrency.html,2026-08-31T23:22:08.958873Z,none
2025-07-25,ngn_fx,africa,NGA,NGN,NGN per US dollar,1534.7193,LCU_per_USD,daily,CBN_NFEM_FX,Nigerian Foreign Exchange Market Rates,https://www.cbn.gov.ng/api/GetAllNFEM_Rates,https://www.cbn.gov.ng/rates/ExchRateByCurrency.html,2026-08-31T23:22:08.958873Z,none
2025-07-28,ngn_fx,africa,NGA,NGN,NGN per US dollar,1534.209,LCU_per_USD,daily,CBN_NFEM_FX,Nigerian Foreign Exchange Market Rates,https://www.cbn.gov.ng/api/GetAllNFEM_Rates,https://www.cbn.gov.ng/rates/ExchRateByCurrency.html,2026-08-31T23:22:08.958873Z,none
2025-07-29,ngn_fx,africa,NGA,NGN,NGN per US dollar,1533.1823,LCU_per_USD,daily,CBN_NFEM_FX,Nigerian Foreign Exchange Market Rates,https://www.cbn.gov.ng/api/GetAllNFEM_Rates,https://www.cbn.gov.ng/rates/ExchRateByCurrency.html,2026-08-31T23:22:08.958873Z,none
2025-07-30,ngn_fx,africa,NGA,NGN,NGN per US dollar,1534.5214,LCU_per_USD,daily,CBN_NFEM_FX,Nigerian Foreign Exchange Market Rates,https://www.cbn.gov.ng/api/GetAllNFEM_Rates,https://www.cbn.gov.ng/rates/ExchRateByCurrency.html,2026-08-31T23:22:08.958873Z,none
2025-07-31,ngn_fx,africa,NGA,NGN,NGN per US dollar,1533.554,LCU_per_USD,daily,CBN_NFEM_FX,Nigerian Foreign Exchange Market Rates,https://www.cbn.gov.ng/api/GetAllNFEM_Rates,https://www.cbn.gov.ng/rates/ExchRateByCurrency.html,2026-08-31T23:22:08.958873Z,none
2025-08-01,ngn_fx,africa,NGA,NGN,NGN per US dollar,1533.7443,LCU_per_USD,daily,CBN_NFEM_FX,Nigerian Foreign Exchange Market Rates,https://www.cbn.gov.ng/api/GetAllNFEM_Rates,https://www.cbn.gov.ng/rates/ExchRateByCurrency.html,2026-08-31T23:22:08.958873Z,none
2025-08-04,ngn_fx,africa,NGA,NGN,NGN per US dollar,1531.954,LCU_per_USD,daily,CBN_NFEM_FX,Nigerian Foreign Exchange Market Rates,https://www.cbn.gov.ng/api/GetAllNFEM_Rates,https://www.cbn.gov.ng/rates/ExchRateByCurrency.html,2026-08-31T23:22:08.958873Z,none
2025-08-05,ngn_fx,africa,NGA,NGN,NGN per US dollar,1533.1032,LCU_per_USD,daily,CBN_NFEM_FX,Nigerian Foreign Exchange Market Rates,https://www.cbn.gov.ng/api/GetAllNFEM_Rates,https://www.cbn.gov.ng/rates/ExchRateByCurrency.html,2026-08-31T23:22:08.958873Z,none
2025-08-06,ngn_fx,africa,NGA,NGN,NGN per US dollar,1534.4368,LCU_per_USD,daily,CBN_NFEM_FX,Nigerian Foreign Exchange Market Rates,https://www.cbn.gov.ng/api/GetAllNFEM_Rates,https://www.cbn.gov.ng/rates/ExchRateByCurrency.html,2026-08-31T23:22:08.958873Z,none
2025-08-07,ngn_fx,africa,NGA,NGN,NGN per US dollar,1533.7313,LCU_per_USD,daily,CBN_NFEM_FX,Nigerian Foreign Exchange Market Rates,https://www.cbn.gov.ng/api/GetAllNFEM_Rates,https://www.cbn.gov.ng/rates/ExchRateByCurrency.html,2026-08-31T23:22:08.958873Z,none
2025-08-08,ngn_fx,africa,NGA,NGN,NGN per US dollar,1533.5652,LCU_per_USD,daily,CBN_NFEM_FX,Nigerian Foreign Exchange Market Rates,https://www.cbn.gov.ng/api/GetAllNFEM_Rates,https://www.cbn.gov.ng/rates/ExchRateByCurrency.html,2026-08-31T23:22:08.958873Z,none
2025-08-11,ngn_fx,africa,NGA,NGN,NGN per US dollar,1535.9285,LCU_per_USD,daily,CBN_NFEM_FX,Nigerian Foreign Exchange Market Rates,https://www.cbn.gov.ng/api/GetAllNFEM_Rates,https://www.cbn.gov.ng/rates/ExchRateByCurrency.html,2026-08-31T23:22:08.958873Z,none
2025-08-12,ngn_fx,africa,NGA,NGN,NGN per US dollar,1537.0949,LCU_per_USD,daily,CBN_NFEM_FX,Nigerian Foreign Exchange Market Rates,https://www.cbn.gov.ng/api/GetAllNFEM_Rates,https://www.cbn.gov.ng/rates/ExchRateByCurrency.html,2026-08-31T23:22:08.958873Z,none
2025-08-13,ngn_fx,africa,NGA,NGN,NGN per US dollar,1534.8274,LCU_per_USD,daily,CBN_NFEM_FX,Nigerian Foreign Exchange Market Rates,https://www.cbn.gov.ng/api/GetAllNFEM_Rates,https://www.cbn.gov.ng/rates/ExchRateByCurrency.html,2026-08-31T23:22:08.958873Z,none
2025-08-14,ngn_fx,africa,NGA,NGN,NGN per US dollar,1534.5244,LCU_per_USD,daily,CBN_NFEM_FX,Nigerian Foreign Exchange Market Rates,https://www.cbn.gov.ng/api/GetAllNFEM_Rates,https://www.cbn.gov.ng/rates/ExchRateByCurrency.html,2026-08-31T23:22:08.958873Z,none
2025-08-15,ngn_fx,africa,NGA,NGN,NGN per US dollar,1532.5145,LCU_per_USD,daily,CBN_NFEM_FX,Nigerian Foreign Exchange Market Rates,https://www.cbn.gov.ng/api/GetAllNFEM_Rates,https://www.cbn.gov.ng/rates/ExchRateByCurrency.html,2026-08-31T23:22:08.958873Z,none
2025-08-18,ngn_fx,africa,NGA,NGN,NGN per US dollar,1533.6715,LCU_per_USD,daily,CBN_NFEM_FX,Nigerian Foreign Exchange Market Rates,https://www.cbn.gov.ng/api/GetAllNFEM_Rates,https://www.cbn.gov.ng/rates/ExchRateByCurrency.html,2026-08-31T23:22:08.958873Z,none
2025-08-19,ngn_fx,africa,NGA,NGN,NGN per US dollar,1534.9346,LCU_per_USD,daily,CBN_NFEM_FX,Nigerian Foreign Exchange Market Rates,https://www.cbn.gov.ng/api/GetAllNFEM_Rates,https://www.cbn.gov.ng/rates/ExchRateByCurrency.html,2026-08-31T23:22:08.958873Z,none
2025-08-20,ngn_fx,africa,NGA,NGN,NGN per US dollar,1536.7346,LCU_per_USD,daily,CBN_NFEM_FX,Nigerian Foreign Exchange Market Rates,https://www.cbn.gov.ng/api/GetAllNFEM_Rates,https://www.cbn.gov.ng/rates/ExchRateByCurrency.html,2026-08-31T23:22:08.958873Z,none
2025-08-21,ngn_fx,africa,NGA,NGN,NGN per US dollar,1535.7833,LCU_per_USD,daily,CBN_NFEM_FX,Nigerian Foreign Exchange Market Rates,https://www.cbn.gov.ng/api/GetAllNFEM_Rates,https://www.cbn.gov.ng/rates/ExchRateByCurrency.html,2026-08-31T23:22:08.958873Z,none
2025-08-22,ngn_fx,africa,NGA,NGN,NGN per US dollar,1535.0379,LCU_per_USD,daily,CBN_NFEM_FX,Nigerian Foreign Exchange Market Rates,https://www.cbn.gov.ng/api/GetAllNFEM_Rates,https://www.cbn.gov.ng/rates/ExchRateByCurrency.html,2026-08-31T23:22:08.958873Z,none
2025-08-25,ngn_fx,africa,NGA,NGN,NGN per US dollar,1536.4245,LCU_per_USD,daily,CBN_NFEM_FX,Nigerian Foreign Exchange Market Rates,https://www.cbn.gov.ng/api/GetAllNFEM_Rates,https://www.cbn.gov.ng/rates/ExchRateByCurrency.html,2026-08-31T23:22:08.958873Z,none
2025-08-26,ngn_fx,africa,NGA,NGN,NGN per US dollar,1537.616,LCU_per_USD,daily,CBN_NFEM_FX,Nigerian Foreign Exchange Market Rates,https://www.cbn.gov.ng/api/GetAllNFEM_Rates,https://www.cbn.gov.ng/rates/ExchRateByCurrency.html,2026-08-31T23:22:08.958873Z,none
2025-08-27,ngn_fx,africa,NGA,NGN,NGN per US dollar,1537.0748,LCU_per_USD,daily,CBN_NFEM_FX,Nigerian Foreign Exchange Market Rates,https://www.cbn.gov.ng/api/GetAllNFEM_Rates,https://www.cbn.gov.ng/rates/ExchRateByCurrency.html,2026-08-31T23:22:08.958873Z,none
2025-08-28,ngn_fx,africa,NGA,NGN,NGN per US dollar,1535.4746,LCU_per_USD,daily,CBN_NFEM_FX,Nigerian Foreign Exchange Market Rates,https://www.cbn.gov.ng/api/GetAllNFEM_Rates,https://www.cbn.gov.ng/rates/ExchRateByCurrency.html,2026-08-31T23:22:08.958873Z,none
2025-08-29,ngn_fx,africa,NGA,NGN,NGN per US dollar,1531.5703,LCU_per_USD,daily,CBN_NFEM_FX,Nigerian Foreign Exchange Market Rates,https://www.cbn.gov.ng/api/GetAllNFEM_Rates,https://www.cbn.gov.ng/rates/ExchRateByCurrency.html,2026-08-31T23:22:08.958873Z,none
2025-09-01,ngn_fx,africa,NGA,NGN,NGN per US dollar,1526.094,LCU_per_USD,daily,CBN_NFEM_FX,Nigerian Foreign Exchange Market Rates,https://www.cbn.gov.ng/api/GetAllNFEM_Rates,https://www.cbn.gov.ng/rates/ExchRateByCurrency.html,2026-08-31T23:22:08.958873Z,none
2025-09-02,ngn_fx,africa,NGA,NGN,NGN per US dollar,1526.0565,LCU_per_USD,daily,CBN_NFEM_FX,Nigerian Foreign Exchange Market Rates,https://www.cbn.gov.ng/api/GetAllNFEM_Rates,https://www.cbn.gov.ng/rates/ExchRateByCurrency.html,2026-08-31T23:22:08.958873Z,none
2025-09-03,ngn_fx,africa,NGA,NGN,NGN per US dollar,1521.4569,LCU_per_USD,daily,CBN_NFEM_FX,Nigerian Foreign Exchange Market Rates,https://www.cbn.gov.ng/api/GetAllNFEM_Rates,https://www.cbn.gov.ng/rates/ExchRateByCurrency.html,2026-08-31T23:22:08.958873Z,none
2025-09-04,ngn_fx,africa,NGA,NGN,NGN per US dollar,1514.8671,LCU_per_USD,daily,CBN_NFEM_FX,Nigerian Foreign Exchange Market Rates,https://www.cbn.gov.ng/api/GetAllNFEM_Rates,https://www.cbn.gov.ng/rates/ExchRateByCurrency.html,2026-08-31T23:22:08.958873Z,none
2025-09-08,ngn_fx,africa,NGA,NGN,NGN per US dollar,1506.8433,LCU_per_USD,daily,CBN_NFEM_FX,Nigerian Foreign Exchange Market Rates,https://www.cbn.gov.ng/api/GetAllNFEM_Rates,https://www.cbn.gov.ng/rates/ExchRateByCurrency.html,2026-08-31T23:22:08.958873Z,none
2025-09-09,ngn_fx,africa,NGA,NGN,NGN per US dollar,1506.085,LCU_per_USD,daily,CBN_NFEM_FX,Nigerian Foreign Exchange Market Rates,https://www.cbn.gov.ng/api/GetAllNFEM_Rates,https://www.cbn.gov.ng/rates/ExchRateByCurrency.html,2026-08-31T23:22:08.958873Z,none
2025-09-10,ngn_fx,africa,NGA,NGN,NGN per US dollar,1500.9152,LCU_per_USD,daily,CBN_NFEM_FX,Nigerian Foreign Exchange Market Rates,https://www.cbn.gov.ng/api/GetAllNFEM_Rates,https://www.cbn.gov.ng/rates/ExchRateByCurrency.html,2026-08-31T23:22:08.958873Z,none
2025-09-11,ngn_fx,africa,NGA,NGN,NGN per US dollar,1502.1311,LCU_per_USD,daily,CBN_NFEM_FX,Nigerian Foreign Exchange Market Rates,https://www.cbn.gov.ng/api/GetAllNFEM_Rates,https://www.cbn.gov.ng/rates/ExchRateByCurrency.html,2026-08-31T23:22:08.958873Z,none
2025-09-12,ngn_fx,africa,NGA,NGN,NGN per US dollar,1501.4991,LCU_per_USD,daily,CBN_NFEM_FX,Nigerian Foreign Exchange Market Rates,https://www.cbn.gov.ng/api/GetAllNFEM_Rates,https://www.cbn.gov.ng/rates/ExchRateByCurrency.html,2026-08-31T23:22:08.958873Z,none
2025-09-15,ngn_fx,africa,NGA,NGN,NGN per US dollar,1497.4655,LCU_per_USD,daily,CBN_NFEM_FX,Nigerian Foreign Exchange Market Rates,https://www.cbn.gov.ng/api/GetAllNFEM_Rates,https://www.cbn.gov.ng/rates/ExchRateByCurrency.html,2026-08-31T23:22:08.958873Z,none
2025-09-16,ngn_fx,africa,NGA,NGN,NGN per US dollar,1484.1395,LCU_per_USD,daily,CBN_NFEM_FX,Nigerian Foreign Exchange Market Rates,https://www.cbn.gov.ng/api/GetAllNFEM_Rates,https://www.cbn.gov.ng/rates/ExchRateByCurrency.html,2026-08-31T23:22:08.958873Z,none
2025-09-17,ngn_fx,africa,NGA,NGN,NGN per US dollar,1494.0126,LCU_per_USD,daily,CBN_NFEM_FX,Nigerian Foreign Exchange Market Rates,https://www.cbn.gov.ng/api/GetAllNFEM_Rates,https://www.cbn.gov.ng/rates/ExchRateByCurrency.html,2026-08-31T23:22:08.958873Z,none
2025-09-18,ngn_fx,africa,NGA,NGN,NGN per US dollar,1498.9763,LCU_per_USD,daily,CBN_NFEM_FX,Nigerian Foreign Exchange Market Rates,https://www.cbn.gov.ng/api/GetAllNFEM_Rates,https://www.cbn.gov.ng/rates/ExchRateByCurrency.html,2026-08-31T23:22:08.958873Z,none
2025-09-19,ngn_fx,africa,NGA,NGN,NGN per US dollar,1487.8962,LCU_per_USD,daily,CBN_NFEM_FX,Nigerian Foreign Exchange Market Rates,https://www.cbn.gov.ng/api/GetAllNFEM_Rates,https://www.cbn.gov.ng/rates/ExchRateByCurrency.html,2026-08-31T23:22:08.958873Z,none
2025-09-22,ngn_fx,africa,NGA,NGN,NGN per US dollar,1488.6017,LCU_per_USD,daily,CBN_NFEM_FX,Nigerian Foreign Exchange Market Rates,https://www.cbn.gov.ng/api/GetAllNFEM_Rates,https://www.cbn.gov.ng/rates/ExchRateByCurrency.html,2026-08-31T23:22:08.958873Z,none
2025-09-23,ngn_fx,africa,NGA,NGN,NGN per US dollar,1487.3651,LCU_per_USD,daily,CBN_NFEM_FX,Nigerian Foreign Exchange Market Rates,https://www.cbn.gov.ng/api/GetAllNFEM_Rates,https://www.cbn.gov.ng/rates/ExchRateByCurrency.html,2026-08-31T23:22:08.958873Z,none
2025-09-24,ngn_fx,africa,NGA,NGN,NGN per US dollar,1488.5642,LCU_per_USD,daily,CBN_NFEM_FX,Nigerian Foreign Exchange Market Rates,https://www.cbn.gov.ng/api/GetAllNFEM_Rates,https://www.cbn.gov.ng/rates/ExchRateByCurrency.html,2026-08-31T23:22:08.958873Z,none
2025-09-25,ngn_fx,africa,NGA,NGN,NGN per US dollar,1488.2578,LCU_per_USD,daily,CBN_NFEM_FX,Nigerian Foreign Exchange Market Rates,https://www.cbn.gov.ng/api/GetAllNFEM_Rates,https://www.cbn.gov.ng/rates/ExchRateByCurrency.html,2026-08-31T23:22:08.958873Z,none
2025-09-26,ngn_fx,africa,NGA,NGN,NGN per US dollar,1480.657,LCU_per_USD,daily,CBN_NFEM_FX,Nigerian Foreign Exchange Market Rates,https://www.cbn.gov.ng/api/GetAllNFEM_Rates,https://www.cbn.gov.ng/rates/ExchRateByCurrency.html,2026-08-31T23:22:08.958873Z,none
2025-09-29,ngn_fx,africa,NGA,NGN,NGN per US dollar,1476.3477,LCU_per_USD,daily,CBN_NFEM_FX,Nigerian Foreign Exchange Market Rates,https://www.cbn.gov.ng/api/GetAllNFEM_Rates,https://www.cbn.gov.ng/rates/ExchRateByCurrency.html,2026-08-31T23:22:08.958873Z,none
2025-09-30,ngn_fx,africa,NGA,NGN,NGN per US dollar,1475.3473,LCU_per_USD,daily,CBN_NFEM_FX,Nigerian Foreign Exchange Market Rates,https://www.cbn.gov.ng/api/GetAllNFEM_Rates,https://www.cbn.gov.ng/rates/ExchRateByCurrency.html,2026-08-31T23:22:08.958873Z,none
2025-10-02,ngn_fx,africa,NGA,NGN,NGN per US dollar,1455.2373,LCU_per_USD,daily,CBN_NFEM_FX,Nigerian Foreign Exchange Market Rates,https://www.cbn.gov.ng/api/GetAllNFEM_Rates,https://www.cbn.gov.ng/rates/ExchRateByCurrency.html,2026-08-31T23:22:08.958873Z,none
2025-10-03,ngn_fx,africa,NGA,NGN,NGN per US dollar,1465.6776,LCU_per_USD,daily,CBN_NFEM_FX,Nigerian Foreign Exchange Market Rates,https://www.cbn.gov.ng/api/GetAllNFEM_Rates,https://www.cbn.gov.ng/rates/ExchRateByCurrency.html,2026-08-31T23:22:08.958873Z,none
2025-10-06,ngn_fx,africa,NGA,NGN,NGN per US dollar,1470.2614,LCU_per_USD,daily,CBN_NFEM_FX,Nigerian Foreign Exchange Market Rates,https://www.cbn.gov.ng/api/GetAllNFEM_Rates,https://www.cbn.gov.ng/rates/ExchRateByCurrency.html,2026-08-31T23:22:08.958873Z,none
2025-10-07,ngn_fx,africa,NGA,NGN,NGN per US dollar,1471.0892,LCU_per_USD,daily,CBN_NFEM_FX,Nigerian Foreign Exchange Market Rates,https://www.cbn.gov.ng/api/GetAllNFEM_Rates,https://www.cbn.gov.ng/rates/ExchRateByCurrency.html,2026-08-31T23:22:08.958873Z,none
2025-10-08,ngn_fx,africa,NGA,NGN,NGN per US dollar,1470.6202,LCU_per_USD,daily,CBN_NFEM_FX,Nigerian Foreign Exchange Market Rates,https://www.cbn.gov.ng/api/GetAllNFEM_Rates,https://www.cbn.gov.ng/rates/ExchRateByCurrency.html,2026-08-31T23:22:08.958873Z,none
2025-10-09,ngn_fx,africa,NGA,NGN,NGN per US dollar,1466.6526,LCU_per_USD,daily,CBN_NFEM_FX,Nigerian Foreign Exchange Market Rates,https://www.cbn.gov.ng/api/GetAllNFEM_Rates,https://www.cbn.gov.ng/rates/ExchRateByCurrency.html,2026-08-31T23:22:08.958873Z,none
2025-10-10,ngn_fx,africa,NGA,NGN,NGN per US dollar,1455.173,LCU_per_USD,daily,CBN_NFEM_FX,Nigerian Foreign Exchange Market Rates,https://www.cbn.gov.ng/api/GetAllNFEM_Rates,https://www.cbn.gov.ng/rates/ExchRateByCurrency.html,2026-08-31T23:22:08.958873Z,none
2025-10-13,ngn_fx,africa,NGA,NGN,NGN per US dollar,1457.5122,LCU_per_USD,daily,CBN_NFEM_FX,Nigerian Foreign Exchange Market Rates,https://www.cbn.gov.ng/api/GetAllNFEM_Rates,https://www.cbn.gov.ng/rates/ExchRateByCurrency.html,2026-08-31T23:22:08.958873Z,none
2025-10-14,ngn_fx,africa,NGA,NGN,NGN per US dollar,1463.2342,LCU_per_USD,daily,CBN_NFEM_FX,Nigerian Foreign Exchange Market Rates,https://www.cbn.gov.ng/api/GetAllNFEM_Rates,https://www.cbn.gov.ng/rates/ExchRateByCurrency.html,2026-08-31T23:22:08.958873Z,none
2025-10-15,ngn_fx,africa,NGA,NGN,NGN per US dollar,1473.2943,LCU_per_USD,daily,CBN_NFEM_FX,Nigerian Foreign Exchange Market Rates,https://www.cbn.gov.ng/api/GetAllNFEM_Rates,https://www.cbn.gov.ng/rates/ExchRateByCurrency.html,2026-08-31T23:22:08.958873Z,none
2025-10-16,ngn_fx,africa,NGA,NGN,NGN per US dollar,1471.0299,LCU_per_USD,daily,CBN_NFEM_FX,Nigerian Foreign Exchange Market Rates,https://www.cbn.gov.ng/api/GetAllNFEM_Rates,https://www.cbn.gov.ng/rates/ExchRateByCurrency.html,2026-08-31T23:22:08.958873Z,none
2025-10-17,ngn_fx,africa,NGA,NGN,NGN per US dollar,1475.3516,LCU_per_USD,daily,CBN_NFEM_FX,Nigerian Foreign Exchange Market Rates,https://www.cbn.gov.ng/api/GetAllNFEM_Rates,https://www.cbn.gov.ng/rates/ExchRateByCurrency.html,2026-08-31T23:22:08.958873Z,none
2025-10-20,ngn_fx,africa,NGA,NGN,NGN per US dollar,1465.2936,LCU_per_USD,daily,CBN_NFEM_FX,Nigerian Foreign Exchange Market Rates,https://www.cbn.gov.ng/api/GetAllNFEM_Rates,https://www.cbn.gov.ng/rates/ExchRateByCurrency.html,2026-08-31T23:22:08.958873Z,none
2025-10-21,ngn_fx,africa,NGA,NGN,NGN per US dollar,1463.452,LCU_per_USD,daily,CBN_NFEM_FX,Nigerian Foreign Exchange Market Rates,https://www.cbn.gov.ng/api/GetAllNFEM_Rates,https://www.cbn.gov.ng/rates/ExchRateByCurrency.html,2026-08-31T23:22:08.958873Z,none
2025-10-22,ngn_fx,africa,NGA,NGN,NGN per US dollar,1463.4375,LCU_per_USD,daily,CBN_NFEM_FX,Nigerian Foreign Exchange Market Rates,https://www.cbn.gov.ng/api/GetAllNFEM_Rates,https://www.cbn.gov.ng/rates/ExchRateByCurrency.html,2026-08-31T23:22:08.958873Z,none
2025-10-23,ngn_fx,africa,NGA,NGN,NGN per US dollar,1460.4939,LCU_per_USD,daily,CBN_NFEM_FX,Nigerian Foreign Exchange Market Rates,https://www.cbn.gov.ng/api/GetAllNFEM_Rates,https://www.cbn.gov.ng/rates/ExchRateByCurrency.html,2026-08-31T23:22:08.958873Z,none
2025-10-24,ngn_fx,africa,NGA,NGN,NGN per US dollar,1457.9571,LCU_per_USD,daily,CBN_NFEM_FX,Nigerian Foreign Exchange Market Rates,https://www.cbn.gov.ng/api/GetAllNFEM_Rates,https://www.cbn.gov.ng/rates/ExchRateByCurrency.html,2026-08-31T23:22:08.958873Z,none
2025-10-27,ngn_fx,africa,NGA,NGN,NGN per US dollar,1452.7943,LCU_per_USD,daily,CBN_NFEM_FX,Nigerian Foreign Exchange Market Rates,https://www.cbn.gov.ng/api/GetAllNFEM_Rates,https://www.cbn.gov.ng/rates/ExchRateByCurrency.html,2026-08-31T23:22:08.958873Z,none
2025-10-28,ngn_fx,africa,NGA,NGN,NGN per US dollar,1448.205,LCU_per_USD,daily,CBN_NFEM_FX,Nigerian Foreign Exchange Market Rates,https://www.cbn.gov.ng/api/GetAllNFEM_Rates,https://www.cbn.gov.ng/rates/ExchRateByCurrency.html,2026-08-31T23:22:08.958873Z,none
2025-10-29,ngn_fx,africa,NGA,NGN,NGN per US dollar,1444.422,LCU_per_USD,daily,CBN_NFEM_FX,Nigerian Foreign Exchange Market Rates,https://www.cbn.gov.ng/api/GetAllNFEM_Rates,https://www.cbn.gov.ng/rates/ExchRateByCurrency.html,2026-08-31T23:22:08.958873Z,none
2025-10-30,ngn_fx,africa,NGA,NGN,NGN per US dollar,1436.9701,LCU_per_USD,daily,CBN_NFEM_FX,Nigerian Foreign Exchange Market Rates,https://www.cbn.gov.ng/api/GetAllNFEM_Rates,https://www.cbn.gov.ng/rates/ExchRateByCurrency.html,2026-08-31T23:22:08.958873Z,none
2025-10-31,ngn_fx,africa,NGA,NGN,NGN per US dollar,1421.7343,LCU_per_USD,daily,CBN_NFEM_FX,Nigerian Foreign Exchange Market Rates,https://www.cbn.gov.ng/api/GetAllNFEM_Rates,https://www.cbn.gov.ng/rates/ExchRateByCurrency.html,2026-08-31T23:22:08.958873Z,none
2025-11-03,ngn_fx,africa,NGA,NGN,NGN per US dollar,1436.3427,LCU_per_USD,daily,CBN_NFEM_FX,Nigerian Foreign Exchange Market Rates,https://www.cbn.gov.ng/api/GetAllNFEM_Rates,https://www.cbn.gov.ng/rates/ExchRateByCurrency.html,2026-08-31T23:22:08.958873Z,none
2025-11-04,ngn_fx,africa,NGA,NGN,NGN per US dollar,1433.6585,LCU_per_USD,daily,CBN_NFEM_FX,Nigerian Foreign Exchange Market Rates,https://www.cbn.gov.ng/api/GetAllNFEM_Rates,https://www.cbn.gov.ng/rates/ExchRateByCurrency.html,2026-08-31T23:22:08.958873Z,none
2025-11-05,ngn_fx,africa,NGA,NGN,NGN per US dollar,1438.495,LCU_per_USD,daily,CBN_NFEM_FX,Nigerian Foreign Exchange Market Rates,https://www.cbn.gov.ng/api/GetAllNFEM_Rates,https://www.cbn.gov.ng/rates/ExchRateByCurrency.html,2026-08-31T23:22:08.958873Z,none
2025-11-06,ngn_fx,africa,NGA,NGN,NGN per US dollar,1436.742,LCU_per_USD,daily,CBN_NFEM_FX,Nigerian Foreign Exchange Market Rates,https://www.cbn.gov.ng/api/GetAllNFEM_Rates,https://www.cbn.gov.ng/rates/ExchRateByCurrency.html,2026-08-31T23:22:08.958873Z,none
2025-11-07,ngn_fx,africa,NGA,NGN,NGN per US dollar,1436.5778,LCU_per_USD,daily,CBN_NFEM_FX,Nigerian Foreign Exchange Market Rates,https://www.cbn.gov.ng/api/GetAllNFEM_Rates,https://www.cbn.gov.ng/rates/ExchRateByCurrency.html,2026-08-31T23:22:08.958873Z,none
2025-11-10,ngn_fx,africa,NGA,NGN,NGN per US dollar,1437.2933,LCU_per_USD,daily,CBN_NFEM_FX,Nigerian Foreign Exchange Market Rates,https://www.cbn.gov.ng/api/GetAllNFEM_Rates,https://www.cbn.gov.ng/rates/ExchRateByCurrency.html,2026-08-31T23:22:08.958873Z,none
2025-11-11,ngn_fx,africa,NGA,NGN,NGN per US dollar,1438.711,LCU_per_USD,daily,CBN_NFEM_FX,Nigerian Foreign Exchange Market Rates,https://www.cbn.gov.ng/api/GetAllNFEM_Rates,https://www.cbn.gov.ng/rates/ExchRateByCurrency.html,2026-08-31T23:22:08.958873Z,none
2025-11-12,ngn_fx,africa,NGA,NGN,NGN per US dollar,1443.0804,LCU_per_USD,daily,CBN_NFEM_FX,Nigerian Foreign Exchange Market Rates,https://www.cbn.gov.ng/api/GetAllNFEM_Rates,https://www.cbn.gov.ng/rates/ExchRateByCurrency.html,2026-08-31T23:22:08.958873Z,none
2025-11-13,ngn_fx,africa,NGA,NGN,NGN per US dollar,1440.1723,LCU_per_USD,daily,CBN_NFEM_FX,Nigerian Foreign Exchange Market Rates,https://www.cbn.gov.ng/api/GetAllNFEM_Rates,https://www.cbn.gov.ng/rates/ExchRateByCurrency.html,2026-08-31T23:22:08.958873Z,none
2025-11-14,ngn_fx,africa,NGA,NGN,NGN per US dollar,1442.4309,LCU_per_USD,daily,CBN_NFEM_FX,Nigerian Foreign Exchange Market Rates,https://www.cbn.gov.ng/api/GetAllNFEM_Rates,https://www.cbn.gov.ng/rates/ExchRateByCurrency.html,2026-08-31T23:22:08.958873Z,none
2025-11-17,ngn_fx,africa,NGA,NGN,NGN per US dollar,1448.0304,LCU_per_USD,daily,CBN_NFEM_FX,Nigerian Foreign Exchange Market Rates,https://www.cbn.gov.ng/api/GetAllNFEM_Rates,https://www.cbn.gov.ng/rates/ExchRateByCurrency.html,2026-08-31T23:22:08.958873Z,none
2025-11-18,ngn_fx,africa,NGA,NGN,NGN per US dollar,1447.4297,LCU_per_USD,daily,CBN_NFEM_FX,Nigerian Foreign Exchange Market Rates,https://www.cbn.gov.ng/api/GetAllNFEM_Rates,https://www.cbn.gov.ng/rates/ExchRateByCurrency.html,2026-08-31T23:22:08.958873Z,none
2025-11-19,ngn_fx,africa,NGA,NGN,NGN per US dollar,1454.1849,LCU_per_USD,daily,CBN_NFEM_FX,Nigerian Foreign Exchange Market Rates,https://www.cbn.gov.ng/api/GetAllNFEM_Rates,https://www.cbn.gov.ng/rates/ExchRateByCurrency.html,2026-08-31T23:22:08.958873Z,none
2025-11-20,ngn_fx,africa,NGA,NGN,NGN per US dollar,1452.1342,LCU_per_USD,daily,CBN_NFEM_FX,Nigerian Foreign Exchange Market Rates,https://www.cbn.gov.ng/api/GetAllNFEM_Rates,https://www.cbn.gov.ng/rates/ExchRateByCurrency.html,2026-08-31T23:22:08.958873Z,none
2025-11-21,ngn_fx,africa,NGA,NGN,NGN per US dollar,1456.7249,LCU_per_USD,daily,CBN_NFEM_FX,Nigerian Foreign Exchange Market Rates,https://www.cbn.gov.ng/api/GetAllNFEM_Rates,https://www.cbn.gov.ng/rates/ExchRateByCurrency.html,2026-08-31T23:22:08.958873Z,none
2025-11-24,ngn_fx,africa,NGA,NGN,NGN per US dollar,1453.8443,LCU_per_USD,daily,CBN_NFEM_FX,Nigerian Foreign Exchange Market Rates,https://www.cbn.gov.ng/api/GetAllNFEM_Rates,https://www.cbn.gov.ng/rates/ExchRateByCurrency.html,2026-08-31T23:22:08.958873Z,none
2025-11-25,ngn_fx,africa,NGA,NGN,NGN per US dollar,1446.3156,LCU_per_USD,daily,CBN_NFEM_FX,Nigerian Foreign Exchange Market Rates,https://www.cbn.gov.ng/api/GetAllNFEM_Rates,https://www.cbn.gov.ng/rates/ExchRateByCurrency.html,2026-08-31T23:22:08.958873Z,none
2025-11-26,ngn_fx,africa,NGA,NGN,NGN per US dollar,1442.9201,LCU_per_USD,daily,CBN_NFEM_FX,Nigerian Foreign Exchange Market Rates,https://www.cbn.gov.ng/api/GetAllNFEM_Rates,https://www.cbn.gov.ng/rates/ExchRateByCurrency.html,2026-08-31T23:22:08.958873Z,none
2025-11-27,ngn_fx,africa,NGA,NGN,NGN per US dollar,1443.9028,LCU_per_USD,daily,CBN_NFEM_FX,Nigerian Foreign Exchange Market Rates,https://www.cbn.gov.ng/api/GetAllNFEM_Rates,https://www.cbn.gov.ng/rates/ExchRateByCurrency.html,2026-08-31T23:22:08.958873Z,none
2025-11-28,ngn_fx,africa,NGA,NGN,NGN per US dollar,1446.7421,LCU_per_USD,daily,CBN_NFEM_FX,Nigerian Foreign Exchange Market Rates,https://www.cbn.gov.ng/api/GetAllNFEM_Rates,https://www.cbn.gov.ng/rates/ExchRateByCurrency.html,2026-08-31T23:22:08.958873Z,none
2025-12-01,ngn_fx,africa,NGA,NGN,NGN per US dollar,1448.4355,LCU_per_USD,daily,CBN_NFEM_FX,Nigerian Foreign Exchange Market Rates,https://www.cbn.gov.ng/api/GetAllNFEM_Rates,https://www.cbn.gov.ng/rates/ExchRateByCurrency.html,2026-08-31T23:22:08.958873Z,none
2025-12-02,ngn_fx,africa,NGA,NGN,NGN per US dollar,1445.3929,LCU_per_USD,daily,CBN_NFEM_FX,Nigerian Foreign Exchange Market Rates,https://www.cbn.gov.ng/api/GetAllNFEM_Rates,https://www.cbn.gov.ng/rates/ExchRateByCurrency.html,2026-08-31T23:22:08.958873Z,none
2025-12-03,ngn_fx,africa,NGA,NGN,NGN per US dollar,1447.6494,LCU_per_USD,daily,CBN_NFEM_FX,Nigerian Foreign Exchange Market Rates,https://www.cbn.gov.ng/api/GetAllNFEM_Rates,https://www.cbn.gov.ng/rates/ExchRateByCurrency.html,2026-08-31T23:22:08.958873Z,none
2025-12-04,ngn_fx,africa,NGA,NGN,NGN per US dollar,1447.8263,LCU_per_USD,daily,CBN_NFEM_FX,Nigerian Foreign Exchange Market Rates,https://www.cbn.gov.ng/api/GetAllNFEM_Rates,https://www.cbn.gov.ng/rates/ExchRateByCurrency.html,2026-08-31T23:22:08.958873Z,none
2025-12-05,ngn_fx,africa,NGA,NGN,NGN per US dollar,1450.4287,LCU_per_USD,daily,CBN_NFEM_FX,Nigerian Foreign Exchange Market Rates,https://www.cbn.gov.ng/api/GetAllNFEM_Rates,https://www.cbn.gov.ng/rates/ExchRateByCurrency.html,2026-08-31T23:22:08.958873Z,none
2025-12-08,ngn_fx,africa,NGA,NGN,NGN per US dollar,1451.863,LCU_per_USD,daily,CBN_NFEM_FX,Nigerian Foreign Exchange Market Rates,https://www.cbn.gov.ng/api/GetAllNFEM_Rates,https://www.cbn.gov.ng/rates/ExchRateByCurrency.html,2026-08-31T23:22:08.958873Z,none
2025-12-09,ngn_fx,africa,NGA,NGN,NGN per US dollar,1454.3805,LCU_per_USD,daily,CBN_NFEM_FX,Nigerian Foreign Exchange Market Rates,https://www.cbn.gov.ng/api/GetAllNFEM_Rates,https://www.cbn.gov.ng/rates/ExchRateByCurrency.html,2026-08-31T23:22:08.958873Z,none
2025-12-10,ngn_fx,africa,NGA,NGN,NGN per US dollar,1455.3823,LCU_per_USD,daily,CBN_NFEM_FX,Nigerian Foreign Exchange Market Rates,https://www.cbn.gov.ng/api/GetAllNFEM_Rates,https://www.cbn.gov.ng/rates/ExchRateByCurrency.html,2026-08-31T23:22:08.958873Z,none
2025-12-11,ngn_fx,africa,NGA,NGN,NGN per US dollar,1456.0656,LCU_per_USD,daily,CBN_NFEM_FX,Nigerian Foreign Exchange Market Rates,https://www.cbn.gov.ng/api/GetAllNFEM_Rates,https://www.cbn.gov.ng/rates/ExchRateByCurrency.html,2026-08-31T23:22:08.958873Z,none
2025-12-12,ngn_fx,africa,NGA,NGN,NGN per US dollar,1454.4123,LCU_per_USD,daily,CBN_NFEM_FX,Nigerian Foreign Exchange Market Rates,https://www.cbn.gov.ng/api/GetAllNFEM_Rates,https://www.cbn.gov.ng/rates/ExchRateByCurrency.html,2026-08-31T23:22:08.958873Z,none
2025-12-15,ngn_fx,africa,NGA,NGN,NGN per US dollar,1451.8169,LCU_per_USD,daily,CBN_NFEM_FX,Nigerian Foreign Exchange Market Rates,https://www.cbn.gov.ng/api/GetAllNFEM_Rates,https://www.cbn.gov.ng/rates/ExchRateByCurrency.html,2026-08-31T23:22:08.958873Z,none
2025-12-16,ngn_fx,africa,NGA,NGN,NGN per US dollar,1455.0817,LCU_per_USD,daily,CBN_NFEM_FX,Nigerian Foreign Exchange Market Rates,https://www.cbn.gov.ng/api/GetAllNFEM_Rates,https://www.cbn.gov.ng/rates/ExchRateByCurrency.html,2026-08-31T23:22:08.958873Z,none
2025-12-17,ngn_fx,africa,NGA,NGN,NGN per US dollar,1455.4983,LCU_per_USD,daily,CBN_NFEM_FX,Nigerian Foreign Exchange Market Rates,https://www.cbn.gov.ng/api/GetAllNFEM_Rates,https://www.cbn.gov.ng/rates/ExchRateByCurrency.html,2026-08-31T23:22:08.958873Z,none
2025-12-18,ngn_fx,africa,NGA,NGN,NGN per US dollar,1457.8402,LCU_per_USD,daily,CBN_NFEM_FX,Nigerian Foreign Exchange Market Rates,https://www.cbn.gov.ng/api/GetAllNFEM_Rates,https://www.cbn.gov.ng/rates/ExchRateByCurrency.html,2026-08-31T23:22:08.958873Z,none
2025-12-19,ngn_fx,africa,NGA,NGN,NGN per US dollar,1464.4974,LCU_per_USD,daily,CBN_NFEM_FX,Nigerian Foreign Exchange Market Rates,https://www.cbn.gov.ng/api/GetAllNFEM_Rates,https://www.cbn.gov.ng/rates/ExchRateByCurrency.html,2026-08-31T23:22:08.958873Z,none
2025-12-22,ngn_fx,africa,NGA,NGN,NGN per US dollar,1456.5637,LCU_per_USD,daily,CBN_NFEM_FX,Nigerian Foreign Exchange Market Rates,https://www.cbn.gov.ng/api/GetAllNFEM_Rates,https://www.cbn.gov.ng/rates/ExchRateByCurrency.html,2026-08-31T23:22:08.958873Z,none
2025-12-23,ngn_fx,africa,NGA,NGN,NGN per US dollar,1449.9869,LCU_per_USD,daily,CBN_NFEM_FX,Nigerian Foreign Exchange Market Rates,https://www.cbn.gov.ng/api/GetAllNFEM_Rates,https://www.cbn.gov.ng/rates/ExchRateByCurrency.html,2026-08-31T23:22:08.958873Z,none
2025-12-24,ngn_fx,africa,NGA,NGN,NGN per US dollar,1443.3767,LCU_per_USD,daily,CBN_NFEM_FX,Nigerian Foreign Exchange Market Rates,https://www.cbn.gov.ng/api/GetAllNFEM_Rates,https://www.cbn.gov.ng/rates/ExchRateByCurrency.html,2026-08-31T23:22:08.958873Z,none
2025-12-29,ngn_fx,africa,NGA,NGN,NGN per US dollar,1442.5126,LCU_per_USD,daily,CBN_NFEM_FX,Nigerian Foreign Exchange Market Rates,https://www.cbn.gov.ng/api/GetAllNFEM_Rates,https://www.cbn.gov.ng/rates/ExchRateByCurrency.html,2026-08-31T23:22:08.958873Z,none
2025-12-30,ngn_fx,africa,NGA,NGN,NGN per US dollar,1445.6828,LCU_per_USD,daily,CBN_NFEM_FX,Nigerian Foreign Exchange Market Rates,https://www.cbn.gov.ng/api/GetAllNFEM_Rates,https://www.cbn.gov.ng/rates/ExchRateByCurrency.html,2026-08-31T23:22:08.958873Z,none
2025-12-31,ngn_fx,africa,NGA,NGN,NGN per US dollar,1435.7571,LCU_per_USD,daily,CBN_NFEM_FX,Nigerian Foreign Exchange Market Rates,https://www.cbn.gov.ng/api/GetAllNFEM_Rates,https://www.cbn.gov.ng/rates/ExchRateByCurrency.html,2026-08-31T23:22:08.958873Z,none
2026-01-02,ngn_fx,africa,NGA,NGN,NGN per US dollar,1430.8479,LCU_per_USD,daily,CBN_NFEM_FX,Nigerian Foreign Exchange Market Rates,https://www.cbn.gov.ng/api/GetAllNFEM_Rates,https://www.cbn.gov.ng/rates/ExchRateByCurrency.html,2026-09-01T00:26:57.365073Z,none
2026-01-05,ngn_fx,africa,NGA,NGN,NGN per US dollar,1429.3054,LCU_per_USD,daily,CBN_NFEM_FX,Nigerian Foreign Exchange Market Rates,https://www.cbn.gov.ng/api/GetAllNFEM_Rates,https://www.cbn.gov.ng/rates/ExchRateByCurrency.html,2026-09-01T00:26:57.365073Z,none
2026-01-06,ngn_fx,africa,NGA,NGN,NGN per US dollar,1419.065,LCU_per_USD,daily,CBN_NFEM_FX,Nigerian Foreign Exchange Market Rates,https://www.cbn.gov.ng/api/GetAllNFEM_Rates,https://www.cbn.gov.ng/rates/ExchRateByCurrency.html,2026-09-01T00:26:57.365073Z,none
2026-01-07,ngn_fx,africa,NGA,NGN,NGN per US dollar,1418.2606,LCU_per_USD,daily,CBN_NFEM_FX,Nigerian Foreign Exchange Market Rates,https://www.cbn.gov.ng/api/GetAllNFEM_Rates,https://www.cbn.gov.ng/rates/ExchRateByCurrency.html,2026-09-01T00:26:57.365073Z,none
2026-01-08,ngn_fx,africa,NGA,NGN,NGN per US dollar,1419.7151,LCU_per_USD,daily,CBN_NFEM_FX,Nigerian Foreign Exchange Market Rates,https://www.cbn.gov.ng/api/GetAllNFEM_Rates,https://www.cbn.gov.ng/rates/ExchRateByCurrency.html,2026-09-01T00:26:57.365073Z,none
2026-01-09,ngn_fx,africa,NGA,NGN,NGN per US dollar,1423.1674,LCU_per_USD,daily,CBN_NFEM_FX,Nigerian Foreign Exchange Market Rates,https://www.cbn.gov.ng/api/GetAllNFEM_Rates,https://www.cbn.gov.ng/rates/ExchRateByCurrency.html,2026-09-01T00:26:57.365073Z,none
2026-01-12,ngn_fx,africa,NGA,NGN,NGN per US dollar,1421.4581,LCU_per_USD,daily,CBN_NFEM_FX,Nigerian Foreign Exchange Market Rates,https://www.cbn.gov.ng/api/GetAllNFEM_Rates,https://www.cbn.gov.ng/rates/ExchRateByCurrency.html,2026-09-01T00:26:57.365073Z,none
2026-01-13,ngn_fx,africa,NGA,NGN,NGN per US dollar,1419.6585,LCU_per_USD,daily,CBN_NFEM_FX,Nigerian Foreign Exchange Market Rates,https://www.cbn.gov.ng/api/GetAllNFEM_Rates,https://www.cbn.gov.ng/rates/ExchRateByCurrency.html,2026-09-01T00:26:57.365073Z,none
2026-01-14,ngn_fx,africa,NGA,NGN,NGN per US dollar,1420.0375,LCU_per_USD,daily,CBN_NFEM_FX,Nigerian Foreign Exchange Market Rates,https://www.cbn.gov.ng/api/GetAllNFEM_Rates,https://www.cbn.gov.ng/rates/ExchRateByCurrency.html,2026-09-01T00:26:57.365073Z,none
2026-01-15,ngn_fx,africa,NGA,NGN,NGN per US dollar,1419.2844,LCU_per_USD,daily,CBN_NFEM_FX,Nigerian Foreign Exchange Market Rates,https://www.cbn.gov.ng/api/GetAllNFEM_Rates,https://www.cbn.gov.ng/rates/ExchRateByCurrency.html,2026-09-01T00:26:57.365073Z,none
2026-01-16,ngn_fx,africa,NGA,NGN,NGN per US dollar,1417.9483,LCU_per_USD,daily,CBN_NFEM_FX,Nigerian Foreign Exchange Market Rates,https://www.cbn.gov.ng/api/GetAllNFEM_Rates,https://www.cbn.gov.ng/rates/ExchRateByCurrency.html,2026-09-01T00:26:57.365073Z,none
2026-01-19,ngn_fx,africa,NGA,NGN,NGN per US dollar,1420.2814,LCU_per_USD,daily,CBN_NFEM_FX,Nigerian Foreign Exchange Market Rates,https://www.cbn.gov.ng/api/GetAllNFEM_Rates,https://www.cbn.gov.ng/rates/ExchRateByCurrency.html,2026-09-01T00:26:57.365073Z,none
2026-01-20,ngn_fx,africa,NGA,NGN,NGN per US dollar,1419.3452,LCU_per_USD,daily,CBN_NFEM_FX,Nigerian Foreign Exchange Market Rates,https://www.cbn.gov.ng/api/GetAllNFEM_Rates,https://www.cbn.gov.ng/rates/ExchRateByCurrency.html,2026-09-01T00:26:57.365073Z,none
2026-01-21,ngn_fx,africa,NGA,NGN,NGN per US dollar,1420.692,LCU_per_USD,daily,CBN_NFEM_FX,Nigerian Foreign Exchange Market Rates,https://www.cbn.gov.ng/api/GetAllNFEM_Rates,https://www.cbn.gov.ng/rates/ExchRateByCurrency.html,2026-09-01T00:26:57.365073Z,none
2026-01-22,ngn_fx,africa,NGA,NGN,NGN per US dollar,1422.0703,LCU_per_USD,daily,CBN_NFEM_FX,Nigerian Foreign Exchange Market Rates,https://www.cbn.gov.ng/api/GetAllNFEM_Rates,https://www.cbn.gov.ng/rates/ExchRateByCurrency.html,2026-09-01T00:26:57.365073Z,none
2026-01-23,ngn_fx,africa,NGA,NGN,NGN per US dollar,1421.6265,LCU_per_USD,daily,CBN_NFEM_FX,Nigerian Foreign Exchange Market Rates,https://www.cbn.gov.ng/api/GetAllNFEM_Rates,https://www.cbn.gov.ng/rates/ExchRateByCurrency.html,2026-09-01T00:26:57.365073Z,none
2026-01-26,ngn_fx,africa,NGA,NGN,NGN per US dollar,1418.9522,LCU_per_USD,daily,CBN_NFEM_FX,Nigerian Foreign Exchange Market Rates,https://www.cbn.gov.ng/api/GetAllNFEM_Rates,https://www.cbn.gov.ng/rates/ExchRateByCurrency.html,2026-09-01T00:26:57.365073Z,none
2026-01-27,ngn_fx,africa,NGA,NGN,NGN per US dollar,1401.2209,LCU_per_USD,daily,CBN_NFEM_FX,Nigerian Foreign Exchange Market Rates,https://www.cbn.gov.ng/api/GetAllNFEM_Rates,https://www.cbn.gov.ng/rates/ExchRateByCurrency.html,2026-09-01T00:26:57.365073Z,none
2026-01-28,ngn_fx,africa,NGA,NGN,NGN per US dollar,1399.9503,LCU_per_USD,daily,CBN_NFEM_FX,Nigerian Foreign Exchange Market Rates,https://www.cbn.gov.ng/api/GetAllNFEM_Rates,https://www.cbn.gov.ng/rates/ExchRateByCurrency.html,2026-09-01T00:26:57.365073Z,none
2026-01-29,ngn_fx,africa,NGA,NGN,NGN per US dollar,1396.9909,LCU_per_USD,daily,CBN_NFEM_FX,Nigerian Foreign Exchange Market Rates,https://www.cbn.gov.ng/api/GetAllNFEM_Rates,https://www.cbn.gov.ng/rates/ExchRateByCurrency.html,2026-09-01T00:26:57.365073Z,none
2026-01-30,ngn_fx,africa,NGA,NGN,NGN per US dollar,1386.5532,LCU_per_USD,daily,CBN_NFEM_FX,Nigerian Foreign Exchange Market Rates,https://www.cbn.gov.ng/api/GetAllNFEM_Rates,https://www.cbn.gov.ng/rates/ExchRateByCurrency.html,2026-09-01T00:26:57.365073Z,none
2026-02-02,ngn_fx,africa,NGA,NGN,NGN per US dollar,1390.3622,LCU_per_USD,daily,CBN_NFEM_FX,Nigerian Foreign Exchange Market Rates,https://www.cbn.gov.ng/api/GetAllNFEM_Rates,https://www.cbn.gov.ng/rates/ExchRateByCurrency.html,2026-09-01T00:26:57.365073Z,none
2026-02-03,ngn_fx,africa,NGA,NGN,NGN per US dollar,1372.9142,LCU_per_USD,daily,CBN_NFEM_FX,Nigerian Foreign Exchange Market Rates,https://www.cbn.gov.ng/api/GetAllNFEM_Rates,https://www.cbn.gov.ng/rates/ExchRateByCurrency.html,2026-09-01T00:26:57.365073Z,none
2026-02-04,ngn_fx,africa,NGA,NGN,NGN per US dollar,1358.2839,LCU_per_USD,daily,CBN_NFEM_FX,Nigerian Foreign Exchange Market Rates,https://www.cbn.gov.ng/api/GetAllNFEM_Rates,https://www.cbn.gov.ng/rates/ExchRateByCurrency.html,2026-09-01T00:26:57.365073Z,none
2026-02-05,ngn_fx,africa,NGA,NGN,NGN per US dollar,1366.0573,LCU_per_USD,daily,CBN_NFEM_FX,Nigerian Foreign Exchange Market Rates,https://www.cbn.gov.ng/api/GetAllNFEM_Rates,https://www.cbn.gov.ng/rates/ExchRateByCurrency.html,2026-09-01T00:26:57.365073Z,none
2026-02-06,ngn_fx,africa,NGA,NGN,NGN per US dollar,1366.1954,LCU_per_USD,daily,CBN_NFEM_FX,Nigerian Foreign Exchange Market Rates,https://www.cbn.gov.ng/api/GetAllNFEM_Rates,https://www.cbn.gov.ng/rates/ExchRateByCurrency.html,2026-09-01T00:26:57.365073Z,none
2026-02-09,ngn_fx,africa,NGA,NGN,NGN per US dollar,1354.2574,LCU_per_USD,daily,CBN_NFEM_FX,Nigerian Foreign Exchange Market Rates,https://www.cbn.gov.ng/api/GetAllNFEM_Rates,https://www.cbn.gov.ng/rates/ExchRateByCurrency.html,2026-09-01T00:26:57.365073Z,none
2026-02-10,ngn_fx,africa,NGA,NGN,NGN per US dollar,1351.0205,LCU_per_USD,daily,CBN_NFEM_FX,Nigerian Foreign Exchange Market Rates,https://www.cbn.gov.ng/api/GetAllNFEM_Rates,https://www.cbn.gov.ng/rates/ExchRateByCurrency.html,2026-09-01T00:26:57.365073Z,none
2026-02-11,ngn_fx,africa,NGA,NGN,NGN per US dollar,1348.9529,LCU_per_USD,daily,CBN_NFEM_FX,Nigerian Foreign Exchange Market Rates,https://www.cbn.gov.ng/api/GetAllNFEM_Rates,https://www.cbn.gov.ng/rates/ExchRateByCurrency.html,2026-09-01T00:26:57.365073Z,none
2026-02-12,ngn_fx,africa,NGA,NGN,NGN per US dollar,1353.6556,LCU_per_USD,daily,CBN_NFEM_FX,Nigerian Foreign Exchange Market Rates,https://www.cbn.gov.ng/api/GetAllNFEM_Rates,https://www.cbn.gov.ng/rates/ExchRateByCurrency.html,2026-09-01T00:26:57.365073Z,none
2026-02-13,ngn_fx,africa,NGA,NGN,NGN per US dollar,1355.4181,LCU_per_USD,daily,CBN_NFEM_FX,Nigerian Foreign Exchange Market Rates,https://www.cbn.gov.ng/api/GetAllNFEM_Rates,https://www.cbn.gov.ng/rates/ExchRateByCurrency.html,2026-09-01T00:26:57.365073Z,none
2026-02-16,ngn_fx,africa,NGA,NGN,NGN per US dollar,1347.7789,LCU_per_USD,daily,CBN_NFEM_FX,Nigerian Foreign Exchange Market Rates,https://www.cbn.gov.ng/api/GetAllNFEM_Rates,https://www.cbn.gov.ng/rates/ExchRateByCurrency.html,2026-09-01T00:26:57.365073Z,none
2026-02-17,ngn_fx,africa,NGA,NGN,NGN per US dollar,1335.958,LCU_per_USD,daily,CBN_NFEM_FX,Nigerian Foreign Exchange Market Rates,https://www.cbn.gov.ng/api/GetAllNFEM_Rates,https://www.cbn.gov.ng/rates/ExchRateByCurrency.html,2026-09-01T00:26:57.365073Z,none
2026-02-18,ngn_fx,africa,NGA,NGN,NGN per US dollar,1338.1066,LCU_per_USD,daily,CBN_NFEM_FX,Nigerian Foreign Exchange Market Rates,https://www.cbn.gov.ng/api/GetAllNFEM_Rates,https://www.cbn.gov.ng/rates/ExchRateByCurrency.html,2026-09-01T00:26:57.365073Z,none
2026-02-19,ngn_fx,africa,NGA,NGN,NGN per US dollar,1341.3509,LCU_per_USD,daily,CBN_NFEM_FX,Nigerian Foreign Exchange Market Rates,https://www.cbn.gov.ng/api/GetAllNFEM_Rates,https://www.cbn.gov.ng/rates/ExchRateByCurrency.html,2026-09-01T00:26:57.365073Z,none
2026-02-20,ngn_fx,africa,NGA,NGN,NGN per US dollar,1346.3234,LCU_per_USD,daily,CBN_NFEM_FX,Nigerian Foreign Exchange Market Rates,https://www.cbn.gov.ng/api/GetAllNFEM_Rates,https://www.cbn.gov.ng/rates/ExchRateByCurrency.html,2026-09-01T00:26:57.365073Z,none
2026-02-23,ngn_fx,africa,NGA,NGN,NGN per US dollar,1349.2352,LCU_per_USD,daily,CBN_NFEM_FX,Nigerian Foreign Exchange Market Rates,https://www.cbn.gov.ng/api/GetAllNFEM_Rates,https://www.cbn.gov.ng/rates/ExchRateByCurrency.html,2026-09-01T00:26:57.365073Z,none
2026-02-24,ngn_fx,africa,NGA,NGN,NGN per US dollar,1355.3745,LCU_per_USD,daily,CBN_NFEM_FX,Nigerian Foreign Exchange Market Rates,https://www.cbn.gov.ng/api/GetAllNFEM_Rates,https://www.cbn.gov.ng/rates/ExchRateByCurrency.html,2026-09-01T00:26:57.365073Z,none
2026-02-25,ngn_fx,africa,NGA,NGN,NGN per US dollar,1356.1141,LCU_per_USD,daily,CBN_NFEM_FX,Nigerian Foreign Exchange Market Rates,https://www.cbn.gov.ng/api/GetAllNFEM_Rates,https://www.cbn.gov.ng/rates/ExchRateByCurrency.html,2026-09-01T00:26:57.365073Z,none
2026-02-26,ngn_fx,africa,NGA,NGN,NGN per US dollar,1359.8181,LCU_per_USD,daily,CBN_NFEM_FX,Nigerian Foreign Exchange Market Rates,https://www.cbn.gov.ng/api/GetAllNFEM_Rates,https://www.cbn.gov.ng/rates/ExchRateByCurrency.html,2026-09-01T00:26:57.365073Z,none
2026-02-27,ngn_fx,africa,NGA,NGN,NGN per US dollar,1363.3954,LCU_per_USD,daily,CBN_NFEM_FX,Nigerian Foreign Exchange Market Rates,https://www.cbn.gov.ng/api/GetAllNFEM_Rates,https://www.cbn.gov.ng/rates/ExchRateByCurrency.html,2026-09-01T00:26:57.365073Z,none
2026-03-02,ngn_fx,africa,NGA,NGN,NGN per US dollar,1378.0246,LCU_per_USD,daily,CBN_NFEM_FX,Nigerian Foreign Exchange Market Rates,https://www.cbn.gov.ng/api/GetAllNFEM_Rates,https://www.cbn.gov.ng/rates/ExchRateByCurrency.html,2026-09-01T00:26:57.365073Z,none
2026-03-03,ngn_fx,africa,NGA,NGN,NGN per US dollar,1384.292,LCU_per_USD,daily,CBN_NFEM_FX,Nigerian Foreign Exchange Market Rates,https://www.cbn.gov.ng/api/GetAllNFEM_Rates,https://www.cbn.gov.ng/rates/ExchRateByCurrency.html,2026-09-01T00:26:57.365073Z,none
2026-03-04,ngn_fx,africa,NGA,NGN,NGN per US dollar,1387.0955,LCU_per_USD,daily,CBN_NFEM_FX,Nigerian Foreign Exchange Market Rates,https://www.cbn.gov.ng/api/GetAllNFEM_Rates,https://www.cbn.gov.ng/rates/ExchRateByCurrency.html,2026-09-01T00:26:57.365073Z,none
2026-03-05,ngn_fx,africa,NGA,NGN,NGN per US dollar,1387.4475,LCU_per_USD,daily,CBN_NFEM_FX,Nigerian Foreign Exchange Market Rates,https://www.cbn.gov.ng/api/GetAllNFEM_Rates,https://www.cbn.gov.ng/rates/ExchRateByCurrency.html,2026-09-01T00:26:57.365073Z,none
2026-03-06,ngn_fx,africa,NGA,NGN,NGN per US dollar,1393.2556,LCU_per_USD,daily,CBN_NFEM_FX,Nigerian Foreign Exchange Market Rates,https://www.cbn.gov.ng/api/GetAllNFEM_Rates,https://www.cbn.gov.ng/rates/ExchRateByCurrency.html,2026-09-01T00:26:57.365073Z,none
2026-03-09,ngn_fx,africa,NGA,NGN,NGN per US dollar,1405.6238,LCU_per_USD,daily,CBN_NFEM_FX,Nigerian Foreign Exchange Market Rates,https://www.cbn.gov.ng/api/GetAllNFEM_Rates,https://www.cbn.gov.ng/rates/ExchRateByCurrency.html,2026-09-01T00:26:57.365073Z,none
2026-03-10,ngn_fx,africa,NGA,NGN,NGN per US dollar,1401.4014,LCU_per_USD,daily,CBN_NFEM_FX,Nigerian Foreign Exchange Market Rates,https://www.cbn.gov.ng/api/GetAllNFEM_Rates,https://www.cbn.gov.ng/rates/ExchRateByCurrency.html,2026-09-01T00:26:57.365073Z,none
2026-03-11,ngn_fx,africa,NGA,NGN,NGN per US dollar,1376.1925,LCU_per_USD,daily,CBN_NFEM_FX,Nigerian Foreign Exchange Market Rates,https://www.cbn.gov.ng/api/GetAllNFEM_Rates,https://www.cbn.gov.ng/rates/ExchRateByCurrency.html,2026-09-01T00:26:57.365073Z,none
2026-03-12,ngn_fx,africa,NGA,NGN,NGN per US dollar,1371.5063,LCU_per_USD,daily,CBN_NFEM_FX,Nigerian Foreign Exchange Market Rates,https://www.cbn.gov.ng/api/GetAllNFEM_Rates,https://www.cbn.gov.ng/rates/ExchRateByCurrency.html,2026-09-01T00:26:57.365073Z,none
2026-03-13,ngn_fx,africa,NGA,NGN,NGN per US dollar,1366.233,LCU_per_USD,daily,CBN_NFEM_FX,Nigerian Foreign Exchange Market Rates,https://www.cbn.gov.ng/api/GetAllNFEM_Rates,https://www.cbn.gov.ng/rates/ExchRateByCurrency.html,2026-09-01T00:26:57.365073Z,none
2026-03-16,ngn_fx,africa,NGA,NGN,NGN per US dollar,1357.7697,LCU_per_USD,daily,CBN_NFEM_FX,Nigerian Foreign Exchange Market Rates,https://www.cbn.gov.ng/api/GetAllNFEM_Rates,https://www.cbn.gov.ng/rates/ExchRateByCurrency.html,2026-09-01T00:26:57.365073Z,none
2026-03-17,ngn_fx,africa,NGA,NGN,NGN per US dollar,1344.4158,LCU_per_USD,daily,CBN_NFEM_FX,Nigerian Foreign Exchange Market Rates,https://www.cbn.gov.ng/api/GetAllNFEM_Rates,https://www.cbn.gov.ng/rates/ExchRateByCurrency.html,2026-09-01T00:26:57.365073Z,none
2026-03-18,ngn_fx,africa,NGA,NGN,NGN per US dollar,1353.9018,LCU_per_USD,daily,CBN_NFEM_FX,Nigerian Foreign Exchange Market Rates,https://www.cbn.gov.ng/api/GetAllNFEM_Rates,https://www.cbn.gov.ng/rates/ExchRateByCurrency.html,2026-09-01T00:26:57.365073Z,none
2026-03-23,ngn_fx,africa,NGA,NGN,NGN per US dollar,1388.3841,LCU_per_USD,daily,CBN_NFEM_FX,Nigerian Foreign Exchange Market Rates,https://www.cbn.gov.ng/api/GetAllNFEM_Rates,https://www.cbn.gov.ng/rates/ExchRateByCurrency.html,2026-09-01T00:26:57.365073Z,none
2026-03-24,ngn_fx,africa,NGA,NGN,NGN per US dollar,1382.6325,LCU_per_USD,daily,CBN_NFEM_FX,Nigerian Foreign Exchange Market Rates,https://www.cbn.gov.ng/api/GetAllNFEM_Rates,https://www.cbn.gov.ng/rates/ExchRateByCurrency.html,2026-09-01T00:26:57.365073Z,none
2026-03-25,ngn_fx,africa,NGA,NGN,NGN per US dollar,1386.7049,LCU_per_USD,daily,CBN_NFEM_FX,Nigerian Foreign Exchange Market Rates,https://www.cbn.gov.ng/api/GetAllNFEM_Rates,https://www.cbn.gov.ng/rates/ExchRateByCurrency.html,2026-09-01T00:26:57.365073Z,none
2026-03-26,ngn_fx,africa,NGA,NGN,NGN per US dollar,1383.883,LCU_per_USD,daily,CBN_NFEM_FX,Nigerian Foreign Exchange Market Rates,https://www.cbn.gov.ng/api/GetAllNFEM_Rates,https://www.cbn.gov.ng/rates/ExchRateByCurrency.html,2026-09-01T00:26:57.365073Z,none
2026-03-27,ngn_fx,africa,NGA,NGN,NGN per US dollar,1380.5766,LCU_per_USD,daily,CBN_NFEM_FX,Nigerian Foreign Exchange Market Rates,https://www.cbn.gov.ng/api/GetAllNFEM_Rates,https://www.cbn.gov.ng/rates/ExchRateByCurrency.html,2026-09-01T00:26:57.365073Z,none
2026-03-30,ngn_fx,africa,NGA,NGN,NGN per US dollar,1383.5814,LCU_per_USD,daily,CBN_NFEM_FX,Nigerian Foreign Exchange Market Rates,https://www.cbn.gov.ng/api/GetAllNFEM_Rates,https://www.cbn.gov.ng/rates/ExchRateByCurrency.html,2026-09-01T00:26:57.365073Z,none
2026-03-31,ngn_fx,africa,NGA,NGN,NGN per US dollar,1386.7156,LCU_per_USD,daily,CBN_NFEM_FX,Nigerian Foreign Exchange Market Rates,https://www.cbn.gov.ng/api/GetAllNFEM_Rates,https://www.cbn.gov.ng/rates/ExchRateByCurrency.html,2026-09-01T00:26:57.365073Z,none
2026-04-01,ngn_fx,africa,NGA,NGN,NGN per US dollar,1378.7011,LCU_per_USD,daily,CBN_NFEM_FX,Nigerian Foreign Exchange Market Rates,https://www.cbn.gov.ng/api/GetAllNFEM_Rates,https://www.cbn.gov.ng/rates/ExchRateByCurrency.html,2026-09-01T00:26:57.365073Z,none
2026-04-02,ngn_fx,africa,NGA,NGN,NGN per US dollar,1380.7942,LCU_per_USD,daily,CBN_NFEM_FX,Nigerian Foreign Exchange Market Rates,https://www.cbn.gov.ng/api/GetAllNFEM_Rates,https://www.cbn.gov.ng/rates/ExchRateByCurrency.html,2026-09-01T00:26:57.365073Z,none
2026-04-07,ngn_fx,africa,NGA,NGN,NGN per US dollar,1386.6573,LCU_per_USD,daily,CBN_NFEM_FX,Nigerian Foreign Exchange Market Rates,https://www.cbn.gov.ng/api/GetAllNFEM_Rates,https://www.cbn.gov.ng/rates/ExchRateByCurrency.html,2026-09-01T00:26:57.365073Z,none
2026-04-08,ngn_fx,africa,NGA,NGN,NGN per US dollar,1371.8224,LCU_per_USD,daily,CBN_NFEM_FX,Nigerian Foreign Exchange Market Rates,https://www.cbn.gov.ng/api/GetAllNFEM_Rates,https://www.cbn.gov.ng/rates/ExchRateByCurrency.html,2026-09-01T00:26:57.365073Z,none
2026-04-09,ngn_fx,africa,NGA,NGN,NGN per US dollar,1359.3156,LCU_per_USD,daily,CBN_NFEM_FX,Nigerian Foreign Exchange Market Rates,https://www.cbn.gov.ng/api/GetAllNFEM_Rates,https://www.cbn.gov.ng/rates/ExchRateByCurrency.html,2026-09-01T00:26:57.365073Z,none
2026-04-10,ngn_fx,africa,NGA,NGN,NGN per US dollar,1356.8898,LCU_per_USD,daily,CBN_NFEM_FX,Nigerian Foreign Exchange Market Rates,https://www.cbn.gov.ng/api/GetAllNFEM_Rates,https://www.cbn.gov.ng/rates/ExchRateByCurrency.html,2026-09-01T00:26:57.365073Z,none
2026-04-13,ngn_fx,africa,NGA,NGN,NGN per US dollar,1356.1852,LCU_per_USD,daily,CBN_NFEM_FX,Nigerian Foreign Exchange Market Rates,https://www.cbn.gov.ng/api/GetAllNFEM_Rates,https://www.cbn.gov.ng/rates/ExchRateByCurrency.html,2026-09-01T00:26:57.365073Z,none
2026-04-14,ngn_fx,africa,NGA,NGN,NGN per US dollar,1343.7658,LCU_per_USD,daily,CBN_NFEM_FX,Nigerian Foreign Exchange Market Rates,https://www.cbn.gov.ng/api/GetAllNFEM_Rates,https://www.cbn.gov.ng/rates/ExchRateByCurrency.html,2026-09-01T00:26:57.365073Z,none
2026-04-15,ngn_fx,africa,NGA,NGN,NGN per US dollar,1343.7409,LCU_per_USD,daily,CBN_NFEM_FX,Nigerian Foreign Exchange Market Rates,https://www.cbn.gov.ng/api/GetAllNFEM_Rates,https://www.cbn.gov.ng/rates/ExchRateByCurrency.html,2026-09-01T00:26:57.365073Z,none
2026-04-16,ngn_fx,africa,NGA,NGN,NGN per US dollar,1342.3037,LCU_per_USD,daily,CBN_NFEM_FX,Nigerian Foreign Exchange Market Rates,https://www.cbn.gov.ng/api/GetAllNFEM_Rates,https://www.cbn.gov.ng/rates/ExchRateByCurrency.html,2026-09-01T00:26:57.365073Z,none
2026-04-17,ngn_fx,africa,NGA,NGN,NGN per US dollar,1343.6398,LCU_per_USD,daily,CBN_NFEM_FX,Nigerian Foreign Exchange Market Rates,https://www.cbn.gov.ng/api/GetAllNFEM_Rates,https://www.cbn.gov.ng/rates/ExchRateByCurrency.html,2026-09-01T00:26:57.365073Z,none
2026-04-20,ngn_fx,africa,NGA,NGN,NGN per US dollar,1349.6737,LCU_per_USD,daily,CBN_NFEM_FX,Nigerian Foreign Exchange Market Rates,https://www.cbn.gov.ng/api/GetAllNFEM_Rates,https://www.cbn.gov.ng/rates/ExchRateByCurrency.html,2026-09-01T00:26:57.365073Z,none
2026-04-21,ngn_fx,africa,NGA,NGN,NGN per US dollar,1350.7402,LCU_per_USD,daily,CBN_NFEM_FX,Nigerian Foreign Exchange Market Rates,https://www.cbn.gov.ng/api/GetAllNFEM_Rates,https://www.cbn.gov.ng/rates/ExchRateByCurrency.html,2026-09-01T00:26:57.365073Z,none
2026-04-22,ngn_fx,africa,NGA,NGN,NGN per US dollar,1348.4492,LCU_per_USD,daily,CBN_NFEM_FX,Nigerian Foreign Exchange Market Rates,https://www.cbn.gov.ng/api/GetAllNFEM_Rates,https://www.cbn.gov.ng/rates/ExchRateByCurrency.html,2026-09-01T00:26:57.365073Z,none
2026-04-23,ngn_fx,africa,NGA,NGN,NGN per US dollar,1353.9081,LCU_per_USD,daily,CBN_NFEM_FX,Nigerian Foreign Exchange Market Rates,https://www.cbn.gov.ng/api/GetAllNFEM_Rates,https://www.cbn.gov.ng/rates/ExchRateByCurrency.html,2026-09-01T00:26:57.365073Z,none
2026-04-24,ngn_fx,africa,NGA,NGN,NGN per US dollar,1358.4351,LCU_per_USD,daily,CBN_NFEM_FX,Nigerian Foreign Exchange Market Rates,https://www.cbn.gov.ng/api/GetAllNFEM_Rates,https://www.cbn.gov.ng/rates/ExchRateByCurrency.html,2026-09-01T00:26:57.365073Z,none
2026-04-27,ngn_fx,africa,NGA,NGN,NGN per US dollar,1364.2374,LCU_per_USD,daily,CBN_NFEM_FX,Nigerian Foreign Exchange Market Rates,https://www.cbn.gov.ng/api/GetAllNFEM_Rates,https://www.cbn.gov.ng/rates/ExchRateByCurrency.html,2026-09-01T00:26:57.365073Z,none
2026-04-28,ngn_fx,africa,NGA,NGN,NGN per US dollar,1380.7066,LCU_per_USD,daily,CBN_NFEM_FX,Nigerian Foreign Exchange Market Rates,https://www.cbn.gov.ng/api/GetAllNFEM_Rates,https://www.cbn.gov.ng/rates/ExchRateByCurrency.html,2026-09-01T00:26:57.365073Z,none
2026-04-29,ngn_fx,africa,NGA,NGN,NGN per US dollar,1379.4605,LCU_per_USD,daily,CBN_NFEM_FX,Nigerian Foreign Exchange Market Rates,https://www.cbn.gov.ng/api/GetAllNFEM_Rates,https://www.cbn.gov.ng/rates/ExchRateByCurrency.html,2026-09-01T00:26:57.365073Z,none
2026-04-30,ngn_fx,africa,NGA,NGN,NGN per US dollar,1374.9431,LCU_per_USD,daily,CBN_NFEM_FX,Nigerian Foreign Exchange Market Rates,https://www.cbn.gov.ng/api/GetAllNFEM_Rates,https://www.cbn.gov.ng/rates/ExchRateByCurrency.html,2026-09-01T00:26:57.365073Z,none
2026-05-04,ngn_fx,africa,NGA,NGN,NGN per US dollar,1365.2474,LCU_per_USD,daily,CBN_NFEM_FX,Nigerian Foreign Exchange Market Rates,https://www.cbn.gov.ng/api/GetAllNFEM_Rates,https://www.cbn.gov.ng/rates/ExchRateByCurrency.html,2026-09-01T00:26:57.365073Z,none
2026-05-05,ngn_fx,africa,NGA,NGN,NGN per US dollar,1366.5592,LCU_per_USD,daily,CBN_NFEM_FX,Nigerian Foreign Exchange Market Rates,https://www.cbn.gov.ng/api/GetAllNFEM_Rates,https://www.cbn.gov.ng/rates/ExchRateByCurrency.html,2026-09-01T00:26:57.365073Z,none
2026-05-06,ngn_fx,africa,NGA,NGN,NGN per US dollar,1357.3371,LCU_per_USD,daily,CBN_NFEM_FX,Nigerian Foreign Exchange Market Rates,https://www.cbn.gov.ng/api/GetAllNFEM_Rates,https://www.cbn.gov.ng/rates/ExchRateByCurrency.html,2026-09-01T00:26:57.365073Z,none
2026-05-07,ngn_fx,africa,NGA,NGN,NGN per US dollar,1355.8502,LCU_per_USD,daily,CBN_NFEM_FX,Nigerian Foreign Exchange Market Rates,https://www.cbn.gov.ng/api/GetAllNFEM_Rates,https://www.cbn.gov.ng/rates/ExchRateByCurrency.html,2026-09-01T00:26:57.365073Z,none
2026-05-08,ngn_fx,africa,NGA,NGN,NGN per US dollar,1361.395,LCU_per_USD,daily,CBN_NFEM_FX,Nigerian Foreign Exchange Market Rates,https://www.cbn.gov.ng/api/GetAllNFEM_Rates,https://www.cbn.gov.ng/rates/ExchRateByCurrency.html,2026-09-01T00:26:57.365073Z,none
2026-05-11,ngn_fx,africa,NGA,NGN,NGN per US dollar,1373.164,LCU_per_USD,daily,CBN_NFEM_FX,Nigerian Foreign Exchange Market Rates,https://www.cbn.gov.ng/api/GetAllNFEM_Rates,https://www.cbn.gov.ng/rates/ExchRateByCurrency.html,2026-09-01T00:26:57.365073Z,none
2026-05-12,ngn_fx,africa,NGA,NGN,NGN per US dollar,1375.6219,LCU_per_USD,daily,CBN_NFEM_FX,Nigerian Foreign Exchange Market Rates,https://www.cbn.gov.ng/api/GetAllNFEM_Rates,https://www.cbn.gov.ng/rates/ExchRateByCurrency.html,2026-09-01T00:26:57.365073Z,none
2026-05-13,ngn_fx,africa,NGA,NGN,NGN per US dollar,1370.56,LCU_per_USD,daily,CBN_NFEM_FX,Nigerian Foreign Exchange Market Rates,https://www.cbn.gov.ng/api/GetAllNFEM_Rates,https://www.cbn.gov.ng/rates/ExchRateByCurrency.html,2026-09-01T00:26:57.365073Z,none
2026-05-14,ngn_fx,africa,NGA,NGN,NGN per US dollar,1370.8862,LCU_per_USD,daily,CBN_NFEM_FX,Nigerian Foreign Exchange Market Rates,https://www.cbn.gov.ng/api/GetAllNFEM_Rates,https://www.cbn.gov.ng/rates/ExchRateByCurrency.html,2026-09-01T00:26:57.365073Z,none
2026-05-15,ngn_fx,africa,NGA,NGN,NGN per US dollar,1371.0391,LCU_per_USD,daily,CBN_NFEM_FX,Nigerian Foreign Exchange Market Rates,https://www.cbn.gov.ng/api/GetAllNFEM_Rates,https://www.cbn.gov.ng/rates/ExchRateByCurrency.html,2026-09-01T00:26:57.365073Z,none
2026-05-18,ngn_fx,africa,NGA,NGN,NGN per US dollar,1373.7004,LCU_per_USD,daily,CBN_NFEM_FX,Nigerian Foreign Exchange Market Rates,https://www.cbn.gov.ng/api/GetAllNFEM_Rates,https://www.cbn.gov.ng/rates/ExchRateByCurrency.html,2026-09-01T00:26:57.365073Z,none
2026-05-19,ngn_fx,africa,NGA,NGN,NGN per US dollar,1373.8717,LCU_per_USD,daily,CBN_NFEM_FX,Nigerian Foreign Exchange Market Rates,https://www.cbn.gov.ng/api/GetAllNFEM_Rates,https://www.cbn.gov.ng/rates/ExchRateByCurrency.html,2026-09-01T00:26:57.365073Z,none
2026-05-20,ngn_fx,africa,NGA,NGN,NGN per US dollar,1373.3431,LCU_per_USD,daily,CBN_NFEM_FX,Nigerian Foreign Exchange Market Rates,https://www.cbn.gov.ng/api/GetAllNFEM_Rates,https://www.cbn.gov.ng/rates/ExchRateByCurrency.html,2026-09-01T00:26:57.365073Z,none
2026-05-21,ngn_fx,africa,NGA,NGN,NGN per US dollar,1372.3079,LCU_per_USD,daily,CBN_NFEM_FX,Nigerian Foreign Exchange Market Rates,https://www.cbn.gov.ng/api/GetAllNFEM_Rates,https://www.cbn.gov.ng/rates/ExchRateByCurrency.html,2026-09-01T00:26:57.365073Z,none
2026-05-22,ngn_fx,africa,NGA,NGN,NGN per US dollar,1375.458,LCU_per_USD,daily,CBN_NFEM_FX,Nigerian Foreign Exchange Market Rates,https://www.cbn.gov.ng/api/GetAllNFEM_Rates,https://www.cbn.gov.ng/rates/ExchRateByCurrency.html,2026-09-01T00:26:57.365073Z,none
2026-05-25,ngn_fx,africa,NGA,NGN,NGN per US dollar,1374.9172,LCU_per_USD,daily,CBN_NFEM_FX,Nigerian Foreign Exchange Market Rates,https://www.cbn.gov.ng/api/GetAllNFEM_Rates,https://www.cbn.gov.ng/rates/ExchRateByCurrency.html,2026-09-01T00:26:57.365073Z,none
2026-05-26,ngn_fx,africa,NGA,NGN,NGN per US dollar,1375.4073,LCU_per_USD,daily,CBN_NFEM_FX,Nigerian Foreign Exchange Market Rates,https://www.cbn.gov.ng/api/GetAllNFEM_Rates,https://www.cbn.gov.ng/rates/ExchRateByCurrency.html,2026-09-01T00:26:57.365073Z,none
2026-05-29,ngn_fx,africa,NGA,NGN,NGN per US dollar,1373.2545,LCU_per_USD,daily,CBN_NFEM_FX,Nigerian Foreign Exchange Market Rates,https://www.cbn.gov.ng/api/GetAllNFEM_Rates,https://www.cbn.gov.ng/rates/ExchRateByCurrency.html,2026-09-01T00:26:57.365073Z,none
2026-06-01,ngn_fx,africa,NGA,NGN,NGN per US dollar,1366.795,LCU_per_USD,daily,CBN_NFEM_FX,Nigerian Foreign Exchange Market Rates,https://www.cbn.gov.ng/api/GetAllNFEM_Rates,https://www.cbn.gov.ng/rates/ExchRateByCurrency.html,2026-09-01T00:26:57.365073Z,none
2026-06-02,ngn_fx,africa,NGA,NGN,NGN per US dollar,1361.0497,LCU_per_USD,daily,CBN_NFEM_FX,Nigerian Foreign Exchange Market Rates,https://www.cbn.gov.ng/api/GetAllNFEM_Rates,https://www.cbn.gov.ng/rates/ExchRateByCurrency.html,2026-09-01T00:26:57.365073Z,none
2026-06-03,ngn_fx,africa,NGA,NGN,NGN per US dollar,1357.2615,LCU_per_USD,daily,CBN_NFEM_FX,Nigerian Foreign Exchange Market Rates,https://www.cbn.gov.ng/api/GetAllNFEM_Rates,https://www.cbn.gov.ng/rates/ExchRateByCurrency.html,2026-09-01T00:26:57.365073Z,none
2026-06-04,ngn_fx,africa,NGA,NGN,NGN per US dollar,1358.7478,LCU_per_USD,daily,CBN_NFEM_FX,Nigerian Foreign Exchange Market Rates,https://www.cbn.gov.ng/api/GetAllNFEM_Rates,https://www.cbn.gov.ng/rates/ExchRateByCurrency.html,2026-09-01T00:26:57.365073Z,none
2026-06-05,ngn_fx,africa,NGA,NGN,NGN per US dollar,1362.2123,LCU_per_USD,daily,CBN_NFEM_FX,Nigerian Foreign Exchange Market Rates,https://www.cbn.gov.ng/api/GetAllNFEM_Rates,https://www.cbn.gov.ng/rates/ExchRateByCurrency.html,2026-09-01T00:26:57.365073Z,none
2026-06-08,ngn_fx,africa,NGA,NGN,NGN per US dollar,1362.8397,LCU_per_USD,daily,CBN_NFEM_FX,Nigerian Foreign Exchange Market Rates,https://www.cbn.gov.ng/api/GetAllNFEM_Rates,https://www.cbn.gov.ng/rates/ExchRateByCurrency.html,2026-09-01T00:26:57.365073Z,none
2026-06-09,ngn_fx,africa,NGA,NGN,NGN per US dollar,1360.5519,LCU_per_USD,daily,CBN_NFEM_FX,Nigerian Foreign Exchange Market Rates,https://www.cbn.gov.ng/api/GetAllNFEM_Rates,https://www.cbn.gov.ng/rates/ExchRateByCurrency.html,2026-09-01T00:26:57.365073Z,none
2026-06-10,ngn_fx,africa,NGA,NGN,NGN per US dollar,1362.0549,LCU_per_USD,daily,CBN_NFEM_FX,Nigerian Foreign Exchange Market Rates,https://www.cbn.gov.ng/api/GetAllNFEM_Rates,https://www.cbn.gov.ng/rates/ExchRateByCurrency.html,2026-09-01T00:26:57.365073Z,none
2026-06-11,ngn_fx,africa,NGA,NGN,NGN per US dollar,1363.825,LCU_per_USD,daily,CBN_NFEM_FX,Nigerian Foreign Exchange Market Rates,https://www.cbn.gov.ng/api/GetAllNFEM_Rates,https://www.cbn.gov.ng/rates/ExchRateByCurrency.html,2026-09-01T00:26:57.365073Z,none
2026-06-15,ngn_fx,africa,NGA,NGN,NGN per US dollar,1356.2704,LCU_per_USD,daily,CBN_NFEM_FX,Nigerian Foreign Exchange Market Rates,https://www.cbn.gov.ng/api/GetAllNFEM_Rates,https://www.cbn.gov.ng/rates/ExchRateByCurrency.html,2026-09-01T00:26:57.365073Z,none
2026-06-16,ngn_fx,africa,NGA,NGN,NGN per US dollar,1357.1808,LCU_per_USD,daily,CBN_NFEM_FX,Nigerian Foreign Exchange Market Rates,https://www.cbn.gov.ng/api/GetAllNFEM_Rates,https://www.cbn.gov.ng/rates/ExchRateByCurrency.html,2026-09-01T00:26:57.365073Z,none
2026-06-17,ngn_fx,africa,NGA,NGN,NGN per US dollar,1360.0725,LCU_per_USD,daily,CBN_NFEM_FX,Nigerian Foreign Exchange Market Rates,https://www.cbn.gov.ng/api/GetAllNFEM_Rates,https://www.cbn.gov.ng/rates/ExchRateByCurrency.html,2026-09-01T00:26:57.365073Z,none
2026-06-18,ngn_fx,africa,NGA,NGN,NGN per US dollar,1363.304,LCU_per_USD,daily,CBN_NFEM_FX,Nigerian Foreign Exchange Market Rates,https://www.cbn.gov.ng/api/GetAllNFEM_Rates,https://www.cbn.gov.ng/rates/ExchRateByCurrency.html,2026-09-01T00:26:57.365073Z,none
2026-06-19,ngn_fx,africa,NGA,NGN,NGN per US dollar,1370.4556,LCU_per_USD,daily,CBN_NFEM_FX,Nigerian Foreign Exchange Market Rates,https://www.cbn.gov.ng/api/GetAllNFEM_Rates,https://www.cbn.gov.ng/rates/ExchRateByCurrency.html,2026-09-01T00:26:57.365073Z,none
2026-06-22,ngn_fx,africa,NGA,NGN,NGN per US dollar,1369.1064,LCU_per_USD,daily,CBN_NFEM_FX,Nigerian Foreign Exchange Market Rates,https://www.cbn.gov.ng/api/GetAllNFEM_Rates,https://www.cbn.gov.ng/rates/ExchRateByCurrency.html,2026-09-01T00:26:57.365073Z,none
2026-06-23,ngn_fx,africa,NGA,NGN,NGN per US dollar,1370.6373,LCU_per_USD,daily,CBN_NFEM_FX,Nigerian Foreign Exchange Market Rates,https://www.cbn.gov.ng/api/GetAllNFEM_Rates,https://www.cbn.gov.ng/rates/ExchRateByCurrency.html,2026-09-01T00:26:57.365073Z,none
2026-06-24,ngn_fx,africa,NGA,NGN,NGN per US dollar,1380.0775,LCU_per_USD,daily,CBN_NFEM_FX,Nigerian Foreign Exchange Market Rates,https://www.cbn.gov.ng/api/GetAllNFEM_Rates,https://www.cbn.gov.ng/rates/ExchRateByCurrency.html,2026-09-01T00:26:57.365073Z,none
2026-06-25,ngn_fx,africa,NGA,NGN,NGN per US dollar,1380.1079,LCU_per_USD,daily,CBN_NFEM_FX,Nigerian Foreign Exchange Market Rates,https://www.cbn.gov.ng/api/GetAllNFEM_Rates,https://www.cbn.gov.ng/rates/ExchRateByCurrency.html,2026-09-01T00:26:57.365073Z,none
2026-06-26,ngn_fx,africa,NGA,NGN,NGN per US dollar,1380.9329,LCU_per_USD,daily,CBN_NFEM_FX,Nigerian Foreign Exchange Market Rates,https://www.cbn.gov.ng/api/GetAllNFEM_Rates,https://www.cbn.gov.ng/rates/ExchRateByCurrency.html,2026-09-01T00:26:57.365073Z,none
2026-06-29,ngn_fx,africa,NGA,NGN,NGN per US dollar,1383.6262,LCU_per_USD,daily,CBN_NFEM_FX,Nigerian Foreign Exchange Market Rates,https://www.cbn.gov.ng/api/GetAllNFEM_Rates,https://www.cbn.gov.ng/rates/ExchRateByCurrency.html,2026-09-01T00:26:57.365073Z,none
2026-06-30,ngn_fx,africa,NGA,NGN,NGN per US dollar,1379.6842,LCU_per_USD,daily,CBN_NFEM_FX,Nigerian Foreign Exchange Market Rates,https://www.cbn.gov.ng/api/GetAllNFEM_Rates,https://www.cbn.gov.ng/rates/ExchRateByCurrency.html,2026-09-01T00:26:57.365073Z,none
2026-07-01,ngn_fx,africa,NGA,NGN,NGN per US dollar,1372.4072,LCU_per_USD,daily,CBN_NFEM_FX,Nigerian Foreign Exchange Market Rates,https://www.cbn.gov.ng/api/GetAllNFEM_Rates,https://www.cbn.gov.ng/rates/ExchRateByCurrency.html,2026-09-01T00:26:57.365073Z,none
2026-07-02,ngn_fx,africa,NGA,NGN,NGN per US dollar,1370.1516,LCU_per_USD,daily,CBN_NFEM_FX,Nigerian Foreign Exchange Market Rates,https://www.cbn.gov.ng/api/GetAllNFEM_Rates,https://www.cbn.gov.ng/rates/ExchRateByCurrency.html,2026-09-01T00:26:57.365073Z,none
2026-07-03,ngn_fx,africa,NGA,NGN,NGN per US dollar,1370.1904,LCU_per_USD,daily,CBN_NFEM_FX,Nigerian Foreign Exchange Market Rates,https://www.cbn.gov.ng/api/GetAllNFEM_Rates,https://www.cbn.gov.ng/rates/ExchRateByCurrency.html,2026-09-01T00:26:57.365073Z,none
2026-07-06,ngn_fx,africa,NGA,NGN,NGN per US dollar,1368.2664,LCU_per_USD,daily,CBN_NFEM_FX,Nigerian Foreign Exchange Market Rates,https://www.cbn.gov.ng/api/GetAllNFEM_Rates,https://www.cbn.gov.ng/rates/ExchRateByCurrency.html,2026-09-01T00:26:57.365073Z,none
2026-07-07,ngn_fx,africa,NGA,NGN,NGN per US dollar,1375.7463,LCU_per_USD,daily,CBN_NFEM_FX,Nigerian Foreign Exchange Market Rates,https://www.cbn.gov.ng/api/GetAllNFEM_Rates,https://www.cbn.gov.ng/rates/ExchRateByCurrency.html,2026-09-01T00:26:57.365073Z,none
2026-07-08,ngn_fx,africa,NGA,NGN,NGN per US dollar,1379.0675,LCU_per_USD,daily,CBN_NFEM_FX,Nigerian Foreign Exchange Market Rates,https://www.cbn.gov.ng/api/GetAllNFEM_Rates,https://www.cbn.gov.ng/rates/ExchRateByCurrency.html,2026-09-01T00:26:57.365073Z,none
2026-07-09,ngn_fx,africa,NGA,NGN,NGN per US dollar,1378.4313,LCU_per_USD,daily,CBN_NFEM_FX,Nigerian Foreign Exchange Market Rates,https://www.cbn.gov.ng/api/GetAllNFEM_Rates,https://www.cbn.gov.ng/rates/ExchRateByCurrency.html,2026-09-01T00:26:57.365073Z,none
2026-07-10,ngn_fx,africa,NGA,NGN,NGN per US dollar,1379.6201,LCU_per_USD,daily,CBN_NFEM_FX,Nigerian Foreign Exchange Market Rates,https://www.cbn.gov.ng/api/GetAllNFEM_Rates,https://www.cbn.gov.ng/rates/ExchRateByCurrency.html,2026-09-01T00:26:57.365073Z,none
2026-07-13,ngn_fx,africa,NGA,NGN,NGN per US dollar,1379.6504,LCU_per_USD,daily,CBN_NFEM_FX,Nigerian Foreign Exchange Market Rates,https://www.cbn.gov.ng/api/GetAllNFEM_Rates,https://www.cbn.gov.ng/rates/ExchRateByCurrency.html,2026-09-01T00:26:57.365073Z,none
2026-07-14,ngn_fx,africa,NGA,NGN,NGN per US dollar,1383.0755,LCU_per_USD,daily,CBN_NFEM_FX,Nigerian Foreign Exchange Market Rates,https://www.cbn.gov.ng/api/GetAllNFEM_Rates,https://www.cbn.gov.ng/rates/ExchRateByCurrency.html,2026-09-01T00:26:57.365073Z,none
2026-07-15,ngn_fx,africa,NGA,NGN,NGN per US dollar,1382.1841,LCU_per_USD,daily,CBN_NFEM_FX,Nigerian Foreign Exchange Market Rates,https://www.cbn.gov.ng/api/GetAllNFEM_Rates,https://www.cbn.gov.ng/rates/ExchRateByCurrency.html,2026-09-01T00:26:57.365073Z,none
2026-07-16,ngn_fx,africa,NGA,NGN,NGN per US dollar,1381.5299,LCU_per_USD,daily,CBN_NFEM_FX,Nigerian Foreign Exchange Market Rates,https://www.cbn.gov.ng/api/GetAllNFEM_Rates,https://www.cbn.gov.ng/rates/ExchRateByCurrency.html,2026-09-01T00:26:57.365073Z,none
2026-07-17,ngn_fx,africa,NGA,NGN,NGN per US dollar,1380.1847,LCU_per_USD,daily,CBN_NFEM_FX,Nigerian Foreign Exchange Market Rates,https://www.cbn.gov.ng/api/GetAllNFEM_Rates,https://www.cbn.gov.ng/rates/ExchRateByCurrency.html,2026-09-01T00:26:57.365073Z,none
2026-07-20,ngn_fx,africa,NGA,NGN,NGN per US dollar,1380.1093,LCU_per_USD,daily,CBN_NFEM_FX,Nigerian Foreign Exchange Market Rates,https://www.cbn.gov.ng/api/GetAllNFEM_Rates,https://www.cbn.gov.ng/rates/ExchRateByCurrency.html,2026-09-01T00:26:57.365073Z,none
2026-07-21,ngn_fx,africa,NGA,NGN,NGN per US dollar,1375.3083,LCU_per_USD,daily,CBN_NFEM_FX,Nigerian Foreign Exchange Market Rates,https://www.cbn.gov.ng/api/GetAllNFEM_Rates,https://www.cbn.gov.ng/rates/ExchRateByCurrency.html,2026-09-01T00:26:57.365073Z,none
2026-07-22,ngn_fx,africa,NGA,NGN,NGN per US dollar,1369.6346,LCU_per_USD,daily,CBN_NFEM_FX,Nigerian Foreign Exchange Market Rates,https://www.cbn.gov.ng/api/GetAllNFEM_Rates,https://www.cbn.gov.ng/rates/ExchRateByCurrency.html,2026-09-01T00:26:57.365073Z,none
2026-07-23,ngn_fx,africa,NGA,NGN,NGN per US dollar,1367.7574,LCU_per_USD,daily,CBN_NFEM_FX,Nigerian Foreign Exchange Market Rates,https://www.cbn.gov.ng/api/GetAllNFEM_Rates,https://www.cbn.gov.ng/rates/ExchRateByCurrency.html,2026-09-01T00:26:57.365073Z,none
2026-07-24,ngn_fx,africa,NGA,NGN,NGN per US dollar,1362.0866,LCU_per_USD,daily,CBN_NFEM_FX,Nigerian Foreign Exchange Market Rates,https://www.cbn.gov.ng/api/GetAllNFEM_Rates,https://www.cbn.gov.ng/rates/ExchRateByCurrency.html,2026-09-01T00:26:57.365073Z,none
2026-07-27,ngn_fx,africa,NGA,NGN,NGN per US dollar,1362.2064,LCU_per_USD,daily,CBN_NFEM_FX,Nigerian Foreign Exchange Market Rates,https://www.cbn.gov.ng/api/GetAllNFEM_Rates,https://www.cbn.gov.ng/rates/ExchRateByCurrency.html,2026-09-01T00:26:57.365073Z,none
2026-07-28,ngn_fx,africa,NGA,NGN,NGN per US dollar,1365.5303,LCU_per_USD,daily,CBN_NFEM_FX,Nigerian Foreign Exchange Market Rates,https://www.cbn.gov.ng/api/GetAllNFEM_Rates,https://www.cbn.gov.ng/rates/ExchRateByCurrency.html,2026-09-01T00:26:57.365073Z,none
2026-07-29,ngn_fx,africa,NGA,NGN,NGN per US dollar,1366.714,LCU_per_USD,daily,CBN_NFEM_FX,Nigerian Foreign Exchange Market Rates,https://www.cbn.gov.ng/api/GetAllNFEM_Rates,https://www.cbn.gov.ng/rates/ExchRateByCurrency.html,2026-09-01T00:26:57.365073Z,none
2026-07-30,ngn_fx,africa,NGA,NGN,NGN per US dollar,1366.7278,LCU_per_USD,daily,CBN_NFEM_FX,Nigerian Foreign Exchange Market Rates,https://www.cbn.gov.ng/api/GetAllNFEM_Rates,https://www.cbn.gov.ng/rates/ExchRateByCurrency.html,2026-09-01T00:26:57.365073Z,none
2026-07-31,ngn_fx,africa,NGA,NGN,NGN per US dollar,1368.2232,LCU_per_USD,daily,CBN_NFEM_FX,Nigerian Foreign Exchange Market Rates,https://www.cbn.gov.ng/api/GetAllNFEM_Rates,https://www.cbn.gov.ng/rates/ExchRateByCurrency.html,2026-09-01T00:26:57.365073Z,none
2026-08-03,ngn_fx,africa,NGA,NGN,NGN per US dollar,1364.8344,LCU_per_USD,daily,CBN_NFEM_FX,Nigerian Foreign Exchange Market Rates,https://www.cbn.gov.ng/api/GetAllNFEM_Rates,https://www.cbn.gov.ng/rates/ExchRateByCurrency.html,2026-09-01T00:26:57.365073Z,none
2026-08-04,ngn_fx,africa,NGA,NGN,NGN per US dollar,1362.5542,LCU_per_USD,daily,CBN_NFEM_FX,Nigerian Foreign Exchange Market Rates,https://www.cbn.gov.ng/api/GetAllNFEM_Rates,https://www.cbn.gov.ng/rates/ExchRateByCurrency.html,2026-09-01T00:26:57.365073Z,none
2026-08-05,ngn_fx,africa,NGA,NGN,NGN per US dollar,1363.8491,LCU_per_USD,daily,CBN_NFEM_FX,Nigerian Foreign Exchange Market Rates,https://www.cbn.gov.ng/api/GetAllNFEM_Rates,https://www.cbn.gov.ng/rates/ExchRateByCurrency.html,2026-09-01T00:26:57.365073Z,none
2026-08-06,ngn_fx,africa,NGA,NGN,NGN per US dollar,1364.8846,LCU_per_USD,daily,CBN_NFEM_FX,Nigerian Foreign Exchange Market Rates,https://www.cbn.gov.ng/api/GetAllNFEM_Rates,https://www.cbn.gov.ng/rates/ExchRateByCurrency.html,2026-09-01T00:26:57.365073Z,none
2026-08-07,ngn_fx,africa,NGA,NGN,NGN per US dollar,1365.6856,LCU_per_USD,daily,CBN_NFEM_FX,Nigerian Foreign Exchange Market Rates,https://www.cbn.gov.ng/api/GetAllNFEM_Rates,https://www.cbn.gov.ng/rates/ExchRateByCurrency.html,2026-09-01T00:26:57.365073Z,none
2026-08-10,ngn_fx,africa,NGA,NGN,NGN per US dollar,1360.1415,LCU_per_USD,daily,CBN_NFEM_FX,Nigerian Foreign Exchange Market Rates,https://www.cbn.gov.ng/api/GetAllNFEM_Rates,https://www.cbn.gov.ng/rates/ExchRateByCurrency.html,2026-09-01T00:26:57.365073Z,none
2026-08-11,ngn_fx,africa,NGA,NGN,NGN per US dollar,1364.8992,LCU_per_USD,daily,CBN_NFEM_FX,Nigerian Foreign Exchange Market Rates,https://www.cbn.gov.ng/api/GetAllNFEM_Rates,https://www.cbn.gov.ng/rates/ExchRateByCurrency.html,2026-09-01T00:26:57.365073Z,none
2026-08-12,ngn_fx,africa,NGA,NGN,NGN per US dollar,1360.5792,LCU_per_USD,daily,CBN_NFEM_FX,Nigerian Foreign Exchange Market Rates,https://www.cbn.gov.ng/api/GetAllNFEM_Rates,https://www.cbn.gov.ng/rates/ExchRateByCurrency.html,2026-09-01T00:26:57.365073Z,none
2026-08-13,ngn_fx,africa,NGA,NGN,NGN per US dollar,1357.6516,LCU_per_USD,daily,CBN_NFEM_FX,Nigerian Foreign Exchange Market Rates,https://www.cbn.gov.ng/api/GetAllNFEM_Rates,https://www.cbn.gov.ng/rates/ExchRateByCurrency.html,2026-09-01T00:26:57.365073Z,none
2026-08-14,ngn_fx,africa,NGA,NGN,NGN per US dollar,1357.6088,LCU_per_USD,daily,CBN_NFEM_FX,Nigerian Foreign Exchange Market Rates,https://www.cbn.gov.ng/api/GetAllNFEM_Rates,https://www.cbn.gov.ng/rates/ExchRateByCurrency.html,2026-09-01T00:26:57.365073Z,none
2026-08-17,ngn_fx,africa,NGA,NGN,NGN per US dollar,1349.5372,LCU_per_USD,daily,CBN_NFEM_FX,Nigerian Foreign Exchange Market Rates,https://www.cbn.gov.ng/api/GetAllNFEM_Rates,https://www.cbn.gov.ng/rates/ExchRateByCurrency.html,2026-09-01T00:26:57.365073Z,none
2026-08-18,ngn_fx,africa,NGA,NGN,NGN per US dollar,1343.3202,LCU_per_USD,daily,CBN_NFEM_FX,Nigerian Foreign Exchange Market Rates,https://www.cbn.gov.ng/api/GetAllNFEM_Rates,https://www.cbn.gov.ng/rates/ExchRateByCurrency.html,2026-09-01T00:26:57.365073Z,none
2026-08-19,ngn_fx,africa,NGA,NGN,NGN per US dollar,1350.4134,LCU_per_USD,daily,CBN_NFEM_FX,Nigerian Foreign Exchange Market Rates,https://www.cbn.gov.ng/api/GetAllNFEM_Rates,https://www.cbn.gov.ng/rates/ExchRateByCurrency.html,2026-09-01T00:26:57.365073Z,none
2026-08-20,ngn_fx,africa,NGA,NGN,NGN per US dollar,1347.6284,LCU_per_USD,daily,CBN_NFEM_FX,Nigerian Foreign Exchange Market Rates,https://www.cbn.gov.ng/api/GetAllNFEM_Rates,https://www.cbn.gov.ng/rates/ExchRateByCurrency.html,2026-09-01T00:26:57.365073Z,none
2026-08-21,ngn_fx,africa,NGA,NGN,NGN per US dollar,1346.4913,LCU_per_USD,daily,CBN_NFEM_FX,Nigerian Foreign Exchange Market Rates,https://www.cbn.gov.ng/api/GetAllNFEM_Rates,https://www.cbn.gov.ng/rates/ExchRateByCurrency.html,2026-09-01T00:26:57.365073Z,none
2026-08-24,ngn_fx,africa,NGA,NGN,NGN per US dollar,1346.976,LCU_per_USD,daily,CBN_NFEM_FX,Nigerian Foreign Exchange Market Rates,https://www.cbn.gov.ng/api/GetAllNFEM_Rates,https://www.cbn.gov.ng/rates/ExchRateByCurrency.html,2026-09-01T00:26:57.365073Z,none
2026-08-26,ngn_fx,africa,NGA,NGN,NGN per US dollar,1343.5943,LCU_per_USD,daily,CBN_NFEM_FX,Nigerian Foreign Exchange Market Rates,https://www.cbn.gov.ng/api/GetAllNFEM_Rates,https://www.cbn.gov.ng/rates/ExchRateByCurrency.html,2026-09-01T00:26:57.365073Z,none
2026-08-27,ngn_fx,africa,NGA,NGN,NGN per US dollar,1338.5865,LCU_per_USD,daily,CBN_NFEM_FX,Nigerian Foreign Exchange Market Rates,https://www.cbn.gov.ng/api/GetAllNFEM_Rates,https://www.cbn.gov.ng/rates/ExchRateByCurrency.html,2026-09-01T00:26:57.365073Z,none
2026-08-28,ngn_fx,africa,NGA,NGN,NGN per US dollar,1337.2873,LCU_per_USD,daily,CBN_NFEM_FX,Nigerian Foreign Exchange Market Rates,https://www.cbn.gov.ng/api/GetAllNFEM_Rates,https://www.cbn.gov.ng/rates/ExchRateByCurrency.html,2026-09-01T00:26:57.365073Z,none
2026-08-31,ngn_fx,africa,NGA,NGN,NGN per US dollar,1332.9396,LCU_per_USD,daily,CBN_NFEM_FX,Nigerian Foreign Exchange Market Rates,https://www.cbn.gov.ng/api/GetAllNFEM_Rates,https://www.cbn.gov.ng/rates/ExchRateByCurrency.html,2026-09-01T00:26:57.365073Z,none
