observation_date,series_id,tab_id,country_iso3,currency_iso3,label,value,unit,frequency,source_id,source_name,source_url,source_documentation_url,source_retrieved_at,transformation
2024-12-02,ngn_fx,africa,NGA,NGN,NGN per US dollar,1661.1225,LCU_per_USD,daily,CBN_NFEM_FX,Nigerian Foreign Exchange Market Rates,https://www.cbn.gov.ng/api/GetAllNFEM_Rates,https://www.cbn.gov.ng/rates/ExchRateByCurrency.html,2026-08-14T07:03:10.424961Z,none
2024-12-03,ngn_fx,africa,NGA,NGN,NGN per US dollar,1643.1507,LCU_per_USD,daily,CBN_NFEM_FX,Nigerian Foreign Exchange Market Rates,https://www.cbn.gov.ng/api/GetAllNFEM_Rates,https://www.cbn.gov.ng/rates/ExchRateByCurrency.html,2026-08-14T07:03:10.424961Z,none
2024-12-04,ngn_fx,africa,NGA,NGN,NGN per US dollar,1613.6946,LCU_per_USD,daily,CBN_NFEM_FX,Nigerian Foreign Exchange Market Rates,https://www.cbn.gov.ng/api/GetAllNFEM_Rates,https://www.cbn.gov.ng/rates/ExchRateByCurrency.html,2026-08-14T07:03:10.424961Z,none
2024-12-05,ngn_fx,africa,NGA,NGN,NGN per US dollar,1588.7939,LCU_per_USD,daily,CBN_NFEM_FX,Nigerian Foreign Exchange Market Rates,https://www.cbn.gov.ng/api/GetAllNFEM_Rates,https://www.cbn.gov.ng/rates/ExchRateByCurrency.html,2026-08-14T07:03:10.424961Z,none
2024-12-06,ngn_fx,africa,NGA,NGN,NGN per US dollar,1533.7598,LCU_per_USD,daily,CBN_NFEM_FX,Nigerian Foreign Exchange Market Rates,https://www.cbn.gov.ng/api/GetAllNFEM_Rates,https://www.cbn.gov.ng/rates/ExchRateByCurrency.html,2026-08-14T07:03:10.424961Z,none
2024-12-09,ngn_fx,africa,NGA,NGN,NGN per US dollar,1534.6771,LCU_per_USD,daily,CBN_NFEM_FX,Nigerian Foreign Exchange Market Rates,https://www.cbn.gov.ng/api/GetAllNFEM_Rates,https://www.cbn.gov.ng/rates/ExchRateByCurrency.html,2026-08-14T07:03:10.424961Z,none
2024-12-10,ngn_fx,africa,NGA,NGN,NGN per US dollar,1532.1057,LCU_per_USD,daily,CBN_NFEM_FX,Nigerian Foreign Exchange Market Rates,https://www.cbn.gov.ng/api/GetAllNFEM_Rates,https://www.cbn.gov.ng/rates/ExchRateByCurrency.html,2026-08-14T07:03:10.424961Z,none
2024-12-11,ngn_fx,africa,NGA,NGN,NGN per US dollar,1533.0936,LCU_per_USD,daily,CBN_NFEM_FX,Nigerian Foreign Exchange Market Rates,https://www.cbn.gov.ng/api/GetAllNFEM_Rates,https://www.cbn.gov.ng/rates/ExchRateByCurrency.html,2026-08-14T07:03:10.424961Z,none
2024-12-12,ngn_fx,africa,NGA,NGN,NGN per US dollar,1534.6011,LCU_per_USD,daily,CBN_NFEM_FX,Nigerian Foreign Exchange Market Rates,https://www.cbn.gov.ng/api/GetAllNFEM_Rates,https://www.cbn.gov.ng/rates/ExchRateByCurrency.html,2026-08-14T07:03:10.424961Z,none
2024-12-13,ngn_fx,africa,NGA,NGN,NGN per US dollar,1533.2747,LCU_per_USD,daily,CBN_NFEM_FX,Nigerian Foreign Exchange Market Rates,https://www.cbn.gov.ng/api/GetAllNFEM_Rates,https://www.cbn.gov.ng/rates/ExchRateByCurrency.html,2026-08-14T07:03:10.424961Z,none
2024-12-16,ngn_fx,africa,NGA,NGN,NGN per US dollar,1533.5669,LCU_per_USD,daily,CBN_NFEM_FX,Nigerian Foreign Exchange Market Rates,https://www.cbn.gov.ng/api/GetAllNFEM_Rates,https://www.cbn.gov.ng/rates/ExchRateByCurrency.html,2026-08-14T07:03:10.424961Z,none
2024-12-17,ngn_fx,africa,NGA,NGN,NGN per US dollar,1534.1055,LCU_per_USD,daily,CBN_NFEM_FX,Nigerian Foreign Exchange Market Rates,https://www.cbn.gov.ng/api/GetAllNFEM_Rates,https://www.cbn.gov.ng/rates/ExchRateByCurrency.html,2026-08-14T07:03:10.424961Z,none
2024-12-18,ngn_fx,africa,NGA,NGN,NGN per US dollar,1538.878,LCU_per_USD,daily,CBN_NFEM_FX,Nigerian Foreign Exchange Market Rates,https://www.cbn.gov.ng/api/GetAllNFEM_Rates,https://www.cbn.gov.ng/rates/ExchRateByCurrency.html,2026-08-14T07:03:10.424961Z,none
2024-12-19,ngn_fx,africa,NGA,NGN,NGN per US dollar,1537.4253,LCU_per_USD,daily,CBN_NFEM_FX,Nigerian Foreign Exchange Market Rates,https://www.cbn.gov.ng/api/GetAllNFEM_Rates,https://www.cbn.gov.ng/rates/ExchRateByCurrency.html,2026-08-14T07:03:10.424961Z,none
2024-12-20,ngn_fx,africa,NGA,NGN,NGN per US dollar,1536.9275,LCU_per_USD,daily,CBN_NFEM_FX,Nigerian Foreign Exchange Market Rates,https://www.cbn.gov.ng/api/GetAllNFEM_Rates,https://www.cbn.gov.ng/rates/ExchRateByCurrency.html,2026-08-14T07:03:10.424961Z,none
2024-12-23,ngn_fx,africa,NGA,NGN,NGN per US dollar,1535.7157,LCU_per_USD,daily,CBN_NFEM_FX,Nigerian Foreign Exchange Market Rates,https://www.cbn.gov.ng/api/GetAllNFEM_Rates,https://www.cbn.gov.ng/rates/ExchRateByCurrency.html,2026-08-14T07:03:10.424961Z,none
2024-12-24,ngn_fx,africa,NGA,NGN,NGN per US dollar,1538.5728,LCU_per_USD,daily,CBN_NFEM_FX,Nigerian Foreign Exchange Market Rates,https://www.cbn.gov.ng/api/GetAllNFEM_Rates,https://www.cbn.gov.ng/rates/ExchRateByCurrency.html,2026-08-14T07:03:10.424961Z,none
2024-12-27,ngn_fx,africa,NGA,NGN,NGN per US dollar,1538.3917,LCU_per_USD,daily,CBN_NFEM_FX,Nigerian Foreign Exchange Market Rates,https://www.cbn.gov.ng/api/GetAllNFEM_Rates,https://www.cbn.gov.ng/rates/ExchRateByCurrency.html,2026-08-14T07:03:10.424961Z,none
2024-12-30,ngn_fx,africa,NGA,NGN,NGN per US dollar,1536.917,LCU_per_USD,daily,CBN_NFEM_FX,Nigerian Foreign Exchange Market Rates,https://www.cbn.gov.ng/api/GetAllNFEM_Rates,https://www.cbn.gov.ng/rates/ExchRateByCurrency.html,2026-08-14T07:03:10.424961Z,none
2024-12-31,ngn_fx,africa,NGA,NGN,NGN per US dollar,1535.8175,LCU_per_USD,daily,CBN_NFEM_FX,Nigerian Foreign Exchange Market Rates,https://www.cbn.gov.ng/api/GetAllNFEM_Rates,https://www.cbn.gov.ng/rates/ExchRateByCurrency.html,2026-08-14T07:03:10.424961Z,none
2025-01-02,ngn_fx,africa,NGA,NGN,NGN per US dollar,1541.3611,LCU_per_USD,daily,CBN_NFEM_FX,Nigerian Foreign Exchange Market Rates,https://www.cbn.gov.ng/api/GetAllNFEM_Rates,https://www.cbn.gov.ng/rates/ExchRateByCurrency.html,2026-08-14T07:03:10.424961Z,none
2025-01-03,ngn_fx,africa,NGA,NGN,NGN per US dollar,1534.5585,LCU_per_USD,daily,CBN_NFEM_FX,Nigerian Foreign Exchange Market Rates,https://www.cbn.gov.ng/api/GetAllNFEM_Rates,https://www.cbn.gov.ng/rates/ExchRateByCurrency.html,2026-08-14T07:03:10.424961Z,none
2025-01-06,ngn_fx,africa,NGA,NGN,NGN per US dollar,1533.6065,LCU_per_USD,daily,CBN_NFEM_FX,Nigerian Foreign Exchange Market Rates,https://www.cbn.gov.ng/api/GetAllNFEM_Rates,https://www.cbn.gov.ng/rates/ExchRateByCurrency.html,2026-08-14T07:03:10.424961Z,none
2025-01-07,ngn_fx,africa,NGA,NGN,NGN per US dollar,1534.1643,LCU_per_USD,daily,CBN_NFEM_FX,Nigerian Foreign Exchange Market Rates,https://www.cbn.gov.ng/api/GetAllNFEM_Rates,https://www.cbn.gov.ng/rates/ExchRateByCurrency.html,2026-08-14T07:03:10.424961Z,none
2025-01-08,ngn_fx,africa,NGA,NGN,NGN per US dollar,1539.3976,LCU_per_USD,daily,CBN_NFEM_FX,Nigerian Foreign Exchange Market Rates,https://www.cbn.gov.ng/api/GetAllNFEM_Rates,https://www.cbn.gov.ng/rates/ExchRateByCurrency.html,2026-08-14T07:03:10.424961Z,none
2025-01-09,ngn_fx,africa,NGA,NGN,NGN per US dollar,1541.0559,LCU_per_USD,daily,CBN_NFEM_FX,Nigerian Foreign Exchange Market Rates,https://www.cbn.gov.ng/api/GetAllNFEM_Rates,https://www.cbn.gov.ng/rates/ExchRateByCurrency.html,2026-08-14T07:03:10.424961Z,none
2025-01-10,ngn_fx,africa,NGA,NGN,NGN per US dollar,1542.0256,LCU_per_USD,daily,CBN_NFEM_FX,Nigerian Foreign Exchange Market Rates,https://www.cbn.gov.ng/api/GetAllNFEM_Rates,https://www.cbn.gov.ng/rates/ExchRateByCurrency.html,2026-08-14T07:03:10.424961Z,none
2025-01-13,ngn_fx,africa,NGA,NGN,NGN per US dollar,1546.853,LCU_per_USD,daily,CBN_NFEM_FX,Nigerian Foreign Exchange Market Rates,https://www.cbn.gov.ng/api/GetAllNFEM_Rates,https://www.cbn.gov.ng/rates/ExchRateByCurrency.html,2026-08-14T07:03:10.424961Z,none
2025-01-14,ngn_fx,africa,NGA,NGN,NGN per US dollar,1547.6695,LCU_per_USD,daily,CBN_NFEM_FX,Nigerian Foreign Exchange Market Rates,https://www.cbn.gov.ng/api/GetAllNFEM_Rates,https://www.cbn.gov.ng/rates/ExchRateByCurrency.html,2026-08-14T07:03:10.424961Z,none
2025-01-15,ngn_fx,africa,NGA,NGN,NGN per US dollar,1549.2019,LCU_per_USD,daily,CBN_NFEM_FX,Nigerian Foreign Exchange Market Rates,https://www.cbn.gov.ng/api/GetAllNFEM_Rates,https://www.cbn.gov.ng/rates/ExchRateByCurrency.html,2026-08-14T07:03:10.424961Z,none
2025-01-16,ngn_fx,africa,NGA,NGN,NGN per US dollar,1549.95,LCU_per_USD,daily,CBN_NFEM_FX,Nigerian Foreign Exchange Market Rates,https://www.cbn.gov.ng/api/GetAllNFEM_Rates,https://www.cbn.gov.ng/rates/ExchRateByCurrency.html,2026-08-14T07:03:10.424961Z,none
2025-01-17,ngn_fx,africa,NGA,NGN,NGN per US dollar,1546.7212,LCU_per_USD,daily,CBN_NFEM_FX,Nigerian Foreign Exchange Market Rates,https://www.cbn.gov.ng/api/GetAllNFEM_Rates,https://www.cbn.gov.ng/rates/ExchRateByCurrency.html,2026-08-14T07:03:10.424961Z,none
2025-01-20,ngn_fx,africa,NGA,NGN,NGN per US dollar,1547.9989,LCU_per_USD,daily,CBN_NFEM_FX,Nigerian Foreign Exchange Market Rates,https://www.cbn.gov.ng/api/GetAllNFEM_Rates,https://www.cbn.gov.ng/rates/ExchRateByCurrency.html,2026-08-14T07:03:10.424961Z,none
2025-01-21,ngn_fx,africa,NGA,NGN,NGN per US dollar,1551.2508,LCU_per_USD,daily,CBN_NFEM_FX,Nigerian Foreign Exchange Market Rates,https://www.cbn.gov.ng/api/GetAllNFEM_Rates,https://www.cbn.gov.ng/rates/ExchRateByCurrency.html,2026-08-14T07:03:10.424961Z,none
2025-01-22,ngn_fx,africa,NGA,NGN,NGN per US dollar,1551.9172,LCU_per_USD,daily,CBN_NFEM_FX,Nigerian Foreign Exchange Market Rates,https://www.cbn.gov.ng/api/GetAllNFEM_Rates,https://www.cbn.gov.ng/rates/ExchRateByCurrency.html,2026-08-14T07:03:10.424961Z,none
2025-01-23,ngn_fx,africa,NGA,NGN,NGN per US dollar,1550.4787,LCU_per_USD,daily,CBN_NFEM_FX,Nigerian Foreign Exchange Market Rates,https://www.cbn.gov.ng/api/GetAllNFEM_Rates,https://www.cbn.gov.ng/rates/ExchRateByCurrency.html,2026-08-14T07:03:10.424961Z,none
2025-01-24,ngn_fx,africa,NGA,NGN,NGN per US dollar,1533.263,LCU_per_USD,daily,CBN_NFEM_FX,Nigerian Foreign Exchange Market Rates,https://www.cbn.gov.ng/api/GetAllNFEM_Rates,https://www.cbn.gov.ng/rates/ExchRateByCurrency.html,2026-08-14T07:03:10.424961Z,none
2025-01-27,ngn_fx,africa,NGA,NGN,NGN per US dollar,1534.5483,LCU_per_USD,daily,CBN_NFEM_FX,Nigerian Foreign Exchange Market Rates,https://www.cbn.gov.ng/api/GetAllNFEM_Rates,https://www.cbn.gov.ng/rates/ExchRateByCurrency.html,2026-08-14T07:03:10.424961Z,none
2025-01-28,ngn_fx,africa,NGA,NGN,NGN per US dollar,1527.3959,LCU_per_USD,daily,CBN_NFEM_FX,Nigerian Foreign Exchange Market Rates,https://www.cbn.gov.ng/api/GetAllNFEM_Rates,https://www.cbn.gov.ng/rates/ExchRateByCurrency.html,2026-08-14T07:03:10.424961Z,none
2025-01-29,ngn_fx,africa,NGA,NGN,NGN per US dollar,1508.4,LCU_per_USD,daily,CBN_NFEM_FX,Nigerian Foreign Exchange Market Rates,https://www.cbn.gov.ng/api/GetAllNFEM_Rates,https://www.cbn.gov.ng/rates/ExchRateByCurrency.html,2026-08-14T07:03:10.424961Z,none
2025-01-30,ngn_fx,africa,NGA,NGN,NGN per US dollar,1500.7785,LCU_per_USD,daily,CBN_NFEM_FX,Nigerian Foreign Exchange Market Rates,https://www.cbn.gov.ng/api/GetAllNFEM_Rates,https://www.cbn.gov.ng/rates/ExchRateByCurrency.html,2026-08-14T07:03:10.424961Z,none
2025-01-31,ngn_fx,africa,NGA,NGN,NGN per US dollar,1478.22,LCU_per_USD,daily,CBN_NFEM_FX,Nigerian Foreign Exchange Market Rates,https://www.cbn.gov.ng/api/GetAllNFEM_Rates,https://www.cbn.gov.ng/rates/ExchRateByCurrency.html,2026-08-14T07:03:10.424961Z,none
2025-02-03,ngn_fx,africa,NGA,NGN,NGN per US dollar,1488.99,LCU_per_USD,daily,CBN_NFEM_FX,Nigerian Foreign Exchange Market Rates,https://www.cbn.gov.ng/api/GetAllNFEM_Rates,https://www.cbn.gov.ng/rates/ExchRateByCurrency.html,2026-08-14T07:03:10.424961Z,none
2025-02-04,ngn_fx,africa,NGA,NGN,NGN per US dollar,1497.41,LCU_per_USD,daily,CBN_NFEM_FX,Nigerian Foreign Exchange Market Rates,https://www.cbn.gov.ng/api/GetAllNFEM_Rates,https://www.cbn.gov.ng/rates/ExchRateByCurrency.html,2026-08-14T07:03:10.424961Z,none
2025-02-05,ngn_fx,africa,NGA,NGN,NGN per US dollar,1499.14,LCU_per_USD,daily,CBN_NFEM_FX,Nigerian Foreign Exchange Market Rates,https://www.cbn.gov.ng/api/GetAllNFEM_Rates,https://www.cbn.gov.ng/rates/ExchRateByCurrency.html,2026-08-14T07:03:10.424961Z,none
2025-02-06,ngn_fx,africa,NGA,NGN,NGN per US dollar,1499.982,LCU_per_USD,daily,CBN_NFEM_FX,Nigerian Foreign Exchange Market Rates,https://www.cbn.gov.ng/api/GetAllNFEM_Rates,https://www.cbn.gov.ng/rates/ExchRateByCurrency.html,2026-08-14T07:03:10.424961Z,none
2025-02-07,ngn_fx,africa,NGA,NGN,NGN per US dollar,1500.41,LCU_per_USD,daily,CBN_NFEM_FX,Nigerian Foreign Exchange Market Rates,https://www.cbn.gov.ng/api/GetAllNFEM_Rates,https://www.cbn.gov.ng/rates/ExchRateByCurrency.html,2026-08-14T07:03:10.424961Z,none
2025-02-10,ngn_fx,africa,NGA,NGN,NGN per US dollar,1499.78,LCU_per_USD,daily,CBN_NFEM_FX,Nigerian Foreign Exchange Market Rates,https://www.cbn.gov.ng/api/GetAllNFEM_Rates,https://www.cbn.gov.ng/rates/ExchRateByCurrency.html,2026-08-14T07:03:10.424961Z,none
2025-02-11,ngn_fx,africa,NGA,NGN,NGN per US dollar,1503.0718,LCU_per_USD,daily,CBN_NFEM_FX,Nigerian Foreign Exchange Market Rates,https://www.cbn.gov.ng/api/GetAllNFEM_Rates,https://www.cbn.gov.ng/rates/ExchRateByCurrency.html,2026-08-14T07:03:10.424961Z,none
2025-02-12,ngn_fx,africa,NGA,NGN,NGN per US dollar,1504.3,LCU_per_USD,daily,CBN_NFEM_FX,Nigerian Foreign Exchange Market Rates,https://www.cbn.gov.ng/api/GetAllNFEM_Rates,https://www.cbn.gov.ng/rates/ExchRateByCurrency.html,2026-08-14T07:03:10.424961Z,none
2025-02-13,ngn_fx,africa,NGA,NGN,NGN per US dollar,1507.88,LCU_per_USD,daily,CBN_NFEM_FX,Nigerian Foreign Exchange Market Rates,https://www.cbn.gov.ng/api/GetAllNFEM_Rates,https://www.cbn.gov.ng/rates/ExchRateByCurrency.html,2026-08-14T07:03:10.424961Z,none
2025-02-14,ngn_fx,africa,NGA,NGN,NGN per US dollar,1508.6637,LCU_per_USD,daily,CBN_NFEM_FX,Nigerian Foreign Exchange Market Rates,https://www.cbn.gov.ng/api/GetAllNFEM_Rates,https://www.cbn.gov.ng/rates/ExchRateByCurrency.html,2026-08-14T07:03:10.424961Z,none
2025-02-17,ngn_fx,africa,NGA,NGN,NGN per US dollar,1508.5889,LCU_per_USD,daily,CBN_NFEM_FX,Nigerian Foreign Exchange Market Rates,https://www.cbn.gov.ng/api/GetAllNFEM_Rates,https://www.cbn.gov.ng/rates/ExchRateByCurrency.html,2026-08-14T07:03:10.424961Z,none
2025-02-18,ngn_fx,africa,NGA,NGN,NGN per US dollar,1507.223,LCU_per_USD,daily,CBN_NFEM_FX,Nigerian Foreign Exchange Market Rates,https://www.cbn.gov.ng/api/GetAllNFEM_Rates,https://www.cbn.gov.ng/rates/ExchRateByCurrency.html,2026-08-14T07:03:10.424961Z,none
2025-02-19,ngn_fx,africa,NGA,NGN,NGN per US dollar,1509.0387,LCU_per_USD,daily,CBN_NFEM_FX,Nigerian Foreign Exchange Market Rates,https://www.cbn.gov.ng/api/GetAllNFEM_Rates,https://www.cbn.gov.ng/rates/ExchRateByCurrency.html,2026-08-14T07:03:10.424961Z,none
2025-02-20,ngn_fx,africa,NGA,NGN,NGN per US dollar,1500.524,LCU_per_USD,daily,CBN_NFEM_FX,Nigerian Foreign Exchange Market Rates,https://www.cbn.gov.ng/api/GetAllNFEM_Rates,https://www.cbn.gov.ng/rates/ExchRateByCurrency.html,2026-08-14T07:03:10.424961Z,none
2025-02-21,ngn_fx,africa,NGA,NGN,NGN per US dollar,1500.7304,LCU_per_USD,daily,CBN_NFEM_FX,Nigerian Foreign Exchange Market Rates,https://www.cbn.gov.ng/api/GetAllNFEM_Rates,https://www.cbn.gov.ng/rates/ExchRateByCurrency.html,2026-08-14T07:03:10.424961Z,none
2025-02-24,ngn_fx,africa,NGA,NGN,NGN per US dollar,1497.11,LCU_per_USD,daily,CBN_NFEM_FX,Nigerian Foreign Exchange Market Rates,https://www.cbn.gov.ng/api/GetAllNFEM_Rates,https://www.cbn.gov.ng/rates/ExchRateByCurrency.html,2026-08-14T07:03:10.424961Z,none
2025-02-25,ngn_fx,africa,NGA,NGN,NGN per US dollar,1495.91,LCU_per_USD,daily,CBN_NFEM_FX,Nigerian Foreign Exchange Market Rates,https://www.cbn.gov.ng/api/GetAllNFEM_Rates,https://www.cbn.gov.ng/rates/ExchRateByCurrency.html,2026-08-14T07:03:10.424961Z,none
2025-02-26,ngn_fx,africa,NGA,NGN,NGN per US dollar,1499.11,LCU_per_USD,daily,CBN_NFEM_FX,Nigerian Foreign Exchange Market Rates,https://www.cbn.gov.ng/api/GetAllNFEM_Rates,https://www.cbn.gov.ng/rates/ExchRateByCurrency.html,2026-08-14T07:03:10.424961Z,none
2025-02-27,ngn_fx,africa,NGA,NGN,NGN per US dollar,1499.07,LCU_per_USD,daily,CBN_NFEM_FX,Nigerian Foreign Exchange Market Rates,https://www.cbn.gov.ng/api/GetAllNFEM_Rates,https://www.cbn.gov.ng/rates/ExchRateByCurrency.html,2026-08-14T07:03:10.424961Z,none
2025-02-28,ngn_fx,africa,NGA,NGN,NGN per US dollar,1492.49,LCU_per_USD,daily,CBN_NFEM_FX,Nigerian Foreign Exchange Market Rates,https://www.cbn.gov.ng/api/GetAllNFEM_Rates,https://www.cbn.gov.ng/rates/ExchRateByCurrency.html,2026-08-14T07:03:10.424961Z,none
2025-03-03,ngn_fx,africa,NGA,NGN,NGN per US dollar,1498.98,LCU_per_USD,daily,CBN_NFEM_FX,Nigerian Foreign Exchange Market Rates,https://www.cbn.gov.ng/api/GetAllNFEM_Rates,https://www.cbn.gov.ng/rates/ExchRateByCurrency.html,2026-08-14T07:03:10.424961Z,none
2025-03-04,ngn_fx,africa,NGA,NGN,NGN per US dollar,1491.67,LCU_per_USD,daily,CBN_NFEM_FX,Nigerian Foreign Exchange Market Rates,https://www.cbn.gov.ng/api/GetAllNFEM_Rates,https://www.cbn.gov.ng/rates/ExchRateByCurrency.html,2026-08-14T07:03:10.424961Z,none
2025-03-05,ngn_fx,africa,NGA,NGN,NGN per US dollar,1500.8,LCU_per_USD,daily,CBN_NFEM_FX,Nigerian Foreign Exchange Market Rates,https://www.cbn.gov.ng/api/GetAllNFEM_Rates,https://www.cbn.gov.ng/rates/ExchRateByCurrency.html,2026-08-14T07:03:10.424961Z,none
2025-03-06,ngn_fx,africa,NGA,NGN,NGN per US dollar,1512.3,LCU_per_USD,daily,CBN_NFEM_FX,Nigerian Foreign Exchange Market Rates,https://www.cbn.gov.ng/api/GetAllNFEM_Rates,https://www.cbn.gov.ng/rates/ExchRateByCurrency.html,2026-08-14T07:03:10.424961Z,none
2025-03-07,ngn_fx,africa,NGA,NGN,NGN per US dollar,1517.2448,LCU_per_USD,daily,CBN_NFEM_FX,Nigerian Foreign Exchange Market Rates,https://www.cbn.gov.ng/api/GetAllNFEM_Rates,https://www.cbn.gov.ng/rates/ExchRateByCurrency.html,2026-08-14T07:03:10.424961Z,none
2025-03-10,ngn_fx,africa,NGA,NGN,NGN per US dollar,1530.15,LCU_per_USD,daily,CBN_NFEM_FX,Nigerian Foreign Exchange Market Rates,https://www.cbn.gov.ng/api/GetAllNFEM_Rates,https://www.cbn.gov.ng/rates/ExchRateByCurrency.html,2026-08-14T07:03:10.424961Z,none
2025-03-11,ngn_fx,africa,NGA,NGN,NGN per US dollar,1536.1532,LCU_per_USD,daily,CBN_NFEM_FX,Nigerian Foreign Exchange Market Rates,https://www.cbn.gov.ng/api/GetAllNFEM_Rates,https://www.cbn.gov.ng/rates/ExchRateByCurrency.html,2026-08-14T07:03:10.424961Z,none
2025-03-12,ngn_fx,africa,NGA,NGN,NGN per US dollar,1538.6807,LCU_per_USD,daily,CBN_NFEM_FX,Nigerian Foreign Exchange Market Rates,https://www.cbn.gov.ng/api/GetAllNFEM_Rates,https://www.cbn.gov.ng/rates/ExchRateByCurrency.html,2026-08-14T07:03:10.424961Z,none
2025-03-13,ngn_fx,africa,NGA,NGN,NGN per US dollar,1547.819,LCU_per_USD,daily,CBN_NFEM_FX,Nigerian Foreign Exchange Market Rates,https://www.cbn.gov.ng/api/GetAllNFEM_Rates,https://www.cbn.gov.ng/rates/ExchRateByCurrency.html,2026-08-14T07:03:10.424961Z,none
2025-03-14,ngn_fx,africa,NGA,NGN,NGN per US dollar,1517.93,LCU_per_USD,daily,CBN_NFEM_FX,Nigerian Foreign Exchange Market Rates,https://www.cbn.gov.ng/api/GetAllNFEM_Rates,https://www.cbn.gov.ng/rates/ExchRateByCurrency.html,2026-08-14T07:03:10.424961Z,none
2025-03-17,ngn_fx,africa,NGA,NGN,NGN per US dollar,1528.03,LCU_per_USD,daily,CBN_NFEM_FX,Nigerian Foreign Exchange Market Rates,https://www.cbn.gov.ng/api/GetAllNFEM_Rates,https://www.cbn.gov.ng/rates/ExchRateByCurrency.html,2026-08-14T07:03:10.424961Z,none
2025-03-18,ngn_fx,africa,NGA,NGN,NGN per US dollar,1532.93,LCU_per_USD,daily,CBN_NFEM_FX,Nigerian Foreign Exchange Market Rates,https://www.cbn.gov.ng/api/GetAllNFEM_Rates,https://www.cbn.gov.ng/rates/ExchRateByCurrency.html,2026-08-14T07:03:10.424961Z,none
2025-03-19,ngn_fx,africa,NGA,NGN,NGN per US dollar,1530.52,LCU_per_USD,daily,CBN_NFEM_FX,Nigerian Foreign Exchange Market Rates,https://www.cbn.gov.ng/api/GetAllNFEM_Rates,https://www.cbn.gov.ng/rates/ExchRateByCurrency.html,2026-08-14T07:03:10.424961Z,none
2025-03-20,ngn_fx,africa,NGA,NGN,NGN per US dollar,1530.62,LCU_per_USD,daily,CBN_NFEM_FX,Nigerian Foreign Exchange Market Rates,https://www.cbn.gov.ng/api/GetAllNFEM_Rates,https://www.cbn.gov.ng/rates/ExchRateByCurrency.html,2026-08-14T07:03:10.424961Z,none
2025-03-21,ngn_fx,africa,NGA,NGN,NGN per US dollar,1536.89,LCU_per_USD,daily,CBN_NFEM_FX,Nigerian Foreign Exchange Market Rates,https://www.cbn.gov.ng/api/GetAllNFEM_Rates,https://www.cbn.gov.ng/rates/ExchRateByCurrency.html,2026-08-14T07:03:10.424961Z,none
2025-03-24,ngn_fx,africa,NGA,NGN,NGN per US dollar,1531.19,LCU_per_USD,daily,CBN_NFEM_FX,Nigerian Foreign Exchange Market Rates,https://www.cbn.gov.ng/api/GetAllNFEM_Rates,https://www.cbn.gov.ng/rates/ExchRateByCurrency.html,2026-08-14T07:03:10.424961Z,none
2025-03-25,ngn_fx,africa,NGA,NGN,NGN per US dollar,1532.39,LCU_per_USD,daily,CBN_NFEM_FX,Nigerian Foreign Exchange Market Rates,https://www.cbn.gov.ng/api/GetAllNFEM_Rates,https://www.cbn.gov.ng/rates/ExchRateByCurrency.html,2026-08-14T07:03:10.424961Z,none
2025-03-26,ngn_fx,africa,NGA,NGN,NGN per US dollar,1537.62,LCU_per_USD,daily,CBN_NFEM_FX,Nigerian Foreign Exchange Market Rates,https://www.cbn.gov.ng/api/GetAllNFEM_Rates,https://www.cbn.gov.ng/rates/ExchRateByCurrency.html,2026-08-14T07:03:10.424961Z,none
2025-03-27,ngn_fx,africa,NGA,NGN,NGN per US dollar,1538.66,LCU_per_USD,daily,CBN_NFEM_FX,Nigerian Foreign Exchange Market Rates,https://www.cbn.gov.ng/api/GetAllNFEM_Rates,https://www.cbn.gov.ng/rates/ExchRateByCurrency.html,2026-08-14T07:03:10.424961Z,none
2025-03-28,ngn_fx,africa,NGA,NGN,NGN per US dollar,1536.82,LCU_per_USD,daily,CBN_NFEM_FX,Nigerian Foreign Exchange Market Rates,https://www.cbn.gov.ng/api/GetAllNFEM_Rates,https://www.cbn.gov.ng/rates/ExchRateByCurrency.html,2026-08-14T07:03:10.424961Z,none
2025-04-02,ngn_fx,africa,NGA,NGN,NGN per US dollar,1531.25,LCU_per_USD,daily,CBN_NFEM_FX,Nigerian Foreign Exchange Market Rates,https://www.cbn.gov.ng/api/GetAllNFEM_Rates,https://www.cbn.gov.ng/rates/ExchRateByCurrency.html,2026-08-14T07:03:10.424961Z,none
2025-04-03,ngn_fx,africa,NGA,NGN,NGN per US dollar,1552.53,LCU_per_USD,daily,CBN_NFEM_FX,Nigerian Foreign Exchange Market Rates,https://www.cbn.gov.ng/api/GetAllNFEM_Rates,https://www.cbn.gov.ng/rates/ExchRateByCurrency.html,2026-08-14T07:03:10.424961Z,none
2025-04-04,ngn_fx,africa,NGA,NGN,NGN per US dollar,1567.02,LCU_per_USD,daily,CBN_NFEM_FX,Nigerian Foreign Exchange Market Rates,https://www.cbn.gov.ng/api/GetAllNFEM_Rates,https://www.cbn.gov.ng/rates/ExchRateByCurrency.html,2026-08-14T07:03:10.424961Z,none
2025-04-07,ngn_fx,africa,NGA,NGN,NGN per US dollar,1612.2368,LCU_per_USD,daily,CBN_NFEM_FX,Nigerian Foreign Exchange Market Rates,https://www.cbn.gov.ng/api/GetAllNFEM_Rates,https://www.cbn.gov.ng/rates/ExchRateByCurrency.html,2026-08-14T07:03:10.424961Z,none
2025-04-08,ngn_fx,africa,NGA,NGN,NGN per US dollar,1611.5535,LCU_per_USD,daily,CBN_NFEM_FX,Nigerian Foreign Exchange Market Rates,https://www.cbn.gov.ng/api/GetAllNFEM_Rates,https://www.cbn.gov.ng/rates/ExchRateByCurrency.html,2026-08-14T07:03:10.424961Z,none
2025-04-09,ngn_fx,africa,NGA,NGN,NGN per US dollar,1629.9366,LCU_per_USD,daily,CBN_NFEM_FX,Nigerian Foreign Exchange Market Rates,https://www.cbn.gov.ng/api/GetAllNFEM_Rates,https://www.cbn.gov.ng/rates/ExchRateByCurrency.html,2026-08-14T07:03:10.424961Z,none
2025-04-10,ngn_fx,africa,NGA,NGN,NGN per US dollar,1591.8496,LCU_per_USD,daily,CBN_NFEM_FX,Nigerian Foreign Exchange Market Rates,https://www.cbn.gov.ng/api/GetAllNFEM_Rates,https://www.cbn.gov.ng/rates/ExchRateByCurrency.html,2026-08-14T07:03:10.424961Z,none
2025-04-11,ngn_fx,africa,NGA,NGN,NGN per US dollar,1603.7832,LCU_per_USD,daily,CBN_NFEM_FX,Nigerian Foreign Exchange Market Rates,https://www.cbn.gov.ng/api/GetAllNFEM_Rates,https://www.cbn.gov.ng/rates/ExchRateByCurrency.html,2026-08-14T07:03:10.424961Z,none
2025-04-14,ngn_fx,africa,NGA,NGN,NGN per US dollar,1604.4809,LCU_per_USD,daily,CBN_NFEM_FX,Nigerian Foreign Exchange Market Rates,https://www.cbn.gov.ng/api/GetAllNFEM_Rates,https://www.cbn.gov.ng/rates/ExchRateByCurrency.html,2026-08-14T07:03:10.424961Z,none
2025-04-15,ngn_fx,africa,NGA,NGN,NGN per US dollar,1598.9548,LCU_per_USD,daily,CBN_NFEM_FX,Nigerian Foreign Exchange Market Rates,https://www.cbn.gov.ng/api/GetAllNFEM_Rates,https://www.cbn.gov.ng/rates/ExchRateByCurrency.html,2026-08-14T07:03:10.424961Z,none
2025-04-16,ngn_fx,africa,NGA,NGN,NGN per US dollar,1599.7991,LCU_per_USD,daily,CBN_NFEM_FX,Nigerian Foreign Exchange Market Rates,https://www.cbn.gov.ng/api/GetAllNFEM_Rates,https://www.cbn.gov.ng/rates/ExchRateByCurrency.html,2026-08-14T07:03:10.424961Z,none
2025-04-17,ngn_fx,africa,NGA,NGN,NGN per US dollar,1599.9384,LCU_per_USD,daily,CBN_NFEM_FX,Nigerian Foreign Exchange Market Rates,https://www.cbn.gov.ng/api/GetAllNFEM_Rates,https://www.cbn.gov.ng/rates/ExchRateByCurrency.html,2026-08-14T07:03:10.424961Z,none
2025-04-22,ngn_fx,africa,NGA,NGN,NGN per US dollar,1602.6318,LCU_per_USD,daily,CBN_NFEM_FX,Nigerian Foreign Exchange Market Rates,https://www.cbn.gov.ng/api/GetAllNFEM_Rates,https://www.cbn.gov.ng/rates/ExchRateByCurrency.html,2026-08-14T07:03:10.424961Z,none
2025-04-23,ngn_fx,africa,NGA,NGN,NGN per US dollar,1602.3043,LCU_per_USD,daily,CBN_NFEM_FX,Nigerian Foreign Exchange Market Rates,https://www.cbn.gov.ng/api/GetAllNFEM_Rates,https://www.cbn.gov.ng/rates/ExchRateByCurrency.html,2026-08-14T07:03:10.424961Z,none
2025-04-24,ngn_fx,africa,NGA,NGN,NGN per US dollar,1601.8226,LCU_per_USD,daily,CBN_NFEM_FX,Nigerian Foreign Exchange Market Rates,https://www.cbn.gov.ng/api/GetAllNFEM_Rates,https://www.cbn.gov.ng/rates/ExchRateByCurrency.html,2026-08-14T07:03:10.424961Z,none
2025-04-25,ngn_fx,africa,NGA,NGN,NGN per US dollar,1599.5491,LCU_per_USD,daily,CBN_NFEM_FX,Nigerian Foreign Exchange Market Rates,https://www.cbn.gov.ng/api/GetAllNFEM_Rates,https://www.cbn.gov.ng/rates/ExchRateByCurrency.html,2026-08-14T07:03:10.424961Z,none
2025-04-28,ngn_fx,africa,NGA,NGN,NGN per US dollar,1599.9452,LCU_per_USD,daily,CBN_NFEM_FX,Nigerian Foreign Exchange Market Rates,https://www.cbn.gov.ng/api/GetAllNFEM_Rates,https://www.cbn.gov.ng/rates/ExchRateByCurrency.html,2026-08-14T07:03:10.424961Z,none
2025-04-29,ngn_fx,africa,NGA,NGN,NGN per US dollar,1599.7055,LCU_per_USD,daily,CBN_NFEM_FX,Nigerian Foreign Exchange Market Rates,https://www.cbn.gov.ng/api/GetAllNFEM_Rates,https://www.cbn.gov.ng/rates/ExchRateByCurrency.html,2026-08-14T07:03:10.424961Z,none
2025-04-30,ngn_fx,africa,NGA,NGN,NGN per US dollar,1596.6891,LCU_per_USD,daily,CBN_NFEM_FX,Nigerian Foreign Exchange Market Rates,https://www.cbn.gov.ng/api/GetAllNFEM_Rates,https://www.cbn.gov.ng/rates/ExchRateByCurrency.html,2026-08-14T07:03:10.424961Z,none
2025-05-02,ngn_fx,africa,NGA,NGN,NGN per US dollar,1602.1811,LCU_per_USD,daily,CBN_NFEM_FX,Nigerian Foreign Exchange Market Rates,https://www.cbn.gov.ng/api/GetAllNFEM_Rates,https://www.cbn.gov.ng/rates/ExchRateByCurrency.html,2026-08-14T07:03:10.424961Z,none
2025-05-05,ngn_fx,africa,NGA,NGN,NGN per US dollar,1605.6284,LCU_per_USD,daily,CBN_NFEM_FX,Nigerian Foreign Exchange Market Rates,https://www.cbn.gov.ng/api/GetAllNFEM_Rates,https://www.cbn.gov.ng/rates/ExchRateByCurrency.html,2026-08-14T07:03:10.424961Z,none
2025-05-06,ngn_fx,africa,NGA,NGN,NGN per US dollar,1606.6413,LCU_per_USD,daily,CBN_NFEM_FX,Nigerian Foreign Exchange Market Rates,https://www.cbn.gov.ng/api/GetAllNFEM_Rates,https://www.cbn.gov.ng/rates/ExchRateByCurrency.html,2026-08-14T07:03:10.424961Z,none
2025-05-07,ngn_fx,africa,NGA,NGN,NGN per US dollar,1608.6036,LCU_per_USD,daily,CBN_NFEM_FX,Nigerian Foreign Exchange Market Rates,https://www.cbn.gov.ng/api/GetAllNFEM_Rates,https://www.cbn.gov.ng/rates/ExchRateByCurrency.html,2026-08-14T07:03:10.424961Z,none
2025-05-08,ngn_fx,africa,NGA,NGN,NGN per US dollar,1609.6357,LCU_per_USD,daily,CBN_NFEM_FX,Nigerian Foreign Exchange Market Rates,https://www.cbn.gov.ng/api/GetAllNFEM_Rates,https://www.cbn.gov.ng/rates/ExchRateByCurrency.html,2026-08-14T07:03:10.424961Z,none
2025-05-09,ngn_fx,africa,NGA,NGN,NGN per US dollar,1606.1524,LCU_per_USD,daily,CBN_NFEM_FX,Nigerian Foreign Exchange Market Rates,https://www.cbn.gov.ng/api/GetAllNFEM_Rates,https://www.cbn.gov.ng/rates/ExchRateByCurrency.html,2026-08-14T07:03:10.424961Z,none
2025-05-12,ngn_fx,africa,NGA,NGN,NGN per US dollar,1600.4396,LCU_per_USD,daily,CBN_NFEM_FX,Nigerian Foreign Exchange Market Rates,https://www.cbn.gov.ng/api/GetAllNFEM_Rates,https://www.cbn.gov.ng/rates/ExchRateByCurrency.html,2026-08-14T07:03:10.424961Z,none
2025-05-13,ngn_fx,africa,NGA,NGN,NGN per US dollar,1600.0307,LCU_per_USD,daily,CBN_NFEM_FX,Nigerian Foreign Exchange Market Rates,https://www.cbn.gov.ng/api/GetAllNFEM_Rates,https://www.cbn.gov.ng/rates/ExchRateByCurrency.html,2026-08-14T07:03:10.424961Z,none
2025-05-14,ngn_fx,africa,NGA,NGN,NGN per US dollar,1596.7,LCU_per_USD,daily,CBN_NFEM_FX,Nigerian Foreign Exchange Market Rates,https://www.cbn.gov.ng/api/GetAllNFEM_Rates,https://www.cbn.gov.ng/rates/ExchRateByCurrency.html,2026-08-14T07:03:10.424961Z,none
2025-05-15,ngn_fx,africa,NGA,NGN,NGN per US dollar,1599.3294,LCU_per_USD,daily,CBN_NFEM_FX,Nigerian Foreign Exchange Market Rates,https://www.cbn.gov.ng/api/GetAllNFEM_Rates,https://www.cbn.gov.ng/rates/ExchRateByCurrency.html,2026-08-14T07:03:10.424961Z,none
2025-05-16,ngn_fx,africa,NGA,NGN,NGN per US dollar,1598.721,LCU_per_USD,daily,CBN_NFEM_FX,Nigerian Foreign Exchange Market Rates,https://www.cbn.gov.ng/api/GetAllNFEM_Rates,https://www.cbn.gov.ng/rates/ExchRateByCurrency.html,2026-08-14T07:03:10.424961Z,none
2025-05-19,ngn_fx,africa,NGA,NGN,NGN per US dollar,1598.6885,LCU_per_USD,daily,CBN_NFEM_FX,Nigerian Foreign Exchange Market Rates,https://www.cbn.gov.ng/api/GetAllNFEM_Rates,https://www.cbn.gov.ng/rates/ExchRateByCurrency.html,2026-08-14T07:03:10.424961Z,none
2025-05-20,ngn_fx,africa,NGA,NGN,NGN per US dollar,1590.4571,LCU_per_USD,daily,CBN_NFEM_FX,Nigerian Foreign Exchange Market Rates,https://www.cbn.gov.ng/api/GetAllNFEM_Rates,https://www.cbn.gov.ng/rates/ExchRateByCurrency.html,2026-08-14T07:03:10.424961Z,none
2025-05-21,ngn_fx,africa,NGA,NGN,NGN per US dollar,1584.4966,LCU_per_USD,daily,CBN_NFEM_FX,Nigerian Foreign Exchange Market Rates,https://www.cbn.gov.ng/api/GetAllNFEM_Rates,https://www.cbn.gov.ng/rates/ExchRateByCurrency.html,2026-08-14T07:03:10.424961Z,none
2025-05-22,ngn_fx,africa,NGA,NGN,NGN per US dollar,1584.9542,LCU_per_USD,daily,CBN_NFEM_FX,Nigerian Foreign Exchange Market Rates,https://www.cbn.gov.ng/api/GetAllNFEM_Rates,https://www.cbn.gov.ng/rates/ExchRateByCurrency.html,2026-08-14T07:03:10.424961Z,none
2025-05-23,ngn_fx,africa,NGA,NGN,NGN per US dollar,1580.4411,LCU_per_USD,daily,CBN_NFEM_FX,Nigerian Foreign Exchange Market Rates,https://www.cbn.gov.ng/api/GetAllNFEM_Rates,https://www.cbn.gov.ng/rates/ExchRateByCurrency.html,2026-08-14T07:03:10.424961Z,none
2025-05-26,ngn_fx,africa,NGA,NGN,NGN per US dollar,1579.408,LCU_per_USD,daily,CBN_NFEM_FX,Nigerian Foreign Exchange Market Rates,https://www.cbn.gov.ng/api/GetAllNFEM_Rates,https://www.cbn.gov.ng/rates/ExchRateByCurrency.html,2026-08-14T07:03:10.424961Z,none
2025-05-27,ngn_fx,africa,NGA,NGN,NGN per US dollar,1583.7388,LCU_per_USD,daily,CBN_NFEM_FX,Nigerian Foreign Exchange Market Rates,https://www.cbn.gov.ng/api/GetAllNFEM_Rates,https://www.cbn.gov.ng/rates/ExchRateByCurrency.html,2026-08-14T07:03:10.424961Z,none
2025-05-28,ngn_fx,africa,NGA,NGN,NGN per US dollar,1590.7471,LCU_per_USD,daily,CBN_NFEM_FX,Nigerian Foreign Exchange Market Rates,https://www.cbn.gov.ng/api/GetAllNFEM_Rates,https://www.cbn.gov.ng/rates/ExchRateByCurrency.html,2026-08-14T07:03:10.424961Z,none
2025-05-29,ngn_fx,africa,NGA,NGN,NGN per US dollar,1586.152,LCU_per_USD,daily,CBN_NFEM_FX,Nigerian Foreign Exchange Market Rates,https://www.cbn.gov.ng/api/GetAllNFEM_Rates,https://www.cbn.gov.ng/rates/ExchRateByCurrency.html,2026-08-14T07:03:10.424961Z,none
2025-05-30,ngn_fx,africa,NGA,NGN,NGN per US dollar,1586.1524,LCU_per_USD,daily,CBN_NFEM_FX,Nigerian Foreign Exchange Market Rates,https://www.cbn.gov.ng/api/GetAllNFEM_Rates,https://www.cbn.gov.ng/rates/ExchRateByCurrency.html,2026-08-14T07:03:10.424961Z,none
2025-06-02,ngn_fx,africa,NGA,NGN,NGN per US dollar,1581.5866,LCU_per_USD,daily,CBN_NFEM_FX,Nigerian Foreign Exchange Market Rates,https://www.cbn.gov.ng/api/GetAllNFEM_Rates,https://www.cbn.gov.ng/rates/ExchRateByCurrency.html,2026-08-14T07:03:10.424961Z,none
2025-06-03,ngn_fx,africa,NGA,NGN,NGN per US dollar,1579.275,LCU_per_USD,daily,CBN_NFEM_FX,Nigerian Foreign Exchange Market Rates,https://www.cbn.gov.ng/api/GetAllNFEM_Rates,https://www.cbn.gov.ng/rates/ExchRateByCurrency.html,2026-08-14T07:03:10.424961Z,none
2025-06-04,ngn_fx,africa,NGA,NGN,NGN per US dollar,1565.4625,LCU_per_USD,daily,CBN_NFEM_FX,Nigerian Foreign Exchange Market Rates,https://www.cbn.gov.ng/api/GetAllNFEM_Rates,https://www.cbn.gov.ng/rates/ExchRateByCurrency.html,2026-08-14T07:03:10.424961Z,none
2025-06-05,ngn_fx,africa,NGA,NGN,NGN per US dollar,1553.1157,LCU_per_USD,daily,CBN_NFEM_FX,Nigerian Foreign Exchange Market Rates,https://www.cbn.gov.ng/api/GetAllNFEM_Rates,https://www.cbn.gov.ng/rates/ExchRateByCurrency.html,2026-08-14T07:03:10.424961Z,none
2025-06-10,ngn_fx,africa,NGA,NGN,NGN per US dollar,1540.0481,LCU_per_USD,daily,CBN_NFEM_FX,Nigerian Foreign Exchange Market Rates,https://www.cbn.gov.ng/api/GetAllNFEM_Rates,https://www.cbn.gov.ng/rates/ExchRateByCurrency.html,2026-08-14T07:03:10.424961Z,none
2025-06-11,ngn_fx,africa,NGA,NGN,NGN per US dollar,1539.7248,LCU_per_USD,daily,CBN_NFEM_FX,Nigerian Foreign Exchange Market Rates,https://www.cbn.gov.ng/api/GetAllNFEM_Rates,https://www.cbn.gov.ng/rates/ExchRateByCurrency.html,2026-08-14T07:03:10.424961Z,none
2025-06-13,ngn_fx,africa,NGA,NGN,NGN per US dollar,1549.3511,LCU_per_USD,daily,CBN_NFEM_FX,Nigerian Foreign Exchange Market Rates,https://www.cbn.gov.ng/api/GetAllNFEM_Rates,https://www.cbn.gov.ng/rates/ExchRateByCurrency.html,2026-08-14T07:03:10.424961Z,none
2025-06-16,ngn_fx,africa,NGA,NGN,NGN per US dollar,1544.6264,LCU_per_USD,daily,CBN_NFEM_FX,Nigerian Foreign Exchange Market Rates,https://www.cbn.gov.ng/api/GetAllNFEM_Rates,https://www.cbn.gov.ng/rates/ExchRateByCurrency.html,2026-08-14T07:03:10.424961Z,none
2025-06-17,ngn_fx,africa,NGA,NGN,NGN per US dollar,1545.265,LCU_per_USD,daily,CBN_NFEM_FX,Nigerian Foreign Exchange Market Rates,https://www.cbn.gov.ng/api/GetAllNFEM_Rates,https://www.cbn.gov.ng/rates/ExchRateByCurrency.html,2026-08-14T07:03:10.424961Z,none
2025-06-18,ngn_fx,africa,NGA,NGN,NGN per US dollar,1549.2093,LCU_per_USD,daily,CBN_NFEM_FX,Nigerian Foreign Exchange Market Rates,https://www.cbn.gov.ng/api/GetAllNFEM_Rates,https://www.cbn.gov.ng/rates/ExchRateByCurrency.html,2026-08-14T07:03:10.424961Z,none
2025-06-19,ngn_fx,africa,NGA,NGN,NGN per US dollar,1549.4193,LCU_per_USD,daily,CBN_NFEM_FX,Nigerian Foreign Exchange Market Rates,https://www.cbn.gov.ng/api/GetAllNFEM_Rates,https://www.cbn.gov.ng/rates/ExchRateByCurrency.html,2026-08-14T07:03:10.424961Z,none
2025-06-20,ngn_fx,africa,NGA,NGN,NGN per US dollar,1547.3636,LCU_per_USD,daily,CBN_NFEM_FX,Nigerian Foreign Exchange Market Rates,https://www.cbn.gov.ng/api/GetAllNFEM_Rates,https://www.cbn.gov.ng/rates/ExchRateByCurrency.html,2026-08-14T07:03:10.424961Z,none
2025-06-23,ngn_fx,africa,NGA,NGN,NGN per US dollar,1548.5237,LCU_per_USD,daily,CBN_NFEM_FX,Nigerian Foreign Exchange Market Rates,https://www.cbn.gov.ng/api/GetAllNFEM_Rates,https://www.cbn.gov.ng/rates/ExchRateByCurrency.html,2026-08-14T07:03:10.424961Z,none
2025-06-24,ngn_fx,africa,NGA,NGN,NGN per US dollar,1549.0368,LCU_per_USD,daily,CBN_NFEM_FX,Nigerian Foreign Exchange Market Rates,https://www.cbn.gov.ng/api/GetAllNFEM_Rates,https://www.cbn.gov.ng/rates/ExchRateByCurrency.html,2026-08-14T07:03:10.424961Z,none
2025-06-25,ngn_fx,africa,NGA,NGN,NGN per US dollar,1549.2616,LCU_per_USD,daily,CBN_NFEM_FX,Nigerian Foreign Exchange Market Rates,https://www.cbn.gov.ng/api/GetAllNFEM_Rates,https://www.cbn.gov.ng/rates/ExchRateByCurrency.html,2026-08-14T07:03:10.424961Z,none
2025-06-26,ngn_fx,africa,NGA,NGN,NGN per US dollar,1536.0817,LCU_per_USD,daily,CBN_NFEM_FX,Nigerian Foreign Exchange Market Rates,https://www.cbn.gov.ng/api/GetAllNFEM_Rates,https://www.cbn.gov.ng/rates/ExchRateByCurrency.html,2026-08-14T07:03:10.424961Z,none
2025-06-27,ngn_fx,africa,NGA,NGN,NGN per US dollar,1539.2359,LCU_per_USD,daily,CBN_NFEM_FX,Nigerian Foreign Exchange Market Rates,https://www.cbn.gov.ng/api/GetAllNFEM_Rates,https://www.cbn.gov.ng/rates/ExchRateByCurrency.html,2026-08-14T07:03:10.424961Z,none
2025-06-30,ngn_fx,africa,NGA,NGN,NGN per US dollar,1529.7105,LCU_per_USD,daily,CBN_NFEM_FX,Nigerian Foreign Exchange Market Rates,https://www.cbn.gov.ng/api/GetAllNFEM_Rates,https://www.cbn.gov.ng/rates/ExchRateByCurrency.html,2026-08-14T07:03:10.424961Z,none
2025-07-01,ngn_fx,africa,NGA,NGN,NGN per US dollar,1529.5795,LCU_per_USD,daily,CBN_NFEM_FX,Nigerian Foreign Exchange Market Rates,https://www.cbn.gov.ng/api/GetAllNFEM_Rates,https://www.cbn.gov.ng/rates/ExchRateByCurrency.html,2026-08-14T07:03:10.424961Z,none
2025-07-02,ngn_fx,africa,NGA,NGN,NGN per US dollar,1526.1577,LCU_per_USD,daily,CBN_NFEM_FX,Nigerian Foreign Exchange Market Rates,https://www.cbn.gov.ng/api/GetAllNFEM_Rates,https://www.cbn.gov.ng/rates/ExchRateByCurrency.html,2026-08-14T07:03:10.424961Z,none
2025-07-03,ngn_fx,africa,NGA,NGN,NGN per US dollar,1525.8246,LCU_per_USD,daily,CBN_NFEM_FX,Nigerian Foreign Exchange Market Rates,https://www.cbn.gov.ng/api/GetAllNFEM_Rates,https://www.cbn.gov.ng/rates/ExchRateByCurrency.html,2026-08-14T07:03:10.424961Z,none
2025-07-04,ngn_fx,africa,NGA,NGN,NGN per US dollar,1528.5616,LCU_per_USD,daily,CBN_NFEM_FX,Nigerian Foreign Exchange Market Rates,https://www.cbn.gov.ng/api/GetAllNFEM_Rates,https://www.cbn.gov.ng/rates/ExchRateByCurrency.html,2026-08-14T07:03:10.424961Z,none
2025-07-07,ngn_fx,africa,NGA,NGN,NGN per US dollar,1528.3301,LCU_per_USD,daily,CBN_NFEM_FX,Nigerian Foreign Exchange Market Rates,https://www.cbn.gov.ng/api/GetAllNFEM_Rates,https://www.cbn.gov.ng/rates/ExchRateByCurrency.html,2026-08-14T07:03:10.424961Z,none
2025-07-08,ngn_fx,africa,NGA,NGN,NGN per US dollar,1529.223,LCU_per_USD,daily,CBN_NFEM_FX,Nigerian Foreign Exchange Market Rates,https://www.cbn.gov.ng/api/GetAllNFEM_Rates,https://www.cbn.gov.ng/rates/ExchRateByCurrency.html,2026-08-14T07:03:10.424961Z,none
2025-07-09,ngn_fx,africa,NGA,NGN,NGN per US dollar,1520.749,LCU_per_USD,daily,CBN_NFEM_FX,Nigerian Foreign Exchange Market Rates,https://www.cbn.gov.ng/api/GetAllNFEM_Rates,https://www.cbn.gov.ng/rates/ExchRateByCurrency.html,2026-08-14T07:03:10.424961Z,none
2025-07-10,ngn_fx,africa,NGA,NGN,NGN per US dollar,1525.98,LCU_per_USD,daily,CBN_NFEM_FX,Nigerian Foreign Exchange Market Rates,https://www.cbn.gov.ng/api/GetAllNFEM_Rates,https://www.cbn.gov.ng/rates/ExchRateByCurrency.html,2026-08-14T07:03:10.424961Z,none
2025-07-11,ngn_fx,africa,NGA,NGN,NGN per US dollar,1530.2634,LCU_per_USD,daily,CBN_NFEM_FX,Nigerian Foreign Exchange Market Rates,https://www.cbn.gov.ng/api/GetAllNFEM_Rates,https://www.cbn.gov.ng/rates/ExchRateByCurrency.html,2026-08-14T07:03:10.424961Z,none
2025-07-14,ngn_fx,africa,NGA,NGN,NGN per US dollar,1518.8873,LCU_per_USD,daily,CBN_NFEM_FX,Nigerian Foreign Exchange Market Rates,https://www.cbn.gov.ng/api/GetAllNFEM_Rates,https://www.cbn.gov.ng/rates/ExchRateByCurrency.html,2026-08-14T07:03:10.424961Z,none
2025-07-16,ngn_fx,africa,NGA,NGN,NGN per US dollar,1530.2562,LCU_per_USD,daily,CBN_NFEM_FX,Nigerian Foreign Exchange Market Rates,https://www.cbn.gov.ng/api/GetAllNFEM_Rates,https://www.cbn.gov.ng/rates/ExchRateByCurrency.html,2026-08-14T07:03:10.424961Z,none
2025-07-17,ngn_fx,africa,NGA,NGN,NGN per US dollar,1533.1109,LCU_per_USD,daily,CBN_NFEM_FX,Nigerian Foreign Exchange Market Rates,https://www.cbn.gov.ng/api/GetAllNFEM_Rates,https://www.cbn.gov.ng/rates/ExchRateByCurrency.html,2026-08-14T07:03:10.424961Z,none
2025-07-18,ngn_fx,africa,NGA,NGN,NGN per US dollar,1532.3405,LCU_per_USD,daily,CBN_NFEM_FX,Nigerian Foreign Exchange Market Rates,https://www.cbn.gov.ng/api/GetAllNFEM_Rates,https://www.cbn.gov.ng/rates/ExchRateByCurrency.html,2026-08-14T07:03:10.424961Z,none
2025-07-21,ngn_fx,africa,NGA,NGN,NGN per US dollar,1532.5428,LCU_per_USD,daily,CBN_NFEM_FX,Nigerian Foreign Exchange Market Rates,https://www.cbn.gov.ng/api/GetAllNFEM_Rates,https://www.cbn.gov.ng/rates/ExchRateByCurrency.html,2026-08-14T07:03:10.424961Z,none
2025-07-22,ngn_fx,africa,NGA,NGN,NGN per US dollar,1535.2369,LCU_per_USD,daily,CBN_NFEM_FX,Nigerian Foreign Exchange Market Rates,https://www.cbn.gov.ng/api/GetAllNFEM_Rates,https://www.cbn.gov.ng/rates/ExchRateByCurrency.html,2026-08-14T07:03:10.424961Z,none
2025-07-23,ngn_fx,africa,NGA,NGN,NGN per US dollar,1535.6169,LCU_per_USD,daily,CBN_NFEM_FX,Nigerian Foreign Exchange Market Rates,https://www.cbn.gov.ng/api/GetAllNFEM_Rates,https://www.cbn.gov.ng/rates/ExchRateByCurrency.html,2026-08-14T07:03:10.424961Z,none
2025-07-24,ngn_fx,africa,NGA,NGN,NGN per US dollar,1534.7887,LCU_per_USD,daily,CBN_NFEM_FX,Nigerian Foreign Exchange Market Rates,https://www.cbn.gov.ng/api/GetAllNFEM_Rates,https://www.cbn.gov.ng/rates/ExchRateByCurrency.html,2026-08-14T07:03:10.424961Z,none
2025-07-25,ngn_fx,africa,NGA,NGN,NGN per US dollar,1534.7193,LCU_per_USD,daily,CBN_NFEM_FX,Nigerian Foreign Exchange Market Rates,https://www.cbn.gov.ng/api/GetAllNFEM_Rates,https://www.cbn.gov.ng/rates/ExchRateByCurrency.html,2026-08-14T07:03:10.424961Z,none
2025-07-28,ngn_fx,africa,NGA,NGN,NGN per US dollar,1534.209,LCU_per_USD,daily,CBN_NFEM_FX,Nigerian Foreign Exchange Market Rates,https://www.cbn.gov.ng/api/GetAllNFEM_Rates,https://www.cbn.gov.ng/rates/ExchRateByCurrency.html,2026-08-14T07:03:10.424961Z,none
2025-07-29,ngn_fx,africa,NGA,NGN,NGN per US dollar,1533.1823,LCU_per_USD,daily,CBN_NFEM_FX,Nigerian Foreign Exchange Market Rates,https://www.cbn.gov.ng/api/GetAllNFEM_Rates,https://www.cbn.gov.ng/rates/ExchRateByCurrency.html,2026-08-14T07:03:10.424961Z,none
2025-07-30,ngn_fx,africa,NGA,NGN,NGN per US dollar,1534.5214,LCU_per_USD,daily,CBN_NFEM_FX,Nigerian Foreign Exchange Market Rates,https://www.cbn.gov.ng/api/GetAllNFEM_Rates,https://www.cbn.gov.ng/rates/ExchRateByCurrency.html,2026-08-14T07:03:10.424961Z,none
2025-07-31,ngn_fx,africa,NGA,NGN,NGN per US dollar,1533.554,LCU_per_USD,daily,CBN_NFEM_FX,Nigerian Foreign Exchange Market Rates,https://www.cbn.gov.ng/api/GetAllNFEM_Rates,https://www.cbn.gov.ng/rates/ExchRateByCurrency.html,2026-08-14T07:03:10.424961Z,none
2025-08-01,ngn_fx,africa,NGA,NGN,NGN per US dollar,1533.7443,LCU_per_USD,daily,CBN_NFEM_FX,Nigerian Foreign Exchange Market Rates,https://www.cbn.gov.ng/api/GetAllNFEM_Rates,https://www.cbn.gov.ng/rates/ExchRateByCurrency.html,2026-08-14T07:03:10.424961Z,none
2025-08-04,ngn_fx,africa,NGA,NGN,NGN per US dollar,1531.954,LCU_per_USD,daily,CBN_NFEM_FX,Nigerian Foreign Exchange Market Rates,https://www.cbn.gov.ng/api/GetAllNFEM_Rates,https://www.cbn.gov.ng/rates/ExchRateByCurrency.html,2026-08-14T07:03:10.424961Z,none
2025-08-05,ngn_fx,africa,NGA,NGN,NGN per US dollar,1533.1032,LCU_per_USD,daily,CBN_NFEM_FX,Nigerian Foreign Exchange Market Rates,https://www.cbn.gov.ng/api/GetAllNFEM_Rates,https://www.cbn.gov.ng/rates/ExchRateByCurrency.html,2026-08-14T07:03:10.424961Z,none
2025-08-06,ngn_fx,africa,NGA,NGN,NGN per US dollar,1534.4368,LCU_per_USD,daily,CBN_NFEM_FX,Nigerian Foreign Exchange Market Rates,https://www.cbn.gov.ng/api/GetAllNFEM_Rates,https://www.cbn.gov.ng/rates/ExchRateByCurrency.html,2026-08-14T07:03:10.424961Z,none
2025-08-07,ngn_fx,africa,NGA,NGN,NGN per US dollar,1533.7313,LCU_per_USD,daily,CBN_NFEM_FX,Nigerian Foreign Exchange Market Rates,https://www.cbn.gov.ng/api/GetAllNFEM_Rates,https://www.cbn.gov.ng/rates/ExchRateByCurrency.html,2026-08-14T07:03:10.424961Z,none
2025-08-08,ngn_fx,africa,NGA,NGN,NGN per US dollar,1533.5652,LCU_per_USD,daily,CBN_NFEM_FX,Nigerian Foreign Exchange Market Rates,https://www.cbn.gov.ng/api/GetAllNFEM_Rates,https://www.cbn.gov.ng/rates/ExchRateByCurrency.html,2026-08-14T07:03:10.424961Z,none
2025-08-11,ngn_fx,africa,NGA,NGN,NGN per US dollar,1535.9285,LCU_per_USD,daily,CBN_NFEM_FX,Nigerian Foreign Exchange Market Rates,https://www.cbn.gov.ng/api/GetAllNFEM_Rates,https://www.cbn.gov.ng/rates/ExchRateByCurrency.html,2026-08-14T07:03:10.424961Z,none
2025-08-12,ngn_fx,africa,NGA,NGN,NGN per US dollar,1537.0949,LCU_per_USD,daily,CBN_NFEM_FX,Nigerian Foreign Exchange Market Rates,https://www.cbn.gov.ng/api/GetAllNFEM_Rates,https://www.cbn.gov.ng/rates/ExchRateByCurrency.html,2026-08-14T07:03:10.424961Z,none
2025-08-13,ngn_fx,africa,NGA,NGN,NGN per US dollar,1534.8274,LCU_per_USD,daily,CBN_NFEM_FX,Nigerian Foreign Exchange Market Rates,https://www.cbn.gov.ng/api/GetAllNFEM_Rates,https://www.cbn.gov.ng/rates/ExchRateByCurrency.html,2026-08-14T07:03:10.424961Z,none
2025-08-14,ngn_fx,africa,NGA,NGN,NGN per US dollar,1534.5244,LCU_per_USD,daily,CBN_NFEM_FX,Nigerian Foreign Exchange Market Rates,https://www.cbn.gov.ng/api/GetAllNFEM_Rates,https://www.cbn.gov.ng/rates/ExchRateByCurrency.html,2026-08-14T07:03:10.424961Z,none
2025-08-15,ngn_fx,africa,NGA,NGN,NGN per US dollar,1532.5145,LCU_per_USD,daily,CBN_NFEM_FX,Nigerian Foreign Exchange Market Rates,https://www.cbn.gov.ng/api/GetAllNFEM_Rates,https://www.cbn.gov.ng/rates/ExchRateByCurrency.html,2026-08-14T07:03:10.424961Z,none
2025-08-18,ngn_fx,africa,NGA,NGN,NGN per US dollar,1533.6715,LCU_per_USD,daily,CBN_NFEM_FX,Nigerian Foreign Exchange Market Rates,https://www.cbn.gov.ng/api/GetAllNFEM_Rates,https://www.cbn.gov.ng/rates/ExchRateByCurrency.html,2026-08-14T07:03:10.424961Z,none
2025-08-19,ngn_fx,africa,NGA,NGN,NGN per US dollar,1534.9346,LCU_per_USD,daily,CBN_NFEM_FX,Nigerian Foreign Exchange Market Rates,https://www.cbn.gov.ng/api/GetAllNFEM_Rates,https://www.cbn.gov.ng/rates/ExchRateByCurrency.html,2026-08-14T07:03:10.424961Z,none
2025-08-20,ngn_fx,africa,NGA,NGN,NGN per US dollar,1536.7346,LCU_per_USD,daily,CBN_NFEM_FX,Nigerian Foreign Exchange Market Rates,https://www.cbn.gov.ng/api/GetAllNFEM_Rates,https://www.cbn.gov.ng/rates/ExchRateByCurrency.html,2026-08-14T07:03:10.424961Z,none
2025-08-21,ngn_fx,africa,NGA,NGN,NGN per US dollar,1535.7833,LCU_per_USD,daily,CBN_NFEM_FX,Nigerian Foreign Exchange Market Rates,https://www.cbn.gov.ng/api/GetAllNFEM_Rates,https://www.cbn.gov.ng/rates/ExchRateByCurrency.html,2026-08-14T07:03:10.424961Z,none
2025-08-22,ngn_fx,africa,NGA,NGN,NGN per US dollar,1535.0379,LCU_per_USD,daily,CBN_NFEM_FX,Nigerian Foreign Exchange Market Rates,https://www.cbn.gov.ng/api/GetAllNFEM_Rates,https://www.cbn.gov.ng/rates/ExchRateByCurrency.html,2026-08-14T07:03:10.424961Z,none
2025-08-25,ngn_fx,africa,NGA,NGN,NGN per US dollar,1536.4245,LCU_per_USD,daily,CBN_NFEM_FX,Nigerian Foreign Exchange Market Rates,https://www.cbn.gov.ng/api/GetAllNFEM_Rates,https://www.cbn.gov.ng/rates/ExchRateByCurrency.html,2026-08-14T07:03:10.424961Z,none
2025-08-26,ngn_fx,africa,NGA,NGN,NGN per US dollar,1537.616,LCU_per_USD,daily,CBN_NFEM_FX,Nigerian Foreign Exchange Market Rates,https://www.cbn.gov.ng/api/GetAllNFEM_Rates,https://www.cbn.gov.ng/rates/ExchRateByCurrency.html,2026-08-14T07:03:10.424961Z,none
2025-08-27,ngn_fx,africa,NGA,NGN,NGN per US dollar,1537.0748,LCU_per_USD,daily,CBN_NFEM_FX,Nigerian Foreign Exchange Market Rates,https://www.cbn.gov.ng/api/GetAllNFEM_Rates,https://www.cbn.gov.ng/rates/ExchRateByCurrency.html,2026-08-14T07:03:10.424961Z,none
2025-08-28,ngn_fx,africa,NGA,NGN,NGN per US dollar,1535.4746,LCU_per_USD,daily,CBN_NFEM_FX,Nigerian Foreign Exchange Market Rates,https://www.cbn.gov.ng/api/GetAllNFEM_Rates,https://www.cbn.gov.ng/rates/ExchRateByCurrency.html,2026-08-14T07:03:10.424961Z,none
2025-08-29,ngn_fx,africa,NGA,NGN,NGN per US dollar,1531.5703,LCU_per_USD,daily,CBN_NFEM_FX,Nigerian Foreign Exchange Market Rates,https://www.cbn.gov.ng/api/GetAllNFEM_Rates,https://www.cbn.gov.ng/rates/ExchRateByCurrency.html,2026-08-14T07:03:10.424961Z,none
2025-09-01,ngn_fx,africa,NGA,NGN,NGN per US dollar,1526.094,LCU_per_USD,daily,CBN_NFEM_FX,Nigerian Foreign Exchange Market Rates,https://www.cbn.gov.ng/api/GetAllNFEM_Rates,https://www.cbn.gov.ng/rates/ExchRateByCurrency.html,2026-08-14T07:03:10.424961Z,none
2025-09-02,ngn_fx,africa,NGA,NGN,NGN per US dollar,1526.0565,LCU_per_USD,daily,CBN_NFEM_FX,Nigerian Foreign Exchange Market Rates,https://www.cbn.gov.ng/api/GetAllNFEM_Rates,https://www.cbn.gov.ng/rates/ExchRateByCurrency.html,2026-08-14T07:03:10.424961Z,none
2025-09-03,ngn_fx,africa,NGA,NGN,NGN per US dollar,1521.4569,LCU_per_USD,daily,CBN_NFEM_FX,Nigerian Foreign Exchange Market Rates,https://www.cbn.gov.ng/api/GetAllNFEM_Rates,https://www.cbn.gov.ng/rates/ExchRateByCurrency.html,2026-08-14T07:03:10.424961Z,none
2025-09-04,ngn_fx,africa,NGA,NGN,NGN per US dollar,1514.8671,LCU_per_USD,daily,CBN_NFEM_FX,Nigerian Foreign Exchange Market Rates,https://www.cbn.gov.ng/api/GetAllNFEM_Rates,https://www.cbn.gov.ng/rates/ExchRateByCurrency.html,2026-08-14T07:03:10.424961Z,none
2025-09-08,ngn_fx,africa,NGA,NGN,NGN per US dollar,1506.8433,LCU_per_USD,daily,CBN_NFEM_FX,Nigerian Foreign Exchange Market Rates,https://www.cbn.gov.ng/api/GetAllNFEM_Rates,https://www.cbn.gov.ng/rates/ExchRateByCurrency.html,2026-08-14T07:03:10.424961Z,none
2025-09-09,ngn_fx,africa,NGA,NGN,NGN per US dollar,1506.085,LCU_per_USD,daily,CBN_NFEM_FX,Nigerian Foreign Exchange Market Rates,https://www.cbn.gov.ng/api/GetAllNFEM_Rates,https://www.cbn.gov.ng/rates/ExchRateByCurrency.html,2026-08-14T07:03:10.424961Z,none
2025-09-10,ngn_fx,africa,NGA,NGN,NGN per US dollar,1500.9152,LCU_per_USD,daily,CBN_NFEM_FX,Nigerian Foreign Exchange Market Rates,https://www.cbn.gov.ng/api/GetAllNFEM_Rates,https://www.cbn.gov.ng/rates/ExchRateByCurrency.html,2026-08-14T07:03:10.424961Z,none
2025-09-11,ngn_fx,africa,NGA,NGN,NGN per US dollar,1502.1311,LCU_per_USD,daily,CBN_NFEM_FX,Nigerian Foreign Exchange Market Rates,https://www.cbn.gov.ng/api/GetAllNFEM_Rates,https://www.cbn.gov.ng/rates/ExchRateByCurrency.html,2026-08-14T07:03:10.424961Z,none
2025-09-12,ngn_fx,africa,NGA,NGN,NGN per US dollar,1501.4991,LCU_per_USD,daily,CBN_NFEM_FX,Nigerian Foreign Exchange Market Rates,https://www.cbn.gov.ng/api/GetAllNFEM_Rates,https://www.cbn.gov.ng/rates/ExchRateByCurrency.html,2026-08-14T07:03:10.424961Z,none
2025-09-15,ngn_fx,africa,NGA,NGN,NGN per US dollar,1497.4655,LCU_per_USD,daily,CBN_NFEM_FX,Nigerian Foreign Exchange Market Rates,https://www.cbn.gov.ng/api/GetAllNFEM_Rates,https://www.cbn.gov.ng/rates/ExchRateByCurrency.html,2026-08-14T07:03:10.424961Z,none
2025-09-16,ngn_fx,africa,NGA,NGN,NGN per US dollar,1484.1395,LCU_per_USD,daily,CBN_NFEM_FX,Nigerian Foreign Exchange Market Rates,https://www.cbn.gov.ng/api/GetAllNFEM_Rates,https://www.cbn.gov.ng/rates/ExchRateByCurrency.html,2026-08-14T07:03:10.424961Z,none
2025-09-17,ngn_fx,africa,NGA,NGN,NGN per US dollar,1494.0126,LCU_per_USD,daily,CBN_NFEM_FX,Nigerian Foreign Exchange Market Rates,https://www.cbn.gov.ng/api/GetAllNFEM_Rates,https://www.cbn.gov.ng/rates/ExchRateByCurrency.html,2026-08-14T07:03:10.424961Z,none
2025-09-18,ngn_fx,africa,NGA,NGN,NGN per US dollar,1498.9763,LCU_per_USD,daily,CBN_NFEM_FX,Nigerian Foreign Exchange Market Rates,https://www.cbn.gov.ng/api/GetAllNFEM_Rates,https://www.cbn.gov.ng/rates/ExchRateByCurrency.html,2026-08-14T07:03:10.424961Z,none
2025-09-19,ngn_fx,africa,NGA,NGN,NGN per US dollar,1487.8962,LCU_per_USD,daily,CBN_NFEM_FX,Nigerian Foreign Exchange Market Rates,https://www.cbn.gov.ng/api/GetAllNFEM_Rates,https://www.cbn.gov.ng/rates/ExchRateByCurrency.html,2026-08-14T07:03:10.424961Z,none
2025-09-22,ngn_fx,africa,NGA,NGN,NGN per US dollar,1488.6017,LCU_per_USD,daily,CBN_NFEM_FX,Nigerian Foreign Exchange Market Rates,https://www.cbn.gov.ng/api/GetAllNFEM_Rates,https://www.cbn.gov.ng/rates/ExchRateByCurrency.html,2026-08-14T07:03:10.424961Z,none
2025-09-23,ngn_fx,africa,NGA,NGN,NGN per US dollar,1487.3651,LCU_per_USD,daily,CBN_NFEM_FX,Nigerian Foreign Exchange Market Rates,https://www.cbn.gov.ng/api/GetAllNFEM_Rates,https://www.cbn.gov.ng/rates/ExchRateByCurrency.html,2026-08-14T07:03:10.424961Z,none
2025-09-24,ngn_fx,africa,NGA,NGN,NGN per US dollar,1488.5642,LCU_per_USD,daily,CBN_NFEM_FX,Nigerian Foreign Exchange Market Rates,https://www.cbn.gov.ng/api/GetAllNFEM_Rates,https://www.cbn.gov.ng/rates/ExchRateByCurrency.html,2026-08-14T07:03:10.424961Z,none
2025-09-25,ngn_fx,africa,NGA,NGN,NGN per US dollar,1488.2578,LCU_per_USD,daily,CBN_NFEM_FX,Nigerian Foreign Exchange Market Rates,https://www.cbn.gov.ng/api/GetAllNFEM_Rates,https://www.cbn.gov.ng/rates/ExchRateByCurrency.html,2026-08-14T07:03:10.424961Z,none
2025-09-26,ngn_fx,africa,NGA,NGN,NGN per US dollar,1480.657,LCU_per_USD,daily,CBN_NFEM_FX,Nigerian Foreign Exchange Market Rates,https://www.cbn.gov.ng/api/GetAllNFEM_Rates,https://www.cbn.gov.ng/rates/ExchRateByCurrency.html,2026-08-14T07:03:10.424961Z,none
2025-09-29,ngn_fx,africa,NGA,NGN,NGN per US dollar,1476.3477,LCU_per_USD,daily,CBN_NFEM_FX,Nigerian Foreign Exchange Market Rates,https://www.cbn.gov.ng/api/GetAllNFEM_Rates,https://www.cbn.gov.ng/rates/ExchRateByCurrency.html,2026-08-14T07:03:10.424961Z,none
2025-09-30,ngn_fx,africa,NGA,NGN,NGN per US dollar,1475.3473,LCU_per_USD,daily,CBN_NFEM_FX,Nigerian Foreign Exchange Market Rates,https://www.cbn.gov.ng/api/GetAllNFEM_Rates,https://www.cbn.gov.ng/rates/ExchRateByCurrency.html,2026-08-14T07:03:10.424961Z,none
2025-10-02,ngn_fx,africa,NGA,NGN,NGN per US dollar,1455.2373,LCU_per_USD,daily,CBN_NFEM_FX,Nigerian Foreign Exchange Market Rates,https://www.cbn.gov.ng/api/GetAllNFEM_Rates,https://www.cbn.gov.ng/rates/ExchRateByCurrency.html,2026-08-14T07:03:10.424961Z,none
2025-10-03,ngn_fx,africa,NGA,NGN,NGN per US dollar,1465.6776,LCU_per_USD,daily,CBN_NFEM_FX,Nigerian Foreign Exchange Market Rates,https://www.cbn.gov.ng/api/GetAllNFEM_Rates,https://www.cbn.gov.ng/rates/ExchRateByCurrency.html,2026-08-14T07:03:10.424961Z,none
2025-10-06,ngn_fx,africa,NGA,NGN,NGN per US dollar,1470.2614,LCU_per_USD,daily,CBN_NFEM_FX,Nigerian Foreign Exchange Market Rates,https://www.cbn.gov.ng/api/GetAllNFEM_Rates,https://www.cbn.gov.ng/rates/ExchRateByCurrency.html,2026-08-14T07:03:10.424961Z,none
2025-10-07,ngn_fx,africa,NGA,NGN,NGN per US dollar,1471.0892,LCU_per_USD,daily,CBN_NFEM_FX,Nigerian Foreign Exchange Market Rates,https://www.cbn.gov.ng/api/GetAllNFEM_Rates,https://www.cbn.gov.ng/rates/ExchRateByCurrency.html,2026-08-14T07:03:10.424961Z,none
2025-10-08,ngn_fx,africa,NGA,NGN,NGN per US dollar,1470.6202,LCU_per_USD,daily,CBN_NFEM_FX,Nigerian Foreign Exchange Market Rates,https://www.cbn.gov.ng/api/GetAllNFEM_Rates,https://www.cbn.gov.ng/rates/ExchRateByCurrency.html,2026-08-14T07:03:10.424961Z,none
2025-10-09,ngn_fx,africa,NGA,NGN,NGN per US dollar,1466.6526,LCU_per_USD,daily,CBN_NFEM_FX,Nigerian Foreign Exchange Market Rates,https://www.cbn.gov.ng/api/GetAllNFEM_Rates,https://www.cbn.gov.ng/rates/ExchRateByCurrency.html,2026-08-14T07:03:10.424961Z,none
2025-10-10,ngn_fx,africa,NGA,NGN,NGN per US dollar,1455.173,LCU_per_USD,daily,CBN_NFEM_FX,Nigerian Foreign Exchange Market Rates,https://www.cbn.gov.ng/api/GetAllNFEM_Rates,https://www.cbn.gov.ng/rates/ExchRateByCurrency.html,2026-08-14T07:03:10.424961Z,none
2025-10-13,ngn_fx,africa,NGA,NGN,NGN per US dollar,1457.5122,LCU_per_USD,daily,CBN_NFEM_FX,Nigerian Foreign Exchange Market Rates,https://www.cbn.gov.ng/api/GetAllNFEM_Rates,https://www.cbn.gov.ng/rates/ExchRateByCurrency.html,2026-08-14T07:03:10.424961Z,none
2025-10-14,ngn_fx,africa,NGA,NGN,NGN per US dollar,1463.2342,LCU_per_USD,daily,CBN_NFEM_FX,Nigerian Foreign Exchange Market Rates,https://www.cbn.gov.ng/api/GetAllNFEM_Rates,https://www.cbn.gov.ng/rates/ExchRateByCurrency.html,2026-08-14T07:03:10.424961Z,none
2025-10-15,ngn_fx,africa,NGA,NGN,NGN per US dollar,1473.2943,LCU_per_USD,daily,CBN_NFEM_FX,Nigerian Foreign Exchange Market Rates,https://www.cbn.gov.ng/api/GetAllNFEM_Rates,https://www.cbn.gov.ng/rates/ExchRateByCurrency.html,2026-08-14T07:03:10.424961Z,none
2025-10-16,ngn_fx,africa,NGA,NGN,NGN per US dollar,1471.0299,LCU_per_USD,daily,CBN_NFEM_FX,Nigerian Foreign Exchange Market Rates,https://www.cbn.gov.ng/api/GetAllNFEM_Rates,https://www.cbn.gov.ng/rates/ExchRateByCurrency.html,2026-08-14T07:03:10.424961Z,none
2025-10-17,ngn_fx,africa,NGA,NGN,NGN per US dollar,1475.3516,LCU_per_USD,daily,CBN_NFEM_FX,Nigerian Foreign Exchange Market Rates,https://www.cbn.gov.ng/api/GetAllNFEM_Rates,https://www.cbn.gov.ng/rates/ExchRateByCurrency.html,2026-08-14T07:03:10.424961Z,none
2025-10-20,ngn_fx,africa,NGA,NGN,NGN per US dollar,1465.2936,LCU_per_USD,daily,CBN_NFEM_FX,Nigerian Foreign Exchange Market Rates,https://www.cbn.gov.ng/api/GetAllNFEM_Rates,https://www.cbn.gov.ng/rates/ExchRateByCurrency.html,2026-08-14T07:03:10.424961Z,none
2025-10-21,ngn_fx,africa,NGA,NGN,NGN per US dollar,1463.452,LCU_per_USD,daily,CBN_NFEM_FX,Nigerian Foreign Exchange Market Rates,https://www.cbn.gov.ng/api/GetAllNFEM_Rates,https://www.cbn.gov.ng/rates/ExchRateByCurrency.html,2026-08-14T07:03:10.424961Z,none
2025-10-22,ngn_fx,africa,NGA,NGN,NGN per US dollar,1463.4375,LCU_per_USD,daily,CBN_NFEM_FX,Nigerian Foreign Exchange Market Rates,https://www.cbn.gov.ng/api/GetAllNFEM_Rates,https://www.cbn.gov.ng/rates/ExchRateByCurrency.html,2026-08-14T07:03:10.424961Z,none
2025-10-23,ngn_fx,africa,NGA,NGN,NGN per US dollar,1460.4939,LCU_per_USD,daily,CBN_NFEM_FX,Nigerian Foreign Exchange Market Rates,https://www.cbn.gov.ng/api/GetAllNFEM_Rates,https://www.cbn.gov.ng/rates/ExchRateByCurrency.html,2026-08-14T07:03:10.424961Z,none
2025-10-24,ngn_fx,africa,NGA,NGN,NGN per US dollar,1457.9571,LCU_per_USD,daily,CBN_NFEM_FX,Nigerian Foreign Exchange Market Rates,https://www.cbn.gov.ng/api/GetAllNFEM_Rates,https://www.cbn.gov.ng/rates/ExchRateByCurrency.html,2026-08-14T07:03:10.424961Z,none
2025-10-27,ngn_fx,africa,NGA,NGN,NGN per US dollar,1452.7943,LCU_per_USD,daily,CBN_NFEM_FX,Nigerian Foreign Exchange Market Rates,https://www.cbn.gov.ng/api/GetAllNFEM_Rates,https://www.cbn.gov.ng/rates/ExchRateByCurrency.html,2026-08-14T07:03:10.424961Z,none
2025-10-28,ngn_fx,africa,NGA,NGN,NGN per US dollar,1448.205,LCU_per_USD,daily,CBN_NFEM_FX,Nigerian Foreign Exchange Market Rates,https://www.cbn.gov.ng/api/GetAllNFEM_Rates,https://www.cbn.gov.ng/rates/ExchRateByCurrency.html,2026-08-14T07:03:10.424961Z,none
2025-10-29,ngn_fx,africa,NGA,NGN,NGN per US dollar,1444.422,LCU_per_USD,daily,CBN_NFEM_FX,Nigerian Foreign Exchange Market Rates,https://www.cbn.gov.ng/api/GetAllNFEM_Rates,https://www.cbn.gov.ng/rates/ExchRateByCurrency.html,2026-08-14T07:03:10.424961Z,none
2025-10-30,ngn_fx,africa,NGA,NGN,NGN per US dollar,1436.9701,LCU_per_USD,daily,CBN_NFEM_FX,Nigerian Foreign Exchange Market Rates,https://www.cbn.gov.ng/api/GetAllNFEM_Rates,https://www.cbn.gov.ng/rates/ExchRateByCurrency.html,2026-08-14T07:03:10.424961Z,none
2025-10-31,ngn_fx,africa,NGA,NGN,NGN per US dollar,1421.7343,LCU_per_USD,daily,CBN_NFEM_FX,Nigerian Foreign Exchange Market Rates,https://www.cbn.gov.ng/api/GetAllNFEM_Rates,https://www.cbn.gov.ng/rates/ExchRateByCurrency.html,2026-08-14T07:03:10.424961Z,none
2025-11-03,ngn_fx,africa,NGA,NGN,NGN per US dollar,1436.3427,LCU_per_USD,daily,CBN_NFEM_FX,Nigerian Foreign Exchange Market Rates,https://www.cbn.gov.ng/api/GetAllNFEM_Rates,https://www.cbn.gov.ng/rates/ExchRateByCurrency.html,2026-08-14T07:03:10.424961Z,none
2025-11-04,ngn_fx,africa,NGA,NGN,NGN per US dollar,1433.6585,LCU_per_USD,daily,CBN_NFEM_FX,Nigerian Foreign Exchange Market Rates,https://www.cbn.gov.ng/api/GetAllNFEM_Rates,https://www.cbn.gov.ng/rates/ExchRateByCurrency.html,2026-08-14T07:03:10.424961Z,none
2025-11-05,ngn_fx,africa,NGA,NGN,NGN per US dollar,1438.495,LCU_per_USD,daily,CBN_NFEM_FX,Nigerian Foreign Exchange Market Rates,https://www.cbn.gov.ng/api/GetAllNFEM_Rates,https://www.cbn.gov.ng/rates/ExchRateByCurrency.html,2026-08-14T07:03:10.424961Z,none
2025-11-06,ngn_fx,africa,NGA,NGN,NGN per US dollar,1436.742,LCU_per_USD,daily,CBN_NFEM_FX,Nigerian Foreign Exchange Market Rates,https://www.cbn.gov.ng/api/GetAllNFEM_Rates,https://www.cbn.gov.ng/rates/ExchRateByCurrency.html,2026-08-14T07:03:10.424961Z,none
2025-11-07,ngn_fx,africa,NGA,NGN,NGN per US dollar,1436.5778,LCU_per_USD,daily,CBN_NFEM_FX,Nigerian Foreign Exchange Market Rates,https://www.cbn.gov.ng/api/GetAllNFEM_Rates,https://www.cbn.gov.ng/rates/ExchRateByCurrency.html,2026-08-14T07:03:10.424961Z,none
2025-11-10,ngn_fx,africa,NGA,NGN,NGN per US dollar,1437.2933,LCU_per_USD,daily,CBN_NFEM_FX,Nigerian Foreign Exchange Market Rates,https://www.cbn.gov.ng/api/GetAllNFEM_Rates,https://www.cbn.gov.ng/rates/ExchRateByCurrency.html,2026-08-14T07:03:10.424961Z,none
2025-11-11,ngn_fx,africa,NGA,NGN,NGN per US dollar,1438.711,LCU_per_USD,daily,CBN_NFEM_FX,Nigerian Foreign Exchange Market Rates,https://www.cbn.gov.ng/api/GetAllNFEM_Rates,https://www.cbn.gov.ng/rates/ExchRateByCurrency.html,2026-08-14T07:03:10.424961Z,none
2025-11-12,ngn_fx,africa,NGA,NGN,NGN per US dollar,1443.0804,LCU_per_USD,daily,CBN_NFEM_FX,Nigerian Foreign Exchange Market Rates,https://www.cbn.gov.ng/api/GetAllNFEM_Rates,https://www.cbn.gov.ng/rates/ExchRateByCurrency.html,2026-08-14T07:03:10.424961Z,none
2025-11-13,ngn_fx,africa,NGA,NGN,NGN per US dollar,1440.1723,LCU_per_USD,daily,CBN_NFEM_FX,Nigerian Foreign Exchange Market Rates,https://www.cbn.gov.ng/api/GetAllNFEM_Rates,https://www.cbn.gov.ng/rates/ExchRateByCurrency.html,2026-08-14T07:03:10.424961Z,none
2025-11-14,ngn_fx,africa,NGA,NGN,NGN per US dollar,1442.4309,LCU_per_USD,daily,CBN_NFEM_FX,Nigerian Foreign Exchange Market Rates,https://www.cbn.gov.ng/api/GetAllNFEM_Rates,https://www.cbn.gov.ng/rates/ExchRateByCurrency.html,2026-08-14T07:03:10.424961Z,none
2025-11-17,ngn_fx,africa,NGA,NGN,NGN per US dollar,1448.0304,LCU_per_USD,daily,CBN_NFEM_FX,Nigerian Foreign Exchange Market Rates,https://www.cbn.gov.ng/api/GetAllNFEM_Rates,https://www.cbn.gov.ng/rates/ExchRateByCurrency.html,2026-08-14T07:03:10.424961Z,none
2025-11-18,ngn_fx,africa,NGA,NGN,NGN per US dollar,1447.4297,LCU_per_USD,daily,CBN_NFEM_FX,Nigerian Foreign Exchange Market Rates,https://www.cbn.gov.ng/api/GetAllNFEM_Rates,https://www.cbn.gov.ng/rates/ExchRateByCurrency.html,2026-08-14T07:03:10.424961Z,none
2025-11-19,ngn_fx,africa,NGA,NGN,NGN per US dollar,1454.1849,LCU_per_USD,daily,CBN_NFEM_FX,Nigerian Foreign Exchange Market Rates,https://www.cbn.gov.ng/api/GetAllNFEM_Rates,https://www.cbn.gov.ng/rates/ExchRateByCurrency.html,2026-08-14T07:03:10.424961Z,none
2025-11-20,ngn_fx,africa,NGA,NGN,NGN per US dollar,1452.1342,LCU_per_USD,daily,CBN_NFEM_FX,Nigerian Foreign Exchange Market Rates,https://www.cbn.gov.ng/api/GetAllNFEM_Rates,https://www.cbn.gov.ng/rates/ExchRateByCurrency.html,2026-08-14T07:03:10.424961Z,none
2025-11-21,ngn_fx,africa,NGA,NGN,NGN per US dollar,1456.7249,LCU_per_USD,daily,CBN_NFEM_FX,Nigerian Foreign Exchange Market Rates,https://www.cbn.gov.ng/api/GetAllNFEM_Rates,https://www.cbn.gov.ng/rates/ExchRateByCurrency.html,2026-08-14T07:03:10.424961Z,none
2025-11-24,ngn_fx,africa,NGA,NGN,NGN per US dollar,1453.8443,LCU_per_USD,daily,CBN_NFEM_FX,Nigerian Foreign Exchange Market Rates,https://www.cbn.gov.ng/api/GetAllNFEM_Rates,https://www.cbn.gov.ng/rates/ExchRateByCurrency.html,2026-08-14T07:03:10.424961Z,none
2025-11-25,ngn_fx,africa,NGA,NGN,NGN per US dollar,1446.3156,LCU_per_USD,daily,CBN_NFEM_FX,Nigerian Foreign Exchange Market Rates,https://www.cbn.gov.ng/api/GetAllNFEM_Rates,https://www.cbn.gov.ng/rates/ExchRateByCurrency.html,2026-08-14T07:03:10.424961Z,none
2025-11-26,ngn_fx,africa,NGA,NGN,NGN per US dollar,1442.9201,LCU_per_USD,daily,CBN_NFEM_FX,Nigerian Foreign Exchange Market Rates,https://www.cbn.gov.ng/api/GetAllNFEM_Rates,https://www.cbn.gov.ng/rates/ExchRateByCurrency.html,2026-08-14T07:03:10.424961Z,none
2025-11-27,ngn_fx,africa,NGA,NGN,NGN per US dollar,1443.9028,LCU_per_USD,daily,CBN_NFEM_FX,Nigerian Foreign Exchange Market Rates,https://www.cbn.gov.ng/api/GetAllNFEM_Rates,https://www.cbn.gov.ng/rates/ExchRateByCurrency.html,2026-08-14T07:03:10.424961Z,none
2025-11-28,ngn_fx,africa,NGA,NGN,NGN per US dollar,1446.7421,LCU_per_USD,daily,CBN_NFEM_FX,Nigerian Foreign Exchange Market Rates,https://www.cbn.gov.ng/api/GetAllNFEM_Rates,https://www.cbn.gov.ng/rates/ExchRateByCurrency.html,2026-08-14T07:03:10.424961Z,none
2025-12-01,ngn_fx,africa,NGA,NGN,NGN per US dollar,1448.4355,LCU_per_USD,daily,CBN_NFEM_FX,Nigerian Foreign Exchange Market Rates,https://www.cbn.gov.ng/api/GetAllNFEM_Rates,https://www.cbn.gov.ng/rates/ExchRateByCurrency.html,2026-08-14T07:03:10.424961Z,none
2025-12-02,ngn_fx,africa,NGA,NGN,NGN per US dollar,1445.3929,LCU_per_USD,daily,CBN_NFEM_FX,Nigerian Foreign Exchange Market Rates,https://www.cbn.gov.ng/api/GetAllNFEM_Rates,https://www.cbn.gov.ng/rates/ExchRateByCurrency.html,2026-08-14T07:03:10.424961Z,none
2025-12-03,ngn_fx,africa,NGA,NGN,NGN per US dollar,1447.6494,LCU_per_USD,daily,CBN_NFEM_FX,Nigerian Foreign Exchange Market Rates,https://www.cbn.gov.ng/api/GetAllNFEM_Rates,https://www.cbn.gov.ng/rates/ExchRateByCurrency.html,2026-08-14T07:03:10.424961Z,none
2025-12-04,ngn_fx,africa,NGA,NGN,NGN per US dollar,1447.8263,LCU_per_USD,daily,CBN_NFEM_FX,Nigerian Foreign Exchange Market Rates,https://www.cbn.gov.ng/api/GetAllNFEM_Rates,https://www.cbn.gov.ng/rates/ExchRateByCurrency.html,2026-08-14T07:03:10.424961Z,none
2025-12-05,ngn_fx,africa,NGA,NGN,NGN per US dollar,1450.4287,LCU_per_USD,daily,CBN_NFEM_FX,Nigerian Foreign Exchange Market Rates,https://www.cbn.gov.ng/api/GetAllNFEM_Rates,https://www.cbn.gov.ng/rates/ExchRateByCurrency.html,2026-08-14T07:03:10.424961Z,none
2025-12-08,ngn_fx,africa,NGA,NGN,NGN per US dollar,1451.863,LCU_per_USD,daily,CBN_NFEM_FX,Nigerian Foreign Exchange Market Rates,https://www.cbn.gov.ng/api/GetAllNFEM_Rates,https://www.cbn.gov.ng/rates/ExchRateByCurrency.html,2026-08-14T07:03:10.424961Z,none
2025-12-09,ngn_fx,africa,NGA,NGN,NGN per US dollar,1454.3805,LCU_per_USD,daily,CBN_NFEM_FX,Nigerian Foreign Exchange Market Rates,https://www.cbn.gov.ng/api/GetAllNFEM_Rates,https://www.cbn.gov.ng/rates/ExchRateByCurrency.html,2026-08-14T07:03:10.424961Z,none
2025-12-10,ngn_fx,africa,NGA,NGN,NGN per US dollar,1455.3823,LCU_per_USD,daily,CBN_NFEM_FX,Nigerian Foreign Exchange Market Rates,https://www.cbn.gov.ng/api/GetAllNFEM_Rates,https://www.cbn.gov.ng/rates/ExchRateByCurrency.html,2026-08-14T07:03:10.424961Z,none
2025-12-11,ngn_fx,africa,NGA,NGN,NGN per US dollar,1456.0656,LCU_per_USD,daily,CBN_NFEM_FX,Nigerian Foreign Exchange Market Rates,https://www.cbn.gov.ng/api/GetAllNFEM_Rates,https://www.cbn.gov.ng/rates/ExchRateByCurrency.html,2026-08-14T07:03:10.424961Z,none
2025-12-12,ngn_fx,africa,NGA,NGN,NGN per US dollar,1454.4123,LCU_per_USD,daily,CBN_NFEM_FX,Nigerian Foreign Exchange Market Rates,https://www.cbn.gov.ng/api/GetAllNFEM_Rates,https://www.cbn.gov.ng/rates/ExchRateByCurrency.html,2026-08-14T07:03:10.424961Z,none
2025-12-15,ngn_fx,africa,NGA,NGN,NGN per US dollar,1451.8169,LCU_per_USD,daily,CBN_NFEM_FX,Nigerian Foreign Exchange Market Rates,https://www.cbn.gov.ng/api/GetAllNFEM_Rates,https://www.cbn.gov.ng/rates/ExchRateByCurrency.html,2026-08-14T07:03:10.424961Z,none
2025-12-16,ngn_fx,africa,NGA,NGN,NGN per US dollar,1455.0817,LCU_per_USD,daily,CBN_NFEM_FX,Nigerian Foreign Exchange Market Rates,https://www.cbn.gov.ng/api/GetAllNFEM_Rates,https://www.cbn.gov.ng/rates/ExchRateByCurrency.html,2026-08-14T07:03:10.424961Z,none
2025-12-17,ngn_fx,africa,NGA,NGN,NGN per US dollar,1455.4983,LCU_per_USD,daily,CBN_NFEM_FX,Nigerian Foreign Exchange Market Rates,https://www.cbn.gov.ng/api/GetAllNFEM_Rates,https://www.cbn.gov.ng/rates/ExchRateByCurrency.html,2026-08-14T07:03:10.424961Z,none
2025-12-18,ngn_fx,africa,NGA,NGN,NGN per US dollar,1457.8402,LCU_per_USD,daily,CBN_NFEM_FX,Nigerian Foreign Exchange Market Rates,https://www.cbn.gov.ng/api/GetAllNFEM_Rates,https://www.cbn.gov.ng/rates/ExchRateByCurrency.html,2026-08-14T07:03:10.424961Z,none
2025-12-19,ngn_fx,africa,NGA,NGN,NGN per US dollar,1464.4974,LCU_per_USD,daily,CBN_NFEM_FX,Nigerian Foreign Exchange Market Rates,https://www.cbn.gov.ng/api/GetAllNFEM_Rates,https://www.cbn.gov.ng/rates/ExchRateByCurrency.html,2026-08-14T07:03:10.424961Z,none
2025-12-22,ngn_fx,africa,NGA,NGN,NGN per US dollar,1456.5637,LCU_per_USD,daily,CBN_NFEM_FX,Nigerian Foreign Exchange Market Rates,https://www.cbn.gov.ng/api/GetAllNFEM_Rates,https://www.cbn.gov.ng/rates/ExchRateByCurrency.html,2026-08-14T07:03:10.424961Z,none
2025-12-23,ngn_fx,africa,NGA,NGN,NGN per US dollar,1449.9869,LCU_per_USD,daily,CBN_NFEM_FX,Nigerian Foreign Exchange Market Rates,https://www.cbn.gov.ng/api/GetAllNFEM_Rates,https://www.cbn.gov.ng/rates/ExchRateByCurrency.html,2026-08-14T07:03:10.424961Z,none
2025-12-24,ngn_fx,africa,NGA,NGN,NGN per US dollar,1443.3767,LCU_per_USD,daily,CBN_NFEM_FX,Nigerian Foreign Exchange Market Rates,https://www.cbn.gov.ng/api/GetAllNFEM_Rates,https://www.cbn.gov.ng/rates/ExchRateByCurrency.html,2026-08-14T07:03:10.424961Z,none
2025-12-29,ngn_fx,africa,NGA,NGN,NGN per US dollar,1442.5126,LCU_per_USD,daily,CBN_NFEM_FX,Nigerian Foreign Exchange Market Rates,https://www.cbn.gov.ng/api/GetAllNFEM_Rates,https://www.cbn.gov.ng/rates/ExchRateByCurrency.html,2026-08-14T07:03:10.424961Z,none
2025-12-30,ngn_fx,africa,NGA,NGN,NGN per US dollar,1445.6828,LCU_per_USD,daily,CBN_NFEM_FX,Nigerian Foreign Exchange Market Rates,https://www.cbn.gov.ng/api/GetAllNFEM_Rates,https://www.cbn.gov.ng/rates/ExchRateByCurrency.html,2026-08-14T07:03:10.424961Z,none
2025-12-31,ngn_fx,africa,NGA,NGN,NGN per US dollar,1435.7571,LCU_per_USD,daily,CBN_NFEM_FX,Nigerian Foreign Exchange Market Rates,https://www.cbn.gov.ng/api/GetAllNFEM_Rates,https://www.cbn.gov.ng/rates/ExchRateByCurrency.html,2026-08-14T07:03:10.424961Z,none
2026-01-02,ngn_fx,africa,NGA,NGN,NGN per US dollar,1430.8479,LCU_per_USD,daily,CBN_NFEM_FX,Nigerian Foreign Exchange Market Rates,https://www.cbn.gov.ng/api/GetAllNFEM_Rates,https://www.cbn.gov.ng/rates/ExchRateByCurrency.html,2026-08-31T02:51:06.182691Z,none
2026-01-05,ngn_fx,africa,NGA,NGN,NGN per US dollar,1429.3054,LCU_per_USD,daily,CBN_NFEM_FX,Nigerian Foreign Exchange Market Rates,https://www.cbn.gov.ng/api/GetAllNFEM_Rates,https://www.cbn.gov.ng/rates/ExchRateByCurrency.html,2026-08-31T02:51:06.182691Z,none
2026-01-06,ngn_fx,africa,NGA,NGN,NGN per US dollar,1419.065,LCU_per_USD,daily,CBN_NFEM_FX,Nigerian Foreign Exchange Market Rates,https://www.cbn.gov.ng/api/GetAllNFEM_Rates,https://www.cbn.gov.ng/rates/ExchRateByCurrency.html,2026-08-31T02:51:06.182691Z,none
2026-01-07,ngn_fx,africa,NGA,NGN,NGN per US dollar,1418.2606,LCU_per_USD,daily,CBN_NFEM_FX,Nigerian Foreign Exchange Market Rates,https://www.cbn.gov.ng/api/GetAllNFEM_Rates,https://www.cbn.gov.ng/rates/ExchRateByCurrency.html,2026-08-31T02:51:06.182691Z,none
2026-01-08,ngn_fx,africa,NGA,NGN,NGN per US dollar,1419.7151,LCU_per_USD,daily,CBN_NFEM_FX,Nigerian Foreign Exchange Market Rates,https://www.cbn.gov.ng/api/GetAllNFEM_Rates,https://www.cbn.gov.ng/rates/ExchRateByCurrency.html,2026-08-31T02:51:06.182691Z,none
2026-01-09,ngn_fx,africa,NGA,NGN,NGN per US dollar,1423.1674,LCU_per_USD,daily,CBN_NFEM_FX,Nigerian Foreign Exchange Market Rates,https://www.cbn.gov.ng/api/GetAllNFEM_Rates,https://www.cbn.gov.ng/rates/ExchRateByCurrency.html,2026-08-31T02:51:06.182691Z,none
2026-01-12,ngn_fx,africa,NGA,NGN,NGN per US dollar,1421.4581,LCU_per_USD,daily,CBN_NFEM_FX,Nigerian Foreign Exchange Market Rates,https://www.cbn.gov.ng/api/GetAllNFEM_Rates,https://www.cbn.gov.ng/rates/ExchRateByCurrency.html,2026-08-31T02:51:06.182691Z,none
2026-01-13,ngn_fx,africa,NGA,NGN,NGN per US dollar,1419.6585,LCU_per_USD,daily,CBN_NFEM_FX,Nigerian Foreign Exchange Market Rates,https://www.cbn.gov.ng/api/GetAllNFEM_Rates,https://www.cbn.gov.ng/rates/ExchRateByCurrency.html,2026-08-31T02:51:06.182691Z,none
2026-01-14,ngn_fx,africa,NGA,NGN,NGN per US dollar,1420.0375,LCU_per_USD,daily,CBN_NFEM_FX,Nigerian Foreign Exchange Market Rates,https://www.cbn.gov.ng/api/GetAllNFEM_Rates,https://www.cbn.gov.ng/rates/ExchRateByCurrency.html,2026-08-31T02:51:06.182691Z,none
2026-01-15,ngn_fx,africa,NGA,NGN,NGN per US dollar,1419.2844,LCU_per_USD,daily,CBN_NFEM_FX,Nigerian Foreign Exchange Market Rates,https://www.cbn.gov.ng/api/GetAllNFEM_Rates,https://www.cbn.gov.ng/rates/ExchRateByCurrency.html,2026-08-31T02:51:06.182691Z,none
2026-01-16,ngn_fx,africa,NGA,NGN,NGN per US dollar,1417.9483,LCU_per_USD,daily,CBN_NFEM_FX,Nigerian Foreign Exchange Market Rates,https://www.cbn.gov.ng/api/GetAllNFEM_Rates,https://www.cbn.gov.ng/rates/ExchRateByCurrency.html,2026-08-31T02:51:06.182691Z,none
2026-01-19,ngn_fx,africa,NGA,NGN,NGN per US dollar,1420.2814,LCU_per_USD,daily,CBN_NFEM_FX,Nigerian Foreign Exchange Market Rates,https://www.cbn.gov.ng/api/GetAllNFEM_Rates,https://www.cbn.gov.ng/rates/ExchRateByCurrency.html,2026-08-31T02:51:06.182691Z,none
2026-01-20,ngn_fx,africa,NGA,NGN,NGN per US dollar,1419.3452,LCU_per_USD,daily,CBN_NFEM_FX,Nigerian Foreign Exchange Market Rates,https://www.cbn.gov.ng/api/GetAllNFEM_Rates,https://www.cbn.gov.ng/rates/ExchRateByCurrency.html,2026-08-31T02:51:06.182691Z,none
2026-01-21,ngn_fx,africa,NGA,NGN,NGN per US dollar,1420.692,LCU_per_USD,daily,CBN_NFEM_FX,Nigerian Foreign Exchange Market Rates,https://www.cbn.gov.ng/api/GetAllNFEM_Rates,https://www.cbn.gov.ng/rates/ExchRateByCurrency.html,2026-08-31T02:51:06.182691Z,none
2026-01-22,ngn_fx,africa,NGA,NGN,NGN per US dollar,1422.0703,LCU_per_USD,daily,CBN_NFEM_FX,Nigerian Foreign Exchange Market Rates,https://www.cbn.gov.ng/api/GetAllNFEM_Rates,https://www.cbn.gov.ng/rates/ExchRateByCurrency.html,2026-08-31T02:51:06.182691Z,none
2026-01-23,ngn_fx,africa,NGA,NGN,NGN per US dollar,1421.6265,LCU_per_USD,daily,CBN_NFEM_FX,Nigerian Foreign Exchange Market Rates,https://www.cbn.gov.ng/api/GetAllNFEM_Rates,https://www.cbn.gov.ng/rates/ExchRateByCurrency.html,2026-08-31T02:51:06.182691Z,none
2026-01-26,ngn_fx,africa,NGA,NGN,NGN per US dollar,1418.9522,LCU_per_USD,daily,CBN_NFEM_FX,Nigerian Foreign Exchange Market Rates,https://www.cbn.gov.ng/api/GetAllNFEM_Rates,https://www.cbn.gov.ng/rates/ExchRateByCurrency.html,2026-08-31T02:51:06.182691Z,none
2026-01-27,ngn_fx,africa,NGA,NGN,NGN per US dollar,1401.2209,LCU_per_USD,daily,CBN_NFEM_FX,Nigerian Foreign Exchange Market Rates,https://www.cbn.gov.ng/api/GetAllNFEM_Rates,https://www.cbn.gov.ng/rates/ExchRateByCurrency.html,2026-08-31T02:51:06.182691Z,none
2026-01-28,ngn_fx,africa,NGA,NGN,NGN per US dollar,1399.9503,LCU_per_USD,daily,CBN_NFEM_FX,Nigerian Foreign Exchange Market Rates,https://www.cbn.gov.ng/api/GetAllNFEM_Rates,https://www.cbn.gov.ng/rates/ExchRateByCurrency.html,2026-08-31T02:51:06.182691Z,none
2026-01-29,ngn_fx,africa,NGA,NGN,NGN per US dollar,1396.9909,LCU_per_USD,daily,CBN_NFEM_FX,Nigerian Foreign Exchange Market Rates,https://www.cbn.gov.ng/api/GetAllNFEM_Rates,https://www.cbn.gov.ng/rates/ExchRateByCurrency.html,2026-08-31T02:51:06.182691Z,none
2026-01-30,ngn_fx,africa,NGA,NGN,NGN per US dollar,1386.5532,LCU_per_USD,daily,CBN_NFEM_FX,Nigerian Foreign Exchange Market Rates,https://www.cbn.gov.ng/api/GetAllNFEM_Rates,https://www.cbn.gov.ng/rates/ExchRateByCurrency.html,2026-08-31T02:51:06.182691Z,none
2026-02-02,ngn_fx,africa,NGA,NGN,NGN per US dollar,1390.3622,LCU_per_USD,daily,CBN_NFEM_FX,Nigerian Foreign Exchange Market Rates,https://www.cbn.gov.ng/api/GetAllNFEM_Rates,https://www.cbn.gov.ng/rates/ExchRateByCurrency.html,2026-08-31T02:51:06.182691Z,none
2026-02-03,ngn_fx,africa,NGA,NGN,NGN per US dollar,1372.9142,LCU_per_USD,daily,CBN_NFEM_FX,Nigerian Foreign Exchange Market Rates,https://www.cbn.gov.ng/api/GetAllNFEM_Rates,https://www.cbn.gov.ng/rates/ExchRateByCurrency.html,2026-08-31T02:51:06.182691Z,none
2026-02-04,ngn_fx,africa,NGA,NGN,NGN per US dollar,1358.2839,LCU_per_USD,daily,CBN_NFEM_FX,Nigerian Foreign Exchange Market Rates,https://www.cbn.gov.ng/api/GetAllNFEM_Rates,https://www.cbn.gov.ng/rates/ExchRateByCurrency.html,2026-08-31T02:51:06.182691Z,none
2026-02-05,ngn_fx,africa,NGA,NGN,NGN per US dollar,1366.0573,LCU_per_USD,daily,CBN_NFEM_FX,Nigerian Foreign Exchange Market Rates,https://www.cbn.gov.ng/api/GetAllNFEM_Rates,https://www.cbn.gov.ng/rates/ExchRateByCurrency.html,2026-08-31T02:51:06.182691Z,none
2026-02-06,ngn_fx,africa,NGA,NGN,NGN per US dollar,1366.1954,LCU_per_USD,daily,CBN_NFEM_FX,Nigerian Foreign Exchange Market Rates,https://www.cbn.gov.ng/api/GetAllNFEM_Rates,https://www.cbn.gov.ng/rates/ExchRateByCurrency.html,2026-08-31T02:51:06.182691Z,none
2026-02-09,ngn_fx,africa,NGA,NGN,NGN per US dollar,1354.2574,LCU_per_USD,daily,CBN_NFEM_FX,Nigerian Foreign Exchange Market Rates,https://www.cbn.gov.ng/api/GetAllNFEM_Rates,https://www.cbn.gov.ng/rates/ExchRateByCurrency.html,2026-08-31T02:51:06.182691Z,none
2026-02-10,ngn_fx,africa,NGA,NGN,NGN per US dollar,1351.0205,LCU_per_USD,daily,CBN_NFEM_FX,Nigerian Foreign Exchange Market Rates,https://www.cbn.gov.ng/api/GetAllNFEM_Rates,https://www.cbn.gov.ng/rates/ExchRateByCurrency.html,2026-08-31T02:51:06.182691Z,none
2026-02-11,ngn_fx,africa,NGA,NGN,NGN per US dollar,1348.9529,LCU_per_USD,daily,CBN_NFEM_FX,Nigerian Foreign Exchange Market Rates,https://www.cbn.gov.ng/api/GetAllNFEM_Rates,https://www.cbn.gov.ng/rates/ExchRateByCurrency.html,2026-08-31T02:51:06.182691Z,none
2026-02-12,ngn_fx,africa,NGA,NGN,NGN per US dollar,1353.6556,LCU_per_USD,daily,CBN_NFEM_FX,Nigerian Foreign Exchange Market Rates,https://www.cbn.gov.ng/api/GetAllNFEM_Rates,https://www.cbn.gov.ng/rates/ExchRateByCurrency.html,2026-08-31T02:51:06.182691Z,none
2026-02-13,ngn_fx,africa,NGA,NGN,NGN per US dollar,1355.4181,LCU_per_USD,daily,CBN_NFEM_FX,Nigerian Foreign Exchange Market Rates,https://www.cbn.gov.ng/api/GetAllNFEM_Rates,https://www.cbn.gov.ng/rates/ExchRateByCurrency.html,2026-08-31T02:51:06.182691Z,none
2026-02-16,ngn_fx,africa,NGA,NGN,NGN per US dollar,1347.7789,LCU_per_USD,daily,CBN_NFEM_FX,Nigerian Foreign Exchange Market Rates,https://www.cbn.gov.ng/api/GetAllNFEM_Rates,https://www.cbn.gov.ng/rates/ExchRateByCurrency.html,2026-08-31T02:51:06.182691Z,none
2026-02-17,ngn_fx,africa,NGA,NGN,NGN per US dollar,1335.958,LCU_per_USD,daily,CBN_NFEM_FX,Nigerian Foreign Exchange Market Rates,https://www.cbn.gov.ng/api/GetAllNFEM_Rates,https://www.cbn.gov.ng/rates/ExchRateByCurrency.html,2026-08-31T02:51:06.182691Z,none
2026-02-18,ngn_fx,africa,NGA,NGN,NGN per US dollar,1338.1066,LCU_per_USD,daily,CBN_NFEM_FX,Nigerian Foreign Exchange Market Rates,https://www.cbn.gov.ng/api/GetAllNFEM_Rates,https://www.cbn.gov.ng/rates/ExchRateByCurrency.html,2026-08-31T02:51:06.182691Z,none
2026-02-19,ngn_fx,africa,NGA,NGN,NGN per US dollar,1341.3509,LCU_per_USD,daily,CBN_NFEM_FX,Nigerian Foreign Exchange Market Rates,https://www.cbn.gov.ng/api/GetAllNFEM_Rates,https://www.cbn.gov.ng/rates/ExchRateByCurrency.html,2026-08-31T02:51:06.182691Z,none
2026-02-20,ngn_fx,africa,NGA,NGN,NGN per US dollar,1346.3234,LCU_per_USD,daily,CBN_NFEM_FX,Nigerian Foreign Exchange Market Rates,https://www.cbn.gov.ng/api/GetAllNFEM_Rates,https://www.cbn.gov.ng/rates/ExchRateByCurrency.html,2026-08-31T02:51:06.182691Z,none
2026-02-23,ngn_fx,africa,NGA,NGN,NGN per US dollar,1349.2352,LCU_per_USD,daily,CBN_NFEM_FX,Nigerian Foreign Exchange Market Rates,https://www.cbn.gov.ng/api/GetAllNFEM_Rates,https://www.cbn.gov.ng/rates/ExchRateByCurrency.html,2026-08-31T02:51:06.182691Z,none
2026-02-24,ngn_fx,africa,NGA,NGN,NGN per US dollar,1355.3745,LCU_per_USD,daily,CBN_NFEM_FX,Nigerian Foreign Exchange Market Rates,https://www.cbn.gov.ng/api/GetAllNFEM_Rates,https://www.cbn.gov.ng/rates/ExchRateByCurrency.html,2026-08-31T02:51:06.182691Z,none
2026-02-25,ngn_fx,africa,NGA,NGN,NGN per US dollar,1356.1141,LCU_per_USD,daily,CBN_NFEM_FX,Nigerian Foreign Exchange Market Rates,https://www.cbn.gov.ng/api/GetAllNFEM_Rates,https://www.cbn.gov.ng/rates/ExchRateByCurrency.html,2026-08-31T02:51:06.182691Z,none
2026-02-26,ngn_fx,africa,NGA,NGN,NGN per US dollar,1359.8181,LCU_per_USD,daily,CBN_NFEM_FX,Nigerian Foreign Exchange Market Rates,https://www.cbn.gov.ng/api/GetAllNFEM_Rates,https://www.cbn.gov.ng/rates/ExchRateByCurrency.html,2026-08-31T02:51:06.182691Z,none
2026-02-27,ngn_fx,africa,NGA,NGN,NGN per US dollar,1363.3954,LCU_per_USD,daily,CBN_NFEM_FX,Nigerian Foreign Exchange Market Rates,https://www.cbn.gov.ng/api/GetAllNFEM_Rates,https://www.cbn.gov.ng/rates/ExchRateByCurrency.html,2026-08-31T02:51:06.182691Z,none
2026-03-02,ngn_fx,africa,NGA,NGN,NGN per US dollar,1378.0246,LCU_per_USD,daily,CBN_NFEM_FX,Nigerian Foreign Exchange Market Rates,https://www.cbn.gov.ng/api/GetAllNFEM_Rates,https://www.cbn.gov.ng/rates/ExchRateByCurrency.html,2026-08-31T02:51:06.182691Z,none
2026-03-03,ngn_fx,africa,NGA,NGN,NGN per US dollar,1384.292,LCU_per_USD,daily,CBN_NFEM_FX,Nigerian Foreign Exchange Market Rates,https://www.cbn.gov.ng/api/GetAllNFEM_Rates,https://www.cbn.gov.ng/rates/ExchRateByCurrency.html,2026-08-31T02:51:06.182691Z,none
2026-03-04,ngn_fx,africa,NGA,NGN,NGN per US dollar,1387.0955,LCU_per_USD,daily,CBN_NFEM_FX,Nigerian Foreign Exchange Market Rates,https://www.cbn.gov.ng/api/GetAllNFEM_Rates,https://www.cbn.gov.ng/rates/ExchRateByCurrency.html,2026-08-31T02:51:06.182691Z,none
2026-03-05,ngn_fx,africa,NGA,NGN,NGN per US dollar,1387.4475,LCU_per_USD,daily,CBN_NFEM_FX,Nigerian Foreign Exchange Market Rates,https://www.cbn.gov.ng/api/GetAllNFEM_Rates,https://www.cbn.gov.ng/rates/ExchRateByCurrency.html,2026-08-31T02:51:06.182691Z,none
2026-03-06,ngn_fx,africa,NGA,NGN,NGN per US dollar,1393.2556,LCU_per_USD,daily,CBN_NFEM_FX,Nigerian Foreign Exchange Market Rates,https://www.cbn.gov.ng/api/GetAllNFEM_Rates,https://www.cbn.gov.ng/rates/ExchRateByCurrency.html,2026-08-31T02:51:06.182691Z,none
2026-03-09,ngn_fx,africa,NGA,NGN,NGN per US dollar,1405.6238,LCU_per_USD,daily,CBN_NFEM_FX,Nigerian Foreign Exchange Market Rates,https://www.cbn.gov.ng/api/GetAllNFEM_Rates,https://www.cbn.gov.ng/rates/ExchRateByCurrency.html,2026-08-31T02:51:06.182691Z,none
2026-03-10,ngn_fx,africa,NGA,NGN,NGN per US dollar,1401.4014,LCU_per_USD,daily,CBN_NFEM_FX,Nigerian Foreign Exchange Market Rates,https://www.cbn.gov.ng/api/GetAllNFEM_Rates,https://www.cbn.gov.ng/rates/ExchRateByCurrency.html,2026-08-31T02:51:06.182691Z,none
2026-03-11,ngn_fx,africa,NGA,NGN,NGN per US dollar,1376.1925,LCU_per_USD,daily,CBN_NFEM_FX,Nigerian Foreign Exchange Market Rates,https://www.cbn.gov.ng/api/GetAllNFEM_Rates,https://www.cbn.gov.ng/rates/ExchRateByCurrency.html,2026-08-31T02:51:06.182691Z,none
2026-03-12,ngn_fx,africa,NGA,NGN,NGN per US dollar,1371.5063,LCU_per_USD,daily,CBN_NFEM_FX,Nigerian Foreign Exchange Market Rates,https://www.cbn.gov.ng/api/GetAllNFEM_Rates,https://www.cbn.gov.ng/rates/ExchRateByCurrency.html,2026-08-31T02:51:06.182691Z,none
2026-03-13,ngn_fx,africa,NGA,NGN,NGN per US dollar,1366.233,LCU_per_USD,daily,CBN_NFEM_FX,Nigerian Foreign Exchange Market Rates,https://www.cbn.gov.ng/api/GetAllNFEM_Rates,https://www.cbn.gov.ng/rates/ExchRateByCurrency.html,2026-08-31T02:51:06.182691Z,none
2026-03-16,ngn_fx,africa,NGA,NGN,NGN per US dollar,1357.7697,LCU_per_USD,daily,CBN_NFEM_FX,Nigerian Foreign Exchange Market Rates,https://www.cbn.gov.ng/api/GetAllNFEM_Rates,https://www.cbn.gov.ng/rates/ExchRateByCurrency.html,2026-08-31T02:51:06.182691Z,none
2026-03-17,ngn_fx,africa,NGA,NGN,NGN per US dollar,1344.4158,LCU_per_USD,daily,CBN_NFEM_FX,Nigerian Foreign Exchange Market Rates,https://www.cbn.gov.ng/api/GetAllNFEM_Rates,https://www.cbn.gov.ng/rates/ExchRateByCurrency.html,2026-08-31T02:51:06.182691Z,none
2026-03-18,ngn_fx,africa,NGA,NGN,NGN per US dollar,1353.9018,LCU_per_USD,daily,CBN_NFEM_FX,Nigerian Foreign Exchange Market Rates,https://www.cbn.gov.ng/api/GetAllNFEM_Rates,https://www.cbn.gov.ng/rates/ExchRateByCurrency.html,2026-08-31T02:51:06.182691Z,none
2026-03-23,ngn_fx,africa,NGA,NGN,NGN per US dollar,1388.3841,LCU_per_USD,daily,CBN_NFEM_FX,Nigerian Foreign Exchange Market Rates,https://www.cbn.gov.ng/api/GetAllNFEM_Rates,https://www.cbn.gov.ng/rates/ExchRateByCurrency.html,2026-08-31T02:51:06.182691Z,none
2026-03-24,ngn_fx,africa,NGA,NGN,NGN per US dollar,1382.6325,LCU_per_USD,daily,CBN_NFEM_FX,Nigerian Foreign Exchange Market Rates,https://www.cbn.gov.ng/api/GetAllNFEM_Rates,https://www.cbn.gov.ng/rates/ExchRateByCurrency.html,2026-08-31T02:51:06.182691Z,none
2026-03-25,ngn_fx,africa,NGA,NGN,NGN per US dollar,1386.7049,LCU_per_USD,daily,CBN_NFEM_FX,Nigerian Foreign Exchange Market Rates,https://www.cbn.gov.ng/api/GetAllNFEM_Rates,https://www.cbn.gov.ng/rates/ExchRateByCurrency.html,2026-08-31T02:51:06.182691Z,none
2026-03-26,ngn_fx,africa,NGA,NGN,NGN per US dollar,1383.883,LCU_per_USD,daily,CBN_NFEM_FX,Nigerian Foreign Exchange Market Rates,https://www.cbn.gov.ng/api/GetAllNFEM_Rates,https://www.cbn.gov.ng/rates/ExchRateByCurrency.html,2026-08-31T02:51:06.182691Z,none
2026-03-27,ngn_fx,africa,NGA,NGN,NGN per US dollar,1380.5766,LCU_per_USD,daily,CBN_NFEM_FX,Nigerian Foreign Exchange Market Rates,https://www.cbn.gov.ng/api/GetAllNFEM_Rates,https://www.cbn.gov.ng/rates/ExchRateByCurrency.html,2026-08-31T02:51:06.182691Z,none
2026-03-30,ngn_fx,africa,NGA,NGN,NGN per US dollar,1383.5814,LCU_per_USD,daily,CBN_NFEM_FX,Nigerian Foreign Exchange Market Rates,https://www.cbn.gov.ng/api/GetAllNFEM_Rates,https://www.cbn.gov.ng/rates/ExchRateByCurrency.html,2026-08-31T02:51:06.182691Z,none
2026-03-31,ngn_fx,africa,NGA,NGN,NGN per US dollar,1386.7156,LCU_per_USD,daily,CBN_NFEM_FX,Nigerian Foreign Exchange Market Rates,https://www.cbn.gov.ng/api/GetAllNFEM_Rates,https://www.cbn.gov.ng/rates/ExchRateByCurrency.html,2026-08-31T02:51:06.182691Z,none
2026-04-01,ngn_fx,africa,NGA,NGN,NGN per US dollar,1378.7011,LCU_per_USD,daily,CBN_NFEM_FX,Nigerian Foreign Exchange Market Rates,https://www.cbn.gov.ng/api/GetAllNFEM_Rates,https://www.cbn.gov.ng/rates/ExchRateByCurrency.html,2026-08-31T02:51:06.182691Z,none
2026-04-02,ngn_fx,africa,NGA,NGN,NGN per US dollar,1380.7942,LCU_per_USD,daily,CBN_NFEM_FX,Nigerian Foreign Exchange Market Rates,https://www.cbn.gov.ng/api/GetAllNFEM_Rates,https://www.cbn.gov.ng/rates/ExchRateByCurrency.html,2026-08-31T02:51:06.182691Z,none
2026-04-07,ngn_fx,africa,NGA,NGN,NGN per US dollar,1386.6573,LCU_per_USD,daily,CBN_NFEM_FX,Nigerian Foreign Exchange Market Rates,https://www.cbn.gov.ng/api/GetAllNFEM_Rates,https://www.cbn.gov.ng/rates/ExchRateByCurrency.html,2026-08-31T02:51:06.182691Z,none
2026-04-08,ngn_fx,africa,NGA,NGN,NGN per US dollar,1371.8224,LCU_per_USD,daily,CBN_NFEM_FX,Nigerian Foreign Exchange Market Rates,https://www.cbn.gov.ng/api/GetAllNFEM_Rates,https://www.cbn.gov.ng/rates/ExchRateByCurrency.html,2026-08-31T02:51:06.182691Z,none
2026-04-09,ngn_fx,africa,NGA,NGN,NGN per US dollar,1359.3156,LCU_per_USD,daily,CBN_NFEM_FX,Nigerian Foreign Exchange Market Rates,https://www.cbn.gov.ng/api/GetAllNFEM_Rates,https://www.cbn.gov.ng/rates/ExchRateByCurrency.html,2026-08-31T02:51:06.182691Z,none
2026-04-10,ngn_fx,africa,NGA,NGN,NGN per US dollar,1356.8898,LCU_per_USD,daily,CBN_NFEM_FX,Nigerian Foreign Exchange Market Rates,https://www.cbn.gov.ng/api/GetAllNFEM_Rates,https://www.cbn.gov.ng/rates/ExchRateByCurrency.html,2026-08-31T02:51:06.182691Z,none
2026-04-13,ngn_fx,africa,NGA,NGN,NGN per US dollar,1356.1852,LCU_per_USD,daily,CBN_NFEM_FX,Nigerian Foreign Exchange Market Rates,https://www.cbn.gov.ng/api/GetAllNFEM_Rates,https://www.cbn.gov.ng/rates/ExchRateByCurrency.html,2026-08-31T02:51:06.182691Z,none
2026-04-14,ngn_fx,africa,NGA,NGN,NGN per US dollar,1343.7658,LCU_per_USD,daily,CBN_NFEM_FX,Nigerian Foreign Exchange Market Rates,https://www.cbn.gov.ng/api/GetAllNFEM_Rates,https://www.cbn.gov.ng/rates/ExchRateByCurrency.html,2026-08-31T02:51:06.182691Z,none
2026-04-15,ngn_fx,africa,NGA,NGN,NGN per US dollar,1343.7409,LCU_per_USD,daily,CBN_NFEM_FX,Nigerian Foreign Exchange Market Rates,https://www.cbn.gov.ng/api/GetAllNFEM_Rates,https://www.cbn.gov.ng/rates/ExchRateByCurrency.html,2026-08-31T02:51:06.182691Z,none
2026-04-16,ngn_fx,africa,NGA,NGN,NGN per US dollar,1342.3037,LCU_per_USD,daily,CBN_NFEM_FX,Nigerian Foreign Exchange Market Rates,https://www.cbn.gov.ng/api/GetAllNFEM_Rates,https://www.cbn.gov.ng/rates/ExchRateByCurrency.html,2026-08-31T02:51:06.182691Z,none
2026-04-17,ngn_fx,africa,NGA,NGN,NGN per US dollar,1343.6398,LCU_per_USD,daily,CBN_NFEM_FX,Nigerian Foreign Exchange Market Rates,https://www.cbn.gov.ng/api/GetAllNFEM_Rates,https://www.cbn.gov.ng/rates/ExchRateByCurrency.html,2026-08-31T02:51:06.182691Z,none
2026-04-20,ngn_fx,africa,NGA,NGN,NGN per US dollar,1349.6737,LCU_per_USD,daily,CBN_NFEM_FX,Nigerian Foreign Exchange Market Rates,https://www.cbn.gov.ng/api/GetAllNFEM_Rates,https://www.cbn.gov.ng/rates/ExchRateByCurrency.html,2026-08-31T02:51:06.182691Z,none
2026-04-21,ngn_fx,africa,NGA,NGN,NGN per US dollar,1350.7402,LCU_per_USD,daily,CBN_NFEM_FX,Nigerian Foreign Exchange Market Rates,https://www.cbn.gov.ng/api/GetAllNFEM_Rates,https://www.cbn.gov.ng/rates/ExchRateByCurrency.html,2026-08-31T02:51:06.182691Z,none
2026-04-22,ngn_fx,africa,NGA,NGN,NGN per US dollar,1348.4492,LCU_per_USD,daily,CBN_NFEM_FX,Nigerian Foreign Exchange Market Rates,https://www.cbn.gov.ng/api/GetAllNFEM_Rates,https://www.cbn.gov.ng/rates/ExchRateByCurrency.html,2026-08-31T02:51:06.182691Z,none
2026-04-23,ngn_fx,africa,NGA,NGN,NGN per US dollar,1353.9081,LCU_per_USD,daily,CBN_NFEM_FX,Nigerian Foreign Exchange Market Rates,https://www.cbn.gov.ng/api/GetAllNFEM_Rates,https://www.cbn.gov.ng/rates/ExchRateByCurrency.html,2026-08-31T02:51:06.182691Z,none
2026-04-24,ngn_fx,africa,NGA,NGN,NGN per US dollar,1358.4351,LCU_per_USD,daily,CBN_NFEM_FX,Nigerian Foreign Exchange Market Rates,https://www.cbn.gov.ng/api/GetAllNFEM_Rates,https://www.cbn.gov.ng/rates/ExchRateByCurrency.html,2026-08-31T02:51:06.182691Z,none
2026-04-27,ngn_fx,africa,NGA,NGN,NGN per US dollar,1364.2374,LCU_per_USD,daily,CBN_NFEM_FX,Nigerian Foreign Exchange Market Rates,https://www.cbn.gov.ng/api/GetAllNFEM_Rates,https://www.cbn.gov.ng/rates/ExchRateByCurrency.html,2026-08-31T02:51:06.182691Z,none
2026-04-28,ngn_fx,africa,NGA,NGN,NGN per US dollar,1380.7066,LCU_per_USD,daily,CBN_NFEM_FX,Nigerian Foreign Exchange Market Rates,https://www.cbn.gov.ng/api/GetAllNFEM_Rates,https://www.cbn.gov.ng/rates/ExchRateByCurrency.html,2026-08-31T02:51:06.182691Z,none
2026-04-29,ngn_fx,africa,NGA,NGN,NGN per US dollar,1379.4605,LCU_per_USD,daily,CBN_NFEM_FX,Nigerian Foreign Exchange Market Rates,https://www.cbn.gov.ng/api/GetAllNFEM_Rates,https://www.cbn.gov.ng/rates/ExchRateByCurrency.html,2026-08-31T02:51:06.182691Z,none
2026-04-30,ngn_fx,africa,NGA,NGN,NGN per US dollar,1374.9431,LCU_per_USD,daily,CBN_NFEM_FX,Nigerian Foreign Exchange Market Rates,https://www.cbn.gov.ng/api/GetAllNFEM_Rates,https://www.cbn.gov.ng/rates/ExchRateByCurrency.html,2026-08-31T02:51:06.182691Z,none
2026-05-04,ngn_fx,africa,NGA,NGN,NGN per US dollar,1365.2474,LCU_per_USD,daily,CBN_NFEM_FX,Nigerian Foreign Exchange Market Rates,https://www.cbn.gov.ng/api/GetAllNFEM_Rates,https://www.cbn.gov.ng/rates/ExchRateByCurrency.html,2026-08-31T02:51:06.182691Z,none
2026-05-05,ngn_fx,africa,NGA,NGN,NGN per US dollar,1366.5592,LCU_per_USD,daily,CBN_NFEM_FX,Nigerian Foreign Exchange Market Rates,https://www.cbn.gov.ng/api/GetAllNFEM_Rates,https://www.cbn.gov.ng/rates/ExchRateByCurrency.html,2026-08-31T02:51:06.182691Z,none
2026-05-06,ngn_fx,africa,NGA,NGN,NGN per US dollar,1357.3371,LCU_per_USD,daily,CBN_NFEM_FX,Nigerian Foreign Exchange Market Rates,https://www.cbn.gov.ng/api/GetAllNFEM_Rates,https://www.cbn.gov.ng/rates/ExchRateByCurrency.html,2026-08-31T02:51:06.182691Z,none
2026-05-07,ngn_fx,africa,NGA,NGN,NGN per US dollar,1355.8502,LCU_per_USD,daily,CBN_NFEM_FX,Nigerian Foreign Exchange Market Rates,https://www.cbn.gov.ng/api/GetAllNFEM_Rates,https://www.cbn.gov.ng/rates/ExchRateByCurrency.html,2026-08-31T02:51:06.182691Z,none
2026-05-08,ngn_fx,africa,NGA,NGN,NGN per US dollar,1361.395,LCU_per_USD,daily,CBN_NFEM_FX,Nigerian Foreign Exchange Market Rates,https://www.cbn.gov.ng/api/GetAllNFEM_Rates,https://www.cbn.gov.ng/rates/ExchRateByCurrency.html,2026-08-31T02:51:06.182691Z,none
2026-05-11,ngn_fx,africa,NGA,NGN,NGN per US dollar,1373.164,LCU_per_USD,daily,CBN_NFEM_FX,Nigerian Foreign Exchange Market Rates,https://www.cbn.gov.ng/api/GetAllNFEM_Rates,https://www.cbn.gov.ng/rates/ExchRateByCurrency.html,2026-08-31T02:51:06.182691Z,none
2026-05-12,ngn_fx,africa,NGA,NGN,NGN per US dollar,1375.6219,LCU_per_USD,daily,CBN_NFEM_FX,Nigerian Foreign Exchange Market Rates,https://www.cbn.gov.ng/api/GetAllNFEM_Rates,https://www.cbn.gov.ng/rates/ExchRateByCurrency.html,2026-08-31T02:51:06.182691Z,none
2026-05-13,ngn_fx,africa,NGA,NGN,NGN per US dollar,1370.56,LCU_per_USD,daily,CBN_NFEM_FX,Nigerian Foreign Exchange Market Rates,https://www.cbn.gov.ng/api/GetAllNFEM_Rates,https://www.cbn.gov.ng/rates/ExchRateByCurrency.html,2026-08-31T02:51:06.182691Z,none
2026-05-14,ngn_fx,africa,NGA,NGN,NGN per US dollar,1370.8862,LCU_per_USD,daily,CBN_NFEM_FX,Nigerian Foreign Exchange Market Rates,https://www.cbn.gov.ng/api/GetAllNFEM_Rates,https://www.cbn.gov.ng/rates/ExchRateByCurrency.html,2026-08-31T02:51:06.182691Z,none
2026-05-15,ngn_fx,africa,NGA,NGN,NGN per US dollar,1371.0391,LCU_per_USD,daily,CBN_NFEM_FX,Nigerian Foreign Exchange Market Rates,https://www.cbn.gov.ng/api/GetAllNFEM_Rates,https://www.cbn.gov.ng/rates/ExchRateByCurrency.html,2026-08-31T02:51:06.182691Z,none
2026-05-18,ngn_fx,africa,NGA,NGN,NGN per US dollar,1373.7004,LCU_per_USD,daily,CBN_NFEM_FX,Nigerian Foreign Exchange Market Rates,https://www.cbn.gov.ng/api/GetAllNFEM_Rates,https://www.cbn.gov.ng/rates/ExchRateByCurrency.html,2026-08-31T02:51:06.182691Z,none
2026-05-19,ngn_fx,africa,NGA,NGN,NGN per US dollar,1373.8717,LCU_per_USD,daily,CBN_NFEM_FX,Nigerian Foreign Exchange Market Rates,https://www.cbn.gov.ng/api/GetAllNFEM_Rates,https://www.cbn.gov.ng/rates/ExchRateByCurrency.html,2026-08-31T02:51:06.182691Z,none
2026-05-20,ngn_fx,africa,NGA,NGN,NGN per US dollar,1373.3431,LCU_per_USD,daily,CBN_NFEM_FX,Nigerian Foreign Exchange Market Rates,https://www.cbn.gov.ng/api/GetAllNFEM_Rates,https://www.cbn.gov.ng/rates/ExchRateByCurrency.html,2026-08-31T02:51:06.182691Z,none
2026-05-21,ngn_fx,africa,NGA,NGN,NGN per US dollar,1372.3079,LCU_per_USD,daily,CBN_NFEM_FX,Nigerian Foreign Exchange Market Rates,https://www.cbn.gov.ng/api/GetAllNFEM_Rates,https://www.cbn.gov.ng/rates/ExchRateByCurrency.html,2026-08-31T02:51:06.182691Z,none
2026-05-22,ngn_fx,africa,NGA,NGN,NGN per US dollar,1375.458,LCU_per_USD,daily,CBN_NFEM_FX,Nigerian Foreign Exchange Market Rates,https://www.cbn.gov.ng/api/GetAllNFEM_Rates,https://www.cbn.gov.ng/rates/ExchRateByCurrency.html,2026-08-31T02:51:06.182691Z,none
2026-05-25,ngn_fx,africa,NGA,NGN,NGN per US dollar,1374.9172,LCU_per_USD,daily,CBN_NFEM_FX,Nigerian Foreign Exchange Market Rates,https://www.cbn.gov.ng/api/GetAllNFEM_Rates,https://www.cbn.gov.ng/rates/ExchRateByCurrency.html,2026-08-31T02:51:06.182691Z,none
2026-05-26,ngn_fx,africa,NGA,NGN,NGN per US dollar,1375.4073,LCU_per_USD,daily,CBN_NFEM_FX,Nigerian Foreign Exchange Market Rates,https://www.cbn.gov.ng/api/GetAllNFEM_Rates,https://www.cbn.gov.ng/rates/ExchRateByCurrency.html,2026-08-31T02:51:06.182691Z,none
2026-05-29,ngn_fx,africa,NGA,NGN,NGN per US dollar,1373.2545,LCU_per_USD,daily,CBN_NFEM_FX,Nigerian Foreign Exchange Market Rates,https://www.cbn.gov.ng/api/GetAllNFEM_Rates,https://www.cbn.gov.ng/rates/ExchRateByCurrency.html,2026-08-31T02:51:06.182691Z,none
2026-06-01,ngn_fx,africa,NGA,NGN,NGN per US dollar,1366.795,LCU_per_USD,daily,CBN_NFEM_FX,Nigerian Foreign Exchange Market Rates,https://www.cbn.gov.ng/api/GetAllNFEM_Rates,https://www.cbn.gov.ng/rates/ExchRateByCurrency.html,2026-08-31T02:51:06.182691Z,none
2026-06-02,ngn_fx,africa,NGA,NGN,NGN per US dollar,1361.0497,LCU_per_USD,daily,CBN_NFEM_FX,Nigerian Foreign Exchange Market Rates,https://www.cbn.gov.ng/api/GetAllNFEM_Rates,https://www.cbn.gov.ng/rates/ExchRateByCurrency.html,2026-08-31T02:51:06.182691Z,none
2026-06-03,ngn_fx,africa,NGA,NGN,NGN per US dollar,1357.2615,LCU_per_USD,daily,CBN_NFEM_FX,Nigerian Foreign Exchange Market Rates,https://www.cbn.gov.ng/api/GetAllNFEM_Rates,https://www.cbn.gov.ng/rates/ExchRateByCurrency.html,2026-08-31T02:51:06.182691Z,none
2026-06-04,ngn_fx,africa,NGA,NGN,NGN per US dollar,1358.7478,LCU_per_USD,daily,CBN_NFEM_FX,Nigerian Foreign Exchange Market Rates,https://www.cbn.gov.ng/api/GetAllNFEM_Rates,https://www.cbn.gov.ng/rates/ExchRateByCurrency.html,2026-08-31T02:51:06.182691Z,none
2026-06-05,ngn_fx,africa,NGA,NGN,NGN per US dollar,1362.2123,LCU_per_USD,daily,CBN_NFEM_FX,Nigerian Foreign Exchange Market Rates,https://www.cbn.gov.ng/api/GetAllNFEM_Rates,https://www.cbn.gov.ng/rates/ExchRateByCurrency.html,2026-08-31T02:51:06.182691Z,none
2026-06-08,ngn_fx,africa,NGA,NGN,NGN per US dollar,1362.8397,LCU_per_USD,daily,CBN_NFEM_FX,Nigerian Foreign Exchange Market Rates,https://www.cbn.gov.ng/api/GetAllNFEM_Rates,https://www.cbn.gov.ng/rates/ExchRateByCurrency.html,2026-08-31T02:51:06.182691Z,none
2026-06-09,ngn_fx,africa,NGA,NGN,NGN per US dollar,1360.5519,LCU_per_USD,daily,CBN_NFEM_FX,Nigerian Foreign Exchange Market Rates,https://www.cbn.gov.ng/api/GetAllNFEM_Rates,https://www.cbn.gov.ng/rates/ExchRateByCurrency.html,2026-08-31T02:51:06.182691Z,none
2026-06-10,ngn_fx,africa,NGA,NGN,NGN per US dollar,1362.0549,LCU_per_USD,daily,CBN_NFEM_FX,Nigerian Foreign Exchange Market Rates,https://www.cbn.gov.ng/api/GetAllNFEM_Rates,https://www.cbn.gov.ng/rates/ExchRateByCurrency.html,2026-08-31T02:51:06.182691Z,none
2026-06-11,ngn_fx,africa,NGA,NGN,NGN per US dollar,1363.825,LCU_per_USD,daily,CBN_NFEM_FX,Nigerian Foreign Exchange Market Rates,https://www.cbn.gov.ng/api/GetAllNFEM_Rates,https://www.cbn.gov.ng/rates/ExchRateByCurrency.html,2026-08-31T02:51:06.182691Z,none
2026-06-15,ngn_fx,africa,NGA,NGN,NGN per US dollar,1356.2704,LCU_per_USD,daily,CBN_NFEM_FX,Nigerian Foreign Exchange Market Rates,https://www.cbn.gov.ng/api/GetAllNFEM_Rates,https://www.cbn.gov.ng/rates/ExchRateByCurrency.html,2026-08-31T02:51:06.182691Z,none
2026-06-16,ngn_fx,africa,NGA,NGN,NGN per US dollar,1357.1808,LCU_per_USD,daily,CBN_NFEM_FX,Nigerian Foreign Exchange Market Rates,https://www.cbn.gov.ng/api/GetAllNFEM_Rates,https://www.cbn.gov.ng/rates/ExchRateByCurrency.html,2026-08-31T02:51:06.182691Z,none
2026-06-17,ngn_fx,africa,NGA,NGN,NGN per US dollar,1360.0725,LCU_per_USD,daily,CBN_NFEM_FX,Nigerian Foreign Exchange Market Rates,https://www.cbn.gov.ng/api/GetAllNFEM_Rates,https://www.cbn.gov.ng/rates/ExchRateByCurrency.html,2026-08-31T02:51:06.182691Z,none
2026-06-18,ngn_fx,africa,NGA,NGN,NGN per US dollar,1363.304,LCU_per_USD,daily,CBN_NFEM_FX,Nigerian Foreign Exchange Market Rates,https://www.cbn.gov.ng/api/GetAllNFEM_Rates,https://www.cbn.gov.ng/rates/ExchRateByCurrency.html,2026-08-31T02:51:06.182691Z,none
2026-06-19,ngn_fx,africa,NGA,NGN,NGN per US dollar,1370.4556,LCU_per_USD,daily,CBN_NFEM_FX,Nigerian Foreign Exchange Market Rates,https://www.cbn.gov.ng/api/GetAllNFEM_Rates,https://www.cbn.gov.ng/rates/ExchRateByCurrency.html,2026-08-31T02:51:06.182691Z,none
2026-06-22,ngn_fx,africa,NGA,NGN,NGN per US dollar,1369.1064,LCU_per_USD,daily,CBN_NFEM_FX,Nigerian Foreign Exchange Market Rates,https://www.cbn.gov.ng/api/GetAllNFEM_Rates,https://www.cbn.gov.ng/rates/ExchRateByCurrency.html,2026-08-31T02:51:06.182691Z,none
2026-06-23,ngn_fx,africa,NGA,NGN,NGN per US dollar,1370.6373,LCU_per_USD,daily,CBN_NFEM_FX,Nigerian Foreign Exchange Market Rates,https://www.cbn.gov.ng/api/GetAllNFEM_Rates,https://www.cbn.gov.ng/rates/ExchRateByCurrency.html,2026-08-31T02:51:06.182691Z,none
2026-06-24,ngn_fx,africa,NGA,NGN,NGN per US dollar,1380.0775,LCU_per_USD,daily,CBN_NFEM_FX,Nigerian Foreign Exchange Market Rates,https://www.cbn.gov.ng/api/GetAllNFEM_Rates,https://www.cbn.gov.ng/rates/ExchRateByCurrency.html,2026-08-31T02:51:06.182691Z,none
2026-06-25,ngn_fx,africa,NGA,NGN,NGN per US dollar,1380.1079,LCU_per_USD,daily,CBN_NFEM_FX,Nigerian Foreign Exchange Market Rates,https://www.cbn.gov.ng/api/GetAllNFEM_Rates,https://www.cbn.gov.ng/rates/ExchRateByCurrency.html,2026-08-31T02:51:06.182691Z,none
2026-06-26,ngn_fx,africa,NGA,NGN,NGN per US dollar,1380.9329,LCU_per_USD,daily,CBN_NFEM_FX,Nigerian Foreign Exchange Market Rates,https://www.cbn.gov.ng/api/GetAllNFEM_Rates,https://www.cbn.gov.ng/rates/ExchRateByCurrency.html,2026-08-31T02:51:06.182691Z,none
2026-06-29,ngn_fx,africa,NGA,NGN,NGN per US dollar,1383.6262,LCU_per_USD,daily,CBN_NFEM_FX,Nigerian Foreign Exchange Market Rates,https://www.cbn.gov.ng/api/GetAllNFEM_Rates,https://www.cbn.gov.ng/rates/ExchRateByCurrency.html,2026-08-31T02:51:06.182691Z,none
2026-06-30,ngn_fx,africa,NGA,NGN,NGN per US dollar,1379.6842,LCU_per_USD,daily,CBN_NFEM_FX,Nigerian Foreign Exchange Market Rates,https://www.cbn.gov.ng/api/GetAllNFEM_Rates,https://www.cbn.gov.ng/rates/ExchRateByCurrency.html,2026-08-31T02:51:06.182691Z,none
2026-07-01,ngn_fx,africa,NGA,NGN,NGN per US dollar,1372.4072,LCU_per_USD,daily,CBN_NFEM_FX,Nigerian Foreign Exchange Market Rates,https://www.cbn.gov.ng/api/GetAllNFEM_Rates,https://www.cbn.gov.ng/rates/ExchRateByCurrency.html,2026-08-31T02:51:06.182691Z,none
2026-07-02,ngn_fx,africa,NGA,NGN,NGN per US dollar,1370.1516,LCU_per_USD,daily,CBN_NFEM_FX,Nigerian Foreign Exchange Market Rates,https://www.cbn.gov.ng/api/GetAllNFEM_Rates,https://www.cbn.gov.ng/rates/ExchRateByCurrency.html,2026-08-31T02:51:06.182691Z,none
2026-07-03,ngn_fx,africa,NGA,NGN,NGN per US dollar,1370.1904,LCU_per_USD,daily,CBN_NFEM_FX,Nigerian Foreign Exchange Market Rates,https://www.cbn.gov.ng/api/GetAllNFEM_Rates,https://www.cbn.gov.ng/rates/ExchRateByCurrency.html,2026-08-31T02:51:06.182691Z,none
2026-07-06,ngn_fx,africa,NGA,NGN,NGN per US dollar,1368.2664,LCU_per_USD,daily,CBN_NFEM_FX,Nigerian Foreign Exchange Market Rates,https://www.cbn.gov.ng/api/GetAllNFEM_Rates,https://www.cbn.gov.ng/rates/ExchRateByCurrency.html,2026-08-31T02:51:06.182691Z,none
2026-07-07,ngn_fx,africa,NGA,NGN,NGN per US dollar,1375.7463,LCU_per_USD,daily,CBN_NFEM_FX,Nigerian Foreign Exchange Market Rates,https://www.cbn.gov.ng/api/GetAllNFEM_Rates,https://www.cbn.gov.ng/rates/ExchRateByCurrency.html,2026-08-31T02:51:06.182691Z,none
2026-07-08,ngn_fx,africa,NGA,NGN,NGN per US dollar,1379.0675,LCU_per_USD,daily,CBN_NFEM_FX,Nigerian Foreign Exchange Market Rates,https://www.cbn.gov.ng/api/GetAllNFEM_Rates,https://www.cbn.gov.ng/rates/ExchRateByCurrency.html,2026-08-31T02:51:06.182691Z,none
2026-07-09,ngn_fx,africa,NGA,NGN,NGN per US dollar,1378.4313,LCU_per_USD,daily,CBN_NFEM_FX,Nigerian Foreign Exchange Market Rates,https://www.cbn.gov.ng/api/GetAllNFEM_Rates,https://www.cbn.gov.ng/rates/ExchRateByCurrency.html,2026-08-31T02:51:06.182691Z,none
2026-07-10,ngn_fx,africa,NGA,NGN,NGN per US dollar,1379.6201,LCU_per_USD,daily,CBN_NFEM_FX,Nigerian Foreign Exchange Market Rates,https://www.cbn.gov.ng/api/GetAllNFEM_Rates,https://www.cbn.gov.ng/rates/ExchRateByCurrency.html,2026-08-31T02:51:06.182691Z,none
2026-07-13,ngn_fx,africa,NGA,NGN,NGN per US dollar,1379.6504,LCU_per_USD,daily,CBN_NFEM_FX,Nigerian Foreign Exchange Market Rates,https://www.cbn.gov.ng/api/GetAllNFEM_Rates,https://www.cbn.gov.ng/rates/ExchRateByCurrency.html,2026-08-31T02:51:06.182691Z,none
2026-07-14,ngn_fx,africa,NGA,NGN,NGN per US dollar,1383.0755,LCU_per_USD,daily,CBN_NFEM_FX,Nigerian Foreign Exchange Market Rates,https://www.cbn.gov.ng/api/GetAllNFEM_Rates,https://www.cbn.gov.ng/rates/ExchRateByCurrency.html,2026-08-31T02:51:06.182691Z,none
2026-07-15,ngn_fx,africa,NGA,NGN,NGN per US dollar,1382.1841,LCU_per_USD,daily,CBN_NFEM_FX,Nigerian Foreign Exchange Market Rates,https://www.cbn.gov.ng/api/GetAllNFEM_Rates,https://www.cbn.gov.ng/rates/ExchRateByCurrency.html,2026-08-31T02:51:06.182691Z,none
2026-07-16,ngn_fx,africa,NGA,NGN,NGN per US dollar,1381.5299,LCU_per_USD,daily,CBN_NFEM_FX,Nigerian Foreign Exchange Market Rates,https://www.cbn.gov.ng/api/GetAllNFEM_Rates,https://www.cbn.gov.ng/rates/ExchRateByCurrency.html,2026-08-31T02:51:06.182691Z,none
2026-07-17,ngn_fx,africa,NGA,NGN,NGN per US dollar,1380.1847,LCU_per_USD,daily,CBN_NFEM_FX,Nigerian Foreign Exchange Market Rates,https://www.cbn.gov.ng/api/GetAllNFEM_Rates,https://www.cbn.gov.ng/rates/ExchRateByCurrency.html,2026-08-31T02:51:06.182691Z,none
2026-07-20,ngn_fx,africa,NGA,NGN,NGN per US dollar,1380.1093,LCU_per_USD,daily,CBN_NFEM_FX,Nigerian Foreign Exchange Market Rates,https://www.cbn.gov.ng/api/GetAllNFEM_Rates,https://www.cbn.gov.ng/rates/ExchRateByCurrency.html,2026-08-31T02:51:06.182691Z,none
2026-07-21,ngn_fx,africa,NGA,NGN,NGN per US dollar,1375.3083,LCU_per_USD,daily,CBN_NFEM_FX,Nigerian Foreign Exchange Market Rates,https://www.cbn.gov.ng/api/GetAllNFEM_Rates,https://www.cbn.gov.ng/rates/ExchRateByCurrency.html,2026-08-31T02:51:06.182691Z,none
2026-07-22,ngn_fx,africa,NGA,NGN,NGN per US dollar,1369.6346,LCU_per_USD,daily,CBN_NFEM_FX,Nigerian Foreign Exchange Market Rates,https://www.cbn.gov.ng/api/GetAllNFEM_Rates,https://www.cbn.gov.ng/rates/ExchRateByCurrency.html,2026-08-31T02:51:06.182691Z,none
2026-07-23,ngn_fx,africa,NGA,NGN,NGN per US dollar,1367.7574,LCU_per_USD,daily,CBN_NFEM_FX,Nigerian Foreign Exchange Market Rates,https://www.cbn.gov.ng/api/GetAllNFEM_Rates,https://www.cbn.gov.ng/rates/ExchRateByCurrency.html,2026-08-31T02:51:06.182691Z,none
2026-07-24,ngn_fx,africa,NGA,NGN,NGN per US dollar,1362.0866,LCU_per_USD,daily,CBN_NFEM_FX,Nigerian Foreign Exchange Market Rates,https://www.cbn.gov.ng/api/GetAllNFEM_Rates,https://www.cbn.gov.ng/rates/ExchRateByCurrency.html,2026-08-31T02:51:06.182691Z,none
2026-07-27,ngn_fx,africa,NGA,NGN,NGN per US dollar,1362.2064,LCU_per_USD,daily,CBN_NFEM_FX,Nigerian Foreign Exchange Market Rates,https://www.cbn.gov.ng/api/GetAllNFEM_Rates,https://www.cbn.gov.ng/rates/ExchRateByCurrency.html,2026-08-31T02:51:06.182691Z,none
2026-07-28,ngn_fx,africa,NGA,NGN,NGN per US dollar,1365.5303,LCU_per_USD,daily,CBN_NFEM_FX,Nigerian Foreign Exchange Market Rates,https://www.cbn.gov.ng/api/GetAllNFEM_Rates,https://www.cbn.gov.ng/rates/ExchRateByCurrency.html,2026-08-31T02:51:06.182691Z,none
2026-07-29,ngn_fx,africa,NGA,NGN,NGN per US dollar,1366.714,LCU_per_USD,daily,CBN_NFEM_FX,Nigerian Foreign Exchange Market Rates,https://www.cbn.gov.ng/api/GetAllNFEM_Rates,https://www.cbn.gov.ng/rates/ExchRateByCurrency.html,2026-08-31T02:51:06.182691Z,none
2026-07-30,ngn_fx,africa,NGA,NGN,NGN per US dollar,1366.7278,LCU_per_USD,daily,CBN_NFEM_FX,Nigerian Foreign Exchange Market Rates,https://www.cbn.gov.ng/api/GetAllNFEM_Rates,https://www.cbn.gov.ng/rates/ExchRateByCurrency.html,2026-08-31T02:51:06.182691Z,none
2026-07-31,ngn_fx,africa,NGA,NGN,NGN per US dollar,1368.2232,LCU_per_USD,daily,CBN_NFEM_FX,Nigerian Foreign Exchange Market Rates,https://www.cbn.gov.ng/api/GetAllNFEM_Rates,https://www.cbn.gov.ng/rates/ExchRateByCurrency.html,2026-08-31T02:51:06.182691Z,none
2026-08-03,ngn_fx,africa,NGA,NGN,NGN per US dollar,1364.8344,LCU_per_USD,daily,CBN_NFEM_FX,Nigerian Foreign Exchange Market Rates,https://www.cbn.gov.ng/api/GetAllNFEM_Rates,https://www.cbn.gov.ng/rates/ExchRateByCurrency.html,2026-08-31T02:51:06.182691Z,none
2026-08-04,ngn_fx,africa,NGA,NGN,NGN per US dollar,1362.5542,LCU_per_USD,daily,CBN_NFEM_FX,Nigerian Foreign Exchange Market Rates,https://www.cbn.gov.ng/api/GetAllNFEM_Rates,https://www.cbn.gov.ng/rates/ExchRateByCurrency.html,2026-08-31T02:51:06.182691Z,none
2026-08-05,ngn_fx,africa,NGA,NGN,NGN per US dollar,1363.8491,LCU_per_USD,daily,CBN_NFEM_FX,Nigerian Foreign Exchange Market Rates,https://www.cbn.gov.ng/api/GetAllNFEM_Rates,https://www.cbn.gov.ng/rates/ExchRateByCurrency.html,2026-08-31T02:51:06.182691Z,none
2026-08-06,ngn_fx,africa,NGA,NGN,NGN per US dollar,1364.8846,LCU_per_USD,daily,CBN_NFEM_FX,Nigerian Foreign Exchange Market Rates,https://www.cbn.gov.ng/api/GetAllNFEM_Rates,https://www.cbn.gov.ng/rates/ExchRateByCurrency.html,2026-08-31T02:51:06.182691Z,none
2026-08-07,ngn_fx,africa,NGA,NGN,NGN per US dollar,1365.6856,LCU_per_USD,daily,CBN_NFEM_FX,Nigerian Foreign Exchange Market Rates,https://www.cbn.gov.ng/api/GetAllNFEM_Rates,https://www.cbn.gov.ng/rates/ExchRateByCurrency.html,2026-08-31T02:51:06.182691Z,none
2026-08-10,ngn_fx,africa,NGA,NGN,NGN per US dollar,1360.1415,LCU_per_USD,daily,CBN_NFEM_FX,Nigerian Foreign Exchange Market Rates,https://www.cbn.gov.ng/api/GetAllNFEM_Rates,https://www.cbn.gov.ng/rates/ExchRateByCurrency.html,2026-08-31T02:51:06.182691Z,none
2026-08-11,ngn_fx,africa,NGA,NGN,NGN per US dollar,1364.8992,LCU_per_USD,daily,CBN_NFEM_FX,Nigerian Foreign Exchange Market Rates,https://www.cbn.gov.ng/api/GetAllNFEM_Rates,https://www.cbn.gov.ng/rates/ExchRateByCurrency.html,2026-08-31T02:51:06.182691Z,none
2026-08-12,ngn_fx,africa,NGA,NGN,NGN per US dollar,1360.5792,LCU_per_USD,daily,CBN_NFEM_FX,Nigerian Foreign Exchange Market Rates,https://www.cbn.gov.ng/api/GetAllNFEM_Rates,https://www.cbn.gov.ng/rates/ExchRateByCurrency.html,2026-08-31T02:51:06.182691Z,none
2026-08-13,ngn_fx,africa,NGA,NGN,NGN per US dollar,1357.6516,LCU_per_USD,daily,CBN_NFEM_FX,Nigerian Foreign Exchange Market Rates,https://www.cbn.gov.ng/api/GetAllNFEM_Rates,https://www.cbn.gov.ng/rates/ExchRateByCurrency.html,2026-08-31T02:51:06.182691Z,none
2026-08-14,ngn_fx,africa,NGA,NGN,NGN per US dollar,1357.6088,LCU_per_USD,daily,CBN_NFEM_FX,Nigerian Foreign Exchange Market Rates,https://www.cbn.gov.ng/api/GetAllNFEM_Rates,https://www.cbn.gov.ng/rates/ExchRateByCurrency.html,2026-08-31T02:51:06.182691Z,none
2026-08-17,ngn_fx,africa,NGA,NGN,NGN per US dollar,1349.5372,LCU_per_USD,daily,CBN_NFEM_FX,Nigerian Foreign Exchange Market Rates,https://www.cbn.gov.ng/api/GetAllNFEM_Rates,https://www.cbn.gov.ng/rates/ExchRateByCurrency.html,2026-08-31T02:51:06.182691Z,none
2026-08-18,ngn_fx,africa,NGA,NGN,NGN per US dollar,1343.3202,LCU_per_USD,daily,CBN_NFEM_FX,Nigerian Foreign Exchange Market Rates,https://www.cbn.gov.ng/api/GetAllNFEM_Rates,https://www.cbn.gov.ng/rates/ExchRateByCurrency.html,2026-08-31T02:51:06.182691Z,none
2026-08-19,ngn_fx,africa,NGA,NGN,NGN per US dollar,1350.4134,LCU_per_USD,daily,CBN_NFEM_FX,Nigerian Foreign Exchange Market Rates,https://www.cbn.gov.ng/api/GetAllNFEM_Rates,https://www.cbn.gov.ng/rates/ExchRateByCurrency.html,2026-08-31T02:51:06.182691Z,none
2026-08-20,ngn_fx,africa,NGA,NGN,NGN per US dollar,1347.6284,LCU_per_USD,daily,CBN_NFEM_FX,Nigerian Foreign Exchange Market Rates,https://www.cbn.gov.ng/api/GetAllNFEM_Rates,https://www.cbn.gov.ng/rates/ExchRateByCurrency.html,2026-08-31T02:51:06.182691Z,none
2026-08-21,ngn_fx,africa,NGA,NGN,NGN per US dollar,1346.4913,LCU_per_USD,daily,CBN_NFEM_FX,Nigerian Foreign Exchange Market Rates,https://www.cbn.gov.ng/api/GetAllNFEM_Rates,https://www.cbn.gov.ng/rates/ExchRateByCurrency.html,2026-08-31T02:51:06.182691Z,none
2026-08-24,ngn_fx,africa,NGA,NGN,NGN per US dollar,1346.976,LCU_per_USD,daily,CBN_NFEM_FX,Nigerian Foreign Exchange Market Rates,https://www.cbn.gov.ng/api/GetAllNFEM_Rates,https://www.cbn.gov.ng/rates/ExchRateByCurrency.html,2026-08-31T02:51:06.182691Z,none
2026-08-26,ngn_fx,africa,NGA,NGN,NGN per US dollar,1343.5943,LCU_per_USD,daily,CBN_NFEM_FX,Nigerian Foreign Exchange Market Rates,https://www.cbn.gov.ng/api/GetAllNFEM_Rates,https://www.cbn.gov.ng/rates/ExchRateByCurrency.html,2026-08-31T02:51:06.182691Z,none
2026-08-27,ngn_fx,africa,NGA,NGN,NGN per US dollar,1338.5865,LCU_per_USD,daily,CBN_NFEM_FX,Nigerian Foreign Exchange Market Rates,https://www.cbn.gov.ng/api/GetAllNFEM_Rates,https://www.cbn.gov.ng/rates/ExchRateByCurrency.html,2026-08-31T02:51:06.182691Z,none
2026-08-28,ngn_fx,africa,NGA,NGN,NGN per US dollar,1337.2873,LCU_per_USD,daily,CBN_NFEM_FX,Nigerian Foreign Exchange Market Rates,https://www.cbn.gov.ng/api/GetAllNFEM_Rates,https://www.cbn.gov.ng/rates/ExchRateByCurrency.html,2026-08-31T02:51:06.182691Z,none
