observation_date,country_iso3,country_name,currency_iso3,currency_name,rate_lcu_per_usd,quote_currency,quote_convention,market_segment,rate_definition,observation_status,source_id,source_name,source_url,source_documentation_url,source_retrieved_at
2024-12-02,NGA,Nigeria,NGN,Nigerian naira,1661.1225,USD,LCU_per_USD,official_nfem_vwap,Nigerian Foreign Exchange Market volume-weighted average official rate.,reported_public_series,CBN_NFEM_FX,Nigerian Foreign Exchange Market Rates,https://www.cbn.gov.ng/api/GetAllNFEM_Rates,https://www.cbn.gov.ng/rates/ExchRateByCurrency.html,2026-08-14T07:03:10.424961Z
2024-12-03,NGA,Nigeria,NGN,Nigerian naira,1643.1507,USD,LCU_per_USD,official_nfem_vwap,Nigerian Foreign Exchange Market volume-weighted average official rate.,reported_public_series,CBN_NFEM_FX,Nigerian Foreign Exchange Market Rates,https://www.cbn.gov.ng/api/GetAllNFEM_Rates,https://www.cbn.gov.ng/rates/ExchRateByCurrency.html,2026-08-14T07:03:10.424961Z
2024-12-04,NGA,Nigeria,NGN,Nigerian naira,1613.6946,USD,LCU_per_USD,official_nfem_vwap,Nigerian Foreign Exchange Market volume-weighted average official rate.,reported_public_series,CBN_NFEM_FX,Nigerian Foreign Exchange Market Rates,https://www.cbn.gov.ng/api/GetAllNFEM_Rates,https://www.cbn.gov.ng/rates/ExchRateByCurrency.html,2026-08-14T07:03:10.424961Z
2024-12-05,NGA,Nigeria,NGN,Nigerian naira,1588.7939,USD,LCU_per_USD,official_nfem_vwap,Nigerian Foreign Exchange Market volume-weighted average official rate.,reported_public_series,CBN_NFEM_FX,Nigerian Foreign Exchange Market Rates,https://www.cbn.gov.ng/api/GetAllNFEM_Rates,https://www.cbn.gov.ng/rates/ExchRateByCurrency.html,2026-08-14T07:03:10.424961Z
2024-12-06,NGA,Nigeria,NGN,Nigerian naira,1533.7598,USD,LCU_per_USD,official_nfem_vwap,Nigerian Foreign Exchange Market volume-weighted average official rate.,reported_public_series,CBN_NFEM_FX,Nigerian Foreign Exchange Market Rates,https://www.cbn.gov.ng/api/GetAllNFEM_Rates,https://www.cbn.gov.ng/rates/ExchRateByCurrency.html,2026-08-14T07:03:10.424961Z
2024-12-09,NGA,Nigeria,NGN,Nigerian naira,1534.6771,USD,LCU_per_USD,official_nfem_vwap,Nigerian Foreign Exchange Market volume-weighted average official rate.,reported_public_series,CBN_NFEM_FX,Nigerian Foreign Exchange Market Rates,https://www.cbn.gov.ng/api/GetAllNFEM_Rates,https://www.cbn.gov.ng/rates/ExchRateByCurrency.html,2026-08-14T07:03:10.424961Z
2024-12-10,NGA,Nigeria,NGN,Nigerian naira,1532.1057,USD,LCU_per_USD,official_nfem_vwap,Nigerian Foreign Exchange Market volume-weighted average official rate.,reported_public_series,CBN_NFEM_FX,Nigerian Foreign Exchange Market Rates,https://www.cbn.gov.ng/api/GetAllNFEM_Rates,https://www.cbn.gov.ng/rates/ExchRateByCurrency.html,2026-08-14T07:03:10.424961Z
2024-12-11,NGA,Nigeria,NGN,Nigerian naira,1533.0936,USD,LCU_per_USD,official_nfem_vwap,Nigerian Foreign Exchange Market volume-weighted average official rate.,reported_public_series,CBN_NFEM_FX,Nigerian Foreign Exchange Market Rates,https://www.cbn.gov.ng/api/GetAllNFEM_Rates,https://www.cbn.gov.ng/rates/ExchRateByCurrency.html,2026-08-14T07:03:10.424961Z
2024-12-12,NGA,Nigeria,NGN,Nigerian naira,1534.6011,USD,LCU_per_USD,official_nfem_vwap,Nigerian Foreign Exchange Market volume-weighted average official rate.,reported_public_series,CBN_NFEM_FX,Nigerian Foreign Exchange Market Rates,https://www.cbn.gov.ng/api/GetAllNFEM_Rates,https://www.cbn.gov.ng/rates/ExchRateByCurrency.html,2026-08-14T07:03:10.424961Z
2024-12-13,NGA,Nigeria,NGN,Nigerian naira,1533.2747,USD,LCU_per_USD,official_nfem_vwap,Nigerian Foreign Exchange Market volume-weighted average official rate.,reported_public_series,CBN_NFEM_FX,Nigerian Foreign Exchange Market Rates,https://www.cbn.gov.ng/api/GetAllNFEM_Rates,https://www.cbn.gov.ng/rates/ExchRateByCurrency.html,2026-08-14T07:03:10.424961Z
2024-12-16,NGA,Nigeria,NGN,Nigerian naira,1533.5669,USD,LCU_per_USD,official_nfem_vwap,Nigerian Foreign Exchange Market volume-weighted average official rate.,reported_public_series,CBN_NFEM_FX,Nigerian Foreign Exchange Market Rates,https://www.cbn.gov.ng/api/GetAllNFEM_Rates,https://www.cbn.gov.ng/rates/ExchRateByCurrency.html,2026-08-14T07:03:10.424961Z
2024-12-17,NGA,Nigeria,NGN,Nigerian naira,1534.1055,USD,LCU_per_USD,official_nfem_vwap,Nigerian Foreign Exchange Market volume-weighted average official rate.,reported_public_series,CBN_NFEM_FX,Nigerian Foreign Exchange Market Rates,https://www.cbn.gov.ng/api/GetAllNFEM_Rates,https://www.cbn.gov.ng/rates/ExchRateByCurrency.html,2026-08-14T07:03:10.424961Z
2024-12-18,NGA,Nigeria,NGN,Nigerian naira,1538.878,USD,LCU_per_USD,official_nfem_vwap,Nigerian Foreign Exchange Market volume-weighted average official rate.,reported_public_series,CBN_NFEM_FX,Nigerian Foreign Exchange Market Rates,https://www.cbn.gov.ng/api/GetAllNFEM_Rates,https://www.cbn.gov.ng/rates/ExchRateByCurrency.html,2026-08-14T07:03:10.424961Z
2024-12-19,NGA,Nigeria,NGN,Nigerian naira,1537.4253,USD,LCU_per_USD,official_nfem_vwap,Nigerian Foreign Exchange Market volume-weighted average official rate.,reported_public_series,CBN_NFEM_FX,Nigerian Foreign Exchange Market Rates,https://www.cbn.gov.ng/api/GetAllNFEM_Rates,https://www.cbn.gov.ng/rates/ExchRateByCurrency.html,2026-08-14T07:03:10.424961Z
2024-12-20,NGA,Nigeria,NGN,Nigerian naira,1536.9275,USD,LCU_per_USD,official_nfem_vwap,Nigerian Foreign Exchange Market volume-weighted average official rate.,reported_public_series,CBN_NFEM_FX,Nigerian Foreign Exchange Market Rates,https://www.cbn.gov.ng/api/GetAllNFEM_Rates,https://www.cbn.gov.ng/rates/ExchRateByCurrency.html,2026-08-14T07:03:10.424961Z
2024-12-23,NGA,Nigeria,NGN,Nigerian naira,1535.7157,USD,LCU_per_USD,official_nfem_vwap,Nigerian Foreign Exchange Market volume-weighted average official rate.,reported_public_series,CBN_NFEM_FX,Nigerian Foreign Exchange Market Rates,https://www.cbn.gov.ng/api/GetAllNFEM_Rates,https://www.cbn.gov.ng/rates/ExchRateByCurrency.html,2026-08-14T07:03:10.424961Z
2024-12-24,NGA,Nigeria,NGN,Nigerian naira,1538.5728,USD,LCU_per_USD,official_nfem_vwap,Nigerian Foreign Exchange Market volume-weighted average official rate.,reported_public_series,CBN_NFEM_FX,Nigerian Foreign Exchange Market Rates,https://www.cbn.gov.ng/api/GetAllNFEM_Rates,https://www.cbn.gov.ng/rates/ExchRateByCurrency.html,2026-08-14T07:03:10.424961Z
2024-12-27,NGA,Nigeria,NGN,Nigerian naira,1538.3917,USD,LCU_per_USD,official_nfem_vwap,Nigerian Foreign Exchange Market volume-weighted average official rate.,reported_public_series,CBN_NFEM_FX,Nigerian Foreign Exchange Market Rates,https://www.cbn.gov.ng/api/GetAllNFEM_Rates,https://www.cbn.gov.ng/rates/ExchRateByCurrency.html,2026-08-14T07:03:10.424961Z
2024-12-30,NGA,Nigeria,NGN,Nigerian naira,1536.917,USD,LCU_per_USD,official_nfem_vwap,Nigerian Foreign Exchange Market volume-weighted average official rate.,reported_public_series,CBN_NFEM_FX,Nigerian Foreign Exchange Market Rates,https://www.cbn.gov.ng/api/GetAllNFEM_Rates,https://www.cbn.gov.ng/rates/ExchRateByCurrency.html,2026-08-14T07:03:10.424961Z
2024-12-31,NGA,Nigeria,NGN,Nigerian naira,1535.8175,USD,LCU_per_USD,official_nfem_vwap,Nigerian Foreign Exchange Market volume-weighted average official rate.,reported_public_series,CBN_NFEM_FX,Nigerian Foreign Exchange Market Rates,https://www.cbn.gov.ng/api/GetAllNFEM_Rates,https://www.cbn.gov.ng/rates/ExchRateByCurrency.html,2026-08-14T07:03:10.424961Z
2025-01-02,NGA,Nigeria,NGN,Nigerian naira,1541.3611,USD,LCU_per_USD,official_nfem_vwap,Nigerian Foreign Exchange Market volume-weighted average official rate.,reported_public_series,CBN_NFEM_FX,Nigerian Foreign Exchange Market Rates,https://www.cbn.gov.ng/api/GetAllNFEM_Rates,https://www.cbn.gov.ng/rates/ExchRateByCurrency.html,2026-08-14T07:03:10.424961Z
2025-01-03,NGA,Nigeria,NGN,Nigerian naira,1534.5585,USD,LCU_per_USD,official_nfem_vwap,Nigerian Foreign Exchange Market volume-weighted average official rate.,reported_public_series,CBN_NFEM_FX,Nigerian Foreign Exchange Market Rates,https://www.cbn.gov.ng/api/GetAllNFEM_Rates,https://www.cbn.gov.ng/rates/ExchRateByCurrency.html,2026-08-14T07:03:10.424961Z
2025-01-06,NGA,Nigeria,NGN,Nigerian naira,1533.6065,USD,LCU_per_USD,official_nfem_vwap,Nigerian Foreign Exchange Market volume-weighted average official rate.,reported_public_series,CBN_NFEM_FX,Nigerian Foreign Exchange Market Rates,https://www.cbn.gov.ng/api/GetAllNFEM_Rates,https://www.cbn.gov.ng/rates/ExchRateByCurrency.html,2026-08-14T07:03:10.424961Z
2025-01-07,NGA,Nigeria,NGN,Nigerian naira,1534.1643,USD,LCU_per_USD,official_nfem_vwap,Nigerian Foreign Exchange Market volume-weighted average official rate.,reported_public_series,CBN_NFEM_FX,Nigerian Foreign Exchange Market Rates,https://www.cbn.gov.ng/api/GetAllNFEM_Rates,https://www.cbn.gov.ng/rates/ExchRateByCurrency.html,2026-08-14T07:03:10.424961Z
2025-01-08,NGA,Nigeria,NGN,Nigerian naira,1539.3976,USD,LCU_per_USD,official_nfem_vwap,Nigerian Foreign Exchange Market volume-weighted average official rate.,reported_public_series,CBN_NFEM_FX,Nigerian Foreign Exchange Market Rates,https://www.cbn.gov.ng/api/GetAllNFEM_Rates,https://www.cbn.gov.ng/rates/ExchRateByCurrency.html,2026-08-14T07:03:10.424961Z
2025-01-09,NGA,Nigeria,NGN,Nigerian naira,1541.0559,USD,LCU_per_USD,official_nfem_vwap,Nigerian Foreign Exchange Market volume-weighted average official rate.,reported_public_series,CBN_NFEM_FX,Nigerian Foreign Exchange Market Rates,https://www.cbn.gov.ng/api/GetAllNFEM_Rates,https://www.cbn.gov.ng/rates/ExchRateByCurrency.html,2026-08-14T07:03:10.424961Z
2025-01-10,NGA,Nigeria,NGN,Nigerian naira,1542.0256,USD,LCU_per_USD,official_nfem_vwap,Nigerian Foreign Exchange Market volume-weighted average official rate.,reported_public_series,CBN_NFEM_FX,Nigerian Foreign Exchange Market Rates,https://www.cbn.gov.ng/api/GetAllNFEM_Rates,https://www.cbn.gov.ng/rates/ExchRateByCurrency.html,2026-08-14T07:03:10.424961Z
2025-01-13,NGA,Nigeria,NGN,Nigerian naira,1546.853,USD,LCU_per_USD,official_nfem_vwap,Nigerian Foreign Exchange Market volume-weighted average official rate.,reported_public_series,CBN_NFEM_FX,Nigerian Foreign Exchange Market Rates,https://www.cbn.gov.ng/api/GetAllNFEM_Rates,https://www.cbn.gov.ng/rates/ExchRateByCurrency.html,2026-08-14T07:03:10.424961Z
2025-01-14,NGA,Nigeria,NGN,Nigerian naira,1547.6695,USD,LCU_per_USD,official_nfem_vwap,Nigerian Foreign Exchange Market volume-weighted average official rate.,reported_public_series,CBN_NFEM_FX,Nigerian Foreign Exchange Market Rates,https://www.cbn.gov.ng/api/GetAllNFEM_Rates,https://www.cbn.gov.ng/rates/ExchRateByCurrency.html,2026-08-14T07:03:10.424961Z
2025-01-15,NGA,Nigeria,NGN,Nigerian naira,1549.2019,USD,LCU_per_USD,official_nfem_vwap,Nigerian Foreign Exchange Market volume-weighted average official rate.,reported_public_series,CBN_NFEM_FX,Nigerian Foreign Exchange Market Rates,https://www.cbn.gov.ng/api/GetAllNFEM_Rates,https://www.cbn.gov.ng/rates/ExchRateByCurrency.html,2026-08-14T07:03:10.424961Z
2025-01-16,NGA,Nigeria,NGN,Nigerian naira,1549.95,USD,LCU_per_USD,official_nfem_vwap,Nigerian Foreign Exchange Market volume-weighted average official rate.,reported_public_series,CBN_NFEM_FX,Nigerian Foreign Exchange Market Rates,https://www.cbn.gov.ng/api/GetAllNFEM_Rates,https://www.cbn.gov.ng/rates/ExchRateByCurrency.html,2026-08-14T07:03:10.424961Z
2025-01-17,NGA,Nigeria,NGN,Nigerian naira,1546.7212,USD,LCU_per_USD,official_nfem_vwap,Nigerian Foreign Exchange Market volume-weighted average official rate.,reported_public_series,CBN_NFEM_FX,Nigerian Foreign Exchange Market Rates,https://www.cbn.gov.ng/api/GetAllNFEM_Rates,https://www.cbn.gov.ng/rates/ExchRateByCurrency.html,2026-08-14T07:03:10.424961Z
2025-01-20,NGA,Nigeria,NGN,Nigerian naira,1547.9989,USD,LCU_per_USD,official_nfem_vwap,Nigerian Foreign Exchange Market volume-weighted average official rate.,reported_public_series,CBN_NFEM_FX,Nigerian Foreign Exchange Market Rates,https://www.cbn.gov.ng/api/GetAllNFEM_Rates,https://www.cbn.gov.ng/rates/ExchRateByCurrency.html,2026-08-14T07:03:10.424961Z
2025-01-21,NGA,Nigeria,NGN,Nigerian naira,1551.2508,USD,LCU_per_USD,official_nfem_vwap,Nigerian Foreign Exchange Market volume-weighted average official rate.,reported_public_series,CBN_NFEM_FX,Nigerian Foreign Exchange Market Rates,https://www.cbn.gov.ng/api/GetAllNFEM_Rates,https://www.cbn.gov.ng/rates/ExchRateByCurrency.html,2026-08-14T07:03:10.424961Z
2025-01-22,NGA,Nigeria,NGN,Nigerian naira,1551.9172,USD,LCU_per_USD,official_nfem_vwap,Nigerian Foreign Exchange Market volume-weighted average official rate.,reported_public_series,CBN_NFEM_FX,Nigerian Foreign Exchange Market Rates,https://www.cbn.gov.ng/api/GetAllNFEM_Rates,https://www.cbn.gov.ng/rates/ExchRateByCurrency.html,2026-08-14T07:03:10.424961Z
2025-01-23,NGA,Nigeria,NGN,Nigerian naira,1550.4787,USD,LCU_per_USD,official_nfem_vwap,Nigerian Foreign Exchange Market volume-weighted average official rate.,reported_public_series,CBN_NFEM_FX,Nigerian Foreign Exchange Market Rates,https://www.cbn.gov.ng/api/GetAllNFEM_Rates,https://www.cbn.gov.ng/rates/ExchRateByCurrency.html,2026-08-14T07:03:10.424961Z
2025-01-24,NGA,Nigeria,NGN,Nigerian naira,1533.263,USD,LCU_per_USD,official_nfem_vwap,Nigerian Foreign Exchange Market volume-weighted average official rate.,reported_public_series,CBN_NFEM_FX,Nigerian Foreign Exchange Market Rates,https://www.cbn.gov.ng/api/GetAllNFEM_Rates,https://www.cbn.gov.ng/rates/ExchRateByCurrency.html,2026-08-14T07:03:10.424961Z
2025-01-27,NGA,Nigeria,NGN,Nigerian naira,1534.5483,USD,LCU_per_USD,official_nfem_vwap,Nigerian Foreign Exchange Market volume-weighted average official rate.,reported_public_series,CBN_NFEM_FX,Nigerian Foreign Exchange Market Rates,https://www.cbn.gov.ng/api/GetAllNFEM_Rates,https://www.cbn.gov.ng/rates/ExchRateByCurrency.html,2026-08-14T07:03:10.424961Z
2025-01-28,NGA,Nigeria,NGN,Nigerian naira,1527.3959,USD,LCU_per_USD,official_nfem_vwap,Nigerian Foreign Exchange Market volume-weighted average official rate.,reported_public_series,CBN_NFEM_FX,Nigerian Foreign Exchange Market Rates,https://www.cbn.gov.ng/api/GetAllNFEM_Rates,https://www.cbn.gov.ng/rates/ExchRateByCurrency.html,2026-08-14T07:03:10.424961Z
2025-01-29,NGA,Nigeria,NGN,Nigerian naira,1508.4,USD,LCU_per_USD,official_nfem_vwap,Nigerian Foreign Exchange Market volume-weighted average official rate.,reported_public_series,CBN_NFEM_FX,Nigerian Foreign Exchange Market Rates,https://www.cbn.gov.ng/api/GetAllNFEM_Rates,https://www.cbn.gov.ng/rates/ExchRateByCurrency.html,2026-08-14T07:03:10.424961Z
2025-01-30,NGA,Nigeria,NGN,Nigerian naira,1500.7785,USD,LCU_per_USD,official_nfem_vwap,Nigerian Foreign Exchange Market volume-weighted average official rate.,reported_public_series,CBN_NFEM_FX,Nigerian Foreign Exchange Market Rates,https://www.cbn.gov.ng/api/GetAllNFEM_Rates,https://www.cbn.gov.ng/rates/ExchRateByCurrency.html,2026-08-14T07:03:10.424961Z
2025-01-31,NGA,Nigeria,NGN,Nigerian naira,1478.22,USD,LCU_per_USD,official_nfem_vwap,Nigerian Foreign Exchange Market volume-weighted average official rate.,reported_public_series,CBN_NFEM_FX,Nigerian Foreign Exchange Market Rates,https://www.cbn.gov.ng/api/GetAllNFEM_Rates,https://www.cbn.gov.ng/rates/ExchRateByCurrency.html,2026-08-14T07:03:10.424961Z
2025-02-03,NGA,Nigeria,NGN,Nigerian naira,1488.99,USD,LCU_per_USD,official_nfem_vwap,Nigerian Foreign Exchange Market volume-weighted average official rate.,reported_public_series,CBN_NFEM_FX,Nigerian Foreign Exchange Market Rates,https://www.cbn.gov.ng/api/GetAllNFEM_Rates,https://www.cbn.gov.ng/rates/ExchRateByCurrency.html,2026-08-14T07:03:10.424961Z
2025-02-04,NGA,Nigeria,NGN,Nigerian naira,1497.41,USD,LCU_per_USD,official_nfem_vwap,Nigerian Foreign Exchange Market volume-weighted average official rate.,reported_public_series,CBN_NFEM_FX,Nigerian Foreign Exchange Market Rates,https://www.cbn.gov.ng/api/GetAllNFEM_Rates,https://www.cbn.gov.ng/rates/ExchRateByCurrency.html,2026-08-14T07:03:10.424961Z
2025-02-05,NGA,Nigeria,NGN,Nigerian naira,1499.14,USD,LCU_per_USD,official_nfem_vwap,Nigerian Foreign Exchange Market volume-weighted average official rate.,reported_public_series,CBN_NFEM_FX,Nigerian Foreign Exchange Market Rates,https://www.cbn.gov.ng/api/GetAllNFEM_Rates,https://www.cbn.gov.ng/rates/ExchRateByCurrency.html,2026-08-14T07:03:10.424961Z
2025-02-06,NGA,Nigeria,NGN,Nigerian naira,1499.982,USD,LCU_per_USD,official_nfem_vwap,Nigerian Foreign Exchange Market volume-weighted average official rate.,reported_public_series,CBN_NFEM_FX,Nigerian Foreign Exchange Market Rates,https://www.cbn.gov.ng/api/GetAllNFEM_Rates,https://www.cbn.gov.ng/rates/ExchRateByCurrency.html,2026-08-14T07:03:10.424961Z
2025-02-07,NGA,Nigeria,NGN,Nigerian naira,1500.41,USD,LCU_per_USD,official_nfem_vwap,Nigerian Foreign Exchange Market volume-weighted average official rate.,reported_public_series,CBN_NFEM_FX,Nigerian Foreign Exchange Market Rates,https://www.cbn.gov.ng/api/GetAllNFEM_Rates,https://www.cbn.gov.ng/rates/ExchRateByCurrency.html,2026-08-14T07:03:10.424961Z
2025-02-10,NGA,Nigeria,NGN,Nigerian naira,1499.78,USD,LCU_per_USD,official_nfem_vwap,Nigerian Foreign Exchange Market volume-weighted average official rate.,reported_public_series,CBN_NFEM_FX,Nigerian Foreign Exchange Market Rates,https://www.cbn.gov.ng/api/GetAllNFEM_Rates,https://www.cbn.gov.ng/rates/ExchRateByCurrency.html,2026-08-14T07:03:10.424961Z
2025-02-11,NGA,Nigeria,NGN,Nigerian naira,1503.0718,USD,LCU_per_USD,official_nfem_vwap,Nigerian Foreign Exchange Market volume-weighted average official rate.,reported_public_series,CBN_NFEM_FX,Nigerian Foreign Exchange Market Rates,https://www.cbn.gov.ng/api/GetAllNFEM_Rates,https://www.cbn.gov.ng/rates/ExchRateByCurrency.html,2026-08-14T07:03:10.424961Z
2025-02-12,NGA,Nigeria,NGN,Nigerian naira,1504.3,USD,LCU_per_USD,official_nfem_vwap,Nigerian Foreign Exchange Market volume-weighted average official rate.,reported_public_series,CBN_NFEM_FX,Nigerian Foreign Exchange Market Rates,https://www.cbn.gov.ng/api/GetAllNFEM_Rates,https://www.cbn.gov.ng/rates/ExchRateByCurrency.html,2026-08-14T07:03:10.424961Z
2025-02-13,NGA,Nigeria,NGN,Nigerian naira,1507.88,USD,LCU_per_USD,official_nfem_vwap,Nigerian Foreign Exchange Market volume-weighted average official rate.,reported_public_series,CBN_NFEM_FX,Nigerian Foreign Exchange Market Rates,https://www.cbn.gov.ng/api/GetAllNFEM_Rates,https://www.cbn.gov.ng/rates/ExchRateByCurrency.html,2026-08-14T07:03:10.424961Z
2025-02-14,NGA,Nigeria,NGN,Nigerian naira,1508.6637,USD,LCU_per_USD,official_nfem_vwap,Nigerian Foreign Exchange Market volume-weighted average official rate.,reported_public_series,CBN_NFEM_FX,Nigerian Foreign Exchange Market Rates,https://www.cbn.gov.ng/api/GetAllNFEM_Rates,https://www.cbn.gov.ng/rates/ExchRateByCurrency.html,2026-08-14T07:03:10.424961Z
2025-02-17,NGA,Nigeria,NGN,Nigerian naira,1508.5889,USD,LCU_per_USD,official_nfem_vwap,Nigerian Foreign Exchange Market volume-weighted average official rate.,reported_public_series,CBN_NFEM_FX,Nigerian Foreign Exchange Market Rates,https://www.cbn.gov.ng/api/GetAllNFEM_Rates,https://www.cbn.gov.ng/rates/ExchRateByCurrency.html,2026-08-14T07:03:10.424961Z
2025-02-18,NGA,Nigeria,NGN,Nigerian naira,1507.223,USD,LCU_per_USD,official_nfem_vwap,Nigerian Foreign Exchange Market volume-weighted average official rate.,reported_public_series,CBN_NFEM_FX,Nigerian Foreign Exchange Market Rates,https://www.cbn.gov.ng/api/GetAllNFEM_Rates,https://www.cbn.gov.ng/rates/ExchRateByCurrency.html,2026-08-14T07:03:10.424961Z
2025-02-19,NGA,Nigeria,NGN,Nigerian naira,1509.0387,USD,LCU_per_USD,official_nfem_vwap,Nigerian Foreign Exchange Market volume-weighted average official rate.,reported_public_series,CBN_NFEM_FX,Nigerian Foreign Exchange Market Rates,https://www.cbn.gov.ng/api/GetAllNFEM_Rates,https://www.cbn.gov.ng/rates/ExchRateByCurrency.html,2026-08-14T07:03:10.424961Z
2025-02-20,NGA,Nigeria,NGN,Nigerian naira,1500.524,USD,LCU_per_USD,official_nfem_vwap,Nigerian Foreign Exchange Market volume-weighted average official rate.,reported_public_series,CBN_NFEM_FX,Nigerian Foreign Exchange Market Rates,https://www.cbn.gov.ng/api/GetAllNFEM_Rates,https://www.cbn.gov.ng/rates/ExchRateByCurrency.html,2026-08-14T07:03:10.424961Z
2025-02-21,NGA,Nigeria,NGN,Nigerian naira,1500.7304,USD,LCU_per_USD,official_nfem_vwap,Nigerian Foreign Exchange Market volume-weighted average official rate.,reported_public_series,CBN_NFEM_FX,Nigerian Foreign Exchange Market Rates,https://www.cbn.gov.ng/api/GetAllNFEM_Rates,https://www.cbn.gov.ng/rates/ExchRateByCurrency.html,2026-08-14T07:03:10.424961Z
2025-02-24,NGA,Nigeria,NGN,Nigerian naira,1497.11,USD,LCU_per_USD,official_nfem_vwap,Nigerian Foreign Exchange Market volume-weighted average official rate.,reported_public_series,CBN_NFEM_FX,Nigerian Foreign Exchange Market Rates,https://www.cbn.gov.ng/api/GetAllNFEM_Rates,https://www.cbn.gov.ng/rates/ExchRateByCurrency.html,2026-08-14T07:03:10.424961Z
2025-02-25,NGA,Nigeria,NGN,Nigerian naira,1495.91,USD,LCU_per_USD,official_nfem_vwap,Nigerian Foreign Exchange Market volume-weighted average official rate.,reported_public_series,CBN_NFEM_FX,Nigerian Foreign Exchange Market Rates,https://www.cbn.gov.ng/api/GetAllNFEM_Rates,https://www.cbn.gov.ng/rates/ExchRateByCurrency.html,2026-08-14T07:03:10.424961Z
2025-02-26,NGA,Nigeria,NGN,Nigerian naira,1499.11,USD,LCU_per_USD,official_nfem_vwap,Nigerian Foreign Exchange Market volume-weighted average official rate.,reported_public_series,CBN_NFEM_FX,Nigerian Foreign Exchange Market Rates,https://www.cbn.gov.ng/api/GetAllNFEM_Rates,https://www.cbn.gov.ng/rates/ExchRateByCurrency.html,2026-08-14T07:03:10.424961Z
2025-02-27,NGA,Nigeria,NGN,Nigerian naira,1499.07,USD,LCU_per_USD,official_nfem_vwap,Nigerian Foreign Exchange Market volume-weighted average official rate.,reported_public_series,CBN_NFEM_FX,Nigerian Foreign Exchange Market Rates,https://www.cbn.gov.ng/api/GetAllNFEM_Rates,https://www.cbn.gov.ng/rates/ExchRateByCurrency.html,2026-08-14T07:03:10.424961Z
2025-02-28,NGA,Nigeria,NGN,Nigerian naira,1492.49,USD,LCU_per_USD,official_nfem_vwap,Nigerian Foreign Exchange Market volume-weighted average official rate.,reported_public_series,CBN_NFEM_FX,Nigerian Foreign Exchange Market Rates,https://www.cbn.gov.ng/api/GetAllNFEM_Rates,https://www.cbn.gov.ng/rates/ExchRateByCurrency.html,2026-08-14T07:03:10.424961Z
2025-03-03,NGA,Nigeria,NGN,Nigerian naira,1498.98,USD,LCU_per_USD,official_nfem_vwap,Nigerian Foreign Exchange Market volume-weighted average official rate.,reported_public_series,CBN_NFEM_FX,Nigerian Foreign Exchange Market Rates,https://www.cbn.gov.ng/api/GetAllNFEM_Rates,https://www.cbn.gov.ng/rates/ExchRateByCurrency.html,2026-08-14T07:03:10.424961Z
2025-03-04,NGA,Nigeria,NGN,Nigerian naira,1491.67,USD,LCU_per_USD,official_nfem_vwap,Nigerian Foreign Exchange Market volume-weighted average official rate.,reported_public_series,CBN_NFEM_FX,Nigerian Foreign Exchange Market Rates,https://www.cbn.gov.ng/api/GetAllNFEM_Rates,https://www.cbn.gov.ng/rates/ExchRateByCurrency.html,2026-08-14T07:03:10.424961Z
2025-03-05,NGA,Nigeria,NGN,Nigerian naira,1500.8,USD,LCU_per_USD,official_nfem_vwap,Nigerian Foreign Exchange Market volume-weighted average official rate.,reported_public_series,CBN_NFEM_FX,Nigerian Foreign Exchange Market Rates,https://www.cbn.gov.ng/api/GetAllNFEM_Rates,https://www.cbn.gov.ng/rates/ExchRateByCurrency.html,2026-08-14T07:03:10.424961Z
2025-03-06,NGA,Nigeria,NGN,Nigerian naira,1512.3,USD,LCU_per_USD,official_nfem_vwap,Nigerian Foreign Exchange Market volume-weighted average official rate.,reported_public_series,CBN_NFEM_FX,Nigerian Foreign Exchange Market Rates,https://www.cbn.gov.ng/api/GetAllNFEM_Rates,https://www.cbn.gov.ng/rates/ExchRateByCurrency.html,2026-08-14T07:03:10.424961Z
2025-03-07,NGA,Nigeria,NGN,Nigerian naira,1517.2448,USD,LCU_per_USD,official_nfem_vwap,Nigerian Foreign Exchange Market volume-weighted average official rate.,reported_public_series,CBN_NFEM_FX,Nigerian Foreign Exchange Market Rates,https://www.cbn.gov.ng/api/GetAllNFEM_Rates,https://www.cbn.gov.ng/rates/ExchRateByCurrency.html,2026-08-14T07:03:10.424961Z
2025-03-10,NGA,Nigeria,NGN,Nigerian naira,1530.15,USD,LCU_per_USD,official_nfem_vwap,Nigerian Foreign Exchange Market volume-weighted average official rate.,reported_public_series,CBN_NFEM_FX,Nigerian Foreign Exchange Market Rates,https://www.cbn.gov.ng/api/GetAllNFEM_Rates,https://www.cbn.gov.ng/rates/ExchRateByCurrency.html,2026-08-14T07:03:10.424961Z
2025-03-11,NGA,Nigeria,NGN,Nigerian naira,1536.1532,USD,LCU_per_USD,official_nfem_vwap,Nigerian Foreign Exchange Market volume-weighted average official rate.,reported_public_series,CBN_NFEM_FX,Nigerian Foreign Exchange Market Rates,https://www.cbn.gov.ng/api/GetAllNFEM_Rates,https://www.cbn.gov.ng/rates/ExchRateByCurrency.html,2026-08-14T07:03:10.424961Z
2025-03-12,NGA,Nigeria,NGN,Nigerian naira,1538.6807,USD,LCU_per_USD,official_nfem_vwap,Nigerian Foreign Exchange Market volume-weighted average official rate.,reported_public_series,CBN_NFEM_FX,Nigerian Foreign Exchange Market Rates,https://www.cbn.gov.ng/api/GetAllNFEM_Rates,https://www.cbn.gov.ng/rates/ExchRateByCurrency.html,2026-08-14T07:03:10.424961Z
2025-03-13,NGA,Nigeria,NGN,Nigerian naira,1547.819,USD,LCU_per_USD,official_nfem_vwap,Nigerian Foreign Exchange Market volume-weighted average official rate.,reported_public_series,CBN_NFEM_FX,Nigerian Foreign Exchange Market Rates,https://www.cbn.gov.ng/api/GetAllNFEM_Rates,https://www.cbn.gov.ng/rates/ExchRateByCurrency.html,2026-08-14T07:03:10.424961Z
2025-03-14,NGA,Nigeria,NGN,Nigerian naira,1517.93,USD,LCU_per_USD,official_nfem_vwap,Nigerian Foreign Exchange Market volume-weighted average official rate.,reported_public_series,CBN_NFEM_FX,Nigerian Foreign Exchange Market Rates,https://www.cbn.gov.ng/api/GetAllNFEM_Rates,https://www.cbn.gov.ng/rates/ExchRateByCurrency.html,2026-08-14T07:03:10.424961Z
2025-03-17,NGA,Nigeria,NGN,Nigerian naira,1528.03,USD,LCU_per_USD,official_nfem_vwap,Nigerian Foreign Exchange Market volume-weighted average official rate.,reported_public_series,CBN_NFEM_FX,Nigerian Foreign Exchange Market Rates,https://www.cbn.gov.ng/api/GetAllNFEM_Rates,https://www.cbn.gov.ng/rates/ExchRateByCurrency.html,2026-08-14T07:03:10.424961Z
2025-03-18,NGA,Nigeria,NGN,Nigerian naira,1532.93,USD,LCU_per_USD,official_nfem_vwap,Nigerian Foreign Exchange Market volume-weighted average official rate.,reported_public_series,CBN_NFEM_FX,Nigerian Foreign Exchange Market Rates,https://www.cbn.gov.ng/api/GetAllNFEM_Rates,https://www.cbn.gov.ng/rates/ExchRateByCurrency.html,2026-08-14T07:03:10.424961Z
2025-03-19,NGA,Nigeria,NGN,Nigerian naira,1530.52,USD,LCU_per_USD,official_nfem_vwap,Nigerian Foreign Exchange Market volume-weighted average official rate.,reported_public_series,CBN_NFEM_FX,Nigerian Foreign Exchange Market Rates,https://www.cbn.gov.ng/api/GetAllNFEM_Rates,https://www.cbn.gov.ng/rates/ExchRateByCurrency.html,2026-08-14T07:03:10.424961Z
2025-03-20,NGA,Nigeria,NGN,Nigerian naira,1530.62,USD,LCU_per_USD,official_nfem_vwap,Nigerian Foreign Exchange Market volume-weighted average official rate.,reported_public_series,CBN_NFEM_FX,Nigerian Foreign Exchange Market Rates,https://www.cbn.gov.ng/api/GetAllNFEM_Rates,https://www.cbn.gov.ng/rates/ExchRateByCurrency.html,2026-08-14T07:03:10.424961Z
2025-03-21,NGA,Nigeria,NGN,Nigerian naira,1536.89,USD,LCU_per_USD,official_nfem_vwap,Nigerian Foreign Exchange Market volume-weighted average official rate.,reported_public_series,CBN_NFEM_FX,Nigerian Foreign Exchange Market Rates,https://www.cbn.gov.ng/api/GetAllNFEM_Rates,https://www.cbn.gov.ng/rates/ExchRateByCurrency.html,2026-08-14T07:03:10.424961Z
2025-03-24,NGA,Nigeria,NGN,Nigerian naira,1531.19,USD,LCU_per_USD,official_nfem_vwap,Nigerian Foreign Exchange Market volume-weighted average official rate.,reported_public_series,CBN_NFEM_FX,Nigerian Foreign Exchange Market Rates,https://www.cbn.gov.ng/api/GetAllNFEM_Rates,https://www.cbn.gov.ng/rates/ExchRateByCurrency.html,2026-08-14T07:03:10.424961Z
2025-03-25,NGA,Nigeria,NGN,Nigerian naira,1532.39,USD,LCU_per_USD,official_nfem_vwap,Nigerian Foreign Exchange Market volume-weighted average official rate.,reported_public_series,CBN_NFEM_FX,Nigerian Foreign Exchange Market Rates,https://www.cbn.gov.ng/api/GetAllNFEM_Rates,https://www.cbn.gov.ng/rates/ExchRateByCurrency.html,2026-08-14T07:03:10.424961Z
2025-03-26,NGA,Nigeria,NGN,Nigerian naira,1537.62,USD,LCU_per_USD,official_nfem_vwap,Nigerian Foreign Exchange Market volume-weighted average official rate.,reported_public_series,CBN_NFEM_FX,Nigerian Foreign Exchange Market Rates,https://www.cbn.gov.ng/api/GetAllNFEM_Rates,https://www.cbn.gov.ng/rates/ExchRateByCurrency.html,2026-08-14T07:03:10.424961Z
2025-03-27,NGA,Nigeria,NGN,Nigerian naira,1538.66,USD,LCU_per_USD,official_nfem_vwap,Nigerian Foreign Exchange Market volume-weighted average official rate.,reported_public_series,CBN_NFEM_FX,Nigerian Foreign Exchange Market Rates,https://www.cbn.gov.ng/api/GetAllNFEM_Rates,https://www.cbn.gov.ng/rates/ExchRateByCurrency.html,2026-08-14T07:03:10.424961Z
2025-03-28,NGA,Nigeria,NGN,Nigerian naira,1536.82,USD,LCU_per_USD,official_nfem_vwap,Nigerian Foreign Exchange Market volume-weighted average official rate.,reported_public_series,CBN_NFEM_FX,Nigerian Foreign Exchange Market Rates,https://www.cbn.gov.ng/api/GetAllNFEM_Rates,https://www.cbn.gov.ng/rates/ExchRateByCurrency.html,2026-08-14T07:03:10.424961Z
2025-04-02,NGA,Nigeria,NGN,Nigerian naira,1531.25,USD,LCU_per_USD,official_nfem_vwap,Nigerian Foreign Exchange Market volume-weighted average official rate.,reported_public_series,CBN_NFEM_FX,Nigerian Foreign Exchange Market Rates,https://www.cbn.gov.ng/api/GetAllNFEM_Rates,https://www.cbn.gov.ng/rates/ExchRateByCurrency.html,2026-08-14T07:03:10.424961Z
2025-04-03,NGA,Nigeria,NGN,Nigerian naira,1552.53,USD,LCU_per_USD,official_nfem_vwap,Nigerian Foreign Exchange Market volume-weighted average official rate.,reported_public_series,CBN_NFEM_FX,Nigerian Foreign Exchange Market Rates,https://www.cbn.gov.ng/api/GetAllNFEM_Rates,https://www.cbn.gov.ng/rates/ExchRateByCurrency.html,2026-08-14T07:03:10.424961Z
2025-04-04,NGA,Nigeria,NGN,Nigerian naira,1567.02,USD,LCU_per_USD,official_nfem_vwap,Nigerian Foreign Exchange Market volume-weighted average official rate.,reported_public_series,CBN_NFEM_FX,Nigerian Foreign Exchange Market Rates,https://www.cbn.gov.ng/api/GetAllNFEM_Rates,https://www.cbn.gov.ng/rates/ExchRateByCurrency.html,2026-08-14T07:03:10.424961Z
2025-04-07,NGA,Nigeria,NGN,Nigerian naira,1612.2368,USD,LCU_per_USD,official_nfem_vwap,Nigerian Foreign Exchange Market volume-weighted average official rate.,reported_public_series,CBN_NFEM_FX,Nigerian Foreign Exchange Market Rates,https://www.cbn.gov.ng/api/GetAllNFEM_Rates,https://www.cbn.gov.ng/rates/ExchRateByCurrency.html,2026-08-14T07:03:10.424961Z
2025-04-08,NGA,Nigeria,NGN,Nigerian naira,1611.5535,USD,LCU_per_USD,official_nfem_vwap,Nigerian Foreign Exchange Market volume-weighted average official rate.,reported_public_series,CBN_NFEM_FX,Nigerian Foreign Exchange Market Rates,https://www.cbn.gov.ng/api/GetAllNFEM_Rates,https://www.cbn.gov.ng/rates/ExchRateByCurrency.html,2026-08-14T07:03:10.424961Z
2025-04-09,NGA,Nigeria,NGN,Nigerian naira,1629.9366,USD,LCU_per_USD,official_nfem_vwap,Nigerian Foreign Exchange Market volume-weighted average official rate.,reported_public_series,CBN_NFEM_FX,Nigerian Foreign Exchange Market Rates,https://www.cbn.gov.ng/api/GetAllNFEM_Rates,https://www.cbn.gov.ng/rates/ExchRateByCurrency.html,2026-08-14T07:03:10.424961Z
2025-04-10,NGA,Nigeria,NGN,Nigerian naira,1591.8496,USD,LCU_per_USD,official_nfem_vwap,Nigerian Foreign Exchange Market volume-weighted average official rate.,reported_public_series,CBN_NFEM_FX,Nigerian Foreign Exchange Market Rates,https://www.cbn.gov.ng/api/GetAllNFEM_Rates,https://www.cbn.gov.ng/rates/ExchRateByCurrency.html,2026-08-14T07:03:10.424961Z
2025-04-11,NGA,Nigeria,NGN,Nigerian naira,1603.7832,USD,LCU_per_USD,official_nfem_vwap,Nigerian Foreign Exchange Market volume-weighted average official rate.,reported_public_series,CBN_NFEM_FX,Nigerian Foreign Exchange Market Rates,https://www.cbn.gov.ng/api/GetAllNFEM_Rates,https://www.cbn.gov.ng/rates/ExchRateByCurrency.html,2026-08-14T07:03:10.424961Z
2025-04-14,NGA,Nigeria,NGN,Nigerian naira,1604.4809,USD,LCU_per_USD,official_nfem_vwap,Nigerian Foreign Exchange Market volume-weighted average official rate.,reported_public_series,CBN_NFEM_FX,Nigerian Foreign Exchange Market Rates,https://www.cbn.gov.ng/api/GetAllNFEM_Rates,https://www.cbn.gov.ng/rates/ExchRateByCurrency.html,2026-08-14T07:03:10.424961Z
2025-04-15,NGA,Nigeria,NGN,Nigerian naira,1598.9548,USD,LCU_per_USD,official_nfem_vwap,Nigerian Foreign Exchange Market volume-weighted average official rate.,reported_public_series,CBN_NFEM_FX,Nigerian Foreign Exchange Market Rates,https://www.cbn.gov.ng/api/GetAllNFEM_Rates,https://www.cbn.gov.ng/rates/ExchRateByCurrency.html,2026-08-14T07:03:10.424961Z
2025-04-16,NGA,Nigeria,NGN,Nigerian naira,1599.7991,USD,LCU_per_USD,official_nfem_vwap,Nigerian Foreign Exchange Market volume-weighted average official rate.,reported_public_series,CBN_NFEM_FX,Nigerian Foreign Exchange Market Rates,https://www.cbn.gov.ng/api/GetAllNFEM_Rates,https://www.cbn.gov.ng/rates/ExchRateByCurrency.html,2026-08-14T07:03:10.424961Z
2025-04-17,NGA,Nigeria,NGN,Nigerian naira,1599.9384,USD,LCU_per_USD,official_nfem_vwap,Nigerian Foreign Exchange Market volume-weighted average official rate.,reported_public_series,CBN_NFEM_FX,Nigerian Foreign Exchange Market Rates,https://www.cbn.gov.ng/api/GetAllNFEM_Rates,https://www.cbn.gov.ng/rates/ExchRateByCurrency.html,2026-08-14T07:03:10.424961Z
2025-04-22,NGA,Nigeria,NGN,Nigerian naira,1602.6318,USD,LCU_per_USD,official_nfem_vwap,Nigerian Foreign Exchange Market volume-weighted average official rate.,reported_public_series,CBN_NFEM_FX,Nigerian Foreign Exchange Market Rates,https://www.cbn.gov.ng/api/GetAllNFEM_Rates,https://www.cbn.gov.ng/rates/ExchRateByCurrency.html,2026-08-14T07:03:10.424961Z
2025-04-23,NGA,Nigeria,NGN,Nigerian naira,1602.3043,USD,LCU_per_USD,official_nfem_vwap,Nigerian Foreign Exchange Market volume-weighted average official rate.,reported_public_series,CBN_NFEM_FX,Nigerian Foreign Exchange Market Rates,https://www.cbn.gov.ng/api/GetAllNFEM_Rates,https://www.cbn.gov.ng/rates/ExchRateByCurrency.html,2026-08-14T07:03:10.424961Z
2025-04-24,NGA,Nigeria,NGN,Nigerian naira,1601.8226,USD,LCU_per_USD,official_nfem_vwap,Nigerian Foreign Exchange Market volume-weighted average official rate.,reported_public_series,CBN_NFEM_FX,Nigerian Foreign Exchange Market Rates,https://www.cbn.gov.ng/api/GetAllNFEM_Rates,https://www.cbn.gov.ng/rates/ExchRateByCurrency.html,2026-08-14T07:03:10.424961Z
2025-04-25,NGA,Nigeria,NGN,Nigerian naira,1599.5491,USD,LCU_per_USD,official_nfem_vwap,Nigerian Foreign Exchange Market volume-weighted average official rate.,reported_public_series,CBN_NFEM_FX,Nigerian Foreign Exchange Market Rates,https://www.cbn.gov.ng/api/GetAllNFEM_Rates,https://www.cbn.gov.ng/rates/ExchRateByCurrency.html,2026-08-14T07:03:10.424961Z
2025-04-28,NGA,Nigeria,NGN,Nigerian naira,1599.9452,USD,LCU_per_USD,official_nfem_vwap,Nigerian Foreign Exchange Market volume-weighted average official rate.,reported_public_series,CBN_NFEM_FX,Nigerian Foreign Exchange Market Rates,https://www.cbn.gov.ng/api/GetAllNFEM_Rates,https://www.cbn.gov.ng/rates/ExchRateByCurrency.html,2026-08-14T07:03:10.424961Z
2025-04-29,NGA,Nigeria,NGN,Nigerian naira,1599.7055,USD,LCU_per_USD,official_nfem_vwap,Nigerian Foreign Exchange Market volume-weighted average official rate.,reported_public_series,CBN_NFEM_FX,Nigerian Foreign Exchange Market Rates,https://www.cbn.gov.ng/api/GetAllNFEM_Rates,https://www.cbn.gov.ng/rates/ExchRateByCurrency.html,2026-08-14T07:03:10.424961Z
2025-04-30,NGA,Nigeria,NGN,Nigerian naira,1596.6891,USD,LCU_per_USD,official_nfem_vwap,Nigerian Foreign Exchange Market volume-weighted average official rate.,reported_public_series,CBN_NFEM_FX,Nigerian Foreign Exchange Market Rates,https://www.cbn.gov.ng/api/GetAllNFEM_Rates,https://www.cbn.gov.ng/rates/ExchRateByCurrency.html,2026-08-14T07:03:10.424961Z
2025-05-02,NGA,Nigeria,NGN,Nigerian naira,1602.1811,USD,LCU_per_USD,official_nfem_vwap,Nigerian Foreign Exchange Market volume-weighted average official rate.,reported_public_series,CBN_NFEM_FX,Nigerian Foreign Exchange Market Rates,https://www.cbn.gov.ng/api/GetAllNFEM_Rates,https://www.cbn.gov.ng/rates/ExchRateByCurrency.html,2026-08-14T07:03:10.424961Z
2025-05-05,NGA,Nigeria,NGN,Nigerian naira,1605.6284,USD,LCU_per_USD,official_nfem_vwap,Nigerian Foreign Exchange Market volume-weighted average official rate.,reported_public_series,CBN_NFEM_FX,Nigerian Foreign Exchange Market Rates,https://www.cbn.gov.ng/api/GetAllNFEM_Rates,https://www.cbn.gov.ng/rates/ExchRateByCurrency.html,2026-08-14T07:03:10.424961Z
2025-05-06,NGA,Nigeria,NGN,Nigerian naira,1606.6413,USD,LCU_per_USD,official_nfem_vwap,Nigerian Foreign Exchange Market volume-weighted average official rate.,reported_public_series,CBN_NFEM_FX,Nigerian Foreign Exchange Market Rates,https://www.cbn.gov.ng/api/GetAllNFEM_Rates,https://www.cbn.gov.ng/rates/ExchRateByCurrency.html,2026-08-14T07:03:10.424961Z
2025-05-07,NGA,Nigeria,NGN,Nigerian naira,1608.6036,USD,LCU_per_USD,official_nfem_vwap,Nigerian Foreign Exchange Market volume-weighted average official rate.,reported_public_series,CBN_NFEM_FX,Nigerian Foreign Exchange Market Rates,https://www.cbn.gov.ng/api/GetAllNFEM_Rates,https://www.cbn.gov.ng/rates/ExchRateByCurrency.html,2026-08-14T07:03:10.424961Z
2025-05-08,NGA,Nigeria,NGN,Nigerian naira,1609.6357,USD,LCU_per_USD,official_nfem_vwap,Nigerian Foreign Exchange Market volume-weighted average official rate.,reported_public_series,CBN_NFEM_FX,Nigerian Foreign Exchange Market Rates,https://www.cbn.gov.ng/api/GetAllNFEM_Rates,https://www.cbn.gov.ng/rates/ExchRateByCurrency.html,2026-08-14T07:03:10.424961Z
2025-05-09,NGA,Nigeria,NGN,Nigerian naira,1606.1524,USD,LCU_per_USD,official_nfem_vwap,Nigerian Foreign Exchange Market volume-weighted average official rate.,reported_public_series,CBN_NFEM_FX,Nigerian Foreign Exchange Market Rates,https://www.cbn.gov.ng/api/GetAllNFEM_Rates,https://www.cbn.gov.ng/rates/ExchRateByCurrency.html,2026-08-14T07:03:10.424961Z
2025-05-12,NGA,Nigeria,NGN,Nigerian naira,1600.4396,USD,LCU_per_USD,official_nfem_vwap,Nigerian Foreign Exchange Market volume-weighted average official rate.,reported_public_series,CBN_NFEM_FX,Nigerian Foreign Exchange Market Rates,https://www.cbn.gov.ng/api/GetAllNFEM_Rates,https://www.cbn.gov.ng/rates/ExchRateByCurrency.html,2026-08-14T07:03:10.424961Z
2025-05-13,NGA,Nigeria,NGN,Nigerian naira,1600.0307,USD,LCU_per_USD,official_nfem_vwap,Nigerian Foreign Exchange Market volume-weighted average official rate.,reported_public_series,CBN_NFEM_FX,Nigerian Foreign Exchange Market Rates,https://www.cbn.gov.ng/api/GetAllNFEM_Rates,https://www.cbn.gov.ng/rates/ExchRateByCurrency.html,2026-08-14T07:03:10.424961Z
2025-05-14,NGA,Nigeria,NGN,Nigerian naira,1596.7,USD,LCU_per_USD,official_nfem_vwap,Nigerian Foreign Exchange Market volume-weighted average official rate.,reported_public_series,CBN_NFEM_FX,Nigerian Foreign Exchange Market Rates,https://www.cbn.gov.ng/api/GetAllNFEM_Rates,https://www.cbn.gov.ng/rates/ExchRateByCurrency.html,2026-08-14T07:03:10.424961Z
2025-05-15,NGA,Nigeria,NGN,Nigerian naira,1599.3294,USD,LCU_per_USD,official_nfem_vwap,Nigerian Foreign Exchange Market volume-weighted average official rate.,reported_public_series,CBN_NFEM_FX,Nigerian Foreign Exchange Market Rates,https://www.cbn.gov.ng/api/GetAllNFEM_Rates,https://www.cbn.gov.ng/rates/ExchRateByCurrency.html,2026-08-14T07:03:10.424961Z
2025-05-16,NGA,Nigeria,NGN,Nigerian naira,1598.721,USD,LCU_per_USD,official_nfem_vwap,Nigerian Foreign Exchange Market volume-weighted average official rate.,reported_public_series,CBN_NFEM_FX,Nigerian Foreign Exchange Market Rates,https://www.cbn.gov.ng/api/GetAllNFEM_Rates,https://www.cbn.gov.ng/rates/ExchRateByCurrency.html,2026-08-14T07:03:10.424961Z
2025-05-19,NGA,Nigeria,NGN,Nigerian naira,1598.6885,USD,LCU_per_USD,official_nfem_vwap,Nigerian Foreign Exchange Market volume-weighted average official rate.,reported_public_series,CBN_NFEM_FX,Nigerian Foreign Exchange Market Rates,https://www.cbn.gov.ng/api/GetAllNFEM_Rates,https://www.cbn.gov.ng/rates/ExchRateByCurrency.html,2026-08-14T07:03:10.424961Z
2025-05-20,NGA,Nigeria,NGN,Nigerian naira,1590.4571,USD,LCU_per_USD,official_nfem_vwap,Nigerian Foreign Exchange Market volume-weighted average official rate.,reported_public_series,CBN_NFEM_FX,Nigerian Foreign Exchange Market Rates,https://www.cbn.gov.ng/api/GetAllNFEM_Rates,https://www.cbn.gov.ng/rates/ExchRateByCurrency.html,2026-08-14T07:03:10.424961Z
2025-05-21,NGA,Nigeria,NGN,Nigerian naira,1584.4966,USD,LCU_per_USD,official_nfem_vwap,Nigerian Foreign Exchange Market volume-weighted average official rate.,reported_public_series,CBN_NFEM_FX,Nigerian Foreign Exchange Market Rates,https://www.cbn.gov.ng/api/GetAllNFEM_Rates,https://www.cbn.gov.ng/rates/ExchRateByCurrency.html,2026-08-14T07:03:10.424961Z
2025-05-22,NGA,Nigeria,NGN,Nigerian naira,1584.9542,USD,LCU_per_USD,official_nfem_vwap,Nigerian Foreign Exchange Market volume-weighted average official rate.,reported_public_series,CBN_NFEM_FX,Nigerian Foreign Exchange Market Rates,https://www.cbn.gov.ng/api/GetAllNFEM_Rates,https://www.cbn.gov.ng/rates/ExchRateByCurrency.html,2026-08-14T07:03:10.424961Z
2025-05-23,NGA,Nigeria,NGN,Nigerian naira,1580.4411,USD,LCU_per_USD,official_nfem_vwap,Nigerian Foreign Exchange Market volume-weighted average official rate.,reported_public_series,CBN_NFEM_FX,Nigerian Foreign Exchange Market Rates,https://www.cbn.gov.ng/api/GetAllNFEM_Rates,https://www.cbn.gov.ng/rates/ExchRateByCurrency.html,2026-08-14T07:03:10.424961Z
2025-05-26,NGA,Nigeria,NGN,Nigerian naira,1579.408,USD,LCU_per_USD,official_nfem_vwap,Nigerian Foreign Exchange Market volume-weighted average official rate.,reported_public_series,CBN_NFEM_FX,Nigerian Foreign Exchange Market Rates,https://www.cbn.gov.ng/api/GetAllNFEM_Rates,https://www.cbn.gov.ng/rates/ExchRateByCurrency.html,2026-08-14T07:03:10.424961Z
2025-05-27,NGA,Nigeria,NGN,Nigerian naira,1583.7388,USD,LCU_per_USD,official_nfem_vwap,Nigerian Foreign Exchange Market volume-weighted average official rate.,reported_public_series,CBN_NFEM_FX,Nigerian Foreign Exchange Market Rates,https://www.cbn.gov.ng/api/GetAllNFEM_Rates,https://www.cbn.gov.ng/rates/ExchRateByCurrency.html,2026-08-14T07:03:10.424961Z
2025-05-28,NGA,Nigeria,NGN,Nigerian naira,1590.7471,USD,LCU_per_USD,official_nfem_vwap,Nigerian Foreign Exchange Market volume-weighted average official rate.,reported_public_series,CBN_NFEM_FX,Nigerian Foreign Exchange Market Rates,https://www.cbn.gov.ng/api/GetAllNFEM_Rates,https://www.cbn.gov.ng/rates/ExchRateByCurrency.html,2026-08-14T07:03:10.424961Z
2025-05-29,NGA,Nigeria,NGN,Nigerian naira,1586.152,USD,LCU_per_USD,official_nfem_vwap,Nigerian Foreign Exchange Market volume-weighted average official rate.,reported_public_series,CBN_NFEM_FX,Nigerian Foreign Exchange Market Rates,https://www.cbn.gov.ng/api/GetAllNFEM_Rates,https://www.cbn.gov.ng/rates/ExchRateByCurrency.html,2026-08-14T07:03:10.424961Z
2025-05-30,NGA,Nigeria,NGN,Nigerian naira,1586.1524,USD,LCU_per_USD,official_nfem_vwap,Nigerian Foreign Exchange Market volume-weighted average official rate.,reported_public_series,CBN_NFEM_FX,Nigerian Foreign Exchange Market Rates,https://www.cbn.gov.ng/api/GetAllNFEM_Rates,https://www.cbn.gov.ng/rates/ExchRateByCurrency.html,2026-08-14T07:03:10.424961Z
2025-06-02,NGA,Nigeria,NGN,Nigerian naira,1581.5866,USD,LCU_per_USD,official_nfem_vwap,Nigerian Foreign Exchange Market volume-weighted average official rate.,reported_public_series,CBN_NFEM_FX,Nigerian Foreign Exchange Market Rates,https://www.cbn.gov.ng/api/GetAllNFEM_Rates,https://www.cbn.gov.ng/rates/ExchRateByCurrency.html,2026-08-14T07:03:10.424961Z
2025-06-03,NGA,Nigeria,NGN,Nigerian naira,1579.275,USD,LCU_per_USD,official_nfem_vwap,Nigerian Foreign Exchange Market volume-weighted average official rate.,reported_public_series,CBN_NFEM_FX,Nigerian Foreign Exchange Market Rates,https://www.cbn.gov.ng/api/GetAllNFEM_Rates,https://www.cbn.gov.ng/rates/ExchRateByCurrency.html,2026-08-14T07:03:10.424961Z
2025-06-04,NGA,Nigeria,NGN,Nigerian naira,1565.4625,USD,LCU_per_USD,official_nfem_vwap,Nigerian Foreign Exchange Market volume-weighted average official rate.,reported_public_series,CBN_NFEM_FX,Nigerian Foreign Exchange Market Rates,https://www.cbn.gov.ng/api/GetAllNFEM_Rates,https://www.cbn.gov.ng/rates/ExchRateByCurrency.html,2026-08-14T07:03:10.424961Z
2025-06-05,NGA,Nigeria,NGN,Nigerian naira,1553.1157,USD,LCU_per_USD,official_nfem_vwap,Nigerian Foreign Exchange Market volume-weighted average official rate.,reported_public_series,CBN_NFEM_FX,Nigerian Foreign Exchange Market Rates,https://www.cbn.gov.ng/api/GetAllNFEM_Rates,https://www.cbn.gov.ng/rates/ExchRateByCurrency.html,2026-08-14T07:03:10.424961Z
2025-06-10,NGA,Nigeria,NGN,Nigerian naira,1540.0481,USD,LCU_per_USD,official_nfem_vwap,Nigerian Foreign Exchange Market volume-weighted average official rate.,reported_public_series,CBN_NFEM_FX,Nigerian Foreign Exchange Market Rates,https://www.cbn.gov.ng/api/GetAllNFEM_Rates,https://www.cbn.gov.ng/rates/ExchRateByCurrency.html,2026-08-14T07:03:10.424961Z
2025-06-11,NGA,Nigeria,NGN,Nigerian naira,1539.7248,USD,LCU_per_USD,official_nfem_vwap,Nigerian Foreign Exchange Market volume-weighted average official rate.,reported_public_series,CBN_NFEM_FX,Nigerian Foreign Exchange Market Rates,https://www.cbn.gov.ng/api/GetAllNFEM_Rates,https://www.cbn.gov.ng/rates/ExchRateByCurrency.html,2026-08-14T07:03:10.424961Z
2025-06-13,NGA,Nigeria,NGN,Nigerian naira,1549.3511,USD,LCU_per_USD,official_nfem_vwap,Nigerian Foreign Exchange Market volume-weighted average official rate.,reported_public_series,CBN_NFEM_FX,Nigerian Foreign Exchange Market Rates,https://www.cbn.gov.ng/api/GetAllNFEM_Rates,https://www.cbn.gov.ng/rates/ExchRateByCurrency.html,2026-08-14T07:03:10.424961Z
2025-06-16,NGA,Nigeria,NGN,Nigerian naira,1544.6264,USD,LCU_per_USD,official_nfem_vwap,Nigerian Foreign Exchange Market volume-weighted average official rate.,reported_public_series,CBN_NFEM_FX,Nigerian Foreign Exchange Market Rates,https://www.cbn.gov.ng/api/GetAllNFEM_Rates,https://www.cbn.gov.ng/rates/ExchRateByCurrency.html,2026-08-14T07:03:10.424961Z
2025-06-17,NGA,Nigeria,NGN,Nigerian naira,1545.265,USD,LCU_per_USD,official_nfem_vwap,Nigerian Foreign Exchange Market volume-weighted average official rate.,reported_public_series,CBN_NFEM_FX,Nigerian Foreign Exchange Market Rates,https://www.cbn.gov.ng/api/GetAllNFEM_Rates,https://www.cbn.gov.ng/rates/ExchRateByCurrency.html,2026-08-14T07:03:10.424961Z
2025-06-18,NGA,Nigeria,NGN,Nigerian naira,1549.2093,USD,LCU_per_USD,official_nfem_vwap,Nigerian Foreign Exchange Market volume-weighted average official rate.,reported_public_series,CBN_NFEM_FX,Nigerian Foreign Exchange Market Rates,https://www.cbn.gov.ng/api/GetAllNFEM_Rates,https://www.cbn.gov.ng/rates/ExchRateByCurrency.html,2026-08-14T07:03:10.424961Z
2025-06-19,NGA,Nigeria,NGN,Nigerian naira,1549.4193,USD,LCU_per_USD,official_nfem_vwap,Nigerian Foreign Exchange Market volume-weighted average official rate.,reported_public_series,CBN_NFEM_FX,Nigerian Foreign Exchange Market Rates,https://www.cbn.gov.ng/api/GetAllNFEM_Rates,https://www.cbn.gov.ng/rates/ExchRateByCurrency.html,2026-08-14T07:03:10.424961Z
2025-06-20,NGA,Nigeria,NGN,Nigerian naira,1547.3636,USD,LCU_per_USD,official_nfem_vwap,Nigerian Foreign Exchange Market volume-weighted average official rate.,reported_public_series,CBN_NFEM_FX,Nigerian Foreign Exchange Market Rates,https://www.cbn.gov.ng/api/GetAllNFEM_Rates,https://www.cbn.gov.ng/rates/ExchRateByCurrency.html,2026-08-14T07:03:10.424961Z
2025-06-23,NGA,Nigeria,NGN,Nigerian naira,1548.5237,USD,LCU_per_USD,official_nfem_vwap,Nigerian Foreign Exchange Market volume-weighted average official rate.,reported_public_series,CBN_NFEM_FX,Nigerian Foreign Exchange Market Rates,https://www.cbn.gov.ng/api/GetAllNFEM_Rates,https://www.cbn.gov.ng/rates/ExchRateByCurrency.html,2026-08-14T07:03:10.424961Z
2025-06-24,NGA,Nigeria,NGN,Nigerian naira,1549.0368,USD,LCU_per_USD,official_nfem_vwap,Nigerian Foreign Exchange Market volume-weighted average official rate.,reported_public_series,CBN_NFEM_FX,Nigerian Foreign Exchange Market Rates,https://www.cbn.gov.ng/api/GetAllNFEM_Rates,https://www.cbn.gov.ng/rates/ExchRateByCurrency.html,2026-08-14T07:03:10.424961Z
2025-06-25,NGA,Nigeria,NGN,Nigerian naira,1549.2616,USD,LCU_per_USD,official_nfem_vwap,Nigerian Foreign Exchange Market volume-weighted average official rate.,reported_public_series,CBN_NFEM_FX,Nigerian Foreign Exchange Market Rates,https://www.cbn.gov.ng/api/GetAllNFEM_Rates,https://www.cbn.gov.ng/rates/ExchRateByCurrency.html,2026-08-14T07:03:10.424961Z
2025-06-26,NGA,Nigeria,NGN,Nigerian naira,1536.0817,USD,LCU_per_USD,official_nfem_vwap,Nigerian Foreign Exchange Market volume-weighted average official rate.,reported_public_series,CBN_NFEM_FX,Nigerian Foreign Exchange Market Rates,https://www.cbn.gov.ng/api/GetAllNFEM_Rates,https://www.cbn.gov.ng/rates/ExchRateByCurrency.html,2026-08-14T07:03:10.424961Z
2025-06-27,NGA,Nigeria,NGN,Nigerian naira,1539.2359,USD,LCU_per_USD,official_nfem_vwap,Nigerian Foreign Exchange Market volume-weighted average official rate.,reported_public_series,CBN_NFEM_FX,Nigerian Foreign Exchange Market Rates,https://www.cbn.gov.ng/api/GetAllNFEM_Rates,https://www.cbn.gov.ng/rates/ExchRateByCurrency.html,2026-08-14T07:03:10.424961Z
2025-06-30,NGA,Nigeria,NGN,Nigerian naira,1529.7105,USD,LCU_per_USD,official_nfem_vwap,Nigerian Foreign Exchange Market volume-weighted average official rate.,reported_public_series,CBN_NFEM_FX,Nigerian Foreign Exchange Market Rates,https://www.cbn.gov.ng/api/GetAllNFEM_Rates,https://www.cbn.gov.ng/rates/ExchRateByCurrency.html,2026-08-14T07:03:10.424961Z
2025-07-01,NGA,Nigeria,NGN,Nigerian naira,1529.5795,USD,LCU_per_USD,official_nfem_vwap,Nigerian Foreign Exchange Market volume-weighted average official rate.,reported_public_series,CBN_NFEM_FX,Nigerian Foreign Exchange Market Rates,https://www.cbn.gov.ng/api/GetAllNFEM_Rates,https://www.cbn.gov.ng/rates/ExchRateByCurrency.html,2026-08-14T07:03:10.424961Z
2025-07-02,NGA,Nigeria,NGN,Nigerian naira,1526.1577,USD,LCU_per_USD,official_nfem_vwap,Nigerian Foreign Exchange Market volume-weighted average official rate.,reported_public_series,CBN_NFEM_FX,Nigerian Foreign Exchange Market Rates,https://www.cbn.gov.ng/api/GetAllNFEM_Rates,https://www.cbn.gov.ng/rates/ExchRateByCurrency.html,2026-08-14T07:03:10.424961Z
2025-07-03,NGA,Nigeria,NGN,Nigerian naira,1525.8246,USD,LCU_per_USD,official_nfem_vwap,Nigerian Foreign Exchange Market volume-weighted average official rate.,reported_public_series,CBN_NFEM_FX,Nigerian Foreign Exchange Market Rates,https://www.cbn.gov.ng/api/GetAllNFEM_Rates,https://www.cbn.gov.ng/rates/ExchRateByCurrency.html,2026-08-14T07:03:10.424961Z
2025-07-04,NGA,Nigeria,NGN,Nigerian naira,1528.5616,USD,LCU_per_USD,official_nfem_vwap,Nigerian Foreign Exchange Market volume-weighted average official rate.,reported_public_series,CBN_NFEM_FX,Nigerian Foreign Exchange Market Rates,https://www.cbn.gov.ng/api/GetAllNFEM_Rates,https://www.cbn.gov.ng/rates/ExchRateByCurrency.html,2026-08-14T07:03:10.424961Z
2025-07-07,NGA,Nigeria,NGN,Nigerian naira,1528.3301,USD,LCU_per_USD,official_nfem_vwap,Nigerian Foreign Exchange Market volume-weighted average official rate.,reported_public_series,CBN_NFEM_FX,Nigerian Foreign Exchange Market Rates,https://www.cbn.gov.ng/api/GetAllNFEM_Rates,https://www.cbn.gov.ng/rates/ExchRateByCurrency.html,2026-08-14T07:03:10.424961Z
2025-07-08,NGA,Nigeria,NGN,Nigerian naira,1529.223,USD,LCU_per_USD,official_nfem_vwap,Nigerian Foreign Exchange Market volume-weighted average official rate.,reported_public_series,CBN_NFEM_FX,Nigerian Foreign Exchange Market Rates,https://www.cbn.gov.ng/api/GetAllNFEM_Rates,https://www.cbn.gov.ng/rates/ExchRateByCurrency.html,2026-08-14T07:03:10.424961Z
2025-07-09,NGA,Nigeria,NGN,Nigerian naira,1520.749,USD,LCU_per_USD,official_nfem_vwap,Nigerian Foreign Exchange Market volume-weighted average official rate.,reported_public_series,CBN_NFEM_FX,Nigerian Foreign Exchange Market Rates,https://www.cbn.gov.ng/api/GetAllNFEM_Rates,https://www.cbn.gov.ng/rates/ExchRateByCurrency.html,2026-08-14T07:03:10.424961Z
2025-07-10,NGA,Nigeria,NGN,Nigerian naira,1525.98,USD,LCU_per_USD,official_nfem_vwap,Nigerian Foreign Exchange Market volume-weighted average official rate.,reported_public_series,CBN_NFEM_FX,Nigerian Foreign Exchange Market Rates,https://www.cbn.gov.ng/api/GetAllNFEM_Rates,https://www.cbn.gov.ng/rates/ExchRateByCurrency.html,2026-08-14T07:03:10.424961Z
2025-07-11,NGA,Nigeria,NGN,Nigerian naira,1530.2634,USD,LCU_per_USD,official_nfem_vwap,Nigerian Foreign Exchange Market volume-weighted average official rate.,reported_public_series,CBN_NFEM_FX,Nigerian Foreign Exchange Market Rates,https://www.cbn.gov.ng/api/GetAllNFEM_Rates,https://www.cbn.gov.ng/rates/ExchRateByCurrency.html,2026-08-14T07:03:10.424961Z
2025-07-14,NGA,Nigeria,NGN,Nigerian naira,1518.8873,USD,LCU_per_USD,official_nfem_vwap,Nigerian Foreign Exchange Market volume-weighted average official rate.,reported_public_series,CBN_NFEM_FX,Nigerian Foreign Exchange Market Rates,https://www.cbn.gov.ng/api/GetAllNFEM_Rates,https://www.cbn.gov.ng/rates/ExchRateByCurrency.html,2026-08-14T07:03:10.424961Z
2025-07-16,NGA,Nigeria,NGN,Nigerian naira,1530.2562,USD,LCU_per_USD,official_nfem_vwap,Nigerian Foreign Exchange Market volume-weighted average official rate.,reported_public_series,CBN_NFEM_FX,Nigerian Foreign Exchange Market Rates,https://www.cbn.gov.ng/api/GetAllNFEM_Rates,https://www.cbn.gov.ng/rates/ExchRateByCurrency.html,2026-08-14T07:03:10.424961Z
2025-07-17,NGA,Nigeria,NGN,Nigerian naira,1533.1109,USD,LCU_per_USD,official_nfem_vwap,Nigerian Foreign Exchange Market volume-weighted average official rate.,reported_public_series,CBN_NFEM_FX,Nigerian Foreign Exchange Market Rates,https://www.cbn.gov.ng/api/GetAllNFEM_Rates,https://www.cbn.gov.ng/rates/ExchRateByCurrency.html,2026-08-14T07:03:10.424961Z
2025-07-18,NGA,Nigeria,NGN,Nigerian naira,1532.3405,USD,LCU_per_USD,official_nfem_vwap,Nigerian Foreign Exchange Market volume-weighted average official rate.,reported_public_series,CBN_NFEM_FX,Nigerian Foreign Exchange Market Rates,https://www.cbn.gov.ng/api/GetAllNFEM_Rates,https://www.cbn.gov.ng/rates/ExchRateByCurrency.html,2026-08-14T07:03:10.424961Z
2025-07-21,NGA,Nigeria,NGN,Nigerian naira,1532.5428,USD,LCU_per_USD,official_nfem_vwap,Nigerian Foreign Exchange Market volume-weighted average official rate.,reported_public_series,CBN_NFEM_FX,Nigerian Foreign Exchange Market Rates,https://www.cbn.gov.ng/api/GetAllNFEM_Rates,https://www.cbn.gov.ng/rates/ExchRateByCurrency.html,2026-08-14T07:03:10.424961Z
2025-07-22,NGA,Nigeria,NGN,Nigerian naira,1535.2369,USD,LCU_per_USD,official_nfem_vwap,Nigerian Foreign Exchange Market volume-weighted average official rate.,reported_public_series,CBN_NFEM_FX,Nigerian Foreign Exchange Market Rates,https://www.cbn.gov.ng/api/GetAllNFEM_Rates,https://www.cbn.gov.ng/rates/ExchRateByCurrency.html,2026-08-14T07:03:10.424961Z
2025-07-23,NGA,Nigeria,NGN,Nigerian naira,1535.6169,USD,LCU_per_USD,official_nfem_vwap,Nigerian Foreign Exchange Market volume-weighted average official rate.,reported_public_series,CBN_NFEM_FX,Nigerian Foreign Exchange Market Rates,https://www.cbn.gov.ng/api/GetAllNFEM_Rates,https://www.cbn.gov.ng/rates/ExchRateByCurrency.html,2026-08-14T07:03:10.424961Z
2025-07-24,NGA,Nigeria,NGN,Nigerian naira,1534.7887,USD,LCU_per_USD,official_nfem_vwap,Nigerian Foreign Exchange Market volume-weighted average official rate.,reported_public_series,CBN_NFEM_FX,Nigerian Foreign Exchange Market Rates,https://www.cbn.gov.ng/api/GetAllNFEM_Rates,https://www.cbn.gov.ng/rates/ExchRateByCurrency.html,2026-08-14T07:03:10.424961Z
2025-07-25,NGA,Nigeria,NGN,Nigerian naira,1534.7193,USD,LCU_per_USD,official_nfem_vwap,Nigerian Foreign Exchange Market volume-weighted average official rate.,reported_public_series,CBN_NFEM_FX,Nigerian Foreign Exchange Market Rates,https://www.cbn.gov.ng/api/GetAllNFEM_Rates,https://www.cbn.gov.ng/rates/ExchRateByCurrency.html,2026-08-14T07:03:10.424961Z
2025-07-28,NGA,Nigeria,NGN,Nigerian naira,1534.209,USD,LCU_per_USD,official_nfem_vwap,Nigerian Foreign Exchange Market volume-weighted average official rate.,reported_public_series,CBN_NFEM_FX,Nigerian Foreign Exchange Market Rates,https://www.cbn.gov.ng/api/GetAllNFEM_Rates,https://www.cbn.gov.ng/rates/ExchRateByCurrency.html,2026-08-14T07:03:10.424961Z
2025-07-29,NGA,Nigeria,NGN,Nigerian naira,1533.1823,USD,LCU_per_USD,official_nfem_vwap,Nigerian Foreign Exchange Market volume-weighted average official rate.,reported_public_series,CBN_NFEM_FX,Nigerian Foreign Exchange Market Rates,https://www.cbn.gov.ng/api/GetAllNFEM_Rates,https://www.cbn.gov.ng/rates/ExchRateByCurrency.html,2026-08-14T07:03:10.424961Z
2025-07-30,NGA,Nigeria,NGN,Nigerian naira,1534.5214,USD,LCU_per_USD,official_nfem_vwap,Nigerian Foreign Exchange Market volume-weighted average official rate.,reported_public_series,CBN_NFEM_FX,Nigerian Foreign Exchange Market Rates,https://www.cbn.gov.ng/api/GetAllNFEM_Rates,https://www.cbn.gov.ng/rates/ExchRateByCurrency.html,2026-08-14T07:03:10.424961Z
2025-07-31,NGA,Nigeria,NGN,Nigerian naira,1533.554,USD,LCU_per_USD,official_nfem_vwap,Nigerian Foreign Exchange Market volume-weighted average official rate.,reported_public_series,CBN_NFEM_FX,Nigerian Foreign Exchange Market Rates,https://www.cbn.gov.ng/api/GetAllNFEM_Rates,https://www.cbn.gov.ng/rates/ExchRateByCurrency.html,2026-08-14T07:03:10.424961Z
2025-08-01,NGA,Nigeria,NGN,Nigerian naira,1533.7443,USD,LCU_per_USD,official_nfem_vwap,Nigerian Foreign Exchange Market volume-weighted average official rate.,reported_public_series,CBN_NFEM_FX,Nigerian Foreign Exchange Market Rates,https://www.cbn.gov.ng/api/GetAllNFEM_Rates,https://www.cbn.gov.ng/rates/ExchRateByCurrency.html,2026-08-14T07:03:10.424961Z
2025-08-04,NGA,Nigeria,NGN,Nigerian naira,1531.954,USD,LCU_per_USD,official_nfem_vwap,Nigerian Foreign Exchange Market volume-weighted average official rate.,reported_public_series,CBN_NFEM_FX,Nigerian Foreign Exchange Market Rates,https://www.cbn.gov.ng/api/GetAllNFEM_Rates,https://www.cbn.gov.ng/rates/ExchRateByCurrency.html,2026-08-14T07:03:10.424961Z
2025-08-05,NGA,Nigeria,NGN,Nigerian naira,1533.1032,USD,LCU_per_USD,official_nfem_vwap,Nigerian Foreign Exchange Market volume-weighted average official rate.,reported_public_series,CBN_NFEM_FX,Nigerian Foreign Exchange Market Rates,https://www.cbn.gov.ng/api/GetAllNFEM_Rates,https://www.cbn.gov.ng/rates/ExchRateByCurrency.html,2026-08-14T07:03:10.424961Z
2025-08-06,NGA,Nigeria,NGN,Nigerian naira,1534.4368,USD,LCU_per_USD,official_nfem_vwap,Nigerian Foreign Exchange Market volume-weighted average official rate.,reported_public_series,CBN_NFEM_FX,Nigerian Foreign Exchange Market Rates,https://www.cbn.gov.ng/api/GetAllNFEM_Rates,https://www.cbn.gov.ng/rates/ExchRateByCurrency.html,2026-08-14T07:03:10.424961Z
2025-08-07,NGA,Nigeria,NGN,Nigerian naira,1533.7313,USD,LCU_per_USD,official_nfem_vwap,Nigerian Foreign Exchange Market volume-weighted average official rate.,reported_public_series,CBN_NFEM_FX,Nigerian Foreign Exchange Market Rates,https://www.cbn.gov.ng/api/GetAllNFEM_Rates,https://www.cbn.gov.ng/rates/ExchRateByCurrency.html,2026-08-14T07:03:10.424961Z
2025-08-08,NGA,Nigeria,NGN,Nigerian naira,1533.5652,USD,LCU_per_USD,official_nfem_vwap,Nigerian Foreign Exchange Market volume-weighted average official rate.,reported_public_series,CBN_NFEM_FX,Nigerian Foreign Exchange Market Rates,https://www.cbn.gov.ng/api/GetAllNFEM_Rates,https://www.cbn.gov.ng/rates/ExchRateByCurrency.html,2026-08-14T07:03:10.424961Z
2025-08-11,NGA,Nigeria,NGN,Nigerian naira,1535.9285,USD,LCU_per_USD,official_nfem_vwap,Nigerian Foreign Exchange Market volume-weighted average official rate.,reported_public_series,CBN_NFEM_FX,Nigerian Foreign Exchange Market Rates,https://www.cbn.gov.ng/api/GetAllNFEM_Rates,https://www.cbn.gov.ng/rates/ExchRateByCurrency.html,2026-08-14T07:03:10.424961Z
2025-08-12,NGA,Nigeria,NGN,Nigerian naira,1537.0949,USD,LCU_per_USD,official_nfem_vwap,Nigerian Foreign Exchange Market volume-weighted average official rate.,reported_public_series,CBN_NFEM_FX,Nigerian Foreign Exchange Market Rates,https://www.cbn.gov.ng/api/GetAllNFEM_Rates,https://www.cbn.gov.ng/rates/ExchRateByCurrency.html,2026-08-14T07:03:10.424961Z
2025-08-13,NGA,Nigeria,NGN,Nigerian naira,1534.8274,USD,LCU_per_USD,official_nfem_vwap,Nigerian Foreign Exchange Market volume-weighted average official rate.,reported_public_series,CBN_NFEM_FX,Nigerian Foreign Exchange Market Rates,https://www.cbn.gov.ng/api/GetAllNFEM_Rates,https://www.cbn.gov.ng/rates/ExchRateByCurrency.html,2026-08-14T07:03:10.424961Z
2025-08-14,NGA,Nigeria,NGN,Nigerian naira,1534.5244,USD,LCU_per_USD,official_nfem_vwap,Nigerian Foreign Exchange Market volume-weighted average official rate.,reported_public_series,CBN_NFEM_FX,Nigerian Foreign Exchange Market Rates,https://www.cbn.gov.ng/api/GetAllNFEM_Rates,https://www.cbn.gov.ng/rates/ExchRateByCurrency.html,2026-08-14T07:03:10.424961Z
2025-08-15,NGA,Nigeria,NGN,Nigerian naira,1532.5145,USD,LCU_per_USD,official_nfem_vwap,Nigerian Foreign Exchange Market volume-weighted average official rate.,reported_public_series,CBN_NFEM_FX,Nigerian Foreign Exchange Market Rates,https://www.cbn.gov.ng/api/GetAllNFEM_Rates,https://www.cbn.gov.ng/rates/ExchRateByCurrency.html,2026-08-14T07:03:10.424961Z
2025-08-18,NGA,Nigeria,NGN,Nigerian naira,1533.6715,USD,LCU_per_USD,official_nfem_vwap,Nigerian Foreign Exchange Market volume-weighted average official rate.,reported_public_series,CBN_NFEM_FX,Nigerian Foreign Exchange Market Rates,https://www.cbn.gov.ng/api/GetAllNFEM_Rates,https://www.cbn.gov.ng/rates/ExchRateByCurrency.html,2026-08-14T07:03:10.424961Z
2025-08-19,NGA,Nigeria,NGN,Nigerian naira,1534.9346,USD,LCU_per_USD,official_nfem_vwap,Nigerian Foreign Exchange Market volume-weighted average official rate.,reported_public_series,CBN_NFEM_FX,Nigerian Foreign Exchange Market Rates,https://www.cbn.gov.ng/api/GetAllNFEM_Rates,https://www.cbn.gov.ng/rates/ExchRateByCurrency.html,2026-08-14T07:03:10.424961Z
2025-08-20,NGA,Nigeria,NGN,Nigerian naira,1536.7346,USD,LCU_per_USD,official_nfem_vwap,Nigerian Foreign Exchange Market volume-weighted average official rate.,reported_public_series,CBN_NFEM_FX,Nigerian Foreign Exchange Market Rates,https://www.cbn.gov.ng/api/GetAllNFEM_Rates,https://www.cbn.gov.ng/rates/ExchRateByCurrency.html,2026-08-14T07:03:10.424961Z
2025-08-21,NGA,Nigeria,NGN,Nigerian naira,1535.7833,USD,LCU_per_USD,official_nfem_vwap,Nigerian Foreign Exchange Market volume-weighted average official rate.,reported_public_series,CBN_NFEM_FX,Nigerian Foreign Exchange Market Rates,https://www.cbn.gov.ng/api/GetAllNFEM_Rates,https://www.cbn.gov.ng/rates/ExchRateByCurrency.html,2026-08-14T07:03:10.424961Z
2025-08-22,NGA,Nigeria,NGN,Nigerian naira,1535.0379,USD,LCU_per_USD,official_nfem_vwap,Nigerian Foreign Exchange Market volume-weighted average official rate.,reported_public_series,CBN_NFEM_FX,Nigerian Foreign Exchange Market Rates,https://www.cbn.gov.ng/api/GetAllNFEM_Rates,https://www.cbn.gov.ng/rates/ExchRateByCurrency.html,2026-08-14T07:03:10.424961Z
2025-08-25,NGA,Nigeria,NGN,Nigerian naira,1536.4245,USD,LCU_per_USD,official_nfem_vwap,Nigerian Foreign Exchange Market volume-weighted average official rate.,reported_public_series,CBN_NFEM_FX,Nigerian Foreign Exchange Market Rates,https://www.cbn.gov.ng/api/GetAllNFEM_Rates,https://www.cbn.gov.ng/rates/ExchRateByCurrency.html,2026-08-14T07:03:10.424961Z
2025-08-26,NGA,Nigeria,NGN,Nigerian naira,1537.616,USD,LCU_per_USD,official_nfem_vwap,Nigerian Foreign Exchange Market volume-weighted average official rate.,reported_public_series,CBN_NFEM_FX,Nigerian Foreign Exchange Market Rates,https://www.cbn.gov.ng/api/GetAllNFEM_Rates,https://www.cbn.gov.ng/rates/ExchRateByCurrency.html,2026-08-14T07:03:10.424961Z
2025-08-27,NGA,Nigeria,NGN,Nigerian naira,1537.0748,USD,LCU_per_USD,official_nfem_vwap,Nigerian Foreign Exchange Market volume-weighted average official rate.,reported_public_series,CBN_NFEM_FX,Nigerian Foreign Exchange Market Rates,https://www.cbn.gov.ng/api/GetAllNFEM_Rates,https://www.cbn.gov.ng/rates/ExchRateByCurrency.html,2026-08-14T07:03:10.424961Z
2025-08-28,NGA,Nigeria,NGN,Nigerian naira,1535.4746,USD,LCU_per_USD,official_nfem_vwap,Nigerian Foreign Exchange Market volume-weighted average official rate.,reported_public_series,CBN_NFEM_FX,Nigerian Foreign Exchange Market Rates,https://www.cbn.gov.ng/api/GetAllNFEM_Rates,https://www.cbn.gov.ng/rates/ExchRateByCurrency.html,2026-08-14T07:03:10.424961Z
2025-08-29,NGA,Nigeria,NGN,Nigerian naira,1531.5703,USD,LCU_per_USD,official_nfem_vwap,Nigerian Foreign Exchange Market volume-weighted average official rate.,reported_public_series,CBN_NFEM_FX,Nigerian Foreign Exchange Market Rates,https://www.cbn.gov.ng/api/GetAllNFEM_Rates,https://www.cbn.gov.ng/rates/ExchRateByCurrency.html,2026-08-14T07:03:10.424961Z
2025-09-01,NGA,Nigeria,NGN,Nigerian naira,1526.094,USD,LCU_per_USD,official_nfem_vwap,Nigerian Foreign Exchange Market volume-weighted average official rate.,reported_public_series,CBN_NFEM_FX,Nigerian Foreign Exchange Market Rates,https://www.cbn.gov.ng/api/GetAllNFEM_Rates,https://www.cbn.gov.ng/rates/ExchRateByCurrency.html,2026-08-14T07:03:10.424961Z
2025-09-02,NGA,Nigeria,NGN,Nigerian naira,1526.0565,USD,LCU_per_USD,official_nfem_vwap,Nigerian Foreign Exchange Market volume-weighted average official rate.,reported_public_series,CBN_NFEM_FX,Nigerian Foreign Exchange Market Rates,https://www.cbn.gov.ng/api/GetAllNFEM_Rates,https://www.cbn.gov.ng/rates/ExchRateByCurrency.html,2026-08-14T07:03:10.424961Z
2025-09-03,NGA,Nigeria,NGN,Nigerian naira,1521.4569,USD,LCU_per_USD,official_nfem_vwap,Nigerian Foreign Exchange Market volume-weighted average official rate.,reported_public_series,CBN_NFEM_FX,Nigerian Foreign Exchange Market Rates,https://www.cbn.gov.ng/api/GetAllNFEM_Rates,https://www.cbn.gov.ng/rates/ExchRateByCurrency.html,2026-08-14T07:03:10.424961Z
2025-09-04,NGA,Nigeria,NGN,Nigerian naira,1514.8671,USD,LCU_per_USD,official_nfem_vwap,Nigerian Foreign Exchange Market volume-weighted average official rate.,reported_public_series,CBN_NFEM_FX,Nigerian Foreign Exchange Market Rates,https://www.cbn.gov.ng/api/GetAllNFEM_Rates,https://www.cbn.gov.ng/rates/ExchRateByCurrency.html,2026-08-14T07:03:10.424961Z
2025-09-08,NGA,Nigeria,NGN,Nigerian naira,1506.8433,USD,LCU_per_USD,official_nfem_vwap,Nigerian Foreign Exchange Market volume-weighted average official rate.,reported_public_series,CBN_NFEM_FX,Nigerian Foreign Exchange Market Rates,https://www.cbn.gov.ng/api/GetAllNFEM_Rates,https://www.cbn.gov.ng/rates/ExchRateByCurrency.html,2026-08-14T07:03:10.424961Z
2025-09-09,NGA,Nigeria,NGN,Nigerian naira,1506.085,USD,LCU_per_USD,official_nfem_vwap,Nigerian Foreign Exchange Market volume-weighted average official rate.,reported_public_series,CBN_NFEM_FX,Nigerian Foreign Exchange Market Rates,https://www.cbn.gov.ng/api/GetAllNFEM_Rates,https://www.cbn.gov.ng/rates/ExchRateByCurrency.html,2026-08-14T07:03:10.424961Z
2025-09-10,NGA,Nigeria,NGN,Nigerian naira,1500.9152,USD,LCU_per_USD,official_nfem_vwap,Nigerian Foreign Exchange Market volume-weighted average official rate.,reported_public_series,CBN_NFEM_FX,Nigerian Foreign Exchange Market Rates,https://www.cbn.gov.ng/api/GetAllNFEM_Rates,https://www.cbn.gov.ng/rates/ExchRateByCurrency.html,2026-08-14T07:03:10.424961Z
2025-09-11,NGA,Nigeria,NGN,Nigerian naira,1502.1311,USD,LCU_per_USD,official_nfem_vwap,Nigerian Foreign Exchange Market volume-weighted average official rate.,reported_public_series,CBN_NFEM_FX,Nigerian Foreign Exchange Market Rates,https://www.cbn.gov.ng/api/GetAllNFEM_Rates,https://www.cbn.gov.ng/rates/ExchRateByCurrency.html,2026-08-14T07:03:10.424961Z
2025-09-12,NGA,Nigeria,NGN,Nigerian naira,1501.4991,USD,LCU_per_USD,official_nfem_vwap,Nigerian Foreign Exchange Market volume-weighted average official rate.,reported_public_series,CBN_NFEM_FX,Nigerian Foreign Exchange Market Rates,https://www.cbn.gov.ng/api/GetAllNFEM_Rates,https://www.cbn.gov.ng/rates/ExchRateByCurrency.html,2026-08-14T07:03:10.424961Z
2025-09-15,NGA,Nigeria,NGN,Nigerian naira,1497.4655,USD,LCU_per_USD,official_nfem_vwap,Nigerian Foreign Exchange Market volume-weighted average official rate.,reported_public_series,CBN_NFEM_FX,Nigerian Foreign Exchange Market Rates,https://www.cbn.gov.ng/api/GetAllNFEM_Rates,https://www.cbn.gov.ng/rates/ExchRateByCurrency.html,2026-08-14T07:03:10.424961Z
2025-09-16,NGA,Nigeria,NGN,Nigerian naira,1484.1395,USD,LCU_per_USD,official_nfem_vwap,Nigerian Foreign Exchange Market volume-weighted average official rate.,reported_public_series,CBN_NFEM_FX,Nigerian Foreign Exchange Market Rates,https://www.cbn.gov.ng/api/GetAllNFEM_Rates,https://www.cbn.gov.ng/rates/ExchRateByCurrency.html,2026-08-14T07:03:10.424961Z
2025-09-17,NGA,Nigeria,NGN,Nigerian naira,1494.0126,USD,LCU_per_USD,official_nfem_vwap,Nigerian Foreign Exchange Market volume-weighted average official rate.,reported_public_series,CBN_NFEM_FX,Nigerian Foreign Exchange Market Rates,https://www.cbn.gov.ng/api/GetAllNFEM_Rates,https://www.cbn.gov.ng/rates/ExchRateByCurrency.html,2026-08-14T07:03:10.424961Z
2025-09-18,NGA,Nigeria,NGN,Nigerian naira,1498.9763,USD,LCU_per_USD,official_nfem_vwap,Nigerian Foreign Exchange Market volume-weighted average official rate.,reported_public_series,CBN_NFEM_FX,Nigerian Foreign Exchange Market Rates,https://www.cbn.gov.ng/api/GetAllNFEM_Rates,https://www.cbn.gov.ng/rates/ExchRateByCurrency.html,2026-08-14T07:03:10.424961Z
2025-09-19,NGA,Nigeria,NGN,Nigerian naira,1487.8962,USD,LCU_per_USD,official_nfem_vwap,Nigerian Foreign Exchange Market volume-weighted average official rate.,reported_public_series,CBN_NFEM_FX,Nigerian Foreign Exchange Market Rates,https://www.cbn.gov.ng/api/GetAllNFEM_Rates,https://www.cbn.gov.ng/rates/ExchRateByCurrency.html,2026-08-14T07:03:10.424961Z
2025-09-22,NGA,Nigeria,NGN,Nigerian naira,1488.6017,USD,LCU_per_USD,official_nfem_vwap,Nigerian Foreign Exchange Market volume-weighted average official rate.,reported_public_series,CBN_NFEM_FX,Nigerian Foreign Exchange Market Rates,https://www.cbn.gov.ng/api/GetAllNFEM_Rates,https://www.cbn.gov.ng/rates/ExchRateByCurrency.html,2026-08-14T07:03:10.424961Z
2025-09-23,NGA,Nigeria,NGN,Nigerian naira,1487.3651,USD,LCU_per_USD,official_nfem_vwap,Nigerian Foreign Exchange Market volume-weighted average official rate.,reported_public_series,CBN_NFEM_FX,Nigerian Foreign Exchange Market Rates,https://www.cbn.gov.ng/api/GetAllNFEM_Rates,https://www.cbn.gov.ng/rates/ExchRateByCurrency.html,2026-08-14T07:03:10.424961Z
2025-09-24,NGA,Nigeria,NGN,Nigerian naira,1488.5642,USD,LCU_per_USD,official_nfem_vwap,Nigerian Foreign Exchange Market volume-weighted average official rate.,reported_public_series,CBN_NFEM_FX,Nigerian Foreign Exchange Market Rates,https://www.cbn.gov.ng/api/GetAllNFEM_Rates,https://www.cbn.gov.ng/rates/ExchRateByCurrency.html,2026-08-14T07:03:10.424961Z
2025-09-25,NGA,Nigeria,NGN,Nigerian naira,1488.2578,USD,LCU_per_USD,official_nfem_vwap,Nigerian Foreign Exchange Market volume-weighted average official rate.,reported_public_series,CBN_NFEM_FX,Nigerian Foreign Exchange Market Rates,https://www.cbn.gov.ng/api/GetAllNFEM_Rates,https://www.cbn.gov.ng/rates/ExchRateByCurrency.html,2026-08-14T07:03:10.424961Z
2025-09-26,NGA,Nigeria,NGN,Nigerian naira,1480.657,USD,LCU_per_USD,official_nfem_vwap,Nigerian Foreign Exchange Market volume-weighted average official rate.,reported_public_series,CBN_NFEM_FX,Nigerian Foreign Exchange Market Rates,https://www.cbn.gov.ng/api/GetAllNFEM_Rates,https://www.cbn.gov.ng/rates/ExchRateByCurrency.html,2026-08-14T07:03:10.424961Z
2025-09-29,NGA,Nigeria,NGN,Nigerian naira,1476.3477,USD,LCU_per_USD,official_nfem_vwap,Nigerian Foreign Exchange Market volume-weighted average official rate.,reported_public_series,CBN_NFEM_FX,Nigerian Foreign Exchange Market Rates,https://www.cbn.gov.ng/api/GetAllNFEM_Rates,https://www.cbn.gov.ng/rates/ExchRateByCurrency.html,2026-08-14T07:03:10.424961Z
2025-09-30,NGA,Nigeria,NGN,Nigerian naira,1475.3473,USD,LCU_per_USD,official_nfem_vwap,Nigerian Foreign Exchange Market volume-weighted average official rate.,reported_public_series,CBN_NFEM_FX,Nigerian Foreign Exchange Market Rates,https://www.cbn.gov.ng/api/GetAllNFEM_Rates,https://www.cbn.gov.ng/rates/ExchRateByCurrency.html,2026-08-14T07:03:10.424961Z
2025-10-02,NGA,Nigeria,NGN,Nigerian naira,1455.2373,USD,LCU_per_USD,official_nfem_vwap,Nigerian Foreign Exchange Market volume-weighted average official rate.,reported_public_series,CBN_NFEM_FX,Nigerian Foreign Exchange Market Rates,https://www.cbn.gov.ng/api/GetAllNFEM_Rates,https://www.cbn.gov.ng/rates/ExchRateByCurrency.html,2026-08-14T07:03:10.424961Z
2025-10-03,NGA,Nigeria,NGN,Nigerian naira,1465.6776,USD,LCU_per_USD,official_nfem_vwap,Nigerian Foreign Exchange Market volume-weighted average official rate.,reported_public_series,CBN_NFEM_FX,Nigerian Foreign Exchange Market Rates,https://www.cbn.gov.ng/api/GetAllNFEM_Rates,https://www.cbn.gov.ng/rates/ExchRateByCurrency.html,2026-08-14T07:03:10.424961Z
2025-10-06,NGA,Nigeria,NGN,Nigerian naira,1470.2614,USD,LCU_per_USD,official_nfem_vwap,Nigerian Foreign Exchange Market volume-weighted average official rate.,reported_public_series,CBN_NFEM_FX,Nigerian Foreign Exchange Market Rates,https://www.cbn.gov.ng/api/GetAllNFEM_Rates,https://www.cbn.gov.ng/rates/ExchRateByCurrency.html,2026-08-14T07:03:10.424961Z
2025-10-07,NGA,Nigeria,NGN,Nigerian naira,1471.0892,USD,LCU_per_USD,official_nfem_vwap,Nigerian Foreign Exchange Market volume-weighted average official rate.,reported_public_series,CBN_NFEM_FX,Nigerian Foreign Exchange Market Rates,https://www.cbn.gov.ng/api/GetAllNFEM_Rates,https://www.cbn.gov.ng/rates/ExchRateByCurrency.html,2026-08-14T07:03:10.424961Z
2025-10-08,NGA,Nigeria,NGN,Nigerian naira,1470.6202,USD,LCU_per_USD,official_nfem_vwap,Nigerian Foreign Exchange Market volume-weighted average official rate.,reported_public_series,CBN_NFEM_FX,Nigerian Foreign Exchange Market Rates,https://www.cbn.gov.ng/api/GetAllNFEM_Rates,https://www.cbn.gov.ng/rates/ExchRateByCurrency.html,2026-08-14T07:03:10.424961Z
2025-10-09,NGA,Nigeria,NGN,Nigerian naira,1466.6526,USD,LCU_per_USD,official_nfem_vwap,Nigerian Foreign Exchange Market volume-weighted average official rate.,reported_public_series,CBN_NFEM_FX,Nigerian Foreign Exchange Market Rates,https://www.cbn.gov.ng/api/GetAllNFEM_Rates,https://www.cbn.gov.ng/rates/ExchRateByCurrency.html,2026-08-14T07:03:10.424961Z
2025-10-10,NGA,Nigeria,NGN,Nigerian naira,1455.173,USD,LCU_per_USD,official_nfem_vwap,Nigerian Foreign Exchange Market volume-weighted average official rate.,reported_public_series,CBN_NFEM_FX,Nigerian Foreign Exchange Market Rates,https://www.cbn.gov.ng/api/GetAllNFEM_Rates,https://www.cbn.gov.ng/rates/ExchRateByCurrency.html,2026-08-14T07:03:10.424961Z
2025-10-13,NGA,Nigeria,NGN,Nigerian naira,1457.5122,USD,LCU_per_USD,official_nfem_vwap,Nigerian Foreign Exchange Market volume-weighted average official rate.,reported_public_series,CBN_NFEM_FX,Nigerian Foreign Exchange Market Rates,https://www.cbn.gov.ng/api/GetAllNFEM_Rates,https://www.cbn.gov.ng/rates/ExchRateByCurrency.html,2026-08-14T07:03:10.424961Z
2025-10-14,NGA,Nigeria,NGN,Nigerian naira,1463.2342,USD,LCU_per_USD,official_nfem_vwap,Nigerian Foreign Exchange Market volume-weighted average official rate.,reported_public_series,CBN_NFEM_FX,Nigerian Foreign Exchange Market Rates,https://www.cbn.gov.ng/api/GetAllNFEM_Rates,https://www.cbn.gov.ng/rates/ExchRateByCurrency.html,2026-08-14T07:03:10.424961Z
2025-10-15,NGA,Nigeria,NGN,Nigerian naira,1473.2943,USD,LCU_per_USD,official_nfem_vwap,Nigerian Foreign Exchange Market volume-weighted average official rate.,reported_public_series,CBN_NFEM_FX,Nigerian Foreign Exchange Market Rates,https://www.cbn.gov.ng/api/GetAllNFEM_Rates,https://www.cbn.gov.ng/rates/ExchRateByCurrency.html,2026-08-14T07:03:10.424961Z
2025-10-16,NGA,Nigeria,NGN,Nigerian naira,1471.0299,USD,LCU_per_USD,official_nfem_vwap,Nigerian Foreign Exchange Market volume-weighted average official rate.,reported_public_series,CBN_NFEM_FX,Nigerian Foreign Exchange Market Rates,https://www.cbn.gov.ng/api/GetAllNFEM_Rates,https://www.cbn.gov.ng/rates/ExchRateByCurrency.html,2026-08-14T07:03:10.424961Z
2025-10-17,NGA,Nigeria,NGN,Nigerian naira,1475.3516,USD,LCU_per_USD,official_nfem_vwap,Nigerian Foreign Exchange Market volume-weighted average official rate.,reported_public_series,CBN_NFEM_FX,Nigerian Foreign Exchange Market Rates,https://www.cbn.gov.ng/api/GetAllNFEM_Rates,https://www.cbn.gov.ng/rates/ExchRateByCurrency.html,2026-08-14T07:03:10.424961Z
2025-10-20,NGA,Nigeria,NGN,Nigerian naira,1465.2936,USD,LCU_per_USD,official_nfem_vwap,Nigerian Foreign Exchange Market volume-weighted average official rate.,reported_public_series,CBN_NFEM_FX,Nigerian Foreign Exchange Market Rates,https://www.cbn.gov.ng/api/GetAllNFEM_Rates,https://www.cbn.gov.ng/rates/ExchRateByCurrency.html,2026-08-14T07:03:10.424961Z
2025-10-21,NGA,Nigeria,NGN,Nigerian naira,1463.452,USD,LCU_per_USD,official_nfem_vwap,Nigerian Foreign Exchange Market volume-weighted average official rate.,reported_public_series,CBN_NFEM_FX,Nigerian Foreign Exchange Market Rates,https://www.cbn.gov.ng/api/GetAllNFEM_Rates,https://www.cbn.gov.ng/rates/ExchRateByCurrency.html,2026-08-14T07:03:10.424961Z
2025-10-22,NGA,Nigeria,NGN,Nigerian naira,1463.4375,USD,LCU_per_USD,official_nfem_vwap,Nigerian Foreign Exchange Market volume-weighted average official rate.,reported_public_series,CBN_NFEM_FX,Nigerian Foreign Exchange Market Rates,https://www.cbn.gov.ng/api/GetAllNFEM_Rates,https://www.cbn.gov.ng/rates/ExchRateByCurrency.html,2026-08-14T07:03:10.424961Z
2025-10-23,NGA,Nigeria,NGN,Nigerian naira,1460.4939,USD,LCU_per_USD,official_nfem_vwap,Nigerian Foreign Exchange Market volume-weighted average official rate.,reported_public_series,CBN_NFEM_FX,Nigerian Foreign Exchange Market Rates,https://www.cbn.gov.ng/api/GetAllNFEM_Rates,https://www.cbn.gov.ng/rates/ExchRateByCurrency.html,2026-08-14T07:03:10.424961Z
2025-10-24,NGA,Nigeria,NGN,Nigerian naira,1457.9571,USD,LCU_per_USD,official_nfem_vwap,Nigerian Foreign Exchange Market volume-weighted average official rate.,reported_public_series,CBN_NFEM_FX,Nigerian Foreign Exchange Market Rates,https://www.cbn.gov.ng/api/GetAllNFEM_Rates,https://www.cbn.gov.ng/rates/ExchRateByCurrency.html,2026-08-14T07:03:10.424961Z
2025-10-27,NGA,Nigeria,NGN,Nigerian naira,1452.7943,USD,LCU_per_USD,official_nfem_vwap,Nigerian Foreign Exchange Market volume-weighted average official rate.,reported_public_series,CBN_NFEM_FX,Nigerian Foreign Exchange Market Rates,https://www.cbn.gov.ng/api/GetAllNFEM_Rates,https://www.cbn.gov.ng/rates/ExchRateByCurrency.html,2026-08-14T07:03:10.424961Z
2025-10-28,NGA,Nigeria,NGN,Nigerian naira,1448.205,USD,LCU_per_USD,official_nfem_vwap,Nigerian Foreign Exchange Market volume-weighted average official rate.,reported_public_series,CBN_NFEM_FX,Nigerian Foreign Exchange Market Rates,https://www.cbn.gov.ng/api/GetAllNFEM_Rates,https://www.cbn.gov.ng/rates/ExchRateByCurrency.html,2026-08-14T07:03:10.424961Z
2025-10-29,NGA,Nigeria,NGN,Nigerian naira,1444.422,USD,LCU_per_USD,official_nfem_vwap,Nigerian Foreign Exchange Market volume-weighted average official rate.,reported_public_series,CBN_NFEM_FX,Nigerian Foreign Exchange Market Rates,https://www.cbn.gov.ng/api/GetAllNFEM_Rates,https://www.cbn.gov.ng/rates/ExchRateByCurrency.html,2026-08-14T07:03:10.424961Z
2025-10-30,NGA,Nigeria,NGN,Nigerian naira,1436.9701,USD,LCU_per_USD,official_nfem_vwap,Nigerian Foreign Exchange Market volume-weighted average official rate.,reported_public_series,CBN_NFEM_FX,Nigerian Foreign Exchange Market Rates,https://www.cbn.gov.ng/api/GetAllNFEM_Rates,https://www.cbn.gov.ng/rates/ExchRateByCurrency.html,2026-08-14T07:03:10.424961Z
2025-10-31,NGA,Nigeria,NGN,Nigerian naira,1421.7343,USD,LCU_per_USD,official_nfem_vwap,Nigerian Foreign Exchange Market volume-weighted average official rate.,reported_public_series,CBN_NFEM_FX,Nigerian Foreign Exchange Market Rates,https://www.cbn.gov.ng/api/GetAllNFEM_Rates,https://www.cbn.gov.ng/rates/ExchRateByCurrency.html,2026-08-14T07:03:10.424961Z
2025-11-03,NGA,Nigeria,NGN,Nigerian naira,1436.3427,USD,LCU_per_USD,official_nfem_vwap,Nigerian Foreign Exchange Market volume-weighted average official rate.,reported_public_series,CBN_NFEM_FX,Nigerian Foreign Exchange Market Rates,https://www.cbn.gov.ng/api/GetAllNFEM_Rates,https://www.cbn.gov.ng/rates/ExchRateByCurrency.html,2026-08-14T07:03:10.424961Z
2025-11-04,NGA,Nigeria,NGN,Nigerian naira,1433.6585,USD,LCU_per_USD,official_nfem_vwap,Nigerian Foreign Exchange Market volume-weighted average official rate.,reported_public_series,CBN_NFEM_FX,Nigerian Foreign Exchange Market Rates,https://www.cbn.gov.ng/api/GetAllNFEM_Rates,https://www.cbn.gov.ng/rates/ExchRateByCurrency.html,2026-08-14T07:03:10.424961Z
2025-11-05,NGA,Nigeria,NGN,Nigerian naira,1438.495,USD,LCU_per_USD,official_nfem_vwap,Nigerian Foreign Exchange Market volume-weighted average official rate.,reported_public_series,CBN_NFEM_FX,Nigerian Foreign Exchange Market Rates,https://www.cbn.gov.ng/api/GetAllNFEM_Rates,https://www.cbn.gov.ng/rates/ExchRateByCurrency.html,2026-08-14T07:03:10.424961Z
2025-11-06,NGA,Nigeria,NGN,Nigerian naira,1436.742,USD,LCU_per_USD,official_nfem_vwap,Nigerian Foreign Exchange Market volume-weighted average official rate.,reported_public_series,CBN_NFEM_FX,Nigerian Foreign Exchange Market Rates,https://www.cbn.gov.ng/api/GetAllNFEM_Rates,https://www.cbn.gov.ng/rates/ExchRateByCurrency.html,2026-08-14T07:03:10.424961Z
2025-11-07,NGA,Nigeria,NGN,Nigerian naira,1436.5778,USD,LCU_per_USD,official_nfem_vwap,Nigerian Foreign Exchange Market volume-weighted average official rate.,reported_public_series,CBN_NFEM_FX,Nigerian Foreign Exchange Market Rates,https://www.cbn.gov.ng/api/GetAllNFEM_Rates,https://www.cbn.gov.ng/rates/ExchRateByCurrency.html,2026-08-14T07:03:10.424961Z
2025-11-10,NGA,Nigeria,NGN,Nigerian naira,1437.2933,USD,LCU_per_USD,official_nfem_vwap,Nigerian Foreign Exchange Market volume-weighted average official rate.,reported_public_series,CBN_NFEM_FX,Nigerian Foreign Exchange Market Rates,https://www.cbn.gov.ng/api/GetAllNFEM_Rates,https://www.cbn.gov.ng/rates/ExchRateByCurrency.html,2026-08-14T07:03:10.424961Z
2025-11-11,NGA,Nigeria,NGN,Nigerian naira,1438.711,USD,LCU_per_USD,official_nfem_vwap,Nigerian Foreign Exchange Market volume-weighted average official rate.,reported_public_series,CBN_NFEM_FX,Nigerian Foreign Exchange Market Rates,https://www.cbn.gov.ng/api/GetAllNFEM_Rates,https://www.cbn.gov.ng/rates/ExchRateByCurrency.html,2026-08-14T07:03:10.424961Z
2025-11-12,NGA,Nigeria,NGN,Nigerian naira,1443.0804,USD,LCU_per_USD,official_nfem_vwap,Nigerian Foreign Exchange Market volume-weighted average official rate.,reported_public_series,CBN_NFEM_FX,Nigerian Foreign Exchange Market Rates,https://www.cbn.gov.ng/api/GetAllNFEM_Rates,https://www.cbn.gov.ng/rates/ExchRateByCurrency.html,2026-08-14T07:03:10.424961Z
2025-11-13,NGA,Nigeria,NGN,Nigerian naira,1440.1723,USD,LCU_per_USD,official_nfem_vwap,Nigerian Foreign Exchange Market volume-weighted average official rate.,reported_public_series,CBN_NFEM_FX,Nigerian Foreign Exchange Market Rates,https://www.cbn.gov.ng/api/GetAllNFEM_Rates,https://www.cbn.gov.ng/rates/ExchRateByCurrency.html,2026-08-14T07:03:10.424961Z
2025-11-14,NGA,Nigeria,NGN,Nigerian naira,1442.4309,USD,LCU_per_USD,official_nfem_vwap,Nigerian Foreign Exchange Market volume-weighted average official rate.,reported_public_series,CBN_NFEM_FX,Nigerian Foreign Exchange Market Rates,https://www.cbn.gov.ng/api/GetAllNFEM_Rates,https://www.cbn.gov.ng/rates/ExchRateByCurrency.html,2026-08-14T07:03:10.424961Z
2025-11-17,NGA,Nigeria,NGN,Nigerian naira,1448.0304,USD,LCU_per_USD,official_nfem_vwap,Nigerian Foreign Exchange Market volume-weighted average official rate.,reported_public_series,CBN_NFEM_FX,Nigerian Foreign Exchange Market Rates,https://www.cbn.gov.ng/api/GetAllNFEM_Rates,https://www.cbn.gov.ng/rates/ExchRateByCurrency.html,2026-08-14T07:03:10.424961Z
2025-11-18,NGA,Nigeria,NGN,Nigerian naira,1447.4297,USD,LCU_per_USD,official_nfem_vwap,Nigerian Foreign Exchange Market volume-weighted average official rate.,reported_public_series,CBN_NFEM_FX,Nigerian Foreign Exchange Market Rates,https://www.cbn.gov.ng/api/GetAllNFEM_Rates,https://www.cbn.gov.ng/rates/ExchRateByCurrency.html,2026-08-14T07:03:10.424961Z
2025-11-19,NGA,Nigeria,NGN,Nigerian naira,1454.1849,USD,LCU_per_USD,official_nfem_vwap,Nigerian Foreign Exchange Market volume-weighted average official rate.,reported_public_series,CBN_NFEM_FX,Nigerian Foreign Exchange Market Rates,https://www.cbn.gov.ng/api/GetAllNFEM_Rates,https://www.cbn.gov.ng/rates/ExchRateByCurrency.html,2026-08-14T07:03:10.424961Z
2025-11-20,NGA,Nigeria,NGN,Nigerian naira,1452.1342,USD,LCU_per_USD,official_nfem_vwap,Nigerian Foreign Exchange Market volume-weighted average official rate.,reported_public_series,CBN_NFEM_FX,Nigerian Foreign Exchange Market Rates,https://www.cbn.gov.ng/api/GetAllNFEM_Rates,https://www.cbn.gov.ng/rates/ExchRateByCurrency.html,2026-08-14T07:03:10.424961Z
2025-11-21,NGA,Nigeria,NGN,Nigerian naira,1456.7249,USD,LCU_per_USD,official_nfem_vwap,Nigerian Foreign Exchange Market volume-weighted average official rate.,reported_public_series,CBN_NFEM_FX,Nigerian Foreign Exchange Market Rates,https://www.cbn.gov.ng/api/GetAllNFEM_Rates,https://www.cbn.gov.ng/rates/ExchRateByCurrency.html,2026-08-14T07:03:10.424961Z
2025-11-24,NGA,Nigeria,NGN,Nigerian naira,1453.8443,USD,LCU_per_USD,official_nfem_vwap,Nigerian Foreign Exchange Market volume-weighted average official rate.,reported_public_series,CBN_NFEM_FX,Nigerian Foreign Exchange Market Rates,https://www.cbn.gov.ng/api/GetAllNFEM_Rates,https://www.cbn.gov.ng/rates/ExchRateByCurrency.html,2026-08-14T07:03:10.424961Z
2025-11-25,NGA,Nigeria,NGN,Nigerian naira,1446.3156,USD,LCU_per_USD,official_nfem_vwap,Nigerian Foreign Exchange Market volume-weighted average official rate.,reported_public_series,CBN_NFEM_FX,Nigerian Foreign Exchange Market Rates,https://www.cbn.gov.ng/api/GetAllNFEM_Rates,https://www.cbn.gov.ng/rates/ExchRateByCurrency.html,2026-08-14T07:03:10.424961Z
2025-11-26,NGA,Nigeria,NGN,Nigerian naira,1442.9201,USD,LCU_per_USD,official_nfem_vwap,Nigerian Foreign Exchange Market volume-weighted average official rate.,reported_public_series,CBN_NFEM_FX,Nigerian Foreign Exchange Market Rates,https://www.cbn.gov.ng/api/GetAllNFEM_Rates,https://www.cbn.gov.ng/rates/ExchRateByCurrency.html,2026-08-14T07:03:10.424961Z
2025-11-27,NGA,Nigeria,NGN,Nigerian naira,1443.9028,USD,LCU_per_USD,official_nfem_vwap,Nigerian Foreign Exchange Market volume-weighted average official rate.,reported_public_series,CBN_NFEM_FX,Nigerian Foreign Exchange Market Rates,https://www.cbn.gov.ng/api/GetAllNFEM_Rates,https://www.cbn.gov.ng/rates/ExchRateByCurrency.html,2026-08-14T07:03:10.424961Z
2025-11-28,NGA,Nigeria,NGN,Nigerian naira,1446.7421,USD,LCU_per_USD,official_nfem_vwap,Nigerian Foreign Exchange Market volume-weighted average official rate.,reported_public_series,CBN_NFEM_FX,Nigerian Foreign Exchange Market Rates,https://www.cbn.gov.ng/api/GetAllNFEM_Rates,https://www.cbn.gov.ng/rates/ExchRateByCurrency.html,2026-08-14T07:03:10.424961Z
2025-12-01,NGA,Nigeria,NGN,Nigerian naira,1448.4355,USD,LCU_per_USD,official_nfem_vwap,Nigerian Foreign Exchange Market volume-weighted average official rate.,reported_public_series,CBN_NFEM_FX,Nigerian Foreign Exchange Market Rates,https://www.cbn.gov.ng/api/GetAllNFEM_Rates,https://www.cbn.gov.ng/rates/ExchRateByCurrency.html,2026-08-14T07:03:10.424961Z
2025-12-02,NGA,Nigeria,NGN,Nigerian naira,1445.3929,USD,LCU_per_USD,official_nfem_vwap,Nigerian Foreign Exchange Market volume-weighted average official rate.,reported_public_series,CBN_NFEM_FX,Nigerian Foreign Exchange Market Rates,https://www.cbn.gov.ng/api/GetAllNFEM_Rates,https://www.cbn.gov.ng/rates/ExchRateByCurrency.html,2026-08-14T07:03:10.424961Z
2025-12-03,NGA,Nigeria,NGN,Nigerian naira,1447.6494,USD,LCU_per_USD,official_nfem_vwap,Nigerian Foreign Exchange Market volume-weighted average official rate.,reported_public_series,CBN_NFEM_FX,Nigerian Foreign Exchange Market Rates,https://www.cbn.gov.ng/api/GetAllNFEM_Rates,https://www.cbn.gov.ng/rates/ExchRateByCurrency.html,2026-08-14T07:03:10.424961Z
2025-12-04,NGA,Nigeria,NGN,Nigerian naira,1447.8263,USD,LCU_per_USD,official_nfem_vwap,Nigerian Foreign Exchange Market volume-weighted average official rate.,reported_public_series,CBN_NFEM_FX,Nigerian Foreign Exchange Market Rates,https://www.cbn.gov.ng/api/GetAllNFEM_Rates,https://www.cbn.gov.ng/rates/ExchRateByCurrency.html,2026-08-14T07:03:10.424961Z
2025-12-05,NGA,Nigeria,NGN,Nigerian naira,1450.4287,USD,LCU_per_USD,official_nfem_vwap,Nigerian Foreign Exchange Market volume-weighted average official rate.,reported_public_series,CBN_NFEM_FX,Nigerian Foreign Exchange Market Rates,https://www.cbn.gov.ng/api/GetAllNFEM_Rates,https://www.cbn.gov.ng/rates/ExchRateByCurrency.html,2026-08-14T07:03:10.424961Z
2025-12-08,NGA,Nigeria,NGN,Nigerian naira,1451.863,USD,LCU_per_USD,official_nfem_vwap,Nigerian Foreign Exchange Market volume-weighted average official rate.,reported_public_series,CBN_NFEM_FX,Nigerian Foreign Exchange Market Rates,https://www.cbn.gov.ng/api/GetAllNFEM_Rates,https://www.cbn.gov.ng/rates/ExchRateByCurrency.html,2026-08-14T07:03:10.424961Z
2025-12-09,NGA,Nigeria,NGN,Nigerian naira,1454.3805,USD,LCU_per_USD,official_nfem_vwap,Nigerian Foreign Exchange Market volume-weighted average official rate.,reported_public_series,CBN_NFEM_FX,Nigerian Foreign Exchange Market Rates,https://www.cbn.gov.ng/api/GetAllNFEM_Rates,https://www.cbn.gov.ng/rates/ExchRateByCurrency.html,2026-08-14T07:03:10.424961Z
2025-12-10,NGA,Nigeria,NGN,Nigerian naira,1455.3823,USD,LCU_per_USD,official_nfem_vwap,Nigerian Foreign Exchange Market volume-weighted average official rate.,reported_public_series,CBN_NFEM_FX,Nigerian Foreign Exchange Market Rates,https://www.cbn.gov.ng/api/GetAllNFEM_Rates,https://www.cbn.gov.ng/rates/ExchRateByCurrency.html,2026-08-14T07:03:10.424961Z
2025-12-11,NGA,Nigeria,NGN,Nigerian naira,1456.0656,USD,LCU_per_USD,official_nfem_vwap,Nigerian Foreign Exchange Market volume-weighted average official rate.,reported_public_series,CBN_NFEM_FX,Nigerian Foreign Exchange Market Rates,https://www.cbn.gov.ng/api/GetAllNFEM_Rates,https://www.cbn.gov.ng/rates/ExchRateByCurrency.html,2026-08-14T07:03:10.424961Z
2025-12-12,NGA,Nigeria,NGN,Nigerian naira,1454.4123,USD,LCU_per_USD,official_nfem_vwap,Nigerian Foreign Exchange Market volume-weighted average official rate.,reported_public_series,CBN_NFEM_FX,Nigerian Foreign Exchange Market Rates,https://www.cbn.gov.ng/api/GetAllNFEM_Rates,https://www.cbn.gov.ng/rates/ExchRateByCurrency.html,2026-08-14T07:03:10.424961Z
2025-12-15,NGA,Nigeria,NGN,Nigerian naira,1451.8169,USD,LCU_per_USD,official_nfem_vwap,Nigerian Foreign Exchange Market volume-weighted average official rate.,reported_public_series,CBN_NFEM_FX,Nigerian Foreign Exchange Market Rates,https://www.cbn.gov.ng/api/GetAllNFEM_Rates,https://www.cbn.gov.ng/rates/ExchRateByCurrency.html,2026-08-14T07:03:10.424961Z
2025-12-16,NGA,Nigeria,NGN,Nigerian naira,1455.0817,USD,LCU_per_USD,official_nfem_vwap,Nigerian Foreign Exchange Market volume-weighted average official rate.,reported_public_series,CBN_NFEM_FX,Nigerian Foreign Exchange Market Rates,https://www.cbn.gov.ng/api/GetAllNFEM_Rates,https://www.cbn.gov.ng/rates/ExchRateByCurrency.html,2026-08-14T07:03:10.424961Z
2025-12-17,NGA,Nigeria,NGN,Nigerian naira,1455.4983,USD,LCU_per_USD,official_nfem_vwap,Nigerian Foreign Exchange Market volume-weighted average official rate.,reported_public_series,CBN_NFEM_FX,Nigerian Foreign Exchange Market Rates,https://www.cbn.gov.ng/api/GetAllNFEM_Rates,https://www.cbn.gov.ng/rates/ExchRateByCurrency.html,2026-08-14T07:03:10.424961Z
2025-12-18,NGA,Nigeria,NGN,Nigerian naira,1457.8402,USD,LCU_per_USD,official_nfem_vwap,Nigerian Foreign Exchange Market volume-weighted average official rate.,reported_public_series,CBN_NFEM_FX,Nigerian Foreign Exchange Market Rates,https://www.cbn.gov.ng/api/GetAllNFEM_Rates,https://www.cbn.gov.ng/rates/ExchRateByCurrency.html,2026-08-14T07:03:10.424961Z
2025-12-19,NGA,Nigeria,NGN,Nigerian naira,1464.4974,USD,LCU_per_USD,official_nfem_vwap,Nigerian Foreign Exchange Market volume-weighted average official rate.,reported_public_series,CBN_NFEM_FX,Nigerian Foreign Exchange Market Rates,https://www.cbn.gov.ng/api/GetAllNFEM_Rates,https://www.cbn.gov.ng/rates/ExchRateByCurrency.html,2026-08-14T07:03:10.424961Z
2025-12-22,NGA,Nigeria,NGN,Nigerian naira,1456.5637,USD,LCU_per_USD,official_nfem_vwap,Nigerian Foreign Exchange Market volume-weighted average official rate.,reported_public_series,CBN_NFEM_FX,Nigerian Foreign Exchange Market Rates,https://www.cbn.gov.ng/api/GetAllNFEM_Rates,https://www.cbn.gov.ng/rates/ExchRateByCurrency.html,2026-08-14T07:03:10.424961Z
2025-12-23,NGA,Nigeria,NGN,Nigerian naira,1449.9869,USD,LCU_per_USD,official_nfem_vwap,Nigerian Foreign Exchange Market volume-weighted average official rate.,reported_public_series,CBN_NFEM_FX,Nigerian Foreign Exchange Market Rates,https://www.cbn.gov.ng/api/GetAllNFEM_Rates,https://www.cbn.gov.ng/rates/ExchRateByCurrency.html,2026-08-14T07:03:10.424961Z
2025-12-24,NGA,Nigeria,NGN,Nigerian naira,1443.3767,USD,LCU_per_USD,official_nfem_vwap,Nigerian Foreign Exchange Market volume-weighted average official rate.,reported_public_series,CBN_NFEM_FX,Nigerian Foreign Exchange Market Rates,https://www.cbn.gov.ng/api/GetAllNFEM_Rates,https://www.cbn.gov.ng/rates/ExchRateByCurrency.html,2026-08-14T07:03:10.424961Z
2025-12-29,NGA,Nigeria,NGN,Nigerian naira,1442.5126,USD,LCU_per_USD,official_nfem_vwap,Nigerian Foreign Exchange Market volume-weighted average official rate.,reported_public_series,CBN_NFEM_FX,Nigerian Foreign Exchange Market Rates,https://www.cbn.gov.ng/api/GetAllNFEM_Rates,https://www.cbn.gov.ng/rates/ExchRateByCurrency.html,2026-08-14T07:03:10.424961Z
2025-12-30,NGA,Nigeria,NGN,Nigerian naira,1445.6828,USD,LCU_per_USD,official_nfem_vwap,Nigerian Foreign Exchange Market volume-weighted average official rate.,reported_public_series,CBN_NFEM_FX,Nigerian Foreign Exchange Market Rates,https://www.cbn.gov.ng/api/GetAllNFEM_Rates,https://www.cbn.gov.ng/rates/ExchRateByCurrency.html,2026-08-14T07:03:10.424961Z
2025-12-31,NGA,Nigeria,NGN,Nigerian naira,1435.7571,USD,LCU_per_USD,official_nfem_vwap,Nigerian Foreign Exchange Market volume-weighted average official rate.,reported_public_series,CBN_NFEM_FX,Nigerian Foreign Exchange Market Rates,https://www.cbn.gov.ng/api/GetAllNFEM_Rates,https://www.cbn.gov.ng/rates/ExchRateByCurrency.html,2026-08-14T07:03:10.424961Z
2026-01-02,NGA,Nigeria,NGN,Nigerian naira,1430.8479,USD,LCU_per_USD,official_nfem_vwap,Nigerian Foreign Exchange Market volume-weighted average official rate.,reported_public_series,CBN_NFEM_FX,Nigerian Foreign Exchange Market Rates,https://www.cbn.gov.ng/api/GetAllNFEM_Rates,https://www.cbn.gov.ng/rates/ExchRateByCurrency.html,2026-08-14T07:03:10.424961Z
2026-01-05,NGA,Nigeria,NGN,Nigerian naira,1429.3054,USD,LCU_per_USD,official_nfem_vwap,Nigerian Foreign Exchange Market volume-weighted average official rate.,reported_public_series,CBN_NFEM_FX,Nigerian Foreign Exchange Market Rates,https://www.cbn.gov.ng/api/GetAllNFEM_Rates,https://www.cbn.gov.ng/rates/ExchRateByCurrency.html,2026-08-14T07:03:10.424961Z
2026-01-06,NGA,Nigeria,NGN,Nigerian naira,1419.065,USD,LCU_per_USD,official_nfem_vwap,Nigerian Foreign Exchange Market volume-weighted average official rate.,reported_public_series,CBN_NFEM_FX,Nigerian Foreign Exchange Market Rates,https://www.cbn.gov.ng/api/GetAllNFEM_Rates,https://www.cbn.gov.ng/rates/ExchRateByCurrency.html,2026-08-14T07:03:10.424961Z
2026-01-07,NGA,Nigeria,NGN,Nigerian naira,1418.2606,USD,LCU_per_USD,official_nfem_vwap,Nigerian Foreign Exchange Market volume-weighted average official rate.,reported_public_series,CBN_NFEM_FX,Nigerian Foreign Exchange Market Rates,https://www.cbn.gov.ng/api/GetAllNFEM_Rates,https://www.cbn.gov.ng/rates/ExchRateByCurrency.html,2026-08-14T07:03:10.424961Z
2026-01-08,NGA,Nigeria,NGN,Nigerian naira,1419.7151,USD,LCU_per_USD,official_nfem_vwap,Nigerian Foreign Exchange Market volume-weighted average official rate.,reported_public_series,CBN_NFEM_FX,Nigerian Foreign Exchange Market Rates,https://www.cbn.gov.ng/api/GetAllNFEM_Rates,https://www.cbn.gov.ng/rates/ExchRateByCurrency.html,2026-08-14T07:03:10.424961Z
2026-01-09,NGA,Nigeria,NGN,Nigerian naira,1423.1674,USD,LCU_per_USD,official_nfem_vwap,Nigerian Foreign Exchange Market volume-weighted average official rate.,reported_public_series,CBN_NFEM_FX,Nigerian Foreign Exchange Market Rates,https://www.cbn.gov.ng/api/GetAllNFEM_Rates,https://www.cbn.gov.ng/rates/ExchRateByCurrency.html,2026-08-14T07:03:10.424961Z
2026-01-12,NGA,Nigeria,NGN,Nigerian naira,1421.4581,USD,LCU_per_USD,official_nfem_vwap,Nigerian Foreign Exchange Market volume-weighted average official rate.,reported_public_series,CBN_NFEM_FX,Nigerian Foreign Exchange Market Rates,https://www.cbn.gov.ng/api/GetAllNFEM_Rates,https://www.cbn.gov.ng/rates/ExchRateByCurrency.html,2026-08-14T07:03:10.424961Z
2026-01-13,NGA,Nigeria,NGN,Nigerian naira,1419.6585,USD,LCU_per_USD,official_nfem_vwap,Nigerian Foreign Exchange Market volume-weighted average official rate.,reported_public_series,CBN_NFEM_FX,Nigerian Foreign Exchange Market Rates,https://www.cbn.gov.ng/api/GetAllNFEM_Rates,https://www.cbn.gov.ng/rates/ExchRateByCurrency.html,2026-08-14T07:03:10.424961Z
2026-01-14,NGA,Nigeria,NGN,Nigerian naira,1420.0375,USD,LCU_per_USD,official_nfem_vwap,Nigerian Foreign Exchange Market volume-weighted average official rate.,reported_public_series,CBN_NFEM_FX,Nigerian Foreign Exchange Market Rates,https://www.cbn.gov.ng/api/GetAllNFEM_Rates,https://www.cbn.gov.ng/rates/ExchRateByCurrency.html,2026-08-14T07:03:10.424961Z
2026-01-15,NGA,Nigeria,NGN,Nigerian naira,1419.2844,USD,LCU_per_USD,official_nfem_vwap,Nigerian Foreign Exchange Market volume-weighted average official rate.,reported_public_series,CBN_NFEM_FX,Nigerian Foreign Exchange Market Rates,https://www.cbn.gov.ng/api/GetAllNFEM_Rates,https://www.cbn.gov.ng/rates/ExchRateByCurrency.html,2026-08-14T07:03:10.424961Z
2026-01-16,NGA,Nigeria,NGN,Nigerian naira,1417.9483,USD,LCU_per_USD,official_nfem_vwap,Nigerian Foreign Exchange Market volume-weighted average official rate.,reported_public_series,CBN_NFEM_FX,Nigerian Foreign Exchange Market Rates,https://www.cbn.gov.ng/api/GetAllNFEM_Rates,https://www.cbn.gov.ng/rates/ExchRateByCurrency.html,2026-08-14T07:03:10.424961Z
2026-01-19,NGA,Nigeria,NGN,Nigerian naira,1420.2814,USD,LCU_per_USD,official_nfem_vwap,Nigerian Foreign Exchange Market volume-weighted average official rate.,reported_public_series,CBN_NFEM_FX,Nigerian Foreign Exchange Market Rates,https://www.cbn.gov.ng/api/GetAllNFEM_Rates,https://www.cbn.gov.ng/rates/ExchRateByCurrency.html,2026-08-14T07:03:10.424961Z
2026-01-20,NGA,Nigeria,NGN,Nigerian naira,1419.3452,USD,LCU_per_USD,official_nfem_vwap,Nigerian Foreign Exchange Market volume-weighted average official rate.,reported_public_series,CBN_NFEM_FX,Nigerian Foreign Exchange Market Rates,https://www.cbn.gov.ng/api/GetAllNFEM_Rates,https://www.cbn.gov.ng/rates/ExchRateByCurrency.html,2026-08-14T07:03:10.424961Z
2026-01-21,NGA,Nigeria,NGN,Nigerian naira,1420.692,USD,LCU_per_USD,official_nfem_vwap,Nigerian Foreign Exchange Market volume-weighted average official rate.,reported_public_series,CBN_NFEM_FX,Nigerian Foreign Exchange Market Rates,https://www.cbn.gov.ng/api/GetAllNFEM_Rates,https://www.cbn.gov.ng/rates/ExchRateByCurrency.html,2026-08-14T07:03:10.424961Z
2026-01-22,NGA,Nigeria,NGN,Nigerian naira,1422.0703,USD,LCU_per_USD,official_nfem_vwap,Nigerian Foreign Exchange Market volume-weighted average official rate.,reported_public_series,CBN_NFEM_FX,Nigerian Foreign Exchange Market Rates,https://www.cbn.gov.ng/api/GetAllNFEM_Rates,https://www.cbn.gov.ng/rates/ExchRateByCurrency.html,2026-08-14T07:03:10.424961Z
2026-01-23,NGA,Nigeria,NGN,Nigerian naira,1421.6265,USD,LCU_per_USD,official_nfem_vwap,Nigerian Foreign Exchange Market volume-weighted average official rate.,reported_public_series,CBN_NFEM_FX,Nigerian Foreign Exchange Market Rates,https://www.cbn.gov.ng/api/GetAllNFEM_Rates,https://www.cbn.gov.ng/rates/ExchRateByCurrency.html,2026-08-14T07:03:10.424961Z
2026-01-26,NGA,Nigeria,NGN,Nigerian naira,1418.9522,USD,LCU_per_USD,official_nfem_vwap,Nigerian Foreign Exchange Market volume-weighted average official rate.,reported_public_series,CBN_NFEM_FX,Nigerian Foreign Exchange Market Rates,https://www.cbn.gov.ng/api/GetAllNFEM_Rates,https://www.cbn.gov.ng/rates/ExchRateByCurrency.html,2026-08-14T07:03:10.424961Z
2026-01-27,NGA,Nigeria,NGN,Nigerian naira,1401.2209,USD,LCU_per_USD,official_nfem_vwap,Nigerian Foreign Exchange Market volume-weighted average official rate.,reported_public_series,CBN_NFEM_FX,Nigerian Foreign Exchange Market Rates,https://www.cbn.gov.ng/api/GetAllNFEM_Rates,https://www.cbn.gov.ng/rates/ExchRateByCurrency.html,2026-08-14T07:03:10.424961Z
2026-01-28,NGA,Nigeria,NGN,Nigerian naira,1399.9503,USD,LCU_per_USD,official_nfem_vwap,Nigerian Foreign Exchange Market volume-weighted average official rate.,reported_public_series,CBN_NFEM_FX,Nigerian Foreign Exchange Market Rates,https://www.cbn.gov.ng/api/GetAllNFEM_Rates,https://www.cbn.gov.ng/rates/ExchRateByCurrency.html,2026-08-14T07:03:10.424961Z
2026-01-29,NGA,Nigeria,NGN,Nigerian naira,1396.9909,USD,LCU_per_USD,official_nfem_vwap,Nigerian Foreign Exchange Market volume-weighted average official rate.,reported_public_series,CBN_NFEM_FX,Nigerian Foreign Exchange Market Rates,https://www.cbn.gov.ng/api/GetAllNFEM_Rates,https://www.cbn.gov.ng/rates/ExchRateByCurrency.html,2026-08-14T07:03:10.424961Z
2026-01-30,NGA,Nigeria,NGN,Nigerian naira,1386.5532,USD,LCU_per_USD,official_nfem_vwap,Nigerian Foreign Exchange Market volume-weighted average official rate.,reported_public_series,CBN_NFEM_FX,Nigerian Foreign Exchange Market Rates,https://www.cbn.gov.ng/api/GetAllNFEM_Rates,https://www.cbn.gov.ng/rates/ExchRateByCurrency.html,2026-08-14T07:03:10.424961Z
2026-02-02,NGA,Nigeria,NGN,Nigerian naira,1390.3622,USD,LCU_per_USD,official_nfem_vwap,Nigerian Foreign Exchange Market volume-weighted average official rate.,reported_public_series,CBN_NFEM_FX,Nigerian Foreign Exchange Market Rates,https://www.cbn.gov.ng/api/GetAllNFEM_Rates,https://www.cbn.gov.ng/rates/ExchRateByCurrency.html,2026-08-14T07:03:10.424961Z
2026-02-03,NGA,Nigeria,NGN,Nigerian naira,1372.9142,USD,LCU_per_USD,official_nfem_vwap,Nigerian Foreign Exchange Market volume-weighted average official rate.,reported_public_series,CBN_NFEM_FX,Nigerian Foreign Exchange Market Rates,https://www.cbn.gov.ng/api/GetAllNFEM_Rates,https://www.cbn.gov.ng/rates/ExchRateByCurrency.html,2026-08-14T07:03:10.424961Z
2026-02-04,NGA,Nigeria,NGN,Nigerian naira,1358.2839,USD,LCU_per_USD,official_nfem_vwap,Nigerian Foreign Exchange Market volume-weighted average official rate.,reported_public_series,CBN_NFEM_FX,Nigerian Foreign Exchange Market Rates,https://www.cbn.gov.ng/api/GetAllNFEM_Rates,https://www.cbn.gov.ng/rates/ExchRateByCurrency.html,2026-08-14T07:03:10.424961Z
2026-02-05,NGA,Nigeria,NGN,Nigerian naira,1366.0573,USD,LCU_per_USD,official_nfem_vwap,Nigerian Foreign Exchange Market volume-weighted average official rate.,reported_public_series,CBN_NFEM_FX,Nigerian Foreign Exchange Market Rates,https://www.cbn.gov.ng/api/GetAllNFEM_Rates,https://www.cbn.gov.ng/rates/ExchRateByCurrency.html,2026-08-14T07:03:10.424961Z
2026-02-06,NGA,Nigeria,NGN,Nigerian naira,1366.1954,USD,LCU_per_USD,official_nfem_vwap,Nigerian Foreign Exchange Market volume-weighted average official rate.,reported_public_series,CBN_NFEM_FX,Nigerian Foreign Exchange Market Rates,https://www.cbn.gov.ng/api/GetAllNFEM_Rates,https://www.cbn.gov.ng/rates/ExchRateByCurrency.html,2026-08-14T07:03:10.424961Z
2026-02-09,NGA,Nigeria,NGN,Nigerian naira,1354.2574,USD,LCU_per_USD,official_nfem_vwap,Nigerian Foreign Exchange Market volume-weighted average official rate.,reported_public_series,CBN_NFEM_FX,Nigerian Foreign Exchange Market Rates,https://www.cbn.gov.ng/api/GetAllNFEM_Rates,https://www.cbn.gov.ng/rates/ExchRateByCurrency.html,2026-08-14T07:03:10.424961Z
2026-02-10,NGA,Nigeria,NGN,Nigerian naira,1351.0205,USD,LCU_per_USD,official_nfem_vwap,Nigerian Foreign Exchange Market volume-weighted average official rate.,reported_public_series,CBN_NFEM_FX,Nigerian Foreign Exchange Market Rates,https://www.cbn.gov.ng/api/GetAllNFEM_Rates,https://www.cbn.gov.ng/rates/ExchRateByCurrency.html,2026-08-14T07:03:10.424961Z
2026-02-11,NGA,Nigeria,NGN,Nigerian naira,1348.9529,USD,LCU_per_USD,official_nfem_vwap,Nigerian Foreign Exchange Market volume-weighted average official rate.,reported_public_series,CBN_NFEM_FX,Nigerian Foreign Exchange Market Rates,https://www.cbn.gov.ng/api/GetAllNFEM_Rates,https://www.cbn.gov.ng/rates/ExchRateByCurrency.html,2026-08-14T07:03:10.424961Z
2026-02-12,NGA,Nigeria,NGN,Nigerian naira,1353.6556,USD,LCU_per_USD,official_nfem_vwap,Nigerian Foreign Exchange Market volume-weighted average official rate.,reported_public_series,CBN_NFEM_FX,Nigerian Foreign Exchange Market Rates,https://www.cbn.gov.ng/api/GetAllNFEM_Rates,https://www.cbn.gov.ng/rates/ExchRateByCurrency.html,2026-08-14T07:03:10.424961Z
2026-02-13,NGA,Nigeria,NGN,Nigerian naira,1355.4181,USD,LCU_per_USD,official_nfem_vwap,Nigerian Foreign Exchange Market volume-weighted average official rate.,reported_public_series,CBN_NFEM_FX,Nigerian Foreign Exchange Market Rates,https://www.cbn.gov.ng/api/GetAllNFEM_Rates,https://www.cbn.gov.ng/rates/ExchRateByCurrency.html,2026-08-14T07:03:10.424961Z
2026-02-16,NGA,Nigeria,NGN,Nigerian naira,1347.7789,USD,LCU_per_USD,official_nfem_vwap,Nigerian Foreign Exchange Market volume-weighted average official rate.,reported_public_series,CBN_NFEM_FX,Nigerian Foreign Exchange Market Rates,https://www.cbn.gov.ng/api/GetAllNFEM_Rates,https://www.cbn.gov.ng/rates/ExchRateByCurrency.html,2026-08-14T07:03:10.424961Z
2026-02-17,NGA,Nigeria,NGN,Nigerian naira,1335.958,USD,LCU_per_USD,official_nfem_vwap,Nigerian Foreign Exchange Market volume-weighted average official rate.,reported_public_series,CBN_NFEM_FX,Nigerian Foreign Exchange Market Rates,https://www.cbn.gov.ng/api/GetAllNFEM_Rates,https://www.cbn.gov.ng/rates/ExchRateByCurrency.html,2026-08-14T07:03:10.424961Z
2026-02-18,NGA,Nigeria,NGN,Nigerian naira,1338.1066,USD,LCU_per_USD,official_nfem_vwap,Nigerian Foreign Exchange Market volume-weighted average official rate.,reported_public_series,CBN_NFEM_FX,Nigerian Foreign Exchange Market Rates,https://www.cbn.gov.ng/api/GetAllNFEM_Rates,https://www.cbn.gov.ng/rates/ExchRateByCurrency.html,2026-08-14T07:03:10.424961Z
2026-02-19,NGA,Nigeria,NGN,Nigerian naira,1341.3509,USD,LCU_per_USD,official_nfem_vwap,Nigerian Foreign Exchange Market volume-weighted average official rate.,reported_public_series,CBN_NFEM_FX,Nigerian Foreign Exchange Market Rates,https://www.cbn.gov.ng/api/GetAllNFEM_Rates,https://www.cbn.gov.ng/rates/ExchRateByCurrency.html,2026-08-14T07:03:10.424961Z
2026-02-20,NGA,Nigeria,NGN,Nigerian naira,1346.3234,USD,LCU_per_USD,official_nfem_vwap,Nigerian Foreign Exchange Market volume-weighted average official rate.,reported_public_series,CBN_NFEM_FX,Nigerian Foreign Exchange Market Rates,https://www.cbn.gov.ng/api/GetAllNFEM_Rates,https://www.cbn.gov.ng/rates/ExchRateByCurrency.html,2026-08-14T07:03:10.424961Z
2026-02-23,NGA,Nigeria,NGN,Nigerian naira,1349.2352,USD,LCU_per_USD,official_nfem_vwap,Nigerian Foreign Exchange Market volume-weighted average official rate.,reported_public_series,CBN_NFEM_FX,Nigerian Foreign Exchange Market Rates,https://www.cbn.gov.ng/api/GetAllNFEM_Rates,https://www.cbn.gov.ng/rates/ExchRateByCurrency.html,2026-08-14T07:03:10.424961Z
2026-02-24,NGA,Nigeria,NGN,Nigerian naira,1355.3745,USD,LCU_per_USD,official_nfem_vwap,Nigerian Foreign Exchange Market volume-weighted average official rate.,reported_public_series,CBN_NFEM_FX,Nigerian Foreign Exchange Market Rates,https://www.cbn.gov.ng/api/GetAllNFEM_Rates,https://www.cbn.gov.ng/rates/ExchRateByCurrency.html,2026-08-14T07:03:10.424961Z
2026-02-25,NGA,Nigeria,NGN,Nigerian naira,1356.1141,USD,LCU_per_USD,official_nfem_vwap,Nigerian Foreign Exchange Market volume-weighted average official rate.,reported_public_series,CBN_NFEM_FX,Nigerian Foreign Exchange Market Rates,https://www.cbn.gov.ng/api/GetAllNFEM_Rates,https://www.cbn.gov.ng/rates/ExchRateByCurrency.html,2026-08-14T07:03:10.424961Z
2026-02-26,NGA,Nigeria,NGN,Nigerian naira,1359.8181,USD,LCU_per_USD,official_nfem_vwap,Nigerian Foreign Exchange Market volume-weighted average official rate.,reported_public_series,CBN_NFEM_FX,Nigerian Foreign Exchange Market Rates,https://www.cbn.gov.ng/api/GetAllNFEM_Rates,https://www.cbn.gov.ng/rates/ExchRateByCurrency.html,2026-08-14T07:03:10.424961Z
2026-02-27,NGA,Nigeria,NGN,Nigerian naira,1363.3954,USD,LCU_per_USD,official_nfem_vwap,Nigerian Foreign Exchange Market volume-weighted average official rate.,reported_public_series,CBN_NFEM_FX,Nigerian Foreign Exchange Market Rates,https://www.cbn.gov.ng/api/GetAllNFEM_Rates,https://www.cbn.gov.ng/rates/ExchRateByCurrency.html,2026-08-14T07:03:10.424961Z
2026-03-02,NGA,Nigeria,NGN,Nigerian naira,1378.0246,USD,LCU_per_USD,official_nfem_vwap,Nigerian Foreign Exchange Market volume-weighted average official rate.,reported_public_series,CBN_NFEM_FX,Nigerian Foreign Exchange Market Rates,https://www.cbn.gov.ng/api/GetAllNFEM_Rates,https://www.cbn.gov.ng/rates/ExchRateByCurrency.html,2026-08-14T07:03:10.424961Z
2026-03-03,NGA,Nigeria,NGN,Nigerian naira,1384.292,USD,LCU_per_USD,official_nfem_vwap,Nigerian Foreign Exchange Market volume-weighted average official rate.,reported_public_series,CBN_NFEM_FX,Nigerian Foreign Exchange Market Rates,https://www.cbn.gov.ng/api/GetAllNFEM_Rates,https://www.cbn.gov.ng/rates/ExchRateByCurrency.html,2026-08-14T07:03:10.424961Z
2026-03-04,NGA,Nigeria,NGN,Nigerian naira,1387.0955,USD,LCU_per_USD,official_nfem_vwap,Nigerian Foreign Exchange Market volume-weighted average official rate.,reported_public_series,CBN_NFEM_FX,Nigerian Foreign Exchange Market Rates,https://www.cbn.gov.ng/api/GetAllNFEM_Rates,https://www.cbn.gov.ng/rates/ExchRateByCurrency.html,2026-08-14T07:03:10.424961Z
2026-03-05,NGA,Nigeria,NGN,Nigerian naira,1387.4475,USD,LCU_per_USD,official_nfem_vwap,Nigerian Foreign Exchange Market volume-weighted average official rate.,reported_public_series,CBN_NFEM_FX,Nigerian Foreign Exchange Market Rates,https://www.cbn.gov.ng/api/GetAllNFEM_Rates,https://www.cbn.gov.ng/rates/ExchRateByCurrency.html,2026-08-14T07:03:10.424961Z
2026-03-06,NGA,Nigeria,NGN,Nigerian naira,1393.2556,USD,LCU_per_USD,official_nfem_vwap,Nigerian Foreign Exchange Market volume-weighted average official rate.,reported_public_series,CBN_NFEM_FX,Nigerian Foreign Exchange Market Rates,https://www.cbn.gov.ng/api/GetAllNFEM_Rates,https://www.cbn.gov.ng/rates/ExchRateByCurrency.html,2026-08-14T07:03:10.424961Z
2026-03-09,NGA,Nigeria,NGN,Nigerian naira,1405.6238,USD,LCU_per_USD,official_nfem_vwap,Nigerian Foreign Exchange Market volume-weighted average official rate.,reported_public_series,CBN_NFEM_FX,Nigerian Foreign Exchange Market Rates,https://www.cbn.gov.ng/api/GetAllNFEM_Rates,https://www.cbn.gov.ng/rates/ExchRateByCurrency.html,2026-08-14T07:03:10.424961Z
2026-03-10,NGA,Nigeria,NGN,Nigerian naira,1401.4014,USD,LCU_per_USD,official_nfem_vwap,Nigerian Foreign Exchange Market volume-weighted average official rate.,reported_public_series,CBN_NFEM_FX,Nigerian Foreign Exchange Market Rates,https://www.cbn.gov.ng/api/GetAllNFEM_Rates,https://www.cbn.gov.ng/rates/ExchRateByCurrency.html,2026-08-14T07:03:10.424961Z
2026-03-11,NGA,Nigeria,NGN,Nigerian naira,1376.1925,USD,LCU_per_USD,official_nfem_vwap,Nigerian Foreign Exchange Market volume-weighted average official rate.,reported_public_series,CBN_NFEM_FX,Nigerian Foreign Exchange Market Rates,https://www.cbn.gov.ng/api/GetAllNFEM_Rates,https://www.cbn.gov.ng/rates/ExchRateByCurrency.html,2026-08-14T07:03:10.424961Z
2026-03-12,NGA,Nigeria,NGN,Nigerian naira,1371.5063,USD,LCU_per_USD,official_nfem_vwap,Nigerian Foreign Exchange Market volume-weighted average official rate.,reported_public_series,CBN_NFEM_FX,Nigerian Foreign Exchange Market Rates,https://www.cbn.gov.ng/api/GetAllNFEM_Rates,https://www.cbn.gov.ng/rates/ExchRateByCurrency.html,2026-08-14T07:03:10.424961Z
2026-03-13,NGA,Nigeria,NGN,Nigerian naira,1366.233,USD,LCU_per_USD,official_nfem_vwap,Nigerian Foreign Exchange Market volume-weighted average official rate.,reported_public_series,CBN_NFEM_FX,Nigerian Foreign Exchange Market Rates,https://www.cbn.gov.ng/api/GetAllNFEM_Rates,https://www.cbn.gov.ng/rates/ExchRateByCurrency.html,2026-08-14T07:03:10.424961Z
2026-03-16,NGA,Nigeria,NGN,Nigerian naira,1357.7697,USD,LCU_per_USD,official_nfem_vwap,Nigerian Foreign Exchange Market volume-weighted average official rate.,reported_public_series,CBN_NFEM_FX,Nigerian Foreign Exchange Market Rates,https://www.cbn.gov.ng/api/GetAllNFEM_Rates,https://www.cbn.gov.ng/rates/ExchRateByCurrency.html,2026-08-14T07:03:10.424961Z
2026-03-17,NGA,Nigeria,NGN,Nigerian naira,1344.4158,USD,LCU_per_USD,official_nfem_vwap,Nigerian Foreign Exchange Market volume-weighted average official rate.,reported_public_series,CBN_NFEM_FX,Nigerian Foreign Exchange Market Rates,https://www.cbn.gov.ng/api/GetAllNFEM_Rates,https://www.cbn.gov.ng/rates/ExchRateByCurrency.html,2026-08-14T07:03:10.424961Z
2026-03-18,NGA,Nigeria,NGN,Nigerian naira,1353.9018,USD,LCU_per_USD,official_nfem_vwap,Nigerian Foreign Exchange Market volume-weighted average official rate.,reported_public_series,CBN_NFEM_FX,Nigerian Foreign Exchange Market Rates,https://www.cbn.gov.ng/api/GetAllNFEM_Rates,https://www.cbn.gov.ng/rates/ExchRateByCurrency.html,2026-08-14T07:03:10.424961Z
2026-03-23,NGA,Nigeria,NGN,Nigerian naira,1388.3841,USD,LCU_per_USD,official_nfem_vwap,Nigerian Foreign Exchange Market volume-weighted average official rate.,reported_public_series,CBN_NFEM_FX,Nigerian Foreign Exchange Market Rates,https://www.cbn.gov.ng/api/GetAllNFEM_Rates,https://www.cbn.gov.ng/rates/ExchRateByCurrency.html,2026-08-14T07:03:10.424961Z
2026-03-24,NGA,Nigeria,NGN,Nigerian naira,1382.6325,USD,LCU_per_USD,official_nfem_vwap,Nigerian Foreign Exchange Market volume-weighted average official rate.,reported_public_series,CBN_NFEM_FX,Nigerian Foreign Exchange Market Rates,https://www.cbn.gov.ng/api/GetAllNFEM_Rates,https://www.cbn.gov.ng/rates/ExchRateByCurrency.html,2026-08-14T07:03:10.424961Z
2026-03-25,NGA,Nigeria,NGN,Nigerian naira,1386.7049,USD,LCU_per_USD,official_nfem_vwap,Nigerian Foreign Exchange Market volume-weighted average official rate.,reported_public_series,CBN_NFEM_FX,Nigerian Foreign Exchange Market Rates,https://www.cbn.gov.ng/api/GetAllNFEM_Rates,https://www.cbn.gov.ng/rates/ExchRateByCurrency.html,2026-08-14T07:03:10.424961Z
2026-03-26,NGA,Nigeria,NGN,Nigerian naira,1383.883,USD,LCU_per_USD,official_nfem_vwap,Nigerian Foreign Exchange Market volume-weighted average official rate.,reported_public_series,CBN_NFEM_FX,Nigerian Foreign Exchange Market Rates,https://www.cbn.gov.ng/api/GetAllNFEM_Rates,https://www.cbn.gov.ng/rates/ExchRateByCurrency.html,2026-08-14T07:03:10.424961Z
2026-03-27,NGA,Nigeria,NGN,Nigerian naira,1380.5766,USD,LCU_per_USD,official_nfem_vwap,Nigerian Foreign Exchange Market volume-weighted average official rate.,reported_public_series,CBN_NFEM_FX,Nigerian Foreign Exchange Market Rates,https://www.cbn.gov.ng/api/GetAllNFEM_Rates,https://www.cbn.gov.ng/rates/ExchRateByCurrency.html,2026-08-14T07:03:10.424961Z
2026-03-30,NGA,Nigeria,NGN,Nigerian naira,1383.5814,USD,LCU_per_USD,official_nfem_vwap,Nigerian Foreign Exchange Market volume-weighted average official rate.,reported_public_series,CBN_NFEM_FX,Nigerian Foreign Exchange Market Rates,https://www.cbn.gov.ng/api/GetAllNFEM_Rates,https://www.cbn.gov.ng/rates/ExchRateByCurrency.html,2026-08-14T07:03:10.424961Z
2026-03-31,NGA,Nigeria,NGN,Nigerian naira,1386.7156,USD,LCU_per_USD,official_nfem_vwap,Nigerian Foreign Exchange Market volume-weighted average official rate.,reported_public_series,CBN_NFEM_FX,Nigerian Foreign Exchange Market Rates,https://www.cbn.gov.ng/api/GetAllNFEM_Rates,https://www.cbn.gov.ng/rates/ExchRateByCurrency.html,2026-08-14T07:03:10.424961Z
2026-04-01,NGA,Nigeria,NGN,Nigerian naira,1378.7011,USD,LCU_per_USD,official_nfem_vwap,Nigerian Foreign Exchange Market volume-weighted average official rate.,reported_public_series,CBN_NFEM_FX,Nigerian Foreign Exchange Market Rates,https://www.cbn.gov.ng/api/GetAllNFEM_Rates,https://www.cbn.gov.ng/rates/ExchRateByCurrency.html,2026-08-14T07:03:10.424961Z
2026-04-02,NGA,Nigeria,NGN,Nigerian naira,1380.7942,USD,LCU_per_USD,official_nfem_vwap,Nigerian Foreign Exchange Market volume-weighted average official rate.,reported_public_series,CBN_NFEM_FX,Nigerian Foreign Exchange Market Rates,https://www.cbn.gov.ng/api/GetAllNFEM_Rates,https://www.cbn.gov.ng/rates/ExchRateByCurrency.html,2026-08-14T07:03:10.424961Z
2026-04-07,NGA,Nigeria,NGN,Nigerian naira,1386.6573,USD,LCU_per_USD,official_nfem_vwap,Nigerian Foreign Exchange Market volume-weighted average official rate.,reported_public_series,CBN_NFEM_FX,Nigerian Foreign Exchange Market Rates,https://www.cbn.gov.ng/api/GetAllNFEM_Rates,https://www.cbn.gov.ng/rates/ExchRateByCurrency.html,2026-08-14T07:03:10.424961Z
2026-04-08,NGA,Nigeria,NGN,Nigerian naira,1371.8224,USD,LCU_per_USD,official_nfem_vwap,Nigerian Foreign Exchange Market volume-weighted average official rate.,reported_public_series,CBN_NFEM_FX,Nigerian Foreign Exchange Market Rates,https://www.cbn.gov.ng/api/GetAllNFEM_Rates,https://www.cbn.gov.ng/rates/ExchRateByCurrency.html,2026-08-14T07:03:10.424961Z
2026-04-09,NGA,Nigeria,NGN,Nigerian naira,1359.3156,USD,LCU_per_USD,official_nfem_vwap,Nigerian Foreign Exchange Market volume-weighted average official rate.,reported_public_series,CBN_NFEM_FX,Nigerian Foreign Exchange Market Rates,https://www.cbn.gov.ng/api/GetAllNFEM_Rates,https://www.cbn.gov.ng/rates/ExchRateByCurrency.html,2026-08-14T07:03:10.424961Z
2026-04-10,NGA,Nigeria,NGN,Nigerian naira,1356.8898,USD,LCU_per_USD,official_nfem_vwap,Nigerian Foreign Exchange Market volume-weighted average official rate.,reported_public_series,CBN_NFEM_FX,Nigerian Foreign Exchange Market Rates,https://www.cbn.gov.ng/api/GetAllNFEM_Rates,https://www.cbn.gov.ng/rates/ExchRateByCurrency.html,2026-08-14T07:03:10.424961Z
2026-04-13,NGA,Nigeria,NGN,Nigerian naira,1356.1852,USD,LCU_per_USD,official_nfem_vwap,Nigerian Foreign Exchange Market volume-weighted average official rate.,reported_public_series,CBN_NFEM_FX,Nigerian Foreign Exchange Market Rates,https://www.cbn.gov.ng/api/GetAllNFEM_Rates,https://www.cbn.gov.ng/rates/ExchRateByCurrency.html,2026-08-14T07:03:10.424961Z
2026-04-14,NGA,Nigeria,NGN,Nigerian naira,1343.7658,USD,LCU_per_USD,official_nfem_vwap,Nigerian Foreign Exchange Market volume-weighted average official rate.,reported_public_series,CBN_NFEM_FX,Nigerian Foreign Exchange Market Rates,https://www.cbn.gov.ng/api/GetAllNFEM_Rates,https://www.cbn.gov.ng/rates/ExchRateByCurrency.html,2026-08-14T07:03:10.424961Z
2026-04-15,NGA,Nigeria,NGN,Nigerian naira,1343.7409,USD,LCU_per_USD,official_nfem_vwap,Nigerian Foreign Exchange Market volume-weighted average official rate.,reported_public_series,CBN_NFEM_FX,Nigerian Foreign Exchange Market Rates,https://www.cbn.gov.ng/api/GetAllNFEM_Rates,https://www.cbn.gov.ng/rates/ExchRateByCurrency.html,2026-08-14T07:03:10.424961Z
2026-04-16,NGA,Nigeria,NGN,Nigerian naira,1342.3037,USD,LCU_per_USD,official_nfem_vwap,Nigerian Foreign Exchange Market volume-weighted average official rate.,reported_public_series,CBN_NFEM_FX,Nigerian Foreign Exchange Market Rates,https://www.cbn.gov.ng/api/GetAllNFEM_Rates,https://www.cbn.gov.ng/rates/ExchRateByCurrency.html,2026-08-14T07:03:10.424961Z
2026-04-17,NGA,Nigeria,NGN,Nigerian naira,1343.6398,USD,LCU_per_USD,official_nfem_vwap,Nigerian Foreign Exchange Market volume-weighted average official rate.,reported_public_series,CBN_NFEM_FX,Nigerian Foreign Exchange Market Rates,https://www.cbn.gov.ng/api/GetAllNFEM_Rates,https://www.cbn.gov.ng/rates/ExchRateByCurrency.html,2026-08-14T07:03:10.424961Z
2026-04-20,NGA,Nigeria,NGN,Nigerian naira,1349.6737,USD,LCU_per_USD,official_nfem_vwap,Nigerian Foreign Exchange Market volume-weighted average official rate.,reported_public_series,CBN_NFEM_FX,Nigerian Foreign Exchange Market Rates,https://www.cbn.gov.ng/api/GetAllNFEM_Rates,https://www.cbn.gov.ng/rates/ExchRateByCurrency.html,2026-08-14T07:03:10.424961Z
2026-04-21,NGA,Nigeria,NGN,Nigerian naira,1350.7402,USD,LCU_per_USD,official_nfem_vwap,Nigerian Foreign Exchange Market volume-weighted average official rate.,reported_public_series,CBN_NFEM_FX,Nigerian Foreign Exchange Market Rates,https://www.cbn.gov.ng/api/GetAllNFEM_Rates,https://www.cbn.gov.ng/rates/ExchRateByCurrency.html,2026-08-14T07:03:10.424961Z
2026-04-22,NGA,Nigeria,NGN,Nigerian naira,1348.4492,USD,LCU_per_USD,official_nfem_vwap,Nigerian Foreign Exchange Market volume-weighted average official rate.,reported_public_series,CBN_NFEM_FX,Nigerian Foreign Exchange Market Rates,https://www.cbn.gov.ng/api/GetAllNFEM_Rates,https://www.cbn.gov.ng/rates/ExchRateByCurrency.html,2026-08-14T07:03:10.424961Z
2026-04-23,NGA,Nigeria,NGN,Nigerian naira,1353.9081,USD,LCU_per_USD,official_nfem_vwap,Nigerian Foreign Exchange Market volume-weighted average official rate.,reported_public_series,CBN_NFEM_FX,Nigerian Foreign Exchange Market Rates,https://www.cbn.gov.ng/api/GetAllNFEM_Rates,https://www.cbn.gov.ng/rates/ExchRateByCurrency.html,2026-08-14T07:03:10.424961Z
2026-04-24,NGA,Nigeria,NGN,Nigerian naira,1358.4351,USD,LCU_per_USD,official_nfem_vwap,Nigerian Foreign Exchange Market volume-weighted average official rate.,reported_public_series,CBN_NFEM_FX,Nigerian Foreign Exchange Market Rates,https://www.cbn.gov.ng/api/GetAllNFEM_Rates,https://www.cbn.gov.ng/rates/ExchRateByCurrency.html,2026-08-14T07:03:10.424961Z
2026-04-27,NGA,Nigeria,NGN,Nigerian naira,1364.2374,USD,LCU_per_USD,official_nfem_vwap,Nigerian Foreign Exchange Market volume-weighted average official rate.,reported_public_series,CBN_NFEM_FX,Nigerian Foreign Exchange Market Rates,https://www.cbn.gov.ng/api/GetAllNFEM_Rates,https://www.cbn.gov.ng/rates/ExchRateByCurrency.html,2026-08-14T07:03:10.424961Z
2026-04-28,NGA,Nigeria,NGN,Nigerian naira,1380.7066,USD,LCU_per_USD,official_nfem_vwap,Nigerian Foreign Exchange Market volume-weighted average official rate.,reported_public_series,CBN_NFEM_FX,Nigerian Foreign Exchange Market Rates,https://www.cbn.gov.ng/api/GetAllNFEM_Rates,https://www.cbn.gov.ng/rates/ExchRateByCurrency.html,2026-08-14T07:03:10.424961Z
2026-04-29,NGA,Nigeria,NGN,Nigerian naira,1379.4605,USD,LCU_per_USD,official_nfem_vwap,Nigerian Foreign Exchange Market volume-weighted average official rate.,reported_public_series,CBN_NFEM_FX,Nigerian Foreign Exchange Market Rates,https://www.cbn.gov.ng/api/GetAllNFEM_Rates,https://www.cbn.gov.ng/rates/ExchRateByCurrency.html,2026-08-14T07:03:10.424961Z
2026-04-30,NGA,Nigeria,NGN,Nigerian naira,1374.9431,USD,LCU_per_USD,official_nfem_vwap,Nigerian Foreign Exchange Market volume-weighted average official rate.,reported_public_series,CBN_NFEM_FX,Nigerian Foreign Exchange Market Rates,https://www.cbn.gov.ng/api/GetAllNFEM_Rates,https://www.cbn.gov.ng/rates/ExchRateByCurrency.html,2026-08-14T07:03:10.424961Z
2026-05-04,NGA,Nigeria,NGN,Nigerian naira,1365.2474,USD,LCU_per_USD,official_nfem_vwap,Nigerian Foreign Exchange Market volume-weighted average official rate.,reported_public_series,CBN_NFEM_FX,Nigerian Foreign Exchange Market Rates,https://www.cbn.gov.ng/api/GetAllNFEM_Rates,https://www.cbn.gov.ng/rates/ExchRateByCurrency.html,2026-08-14T07:03:10.424961Z
2026-05-05,NGA,Nigeria,NGN,Nigerian naira,1366.5592,USD,LCU_per_USD,official_nfem_vwap,Nigerian Foreign Exchange Market volume-weighted average official rate.,reported_public_series,CBN_NFEM_FX,Nigerian Foreign Exchange Market Rates,https://www.cbn.gov.ng/api/GetAllNFEM_Rates,https://www.cbn.gov.ng/rates/ExchRateByCurrency.html,2026-08-14T07:03:10.424961Z
2026-05-06,NGA,Nigeria,NGN,Nigerian naira,1357.3371,USD,LCU_per_USD,official_nfem_vwap,Nigerian Foreign Exchange Market volume-weighted average official rate.,reported_public_series,CBN_NFEM_FX,Nigerian Foreign Exchange Market Rates,https://www.cbn.gov.ng/api/GetAllNFEM_Rates,https://www.cbn.gov.ng/rates/ExchRateByCurrency.html,2026-08-14T07:03:10.424961Z
2026-05-07,NGA,Nigeria,NGN,Nigerian naira,1355.8502,USD,LCU_per_USD,official_nfem_vwap,Nigerian Foreign Exchange Market volume-weighted average official rate.,reported_public_series,CBN_NFEM_FX,Nigerian Foreign Exchange Market Rates,https://www.cbn.gov.ng/api/GetAllNFEM_Rates,https://www.cbn.gov.ng/rates/ExchRateByCurrency.html,2026-08-14T07:03:10.424961Z
2026-05-08,NGA,Nigeria,NGN,Nigerian naira,1361.395,USD,LCU_per_USD,official_nfem_vwap,Nigerian Foreign Exchange Market volume-weighted average official rate.,reported_public_series,CBN_NFEM_FX,Nigerian Foreign Exchange Market Rates,https://www.cbn.gov.ng/api/GetAllNFEM_Rates,https://www.cbn.gov.ng/rates/ExchRateByCurrency.html,2026-08-14T07:03:10.424961Z
2026-05-11,NGA,Nigeria,NGN,Nigerian naira,1373.164,USD,LCU_per_USD,official_nfem_vwap,Nigerian Foreign Exchange Market volume-weighted average official rate.,reported_public_series,CBN_NFEM_FX,Nigerian Foreign Exchange Market Rates,https://www.cbn.gov.ng/api/GetAllNFEM_Rates,https://www.cbn.gov.ng/rates/ExchRateByCurrency.html,2026-08-14T07:03:10.424961Z
2026-05-12,NGA,Nigeria,NGN,Nigerian naira,1375.6219,USD,LCU_per_USD,official_nfem_vwap,Nigerian Foreign Exchange Market volume-weighted average official rate.,reported_public_series,CBN_NFEM_FX,Nigerian Foreign Exchange Market Rates,https://www.cbn.gov.ng/api/GetAllNFEM_Rates,https://www.cbn.gov.ng/rates/ExchRateByCurrency.html,2026-08-14T07:03:10.424961Z
2026-05-13,NGA,Nigeria,NGN,Nigerian naira,1370.56,USD,LCU_per_USD,official_nfem_vwap,Nigerian Foreign Exchange Market volume-weighted average official rate.,reported_public_series,CBN_NFEM_FX,Nigerian Foreign Exchange Market Rates,https://www.cbn.gov.ng/api/GetAllNFEM_Rates,https://www.cbn.gov.ng/rates/ExchRateByCurrency.html,2026-08-14T07:03:10.424961Z
2026-05-14,NGA,Nigeria,NGN,Nigerian naira,1370.8862,USD,LCU_per_USD,official_nfem_vwap,Nigerian Foreign Exchange Market volume-weighted average official rate.,reported_public_series,CBN_NFEM_FX,Nigerian Foreign Exchange Market Rates,https://www.cbn.gov.ng/api/GetAllNFEM_Rates,https://www.cbn.gov.ng/rates/ExchRateByCurrency.html,2026-08-14T07:03:10.424961Z
2026-05-15,NGA,Nigeria,NGN,Nigerian naira,1371.0391,USD,LCU_per_USD,official_nfem_vwap,Nigerian Foreign Exchange Market volume-weighted average official rate.,reported_public_series,CBN_NFEM_FX,Nigerian Foreign Exchange Market Rates,https://www.cbn.gov.ng/api/GetAllNFEM_Rates,https://www.cbn.gov.ng/rates/ExchRateByCurrency.html,2026-08-14T07:03:10.424961Z
2026-05-18,NGA,Nigeria,NGN,Nigerian naira,1373.7004,USD,LCU_per_USD,official_nfem_vwap,Nigerian Foreign Exchange Market volume-weighted average official rate.,reported_public_series,CBN_NFEM_FX,Nigerian Foreign Exchange Market Rates,https://www.cbn.gov.ng/api/GetAllNFEM_Rates,https://www.cbn.gov.ng/rates/ExchRateByCurrency.html,2026-08-14T07:03:10.424961Z
2026-05-19,NGA,Nigeria,NGN,Nigerian naira,1373.8717,USD,LCU_per_USD,official_nfem_vwap,Nigerian Foreign Exchange Market volume-weighted average official rate.,reported_public_series,CBN_NFEM_FX,Nigerian Foreign Exchange Market Rates,https://www.cbn.gov.ng/api/GetAllNFEM_Rates,https://www.cbn.gov.ng/rates/ExchRateByCurrency.html,2026-08-14T07:03:10.424961Z
2026-05-20,NGA,Nigeria,NGN,Nigerian naira,1373.3431,USD,LCU_per_USD,official_nfem_vwap,Nigerian Foreign Exchange Market volume-weighted average official rate.,reported_public_series,CBN_NFEM_FX,Nigerian Foreign Exchange Market Rates,https://www.cbn.gov.ng/api/GetAllNFEM_Rates,https://www.cbn.gov.ng/rates/ExchRateByCurrency.html,2026-08-14T07:03:10.424961Z
2026-05-21,NGA,Nigeria,NGN,Nigerian naira,1372.3079,USD,LCU_per_USD,official_nfem_vwap,Nigerian Foreign Exchange Market volume-weighted average official rate.,reported_public_series,CBN_NFEM_FX,Nigerian Foreign Exchange Market Rates,https://www.cbn.gov.ng/api/GetAllNFEM_Rates,https://www.cbn.gov.ng/rates/ExchRateByCurrency.html,2026-08-14T07:03:10.424961Z
2026-05-22,NGA,Nigeria,NGN,Nigerian naira,1375.458,USD,LCU_per_USD,official_nfem_vwap,Nigerian Foreign Exchange Market volume-weighted average official rate.,reported_public_series,CBN_NFEM_FX,Nigerian Foreign Exchange Market Rates,https://www.cbn.gov.ng/api/GetAllNFEM_Rates,https://www.cbn.gov.ng/rates/ExchRateByCurrency.html,2026-08-14T07:03:10.424961Z
2026-05-25,NGA,Nigeria,NGN,Nigerian naira,1374.9172,USD,LCU_per_USD,official_nfem_vwap,Nigerian Foreign Exchange Market volume-weighted average official rate.,reported_public_series,CBN_NFEM_FX,Nigerian Foreign Exchange Market Rates,https://www.cbn.gov.ng/api/GetAllNFEM_Rates,https://www.cbn.gov.ng/rates/ExchRateByCurrency.html,2026-08-14T07:03:10.424961Z
2026-05-26,NGA,Nigeria,NGN,Nigerian naira,1375.4073,USD,LCU_per_USD,official_nfem_vwap,Nigerian Foreign Exchange Market volume-weighted average official rate.,reported_public_series,CBN_NFEM_FX,Nigerian Foreign Exchange Market Rates,https://www.cbn.gov.ng/api/GetAllNFEM_Rates,https://www.cbn.gov.ng/rates/ExchRateByCurrency.html,2026-08-14T07:03:10.424961Z
2026-05-29,NGA,Nigeria,NGN,Nigerian naira,1373.2545,USD,LCU_per_USD,official_nfem_vwap,Nigerian Foreign Exchange Market volume-weighted average official rate.,reported_public_series,CBN_NFEM_FX,Nigerian Foreign Exchange Market Rates,https://www.cbn.gov.ng/api/GetAllNFEM_Rates,https://www.cbn.gov.ng/rates/ExchRateByCurrency.html,2026-08-14T07:03:10.424961Z
2026-06-01,NGA,Nigeria,NGN,Nigerian naira,1366.795,USD,LCU_per_USD,official_nfem_vwap,Nigerian Foreign Exchange Market volume-weighted average official rate.,reported_public_series,CBN_NFEM_FX,Nigerian Foreign Exchange Market Rates,https://www.cbn.gov.ng/api/GetAllNFEM_Rates,https://www.cbn.gov.ng/rates/ExchRateByCurrency.html,2026-08-14T07:03:10.424961Z
2026-06-02,NGA,Nigeria,NGN,Nigerian naira,1361.0497,USD,LCU_per_USD,official_nfem_vwap,Nigerian Foreign Exchange Market volume-weighted average official rate.,reported_public_series,CBN_NFEM_FX,Nigerian Foreign Exchange Market Rates,https://www.cbn.gov.ng/api/GetAllNFEM_Rates,https://www.cbn.gov.ng/rates/ExchRateByCurrency.html,2026-08-14T07:03:10.424961Z
2026-06-03,NGA,Nigeria,NGN,Nigerian naira,1357.2615,USD,LCU_per_USD,official_nfem_vwap,Nigerian Foreign Exchange Market volume-weighted average official rate.,reported_public_series,CBN_NFEM_FX,Nigerian Foreign Exchange Market Rates,https://www.cbn.gov.ng/api/GetAllNFEM_Rates,https://www.cbn.gov.ng/rates/ExchRateByCurrency.html,2026-08-14T07:03:10.424961Z
2026-06-04,NGA,Nigeria,NGN,Nigerian naira,1358.7478,USD,LCU_per_USD,official_nfem_vwap,Nigerian Foreign Exchange Market volume-weighted average official rate.,reported_public_series,CBN_NFEM_FX,Nigerian Foreign Exchange Market Rates,https://www.cbn.gov.ng/api/GetAllNFEM_Rates,https://www.cbn.gov.ng/rates/ExchRateByCurrency.html,2026-08-14T07:03:10.424961Z
2026-06-05,NGA,Nigeria,NGN,Nigerian naira,1362.2123,USD,LCU_per_USD,official_nfem_vwap,Nigerian Foreign Exchange Market volume-weighted average official rate.,reported_public_series,CBN_NFEM_FX,Nigerian Foreign Exchange Market Rates,https://www.cbn.gov.ng/api/GetAllNFEM_Rates,https://www.cbn.gov.ng/rates/ExchRateByCurrency.html,2026-08-14T07:03:10.424961Z
2026-06-08,NGA,Nigeria,NGN,Nigerian naira,1362.8397,USD,LCU_per_USD,official_nfem_vwap,Nigerian Foreign Exchange Market volume-weighted average official rate.,reported_public_series,CBN_NFEM_FX,Nigerian Foreign Exchange Market Rates,https://www.cbn.gov.ng/api/GetAllNFEM_Rates,https://www.cbn.gov.ng/rates/ExchRateByCurrency.html,2026-08-14T07:03:10.424961Z
2026-06-09,NGA,Nigeria,NGN,Nigerian naira,1360.5519,USD,LCU_per_USD,official_nfem_vwap,Nigerian Foreign Exchange Market volume-weighted average official rate.,reported_public_series,CBN_NFEM_FX,Nigerian Foreign Exchange Market Rates,https://www.cbn.gov.ng/api/GetAllNFEM_Rates,https://www.cbn.gov.ng/rates/ExchRateByCurrency.html,2026-08-14T07:03:10.424961Z
2026-06-10,NGA,Nigeria,NGN,Nigerian naira,1362.0549,USD,LCU_per_USD,official_nfem_vwap,Nigerian Foreign Exchange Market volume-weighted average official rate.,reported_public_series,CBN_NFEM_FX,Nigerian Foreign Exchange Market Rates,https://www.cbn.gov.ng/api/GetAllNFEM_Rates,https://www.cbn.gov.ng/rates/ExchRateByCurrency.html,2026-08-14T07:03:10.424961Z
2026-06-11,NGA,Nigeria,NGN,Nigerian naira,1363.825,USD,LCU_per_USD,official_nfem_vwap,Nigerian Foreign Exchange Market volume-weighted average official rate.,reported_public_series,CBN_NFEM_FX,Nigerian Foreign Exchange Market Rates,https://www.cbn.gov.ng/api/GetAllNFEM_Rates,https://www.cbn.gov.ng/rates/ExchRateByCurrency.html,2026-08-14T07:03:10.424961Z
2026-06-15,NGA,Nigeria,NGN,Nigerian naira,1356.2704,USD,LCU_per_USD,official_nfem_vwap,Nigerian Foreign Exchange Market volume-weighted average official rate.,reported_public_series,CBN_NFEM_FX,Nigerian Foreign Exchange Market Rates,https://www.cbn.gov.ng/api/GetAllNFEM_Rates,https://www.cbn.gov.ng/rates/ExchRateByCurrency.html,2026-08-14T07:03:10.424961Z
2026-06-16,NGA,Nigeria,NGN,Nigerian naira,1357.1808,USD,LCU_per_USD,official_nfem_vwap,Nigerian Foreign Exchange Market volume-weighted average official rate.,reported_public_series,CBN_NFEM_FX,Nigerian Foreign Exchange Market Rates,https://www.cbn.gov.ng/api/GetAllNFEM_Rates,https://www.cbn.gov.ng/rates/ExchRateByCurrency.html,2026-08-14T07:03:10.424961Z
2026-06-17,NGA,Nigeria,NGN,Nigerian naira,1360.0725,USD,LCU_per_USD,official_nfem_vwap,Nigerian Foreign Exchange Market volume-weighted average official rate.,reported_public_series,CBN_NFEM_FX,Nigerian Foreign Exchange Market Rates,https://www.cbn.gov.ng/api/GetAllNFEM_Rates,https://www.cbn.gov.ng/rates/ExchRateByCurrency.html,2026-08-14T07:03:10.424961Z
2026-06-18,NGA,Nigeria,NGN,Nigerian naira,1363.304,USD,LCU_per_USD,official_nfem_vwap,Nigerian Foreign Exchange Market volume-weighted average official rate.,reported_public_series,CBN_NFEM_FX,Nigerian Foreign Exchange Market Rates,https://www.cbn.gov.ng/api/GetAllNFEM_Rates,https://www.cbn.gov.ng/rates/ExchRateByCurrency.html,2026-08-14T07:03:10.424961Z
2026-06-19,NGA,Nigeria,NGN,Nigerian naira,1370.4556,USD,LCU_per_USD,official_nfem_vwap,Nigerian Foreign Exchange Market volume-weighted average official rate.,reported_public_series,CBN_NFEM_FX,Nigerian Foreign Exchange Market Rates,https://www.cbn.gov.ng/api/GetAllNFEM_Rates,https://www.cbn.gov.ng/rates/ExchRateByCurrency.html,2026-08-14T07:03:10.424961Z
2026-06-22,NGA,Nigeria,NGN,Nigerian naira,1369.1064,USD,LCU_per_USD,official_nfem_vwap,Nigerian Foreign Exchange Market volume-weighted average official rate.,reported_public_series,CBN_NFEM_FX,Nigerian Foreign Exchange Market Rates,https://www.cbn.gov.ng/api/GetAllNFEM_Rates,https://www.cbn.gov.ng/rates/ExchRateByCurrency.html,2026-08-14T07:03:10.424961Z
2026-06-23,NGA,Nigeria,NGN,Nigerian naira,1370.6373,USD,LCU_per_USD,official_nfem_vwap,Nigerian Foreign Exchange Market volume-weighted average official rate.,reported_public_series,CBN_NFEM_FX,Nigerian Foreign Exchange Market Rates,https://www.cbn.gov.ng/api/GetAllNFEM_Rates,https://www.cbn.gov.ng/rates/ExchRateByCurrency.html,2026-08-14T07:03:10.424961Z
2026-06-24,NGA,Nigeria,NGN,Nigerian naira,1380.0775,USD,LCU_per_USD,official_nfem_vwap,Nigerian Foreign Exchange Market volume-weighted average official rate.,reported_public_series,CBN_NFEM_FX,Nigerian Foreign Exchange Market Rates,https://www.cbn.gov.ng/api/GetAllNFEM_Rates,https://www.cbn.gov.ng/rates/ExchRateByCurrency.html,2026-08-14T07:03:10.424961Z
2026-06-25,NGA,Nigeria,NGN,Nigerian naira,1380.1079,USD,LCU_per_USD,official_nfem_vwap,Nigerian Foreign Exchange Market volume-weighted average official rate.,reported_public_series,CBN_NFEM_FX,Nigerian Foreign Exchange Market Rates,https://www.cbn.gov.ng/api/GetAllNFEM_Rates,https://www.cbn.gov.ng/rates/ExchRateByCurrency.html,2026-08-14T07:03:10.424961Z
2026-06-26,NGA,Nigeria,NGN,Nigerian naira,1380.9329,USD,LCU_per_USD,official_nfem_vwap,Nigerian Foreign Exchange Market volume-weighted average official rate.,reported_public_series,CBN_NFEM_FX,Nigerian Foreign Exchange Market Rates,https://www.cbn.gov.ng/api/GetAllNFEM_Rates,https://www.cbn.gov.ng/rates/ExchRateByCurrency.html,2026-08-14T07:03:10.424961Z
2026-06-29,NGA,Nigeria,NGN,Nigerian naira,1383.6262,USD,LCU_per_USD,official_nfem_vwap,Nigerian Foreign Exchange Market volume-weighted average official rate.,reported_public_series,CBN_NFEM_FX,Nigerian Foreign Exchange Market Rates,https://www.cbn.gov.ng/api/GetAllNFEM_Rates,https://www.cbn.gov.ng/rates/ExchRateByCurrency.html,2026-08-14T07:03:10.424961Z
2026-06-30,NGA,Nigeria,NGN,Nigerian naira,1379.6842,USD,LCU_per_USD,official_nfem_vwap,Nigerian Foreign Exchange Market volume-weighted average official rate.,reported_public_series,CBN_NFEM_FX,Nigerian Foreign Exchange Market Rates,https://www.cbn.gov.ng/api/GetAllNFEM_Rates,https://www.cbn.gov.ng/rates/ExchRateByCurrency.html,2026-08-14T07:03:10.424961Z
2026-07-01,NGA,Nigeria,NGN,Nigerian naira,1372.4072,USD,LCU_per_USD,official_nfem_vwap,Nigerian Foreign Exchange Market volume-weighted average official rate.,reported_public_series,CBN_NFEM_FX,Nigerian Foreign Exchange Market Rates,https://www.cbn.gov.ng/api/GetAllNFEM_Rates,https://www.cbn.gov.ng/rates/ExchRateByCurrency.html,2026-08-14T07:03:10.424961Z
2026-07-02,NGA,Nigeria,NGN,Nigerian naira,1370.1516,USD,LCU_per_USD,official_nfem_vwap,Nigerian Foreign Exchange Market volume-weighted average official rate.,reported_public_series,CBN_NFEM_FX,Nigerian Foreign Exchange Market Rates,https://www.cbn.gov.ng/api/GetAllNFEM_Rates,https://www.cbn.gov.ng/rates/ExchRateByCurrency.html,2026-08-14T07:03:10.424961Z
2026-07-03,NGA,Nigeria,NGN,Nigerian naira,1370.1904,USD,LCU_per_USD,official_nfem_vwap,Nigerian Foreign Exchange Market volume-weighted average official rate.,reported_public_series,CBN_NFEM_FX,Nigerian Foreign Exchange Market Rates,https://www.cbn.gov.ng/api/GetAllNFEM_Rates,https://www.cbn.gov.ng/rates/ExchRateByCurrency.html,2026-08-14T07:03:10.424961Z
2026-07-06,NGA,Nigeria,NGN,Nigerian naira,1368.2664,USD,LCU_per_USD,official_nfem_vwap,Nigerian Foreign Exchange Market volume-weighted average official rate.,reported_public_series,CBN_NFEM_FX,Nigerian Foreign Exchange Market Rates,https://www.cbn.gov.ng/api/GetAllNFEM_Rates,https://www.cbn.gov.ng/rates/ExchRateByCurrency.html,2026-08-14T07:03:10.424961Z
2026-07-07,NGA,Nigeria,NGN,Nigerian naira,1375.7463,USD,LCU_per_USD,official_nfem_vwap,Nigerian Foreign Exchange Market volume-weighted average official rate.,reported_public_series,CBN_NFEM_FX,Nigerian Foreign Exchange Market Rates,https://www.cbn.gov.ng/api/GetAllNFEM_Rates,https://www.cbn.gov.ng/rates/ExchRateByCurrency.html,2026-08-14T07:03:10.424961Z
2026-07-08,NGA,Nigeria,NGN,Nigerian naira,1379.0675,USD,LCU_per_USD,official_nfem_vwap,Nigerian Foreign Exchange Market volume-weighted average official rate.,reported_public_series,CBN_NFEM_FX,Nigerian Foreign Exchange Market Rates,https://www.cbn.gov.ng/api/GetAllNFEM_Rates,https://www.cbn.gov.ng/rates/ExchRateByCurrency.html,2026-08-14T07:03:10.424961Z
2026-07-09,NGA,Nigeria,NGN,Nigerian naira,1378.4313,USD,LCU_per_USD,official_nfem_vwap,Nigerian Foreign Exchange Market volume-weighted average official rate.,reported_public_series,CBN_NFEM_FX,Nigerian Foreign Exchange Market Rates,https://www.cbn.gov.ng/api/GetAllNFEM_Rates,https://www.cbn.gov.ng/rates/ExchRateByCurrency.html,2026-08-14T07:03:10.424961Z
2026-07-10,NGA,Nigeria,NGN,Nigerian naira,1379.6201,USD,LCU_per_USD,official_nfem_vwap,Nigerian Foreign Exchange Market volume-weighted average official rate.,reported_public_series,CBN_NFEM_FX,Nigerian Foreign Exchange Market Rates,https://www.cbn.gov.ng/api/GetAllNFEM_Rates,https://www.cbn.gov.ng/rates/ExchRateByCurrency.html,2026-08-14T07:03:10.424961Z
2026-07-13,NGA,Nigeria,NGN,Nigerian naira,1379.6504,USD,LCU_per_USD,official_nfem_vwap,Nigerian Foreign Exchange Market volume-weighted average official rate.,reported_public_series,CBN_NFEM_FX,Nigerian Foreign Exchange Market Rates,https://www.cbn.gov.ng/api/GetAllNFEM_Rates,https://www.cbn.gov.ng/rates/ExchRateByCurrency.html,2026-08-14T07:03:10.424961Z
2026-07-14,NGA,Nigeria,NGN,Nigerian naira,1383.0755,USD,LCU_per_USD,official_nfem_vwap,Nigerian Foreign Exchange Market volume-weighted average official rate.,reported_public_series,CBN_NFEM_FX,Nigerian Foreign Exchange Market Rates,https://www.cbn.gov.ng/api/GetAllNFEM_Rates,https://www.cbn.gov.ng/rates/ExchRateByCurrency.html,2026-08-14T07:03:10.424961Z
2026-07-15,NGA,Nigeria,NGN,Nigerian naira,1382.1841,USD,LCU_per_USD,official_nfem_vwap,Nigerian Foreign Exchange Market volume-weighted average official rate.,reported_public_series,CBN_NFEM_FX,Nigerian Foreign Exchange Market Rates,https://www.cbn.gov.ng/api/GetAllNFEM_Rates,https://www.cbn.gov.ng/rates/ExchRateByCurrency.html,2026-08-14T07:03:10.424961Z
2026-07-16,NGA,Nigeria,NGN,Nigerian naira,1381.5299,USD,LCU_per_USD,official_nfem_vwap,Nigerian Foreign Exchange Market volume-weighted average official rate.,reported_public_series,CBN_NFEM_FX,Nigerian Foreign Exchange Market Rates,https://www.cbn.gov.ng/api/GetAllNFEM_Rates,https://www.cbn.gov.ng/rates/ExchRateByCurrency.html,2026-08-14T07:03:10.424961Z
2026-07-17,NGA,Nigeria,NGN,Nigerian naira,1380.1847,USD,LCU_per_USD,official_nfem_vwap,Nigerian Foreign Exchange Market volume-weighted average official rate.,reported_public_series,CBN_NFEM_FX,Nigerian Foreign Exchange Market Rates,https://www.cbn.gov.ng/api/GetAllNFEM_Rates,https://www.cbn.gov.ng/rates/ExchRateByCurrency.html,2026-08-14T07:03:10.424961Z
2026-07-20,NGA,Nigeria,NGN,Nigerian naira,1380.1093,USD,LCU_per_USD,official_nfem_vwap,Nigerian Foreign Exchange Market volume-weighted average official rate.,reported_public_series,CBN_NFEM_FX,Nigerian Foreign Exchange Market Rates,https://www.cbn.gov.ng/api/GetAllNFEM_Rates,https://www.cbn.gov.ng/rates/ExchRateByCurrency.html,2026-08-14T07:03:10.424961Z
2026-07-21,NGA,Nigeria,NGN,Nigerian naira,1375.3083,USD,LCU_per_USD,official_nfem_vwap,Nigerian Foreign Exchange Market volume-weighted average official rate.,reported_public_series,CBN_NFEM_FX,Nigerian Foreign Exchange Market Rates,https://www.cbn.gov.ng/api/GetAllNFEM_Rates,https://www.cbn.gov.ng/rates/ExchRateByCurrency.html,2026-08-14T07:03:10.424961Z
2026-07-22,NGA,Nigeria,NGN,Nigerian naira,1369.6346,USD,LCU_per_USD,official_nfem_vwap,Nigerian Foreign Exchange Market volume-weighted average official rate.,reported_public_series,CBN_NFEM_FX,Nigerian Foreign Exchange Market Rates,https://www.cbn.gov.ng/api/GetAllNFEM_Rates,https://www.cbn.gov.ng/rates/ExchRateByCurrency.html,2026-08-14T07:03:10.424961Z
2026-07-23,NGA,Nigeria,NGN,Nigerian naira,1367.7574,USD,LCU_per_USD,official_nfem_vwap,Nigerian Foreign Exchange Market volume-weighted average official rate.,reported_public_series,CBN_NFEM_FX,Nigerian Foreign Exchange Market Rates,https://www.cbn.gov.ng/api/GetAllNFEM_Rates,https://www.cbn.gov.ng/rates/ExchRateByCurrency.html,2026-08-14T07:03:10.424961Z
2026-07-24,NGA,Nigeria,NGN,Nigerian naira,1362.0866,USD,LCU_per_USD,official_nfem_vwap,Nigerian Foreign Exchange Market volume-weighted average official rate.,reported_public_series,CBN_NFEM_FX,Nigerian Foreign Exchange Market Rates,https://www.cbn.gov.ng/api/GetAllNFEM_Rates,https://www.cbn.gov.ng/rates/ExchRateByCurrency.html,2026-08-14T07:03:10.424961Z
2026-07-27,NGA,Nigeria,NGN,Nigerian naira,1362.2064,USD,LCU_per_USD,official_nfem_vwap,Nigerian Foreign Exchange Market volume-weighted average official rate.,reported_public_series,CBN_NFEM_FX,Nigerian Foreign Exchange Market Rates,https://www.cbn.gov.ng/api/GetAllNFEM_Rates,https://www.cbn.gov.ng/rates/ExchRateByCurrency.html,2026-08-14T07:03:10.424961Z
2026-07-28,NGA,Nigeria,NGN,Nigerian naira,1365.5303,USD,LCU_per_USD,official_nfem_vwap,Nigerian Foreign Exchange Market volume-weighted average official rate.,reported_public_series,CBN_NFEM_FX,Nigerian Foreign Exchange Market Rates,https://www.cbn.gov.ng/api/GetAllNFEM_Rates,https://www.cbn.gov.ng/rates/ExchRateByCurrency.html,2026-08-14T07:03:10.424961Z
2026-07-29,NGA,Nigeria,NGN,Nigerian naira,1366.714,USD,LCU_per_USD,official_nfem_vwap,Nigerian Foreign Exchange Market volume-weighted average official rate.,reported_public_series,CBN_NFEM_FX,Nigerian Foreign Exchange Market Rates,https://www.cbn.gov.ng/api/GetAllNFEM_Rates,https://www.cbn.gov.ng/rates/ExchRateByCurrency.html,2026-08-14T07:03:10.424961Z
2026-07-30,NGA,Nigeria,NGN,Nigerian naira,1366.7278,USD,LCU_per_USD,official_nfem_vwap,Nigerian Foreign Exchange Market volume-weighted average official rate.,reported_public_series,CBN_NFEM_FX,Nigerian Foreign Exchange Market Rates,https://www.cbn.gov.ng/api/GetAllNFEM_Rates,https://www.cbn.gov.ng/rates/ExchRateByCurrency.html,2026-08-14T07:03:10.424961Z
2026-07-31,NGA,Nigeria,NGN,Nigerian naira,1368.2232,USD,LCU_per_USD,official_nfem_vwap,Nigerian Foreign Exchange Market volume-weighted average official rate.,reported_public_series,CBN_NFEM_FX,Nigerian Foreign Exchange Market Rates,https://www.cbn.gov.ng/api/GetAllNFEM_Rates,https://www.cbn.gov.ng/rates/ExchRateByCurrency.html,2026-08-14T07:03:10.424961Z
2026-08-03,NGA,Nigeria,NGN,Nigerian naira,1364.8344,USD,LCU_per_USD,official_nfem_vwap,Nigerian Foreign Exchange Market volume-weighted average official rate.,reported_public_series,CBN_NFEM_FX,Nigerian Foreign Exchange Market Rates,https://www.cbn.gov.ng/api/GetAllNFEM_Rates,https://www.cbn.gov.ng/rates/ExchRateByCurrency.html,2026-08-14T07:03:10.424961Z
2026-08-04,NGA,Nigeria,NGN,Nigerian naira,1362.5542,USD,LCU_per_USD,official_nfem_vwap,Nigerian Foreign Exchange Market volume-weighted average official rate.,reported_public_series,CBN_NFEM_FX,Nigerian Foreign Exchange Market Rates,https://www.cbn.gov.ng/api/GetAllNFEM_Rates,https://www.cbn.gov.ng/rates/ExchRateByCurrency.html,2026-08-14T07:03:10.424961Z
2026-08-05,NGA,Nigeria,NGN,Nigerian naira,1363.8491,USD,LCU_per_USD,official_nfem_vwap,Nigerian Foreign Exchange Market volume-weighted average official rate.,reported_public_series,CBN_NFEM_FX,Nigerian Foreign Exchange Market Rates,https://www.cbn.gov.ng/api/GetAllNFEM_Rates,https://www.cbn.gov.ng/rates/ExchRateByCurrency.html,2026-08-14T07:03:10.424961Z
2026-08-06,NGA,Nigeria,NGN,Nigerian naira,1364.8846,USD,LCU_per_USD,official_nfem_vwap,Nigerian Foreign Exchange Market volume-weighted average official rate.,reported_public_series,CBN_NFEM_FX,Nigerian Foreign Exchange Market Rates,https://www.cbn.gov.ng/api/GetAllNFEM_Rates,https://www.cbn.gov.ng/rates/ExchRateByCurrency.html,2026-08-14T07:03:10.424961Z
2026-08-07,NGA,Nigeria,NGN,Nigerian naira,1365.6856,USD,LCU_per_USD,official_nfem_vwap,Nigerian Foreign Exchange Market volume-weighted average official rate.,reported_public_series,CBN_NFEM_FX,Nigerian Foreign Exchange Market Rates,https://www.cbn.gov.ng/api/GetAllNFEM_Rates,https://www.cbn.gov.ng/rates/ExchRateByCurrency.html,2026-08-14T07:03:10.424961Z
2026-08-10,NGA,Nigeria,NGN,Nigerian naira,1360.1415,USD,LCU_per_USD,official_nfem_vwap,Nigerian Foreign Exchange Market volume-weighted average official rate.,reported_public_series,CBN_NFEM_FX,Nigerian Foreign Exchange Market Rates,https://www.cbn.gov.ng/api/GetAllNFEM_Rates,https://www.cbn.gov.ng/rates/ExchRateByCurrency.html,2026-08-14T07:03:10.424961Z
2026-08-11,NGA,Nigeria,NGN,Nigerian naira,1364.8992,USD,LCU_per_USD,official_nfem_vwap,Nigerian Foreign Exchange Market volume-weighted average official rate.,reported_public_series,CBN_NFEM_FX,Nigerian Foreign Exchange Market Rates,https://www.cbn.gov.ng/api/GetAllNFEM_Rates,https://www.cbn.gov.ng/rates/ExchRateByCurrency.html,2026-08-14T07:03:10.424961Z
2026-08-12,NGA,Nigeria,NGN,Nigerian naira,1360.5792,USD,LCU_per_USD,official_nfem_vwap,Nigerian Foreign Exchange Market volume-weighted average official rate.,reported_public_series,CBN_NFEM_FX,Nigerian Foreign Exchange Market Rates,https://www.cbn.gov.ng/api/GetAllNFEM_Rates,https://www.cbn.gov.ng/rates/ExchRateByCurrency.html,2026-08-14T07:03:10.424961Z
2026-08-13,NGA,Nigeria,NGN,Nigerian naira,1357.6516,USD,LCU_per_USD,official_nfem_vwap,Nigerian Foreign Exchange Market volume-weighted average official rate.,reported_public_series,CBN_NFEM_FX,Nigerian Foreign Exchange Market Rates,https://www.cbn.gov.ng/api/GetAllNFEM_Rates,https://www.cbn.gov.ng/rates/ExchRateByCurrency.html,2026-08-14T07:03:10.424961Z
