observation_date,series_id,tab_id,country_iso3,currency_iso3,label,value,unit,frequency,source_id,source_name,source_url,source_documentation_url,source_retrieved_at,transformation
1948-01-01,us_inflation,us,USA,,United States inflation,10.24208566,percent_yoy,monthly,FRED_BLS,Consumer Price Index for All Urban Consumers: All Items in U.S. City Average,https://fred.stlouisfed.org/series/CPIAUCSL,https://www.bls.gov/cpi/,2026-09-01T00:29:17.085390Z,100 * (CPI_t / CPI_t_minus_12_months - 1)
1948-02-01,us_inflation,us,USA,,United States inflation,9.48196115,percent_yoy,monthly,FRED_BLS,Consumer Price Index for All Urban Consumers: All Items in U.S. City Average,https://fred.stlouisfed.org/series/CPIAUCSL,https://www.bls.gov/cpi/,2026-09-01T00:29:17.085390Z,100 * (CPI_t / CPI_t_minus_12_months - 1)
1948-03-01,us_inflation,us,USA,,United States inflation,6.81818182,percent_yoy,monthly,FRED_BLS,Consumer Price Index for All Urban Consumers: All Items in U.S. City Average,https://fred.stlouisfed.org/series/CPIAUCSL,https://www.bls.gov/cpi/,2026-09-01T00:29:17.085390Z,100 * (CPI_t / CPI_t_minus_12_months - 1)
1948-04-01,us_inflation,us,USA,,United States inflation,8.27272727,percent_yoy,monthly,FRED_BLS,Consumer Price Index for All Urban Consumers: All Items in U.S. City Average,https://fred.stlouisfed.org/series/CPIAUCSL,https://www.bls.gov/cpi/,2026-09-01T00:29:17.085390Z,100 * (CPI_t / CPI_t_minus_12_months - 1)
1948-05-01,us_inflation,us,USA,,United States inflation,9.38496583,percent_yoy,monthly,FRED_BLS,Consumer Price Index for All Urban Consumers: All Items in U.S. City Average,https://fred.stlouisfed.org/series/CPIAUCSL,https://www.bls.gov/cpi/,2026-09-01T00:29:17.085390Z,100 * (CPI_t / CPI_t_minus_12_months - 1)
1948-06-01,us_inflation,us,USA,,United States inflation,9.375,percent_yoy,monthly,FRED_BLS,Consumer Price Index for All Urban Consumers: All Items in U.S. City Average,https://fred.stlouisfed.org/series/CPIAUCSL,https://www.bls.gov/cpi/,2026-09-01T00:29:17.085390Z,100 * (CPI_t / CPI_t_minus_12_months - 1)
1948-07-01,us_inflation,us,USA,,United States inflation,9.76158345,percent_yoy,monthly,FRED_BLS,Consumer Price Index for All Urban Consumers: All Items in U.S. City Average,https://fred.stlouisfed.org/series/CPIAUCSL,https://www.bls.gov/cpi/,2026-09-01T00:29:17.085390Z,100 * (CPI_t / CPI_t_minus_12_months - 1)
1948-08-01,us_inflation,us,USA,,United States inflation,9.0625,percent_yoy,monthly,FRED_BLS,Consumer Price Index for All Urban Consumers: All Items in U.S. City Average,https://fred.stlouisfed.org/series/CPIAUCSL,https://www.bls.gov/cpi/,2026-09-01T00:29:17.085390Z,100 * (CPI_t / CPI_t_minus_12_months - 1)
1948-09-01,us_inflation,us,USA,,United States inflation,6.65499124,percent_yoy,monthly,FRED_BLS,Consumer Price Index for All Urban Consumers: All Items in U.S. City Average,https://fred.stlouisfed.org/series/CPIAUCSL,https://www.bls.gov/cpi/,2026-09-01T00:29:17.085390Z,100 * (CPI_t / CPI_t_minus_12_months - 1)
1948-10-01,us_inflation,us,USA,,United States inflation,6.11086862,percent_yoy,monthly,FRED_BLS,Consumer Price Index for All Urban Consumers: All Items in U.S. City Average,https://fred.stlouisfed.org/series/CPIAUCSL,https://www.bls.gov/cpi/,2026-09-01T00:29:17.085390Z,100 * (CPI_t / CPI_t_minus_12_months - 1)
1948-11-01,us_inflation,us,USA,,United States inflation,4.77016479,percent_yoy,monthly,FRED_BLS,Consumer Price Index for All Urban Consumers: All Items in U.S. City Average,https://fred.stlouisfed.org/series/CPIAUCSL,https://www.bls.gov/cpi/,2026-09-01T00:29:17.085390Z,100 * (CPI_t / CPI_t_minus_12_months - 1)
1948-12-01,us_inflation,us,USA,,United States inflation,2.73387441,percent_yoy,monthly,FRED_BLS,Consumer Price Index for All Urban Consumers: All Items in U.S. City Average,https://fred.stlouisfed.org/series/CPIAUCSL,https://www.bls.gov/cpi/,2026-09-01T00:29:17.085390Z,100 * (CPI_t / CPI_t_minus_12_months - 1)
1949-01-01,us_inflation,us,USA,,United States inflation,1.39358108,percent_yoy,monthly,FRED_BLS,Consumer Price Index for All Urban Consumers: All Items in U.S. City Average,https://fred.stlouisfed.org/series/CPIAUCSL,https://www.bls.gov/cpi/,2026-09-01T00:29:17.085390Z,100 * (CPI_t / CPI_t_minus_12_months - 1)
1949-02-01,us_inflation,us,USA,,United States inflation,1.0139417,percent_yoy,monthly,FRED_BLS,Consumer Price Index for All Urban Consumers: All Items in U.S. City Average,https://fred.stlouisfed.org/series/CPIAUCSL,https://www.bls.gov/cpi/,2026-09-01T00:29:17.085390Z,100 * (CPI_t / CPI_t_minus_12_months - 1)
1949-03-01,us_inflation,us,USA,,United States inflation,1.74468085,percent_yoy,monthly,FRED_BLS,Consumer Price Index for All Urban Consumers: All Items in U.S. City Average,https://fred.stlouisfed.org/series/CPIAUCSL,https://www.bls.gov/cpi/,2026-09-01T00:29:17.085390Z,100 * (CPI_t / CPI_t_minus_12_months - 1)
1949-04-01,us_inflation,us,USA,,United States inflation,0.41981528,percent_yoy,monthly,FRED_BLS,Consumer Price Index for All Urban Consumers: All Items in U.S. City Average,https://fred.stlouisfed.org/series/CPIAUCSL,https://www.bls.gov/cpi/,2026-09-01T00:29:17.085390Z,100 * (CPI_t / CPI_t_minus_12_months - 1)
1949-05-01,us_inflation,us,USA,,United States inflation,-0.41649313,percent_yoy,monthly,FRED_BLS,Consumer Price Index for All Urban Consumers: All Items in U.S. City Average,https://fred.stlouisfed.org/series/CPIAUCSL,https://www.bls.gov/cpi/,2026-09-01T00:29:17.085390Z,100 * (CPI_t / CPI_t_minus_12_months - 1)
1949-06-01,us_inflation,us,USA,,United States inflation,-0.95238095,percent_yoy,monthly,FRED_BLS,Consumer Price Index for All Urban Consumers: All Items in U.S. City Average,https://fred.stlouisfed.org/series/CPIAUCSL,https://www.bls.gov/cpi/,2026-09-01T00:29:17.085390Z,100 * (CPI_t / CPI_t_minus_12_months - 1)
1949-07-01,us_inflation,us,USA,,United States inflation,-2.86885246,percent_yoy,monthly,FRED_BLS,Consumer Price Index for All Urban Consumers: All Items in U.S. City Average,https://fred.stlouisfed.org/series/CPIAUCSL,https://www.bls.gov/cpi/,2026-09-01T00:29:17.085390Z,100 * (CPI_t / CPI_t_minus_12_months - 1)
1949-08-01,us_inflation,us,USA,,United States inflation,-2.98812935,percent_yoy,monthly,FRED_BLS,Consumer Price Index for All Urban Consumers: All Items in U.S. City Average,https://fred.stlouisfed.org/series/CPIAUCSL,https://www.bls.gov/cpi/,2026-09-01T00:29:17.085390Z,100 * (CPI_t / CPI_t_minus_12_months - 1)
1949-09-01,us_inflation,us,USA,,United States inflation,-2.50410509,percent_yoy,monthly,FRED_BLS,Consumer Price Index for All Urban Consumers: All Items in U.S. City Average,https://fred.stlouisfed.org/series/CPIAUCSL,https://www.bls.gov/cpi/,2026-09-01T00:29:17.085390Z,100 * (CPI_t / CPI_t_minus_12_months - 1)
1949-10-01,us_inflation,us,USA,,United States inflation,-2.63266146,percent_yoy,monthly,FRED_BLS,Consumer Price Index for All Urban Consumers: All Items in U.S. City Average,https://fred.stlouisfed.org/series/CPIAUCSL,https://www.bls.gov/cpi/,2026-09-01T00:29:17.085390Z,100 * (CPI_t / CPI_t_minus_12_months - 1)
1949-11-01,us_inflation,us,USA,,United States inflation,-1.90397351,percent_yoy,monthly,FRED_BLS,Consumer Price Index for All Urban Consumers: All Items in U.S. City Average,https://fred.stlouisfed.org/series/CPIAUCSL,https://www.bls.gov/cpi/,2026-09-01T00:29:17.085390Z,100 * (CPI_t / CPI_t_minus_12_months - 1)
1949-12-01,us_inflation,us,USA,,United States inflation,-1.82952183,percent_yoy,monthly,FRED_BLS,Consumer Price Index for All Urban Consumers: All Items in U.S. City Average,https://fred.stlouisfed.org/series/CPIAUCSL,https://www.bls.gov/cpi/,2026-09-01T00:29:17.085390Z,100 * (CPI_t / CPI_t_minus_12_months - 1)
1950-01-01,us_inflation,us,USA,,United States inflation,-2.08246564,percent_yoy,monthly,FRED_BLS,Consumer Price Index for All Urban Consumers: All Items in U.S. City Average,https://fred.stlouisfed.org/series/CPIAUCSL,https://www.bls.gov/cpi/,2026-09-01T00:29:17.085390Z,100 * (CPI_t / CPI_t_minus_12_months - 1)
1950-02-01,us_inflation,us,USA,,United States inflation,-1.25470514,percent_yoy,monthly,FRED_BLS,Consumer Price Index for All Urban Consumers: All Items in U.S. City Average,https://fred.stlouisfed.org/series/CPIAUCSL,https://www.bls.gov/cpi/,2026-09-01T00:29:17.085390Z,100 * (CPI_t / CPI_t_minus_12_months - 1)
1950-03-01,us_inflation,us,USA,,United States inflation,-1.12923463,percent_yoy,monthly,FRED_BLS,Consumer Price Index for All Urban Consumers: All Items in U.S. City Average,https://fred.stlouisfed.org/series/CPIAUCSL,https://www.bls.gov/cpi/,2026-09-01T00:29:17.085390Z,100 * (CPI_t / CPI_t_minus_12_months - 1)
1950-04-01,us_inflation,us,USA,,United States inflation,-1.12876254,percent_yoy,monthly,FRED_BLS,Consumer Price Index for All Urban Consumers: All Items in U.S. City Average,https://fred.stlouisfed.org/series/CPIAUCSL,https://www.bls.gov/cpi/,2026-09-01T00:29:17.085390Z,100 * (CPI_t / CPI_t_minus_12_months - 1)
1950-05-01,us_inflation,us,USA,,United States inflation,-0.58552907,percent_yoy,monthly,FRED_BLS,Consumer Price Index for All Urban Consumers: All Items in U.S. City Average,https://fred.stlouisfed.org/series/CPIAUCSL,https://www.bls.gov/cpi/,2026-09-01T00:29:17.085390Z,100 * (CPI_t / CPI_t_minus_12_months - 1)
1950-06-01,us_inflation,us,USA,,United States inflation,-0.16722408,percent_yoy,monthly,FRED_BLS,Consumer Price Index for All Urban Consumers: All Items in U.S. City Average,https://fred.stlouisfed.org/series/CPIAUCSL,https://www.bls.gov/cpi/,2026-09-01T00:29:17.085390Z,100 * (CPI_t / CPI_t_minus_12_months - 1)
1950-07-01,us_inflation,us,USA,,United States inflation,1.56118143,percent_yoy,monthly,FRED_BLS,Consumer Price Index for All Urban Consumers: All Items in U.S. City Average,https://fred.stlouisfed.org/series/CPIAUCSL,https://www.bls.gov/cpi/,2026-09-01T00:29:17.085390Z,100 * (CPI_t / CPI_t_minus_12_months - 1)
1950-08-01,us_inflation,us,USA,,United States inflation,2.10970464,percent_yoy,monthly,FRED_BLS,Consumer Price Index for All Urban Consumers: All Items in U.S. City Average,https://fred.stlouisfed.org/series/CPIAUCSL,https://www.bls.gov/cpi/,2026-09-01T00:29:17.085390Z,100 * (CPI_t / CPI_t_minus_12_months - 1)
1950-09-01,us_inflation,us,USA,,United States inflation,2.48421053,percent_yoy,monthly,FRED_BLS,Consumer Price Index for All Urban Consumers: All Items in U.S. City Average,https://fred.stlouisfed.org/series/CPIAUCSL,https://www.bls.gov/cpi/,2026-09-01T00:29:17.085390Z,100 * (CPI_t / CPI_t_minus_12_months - 1)
1950-10-01,us_inflation,us,USA,,United States inflation,3.50654837,percent_yoy,monthly,FRED_BLS,Consumer Price Index for All Urban Consumers: All Items in U.S. City Average,https://fred.stlouisfed.org/series/CPIAUCSL,https://www.bls.gov/cpi/,2026-09-01T00:29:17.085390Z,100 * (CPI_t / CPI_t_minus_12_months - 1)
1950-11-01,us_inflation,us,USA,,United States inflation,3.79746835,percent_yoy,monthly,FRED_BLS,Consumer Price Index for All Urban Consumers: All Items in U.S. City Average,https://fred.stlouisfed.org/series/CPIAUCSL,https://www.bls.gov/cpi/,2026-09-01T00:29:17.085390Z,100 * (CPI_t / CPI_t_minus_12_months - 1)
1950-12-01,us_inflation,us,USA,,United States inflation,5.80262601,percent_yoy,monthly,FRED_BLS,Consumer Price Index for All Urban Consumers: All Items in U.S. City Average,https://fred.stlouisfed.org/series/CPIAUCSL,https://www.bls.gov/cpi/,2026-09-01T00:29:17.085390Z,100 * (CPI_t / CPI_t_minus_12_months - 1)
1951-01-01,us_inflation,us,USA,,United States inflation,7.9540621,percent_yoy,monthly,FRED_BLS,Consumer Price Index for All Urban Consumers: All Items in U.S. City Average,https://fred.stlouisfed.org/series/CPIAUCSL,https://www.bls.gov/cpi/,2026-09-01T00:29:17.085390Z,100 * (CPI_t / CPI_t_minus_12_months - 1)
1951-02-01,us_inflation,us,USA,,United States inflation,9.40279543,percent_yoy,monthly,FRED_BLS,Consumer Price Index for All Urban Consumers: All Items in U.S. City Average,https://fred.stlouisfed.org/series/CPIAUCSL,https://www.bls.gov/cpi/,2026-09-01T00:29:17.085390Z,100 * (CPI_t / CPI_t_minus_12_months - 1)
1951-03-01,us_inflation,us,USA,,United States inflation,9.47546531,percent_yoy,monthly,FRED_BLS,Consumer Price Index for All Urban Consumers: All Items in U.S. City Average,https://fred.stlouisfed.org/series/CPIAUCSL,https://www.bls.gov/cpi/,2026-09-01T00:29:17.085390Z,100 * (CPI_t / CPI_t_minus_12_months - 1)
1951-04-01,us_inflation,us,USA,,United States inflation,9.59830867,percent_yoy,monthly,FRED_BLS,Consumer Price Index for All Urban Consumers: All Items in U.S. City Average,https://fred.stlouisfed.org/series/CPIAUCSL,https://www.bls.gov/cpi/,2026-09-01T00:29:17.085390Z,100 * (CPI_t / CPI_t_minus_12_months - 1)
1951-05-01,us_inflation,us,USA,,United States inflation,9.33950358,percent_yoy,monthly,FRED_BLS,Consumer Price Index for All Urban Consumers: All Items in U.S. City Average,https://fred.stlouisfed.org/series/CPIAUCSL,https://www.bls.gov/cpi/,2026-09-01T00:29:17.085390Z,100 * (CPI_t / CPI_t_minus_12_months - 1)
1951-06-01,us_inflation,us,USA,,United States inflation,8.58458961,percent_yoy,monthly,FRED_BLS,Consumer Price Index for All Urban Consumers: All Items in U.S. City Average,https://fred.stlouisfed.org/series/CPIAUCSL,https://www.bls.gov/cpi/,2026-09-01T00:29:17.085390Z,100 * (CPI_t / CPI_t_minus_12_months - 1)
1951-07-01,us_inflation,us,USA,,United States inflation,7.64437059,percent_yoy,monthly,FRED_BLS,Consumer Price Index for All Urban Consumers: All Items in U.S. City Average,https://fred.stlouisfed.org/series/CPIAUCSL,https://www.bls.gov/cpi/,2026-09-01T00:29:17.085390Z,100 * (CPI_t / CPI_t_minus_12_months - 1)
1951-08-01,us_inflation,us,USA,,United States inflation,6.85950413,percent_yoy,monthly,FRED_BLS,Consumer Price Index for All Urban Consumers: All Items in U.S. City Average,https://fred.stlouisfed.org/series/CPIAUCSL,https://www.bls.gov/cpi/,2026-09-01T00:29:17.085390Z,100 * (CPI_t / CPI_t_minus_12_months - 1)
1951-09-01,us_inflation,us,USA,,United States inflation,6.9433032,percent_yoy,monthly,FRED_BLS,Consumer Price Index for All Urban Consumers: All Items in U.S. City Average,https://fred.stlouisfed.org/series/CPIAUCSL,https://www.bls.gov/cpi/,2026-09-01T00:29:17.085390Z,100 * (CPI_t / CPI_t_minus_12_months - 1)
1951-10-01,us_inflation,us,USA,,United States inflation,6.7755102,percent_yoy,monthly,FRED_BLS,Consumer Price Index for All Urban Consumers: All Items in U.S. City Average,https://fred.stlouisfed.org/series/CPIAUCSL,https://www.bls.gov/cpi/,2026-09-01T00:29:17.085390Z,100 * (CPI_t / CPI_t_minus_12_months - 1)
1951-11-01,us_inflation,us,USA,,United States inflation,6.99186992,percent_yoy,monthly,FRED_BLS,Consumer Price Index for All Urban Consumers: All Items in U.S. City Average,https://fred.stlouisfed.org/series/CPIAUCSL,https://www.bls.gov/cpi/,2026-09-01T00:29:17.085390Z,100 * (CPI_t / CPI_t_minus_12_months - 1)
1951-12-01,us_inflation,us,USA,,United States inflation,5.96477182,percent_yoy,monthly,FRED_BLS,Consumer Price Index for All Urban Consumers: All Items in U.S. City Average,https://fred.stlouisfed.org/series/CPIAUCSL,https://www.bls.gov/cpi/,2026-09-01T00:29:17.085390Z,100 * (CPI_t / CPI_t_minus_12_months - 1)
1952-01-01,us_inflation,us,USA,,United States inflation,4.21591805,percent_yoy,monthly,FRED_BLS,Consumer Price Index for All Urban Consumers: All Items in U.S. City Average,https://fred.stlouisfed.org/series/CPIAUCSL,https://www.bls.gov/cpi/,2026-09-01T00:29:17.085390Z,100 * (CPI_t / CPI_t_minus_12_months - 1)
1952-02-01,us_inflation,us,USA,,United States inflation,2.24545103,percent_yoy,monthly,FRED_BLS,Consumer Price Index for All Urban Consumers: All Items in U.S. City Average,https://fred.stlouisfed.org/series/CPIAUCSL,https://www.bls.gov/cpi/,2026-09-01T00:29:17.085390Z,100 * (CPI_t / CPI_t_minus_12_months - 1)
1952-03-01,us_inflation,us,USA,,United States inflation,1.97063369,percent_yoy,monthly,FRED_BLS,Consumer Price Index for All Urban Consumers: All Items in U.S. City Average,https://fred.stlouisfed.org/series/CPIAUCSL,https://www.bls.gov/cpi/,2026-09-01T00:29:17.085390Z,100 * (CPI_t / CPI_t_minus_12_months - 1)
1952-04-01,us_inflation,us,USA,,United States inflation,2.08333333,percent_yoy,monthly,FRED_BLS,Consumer Price Index for All Urban Consumers: All Items in U.S. City Average,https://fred.stlouisfed.org/series/CPIAUCSL,https://www.bls.gov/cpi/,2026-09-01T00:29:17.085390Z,100 * (CPI_t / CPI_t_minus_12_months - 1)
1952-05-01,us_inflation,us,USA,,United States inflation,1.84686418,percent_yoy,monthly,FRED_BLS,Consumer Price Index for All Urban Consumers: All Items in U.S. City Average,https://fred.stlouisfed.org/series/CPIAUCSL,https://www.bls.gov/cpi/,2026-09-01T00:29:17.085390Z,100 * (CPI_t / CPI_t_minus_12_months - 1)
1952-06-01,us_inflation,us,USA,,United States inflation,2.3139221,percent_yoy,monthly,FRED_BLS,Consumer Price Index for All Urban Consumers: All Items in U.S. City Average,https://fred.stlouisfed.org/series/CPIAUCSL,https://www.bls.gov/cpi/,2026-09-01T00:29:17.085390Z,100 * (CPI_t / CPI_t_minus_12_months - 1)
1952-07-01,us_inflation,us,USA,,United States inflation,2.97182555,percent_yoy,monthly,FRED_BLS,Consumer Price Index for All Urban Consumers: All Items in U.S. City Average,https://fred.stlouisfed.org/series/CPIAUCSL,https://www.bls.gov/cpi/,2026-09-01T00:29:17.085390Z,100 * (CPI_t / CPI_t_minus_12_months - 1)
1952-08-01,us_inflation,us,USA,,United States inflation,3.2095901,percent_yoy,monthly,FRED_BLS,Consumer Price Index for All Urban Consumers: All Items in U.S. City Average,https://fred.stlouisfed.org/series/CPIAUCSL,https://www.bls.gov/cpi/,2026-09-01T00:29:17.085390Z,100 * (CPI_t / CPI_t_minus_12_months - 1)
1952-09-01,us_inflation,us,USA,,United States inflation,2.30503265,percent_yoy,monthly,FRED_BLS,Consumer Price Index for All Urban Consumers: All Items in U.S. City Average,https://fred.stlouisfed.org/series/CPIAUCSL,https://www.bls.gov/cpi/,2026-09-01T00:29:17.085390Z,100 * (CPI_t / CPI_t_minus_12_months - 1)
1952-10-01,us_inflation,us,USA,,United States inflation,2.02599388,percent_yoy,monthly,FRED_BLS,Consumer Price Index for All Urban Consumers: All Items in U.S. City Average,https://fred.stlouisfed.org/series/CPIAUCSL,https://www.bls.gov/cpi/,2026-09-01T00:29:17.085390Z,100 * (CPI_t / CPI_t_minus_12_months - 1)
1952-11-01,us_inflation,us,USA,,United States inflation,1.40577508,percent_yoy,monthly,FRED_BLS,Consumer Price Index for All Urban Consumers: All Items in U.S. City Average,https://fred.stlouisfed.org/series/CPIAUCSL,https://www.bls.gov/cpi/,2026-09-01T00:29:17.085390Z,100 * (CPI_t / CPI_t_minus_12_months - 1)
1952-12-01,us_inflation,us,USA,,United States inflation,0.90668682,percent_yoy,monthly,FRED_BLS,Consumer Price Index for All Urban Consumers: All Items in U.S. City Average,https://fred.stlouisfed.org/series/CPIAUCSL,https://www.bls.gov/cpi/,2026-09-01T00:29:17.085390Z,100 * (CPI_t / CPI_t_minus_12_months - 1)
1953-01-01,us_inflation,us,USA,,United States inflation,0.71833648,percent_yoy,monthly,FRED_BLS,Consumer Price Index for All Urban Consumers: All Items in U.S. City Average,https://fred.stlouisfed.org/series/CPIAUCSL,https://www.bls.gov/cpi/,2026-09-01T00:29:17.085390Z,100 * (CPI_t / CPI_t_minus_12_months - 1)
1953-02-01,us_inflation,us,USA,,United States inflation,0.68156002,percent_yoy,monthly,FRED_BLS,Consumer Price Index for All Urban Consumers: All Items in U.S. City Average,https://fred.stlouisfed.org/series/CPIAUCSL,https://www.bls.gov/cpi/,2026-09-01T00:29:17.085390Z,100 * (CPI_t / CPI_t_minus_12_months - 1)
1953-03-01,us_inflation,us,USA,,United States inflation,0.90943539,percent_yoy,monthly,FRED_BLS,Consumer Price Index for All Urban Consumers: All Items in U.S. City Average,https://fred.stlouisfed.org/series/CPIAUCSL,https://www.bls.gov/cpi/,2026-09-01T00:29:17.085390Z,100 * (CPI_t / CPI_t_minus_12_months - 1)
1953-04-01,us_inflation,us,USA,,United States inflation,0.86923658,percent_yoy,monthly,FRED_BLS,Consumer Price Index for All Urban Consumers: All Items in U.S. City Average,https://fred.stlouisfed.org/series/CPIAUCSL,https://www.bls.gov/cpi/,2026-09-01T00:29:17.085390Z,100 * (CPI_t / CPI_t_minus_12_months - 1)
1953-05-01,us_inflation,us,USA,,United States inflation,0.8689082,percent_yoy,monthly,FRED_BLS,Consumer Price Index for All Urban Consumers: All Items in U.S. City Average,https://fred.stlouisfed.org/series/CPIAUCSL,https://www.bls.gov/cpi/,2026-09-01T00:29:17.085390Z,100 * (CPI_t / CPI_t_minus_12_months - 1)
1953-06-01,us_inflation,us,USA,,United States inflation,0.90463626,percent_yoy,monthly,FRED_BLS,Consumer Price Index for All Urban Consumers: All Items in U.S. City Average,https://fred.stlouisfed.org/series/CPIAUCSL,https://www.bls.gov/cpi/,2026-09-01T00:29:17.085390Z,100 * (CPI_t / CPI_t_minus_12_months - 1)
1953-07-01,us_inflation,us,USA,,United States inflation,0.41229385,percent_yoy,monthly,FRED_BLS,Consumer Price Index for All Urban Consumers: All Items in U.S. City Average,https://fred.stlouisfed.org/series/CPIAUCSL,https://www.bls.gov/cpi/,2026-09-01T00:29:17.085390Z,100 * (CPI_t / CPI_t_minus_12_months - 1)
1953-08-01,us_inflation,us,USA,,United States inflation,0.59947546,percent_yoy,monthly,FRED_BLS,Consumer Price Index for All Urban Consumers: All Items in U.S. City Average,https://fred.stlouisfed.org/series/CPIAUCSL,https://www.bls.gov/cpi/,2026-09-01T00:29:17.085390Z,100 * (CPI_t / CPI_t_minus_12_months - 1)
1953-09-01,us_inflation,us,USA,,United States inflation,0.97634247,percent_yoy,monthly,FRED_BLS,Consumer Price Index for All Urban Consumers: All Items in U.S. City Average,https://fred.stlouisfed.org/series/CPIAUCSL,https://www.bls.gov/cpi/,2026-09-01T00:29:17.085390Z,100 * (CPI_t / CPI_t_minus_12_months - 1)
1953-10-01,us_inflation,us,USA,,United States inflation,0.97414762,percent_yoy,monthly,FRED_BLS,Consumer Price Index for All Urban Consumers: All Items in U.S. City Average,https://fred.stlouisfed.org/series/CPIAUCSL,https://www.bls.gov/cpi/,2026-09-01T00:29:17.085390Z,100 * (CPI_t / CPI_t_minus_12_months - 1)
1953-11-01,us_inflation,us,USA,,United States inflation,0.59947546,percent_yoy,monthly,FRED_BLS,Consumer Price Index for All Urban Consumers: All Items in U.S. City Average,https://fred.stlouisfed.org/series/CPIAUCSL,https://www.bls.gov/cpi/,2026-09-01T00:29:17.085390Z,100 * (CPI_t / CPI_t_minus_12_months - 1)
1953-12-01,us_inflation,us,USA,,United States inflation,0.59902658,percent_yoy,monthly,FRED_BLS,Consumer Price Index for All Urban Consumers: All Items in U.S. City Average,https://fred.stlouisfed.org/series/CPIAUCSL,https://www.bls.gov/cpi/,2026-09-01T00:29:17.085390Z,100 * (CPI_t / CPI_t_minus_12_months - 1)
1954-01-01,us_inflation,us,USA,,United States inflation,1.12612613,percent_yoy,monthly,FRED_BLS,Consumer Price Index for All Urban Consumers: All Items in U.S. City Average,https://fred.stlouisfed.org/series/CPIAUCSL,https://www.bls.gov/cpi/,2026-09-01T00:29:17.085390Z,100 * (CPI_t / CPI_t_minus_12_months - 1)
1954-02-01,us_inflation,us,USA,,United States inflation,1.50432493,percent_yoy,monthly,FRED_BLS,Consumer Price Index for All Urban Consumers: All Items in U.S. City Average,https://fred.stlouisfed.org/series/CPIAUCSL,https://www.bls.gov/cpi/,2026-09-01T00:29:17.085390Z,100 * (CPI_t / CPI_t_minus_12_months - 1)
1954-03-01,us_inflation,us,USA,,United States inflation,1.126549,percent_yoy,monthly,FRED_BLS,Consumer Price Index for All Urban Consumers: All Items in U.S. City Average,https://fred.stlouisfed.org/series/CPIAUCSL,https://www.bls.gov/cpi/,2026-09-01T00:29:17.085390Z,100 * (CPI_t / CPI_t_minus_12_months - 1)
1954-04-01,us_inflation,us,USA,,United States inflation,0.63694268,percent_yoy,monthly,FRED_BLS,Consumer Price Index for All Urban Consumers: All Items in U.S. City Average,https://fred.stlouisfed.org/series/CPIAUCSL,https://www.bls.gov/cpi/,2026-09-01T00:29:17.085390Z,100 * (CPI_t / CPI_t_minus_12_months - 1)
1954-05-01,us_inflation,us,USA,,United States inflation,0.86142322,percent_yoy,monthly,FRED_BLS,Consumer Price Index for All Urban Consumers: All Items in U.S. City Average,https://fred.stlouisfed.org/series/CPIAUCSL,https://www.bls.gov/cpi/,2026-09-01T00:29:17.085390Z,100 * (CPI_t / CPI_t_minus_12_months - 1)
1954-06-01,us_inflation,us,USA,,United States inflation,0.63503922,percent_yoy,monthly,FRED_BLS,Consumer Price Index for All Urban Consumers: All Items in U.S. City Average,https://fred.stlouisfed.org/series/CPIAUCSL,https://www.bls.gov/cpi/,2026-09-01T00:29:17.085390Z,100 * (CPI_t / CPI_t_minus_12_months - 1)
1954-07-01,us_inflation,us,USA,,United States inflation,0.26129153,percent_yoy,monthly,FRED_BLS,Consumer Price Index for All Urban Consumers: All Items in U.S. City Average,https://fred.stlouisfed.org/series/CPIAUCSL,https://www.bls.gov/cpi/,2026-09-01T00:29:17.085390Z,100 * (CPI_t / CPI_t_minus_12_months - 1)
1954-08-01,us_inflation,us,USA,,United States inflation,0,percent_yoy,monthly,FRED_BLS,Consumer Price Index for All Urban Consumers: All Items in U.S. City Average,https://fred.stlouisfed.org/series/CPIAUCSL,https://www.bls.gov/cpi/,2026-09-01T00:29:17.085390Z,100 * (CPI_t / CPI_t_minus_12_months - 1)
1954-09-01,us_inflation,us,USA,,United States inflation,-0.29750837,percent_yoy,monthly,FRED_BLS,Consumer Price Index for All Urban Consumers: All Items in U.S. City Average,https://fred.stlouisfed.org/series/CPIAUCSL,https://www.bls.gov/cpi/,2026-09-01T00:29:17.085390Z,100 * (CPI_t / CPI_t_minus_12_months - 1)
1954-10-01,us_inflation,us,USA,,United States inflation,-0.85343228,percent_yoy,monthly,FRED_BLS,Consumer Price Index for All Urban Consumers: All Items in U.S. City Average,https://fred.stlouisfed.org/series/CPIAUCSL,https://www.bls.gov/cpi/,2026-09-01T00:29:17.085390Z,100 * (CPI_t / CPI_t_minus_12_months - 1)
1954-11-01,us_inflation,us,USA,,United States inflation,-0.26070764,percent_yoy,monthly,FRED_BLS,Consumer Price Index for All Urban Consumers: All Items in U.S. City Average,https://fred.stlouisfed.org/series/CPIAUCSL,https://www.bls.gov/cpi/,2026-09-01T00:29:17.085390Z,100 * (CPI_t / CPI_t_minus_12_months - 1)
1954-12-01,us_inflation,us,USA,,United States inflation,-0.37216226,percent_yoy,monthly,FRED_BLS,Consumer Price Index for All Urban Consumers: All Items in U.S. City Average,https://fred.stlouisfed.org/series/CPIAUCSL,https://www.bls.gov/cpi/,2026-09-01T00:29:17.085390Z,100 * (CPI_t / CPI_t_minus_12_months - 1)
1955-01-01,us_inflation,us,USA,,United States inflation,-0.63103192,percent_yoy,monthly,FRED_BLS,Consumer Price Index for All Urban Consumers: All Items in U.S. City Average,https://fred.stlouisfed.org/series/CPIAUCSL,https://www.bls.gov/cpi/,2026-09-01T00:29:17.085390Z,100 * (CPI_t / CPI_t_minus_12_months - 1)
1955-02-01,us_inflation,us,USA,,United States inflation,-0.62986291,percent_yoy,monthly,FRED_BLS,Consumer Price Index for All Urban Consumers: All Items in U.S. City Average,https://fred.stlouisfed.org/series/CPIAUCSL,https://www.bls.gov/cpi/,2026-09-01T00:29:17.085390Z,100 * (CPI_t / CPI_t_minus_12_months - 1)
1955-03-01,us_inflation,us,USA,,United States inflation,-0.51986632,percent_yoy,monthly,FRED_BLS,Consumer Price Index for All Urban Consumers: All Items in U.S. City Average,https://fred.stlouisfed.org/series/CPIAUCSL,https://www.bls.gov/cpi/,2026-09-01T00:29:17.085390Z,100 * (CPI_t / CPI_t_minus_12_months - 1)
1955-04-01,us_inflation,us,USA,,United States inflation,-0.26061057,percent_yoy,monthly,FRED_BLS,Consumer Price Index for All Urban Consumers: All Items in U.S. City Average,https://fred.stlouisfed.org/series/CPIAUCSL,https://www.bls.gov/cpi/,2026-09-01T00:29:17.085390Z,100 * (CPI_t / CPI_t_minus_12_months - 1)
1955-05-01,us_inflation,us,USA,,United States inflation,-0.59413294,percent_yoy,monthly,FRED_BLS,Consumer Price Index for All Urban Consumers: All Items in U.S. City Average,https://fred.stlouisfed.org/series/CPIAUCSL,https://www.bls.gov/cpi/,2026-09-01T00:29:17.085390Z,100 * (CPI_t / CPI_t_minus_12_months - 1)
1955-06-01,us_inflation,us,USA,,United States inflation,-0.85374907,percent_yoy,monthly,FRED_BLS,Consumer Price Index for All Urban Consumers: All Items in U.S. City Average,https://fred.stlouisfed.org/series/CPIAUCSL,https://www.bls.gov/cpi/,2026-09-01T00:29:17.085390Z,100 * (CPI_t / CPI_t_minus_12_months - 1)
1955-07-01,us_inflation,us,USA,,United States inflation,-0.37230082,percent_yoy,monthly,FRED_BLS,Consumer Price Index for All Urban Consumers: All Items in U.S. City Average,https://fred.stlouisfed.org/series/CPIAUCSL,https://www.bls.gov/cpi/,2026-09-01T00:29:17.085390Z,100 * (CPI_t / CPI_t_minus_12_months - 1)
1955-08-01,us_inflation,us,USA,,United States inflation,-0.48417132,percent_yoy,monthly,FRED_BLS,Consumer Price Index for All Urban Consumers: All Items in U.S. City Average,https://fred.stlouisfed.org/series/CPIAUCSL,https://www.bls.gov/cpi/,2026-09-01T00:29:17.085390Z,100 * (CPI_t / CPI_t_minus_12_months - 1)
1955-09-01,us_inflation,us,USA,,United States inflation,0.14919806,percent_yoy,monthly,FRED_BLS,Consumer Price Index for All Urban Consumers: All Items in U.S. City Average,https://fred.stlouisfed.org/series/CPIAUCSL,https://www.bls.gov/cpi/,2026-09-01T00:29:17.085390Z,100 * (CPI_t / CPI_t_minus_12_months - 1)
1955-10-01,us_inflation,us,USA,,United States inflation,0.3742515,percent_yoy,monthly,FRED_BLS,Consumer Price Index for All Urban Consumers: All Items in U.S. City Average,https://fred.stlouisfed.org/series/CPIAUCSL,https://www.bls.gov/cpi/,2026-09-01T00:29:17.085390Z,100 * (CPI_t / CPI_t_minus_12_months - 1)
1955-11-01,us_inflation,us,USA,,United States inflation,0.37341299,percent_yoy,monthly,FRED_BLS,Consumer Price Index for All Urban Consumers: All Items in U.S. City Average,https://fred.stlouisfed.org/series/CPIAUCSL,https://www.bls.gov/cpi/,2026-09-01T00:29:17.085390Z,100 * (CPI_t / CPI_t_minus_12_months - 1)
1955-12-01,us_inflation,us,USA,,United States inflation,0.37355248,percent_yoy,monthly,FRED_BLS,Consumer Price Index for All Urban Consumers: All Items in U.S. City Average,https://fred.stlouisfed.org/series/CPIAUCSL,https://www.bls.gov/cpi/,2026-09-01T00:29:17.085390Z,100 * (CPI_t / CPI_t_minus_12_months - 1)
1956-01-01,us_inflation,us,USA,,United States inflation,0.22413149,percent_yoy,monthly,FRED_BLS,Consumer Price Index for All Urban Consumers: All Items in U.S. City Average,https://fred.stlouisfed.org/series/CPIAUCSL,https://www.bls.gov/cpi/,2026-09-01T00:29:17.085390Z,100 * (CPI_t / CPI_t_minus_12_months - 1)
1956-02-01,us_inflation,us,USA,,United States inflation,0.14914243,percent_yoy,monthly,FRED_BLS,Consumer Price Index for All Urban Consumers: All Items in U.S. City Average,https://fred.stlouisfed.org/series/CPIAUCSL,https://www.bls.gov/cpi/,2026-09-01T00:29:17.085390Z,100 * (CPI_t / CPI_t_minus_12_months - 1)
1956-03-01,us_inflation,us,USA,,United States inflation,0.37327361,percent_yoy,monthly,FRED_BLS,Consumer Price Index for All Urban Consumers: All Items in U.S. City Average,https://fred.stlouisfed.org/series/CPIAUCSL,https://www.bls.gov/cpi/,2026-09-01T00:29:17.085390Z,100 * (CPI_t / CPI_t_minus_12_months - 1)
1956-04-01,us_inflation,us,USA,,United States inflation,0.52258305,percent_yoy,monthly,FRED_BLS,Consumer Price Index for All Urban Consumers: All Items in U.S. City Average,https://fred.stlouisfed.org/series/CPIAUCSL,https://www.bls.gov/cpi/,2026-09-01T00:29:17.085390Z,100 * (CPI_t / CPI_t_minus_12_months - 1)
1956-05-01,us_inflation,us,USA,,United States inflation,0.97123646,percent_yoy,monthly,FRED_BLS,Consumer Price Index for All Urban Consumers: All Items in U.S. City Average,https://fred.stlouisfed.org/series/CPIAUCSL,https://www.bls.gov/cpi/,2026-09-01T00:29:17.085390Z,100 * (CPI_t / CPI_t_minus_12_months - 1)
1956-06-01,us_inflation,us,USA,,United States inflation,1.6473231,percent_yoy,monthly,FRED_BLS,Consumer Price Index for All Urban Consumers: All Items in U.S. City Average,https://fred.stlouisfed.org/series/CPIAUCSL,https://www.bls.gov/cpi/,2026-09-01T00:29:17.085390Z,100 * (CPI_t / CPI_t_minus_12_months - 1)
1956-07-01,us_inflation,us,USA,,United States inflation,1.98056801,percent_yoy,monthly,FRED_BLS,Consumer Price Index for All Urban Consumers: All Items in U.S. City Average,https://fred.stlouisfed.org/series/CPIAUCSL,https://www.bls.gov/cpi/,2026-09-01T00:29:17.085390Z,100 * (CPI_t / CPI_t_minus_12_months - 1)
1956-08-01,us_inflation,us,USA,,United States inflation,2.20808383,percent_yoy,monthly,FRED_BLS,Consumer Price Index for All Urban Consumers: All Items in U.S. City Average,https://fred.stlouisfed.org/series/CPIAUCSL,https://www.bls.gov/cpi/,2026-09-01T00:29:17.085390Z,100 * (CPI_t / CPI_t_minus_12_months - 1)
1956-09-01,us_inflation,us,USA,,United States inflation,1.86219739,percent_yoy,monthly,FRED_BLS,Consumer Price Index for All Urban Consumers: All Items in U.S. City Average,https://fred.stlouisfed.org/series/CPIAUCSL,https://www.bls.gov/cpi/,2026-09-01T00:29:17.085390Z,100 * (CPI_t / CPI_t_minus_12_months - 1)
1956-10-01,us_inflation,us,USA,,United States inflation,2.57270694,percent_yoy,monthly,FRED_BLS,Consumer Price Index for All Urban Consumers: All Items in U.S. City Average,https://fred.stlouisfed.org/series/CPIAUCSL,https://www.bls.gov/cpi/,2026-09-01T00:29:17.085390Z,100 * (CPI_t / CPI_t_minus_12_months - 1)
1956-11-01,us_inflation,us,USA,,United States inflation,2.34375,percent_yoy,monthly,FRED_BLS,Consumer Price Index for All Urban Consumers: All Items in U.S. City Average,https://fred.stlouisfed.org/series/CPIAUCSL,https://www.bls.gov/cpi/,2026-09-01T00:29:17.085390Z,100 * (CPI_t / CPI_t_minus_12_months - 1)
1956-12-01,us_inflation,us,USA,,United States inflation,2.8284332,percent_yoy,monthly,FRED_BLS,Consumer Price Index for All Urban Consumers: All Items in U.S. City Average,https://fred.stlouisfed.org/series/CPIAUCSL,https://www.bls.gov/cpi/,2026-09-01T00:29:17.085390Z,100 * (CPI_t / CPI_t_minus_12_months - 1)
1957-01-01,us_inflation,us,USA,,United States inflation,3.1308237,percent_yoy,monthly,FRED_BLS,Consumer Price Index for All Urban Consumers: All Items in U.S. City Average,https://fred.stlouisfed.org/series/CPIAUCSL,https://www.bls.gov/cpi/,2026-09-01T00:29:17.085390Z,100 * (CPI_t / CPI_t_minus_12_months - 1)
1957-02-01,us_inflation,us,USA,,United States inflation,3.4996277,percent_yoy,monthly,FRED_BLS,Consumer Price Index for All Urban Consumers: All Items in U.S. City Average,https://fred.stlouisfed.org/series/CPIAUCSL,https://www.bls.gov/cpi/,2026-09-01T00:29:17.085390Z,100 * (CPI_t / CPI_t_minus_12_months - 1)
1957-03-01,us_inflation,us,USA,,United States inflation,3.60728896,percent_yoy,monthly,FRED_BLS,Consumer Price Index for All Urban Consumers: All Items in U.S. City Average,https://fred.stlouisfed.org/series/CPIAUCSL,https://www.bls.gov/cpi/,2026-09-01T00:29:17.085390Z,100 * (CPI_t / CPI_t_minus_12_months - 1)
1957-04-01,us_inflation,us,USA,,United States inflation,3.71333086,percent_yoy,monthly,FRED_BLS,Consumer Price Index for All Urban Consumers: All Items in U.S. City Average,https://fred.stlouisfed.org/series/CPIAUCSL,https://www.bls.gov/cpi/,2026-09-01T00:29:17.085390Z,100 * (CPI_t / CPI_t_minus_12_months - 1)
1957-05-01,us_inflation,us,USA,,United States inflation,3.58860525,percent_yoy,monthly,FRED_BLS,Consumer Price Index for All Urban Consumers: All Items in U.S. City Average,https://fred.stlouisfed.org/series/CPIAUCSL,https://www.bls.gov/cpi/,2026-09-01T00:29:17.085390Z,100 * (CPI_t / CPI_t_minus_12_months - 1)
1957-06-01,us_inflation,us,USA,,United States inflation,3.5359116,percent_yoy,monthly,FRED_BLS,Consumer Price Index for All Urban Consumers: All Items in U.S. City Average,https://fred.stlouisfed.org/series/CPIAUCSL,https://www.bls.gov/cpi/,2026-09-01T00:29:17.085390Z,100 * (CPI_t / CPI_t_minus_12_months - 1)
1957-07-01,us_inflation,us,USA,,United States inflation,3.29791132,percent_yoy,monthly,FRED_BLS,Consumer Price Index for All Urban Consumers: All Items in U.S. City Average,https://fred.stlouisfed.org/series/CPIAUCSL,https://www.bls.gov/cpi/,2026-09-01T00:29:17.085390Z,100 * (CPI_t / CPI_t_minus_12_months - 1)
1957-08-01,us_inflation,us,USA,,United States inflation,3.55181252,percent_yoy,monthly,FRED_BLS,Consumer Price Index for All Urban Consumers: All Items in U.S. City Average,https://fred.stlouisfed.org/series/CPIAUCSL,https://www.bls.gov/cpi/,2026-09-01T00:29:17.085390Z,100 * (CPI_t / CPI_t_minus_12_months - 1)
1957-09-01,us_inflation,us,USA,,United States inflation,3.54661792,percent_yoy,monthly,FRED_BLS,Consumer Price Index for All Urban Consumers: All Items in U.S. City Average,https://fred.stlouisfed.org/series/CPIAUCSL,https://www.bls.gov/cpi/,2026-09-01T00:29:17.085390Z,100 * (CPI_t / CPI_t_minus_12_months - 1)
1957-10-01,us_inflation,us,USA,,United States inflation,2.94438386,percent_yoy,monthly,FRED_BLS,Consumer Price Index for All Urban Consumers: All Items in U.S. City Average,https://fred.stlouisfed.org/series/CPIAUCSL,https://www.bls.gov/cpi/,2026-09-01T00:29:17.085390Z,100 * (CPI_t / CPI_t_minus_12_months - 1)
1957-11-01,us_inflation,us,USA,,United States inflation,3.27153762,percent_yoy,monthly,FRED_BLS,Consumer Price Index for All Urban Consumers: All Items in U.S. City Average,https://fred.stlouisfed.org/series/CPIAUCSL,https://www.bls.gov/cpi/,2026-09-01T00:29:17.085390Z,100 * (CPI_t / CPI_t_minus_12_months - 1)
1957-12-01,us_inflation,us,USA,,United States inflation,3.04017372,percent_yoy,monthly,FRED_BLS,Consumer Price Index for All Urban Consumers: All Items in U.S. City Average,https://fred.stlouisfed.org/series/CPIAUCSL,https://www.bls.gov/cpi/,2026-09-01T00:29:17.085390Z,100 * (CPI_t / CPI_t_minus_12_months - 1)
1958-01-01,us_inflation,us,USA,,United States inflation,3.50560173,percent_yoy,monthly,FRED_BLS,Consumer Price Index for All Urban Consumers: All Items in U.S. City Average,https://fred.stlouisfed.org/series/CPIAUCSL,https://www.bls.gov/cpi/,2026-09-01T00:29:17.085390Z,100 * (CPI_t / CPI_t_minus_12_months - 1)
1958-02-01,us_inflation,us,USA,,United States inflation,3.23741007,percent_yoy,monthly,FRED_BLS,Consumer Price Index for All Urban Consumers: All Items in U.S. City Average,https://fred.stlouisfed.org/series/CPIAUCSL,https://www.bls.gov/cpi/,2026-09-01T00:29:17.085390Z,100 * (CPI_t / CPI_t_minus_12_months - 1)
1958-03-01,us_inflation,us,USA,,United States inflation,3.6252692,percent_yoy,monthly,FRED_BLS,Consumer Price Index for All Urban Consumers: All Items in U.S. City Average,https://fred.stlouisfed.org/series/CPIAUCSL,https://www.bls.gov/cpi/,2026-09-01T00:29:17.085390Z,100 * (CPI_t / CPI_t_minus_12_months - 1)
1958-04-01,us_inflation,us,USA,,United States inflation,3.61618332,percent_yoy,monthly,FRED_BLS,Consumer Price Index for All Urban Consumers: All Items in U.S. City Average,https://fred.stlouisfed.org/series/CPIAUCSL,https://www.bls.gov/cpi/,2026-09-01T00:29:17.085390Z,100 * (CPI_t / CPI_t_minus_12_months - 1)
1958-05-01,us_inflation,us,USA,,United States inflation,3.35714286,percent_yoy,monthly,FRED_BLS,Consumer Price Index for All Urban Consumers: All Items in U.S. City Average,https://fred.stlouisfed.org/series/CPIAUCSL,https://www.bls.gov/cpi/,2026-09-01T00:29:17.085390Z,100 * (CPI_t / CPI_t_minus_12_months - 1)
1958-06-01,us_inflation,us,USA,,United States inflation,2.84596229,percent_yoy,monthly,FRED_BLS,Consumer Price Index for All Urban Consumers: All Items in U.S. City Average,https://fred.stlouisfed.org/series/CPIAUCSL,https://www.bls.gov/cpi/,2026-09-01T00:29:17.085390Z,100 * (CPI_t / CPI_t_minus_12_months - 1)
1958-07-01,us_inflation,us,USA,,United States inflation,2.48315005,percent_yoy,monthly,FRED_BLS,Consumer Price Index for All Urban Consumers: All Items in U.S. City Average,https://fred.stlouisfed.org/series/CPIAUCSL,https://www.bls.gov/cpi/,2026-09-01T00:29:17.085390Z,100 * (CPI_t / CPI_t_minus_12_months - 1)
1958-08-01,us_inflation,us,USA,,United States inflation,2.33380481,percent_yoy,monthly,FRED_BLS,Consumer Price Index for All Urban Consumers: All Items in U.S. City Average,https://fred.stlouisfed.org/series/CPIAUCSL,https://www.bls.gov/cpi/,2026-09-01T00:29:17.085390Z,100 * (CPI_t / CPI_t_minus_12_months - 1)
1958-09-01,us_inflation,us,USA,,United States inflation,2.08333333,percent_yoy,monthly,FRED_BLS,Consumer Price Index for All Urban Consumers: All Items in U.S. City Average,https://fred.stlouisfed.org/series/CPIAUCSL,https://www.bls.gov/cpi/,2026-09-01T00:29:17.085390Z,100 * (CPI_t / CPI_t_minus_12_months - 1)
1958-10-01,us_inflation,us,USA,,United States inflation,2.08333333,percent_yoy,monthly,FRED_BLS,Consumer Price Index for All Urban Consumers: All Items in U.S. City Average,https://fred.stlouisfed.org/series/CPIAUCSL,https://www.bls.gov/cpi/,2026-09-01T00:29:17.085390Z,100 * (CPI_t / CPI_t_minus_12_months - 1)
1958-11-01,us_inflation,us,USA,,United States inflation,1.90073918,percent_yoy,monthly,FRED_BLS,Consumer Price Index for All Urban Consumers: All Items in U.S. City Average,https://fred.stlouisfed.org/series/CPIAUCSL,https://www.bls.gov/cpi/,2026-09-01T00:29:17.085390Z,100 * (CPI_t / CPI_t_minus_12_months - 1)
1958-12-01,us_inflation,us,USA,,United States inflation,1.75623463,percent_yoy,monthly,FRED_BLS,Consumer Price Index for All Urban Consumers: All Items in U.S. City Average,https://fred.stlouisfed.org/series/CPIAUCSL,https://www.bls.gov/cpi/,2026-09-01T00:29:17.085390Z,100 * (CPI_t / CPI_t_minus_12_months - 1)
1959-01-01,us_inflation,us,USA,,United States inflation,1.29189944,percent_yoy,monthly,FRED_BLS,Consumer Price Index for All Urban Consumers: All Items in U.S. City Average,https://fred.stlouisfed.org/series/CPIAUCSL,https://www.bls.gov/cpi/,2026-09-01T00:29:17.085390Z,100 * (CPI_t / CPI_t_minus_12_months - 1)
1959-02-01,us_inflation,us,USA,,United States inflation,1.04529617,percent_yoy,monthly,FRED_BLS,Consumer Price Index for All Urban Consumers: All Items in U.S. City Average,https://fred.stlouisfed.org/series/CPIAUCSL,https://www.bls.gov/cpi/,2026-09-01T00:29:17.085390Z,100 * (CPI_t / CPI_t_minus_12_months - 1)
1959-03-01,us_inflation,us,USA,,United States inflation,0.34638033,percent_yoy,monthly,FRED_BLS,Consumer Price Index for All Urban Consumers: All Items in U.S. City Average,https://fred.stlouisfed.org/series/CPIAUCSL,https://www.bls.gov/cpi/,2026-09-01T00:29:17.085390Z,100 * (CPI_t / CPI_t_minus_12_months - 1)
1959-04-01,us_inflation,us,USA,,United States inflation,0.138217,percent_yoy,monthly,FRED_BLS,Consumer Price Index for All Urban Consumers: All Items in U.S. City Average,https://fred.stlouisfed.org/series/CPIAUCSL,https://www.bls.gov/cpi/,2026-09-01T00:29:17.085390Z,100 * (CPI_t / CPI_t_minus_12_months - 1)
1959-05-01,us_inflation,us,USA,,United States inflation,0.3455425,percent_yoy,monthly,FRED_BLS,Consumer Price Index for All Urban Consumers: All Items in U.S. City Average,https://fred.stlouisfed.org/series/CPIAUCSL,https://www.bls.gov/cpi/,2026-09-01T00:29:17.085390Z,100 * (CPI_t / CPI_t_minus_12_months - 1)
1959-06-01,us_inflation,us,USA,,United States inflation,0.69180214,percent_yoy,monthly,FRED_BLS,Consumer Price Index for All Urban Consumers: All Items in U.S. City Average,https://fred.stlouisfed.org/series/CPIAUCSL,https://www.bls.gov/cpi/,2026-09-01T00:29:17.085390Z,100 * (CPI_t / CPI_t_minus_12_months - 1)
1959-07-01,us_inflation,us,USA,,United States inflation,0.89996539,percent_yoy,monthly,FRED_BLS,Consumer Price Index for All Urban Consumers: All Items in U.S. City Average,https://fred.stlouisfed.org/series/CPIAUCSL,https://www.bls.gov/cpi/,2026-09-01T00:29:17.085390Z,100 * (CPI_t / CPI_t_minus_12_months - 1)
1959-08-01,us_inflation,us,USA,,United States inflation,0.829302,percent_yoy,monthly,FRED_BLS,Consumer Price Index for All Urban Consumers: All Items in U.S. City Average,https://fred.stlouisfed.org/series/CPIAUCSL,https://www.bls.gov/cpi/,2026-09-01T00:29:17.085390Z,100 * (CPI_t / CPI_t_minus_12_months - 1)
1959-09-01,us_inflation,us,USA,,United States inflation,1.17606365,percent_yoy,monthly,FRED_BLS,Consumer Price Index for All Urban Consumers: All Items in U.S. City Average,https://fred.stlouisfed.org/series/CPIAUCSL,https://www.bls.gov/cpi/,2026-09-01T00:29:17.085390Z,100 * (CPI_t / CPI_t_minus_12_months - 1)
1959-10-01,us_inflation,us,USA,,United States inflation,1.52196472,percent_yoy,monthly,FRED_BLS,Consumer Price Index for All Urban Consumers: All Items in U.S. City Average,https://fred.stlouisfed.org/series/CPIAUCSL,https://www.bls.gov/cpi/,2026-09-01T00:29:17.085390Z,100 * (CPI_t / CPI_t_minus_12_months - 1)
1959-11-01,us_inflation,us,USA,,United States inflation,1.38169257,percent_yoy,monthly,FRED_BLS,Consumer Price Index for All Urban Consumers: All Items in U.S. City Average,https://fred.stlouisfed.org/series/CPIAUCSL,https://www.bls.gov/cpi/,2026-09-01T00:29:17.085390Z,100 * (CPI_t / CPI_t_minus_12_months - 1)
1959-12-01,us_inflation,us,USA,,United States inflation,1.51881256,percent_yoy,monthly,FRED_BLS,Consumer Price Index for All Urban Consumers: All Items in U.S. City Average,https://fred.stlouisfed.org/series/CPIAUCSL,https://www.bls.gov/cpi/,2026-09-01T00:29:17.085390Z,100 * (CPI_t / CPI_t_minus_12_months - 1)
1960-01-01,us_inflation,us,USA,,United States inflation,1.2409514,percent_yoy,monthly,FRED_BLS,Consumer Price Index for All Urban Consumers: All Items in U.S. City Average,https://fred.stlouisfed.org/series/CPIAUCSL,https://www.bls.gov/cpi/,2026-09-01T00:29:17.085390Z,100 * (CPI_t / CPI_t_minus_12_months - 1)
1960-02-01,us_inflation,us,USA,,United States inflation,1.4137931,percent_yoy,monthly,FRED_BLS,Consumer Price Index for All Urban Consumers: All Items in U.S. City Average,https://fred.stlouisfed.org/series/CPIAUCSL,https://www.bls.gov/cpi/,2026-09-01T00:29:17.085390Z,100 * (CPI_t / CPI_t_minus_12_months - 1)
1960-03-01,us_inflation,us,USA,,United States inflation,1.51881256,percent_yoy,monthly,FRED_BLS,Consumer Price Index for All Urban Consumers: All Items in U.S. City Average,https://fred.stlouisfed.org/series/CPIAUCSL,https://www.bls.gov/cpi/,2026-09-01T00:29:17.085390Z,100 * (CPI_t / CPI_t_minus_12_months - 1)
1960-04-01,us_inflation,us,USA,,United States inflation,1.93236715,percent_yoy,monthly,FRED_BLS,Consumer Price Index for All Urban Consumers: All Items in U.S. City Average,https://fred.stlouisfed.org/series/CPIAUCSL,https://www.bls.gov/cpi/,2026-09-01T00:29:17.085390Z,100 * (CPI_t / CPI_t_minus_12_months - 1)
1960-05-01,us_inflation,us,USA,,United States inflation,1.82506887,percent_yoy,monthly,FRED_BLS,Consumer Price Index for All Urban Consumers: All Items in U.S. City Average,https://fred.stlouisfed.org/series/CPIAUCSL,https://www.bls.gov/cpi/,2026-09-01T00:29:17.085390Z,100 * (CPI_t / CPI_t_minus_12_months - 1)
1960-06-01,us_inflation,us,USA,,United States inflation,1.71762281,percent_yoy,monthly,FRED_BLS,Consumer Price Index for All Urban Consumers: All Items in U.S. City Average,https://fred.stlouisfed.org/series/CPIAUCSL,https://www.bls.gov/cpi/,2026-09-01T00:29:17.085390Z,100 * (CPI_t / CPI_t_minus_12_months - 1)
1960-07-01,us_inflation,us,USA,,United States inflation,1.37221269,percent_yoy,monthly,FRED_BLS,Consumer Price Index for All Urban Consumers: All Items in U.S. City Average,https://fred.stlouisfed.org/series/CPIAUCSL,https://www.bls.gov/cpi/,2026-09-01T00:29:17.085390Z,100 * (CPI_t / CPI_t_minus_12_months - 1)
1960-08-01,us_inflation,us,USA,,United States inflation,1.47361206,percent_yoy,monthly,FRED_BLS,Consumer Price Index for All Urban Consumers: All Items in U.S. City Average,https://fred.stlouisfed.org/series/CPIAUCSL,https://www.bls.gov/cpi/,2026-09-01T00:29:17.085390Z,100 * (CPI_t / CPI_t_minus_12_months - 1)
1960-09-01,us_inflation,us,USA,,United States inflation,1.23076923,percent_yoy,monthly,FRED_BLS,Consumer Price Index for All Urban Consumers: All Items in U.S. City Average,https://fred.stlouisfed.org/series/CPIAUCSL,https://www.bls.gov/cpi/,2026-09-01T00:29:17.085390Z,100 * (CPI_t / CPI_t_minus_12_months - 1)
1960-10-01,us_inflation,us,USA,,United States inflation,1.36286201,percent_yoy,monthly,FRED_BLS,Consumer Price Index for All Urban Consumers: All Items in U.S. City Average,https://fred.stlouisfed.org/series/CPIAUCSL,https://www.bls.gov/cpi/,2026-09-01T00:29:17.085390Z,100 * (CPI_t / CPI_t_minus_12_months - 1)
1960-11-01,us_inflation,us,USA,,United States inflation,1.46507666,percent_yoy,monthly,FRED_BLS,Consumer Price Index for All Urban Consumers: All Items in U.S. City Average,https://fred.stlouisfed.org/series/CPIAUCSL,https://www.bls.gov/cpi/,2026-09-01T00:29:17.085390Z,100 * (CPI_t / CPI_t_minus_12_months - 1)
1960-12-01,us_inflation,us,USA,,United States inflation,1.3600816,percent_yoy,monthly,FRED_BLS,Consumer Price Index for All Urban Consumers: All Items in U.S. City Average,https://fred.stlouisfed.org/series/CPIAUCSL,https://www.bls.gov/cpi/,2026-09-01T00:29:17.085390Z,100 * (CPI_t / CPI_t_minus_12_months - 1)
1961-01-01,us_inflation,us,USA,,United States inflation,1.60027239,percent_yoy,monthly,FRED_BLS,Consumer Price Index for All Urban Consumers: All Items in U.S. City Average,https://fred.stlouisfed.org/series/CPIAUCSL,https://www.bls.gov/cpi/,2026-09-01T00:29:17.085390Z,100 * (CPI_t / CPI_t_minus_12_months - 1)
1961-02-01,us_inflation,us,USA,,United States inflation,1.46208773,percent_yoy,monthly,FRED_BLS,Consumer Price Index for All Urban Consumers: All Items in U.S. City Average,https://fred.stlouisfed.org/series/CPIAUCSL,https://www.bls.gov/cpi/,2026-09-01T00:29:17.085390Z,100 * (CPI_t / CPI_t_minus_12_months - 1)
1961-03-01,us_inflation,us,USA,,United States inflation,1.46208773,percent_yoy,monthly,FRED_BLS,Consumer Price Index for All Urban Consumers: All Items in U.S. City Average,https://fred.stlouisfed.org/series/CPIAUCSL,https://www.bls.gov/cpi/,2026-09-01T00:29:17.085390Z,100 * (CPI_t / CPI_t_minus_12_months - 1)
1961-04-01,us_inflation,us,USA,,United States inflation,0.9140149,percent_yoy,monthly,FRED_BLS,Consumer Price Index for All Urban Consumers: All Items in U.S. City Average,https://fred.stlouisfed.org/series/CPIAUCSL,https://www.bls.gov/cpi/,2026-09-01T00:29:17.085390Z,100 * (CPI_t / CPI_t_minus_12_months - 1)
1961-05-01,us_inflation,us,USA,,United States inflation,0.91308759,percent_yoy,monthly,FRED_BLS,Consumer Price Index for All Urban Consumers: All Items in U.S. City Average,https://fred.stlouisfed.org/series/CPIAUCSL,https://www.bls.gov/cpi/,2026-09-01T00:29:17.085390Z,100 * (CPI_t / CPI_t_minus_12_months - 1)
1961-06-01,us_inflation,us,USA,,United States inflation,0.77676461,percent_yoy,monthly,FRED_BLS,Consumer Price Index for All Urban Consumers: All Items in U.S. City Average,https://fred.stlouisfed.org/series/CPIAUCSL,https://www.bls.gov/cpi/,2026-09-01T00:29:17.085390Z,100 * (CPI_t / CPI_t_minus_12_months - 1)
1961-07-01,us_inflation,us,USA,,United States inflation,1.25211506,percent_yoy,monthly,FRED_BLS,Consumer Price Index for All Urban Consumers: All Items in U.S. City Average,https://fred.stlouisfed.org/series/CPIAUCSL,https://www.bls.gov/cpi/,2026-09-01T00:29:17.085390Z,100 * (CPI_t / CPI_t_minus_12_months - 1)
1961-08-01,us_inflation,us,USA,,United States inflation,1.11448835,percent_yoy,monthly,FRED_BLS,Consumer Price Index for All Urban Consumers: All Items in U.S. City Average,https://fred.stlouisfed.org/series/CPIAUCSL,https://www.bls.gov/cpi/,2026-09-01T00:29:17.085390Z,100 * (CPI_t / CPI_t_minus_12_months - 1)
1961-09-01,us_inflation,us,USA,,United States inflation,1.24957785,percent_yoy,monthly,FRED_BLS,Consumer Price Index for All Urban Consumers: All Items in U.S. City Average,https://fred.stlouisfed.org/series/CPIAUCSL,https://www.bls.gov/cpi/,2026-09-01T00:29:17.085390Z,100 * (CPI_t / CPI_t_minus_12_months - 1)
1961-10-01,us_inflation,us,USA,,United States inflation,0.77310924,percent_yoy,monthly,FRED_BLS,Consumer Price Index for All Urban Consumers: All Items in U.S. City Average,https://fred.stlouisfed.org/series/CPIAUCSL,https://www.bls.gov/cpi/,2026-09-01T00:29:17.085390Z,100 * (CPI_t / CPI_t_minus_12_months - 1)
1961-11-01,us_inflation,us,USA,,United States inflation,0.67159167,percent_yoy,monthly,FRED_BLS,Consumer Price Index for All Urban Consumers: All Items in U.S. City Average,https://fred.stlouisfed.org/series/CPIAUCSL,https://www.bls.gov/cpi/,2026-09-01T00:29:17.085390Z,100 * (CPI_t / CPI_t_minus_12_months - 1)
1961-12-01,us_inflation,us,USA,,United States inflation,0.6709158,percent_yoy,monthly,FRED_BLS,Consumer Price Index for All Urban Consumers: All Items in U.S. City Average,https://fred.stlouisfed.org/series/CPIAUCSL,https://www.bls.gov/cpi/,2026-09-01T00:29:17.085390Z,100 * (CPI_t / CPI_t_minus_12_months - 1)
1962-01-01,us_inflation,us,USA,,United States inflation,0.67024129,percent_yoy,monthly,FRED_BLS,Consumer Price Index for All Urban Consumers: All Items in U.S. City Average,https://fred.stlouisfed.org/series/CPIAUCSL,https://www.bls.gov/cpi/,2026-09-01T00:29:17.085390Z,100 * (CPI_t / CPI_t_minus_12_months - 1)
1962-02-01,us_inflation,us,USA,,United States inflation,0.90482574,percent_yoy,monthly,FRED_BLS,Consumer Price Index for All Urban Consumers: All Items in U.S. City Average,https://fred.stlouisfed.org/series/CPIAUCSL,https://www.bls.gov/cpi/,2026-09-01T00:29:17.085390Z,100 * (CPI_t / CPI_t_minus_12_months - 1)
1962-03-01,us_inflation,us,USA,,United States inflation,1.10589812,percent_yoy,monthly,FRED_BLS,Consumer Price Index for All Urban Consumers: All Items in U.S. City Average,https://fred.stlouisfed.org/series/CPIAUCSL,https://www.bls.gov/cpi/,2026-09-01T00:29:17.085390Z,100 * (CPI_t / CPI_t_minus_12_months - 1)
1962-04-01,us_inflation,us,USA,,United States inflation,1.3418316,percent_yoy,monthly,FRED_BLS,Consumer Price Index for All Urban Consumers: All Items in U.S. City Average,https://fred.stlouisfed.org/series/CPIAUCSL,https://www.bls.gov/cpi/,2026-09-01T00:29:17.085390Z,100 * (CPI_t / CPI_t_minus_12_months - 1)
1962-05-01,us_inflation,us,USA,,United States inflation,1.34048257,percent_yoy,monthly,FRED_BLS,Consumer Price Index for All Urban Consumers: All Items in U.S. City Average,https://fred.stlouisfed.org/series/CPIAUCSL,https://www.bls.gov/cpi/,2026-09-01T00:29:17.085390Z,100 * (CPI_t / CPI_t_minus_12_months - 1)
1962-06-01,us_inflation,us,USA,,United States inflation,1.23994638,percent_yoy,monthly,FRED_BLS,Consumer Price Index for All Urban Consumers: All Items in U.S. City Average,https://fred.stlouisfed.org/series/CPIAUCSL,https://www.bls.gov/cpi/,2026-09-01T00:29:17.085390Z,100 * (CPI_t / CPI_t_minus_12_months - 1)
1962-07-01,us_inflation,us,USA,,United States inflation,1.0026738,percent_yoy,monthly,FRED_BLS,Consumer Price Index for All Urban Consumers: All Items in U.S. City Average,https://fred.stlouisfed.org/series/CPIAUCSL,https://www.bls.gov/cpi/,2026-09-01T00:29:17.085390Z,100 * (CPI_t / CPI_t_minus_12_months - 1)
1962-08-01,us_inflation,us,USA,,United States inflation,1.13560454,percent_yoy,monthly,FRED_BLS,Consumer Price Index for All Urban Consumers: All Items in U.S. City Average,https://fred.stlouisfed.org/series/CPIAUCSL,https://www.bls.gov/cpi/,2026-09-01T00:29:17.085390Z,100 * (CPI_t / CPI_t_minus_12_months - 1)
1962-09-01,us_inflation,us,USA,,United States inflation,1.4676451,percent_yoy,monthly,FRED_BLS,Consumer Price Index for All Urban Consumers: All Items in U.S. City Average,https://fred.stlouisfed.org/series/CPIAUCSL,https://www.bls.gov/cpi/,2026-09-01T00:29:17.085390Z,100 * (CPI_t / CPI_t_minus_12_months - 1)
1962-10-01,us_inflation,us,USA,,United States inflation,1.33422282,percent_yoy,monthly,FRED_BLS,Consumer Price Index for All Urban Consumers: All Items in U.S. City Average,https://fred.stlouisfed.org/series/CPIAUCSL,https://www.bls.gov/cpi/,2026-09-01T00:29:17.085390Z,100 * (CPI_t / CPI_t_minus_12_months - 1)
1962-11-01,us_inflation,us,USA,,United States inflation,1.33422282,percent_yoy,monthly,FRED_BLS,Consumer Price Index for All Urban Consumers: All Items in U.S. City Average,https://fred.stlouisfed.org/series/CPIAUCSL,https://www.bls.gov/cpi/,2026-09-01T00:29:17.085390Z,100 * (CPI_t / CPI_t_minus_12_months - 1)
1962-12-01,us_inflation,us,USA,,United States inflation,1.23292236,percent_yoy,monthly,FRED_BLS,Consumer Price Index for All Urban Consumers: All Items in U.S. City Average,https://fred.stlouisfed.org/series/CPIAUCSL,https://www.bls.gov/cpi/,2026-09-01T00:29:17.085390Z,100 * (CPI_t / CPI_t_minus_12_months - 1)
1963-01-01,us_inflation,us,USA,,United States inflation,1.33155792,percent_yoy,monthly,FRED_BLS,Consumer Price Index for All Urban Consumers: All Items in U.S. City Average,https://fred.stlouisfed.org/series/CPIAUCSL,https://www.bls.gov/cpi/,2026-09-01T00:29:17.085390Z,100 * (CPI_t / CPI_t_minus_12_months - 1)
1963-02-01,us_inflation,us,USA,,United States inflation,1.22882763,percent_yoy,monthly,FRED_BLS,Consumer Price Index for All Urban Consumers: All Items in U.S. City Average,https://fred.stlouisfed.org/series/CPIAUCSL,https://www.bls.gov/cpi/,2026-09-01T00:29:17.085390Z,100 * (CPI_t / CPI_t_minus_12_months - 1)
1963-03-01,us_inflation,us,USA,,United States inflation,1.1269473,percent_yoy,monthly,FRED_BLS,Consumer Price Index for All Urban Consumers: All Items in U.S. City Average,https://fred.stlouisfed.org/series/CPIAUCSL,https://www.bls.gov/cpi/,2026-09-01T00:29:17.085390Z,100 * (CPI_t / CPI_t_minus_12_months - 1)
1963-04-01,us_inflation,us,USA,,United States inflation,0.89374379,percent_yoy,monthly,FRED_BLS,Consumer Price Index for All Urban Consumers: All Items in U.S. City Average,https://fred.stlouisfed.org/series/CPIAUCSL,https://www.bls.gov/cpi/,2026-09-01T00:29:17.085390Z,100 * (CPI_t / CPI_t_minus_12_months - 1)
1963-05-01,us_inflation,us,USA,,United States inflation,0.89285714,percent_yoy,monthly,FRED_BLS,Consumer Price Index for All Urban Consumers: All Items in U.S. City Average,https://fred.stlouisfed.org/series/CPIAUCSL,https://www.bls.gov/cpi/,2026-09-01T00:29:17.085390Z,100 * (CPI_t / CPI_t_minus_12_months - 1)
1963-06-01,us_inflation,us,USA,,United States inflation,1.32406488,percent_yoy,monthly,FRED_BLS,Consumer Price Index for All Urban Consumers: All Items in U.S. City Average,https://fred.stlouisfed.org/series/CPIAUCSL,https://www.bls.gov/cpi/,2026-09-01T00:29:17.085390Z,100 * (CPI_t / CPI_t_minus_12_months - 1)
1963-07-01,us_inflation,us,USA,,United States inflation,1.55526142,percent_yoy,monthly,FRED_BLS,Consumer Price Index for All Urban Consumers: All Items in U.S. City Average,https://fred.stlouisfed.org/series/CPIAUCSL,https://www.bls.gov/cpi/,2026-09-01T00:29:17.085390Z,100 * (CPI_t / CPI_t_minus_12_months - 1)
1963-08-01,us_inflation,us,USA,,United States inflation,1.55217966,percent_yoy,monthly,FRED_BLS,Consumer Price Index for All Urban Consumers: All Items in U.S. City Average,https://fred.stlouisfed.org/series/CPIAUCSL,https://www.bls.gov/cpi/,2026-09-01T00:29:17.085390Z,100 * (CPI_t / CPI_t_minus_12_months - 1)
1963-09-01,us_inflation,us,USA,,United States inflation,0.98619329,percent_yoy,monthly,FRED_BLS,Consumer Price Index for All Urban Consumers: All Items in U.S. City Average,https://fred.stlouisfed.org/series/CPIAUCSL,https://www.bls.gov/cpi/,2026-09-01T00:29:17.085390Z,100 * (CPI_t / CPI_t_minus_12_months - 1)
1963-10-01,us_inflation,us,USA,,United States inflation,1.21790652,percent_yoy,monthly,FRED_BLS,Consumer Price Index for All Urban Consumers: All Items in U.S. City Average,https://fred.stlouisfed.org/series/CPIAUCSL,https://www.bls.gov/cpi/,2026-09-01T00:29:17.085390Z,100 * (CPI_t / CPI_t_minus_12_months - 1)
1963-11-01,us_inflation,us,USA,,United States inflation,1.31665569,percent_yoy,monthly,FRED_BLS,Consumer Price Index for All Urban Consumers: All Items in U.S. City Average,https://fred.stlouisfed.org/series/CPIAUCSL,https://www.bls.gov/cpi/,2026-09-01T00:29:17.085390Z,100 * (CPI_t / CPI_t_minus_12_months - 1)
1963-12-01,us_inflation,us,USA,,United States inflation,1.64581962,percent_yoy,monthly,FRED_BLS,Consumer Price Index for All Urban Consumers: All Items in U.S. City Average,https://fred.stlouisfed.org/series/CPIAUCSL,https://www.bls.gov/cpi/,2026-09-01T00:29:17.085390Z,100 * (CPI_t / CPI_t_minus_12_months - 1)
1964-01-01,us_inflation,us,USA,,United States inflation,1.64257556,percent_yoy,monthly,FRED_BLS,Consumer Price Index for All Urban Consumers: All Items in U.S. City Average,https://fred.stlouisfed.org/series/CPIAUCSL,https://www.bls.gov/cpi/,2026-09-01T00:29:17.085390Z,100 * (CPI_t / CPI_t_minus_12_months - 1)
1964-02-01,us_inflation,us,USA,,United States inflation,1.41076115,percent_yoy,monthly,FRED_BLS,Consumer Price Index for All Urban Consumers: All Items in U.S. City Average,https://fred.stlouisfed.org/series/CPIAUCSL,https://www.bls.gov/cpi/,2026-09-01T00:29:17.085390Z,100 * (CPI_t / CPI_t_minus_12_months - 1)
1964-03-01,us_inflation,us,USA,,United States inflation,1.40937398,percent_yoy,monthly,FRED_BLS,Consumer Price Index for All Urban Consumers: All Items in U.S. City Average,https://fred.stlouisfed.org/series/CPIAUCSL,https://www.bls.gov/cpi/,2026-09-01T00:29:17.085390Z,100 * (CPI_t / CPI_t_minus_12_months - 1)
1964-04-01,us_inflation,us,USA,,United States inflation,1.54199475,percent_yoy,monthly,FRED_BLS,Consumer Price Index for All Urban Consumers: All Items in U.S. City Average,https://fred.stlouisfed.org/series/CPIAUCSL,https://www.bls.gov/cpi/,2026-09-01T00:29:17.085390Z,100 * (CPI_t / CPI_t_minus_12_months - 1)
1964-05-01,us_inflation,us,USA,,United States inflation,1.54047853,percent_yoy,monthly,FRED_BLS,Consumer Price Index for All Urban Consumers: All Items in U.S. City Average,https://fred.stlouisfed.org/series/CPIAUCSL,https://www.bls.gov/cpi/,2026-09-01T00:29:17.085390Z,100 * (CPI_t / CPI_t_minus_12_months - 1)
1964-06-01,us_inflation,us,USA,,United States inflation,1.3067625,percent_yoy,monthly,FRED_BLS,Consumer Price Index for All Urban Consumers: All Items in U.S. City Average,https://fred.stlouisfed.org/series/CPIAUCSL,https://www.bls.gov/cpi/,2026-09-01T00:29:17.085390Z,100 * (CPI_t / CPI_t_minus_12_months - 1)
1964-07-01,us_inflation,us,USA,,United States inflation,1.07526882,percent_yoy,monthly,FRED_BLS,Consumer Price Index for All Urban Consumers: All Items in U.S. City Average,https://fred.stlouisfed.org/series/CPIAUCSL,https://www.bls.gov/cpi/,2026-09-01T00:29:17.085390Z,100 * (CPI_t / CPI_t_minus_12_months - 1)
1964-08-01,us_inflation,us,USA,,United States inflation,0.97560976,percent_yoy,monthly,FRED_BLS,Consumer Price Index for All Urban Consumers: All Items in U.S. City Average,https://fred.stlouisfed.org/series/CPIAUCSL,https://www.bls.gov/cpi/,2026-09-01T00:29:17.085390Z,100 * (CPI_t / CPI_t_minus_12_months - 1)
1964-09-01,us_inflation,us,USA,,United States inflation,1.171875,percent_yoy,monthly,FRED_BLS,Consumer Price Index for All Urban Consumers: All Items in U.S. City Average,https://fred.stlouisfed.org/series/CPIAUCSL,https://www.bls.gov/cpi/,2026-09-01T00:29:17.085390Z,100 * (CPI_t / CPI_t_minus_12_months - 1)
1964-10-01,us_inflation,us,USA,,United States inflation,1.20325203,percent_yoy,monthly,FRED_BLS,Consumer Price Index for All Urban Consumers: All Items in U.S. City Average,https://fred.stlouisfed.org/series/CPIAUCSL,https://www.bls.gov/cpi/,2026-09-01T00:29:17.085390Z,100 * (CPI_t / CPI_t_minus_12_months - 1)
1964-11-01,us_inflation,us,USA,,United States inflation,1.39701105,percent_yoy,monthly,FRED_BLS,Consumer Price Index for All Urban Consumers: All Items in U.S. City Average,https://fred.stlouisfed.org/series/CPIAUCSL,https://www.bls.gov/cpi/,2026-09-01T00:29:17.085390Z,100 * (CPI_t / CPI_t_minus_12_months - 1)
1964-12-01,us_inflation,us,USA,,United States inflation,1.19818653,percent_yoy,monthly,FRED_BLS,Consumer Price Index for All Urban Consumers: All Items in U.S. City Average,https://fred.stlouisfed.org/series/CPIAUCSL,https://www.bls.gov/cpi/,2026-09-01T00:29:17.085390Z,100 * (CPI_t / CPI_t_minus_12_months - 1)
1965-01-01,us_inflation,us,USA,,United States inflation,1.0989011,percent_yoy,monthly,FRED_BLS,Consumer Price Index for All Urban Consumers: All Items in U.S. City Average,https://fred.stlouisfed.org/series/CPIAUCSL,https://www.bls.gov/cpi/,2026-09-01T00:29:17.085390Z,100 * (CPI_t / CPI_t_minus_12_months - 1)
1965-02-01,us_inflation,us,USA,,United States inflation,1.19702362,percent_yoy,monthly,FRED_BLS,Consumer Price Index for All Urban Consumers: All Items in U.S. City Average,https://fred.stlouisfed.org/series/CPIAUCSL,https://www.bls.gov/cpi/,2026-09-01T00:29:17.085390Z,100 * (CPI_t / CPI_t_minus_12_months - 1)
1965-03-01,us_inflation,us,USA,,United States inflation,1.19586296,percent_yoy,monthly,FRED_BLS,Consumer Price Index for All Urban Consumers: All Items in U.S. City Average,https://fred.stlouisfed.org/series/CPIAUCSL,https://www.bls.gov/cpi/,2026-09-01T00:29:17.085390Z,100 * (CPI_t / CPI_t_minus_12_months - 1)
1965-04-01,us_inflation,us,USA,,United States inflation,1.38933764,percent_yoy,monthly,FRED_BLS,Consumer Price Index for All Urban Consumers: All Items in U.S. City Average,https://fred.stlouisfed.org/series/CPIAUCSL,https://www.bls.gov/cpi/,2026-09-01T00:29:17.085390Z,100 * (CPI_t / CPI_t_minus_12_months - 1)
1965-05-01,us_inflation,us,USA,,United States inflation,1.61394448,percent_yoy,monthly,FRED_BLS,Consumer Price Index for All Urban Consumers: All Items in U.S. City Average,https://fred.stlouisfed.org/series/CPIAUCSL,https://www.bls.gov/cpi/,2026-09-01T00:29:17.085390Z,100 * (CPI_t / CPI_t_minus_12_months - 1)
1965-06-01,us_inflation,us,USA,,United States inflation,1.93485972,percent_yoy,monthly,FRED_BLS,Consumer Price Index for All Urban Consumers: All Items in U.S. City Average,https://fred.stlouisfed.org/series/CPIAUCSL,https://www.bls.gov/cpi/,2026-09-01T00:29:17.085390Z,100 * (CPI_t / CPI_t_minus_12_months - 1)
1965-07-01,us_inflation,us,USA,,United States inflation,1.80528691,percent_yoy,monthly,FRED_BLS,Consumer Price Index for All Urban Consumers: All Items in U.S. City Average,https://fred.stlouisfed.org/series/CPIAUCSL,https://www.bls.gov/cpi/,2026-09-01T00:29:17.085390Z,100 * (CPI_t / CPI_t_minus_12_months - 1)
1965-08-01,us_inflation,us,USA,,United States inflation,1.61030596,percent_yoy,monthly,FRED_BLS,Consumer Price Index for All Urban Consumers: All Items in U.S. City Average,https://fred.stlouisfed.org/series/CPIAUCSL,https://www.bls.gov/cpi/,2026-09-01T00:29:17.085390Z,100 * (CPI_t / CPI_t_minus_12_months - 1)
1965-09-01,us_inflation,us,USA,,United States inflation,1.73745174,percent_yoy,monthly,FRED_BLS,Consumer Price Index for All Urban Consumers: All Items in U.S. City Average,https://fred.stlouisfed.org/series/CPIAUCSL,https://www.bls.gov/cpi/,2026-09-01T00:29:17.085390Z,100 * (CPI_t / CPI_t_minus_12_months - 1)
1965-10-01,us_inflation,us,USA,,United States inflation,1.70308483,percent_yoy,monthly,FRED_BLS,Consumer Price Index for All Urban Consumers: All Items in U.S. City Average,https://fred.stlouisfed.org/series/CPIAUCSL,https://www.bls.gov/cpi/,2026-09-01T00:29:17.085390Z,100 * (CPI_t / CPI_t_minus_12_months - 1)
1965-11-01,us_inflation,us,USA,,United States inflation,1.73021467,percent_yoy,monthly,FRED_BLS,Consumer Price Index for All Urban Consumers: All Items in U.S. City Average,https://fred.stlouisfed.org/series/CPIAUCSL,https://www.bls.gov/cpi/,2026-09-01T00:29:17.085390Z,100 * (CPI_t / CPI_t_minus_12_months - 1)
1965-12-01,us_inflation,us,USA,,United States inflation,1.92,percent_yoy,monthly,FRED_BLS,Consumer Price Index for All Urban Consumers: All Items in U.S. City Average,https://fred.stlouisfed.org/series/CPIAUCSL,https://www.bls.gov/cpi/,2026-09-01T00:29:17.085390Z,100 * (CPI_t / CPI_t_minus_12_months - 1)
1966-01-01,us_inflation,us,USA,,United States inflation,1.91815857,percent_yoy,monthly,FRED_BLS,Consumer Price Index for All Urban Consumers: All Items in U.S. City Average,https://fred.stlouisfed.org/series/CPIAUCSL,https://www.bls.gov/cpi/,2026-09-01T00:29:17.085390Z,100 * (CPI_t / CPI_t_minus_12_months - 1)
1966-02-01,us_inflation,us,USA,,United States inflation,2.55754476,percent_yoy,monthly,FRED_BLS,Consumer Price Index for All Urban Consumers: All Items in U.S. City Average,https://fred.stlouisfed.org/series/CPIAUCSL,https://www.bls.gov/cpi/,2026-09-01T00:29:17.085390Z,100 * (CPI_t / CPI_t_minus_12_months - 1)
1966-03-01,us_inflation,us,USA,,United States inflation,2.77866496,percent_yoy,monthly,FRED_BLS,Consumer Price Index for All Urban Consumers: All Items in U.S. City Average,https://fred.stlouisfed.org/series/CPIAUCSL,https://www.bls.gov/cpi/,2026-09-01T00:29:17.085390Z,100 * (CPI_t / CPI_t_minus_12_months - 1)
1966-04-01,us_inflation,us,USA,,United States inflation,2.86806883,percent_yoy,monthly,FRED_BLS,Consumer Price Index for All Urban Consumers: All Items in U.S. City Average,https://fred.stlouisfed.org/series/CPIAUCSL,https://www.bls.gov/cpi/,2026-09-01T00:29:17.085390Z,100 * (CPI_t / CPI_t_minus_12_months - 1)
1966-05-01,us_inflation,us,USA,,United States inflation,2.76365947,percent_yoy,monthly,FRED_BLS,Consumer Price Index for All Urban Consumers: All Items in U.S. City Average,https://fred.stlouisfed.org/series/CPIAUCSL,https://www.bls.gov/cpi/,2026-09-01T00:29:17.085390Z,100 * (CPI_t / CPI_t_minus_12_months - 1)
1966-06-01,us_inflation,us,USA,,United States inflation,2.43593799,percent_yoy,monthly,FRED_BLS,Consumer Price Index for All Urban Consumers: All Items in U.S. City Average,https://fred.stlouisfed.org/series/CPIAUCSL,https://www.bls.gov/cpi/,2026-09-01T00:29:17.085390Z,100 * (CPI_t / CPI_t_minus_12_months - 1)
1966-07-01,us_inflation,us,USA,,United States inflation,2.75490817,percent_yoy,monthly,FRED_BLS,Consumer Price Index for All Urban Consumers: All Items in U.S. City Average,https://fred.stlouisfed.org/series/CPIAUCSL,https://www.bls.gov/cpi/,2026-09-01T00:29:17.085390Z,100 * (CPI_t / CPI_t_minus_12_months - 1)
1966-08-01,us_inflation,us,USA,,United States inflation,3.48652932,percent_yoy,monthly,FRED_BLS,Consumer Price Index for All Urban Consumers: All Items in U.S. City Average,https://fred.stlouisfed.org/series/CPIAUCSL,https://www.bls.gov/cpi/,2026-09-01T00:29:17.085390Z,100 * (CPI_t / CPI_t_minus_12_months - 1)
1966-09-01,us_inflation,us,USA,,United States inflation,3.57368754,percent_yoy,monthly,FRED_BLS,Consumer Price Index for All Urban Consumers: All Items in U.S. City Average,https://fred.stlouisfed.org/series/CPIAUCSL,https://www.bls.gov/cpi/,2026-09-01T00:29:17.085390Z,100 * (CPI_t / CPI_t_minus_12_months - 1)
1966-10-01,us_inflation,us,USA,,United States inflation,3.79146919,percent_yoy,monthly,FRED_BLS,Consumer Price Index for All Urban Consumers: All Items in U.S. City Average,https://fred.stlouisfed.org/series/CPIAUCSL,https://www.bls.gov/cpi/,2026-09-01T00:29:17.085390Z,100 * (CPI_t / CPI_t_minus_12_months - 1)
1966-11-01,us_inflation,us,USA,,United States inflation,3.55905512,percent_yoy,monthly,FRED_BLS,Consumer Price Index for All Urban Consumers: All Items in U.S. City Average,https://fred.stlouisfed.org/series/CPIAUCSL,https://www.bls.gov/cpi/,2026-09-01T00:29:17.085390Z,100 * (CPI_t / CPI_t_minus_12_months - 1)
1966-12-01,us_inflation,us,USA,,United States inflation,3.35949765,percent_yoy,monthly,FRED_BLS,Consumer Price Index for All Urban Consumers: All Items in U.S. City Average,https://fred.stlouisfed.org/series/CPIAUCSL,https://www.bls.gov/cpi/,2026-09-01T00:29:17.085390Z,100 * (CPI_t / CPI_t_minus_12_months - 1)
1967-01-01,us_inflation,us,USA,,United States inflation,3.19949812,percent_yoy,monthly,FRED_BLS,Consumer Price Index for All Urban Consumers: All Items in U.S. City Average,https://fred.stlouisfed.org/series/CPIAUCSL,https://www.bls.gov/cpi/,2026-09-01T00:29:17.085390Z,100 * (CPI_t / CPI_t_minus_12_months - 1)
1967-02-01,us_inflation,us,USA,,United States inflation,2.86783042,percent_yoy,monthly,FRED_BLS,Consumer Price Index for All Urban Consumers: All Items in U.S. City Average,https://fred.stlouisfed.org/series/CPIAUCSL,https://www.bls.gov/cpi/,2026-09-01T00:29:17.085390Z,100 * (CPI_t / CPI_t_minus_12_months - 1)
1967-03-01,us_inflation,us,USA,,United States inflation,2.54816656,percent_yoy,monthly,FRED_BLS,Consumer Price Index for All Urban Consumers: All Items in U.S. City Average,https://fred.stlouisfed.org/series/CPIAUCSL,https://www.bls.gov/cpi/,2026-09-01T00:29:17.085390Z,100 * (CPI_t / CPI_t_minus_12_months - 1)
1967-04-01,us_inflation,us,USA,,United States inflation,2.54027261,percent_yoy,monthly,FRED_BLS,Consumer Price Index for All Urban Consumers: All Items in U.S. City Average,https://fred.stlouisfed.org/series/CPIAUCSL,https://www.bls.gov/cpi/,2026-09-01T00:29:17.085390Z,100 * (CPI_t / CPI_t_minus_12_months - 1)
1967-05-01,us_inflation,us,USA,,United States inflation,2.31839258,percent_yoy,monthly,FRED_BLS,Consumer Price Index for All Urban Consumers: All Items in U.S. City Average,https://fred.stlouisfed.org/series/CPIAUCSL,https://www.bls.gov/cpi/,2026-09-01T00:29:17.085390Z,100 * (CPI_t / CPI_t_minus_12_months - 1)
1967-06-01,us_inflation,us,USA,,United States inflation,2.84126004,percent_yoy,monthly,FRED_BLS,Consumer Price Index for All Urban Consumers: All Items in U.S. City Average,https://fred.stlouisfed.org/series/CPIAUCSL,https://www.bls.gov/cpi/,2026-09-01T00:29:17.085390Z,100 * (CPI_t / CPI_t_minus_12_months - 1)
1967-07-01,us_inflation,us,USA,,United States inflation,2.92758089,percent_yoy,monthly,FRED_BLS,Consumer Price Index for All Urban Consumers: All Items in U.S. City Average,https://fred.stlouisfed.org/series/CPIAUCSL,https://www.bls.gov/cpi/,2026-09-01T00:29:17.085390Z,100 * (CPI_t / CPI_t_minus_12_months - 1)
1967-08-01,us_inflation,us,USA,,United States inflation,2.60336907,percent_yoy,monthly,FRED_BLS,Consumer Price Index for All Urban Consumers: All Items in U.S. City Average,https://fred.stlouisfed.org/series/CPIAUCSL,https://www.bls.gov/cpi/,2026-09-01T00:29:17.085390Z,100 * (CPI_t / CPI_t_minus_12_months - 1)
1967-09-01,us_inflation,us,USA,,United States inflation,2.59541985,percent_yoy,monthly,FRED_BLS,Consumer Price Index for All Urban Consumers: All Items in U.S. City Average,https://fred.stlouisfed.org/series/CPIAUCSL,https://www.bls.gov/cpi/,2026-09-01T00:29:17.085390Z,100 * (CPI_t / CPI_t_minus_12_months - 1)
1967-10-01,us_inflation,us,USA,,United States inflation,2.58751903,percent_yoy,monthly,FRED_BLS,Consumer Price Index for All Urban Consumers: All Items in U.S. City Average,https://fred.stlouisfed.org/series/CPIAUCSL,https://www.bls.gov/cpi/,2026-09-01T00:29:17.085390Z,100 * (CPI_t / CPI_t_minus_12_months - 1)
1967-11-01,us_inflation,us,USA,,United States inflation,3.10218978,percent_yoy,monthly,FRED_BLS,Consumer Price Index for All Urban Consumers: All Items in U.S. City Average,https://fred.stlouisfed.org/series/CPIAUCSL,https://www.bls.gov/cpi/,2026-09-01T00:29:17.085390Z,100 * (CPI_t / CPI_t_minus_12_months - 1)
1967-12-01,us_inflation,us,USA,,United States inflation,3.28068044,percent_yoy,monthly,FRED_BLS,Consumer Price Index for All Urban Consumers: All Items in U.S. City Average,https://fred.stlouisfed.org/series/CPIAUCSL,https://www.bls.gov/cpi/,2026-09-01T00:29:17.085390Z,100 * (CPI_t / CPI_t_minus_12_months - 1)
1968-01-01,us_inflation,us,USA,,United States inflation,3.64741641,percent_yoy,monthly,FRED_BLS,Consumer Price Index for All Urban Consumers: All Items in U.S. City Average,https://fred.stlouisfed.org/series/CPIAUCSL,https://www.bls.gov/cpi/,2026-09-01T00:29:17.085390Z,100 * (CPI_t / CPI_t_minus_12_months - 1)
1968-02-01,us_inflation,us,USA,,United States inflation,3.63636364,percent_yoy,monthly,FRED_BLS,Consumer Price Index for All Urban Consumers: All Items in U.S. City Average,https://fred.stlouisfed.org/series/CPIAUCSL,https://www.bls.gov/cpi/,2026-09-01T00:29:17.085390Z,100 * (CPI_t / CPI_t_minus_12_months - 1)
1968-03-01,us_inflation,us,USA,,United States inflation,3.93939394,percent_yoy,monthly,FRED_BLS,Consumer Price Index for All Urban Consumers: All Items in U.S. City Average,https://fred.stlouisfed.org/series/CPIAUCSL,https://www.bls.gov/cpi/,2026-09-01T00:29:17.085390Z,100 * (CPI_t / CPI_t_minus_12_months - 1)
1968-04-01,us_inflation,us,USA,,United States inflation,3.92749245,percent_yoy,monthly,FRED_BLS,Consumer Price Index for All Urban Consumers: All Items in U.S. City Average,https://fred.stlouisfed.org/series/CPIAUCSL,https://www.bls.gov/cpi/,2026-09-01T00:29:17.085390Z,100 * (CPI_t / CPI_t_minus_12_months - 1)
1968-05-01,us_inflation,us,USA,,United States inflation,4.22960725,percent_yoy,monthly,FRED_BLS,Consumer Price Index for All Urban Consumers: All Items in U.S. City Average,https://fred.stlouisfed.org/series/CPIAUCSL,https://www.bls.gov/cpi/,2026-09-01T00:29:17.085390Z,100 * (CPI_t / CPI_t_minus_12_months - 1)
1968-06-01,us_inflation,us,USA,,United States inflation,4.2042042,percent_yoy,monthly,FRED_BLS,Consumer Price Index for All Urban Consumers: All Items in U.S. City Average,https://fred.stlouisfed.org/series/CPIAUCSL,https://www.bls.gov/cpi/,2026-09-01T00:29:17.085390Z,100 * (CPI_t / CPI_t_minus_12_months - 1)
1968-07-01,us_inflation,us,USA,,United States inflation,4.49101796,percent_yoy,monthly,FRED_BLS,Consumer Price Index for All Urban Consumers: All Items in U.S. City Average,https://fred.stlouisfed.org/series/CPIAUCSL,https://www.bls.gov/cpi/,2026-09-01T00:29:17.085390Z,100 * (CPI_t / CPI_t_minus_12_months - 1)
1968-08-01,us_inflation,us,USA,,United States inflation,4.47761194,percent_yoy,monthly,FRED_BLS,Consumer Price Index for All Urban Consumers: All Items in U.S. City Average,https://fred.stlouisfed.org/series/CPIAUCSL,https://www.bls.gov/cpi/,2026-09-01T00:29:17.085390Z,100 * (CPI_t / CPI_t_minus_12_months - 1)
1968-09-01,us_inflation,us,USA,,United States inflation,4.46428571,percent_yoy,monthly,FRED_BLS,Consumer Price Index for All Urban Consumers: All Items in U.S. City Average,https://fred.stlouisfed.org/series/CPIAUCSL,https://www.bls.gov/cpi/,2026-09-01T00:29:17.085390Z,100 * (CPI_t / CPI_t_minus_12_months - 1)
1968-10-01,us_inflation,us,USA,,United States inflation,4.74777448,percent_yoy,monthly,FRED_BLS,Consumer Price Index for All Urban Consumers: All Items in U.S. City Average,https://fred.stlouisfed.org/series/CPIAUCSL,https://www.bls.gov/cpi/,2026-09-01T00:29:17.085390Z,100 * (CPI_t / CPI_t_minus_12_months - 1)
1968-11-01,us_inflation,us,USA,,United States inflation,4.42477876,percent_yoy,monthly,FRED_BLS,Consumer Price Index for All Urban Consumers: All Items in U.S. City Average,https://fred.stlouisfed.org/series/CPIAUCSL,https://www.bls.gov/cpi/,2026-09-01T00:29:17.085390Z,100 * (CPI_t / CPI_t_minus_12_months - 1)
1968-12-01,us_inflation,us,USA,,United States inflation,4.70588235,percent_yoy,monthly,FRED_BLS,Consumer Price Index for All Urban Consumers: All Items in U.S. City Average,https://fred.stlouisfed.org/series/CPIAUCSL,https://www.bls.gov/cpi/,2026-09-01T00:29:17.085390Z,100 * (CPI_t / CPI_t_minus_12_months - 1)
1969-01-01,us_inflation,us,USA,,United States inflation,4.69208211,percent_yoy,monthly,FRED_BLS,Consumer Price Index for All Urban Consumers: All Items in U.S. City Average,https://fred.stlouisfed.org/series/CPIAUCSL,https://www.bls.gov/cpi/,2026-09-01T00:29:17.085390Z,100 * (CPI_t / CPI_t_minus_12_months - 1)
1969-02-01,us_inflation,us,USA,,United States inflation,4.67836257,percent_yoy,monthly,FRED_BLS,Consumer Price Index for All Urban Consumers: All Items in U.S. City Average,https://fred.stlouisfed.org/series/CPIAUCSL,https://www.bls.gov/cpi/,2026-09-01T00:29:17.085390Z,100 * (CPI_t / CPI_t_minus_12_months - 1)
1969-03-01,us_inflation,us,USA,,United States inflation,5.24781341,percent_yoy,monthly,FRED_BLS,Consumer Price Index for All Urban Consumers: All Items in U.S. City Average,https://fred.stlouisfed.org/series/CPIAUCSL,https://www.bls.gov/cpi/,2026-09-01T00:29:17.085390Z,100 * (CPI_t / CPI_t_minus_12_months - 1)
1969-04-01,us_inflation,us,USA,,United States inflation,5.52325581,percent_yoy,monthly,FRED_BLS,Consumer Price Index for All Urban Consumers: All Items in U.S. City Average,https://fred.stlouisfed.org/series/CPIAUCSL,https://www.bls.gov/cpi/,2026-09-01T00:29:17.085390Z,100 * (CPI_t / CPI_t_minus_12_months - 1)
1969-05-01,us_inflation,us,USA,,United States inflation,5.50724638,percent_yoy,monthly,FRED_BLS,Consumer Price Index for All Urban Consumers: All Items in U.S. City Average,https://fred.stlouisfed.org/series/CPIAUCSL,https://www.bls.gov/cpi/,2026-09-01T00:29:17.085390Z,100 * (CPI_t / CPI_t_minus_12_months - 1)
1969-06-01,us_inflation,us,USA,,United States inflation,5.47550432,percent_yoy,monthly,FRED_BLS,Consumer Price Index for All Urban Consumers: All Items in U.S. City Average,https://fred.stlouisfed.org/series/CPIAUCSL,https://www.bls.gov/cpi/,2026-09-01T00:29:17.085390Z,100 * (CPI_t / CPI_t_minus_12_months - 1)
1969-07-01,us_inflation,us,USA,,United States inflation,5.44412607,percent_yoy,monthly,FRED_BLS,Consumer Price Index for All Urban Consumers: All Items in U.S. City Average,https://fred.stlouisfed.org/series/CPIAUCSL,https://www.bls.gov/cpi/,2026-09-01T00:29:17.085390Z,100 * (CPI_t / CPI_t_minus_12_months - 1)
1969-08-01,us_inflation,us,USA,,United States inflation,5.42857143,percent_yoy,monthly,FRED_BLS,Consumer Price Index for All Urban Consumers: All Items in U.S. City Average,https://fred.stlouisfed.org/series/CPIAUCSL,https://www.bls.gov/cpi/,2026-09-01T00:29:17.085390Z,100 * (CPI_t / CPI_t_minus_12_months - 1)
1969-09-01,us_inflation,us,USA,,United States inflation,5.6980057,percent_yoy,monthly,FRED_BLS,Consumer Price Index for All Urban Consumers: All Items in U.S. City Average,https://fred.stlouisfed.org/series/CPIAUCSL,https://www.bls.gov/cpi/,2026-09-01T00:29:17.085390Z,100 * (CPI_t / CPI_t_minus_12_months - 1)
1969-10-01,us_inflation,us,USA,,United States inflation,5.66572238,percent_yoy,monthly,FRED_BLS,Consumer Price Index for All Urban Consumers: All Items in U.S. City Average,https://fred.stlouisfed.org/series/CPIAUCSL,https://www.bls.gov/cpi/,2026-09-01T00:29:17.085390Z,100 * (CPI_t / CPI_t_minus_12_months - 1)
1969-11-01,us_inflation,us,USA,,United States inflation,5.93220339,percent_yoy,monthly,FRED_BLS,Consumer Price Index for All Urban Consumers: All Items in U.S. City Average,https://fred.stlouisfed.org/series/CPIAUCSL,https://www.bls.gov/cpi/,2026-09-01T00:29:17.085390Z,100 * (CPI_t / CPI_t_minus_12_months - 1)
1969-12-01,us_inflation,us,USA,,United States inflation,5.8988764,percent_yoy,monthly,FRED_BLS,Consumer Price Index for All Urban Consumers: All Items in U.S. City Average,https://fred.stlouisfed.org/series/CPIAUCSL,https://www.bls.gov/cpi/,2026-09-01T00:29:17.085390Z,100 * (CPI_t / CPI_t_minus_12_months - 1)
1970-01-01,us_inflation,us,USA,,United States inflation,6.16246499,percent_yoy,monthly,FRED_BLS,Consumer Price Index for All Urban Consumers: All Items in U.S. City Average,https://fred.stlouisfed.org/series/CPIAUCSL,https://www.bls.gov/cpi/,2026-09-01T00:29:17.085390Z,100 * (CPI_t / CPI_t_minus_12_months - 1)
1970-02-01,us_inflation,us,USA,,United States inflation,6.42458101,percent_yoy,monthly,FRED_BLS,Consumer Price Index for All Urban Consumers: All Items in U.S. City Average,https://fred.stlouisfed.org/series/CPIAUCSL,https://www.bls.gov/cpi/,2026-09-01T00:29:17.085390Z,100 * (CPI_t / CPI_t_minus_12_months - 1)
1970-03-01,us_inflation,us,USA,,United States inflation,6.09418283,percent_yoy,monthly,FRED_BLS,Consumer Price Index for All Urban Consumers: All Items in U.S. City Average,https://fred.stlouisfed.org/series/CPIAUCSL,https://www.bls.gov/cpi/,2026-09-01T00:29:17.085390Z,100 * (CPI_t / CPI_t_minus_12_months - 1)
1970-04-01,us_inflation,us,USA,,United States inflation,6.06060606,percent_yoy,monthly,FRED_BLS,Consumer Price Index for All Urban Consumers: All Items in U.S. City Average,https://fred.stlouisfed.org/series/CPIAUCSL,https://www.bls.gov/cpi/,2026-09-01T00:29:17.085390Z,100 * (CPI_t / CPI_t_minus_12_months - 1)
1970-05-01,us_inflation,us,USA,,United States inflation,6.04395604,percent_yoy,monthly,FRED_BLS,Consumer Price Index for All Urban Consumers: All Items in U.S. City Average,https://fred.stlouisfed.org/series/CPIAUCSL,https://www.bls.gov/cpi/,2026-09-01T00:29:17.085390Z,100 * (CPI_t / CPI_t_minus_12_months - 1)
1970-06-01,us_inflation,us,USA,,United States inflation,6.01092896,percent_yoy,monthly,FRED_BLS,Consumer Price Index for All Urban Consumers: All Items in U.S. City Average,https://fred.stlouisfed.org/series/CPIAUCSL,https://www.bls.gov/cpi/,2026-09-01T00:29:17.085390Z,100 * (CPI_t / CPI_t_minus_12_months - 1)
1970-07-01,us_inflation,us,USA,,United States inflation,5.70652174,percent_yoy,monthly,FRED_BLS,Consumer Price Index for All Urban Consumers: All Items in U.S. City Average,https://fred.stlouisfed.org/series/CPIAUCSL,https://www.bls.gov/cpi/,2026-09-01T00:29:17.085390Z,100 * (CPI_t / CPI_t_minus_12_months - 1)
1970-08-01,us_inflation,us,USA,,United States inflation,5.69105691,percent_yoy,monthly,FRED_BLS,Consumer Price Index for All Urban Consumers: All Items in U.S. City Average,https://fred.stlouisfed.org/series/CPIAUCSL,https://www.bls.gov/cpi/,2026-09-01T00:29:17.085390Z,100 * (CPI_t / CPI_t_minus_12_months - 1)
1970-09-01,us_inflation,us,USA,,United States inflation,5.66037736,percent_yoy,monthly,FRED_BLS,Consumer Price Index for All Urban Consumers: All Items in U.S. City Average,https://fred.stlouisfed.org/series/CPIAUCSL,https://www.bls.gov/cpi/,2026-09-01T00:29:17.085390Z,100 * (CPI_t / CPI_t_minus_12_months - 1)
1970-10-01,us_inflation,us,USA,,United States inflation,5.63002681,percent_yoy,monthly,FRED_BLS,Consumer Price Index for All Urban Consumers: All Items in U.S. City Average,https://fred.stlouisfed.org/series/CPIAUCSL,https://www.bls.gov/cpi/,2026-09-01T00:29:17.085390Z,100 * (CPI_t / CPI_t_minus_12_months - 1)
1970-11-01,us_inflation,us,USA,,United States inflation,5.6,percent_yoy,monthly,FRED_BLS,Consumer Price Index for All Urban Consumers: All Items in U.S. City Average,https://fred.stlouisfed.org/series/CPIAUCSL,https://www.bls.gov/cpi/,2026-09-01T00:29:17.085390Z,100 * (CPI_t / CPI_t_minus_12_months - 1)
1970-12-01,us_inflation,us,USA,,United States inflation,5.57029178,percent_yoy,monthly,FRED_BLS,Consumer Price Index for All Urban Consumers: All Items in U.S. City Average,https://fred.stlouisfed.org/series/CPIAUCSL,https://www.bls.gov/cpi/,2026-09-01T00:29:17.085390Z,100 * (CPI_t / CPI_t_minus_12_months - 1)
1971-01-01,us_inflation,us,USA,,United States inflation,5.27704485,percent_yoy,monthly,FRED_BLS,Consumer Price Index for All Urban Consumers: All Items in U.S. City Average,https://fred.stlouisfed.org/series/CPIAUCSL,https://www.bls.gov/cpi/,2026-09-01T00:29:17.085390Z,100 * (CPI_t / CPI_t_minus_12_months - 1)
1971-02-01,us_inflation,us,USA,,United States inflation,4.72440945,percent_yoy,monthly,FRED_BLS,Consumer Price Index for All Urban Consumers: All Items in U.S. City Average,https://fred.stlouisfed.org/series/CPIAUCSL,https://www.bls.gov/cpi/,2026-09-01T00:29:17.085390Z,100 * (CPI_t / CPI_t_minus_12_months - 1)
1971-03-01,us_inflation,us,USA,,United States inflation,4.4386423,percent_yoy,monthly,FRED_BLS,Consumer Price Index for All Urban Consumers: All Items in U.S. City Average,https://fred.stlouisfed.org/series/CPIAUCSL,https://www.bls.gov/cpi/,2026-09-01T00:29:17.085390Z,100 * (CPI_t / CPI_t_minus_12_months - 1)
1971-04-01,us_inflation,us,USA,,United States inflation,4.15584416,percent_yoy,monthly,FRED_BLS,Consumer Price Index for All Urban Consumers: All Items in U.S. City Average,https://fred.stlouisfed.org/series/CPIAUCSL,https://www.bls.gov/cpi/,2026-09-01T00:29:17.085390Z,100 * (CPI_t / CPI_t_minus_12_months - 1)
1971-05-01,us_inflation,us,USA,,United States inflation,4.40414508,percent_yoy,monthly,FRED_BLS,Consumer Price Index for All Urban Consumers: All Items in U.S. City Average,https://fred.stlouisfed.org/series/CPIAUCSL,https://www.bls.gov/cpi/,2026-09-01T00:29:17.085390Z,100 * (CPI_t / CPI_t_minus_12_months - 1)
1971-06-01,us_inflation,us,USA,,United States inflation,4.3814433,percent_yoy,monthly,FRED_BLS,Consumer Price Index for All Urban Consumers: All Items in U.S. City Average,https://fred.stlouisfed.org/series/CPIAUCSL,https://www.bls.gov/cpi/,2026-09-01T00:29:17.085390Z,100 * (CPI_t / CPI_t_minus_12_months - 1)
1971-07-01,us_inflation,us,USA,,United States inflation,4.37017995,percent_yoy,monthly,FRED_BLS,Consumer Price Index for All Urban Consumers: All Items in U.S. City Average,https://fred.stlouisfed.org/series/CPIAUCSL,https://www.bls.gov/cpi/,2026-09-01T00:29:17.085390Z,100 * (CPI_t / CPI_t_minus_12_months - 1)
1971-08-01,us_inflation,us,USA,,United States inflation,4.35897436,percent_yoy,monthly,FRED_BLS,Consumer Price Index for All Urban Consumers: All Items in U.S. City Average,https://fred.stlouisfed.org/series/CPIAUCSL,https://www.bls.gov/cpi/,2026-09-01T00:29:17.085390Z,100 * (CPI_t / CPI_t_minus_12_months - 1)
1971-09-01,us_inflation,us,USA,,United States inflation,4.08163265,percent_yoy,monthly,FRED_BLS,Consumer Price Index for All Urban Consumers: All Items in U.S. City Average,https://fred.stlouisfed.org/series/CPIAUCSL,https://www.bls.gov/cpi/,2026-09-01T00:29:17.085390Z,100 * (CPI_t / CPI_t_minus_12_months - 1)
1971-10-01,us_inflation,us,USA,,United States inflation,3.8071066,percent_yoy,monthly,FRED_BLS,Consumer Price Index for All Urban Consumers: All Items in U.S. City Average,https://fred.stlouisfed.org/series/CPIAUCSL,https://www.bls.gov/cpi/,2026-09-01T00:29:17.085390Z,100 * (CPI_t / CPI_t_minus_12_months - 1)
1971-11-01,us_inflation,us,USA,,United States inflation,3.53535354,percent_yoy,monthly,FRED_BLS,Consumer Price Index for All Urban Consumers: All Items in U.S. City Average,https://fred.stlouisfed.org/series/CPIAUCSL,https://www.bls.gov/cpi/,2026-09-01T00:29:17.085390Z,100 * (CPI_t / CPI_t_minus_12_months - 1)
1971-12-01,us_inflation,us,USA,,United States inflation,3.26633166,percent_yoy,monthly,FRED_BLS,Consumer Price Index for All Urban Consumers: All Items in U.S. City Average,https://fred.stlouisfed.org/series/CPIAUCSL,https://www.bls.gov/cpi/,2026-09-01T00:29:17.085390Z,100 * (CPI_t / CPI_t_minus_12_months - 1)
1972-01-01,us_inflation,us,USA,,United States inflation,3.25814536,percent_yoy,monthly,FRED_BLS,Consumer Price Index for All Urban Consumers: All Items in U.S. City Average,https://fred.stlouisfed.org/series/CPIAUCSL,https://www.bls.gov/cpi/,2026-09-01T00:29:17.085390Z,100 * (CPI_t / CPI_t_minus_12_months - 1)
1972-02-01,us_inflation,us,USA,,United States inflation,3.7593985,percent_yoy,monthly,FRED_BLS,Consumer Price Index for All Urban Consumers: All Items in U.S. City Average,https://fred.stlouisfed.org/series/CPIAUCSL,https://www.bls.gov/cpi/,2026-09-01T00:29:17.085390Z,100 * (CPI_t / CPI_t_minus_12_months - 1)
1972-03-01,us_inflation,us,USA,,United States inflation,3.5,percent_yoy,monthly,FRED_BLS,Consumer Price Index for All Urban Consumers: All Items in U.S. City Average,https://fred.stlouisfed.org/series/CPIAUCSL,https://www.bls.gov/cpi/,2026-09-01T00:29:17.085390Z,100 * (CPI_t / CPI_t_minus_12_months - 1)
1972-04-01,us_inflation,us,USA,,United States inflation,3.49127182,percent_yoy,monthly,FRED_BLS,Consumer Price Index for All Urban Consumers: All Items in U.S. City Average,https://fred.stlouisfed.org/series/CPIAUCSL,https://www.bls.gov/cpi/,2026-09-01T00:29:17.085390Z,100 * (CPI_t / CPI_t_minus_12_months - 1)
1972-05-01,us_inflation,us,USA,,United States inflation,3.22580645,percent_yoy,monthly,FRED_BLS,Consumer Price Index for All Urban Consumers: All Items in U.S. City Average,https://fred.stlouisfed.org/series/CPIAUCSL,https://www.bls.gov/cpi/,2026-09-01T00:29:17.085390Z,100 * (CPI_t / CPI_t_minus_12_months - 1)
1972-06-01,us_inflation,us,USA,,United States inflation,2.96296296,percent_yoy,monthly,FRED_BLS,Consumer Price Index for All Urban Consumers: All Items in U.S. City Average,https://fred.stlouisfed.org/series/CPIAUCSL,https://www.bls.gov/cpi/,2026-09-01T00:29:17.085390Z,100 * (CPI_t / CPI_t_minus_12_months - 1)
1972-07-01,us_inflation,us,USA,,United States inflation,2.95566502,percent_yoy,monthly,FRED_BLS,Consumer Price Index for All Urban Consumers: All Items in U.S. City Average,https://fred.stlouisfed.org/series/CPIAUCSL,https://www.bls.gov/cpi/,2026-09-01T00:29:17.085390Z,100 * (CPI_t / CPI_t_minus_12_months - 1)
1972-08-01,us_inflation,us,USA,,United States inflation,2.94840295,percent_yoy,monthly,FRED_BLS,Consumer Price Index for All Urban Consumers: All Items in U.S. City Average,https://fred.stlouisfed.org/series/CPIAUCSL,https://www.bls.gov/cpi/,2026-09-01T00:29:17.085390Z,100 * (CPI_t / CPI_t_minus_12_months - 1)
1972-09-01,us_inflation,us,USA,,United States inflation,3.18627451,percent_yoy,monthly,FRED_BLS,Consumer Price Index for All Urban Consumers: All Items in U.S. City Average,https://fred.stlouisfed.org/series/CPIAUCSL,https://www.bls.gov/cpi/,2026-09-01T00:29:17.085390Z,100 * (CPI_t / CPI_t_minus_12_months - 1)
1972-10-01,us_inflation,us,USA,,United States inflation,3.17848411,percent_yoy,monthly,FRED_BLS,Consumer Price Index for All Urban Consumers: All Items in U.S. City Average,https://fred.stlouisfed.org/series/CPIAUCSL,https://www.bls.gov/cpi/,2026-09-01T00:29:17.085390Z,100 * (CPI_t / CPI_t_minus_12_months - 1)
1972-11-01,us_inflation,us,USA,,United States inflation,3.41463415,percent_yoy,monthly,FRED_BLS,Consumer Price Index for All Urban Consumers: All Items in U.S. City Average,https://fred.stlouisfed.org/series/CPIAUCSL,https://www.bls.gov/cpi/,2026-09-01T00:29:17.085390Z,100 * (CPI_t / CPI_t_minus_12_months - 1)
1972-12-01,us_inflation,us,USA,,United States inflation,3.40632603,percent_yoy,monthly,FRED_BLS,Consumer Price Index for All Urban Consumers: All Items in U.S. City Average,https://fred.stlouisfed.org/series/CPIAUCSL,https://www.bls.gov/cpi/,2026-09-01T00:29:17.085390Z,100 * (CPI_t / CPI_t_minus_12_months - 1)
1973-01-01,us_inflation,us,USA,,United States inflation,3.6407767,percent_yoy,monthly,FRED_BLS,Consumer Price Index for All Urban Consumers: All Items in U.S. City Average,https://fred.stlouisfed.org/series/CPIAUCSL,https://www.bls.gov/cpi/,2026-09-01T00:29:17.085390Z,100 * (CPI_t / CPI_t_minus_12_months - 1)
1973-02-01,us_inflation,us,USA,,United States inflation,3.8647343,percent_yoy,monthly,FRED_BLS,Consumer Price Index for All Urban Consumers: All Items in U.S. City Average,https://fred.stlouisfed.org/series/CPIAUCSL,https://www.bls.gov/cpi/,2026-09-01T00:29:17.085390Z,100 * (CPI_t / CPI_t_minus_12_months - 1)
1973-03-01,us_inflation,us,USA,,United States inflation,4.83091787,percent_yoy,monthly,FRED_BLS,Consumer Price Index for All Urban Consumers: All Items in U.S. City Average,https://fred.stlouisfed.org/series/CPIAUCSL,https://www.bls.gov/cpi/,2026-09-01T00:29:17.085390Z,100 * (CPI_t / CPI_t_minus_12_months - 1)
1973-04-01,us_inflation,us,USA,,United States inflation,5.30120482,percent_yoy,monthly,FRED_BLS,Consumer Price Index for All Urban Consumers: All Items in U.S. City Average,https://fred.stlouisfed.org/series/CPIAUCSL,https://www.bls.gov/cpi/,2026-09-01T00:29:17.085390Z,100 * (CPI_t / CPI_t_minus_12_months - 1)
1973-05-01,us_inflation,us,USA,,United States inflation,5.52884615,percent_yoy,monthly,FRED_BLS,Consumer Price Index for All Urban Consumers: All Items in U.S. City Average,https://fred.stlouisfed.org/series/CPIAUCSL,https://www.bls.gov/cpi/,2026-09-01T00:29:17.085390Z,100 * (CPI_t / CPI_t_minus_12_months - 1)
1973-06-01,us_inflation,us,USA,,United States inflation,5.99520384,percent_yoy,monthly,FRED_BLS,Consumer Price Index for All Urban Consumers: All Items in U.S. City Average,https://fred.stlouisfed.org/series/CPIAUCSL,https://www.bls.gov/cpi/,2026-09-01T00:29:17.085390Z,100 * (CPI_t / CPI_t_minus_12_months - 1)
1973-07-01,us_inflation,us,USA,,United States inflation,5.74162679,percent_yoy,monthly,FRED_BLS,Consumer Price Index for All Urban Consumers: All Items in U.S. City Average,https://fred.stlouisfed.org/series/CPIAUCSL,https://www.bls.gov/cpi/,2026-09-01T00:29:17.085390Z,100 * (CPI_t / CPI_t_minus_12_months - 1)
1973-08-01,us_inflation,us,USA,,United States inflation,7.39856802,percent_yoy,monthly,FRED_BLS,Consumer Price Index for All Urban Consumers: All Items in U.S. City Average,https://fred.stlouisfed.org/series/CPIAUCSL,https://www.bls.gov/cpi/,2026-09-01T00:29:17.085390Z,100 * (CPI_t / CPI_t_minus_12_months - 1)
1973-09-01,us_inflation,us,USA,,United States inflation,7.36342043,percent_yoy,monthly,FRED_BLS,Consumer Price Index for All Urban Consumers: All Items in U.S. City Average,https://fred.stlouisfed.org/series/CPIAUCSL,https://www.bls.gov/cpi/,2026-09-01T00:29:17.085390Z,100 * (CPI_t / CPI_t_minus_12_months - 1)
1973-10-01,us_inflation,us,USA,,United States inflation,8.05687204,percent_yoy,monthly,FRED_BLS,Consumer Price Index for All Urban Consumers: All Items in U.S. City Average,https://fred.stlouisfed.org/series/CPIAUCSL,https://www.bls.gov/cpi/,2026-09-01T00:29:17.085390Z,100 * (CPI_t / CPI_t_minus_12_months - 1)
1973-11-01,us_inflation,us,USA,,United States inflation,8.25471698,percent_yoy,monthly,FRED_BLS,Consumer Price Index for All Urban Consumers: All Items in U.S. City Average,https://fred.stlouisfed.org/series/CPIAUCSL,https://www.bls.gov/cpi/,2026-09-01T00:29:17.085390Z,100 * (CPI_t / CPI_t_minus_12_months - 1)
1973-12-01,us_inflation,us,USA,,United States inflation,8.94117647,percent_yoy,monthly,FRED_BLS,Consumer Price Index for All Urban Consumers: All Items in U.S. City Average,https://fred.stlouisfed.org/series/CPIAUCSL,https://www.bls.gov/cpi/,2026-09-01T00:29:17.085390Z,100 * (CPI_t / CPI_t_minus_12_months - 1)
1974-01-01,us_inflation,us,USA,,United States inflation,9.60187354,percent_yoy,monthly,FRED_BLS,Consumer Price Index for All Urban Consumers: All Items in U.S. City Average,https://fred.stlouisfed.org/series/CPIAUCSL,https://www.bls.gov/cpi/,2026-09-01T00:29:17.085390Z,100 * (CPI_t / CPI_t_minus_12_months - 1)
1974-02-01,us_inflation,us,USA,,United States inflation,10,percent_yoy,monthly,FRED_BLS,Consumer Price Index for All Urban Consumers: All Items in U.S. City Average,https://fred.stlouisfed.org/series/CPIAUCSL,https://www.bls.gov/cpi/,2026-09-01T00:29:17.085390Z,100 * (CPI_t / CPI_t_minus_12_months - 1)
1974-03-01,us_inflation,us,USA,,United States inflation,10.13824885,percent_yoy,monthly,FRED_BLS,Consumer Price Index for All Urban Consumers: All Items in U.S. City Average,https://fred.stlouisfed.org/series/CPIAUCSL,https://www.bls.gov/cpi/,2026-09-01T00:29:17.085390Z,100 * (CPI_t / CPI_t_minus_12_months - 1)
1974-04-01,us_inflation,us,USA,,United States inflation,10.06864989,percent_yoy,monthly,FRED_BLS,Consumer Price Index for All Urban Consumers: All Items in U.S. City Average,https://fred.stlouisfed.org/series/CPIAUCSL,https://www.bls.gov/cpi/,2026-09-01T00:29:17.085390Z,100 * (CPI_t / CPI_t_minus_12_months - 1)
1974-05-01,us_inflation,us,USA,,United States inflation,10.70615034,percent_yoy,monthly,FRED_BLS,Consumer Price Index for All Urban Consumers: All Items in U.S. City Average,https://fred.stlouisfed.org/series/CPIAUCSL,https://www.bls.gov/cpi/,2026-09-01T00:29:17.085390Z,100 * (CPI_t / CPI_t_minus_12_months - 1)
1974-06-01,us_inflation,us,USA,,United States inflation,10.85972851,percent_yoy,monthly,FRED_BLS,Consumer Price Index for All Urban Consumers: All Items in U.S. City Average,https://fred.stlouisfed.org/series/CPIAUCSL,https://www.bls.gov/cpi/,2026-09-01T00:29:17.085390Z,100 * (CPI_t / CPI_t_minus_12_months - 1)
1974-07-01,us_inflation,us,USA,,United States inflation,11.53846154,percent_yoy,monthly,FRED_BLS,Consumer Price Index for All Urban Consumers: All Items in U.S. City Average,https://fred.stlouisfed.org/series/CPIAUCSL,https://www.bls.gov/cpi/,2026-09-01T00:29:17.085390Z,100 * (CPI_t / CPI_t_minus_12_months - 1)
1974-08-01,us_inflation,us,USA,,United States inflation,10.88888889,percent_yoy,monthly,FRED_BLS,Consumer Price Index for All Urban Consumers: All Items in U.S. City Average,https://fred.stlouisfed.org/series/CPIAUCSL,https://www.bls.gov/cpi/,2026-09-01T00:29:17.085390Z,100 * (CPI_t / CPI_t_minus_12_months - 1)
1974-09-01,us_inflation,us,USA,,United States inflation,11.94690265,percent_yoy,monthly,FRED_BLS,Consumer Price Index for All Urban Consumers: All Items in U.S. City Average,https://fred.stlouisfed.org/series/CPIAUCSL,https://www.bls.gov/cpi/,2026-09-01T00:29:17.085390Z,100 * (CPI_t / CPI_t_minus_12_months - 1)
1974-10-01,us_inflation,us,USA,,United States inflation,11.84210526,percent_yoy,monthly,FRED_BLS,Consumer Price Index for All Urban Consumers: All Items in U.S. City Average,https://fred.stlouisfed.org/series/CPIAUCSL,https://www.bls.gov/cpi/,2026-09-01T00:29:17.085390Z,100 * (CPI_t / CPI_t_minus_12_months - 1)
1974-11-01,us_inflation,us,USA,,United States inflation,12.20043573,percent_yoy,monthly,FRED_BLS,Consumer Price Index for All Urban Consumers: All Items in U.S. City Average,https://fred.stlouisfed.org/series/CPIAUCSL,https://www.bls.gov/cpi/,2026-09-01T00:29:17.085390Z,100 * (CPI_t / CPI_t_minus_12_months - 1)
1974-12-01,us_inflation,us,USA,,United States inflation,12.0950324,percent_yoy,monthly,FRED_BLS,Consumer Price Index for All Urban Consumers: All Items in U.S. City Average,https://fred.stlouisfed.org/series/CPIAUCSL,https://www.bls.gov/cpi/,2026-09-01T00:29:17.085390Z,100 * (CPI_t / CPI_t_minus_12_months - 1)
1975-01-01,us_inflation,us,USA,,United States inflation,11.75213675,percent_yoy,monthly,FRED_BLS,Consumer Price Index for All Urban Consumers: All Items in U.S. City Average,https://fred.stlouisfed.org/series/CPIAUCSL,https://www.bls.gov/cpi/,2026-09-01T00:29:17.085390Z,100 * (CPI_t / CPI_t_minus_12_months - 1)
1975-02-01,us_inflation,us,USA,,United States inflation,11.205074,percent_yoy,monthly,FRED_BLS,Consumer Price Index for All Urban Consumers: All Items in U.S. City Average,https://fred.stlouisfed.org/series/CPIAUCSL,https://www.bls.gov/cpi/,2026-09-01T00:29:17.085390Z,100 * (CPI_t / CPI_t_minus_12_months - 1)
1975-03-01,us_inflation,us,USA,,United States inflation,10.46025105,percent_yoy,monthly,FRED_BLS,Consumer Price Index for All Urban Consumers: All Items in U.S. City Average,https://fred.stlouisfed.org/series/CPIAUCSL,https://www.bls.gov/cpi/,2026-09-01T00:29:17.085390Z,100 * (CPI_t / CPI_t_minus_12_months - 1)
1975-04-01,us_inflation,us,USA,,United States inflation,10.18711019,percent_yoy,monthly,FRED_BLS,Consumer Price Index for All Urban Consumers: All Items in U.S. City Average,https://fred.stlouisfed.org/series/CPIAUCSL,https://www.bls.gov/cpi/,2026-09-01T00:29:17.085390Z,100 * (CPI_t / CPI_t_minus_12_months - 1)
1975-05-01,us_inflation,us,USA,,United States inflation,9.25925926,percent_yoy,monthly,FRED_BLS,Consumer Price Index for All Urban Consumers: All Items in U.S. City Average,https://fred.stlouisfed.org/series/CPIAUCSL,https://www.bls.gov/cpi/,2026-09-01T00:29:17.085390Z,100 * (CPI_t / CPI_t_minus_12_months - 1)
1975-06-01,us_inflation,us,USA,,United States inflation,9.18367347,percent_yoy,monthly,FRED_BLS,Consumer Price Index for All Urban Consumers: All Items in U.S. City Average,https://fred.stlouisfed.org/series/CPIAUCSL,https://www.bls.gov/cpi/,2026-09-01T00:29:17.085390Z,100 * (CPI_t / CPI_t_minus_12_months - 1)
1975-07-01,us_inflation,us,USA,,United States inflation,9.53346856,percent_yoy,monthly,FRED_BLS,Consumer Price Index for All Urban Consumers: All Items in U.S. City Average,https://fred.stlouisfed.org/series/CPIAUCSL,https://www.bls.gov/cpi/,2026-09-01T00:29:17.085390Z,100 * (CPI_t / CPI_t_minus_12_months - 1)
1975-08-01,us_inflation,us,USA,,United States inflation,8.61723447,percent_yoy,monthly,FRED_BLS,Consumer Price Index for All Urban Consumers: All Items in U.S. City Average,https://fred.stlouisfed.org/series/CPIAUCSL,https://www.bls.gov/cpi/,2026-09-01T00:29:17.085390Z,100 * (CPI_t / CPI_t_minus_12_months - 1)
1975-09-01,us_inflation,us,USA,,United States inflation,7.90513834,percent_yoy,monthly,FRED_BLS,Consumer Price Index for All Urban Consumers: All Items in U.S. City Average,https://fred.stlouisfed.org/series/CPIAUCSL,https://www.bls.gov/cpi/,2026-09-01T00:29:17.085390Z,100 * (CPI_t / CPI_t_minus_12_months - 1)
1975-10-01,us_inflation,us,USA,,United States inflation,7.64705882,percent_yoy,monthly,FRED_BLS,Consumer Price Index for All Urban Consumers: All Items in U.S. City Average,https://fred.stlouisfed.org/series/CPIAUCSL,https://www.bls.gov/cpi/,2026-09-01T00:29:17.085390Z,100 * (CPI_t / CPI_t_minus_12_months - 1)
1975-11-01,us_inflation,us,USA,,United States inflation,7.37864078,percent_yoy,monthly,FRED_BLS,Consumer Price Index for All Urban Consumers: All Items in U.S. City Average,https://fred.stlouisfed.org/series/CPIAUCSL,https://www.bls.gov/cpi/,2026-09-01T00:29:17.085390Z,100 * (CPI_t / CPI_t_minus_12_months - 1)
1975-12-01,us_inflation,us,USA,,United States inflation,7.12909441,percent_yoy,monthly,FRED_BLS,Consumer Price Index for All Urban Consumers: All Items in U.S. City Average,https://fred.stlouisfed.org/series/CPIAUCSL,https://www.bls.gov/cpi/,2026-09-01T00:29:17.085390Z,100 * (CPI_t / CPI_t_minus_12_months - 1)
1976-01-01,us_inflation,us,USA,,United States inflation,6.69216061,percent_yoy,monthly,FRED_BLS,Consumer Price Index for All Urban Consumers: All Items in U.S. City Average,https://fred.stlouisfed.org/series/CPIAUCSL,https://www.bls.gov/cpi/,2026-09-01T00:29:17.085390Z,100 * (CPI_t / CPI_t_minus_12_months - 1)
1976-02-01,us_inflation,us,USA,,United States inflation,6.27376426,percent_yoy,monthly,FRED_BLS,Consumer Price Index for All Urban Consumers: All Items in U.S. City Average,https://fred.stlouisfed.org/series/CPIAUCSL,https://www.bls.gov/cpi/,2026-09-01T00:29:17.085390Z,100 * (CPI_t / CPI_t_minus_12_months - 1)
1976-03-01,us_inflation,us,USA,,United States inflation,6.06060606,percent_yoy,monthly,FRED_BLS,Consumer Price Index for All Urban Consumers: All Items in U.S. City Average,https://fred.stlouisfed.org/series/CPIAUCSL,https://www.bls.gov/cpi/,2026-09-01T00:29:17.085390Z,100 * (CPI_t / CPI_t_minus_12_months - 1)
1976-04-01,us_inflation,us,USA,,United States inflation,5.8490566,percent_yoy,monthly,FRED_BLS,Consumer Price Index for All Urban Consumers: All Items in U.S. City Average,https://fred.stlouisfed.org/series/CPIAUCSL,https://www.bls.gov/cpi/,2026-09-01T00:29:17.085390Z,100 * (CPI_t / CPI_t_minus_12_months - 1)
1976-05-01,us_inflation,us,USA,,United States inflation,6.21468927,percent_yoy,monthly,FRED_BLS,Consumer Price Index for All Urban Consumers: All Items in U.S. City Average,https://fred.stlouisfed.org/series/CPIAUCSL,https://www.bls.gov/cpi/,2026-09-01T00:29:17.085390Z,100 * (CPI_t / CPI_t_minus_12_months - 1)
1976-06-01,us_inflation,us,USA,,United States inflation,5.98130841,percent_yoy,monthly,FRED_BLS,Consumer Price Index for All Urban Consumers: All Items in U.S. City Average,https://fred.stlouisfed.org/series/CPIAUCSL,https://www.bls.gov/cpi/,2026-09-01T00:29:17.085390Z,100 * (CPI_t / CPI_t_minus_12_months - 1)
1976-07-01,us_inflation,us,USA,,United States inflation,5.55555556,percent_yoy,monthly,FRED_BLS,Consumer Price Index for All Urban Consumers: All Items in U.S. City Average,https://fred.stlouisfed.org/series/CPIAUCSL,https://www.bls.gov/cpi/,2026-09-01T00:29:17.085390Z,100 * (CPI_t / CPI_t_minus_12_months - 1)
1976-08-01,us_inflation,us,USA,,United States inflation,5.7195572,percent_yoy,monthly,FRED_BLS,Consumer Price Index for All Urban Consumers: All Items in U.S. City Average,https://fred.stlouisfed.org/series/CPIAUCSL,https://www.bls.gov/cpi/,2026-09-01T00:29:17.085390Z,100 * (CPI_t / CPI_t_minus_12_months - 1)
1976-09-01,us_inflation,us,USA,,United States inflation,5.49450549,percent_yoy,monthly,FRED_BLS,Consumer Price Index for All Urban Consumers: All Items in U.S. City Average,https://fred.stlouisfed.org/series/CPIAUCSL,https://www.bls.gov/cpi/,2026-09-01T00:29:17.085390Z,100 * (CPI_t / CPI_t_minus_12_months - 1)
1976-10-01,us_inflation,us,USA,,United States inflation,5.46448087,percent_yoy,monthly,FRED_BLS,Consumer Price Index for All Urban Consumers: All Items in U.S. City Average,https://fred.stlouisfed.org/series/CPIAUCSL,https://www.bls.gov/cpi/,2026-09-01T00:29:17.085390Z,100 * (CPI_t / CPI_t_minus_12_months - 1)
1976-11-01,us_inflation,us,USA,,United States inflation,5.06329114,percent_yoy,monthly,FRED_BLS,Consumer Price Index for All Urban Consumers: All Items in U.S. City Average,https://fred.stlouisfed.org/series/CPIAUCSL,https://www.bls.gov/cpi/,2026-09-01T00:29:17.085390Z,100 * (CPI_t / CPI_t_minus_12_months - 1)
1976-12-01,us_inflation,us,USA,,United States inflation,5.03597122,percent_yoy,monthly,FRED_BLS,Consumer Price Index for All Urban Consumers: All Items in U.S. City Average,https://fred.stlouisfed.org/series/CPIAUCSL,https://www.bls.gov/cpi/,2026-09-01T00:29:17.085390Z,100 * (CPI_t / CPI_t_minus_12_months - 1)
1977-01-01,us_inflation,us,USA,,United States inflation,5.19713262,percent_yoy,monthly,FRED_BLS,Consumer Price Index for All Urban Consumers: All Items in U.S. City Average,https://fred.stlouisfed.org/series/CPIAUCSL,https://www.bls.gov/cpi/,2026-09-01T00:29:17.085390Z,100 * (CPI_t / CPI_t_minus_12_months - 1)
1977-02-01,us_inflation,us,USA,,United States inflation,6.0822898,percent_yoy,monthly,FRED_BLS,Consumer Price Index for All Urban Consumers: All Items in U.S. City Average,https://fred.stlouisfed.org/series/CPIAUCSL,https://www.bls.gov/cpi/,2026-09-01T00:29:17.085390Z,100 * (CPI_t / CPI_t_minus_12_months - 1)
1977-03-01,us_inflation,us,USA,,United States inflation,6.42857143,percent_yoy,monthly,FRED_BLS,Consumer Price Index for All Urban Consumers: All Items in U.S. City Average,https://fred.stlouisfed.org/series/CPIAUCSL,https://www.bls.gov/cpi/,2026-09-01T00:29:17.085390Z,100 * (CPI_t / CPI_t_minus_12_months - 1)
1977-04-01,us_inflation,us,USA,,United States inflation,6.95187166,percent_yoy,monthly,FRED_BLS,Consumer Price Index for All Urban Consumers: All Items in U.S. City Average,https://fred.stlouisfed.org/series/CPIAUCSL,https://www.bls.gov/cpi/,2026-09-01T00:29:17.085390Z,100 * (CPI_t / CPI_t_minus_12_months - 1)
1977-05-01,us_inflation,us,USA,,United States inflation,6.73758865,percent_yoy,monthly,FRED_BLS,Consumer Price Index for All Urban Consumers: All Items in U.S. City Average,https://fred.stlouisfed.org/series/CPIAUCSL,https://www.bls.gov/cpi/,2026-09-01T00:29:17.085390Z,100 * (CPI_t / CPI_t_minus_12_months - 1)
1977-06-01,us_inflation,us,USA,,United States inflation,6.70194004,percent_yoy,monthly,FRED_BLS,Consumer Price Index for All Urban Consumers: All Items in U.S. City Average,https://fred.stlouisfed.org/series/CPIAUCSL,https://www.bls.gov/cpi/,2026-09-01T00:29:17.085390Z,100 * (CPI_t / CPI_t_minus_12_months - 1)
1977-07-01,us_inflation,us,USA,,United States inflation,6.66666667,percent_yoy,monthly,FRED_BLS,Consumer Price Index for All Urban Consumers: All Items in U.S. City Average,https://fred.stlouisfed.org/series/CPIAUCSL,https://www.bls.gov/cpi/,2026-09-01T00:29:17.085390Z,100 * (CPI_t / CPI_t_minus_12_months - 1)
1977-08-01,us_inflation,us,USA,,United States inflation,6.63176265,percent_yoy,monthly,FRED_BLS,Consumer Price Index for All Urban Consumers: All Items in U.S. City Average,https://fred.stlouisfed.org/series/CPIAUCSL,https://www.bls.gov/cpi/,2026-09-01T00:29:17.085390Z,100 * (CPI_t / CPI_t_minus_12_months - 1)
1977-09-01,us_inflation,us,USA,,United States inflation,6.42361111,percent_yoy,monthly,FRED_BLS,Consumer Price Index for All Urban Consumers: All Items in U.S. City Average,https://fred.stlouisfed.org/series/CPIAUCSL,https://www.bls.gov/cpi/,2026-09-01T00:29:17.085390Z,100 * (CPI_t / CPI_t_minus_12_months - 1)
1977-10-01,us_inflation,us,USA,,United States inflation,6.39032815,percent_yoy,monthly,FRED_BLS,Consumer Price Index for All Urban Consumers: All Items in U.S. City Average,https://fred.stlouisfed.org/series/CPIAUCSL,https://www.bls.gov/cpi/,2026-09-01T00:29:17.085390Z,100 * (CPI_t / CPI_t_minus_12_months - 1)
1977-11-01,us_inflation,us,USA,,United States inflation,6.71256454,percent_yoy,monthly,FRED_BLS,Consumer Price Index for All Urban Consumers: All Items in U.S. City Average,https://fred.stlouisfed.org/series/CPIAUCSL,https://www.bls.gov/cpi/,2026-09-01T00:29:17.085390Z,100 * (CPI_t / CPI_t_minus_12_months - 1)
1977-12-01,us_inflation,us,USA,,United States inflation,6.67808219,percent_yoy,monthly,FRED_BLS,Consumer Price Index for All Urban Consumers: All Items in U.S. City Average,https://fred.stlouisfed.org/series/CPIAUCSL,https://www.bls.gov/cpi/,2026-09-01T00:29:17.085390Z,100 * (CPI_t / CPI_t_minus_12_months - 1)
1978-01-01,us_inflation,us,USA,,United States inflation,6.81431005,percent_yoy,monthly,FRED_BLS,Consumer Price Index for All Urban Consumers: All Items in U.S. City Average,https://fred.stlouisfed.org/series/CPIAUCSL,https://www.bls.gov/cpi/,2026-09-01T00:29:17.085390Z,100 * (CPI_t / CPI_t_minus_12_months - 1)
1978-02-01,us_inflation,us,USA,,United States inflation,6.23946037,percent_yoy,monthly,FRED_BLS,Consumer Price Index for All Urban Consumers: All Items in U.S. City Average,https://fred.stlouisfed.org/series/CPIAUCSL,https://www.bls.gov/cpi/,2026-09-01T00:29:17.085390Z,100 * (CPI_t / CPI_t_minus_12_months - 1)
1978-03-01,us_inflation,us,USA,,United States inflation,6.37583893,percent_yoy,monthly,FRED_BLS,Consumer Price Index for All Urban Consumers: All Items in U.S. City Average,https://fred.stlouisfed.org/series/CPIAUCSL,https://www.bls.gov/cpi/,2026-09-01T00:29:17.085390Z,100 * (CPI_t / CPI_t_minus_12_months - 1)
1978-04-01,us_inflation,us,USA,,United States inflation,6.5,percent_yoy,monthly,FRED_BLS,Consumer Price Index for All Urban Consumers: All Items in U.S. City Average,https://fred.stlouisfed.org/series/CPIAUCSL,https://www.bls.gov/cpi/,2026-09-01T00:29:17.085390Z,100 * (CPI_t / CPI_t_minus_12_months - 1)
1978-05-01,us_inflation,us,USA,,United States inflation,7.14285714,percent_yoy,monthly,FRED_BLS,Consumer Price Index for All Urban Consumers: All Items in U.S. City Average,https://fred.stlouisfed.org/series/CPIAUCSL,https://www.bls.gov/cpi/,2026-09-01T00:29:17.085390Z,100 * (CPI_t / CPI_t_minus_12_months - 1)
1978-06-01,us_inflation,us,USA,,United States inflation,7.43801653,percent_yoy,monthly,FRED_BLS,Consumer Price Index for All Urban Consumers: All Items in U.S. City Average,https://fred.stlouisfed.org/series/CPIAUCSL,https://www.bls.gov/cpi/,2026-09-01T00:29:17.085390Z,100 * (CPI_t / CPI_t_minus_12_months - 1)
1978-07-01,us_inflation,us,USA,,United States inflation,7.73026316,percent_yoy,monthly,FRED_BLS,Consumer Price Index for All Urban Consumers: All Items in U.S. City Average,https://fred.stlouisfed.org/series/CPIAUCSL,https://www.bls.gov/cpi/,2026-09-01T00:29:17.085390Z,100 * (CPI_t / CPI_t_minus_12_months - 1)
1978-08-01,us_inflation,us,USA,,United States inflation,7.85597381,percent_yoy,monthly,FRED_BLS,Consumer Price Index for All Urban Consumers: All Items in U.S. City Average,https://fred.stlouisfed.org/series/CPIAUCSL,https://www.bls.gov/cpi/,2026-09-01T00:29:17.085390Z,100 * (CPI_t / CPI_t_minus_12_months - 1)
1978-09-01,us_inflation,us,USA,,United States inflation,8.48287113,percent_yoy,monthly,FRED_BLS,Consumer Price Index for All Urban Consumers: All Items in U.S. City Average,https://fred.stlouisfed.org/series/CPIAUCSL,https://www.bls.gov/cpi/,2026-09-01T00:29:17.085390Z,100 * (CPI_t / CPI_t_minus_12_months - 1)
1978-10-01,us_inflation,us,USA,,United States inflation,8.92857143,percent_yoy,monthly,FRED_BLS,Consumer Price Index for All Urban Consumers: All Items in U.S. City Average,https://fred.stlouisfed.org/series/CPIAUCSL,https://www.bls.gov/cpi/,2026-09-01T00:29:17.085390Z,100 * (CPI_t / CPI_t_minus_12_months - 1)
1978-11-01,us_inflation,us,USA,,United States inflation,8.87096774,percent_yoy,monthly,FRED_BLS,Consumer Price Index for All Urban Consumers: All Items in U.S. City Average,https://fred.stlouisfed.org/series/CPIAUCSL,https://www.bls.gov/cpi/,2026-09-01T00:29:17.085390Z,100 * (CPI_t / CPI_t_minus_12_months - 1)
1978-12-01,us_inflation,us,USA,,United States inflation,8.98876404,percent_yoy,monthly,FRED_BLS,Consumer Price Index for All Urban Consumers: All Items in U.S. City Average,https://fred.stlouisfed.org/series/CPIAUCSL,https://www.bls.gov/cpi/,2026-09-01T00:29:17.085390Z,100 * (CPI_t / CPI_t_minus_12_months - 1)
1979-01-01,us_inflation,us,USA,,United States inflation,9.25039872,percent_yoy,monthly,FRED_BLS,Consumer Price Index for All Urban Consumers: All Items in U.S. City Average,https://fred.stlouisfed.org/series/CPIAUCSL,https://www.bls.gov/cpi/,2026-09-01T00:29:17.085390Z,100 * (CPI_t / CPI_t_minus_12_months - 1)
1979-02-01,us_inflation,us,USA,,United States inflation,9.84126984,percent_yoy,monthly,FRED_BLS,Consumer Price Index for All Urban Consumers: All Items in U.S. City Average,https://fred.stlouisfed.org/series/CPIAUCSL,https://www.bls.gov/cpi/,2026-09-01T00:29:17.085390Z,100 * (CPI_t / CPI_t_minus_12_months - 1)
1979-03-01,us_inflation,us,USA,,United States inflation,10.25236593,percent_yoy,monthly,FRED_BLS,Consumer Price Index for All Urban Consumers: All Items in U.S. City Average,https://fred.stlouisfed.org/series/CPIAUCSL,https://www.bls.gov/cpi/,2026-09-01T00:29:17.085390Z,100 * (CPI_t / CPI_t_minus_12_months - 1)
1979-04-01,us_inflation,us,USA,,United States inflation,10.48513302,percent_yoy,monthly,FRED_BLS,Consumer Price Index for All Urban Consumers: All Items in U.S. City Average,https://fred.stlouisfed.org/series/CPIAUCSL,https://www.bls.gov/cpi/,2026-09-01T00:29:17.085390Z,100 * (CPI_t / CPI_t_minus_12_months - 1)
1979-05-01,us_inflation,us,USA,,United States inflation,10.69767442,percent_yoy,monthly,FRED_BLS,Consumer Price Index for All Urban Consumers: All Items in U.S. City Average,https://fred.stlouisfed.org/series/CPIAUCSL,https://www.bls.gov/cpi/,2026-09-01T00:29:17.085390Z,100 * (CPI_t / CPI_t_minus_12_months - 1)
1979-06-01,us_inflation,us,USA,,United States inflation,11.07692308,percent_yoy,monthly,FRED_BLS,Consumer Price Index for All Urban Consumers: All Items in U.S. City Average,https://fred.stlouisfed.org/series/CPIAUCSL,https://www.bls.gov/cpi/,2026-09-01T00:29:17.085390Z,100 * (CPI_t / CPI_t_minus_12_months - 1)
1979-07-01,us_inflation,us,USA,,United States inflation,11.45038168,percent_yoy,monthly,FRED_BLS,Consumer Price Index for All Urban Consumers: All Items in U.S. City Average,https://fred.stlouisfed.org/series/CPIAUCSL,https://www.bls.gov/cpi/,2026-09-01T00:29:17.085390Z,100 * (CPI_t / CPI_t_minus_12_months - 1)
1979-08-01,us_inflation,us,USA,,United States inflation,11.83611533,percent_yoy,monthly,FRED_BLS,Consumer Price Index for All Urban Consumers: All Items in U.S. City Average,https://fred.stlouisfed.org/series/CPIAUCSL,https://www.bls.gov/cpi/,2026-09-01T00:29:17.085390Z,100 * (CPI_t / CPI_t_minus_12_months - 1)
1979-09-01,us_inflation,us,USA,,United States inflation,11.87969925,percent_yoy,monthly,FRED_BLS,Consumer Price Index for All Urban Consumers: All Items in U.S. City Average,https://fred.stlouisfed.org/series/CPIAUCSL,https://www.bls.gov/cpi/,2026-09-01T00:29:17.085390Z,100 * (CPI_t / CPI_t_minus_12_months - 1)
1979-10-01,us_inflation,us,USA,,United States inflation,12.07153502,percent_yoy,monthly,FRED_BLS,Consumer Price Index for All Urban Consumers: All Items in U.S. City Average,https://fred.stlouisfed.org/series/CPIAUCSL,https://www.bls.gov/cpi/,2026-09-01T00:29:17.085390Z,100 * (CPI_t / CPI_t_minus_12_months - 1)
1979-11-01,us_inflation,us,USA,,United States inflation,12.59259259,percent_yoy,monthly,FRED_BLS,Consumer Price Index for All Urban Consumers: All Items in U.S. City Average,https://fred.stlouisfed.org/series/CPIAUCSL,https://www.bls.gov/cpi/,2026-09-01T00:29:17.085390Z,100 * (CPI_t / CPI_t_minus_12_months - 1)
1979-12-01,us_inflation,us,USA,,United States inflation,13.25478645,percent_yoy,monthly,FRED_BLS,Consumer Price Index for All Urban Consumers: All Items in U.S. City Average,https://fred.stlouisfed.org/series/CPIAUCSL,https://www.bls.gov/cpi/,2026-09-01T00:29:17.085390Z,100 * (CPI_t / CPI_t_minus_12_months - 1)
1980-01-01,us_inflation,us,USA,,United States inflation,13.86861314,percent_yoy,monthly,FRED_BLS,Consumer Price Index for All Urban Consumers: All Items in U.S. City Average,https://fred.stlouisfed.org/series/CPIAUCSL,https://www.bls.gov/cpi/,2026-09-01T00:29:17.085390Z,100 * (CPI_t / CPI_t_minus_12_months - 1)
1980-02-01,us_inflation,us,USA,,United States inflation,14.16184971,percent_yoy,monthly,FRED_BLS,Consumer Price Index for All Urban Consumers: All Items in U.S. City Average,https://fred.stlouisfed.org/series/CPIAUCSL,https://www.bls.gov/cpi/,2026-09-01T00:29:17.085390Z,100 * (CPI_t / CPI_t_minus_12_months - 1)
1980-03-01,us_inflation,us,USA,,United States inflation,14.59227468,percent_yoy,monthly,FRED_BLS,Consumer Price Index for All Urban Consumers: All Items in U.S. City Average,https://fred.stlouisfed.org/series/CPIAUCSL,https://www.bls.gov/cpi/,2026-09-01T00:29:17.085390Z,100 * (CPI_t / CPI_t_minus_12_months - 1)
1980-04-01,us_inflation,us,USA,,United States inflation,14.58923513,percent_yoy,monthly,FRED_BLS,Consumer Price Index for All Urban Consumers: All Items in U.S. City Average,https://fred.stlouisfed.org/series/CPIAUCSL,https://www.bls.gov/cpi/,2026-09-01T00:29:17.085390Z,100 * (CPI_t / CPI_t_minus_12_months - 1)
1980-05-01,us_inflation,us,USA,,United States inflation,14.42577031,percent_yoy,monthly,FRED_BLS,Consumer Price Index for All Urban Consumers: All Items in U.S. City Average,https://fred.stlouisfed.org/series/CPIAUCSL,https://www.bls.gov/cpi/,2026-09-01T00:29:17.085390Z,100 * (CPI_t / CPI_t_minus_12_months - 1)
1980-06-01,us_inflation,us,USA,,United States inflation,14.26592798,percent_yoy,monthly,FRED_BLS,Consumer Price Index for All Urban Consumers: All Items in U.S. City Average,https://fred.stlouisfed.org/series/CPIAUCSL,https://www.bls.gov/cpi/,2026-09-01T00:29:17.085390Z,100 * (CPI_t / CPI_t_minus_12_months - 1)
1980-07-01,us_inflation,us,USA,,United States inflation,13.15068493,percent_yoy,monthly,FRED_BLS,Consumer Price Index for All Urban Consumers: All Items in U.S. City Average,https://fred.stlouisfed.org/series/CPIAUCSL,https://www.bls.gov/cpi/,2026-09-01T00:29:17.085390Z,100 * (CPI_t / CPI_t_minus_12_months - 1)
1980-08-01,us_inflation,us,USA,,United States inflation,12.89009498,percent_yoy,monthly,FRED_BLS,Consumer Price Index for All Urban Consumers: All Items in U.S. City Average,https://fred.stlouisfed.org/series/CPIAUCSL,https://www.bls.gov/cpi/,2026-09-01T00:29:17.085390Z,100 * (CPI_t / CPI_t_minus_12_months - 1)
1980-09-01,us_inflation,us,USA,,United States inflation,12.7688172,percent_yoy,monthly,FRED_BLS,Consumer Price Index for All Urban Consumers: All Items in U.S. City Average,https://fred.stlouisfed.org/series/CPIAUCSL,https://www.bls.gov/cpi/,2026-09-01T00:29:17.085390Z,100 * (CPI_t / CPI_t_minus_12_months - 1)
1980-10-01,us_inflation,us,USA,,United States inflation,12.63297872,percent_yoy,monthly,FRED_BLS,Consumer Price Index for All Urban Consumers: All Items in U.S. City Average,https://fred.stlouisfed.org/series/CPIAUCSL,https://www.bls.gov/cpi/,2026-09-01T00:29:17.085390Z,100 * (CPI_t / CPI_t_minus_12_months - 1)
1980-11-01,us_inflation,us,USA,,United States inflation,12.63157895,percent_yoy,monthly,FRED_BLS,Consumer Price Index for All Urban Consumers: All Items in U.S. City Average,https://fred.stlouisfed.org/series/CPIAUCSL,https://www.bls.gov/cpi/,2026-09-01T00:29:17.085390Z,100 * (CPI_t / CPI_t_minus_12_months - 1)
1980-12-01,us_inflation,us,USA,,United States inflation,12.35370611,percent_yoy,monthly,FRED_BLS,Consumer Price Index for All Urban Consumers: All Items in U.S. City Average,https://fred.stlouisfed.org/series/CPIAUCSL,https://www.bls.gov/cpi/,2026-09-01T00:29:17.085390Z,100 * (CPI_t / CPI_t_minus_12_months - 1)
1981-01-01,us_inflation,us,USA,,United States inflation,11.79487179,percent_yoy,monthly,FRED_BLS,Consumer Price Index for All Urban Consumers: All Items in U.S. City Average,https://fred.stlouisfed.org/series/CPIAUCSL,https://www.bls.gov/cpi/,2026-09-01T00:29:17.085390Z,100 * (CPI_t / CPI_t_minus_12_months - 1)
1981-02-01,us_inflation,us,USA,,United States inflation,11.39240506,percent_yoy,monthly,FRED_BLS,Consumer Price Index for All Urban Consumers: All Items in U.S. City Average,https://fred.stlouisfed.org/series/CPIAUCSL,https://www.bls.gov/cpi/,2026-09-01T00:29:17.085390Z,100 * (CPI_t / CPI_t_minus_12_months - 1)
1981-03-01,us_inflation,us,USA,,United States inflation,10.61173533,percent_yoy,monthly,FRED_BLS,Consumer Price Index for All Urban Consumers: All Items in U.S. City Average,https://fred.stlouisfed.org/series/CPIAUCSL,https://www.bls.gov/cpi/,2026-09-01T00:29:17.085390Z,100 * (CPI_t / CPI_t_minus_12_months - 1)
1981-04-01,us_inflation,us,USA,,United States inflation,10.13597033,percent_yoy,monthly,FRED_BLS,Consumer Price Index for All Urban Consumers: All Items in U.S. City Average,https://fred.stlouisfed.org/series/CPIAUCSL,https://www.bls.gov/cpi/,2026-09-01T00:29:17.085390Z,100 * (CPI_t / CPI_t_minus_12_months - 1)
1981-05-01,us_inflation,us,USA,,United States inflation,9.79192166,percent_yoy,monthly,FRED_BLS,Consumer Price Index for All Urban Consumers: All Items in U.S. City Average,https://fred.stlouisfed.org/series/CPIAUCSL,https://www.bls.gov/cpi/,2026-09-01T00:29:17.085390Z,100 * (CPI_t / CPI_t_minus_12_months - 1)
1981-06-01,us_inflation,us,USA,,United States inflation,9.6969697,percent_yoy,monthly,FRED_BLS,Consumer Price Index for All Urban Consumers: All Items in U.S. City Average,https://fred.stlouisfed.org/series/CPIAUCSL,https://www.bls.gov/cpi/,2026-09-01T00:29:17.085390Z,100 * (CPI_t / CPI_t_minus_12_months - 1)
1981-07-01,us_inflation,us,USA,,United States inflation,10.7748184,percent_yoy,monthly,FRED_BLS,Consumer Price Index for All Urban Consumers: All Items in U.S. City Average,https://fred.stlouisfed.org/series/CPIAUCSL,https://www.bls.gov/cpi/,2026-09-01T00:29:17.085390Z,100 * (CPI_t / CPI_t_minus_12_months - 1)
1981-08-01,us_inflation,us,USA,,United States inflation,10.81730769,percent_yoy,monthly,FRED_BLS,Consumer Price Index for All Urban Consumers: All Items in U.S. City Average,https://fred.stlouisfed.org/series/CPIAUCSL,https://www.bls.gov/cpi/,2026-09-01T00:29:17.085390Z,100 * (CPI_t / CPI_t_minus_12_months - 1)
1981-09-01,us_inflation,us,USA,,United States inflation,10.96543504,percent_yoy,monthly,FRED_BLS,Consumer Price Index for All Urban Consumers: All Items in U.S. City Average,https://fred.stlouisfed.org/series/CPIAUCSL,https://www.bls.gov/cpi/,2026-09-01T00:29:17.085390Z,100 * (CPI_t / CPI_t_minus_12_months - 1)
1981-10-01,us_inflation,us,USA,,United States inflation,10.27154664,percent_yoy,monthly,FRED_BLS,Consumer Price Index for All Urban Consumers: All Items in U.S. City Average,https://fred.stlouisfed.org/series/CPIAUCSL,https://www.bls.gov/cpi/,2026-09-01T00:29:17.085390Z,100 * (CPI_t / CPI_t_minus_12_months - 1)
1981-11-01,us_inflation,us,USA,,United States inflation,9.57943925,percent_yoy,monthly,FRED_BLS,Consumer Price Index for All Urban Consumers: All Items in U.S. City Average,https://fred.stlouisfed.org/series/CPIAUCSL,https://www.bls.gov/cpi/,2026-09-01T00:29:17.085390Z,100 * (CPI_t / CPI_t_minus_12_months - 1)
1981-12-01,us_inflation,us,USA,,United States inflation,8.91203704,percent_yoy,monthly,FRED_BLS,Consumer Price Index for All Urban Consumers: All Items in U.S. City Average,https://fred.stlouisfed.org/series/CPIAUCSL,https://www.bls.gov/cpi/,2026-09-01T00:29:17.085390Z,100 * (CPI_t / CPI_t_minus_12_months - 1)
1982-01-01,us_inflation,us,USA,,United States inflation,8.25688073,percent_yoy,monthly,FRED_BLS,Consumer Price Index for All Urban Consumers: All Items in U.S. City Average,https://fred.stlouisfed.org/series/CPIAUCSL,https://www.bls.gov/cpi/,2026-09-01T00:29:17.085390Z,100 * (CPI_t / CPI_t_minus_12_months - 1)
1982-02-01,us_inflation,us,USA,,United States inflation,7.61363636,percent_yoy,monthly,FRED_BLS,Consumer Price Index for All Urban Consumers: All Items in U.S. City Average,https://fred.stlouisfed.org/series/CPIAUCSL,https://www.bls.gov/cpi/,2026-09-01T00:29:17.085390Z,100 * (CPI_t / CPI_t_minus_12_months - 1)
1982-03-01,us_inflation,us,USA,,United States inflation,6.88487585,percent_yoy,monthly,FRED_BLS,Consumer Price Index for All Urban Consumers: All Items in U.S. City Average,https://fred.stlouisfed.org/series/CPIAUCSL,https://www.bls.gov/cpi/,2026-09-01T00:29:17.085390Z,100 * (CPI_t / CPI_t_minus_12_months - 1)
1982-04-01,us_inflation,us,USA,,United States inflation,6.62177329,percent_yoy,monthly,FRED_BLS,Consumer Price Index for All Urban Consumers: All Items in U.S. City Average,https://fred.stlouisfed.org/series/CPIAUCSL,https://www.bls.gov/cpi/,2026-09-01T00:29:17.085390Z,100 * (CPI_t / CPI_t_minus_12_months - 1)
1982-05-01,us_inflation,us,USA,,United States inflation,6.91192865,percent_yoy,monthly,FRED_BLS,Consumer Price Index for All Urban Consumers: All Items in U.S. City Average,https://fred.stlouisfed.org/series/CPIAUCSL,https://www.bls.gov/cpi/,2026-09-01T00:29:17.085390Z,100 * (CPI_t / CPI_t_minus_12_months - 1)
1982-06-01,us_inflation,us,USA,,United States inflation,7.18232044,percent_yoy,monthly,FRED_BLS,Consumer Price Index for All Urban Consumers: All Items in U.S. City Average,https://fred.stlouisfed.org/series/CPIAUCSL,https://www.bls.gov/cpi/,2026-09-01T00:29:17.085390Z,100 * (CPI_t / CPI_t_minus_12_months - 1)
1982-07-01,us_inflation,us,USA,,United States inflation,6.55737705,percent_yoy,monthly,FRED_BLS,Consumer Price Index for All Urban Consumers: All Items in U.S. City Average,https://fred.stlouisfed.org/series/CPIAUCSL,https://www.bls.gov/cpi/,2026-09-01T00:29:17.085390Z,100 * (CPI_t / CPI_t_minus_12_months - 1)
1982-08-01,us_inflation,us,USA,,United States inflation,5.96529284,percent_yoy,monthly,FRED_BLS,Consumer Price Index for All Urban Consumers: All Items in U.S. City Average,https://fred.stlouisfed.org/series/CPIAUCSL,https://www.bls.gov/cpi/,2026-09-01T00:29:17.085390Z,100 * (CPI_t / CPI_t_minus_12_months - 1)
1982-09-01,us_inflation,us,USA,,United States inflation,4.94092374,percent_yoy,monthly,FRED_BLS,Consumer Price Index for All Urban Consumers: All Items in U.S. City Average,https://fred.stlouisfed.org/series/CPIAUCSL,https://www.bls.gov/cpi/,2026-09-01T00:29:17.085390Z,100 * (CPI_t / CPI_t_minus_12_months - 1)
1982-10-01,us_inflation,us,USA,,United States inflation,5.03211991,percent_yoy,monthly,FRED_BLS,Consumer Price Index for All Urban Consumers: All Items in U.S. City Average,https://fred.stlouisfed.org/series/CPIAUCSL,https://www.bls.gov/cpi/,2026-09-01T00:29:17.085390Z,100 * (CPI_t / CPI_t_minus_12_months - 1)
1982-11-01,us_inflation,us,USA,,United States inflation,4.47761194,percent_yoy,monthly,FRED_BLS,Consumer Price Index for All Urban Consumers: All Items in U.S. City Average,https://fred.stlouisfed.org/series/CPIAUCSL,https://www.bls.gov/cpi/,2026-09-01T00:29:17.085390Z,100 * (CPI_t / CPI_t_minus_12_months - 1)
1982-12-01,us_inflation,us,USA,,United States inflation,3.82571732,percent_yoy,monthly,FRED_BLS,Consumer Price Index for All Urban Consumers: All Items in U.S. City Average,https://fred.stlouisfed.org/series/CPIAUCSL,https://www.bls.gov/cpi/,2026-09-01T00:29:17.085390Z,100 * (CPI_t / CPI_t_minus_12_months - 1)
1983-01-01,us_inflation,us,USA,,United States inflation,3.70762712,percent_yoy,monthly,FRED_BLS,Consumer Price Index for All Urban Consumers: All Items in U.S. City Average,https://fred.stlouisfed.org/series/CPIAUCSL,https://www.bls.gov/cpi/,2026-09-01T00:29:17.085390Z,100 * (CPI_t / CPI_t_minus_12_months - 1)
1983-02-01,us_inflation,us,USA,,United States inflation,3.48468849,percent_yoy,monthly,FRED_BLS,Consumer Price Index for All Urban Consumers: All Items in U.S. City Average,https://fred.stlouisfed.org/series/CPIAUCSL,https://www.bls.gov/cpi/,2026-09-01T00:29:17.085390Z,100 * (CPI_t / CPI_t_minus_12_months - 1)
1983-03-01,us_inflation,us,USA,,United States inflation,3.59028511,percent_yoy,monthly,FRED_BLS,Consumer Price Index for All Urban Consumers: All Items in U.S. City Average,https://fred.stlouisfed.org/series/CPIAUCSL,https://www.bls.gov/cpi/,2026-09-01T00:29:17.085390Z,100 * (CPI_t / CPI_t_minus_12_months - 1)
1983-04-01,us_inflation,us,USA,,United States inflation,4,percent_yoy,monthly,FRED_BLS,Consumer Price Index for All Urban Consumers: All Items in U.S. City Average,https://fred.stlouisfed.org/series/CPIAUCSL,https://www.bls.gov/cpi/,2026-09-01T00:29:17.085390Z,100 * (CPI_t / CPI_t_minus_12_months - 1)
1983-05-01,us_inflation,us,USA,,United States inflation,3.44108446,percent_yoy,monthly,FRED_BLS,Consumer Price Index for All Urban Consumers: All Items in U.S. City Average,https://fred.stlouisfed.org/series/CPIAUCSL,https://www.bls.gov/cpi/,2026-09-01T00:29:17.085390Z,100 * (CPI_t / CPI_t_minus_12_months - 1)
1983-06-01,us_inflation,us,USA,,United States inflation,2.4742268,percent_yoy,monthly,FRED_BLS,Consumer Price Index for All Urban Consumers: All Items in U.S. City Average,https://fred.stlouisfed.org/series/CPIAUCSL,https://www.bls.gov/cpi/,2026-09-01T00:29:17.085390Z,100 * (CPI_t / CPI_t_minus_12_months - 1)
1983-07-01,us_inflation,us,USA,,United States inflation,2.35897436,percent_yoy,monthly,FRED_BLS,Consumer Price Index for All Urban Consumers: All Items in U.S. City Average,https://fred.stlouisfed.org/series/CPIAUCSL,https://www.bls.gov/cpi/,2026-09-01T00:29:17.085390Z,100 * (CPI_t / CPI_t_minus_12_months - 1)
1983-08-01,us_inflation,us,USA,,United States inflation,2.45649949,percent_yoy,monthly,FRED_BLS,Consumer Price Index for All Urban Consumers: All Items in U.S. City Average,https://fred.stlouisfed.org/series/CPIAUCSL,https://www.bls.gov/cpi/,2026-09-01T00:29:17.085390Z,100 * (CPI_t / CPI_t_minus_12_months - 1)
1983-09-01,us_inflation,us,USA,,United States inflation,2.76356192,percent_yoy,monthly,FRED_BLS,Consumer Price Index for All Urban Consumers: All Items in U.S. City Average,https://fred.stlouisfed.org/series/CPIAUCSL,https://www.bls.gov/cpi/,2026-09-01T00:29:17.085390Z,100 * (CPI_t / CPI_t_minus_12_months - 1)
1983-10-01,us_inflation,us,USA,,United States inflation,2.75229358,percent_yoy,monthly,FRED_BLS,Consumer Price Index for All Urban Consumers: All Items in U.S. City Average,https://fred.stlouisfed.org/series/CPIAUCSL,https://www.bls.gov/cpi/,2026-09-01T00:29:17.085390Z,100 * (CPI_t / CPI_t_minus_12_months - 1)
1983-11-01,us_inflation,us,USA,,United States inflation,3.16326531,percent_yoy,monthly,FRED_BLS,Consumer Price Index for All Urban Consumers: All Items in U.S. City Average,https://fred.stlouisfed.org/series/CPIAUCSL,https://www.bls.gov/cpi/,2026-09-01T00:29:17.085390Z,100 * (CPI_t / CPI_t_minus_12_months - 1)
1983-12-01,us_inflation,us,USA,,United States inflation,3.78710338,percent_yoy,monthly,FRED_BLS,Consumer Price Index for All Urban Consumers: All Items in U.S. City Average,https://fred.stlouisfed.org/series/CPIAUCSL,https://www.bls.gov/cpi/,2026-09-01T00:29:17.085390Z,100 * (CPI_t / CPI_t_minus_12_months - 1)
1984-01-01,us_inflation,us,USA,,United States inflation,4.29009193,percent_yoy,monthly,FRED_BLS,Consumer Price Index for All Urban Consumers: All Items in U.S. City Average,https://fred.stlouisfed.org/series/CPIAUCSL,https://www.bls.gov/cpi/,2026-09-01T00:29:17.085390Z,100 * (CPI_t / CPI_t_minus_12_months - 1)
1984-02-01,us_inflation,us,USA,,United States inflation,4.69387755,percent_yoy,monthly,FRED_BLS,Consumer Price Index for All Urban Consumers: All Items in U.S. City Average,https://fred.stlouisfed.org/series/CPIAUCSL,https://www.bls.gov/cpi/,2026-09-01T00:29:17.085390Z,100 * (CPI_t / CPI_t_minus_12_months - 1)
1984-03-01,us_inflation,us,USA,,United States inflation,4.89296636,percent_yoy,monthly,FRED_BLS,Consumer Price Index for All Urban Consumers: All Items in U.S. City Average,https://fred.stlouisfed.org/series/CPIAUCSL,https://www.bls.gov/cpi/,2026-09-01T00:29:17.085390Z,100 * (CPI_t / CPI_t_minus_12_months - 1)
1984-04-01,us_inflation,us,USA,,United States inflation,4.55465587,percent_yoy,monthly,FRED_BLS,Consumer Price Index for All Urban Consumers: All Items in U.S. City Average,https://fred.stlouisfed.org/series/CPIAUCSL,https://www.bls.gov/cpi/,2026-09-01T00:29:17.085390Z,100 * (CPI_t / CPI_t_minus_12_months - 1)
1984-05-01,us_inflation,us,USA,,United States inflation,4.33467742,percent_yoy,monthly,FRED_BLS,Consumer Price Index for All Urban Consumers: All Items in U.S. City Average,https://fred.stlouisfed.org/series/CPIAUCSL,https://www.bls.gov/cpi/,2026-09-01T00:29:17.085390Z,100 * (CPI_t / CPI_t_minus_12_months - 1)
1984-06-01,us_inflation,us,USA,,United States inflation,4.32595573,percent_yoy,monthly,FRED_BLS,Consumer Price Index for All Urban Consumers: All Items in U.S. City Average,https://fred.stlouisfed.org/series/CPIAUCSL,https://www.bls.gov/cpi/,2026-09-01T00:29:17.085390Z,100 * (CPI_t / CPI_t_minus_12_months - 1)
1984-07-01,us_inflation,us,USA,,United States inflation,4.30861723,percent_yoy,monthly,FRED_BLS,Consumer Price Index for All Urban Consumers: All Items in U.S. City Average,https://fred.stlouisfed.org/series/CPIAUCSL,https://www.bls.gov/cpi/,2026-09-01T00:29:17.085390Z,100 * (CPI_t / CPI_t_minus_12_months - 1)
1984-08-01,us_inflation,us,USA,,United States inflation,4.2957043,percent_yoy,monthly,FRED_BLS,Consumer Price Index for All Urban Consumers: All Items in U.S. City Average,https://fred.stlouisfed.org/series/CPIAUCSL,https://www.bls.gov/cpi/,2026-09-01T00:29:17.085390Z,100 * (CPI_t / CPI_t_minus_12_months - 1)
1984-09-01,us_inflation,us,USA,,United States inflation,4.28286853,percent_yoy,monthly,FRED_BLS,Consumer Price Index for All Urban Consumers: All Items in U.S. City Average,https://fred.stlouisfed.org/series/CPIAUCSL,https://www.bls.gov/cpi/,2026-09-01T00:29:17.085390Z,100 * (CPI_t / CPI_t_minus_12_months - 1)
1984-10-01,us_inflation,us,USA,,United States inflation,4.26587302,percent_yoy,monthly,FRED_BLS,Consumer Price Index for All Urban Consumers: All Items in U.S. City Average,https://fred.stlouisfed.org/series/CPIAUCSL,https://www.bls.gov/cpi/,2026-09-01T00:29:17.085390Z,100 * (CPI_t / CPI_t_minus_12_months - 1)
1984-11-01,us_inflation,us,USA,,United States inflation,4.15430267,percent_yoy,monthly,FRED_BLS,Consumer Price Index for All Urban Consumers: All Items in U.S. City Average,https://fred.stlouisfed.org/series/CPIAUCSL,https://www.bls.gov/cpi/,2026-09-01T00:29:17.085390Z,100 * (CPI_t / CPI_t_minus_12_months - 1)
1984-12-01,us_inflation,us,USA,,United States inflation,4.0433925,percent_yoy,monthly,FRED_BLS,Consumer Price Index for All Urban Consumers: All Items in U.S. City Average,https://fred.stlouisfed.org/series/CPIAUCSL,https://www.bls.gov/cpi/,2026-09-01T00:29:17.085390Z,100 * (CPI_t / CPI_t_minus_12_months - 1)
1985-01-01,us_inflation,us,USA,,United States inflation,3.52595495,percent_yoy,monthly,FRED_BLS,Consumer Price Index for All Urban Consumers: All Items in U.S. City Average,https://fred.stlouisfed.org/series/CPIAUCSL,https://www.bls.gov/cpi/,2026-09-01T00:29:17.085390Z,100 * (CPI_t / CPI_t_minus_12_months - 1)
1985-02-01,us_inflation,us,USA,,United States inflation,3.60623782,percent_yoy,monthly,FRED_BLS,Consumer Price Index for All Urban Consumers: All Items in U.S. City Average,https://fred.stlouisfed.org/series/CPIAUCSL,https://www.bls.gov/cpi/,2026-09-01T00:29:17.085390Z,100 * (CPI_t / CPI_t_minus_12_months - 1)
1985-03-01,us_inflation,us,USA,,United States inflation,3.79008746,percent_yoy,monthly,FRED_BLS,Consumer Price Index for All Urban Consumers: All Items in U.S. City Average,https://fred.stlouisfed.org/series/CPIAUCSL,https://www.bls.gov/cpi/,2026-09-01T00:29:17.085390Z,100 * (CPI_t / CPI_t_minus_12_months - 1)
1985-04-01,us_inflation,us,USA,,United States inflation,3.58180058,percent_yoy,monthly,FRED_BLS,Consumer Price Index for All Urban Consumers: All Items in U.S. City Average,https://fred.stlouisfed.org/series/CPIAUCSL,https://www.bls.gov/cpi/,2026-09-01T00:29:17.085390Z,100 * (CPI_t / CPI_t_minus_12_months - 1)
1985-05-01,us_inflation,us,USA,,United States inflation,3.57487923,percent_yoy,monthly,FRED_BLS,Consumer Price Index for All Urban Consumers: All Items in U.S. City Average,https://fred.stlouisfed.org/series/CPIAUCSL,https://www.bls.gov/cpi/,2026-09-01T00:29:17.085390Z,100 * (CPI_t / CPI_t_minus_12_months - 1)
1985-06-01,us_inflation,us,USA,,United States inflation,3.66441659,percent_yoy,monthly,FRED_BLS,Consumer Price Index for All Urban Consumers: All Items in U.S. City Average,https://fred.stlouisfed.org/series/CPIAUCSL,https://www.bls.gov/cpi/,2026-09-01T00:29:17.085390Z,100 * (CPI_t / CPI_t_minus_12_months - 1)
1985-07-01,us_inflation,us,USA,,United States inflation,3.45821326,percent_yoy,monthly,FRED_BLS,Consumer Price Index for All Urban Consumers: All Items in U.S. City Average,https://fred.stlouisfed.org/series/CPIAUCSL,https://www.bls.gov/cpi/,2026-09-01T00:29:17.085390Z,100 * (CPI_t / CPI_t_minus_12_months - 1)
1985-08-01,us_inflation,us,USA,,United States inflation,3.35249042,percent_yoy,monthly,FRED_BLS,Consumer Price Index for All Urban Consumers: All Items in U.S. City Average,https://fred.stlouisfed.org/series/CPIAUCSL,https://www.bls.gov/cpi/,2026-09-01T00:29:17.085390Z,100 * (CPI_t / CPI_t_minus_12_months - 1)
1985-09-01,us_inflation,us,USA,,United States inflation,3.24737345,percent_yoy,monthly,FRED_BLS,Consumer Price Index for All Urban Consumers: All Items in U.S. City Average,https://fred.stlouisfed.org/series/CPIAUCSL,https://www.bls.gov/cpi/,2026-09-01T00:29:17.085390Z,100 * (CPI_t / CPI_t_minus_12_months - 1)
1985-10-01,us_inflation,us,USA,,United States inflation,3.23501427,percent_yoy,monthly,FRED_BLS,Consumer Price Index for All Urban Consumers: All Items in U.S. City Average,https://fred.stlouisfed.org/series/CPIAUCSL,https://www.bls.gov/cpi/,2026-09-01T00:29:17.085390Z,100 * (CPI_t / CPI_t_minus_12_months - 1)
1985-11-01,us_inflation,us,USA,,United States inflation,3.51377018,percent_yoy,monthly,FRED_BLS,Consumer Price Index for All Urban Consumers: All Items in U.S. City Average,https://fred.stlouisfed.org/series/CPIAUCSL,https://www.bls.gov/cpi/,2026-09-01T00:29:17.085390Z,100 * (CPI_t / CPI_t_minus_12_months - 1)
1985-12-01,us_inflation,us,USA,,United States inflation,3.79146919,percent_yoy,monthly,FRED_BLS,Consumer Price Index for All Urban Consumers: All Items in U.S. City Average,https://fred.stlouisfed.org/series/CPIAUCSL,https://www.bls.gov/cpi/,2026-09-01T00:29:17.085390Z,100 * (CPI_t / CPI_t_minus_12_months - 1)
1986-01-01,us_inflation,us,USA,,United States inflation,3.97350993,percent_yoy,monthly,FRED_BLS,Consumer Price Index for All Urban Consumers: All Items in U.S. City Average,https://fred.stlouisfed.org/series/CPIAUCSL,https://www.bls.gov/cpi/,2026-09-01T00:29:17.085390Z,100 * (CPI_t / CPI_t_minus_12_months - 1)
1986-02-01,us_inflation,us,USA,,United States inflation,3.19849483,percent_yoy,monthly,FRED_BLS,Consumer Price Index for All Urban Consumers: All Items in U.S. City Average,https://fred.stlouisfed.org/series/CPIAUCSL,https://www.bls.gov/cpi/,2026-09-01T00:29:17.085390Z,100 * (CPI_t / CPI_t_minus_12_months - 1)
1986-03-01,us_inflation,us,USA,,United States inflation,2.15355805,percent_yoy,monthly,FRED_BLS,Consumer Price Index for All Urban Consumers: All Items in U.S. City Average,https://fred.stlouisfed.org/series/CPIAUCSL,https://www.bls.gov/cpi/,2026-09-01T00:29:17.085390Z,100 * (CPI_t / CPI_t_minus_12_months - 1)
1986-04-01,us_inflation,us,USA,,United States inflation,1.58878505,percent_yoy,monthly,FRED_BLS,Consumer Price Index for All Urban Consumers: All Items in U.S. City Average,https://fred.stlouisfed.org/series/CPIAUCSL,https://www.bls.gov/cpi/,2026-09-01T00:29:17.085390Z,100 * (CPI_t / CPI_t_minus_12_months - 1)
1986-05-01,us_inflation,us,USA,,United States inflation,1.67910448,percent_yoy,monthly,FRED_BLS,Consumer Price Index for All Urban Consumers: All Items in U.S. City Average,https://fred.stlouisfed.org/series/CPIAUCSL,https://www.bls.gov/cpi/,2026-09-01T00:29:17.085390Z,100 * (CPI_t / CPI_t_minus_12_months - 1)
1986-06-01,us_inflation,us,USA,,United States inflation,1.76744186,percent_yoy,monthly,FRED_BLS,Consumer Price Index for All Urban Consumers: All Items in U.S. City Average,https://fred.stlouisfed.org/series/CPIAUCSL,https://www.bls.gov/cpi/,2026-09-01T00:29:17.085390Z,100 * (CPI_t / CPI_t_minus_12_months - 1)
1986-07-01,us_inflation,us,USA,,United States inflation,1.67130919,percent_yoy,monthly,FRED_BLS,Consumer Price Index for All Urban Consumers: All Items in U.S. City Average,https://fred.stlouisfed.org/series/CPIAUCSL,https://www.bls.gov/cpi/,2026-09-01T00:29:17.085390Z,100 * (CPI_t / CPI_t_minus_12_months - 1)
1986-08-01,us_inflation,us,USA,,United States inflation,1.5755329,percent_yoy,monthly,FRED_BLS,Consumer Price Index for All Urban Consumers: All Items in U.S. City Average,https://fred.stlouisfed.org/series/CPIAUCSL,https://www.bls.gov/cpi/,2026-09-01T00:29:17.085390Z,100 * (CPI_t / CPI_t_minus_12_months - 1)
1986-09-01,us_inflation,us,USA,,United States inflation,1.75763182,percent_yoy,monthly,FRED_BLS,Consumer Price Index for All Urban Consumers: All Items in U.S. City Average,https://fred.stlouisfed.org/series/CPIAUCSL,https://www.bls.gov/cpi/,2026-09-01T00:29:17.085390Z,100 * (CPI_t / CPI_t_minus_12_months - 1)
1986-10-01,us_inflation,us,USA,,United States inflation,1.56682028,percent_yoy,monthly,FRED_BLS,Consumer Price Index for All Urban Consumers: All Items in U.S. City Average,https://fred.stlouisfed.org/series/CPIAUCSL,https://www.bls.gov/cpi/,2026-09-01T00:29:17.085390Z,100 * (CPI_t / CPI_t_minus_12_months - 1)
1986-11-01,us_inflation,us,USA,,United States inflation,1.28440367,percent_yoy,monthly,FRED_BLS,Consumer Price Index for All Urban Consumers: All Items in U.S. City Average,https://fred.stlouisfed.org/series/CPIAUCSL,https://www.bls.gov/cpi/,2026-09-01T00:29:17.085390Z,100 * (CPI_t / CPI_t_minus_12_months - 1)
1986-12-01,us_inflation,us,USA,,United States inflation,1.18721461,percent_yoy,monthly,FRED_BLS,Consumer Price Index for All Urban Consumers: All Items in U.S. City Average,https://fred.stlouisfed.org/series/CPIAUCSL,https://www.bls.gov/cpi/,2026-09-01T00:29:17.085390Z,100 * (CPI_t / CPI_t_minus_12_months - 1)
1987-01-01,us_inflation,us,USA,,United States inflation,1.36487716,percent_yoy,monthly,FRED_BLS,Consumer Price Index for All Urban Consumers: All Items in U.S. City Average,https://fred.stlouisfed.org/series/CPIAUCSL,https://www.bls.gov/cpi/,2026-09-01T00:29:17.085390Z,100 * (CPI_t / CPI_t_minus_12_months - 1)
1987-02-01,us_inflation,us,USA,,United States inflation,1.91431176,percent_yoy,monthly,FRED_BLS,Consumer Price Index for All Urban Consumers: All Items in U.S. City Average,https://fred.stlouisfed.org/series/CPIAUCSL,https://www.bls.gov/cpi/,2026-09-01T00:29:17.085390Z,100 * (CPI_t / CPI_t_minus_12_months - 1)
1987-03-01,us_inflation,us,USA,,United States inflation,2.84142988,percent_yoy,monthly,FRED_BLS,Consumer Price Index for All Urban Consumers: All Items in U.S. City Average,https://fred.stlouisfed.org/series/CPIAUCSL,https://www.bls.gov/cpi/,2026-09-01T00:29:17.085390Z,100 * (CPI_t / CPI_t_minus_12_months - 1)
1987-04-01,us_inflation,us,USA,,United States inflation,3.67985281,percent_yoy,monthly,FRED_BLS,Consumer Price Index for All Urban Consumers: All Items in U.S. City Average,https://fred.stlouisfed.org/series/CPIAUCSL,https://www.bls.gov/cpi/,2026-09-01T00:29:17.085390Z,100 * (CPI_t / CPI_t_minus_12_months - 1)
1987-05-01,us_inflation,us,USA,,United States inflation,3.66972477,percent_yoy,monthly,FRED_BLS,Consumer Price Index for All Urban Consumers: All Items in U.S. City Average,https://fred.stlouisfed.org/series/CPIAUCSL,https://www.bls.gov/cpi/,2026-09-01T00:29:17.085390Z,100 * (CPI_t / CPI_t_minus_12_months - 1)
1987-06-01,us_inflation,us,USA,,United States inflation,3.74771481,percent_yoy,monthly,FRED_BLS,Consumer Price Index for All Urban Consumers: All Items in U.S. City Average,https://fred.stlouisfed.org/series/CPIAUCSL,https://www.bls.gov/cpi/,2026-09-01T00:29:17.085390Z,100 * (CPI_t / CPI_t_minus_12_months - 1)
1987-07-01,us_inflation,us,USA,,United States inflation,3.92694064,percent_yoy,monthly,FRED_BLS,Consumer Price Index for All Urban Consumers: All Items in U.S. City Average,https://fred.stlouisfed.org/series/CPIAUCSL,https://www.bls.gov/cpi/,2026-09-01T00:29:17.085390Z,100 * (CPI_t / CPI_t_minus_12_months - 1)
1987-08-01,us_inflation,us,USA,,United States inflation,4.28832117,percent_yoy,monthly,FRED_BLS,Consumer Price Index for All Urban Consumers: All Items in U.S. City Average,https://fred.stlouisfed.org/series/CPIAUCSL,https://www.bls.gov/cpi/,2026-09-01T00:29:17.085390Z,100 * (CPI_t / CPI_t_minus_12_months - 1)
1987-09-01,us_inflation,us,USA,,United States inflation,4.27272727,percent_yoy,monthly,FRED_BLS,Consumer Price Index for All Urban Consumers: All Items in U.S. City Average,https://fred.stlouisfed.org/series/CPIAUCSL,https://www.bls.gov/cpi/,2026-09-01T00:29:17.085390Z,100 * (CPI_t / CPI_t_minus_12_months - 1)
1987-10-01,us_inflation,us,USA,,United States inflation,4.35571688,percent_yoy,monthly,FRED_BLS,Consumer Price Index for All Urban Consumers: All Items in U.S. City Average,https://fred.stlouisfed.org/series/CPIAUCSL,https://www.bls.gov/cpi/,2026-09-01T00:29:17.085390Z,100 * (CPI_t / CPI_t_minus_12_months - 1)
1987-11-01,us_inflation,us,USA,,United States inflation,4.52898551,percent_yoy,monthly,FRED_BLS,Consumer Price Index for All Urban Consumers: All Items in U.S. City Average,https://fred.stlouisfed.org/series/CPIAUCSL,https://www.bls.gov/cpi/,2026-09-01T00:29:17.085390Z,100 * (CPI_t / CPI_t_minus_12_months - 1)
1987-12-01,us_inflation,us,USA,,United States inflation,4.33212996,percent_yoy,monthly,FRED_BLS,Consumer Price Index for All Urban Consumers: All Items in U.S. City Average,https://fred.stlouisfed.org/series/CPIAUCSL,https://www.bls.gov/cpi/,2026-09-01T00:29:17.085390Z,100 * (CPI_t / CPI_t_minus_12_months - 1)
1988-01-01,us_inflation,us,USA,,United States inflation,4.12926391,percent_yoy,monthly,FRED_BLS,Consumer Price Index for All Urban Consumers: All Items in U.S. City Average,https://fred.stlouisfed.org/series/CPIAUCSL,https://www.bls.gov/cpi/,2026-09-01T00:29:17.085390Z,100 * (CPI_t / CPI_t_minus_12_months - 1)
1988-02-01,us_inflation,us,USA,,United States inflation,3.93559928,percent_yoy,monthly,FRED_BLS,Consumer Price Index for All Urban Consumers: All Items in U.S. City Average,https://fred.stlouisfed.org/series/CPIAUCSL,https://www.bls.gov/cpi/,2026-09-01T00:29:17.085390Z,100 * (CPI_t / CPI_t_minus_12_months - 1)
1988-03-01,us_inflation,us,USA,,United States inflation,3.83244207,percent_yoy,monthly,FRED_BLS,Consumer Price Index for All Urban Consumers: All Items in U.S. City Average,https://fred.stlouisfed.org/series/CPIAUCSL,https://www.bls.gov/cpi/,2026-09-01T00:29:17.085390Z,100 * (CPI_t / CPI_t_minus_12_months - 1)
1988-04-01,us_inflation,us,USA,,United States inflation,3.99290151,percent_yoy,monthly,FRED_BLS,Consumer Price Index for All Urban Consumers: All Items in U.S. City Average,https://fred.stlouisfed.org/series/CPIAUCSL,https://www.bls.gov/cpi/,2026-09-01T00:29:17.085390Z,100 * (CPI_t / CPI_t_minus_12_months - 1)
1988-05-01,us_inflation,us,USA,,United States inflation,3.98230088,percent_yoy,monthly,FRED_BLS,Consumer Price Index for All Urban Consumers: All Items in U.S. City Average,https://fred.stlouisfed.org/series/CPIAUCSL,https://www.bls.gov/cpi/,2026-09-01T00:29:17.085390Z,100 * (CPI_t / CPI_t_minus_12_months - 1)
1988-06-01,us_inflation,us,USA,,United States inflation,3.96475771,percent_yoy,monthly,FRED_BLS,Consumer Price Index for All Urban Consumers: All Items in U.S. City Average,https://fred.stlouisfed.org/series/CPIAUCSL,https://www.bls.gov/cpi/,2026-09-01T00:29:17.085390Z,100 * (CPI_t / CPI_t_minus_12_months - 1)
1988-07-01,us_inflation,us,USA,,United States inflation,4.13005272,percent_yoy,monthly,FRED_BLS,Consumer Price Index for All Urban Consumers: All Items in U.S. City Average,https://fred.stlouisfed.org/series/CPIAUCSL,https://www.bls.gov/cpi/,2026-09-01T00:29:17.085390Z,100 * (CPI_t / CPI_t_minus_12_months - 1)
1988-08-01,us_inflation,us,USA,,United States inflation,4.111986,percent_yoy,monthly,FRED_BLS,Consumer Price Index for All Urban Consumers: All Items in U.S. City Average,https://fred.stlouisfed.org/series/CPIAUCSL,https://www.bls.gov/cpi/,2026-09-01T00:29:17.085390Z,100 * (CPI_t / CPI_t_minus_12_months - 1)
1988-09-01,us_inflation,us,USA,,United States inflation,4.18482999,percent_yoy,monthly,FRED_BLS,Consumer Price Index for All Urban Consumers: All Items in U.S. City Average,https://fred.stlouisfed.org/series/CPIAUCSL,https://www.bls.gov/cpi/,2026-09-01T00:29:17.085390Z,100 * (CPI_t / CPI_t_minus_12_months - 1)
1988-10-01,us_inflation,us,USA,,United States inflation,4.26086957,percent_yoy,monthly,FRED_BLS,Consumer Price Index for All Urban Consumers: All Items in U.S. City Average,https://fred.stlouisfed.org/series/CPIAUCSL,https://www.bls.gov/cpi/,2026-09-01T00:29:17.085390Z,100 * (CPI_t / CPI_t_minus_12_months - 1)
1988-11-01,us_inflation,us,USA,,United States inflation,4.24610052,percent_yoy,monthly,FRED_BLS,Consumer Price Index for All Urban Consumers: All Items in U.S. City Average,https://fred.stlouisfed.org/series/CPIAUCSL,https://www.bls.gov/cpi/,2026-09-01T00:29:17.085390Z,100 * (CPI_t / CPI_t_minus_12_months - 1)
1988-12-01,us_inflation,us,USA,,United States inflation,4.41176471,percent_yoy,monthly,FRED_BLS,Consumer Price Index for All Urban Consumers: All Items in U.S. City Average,https://fred.stlouisfed.org/series/CPIAUCSL,https://www.bls.gov/cpi/,2026-09-01T00:29:17.085390Z,100 * (CPI_t / CPI_t_minus_12_months - 1)
1989-01-01,us_inflation,us,USA,,United States inflation,4.48275862,percent_yoy,monthly,FRED_BLS,Consumer Price Index for All Urban Consumers: All Items in U.S. City Average,https://fred.stlouisfed.org/series/CPIAUCSL,https://www.bls.gov/cpi/,2026-09-01T00:29:17.085390Z,100 * (CPI_t / CPI_t_minus_12_months - 1)
1989-02-01,us_inflation,us,USA,,United States inflation,4.64716007,percent_yoy,monthly,FRED_BLS,Consumer Price Index for All Urban Consumers: All Items in U.S. City Average,https://fred.stlouisfed.org/series/CPIAUCSL,https://www.bls.gov/cpi/,2026-09-01T00:29:17.085390Z,100 * (CPI_t / CPI_t_minus_12_months - 1)
1989-03-01,us_inflation,us,USA,,United States inflation,4.89270386,percent_yoy,monthly,FRED_BLS,Consumer Price Index for All Urban Consumers: All Items in U.S. City Average,https://fred.stlouisfed.org/series/CPIAUCSL,https://www.bls.gov/cpi/,2026-09-01T00:29:17.085390Z,100 * (CPI_t / CPI_t_minus_12_months - 1)
1989-04-01,us_inflation,us,USA,,United States inflation,5.03412969,percent_yoy,monthly,FRED_BLS,Consumer Price Index for All Urban Consumers: All Items in U.S. City Average,https://fred.stlouisfed.org/series/CPIAUCSL,https://www.bls.gov/cpi/,2026-09-01T00:29:17.085390Z,100 * (CPI_t / CPI_t_minus_12_months - 1)
1989-05-01,us_inflation,us,USA,,United States inflation,5.27659574,percent_yoy,monthly,FRED_BLS,Consumer Price Index for All Urban Consumers: All Items in U.S. City Average,https://fred.stlouisfed.org/series/CPIAUCSL,https://www.bls.gov/cpi/,2026-09-01T00:29:17.085390Z,100 * (CPI_t / CPI_t_minus_12_months - 1)
1989-06-01,us_inflation,us,USA,,United States inflation,5.16949153,percent_yoy,monthly,FRED_BLS,Consumer Price Index for All Urban Consumers: All Items in U.S. City Average,https://fred.stlouisfed.org/series/CPIAUCSL,https://www.bls.gov/cpi/,2026-09-01T00:29:17.085390Z,100 * (CPI_t / CPI_t_minus_12_months - 1)
1989-07-01,us_inflation,us,USA,,United States inflation,5.06329114,percent_yoy,monthly,FRED_BLS,Consumer Price Index for All Urban Consumers: All Items in U.S. City Average,https://fred.stlouisfed.org/series/CPIAUCSL,https://www.bls.gov/cpi/,2026-09-01T00:29:17.085390Z,100 * (CPI_t / CPI_t_minus_12_months - 1)
1989-08-01,us_inflation,us,USA,,United States inflation,4.62184874,percent_yoy,monthly,FRED_BLS,Consumer Price Index for All Urban Consumers: All Items in U.S. City Average,https://fred.stlouisfed.org/series/CPIAUCSL,https://www.bls.gov/cpi/,2026-09-01T00:29:17.085390Z,100 * (CPI_t / CPI_t_minus_12_months - 1)
1989-09-01,us_inflation,us,USA,,United States inflation,4.43514644,percent_yoy,monthly,FRED_BLS,Consumer Price Index for All Urban Consumers: All Items in U.S. City Average,https://fred.stlouisfed.org/series/CPIAUCSL,https://www.bls.gov/cpi/,2026-09-01T00:29:17.085390Z,100 * (CPI_t / CPI_t_minus_12_months - 1)
1989-10-01,us_inflation,us,USA,,United States inflation,4.58715596,percent_yoy,monthly,FRED_BLS,Consumer Price Index for All Urban Consumers: All Items in U.S. City Average,https://fred.stlouisfed.org/series/CPIAUCSL,https://www.bls.gov/cpi/,2026-09-01T00:29:17.085390Z,100 * (CPI_t / CPI_t_minus_12_months - 1)
1989-11-01,us_inflation,us,USA,,United States inflation,4.65502909,percent_yoy,monthly,FRED_BLS,Consumer Price Index for All Urban Consumers: All Items in U.S. City Average,https://fred.stlouisfed.org/series/CPIAUCSL,https://www.bls.gov/cpi/,2026-09-01T00:29:17.085390Z,100 * (CPI_t / CPI_t_minus_12_months - 1)
1989-12-01,us_inflation,us,USA,,United States inflation,4.63960232,percent_yoy,monthly,FRED_BLS,Consumer Price Index for All Urban Consumers: All Items in U.S. City Average,https://fred.stlouisfed.org/series/CPIAUCSL,https://www.bls.gov/cpi/,2026-09-01T00:29:17.085390Z,100 * (CPI_t / CPI_t_minus_12_months - 1)
1990-01-01,us_inflation,us,USA,,United States inflation,5.1980198,percent_yoy,monthly,FRED_BLS,Consumer Price Index for All Urban Consumers: All Items in U.S. City Average,https://fred.stlouisfed.org/series/CPIAUCSL,https://www.bls.gov/cpi/,2026-09-01T00:29:17.085390Z,100 * (CPI_t / CPI_t_minus_12_months - 1)
1990-02-01,us_inflation,us,USA,,United States inflation,5.26315789,percent_yoy,monthly,FRED_BLS,Consumer Price Index for All Urban Consumers: All Items in U.S. City Average,https://fred.stlouisfed.org/series/CPIAUCSL,https://www.bls.gov/cpi/,2026-09-01T00:29:17.085390Z,100 * (CPI_t / CPI_t_minus_12_months - 1)
1990-03-01,us_inflation,us,USA,,United States inflation,5.23731588,percent_yoy,monthly,FRED_BLS,Consumer Price Index for All Urban Consumers: All Items in U.S. City Average,https://fred.stlouisfed.org/series/CPIAUCSL,https://www.bls.gov/cpi/,2026-09-01T00:29:17.085390Z,100 * (CPI_t / CPI_t_minus_12_months - 1)
1990-04-01,us_inflation,us,USA,,United States inflation,4.71161657,percent_yoy,monthly,FRED_BLS,Consumer Price Index for All Urban Consumers: All Items in U.S. City Average,https://fred.stlouisfed.org/series/CPIAUCSL,https://www.bls.gov/cpi/,2026-09-01T00:29:17.085390Z,100 * (CPI_t / CPI_t_minus_12_months - 1)
1990-05-01,us_inflation,us,USA,,United States inflation,4.36540016,percent_yoy,monthly,FRED_BLS,Consumer Price Index for All Urban Consumers: All Items in U.S. City Average,https://fred.stlouisfed.org/series/CPIAUCSL,https://www.bls.gov/cpi/,2026-09-01T00:29:17.085390Z,100 * (CPI_t / CPI_t_minus_12_months - 1)
1990-06-01,us_inflation,us,USA,,United States inflation,4.67365028,percent_yoy,monthly,FRED_BLS,Consumer Price Index for All Urban Consumers: All Items in U.S. City Average,https://fred.stlouisfed.org/series/CPIAUCSL,https://www.bls.gov/cpi/,2026-09-01T00:29:17.085390Z,100 * (CPI_t / CPI_t_minus_12_months - 1)
1990-07-01,us_inflation,us,USA,,United States inflation,4.81927711,percent_yoy,monthly,FRED_BLS,Consumer Price Index for All Urban Consumers: All Items in U.S. City Average,https://fred.stlouisfed.org/series/CPIAUCSL,https://www.bls.gov/cpi/,2026-09-01T00:29:17.085390Z,100 * (CPI_t / CPI_t_minus_12_months - 1)
1990-08-01,us_inflation,us,USA,,United States inflation,5.70281124,percent_yoy,monthly,FRED_BLS,Consumer Price Index for All Urban Consumers: All Items in U.S. City Average,https://fred.stlouisfed.org/series/CPIAUCSL,https://www.bls.gov/cpi/,2026-09-01T00:29:17.085390Z,100 * (CPI_t / CPI_t_minus_12_months - 1)
1990-09-01,us_inflation,us,USA,,United States inflation,6.16987179,percent_yoy,monthly,FRED_BLS,Consumer Price Index for All Urban Consumers: All Items in U.S. City Average,https://fred.stlouisfed.org/series/CPIAUCSL,https://www.bls.gov/cpi/,2026-09-01T00:29:17.085390Z,100 * (CPI_t / CPI_t_minus_12_months - 1)
1990-10-01,us_inflation,us,USA,,United States inflation,6.37958533,percent_yoy,monthly,FRED_BLS,Consumer Price Index for All Urban Consumers: All Items in U.S. City Average,https://fred.stlouisfed.org/series/CPIAUCSL,https://www.bls.gov/cpi/,2026-09-01T00:29:17.085390Z,100 * (CPI_t / CPI_t_minus_12_months - 1)
1990-11-01,us_inflation,us,USA,,United States inflation,6.19539317,percent_yoy,monthly,FRED_BLS,Consumer Price Index for All Urban Consumers: All Items in U.S. City Average,https://fred.stlouisfed.org/series/CPIAUCSL,https://www.bls.gov/cpi/,2026-09-01T00:29:17.085390Z,100 * (CPI_t / CPI_t_minus_12_months - 1)
1990-12-01,us_inflation,us,USA,,United States inflation,6.25494854,percent_yoy,monthly,FRED_BLS,Consumer Price Index for All Urban Consumers: All Items in U.S. City Average,https://fred.stlouisfed.org/series/CPIAUCSL,https://www.bls.gov/cpi/,2026-09-01T00:29:17.085390Z,100 * (CPI_t / CPI_t_minus_12_months - 1)
1991-01-01,us_inflation,us,USA,,United States inflation,5.64705882,percent_yoy,monthly,FRED_BLS,Consumer Price Index for All Urban Consumers: All Items in U.S. City Average,https://fred.stlouisfed.org/series/CPIAUCSL,https://www.bls.gov/cpi/,2026-09-01T00:29:17.085390Z,100 * (CPI_t / CPI_t_minus_12_months - 1)
1991-02-01,us_inflation,us,USA,,United States inflation,5.3125,percent_yoy,monthly,FRED_BLS,Consumer Price Index for All Urban Consumers: All Items in U.S. City Average,https://fred.stlouisfed.org/series/CPIAUCSL,https://www.bls.gov/cpi/,2026-09-01T00:29:17.085390Z,100 * (CPI_t / CPI_t_minus_12_months - 1)
1991-03-01,us_inflation,us,USA,,United States inflation,4.82115086,percent_yoy,monthly,FRED_BLS,Consumer Price Index for All Urban Consumers: All Items in U.S. City Average,https://fred.stlouisfed.org/series/CPIAUCSL,https://www.bls.gov/cpi/,2026-09-01T00:29:17.085390Z,100 * (CPI_t / CPI_t_minus_12_months - 1)
1991-04-01,us_inflation,us,USA,,United States inflation,4.80993018,percent_yoy,monthly,FRED_BLS,Consumer Price Index for All Urban Consumers: All Items in U.S. City Average,https://fred.stlouisfed.org/series/CPIAUCSL,https://www.bls.gov/cpi/,2026-09-01T00:29:17.085390Z,100 * (CPI_t / CPI_t_minus_12_months - 1)
1991-05-01,us_inflation,us,USA,,United States inflation,5.0348567,percent_yoy,monthly,FRED_BLS,Consumer Price Index for All Urban Consumers: All Items in U.S. City Average,https://fred.stlouisfed.org/series/CPIAUCSL,https://www.bls.gov/cpi/,2026-09-01T00:29:17.085390Z,100 * (CPI_t / CPI_t_minus_12_months - 1)
1991-06-01,us_inflation,us,USA,,United States inflation,4.69591994,percent_yoy,monthly,FRED_BLS,Consumer Price Index for All Urban Consumers: All Items in U.S. City Average,https://fred.stlouisfed.org/series/CPIAUCSL,https://www.bls.gov/cpi/,2026-09-01T00:29:17.085390Z,100 * (CPI_t / CPI_t_minus_12_months - 1)
1991-07-01,us_inflation,us,USA,,United States inflation,4.36781609,percent_yoy,monthly,FRED_BLS,Consumer Price Index for All Urban Consumers: All Items in U.S. City Average,https://fred.stlouisfed.org/series/CPIAUCSL,https://www.bls.gov/cpi/,2026-09-01T00:29:17.085390Z,100 * (CPI_t / CPI_t_minus_12_months - 1)
1991-08-01,us_inflation,us,USA,,United States inflation,3.7993921,percent_yoy,monthly,FRED_BLS,Consumer Price Index for All Urban Consumers: All Items in U.S. City Average,https://fred.stlouisfed.org/series/CPIAUCSL,https://www.bls.gov/cpi/,2026-09-01T00:29:17.085390Z,100 * (CPI_t / CPI_t_minus_12_months - 1)
1991-09-01,us_inflation,us,USA,,United States inflation,3.39622642,percent_yoy,monthly,FRED_BLS,Consumer Price Index for All Urban Consumers: All Items in U.S. City Average,https://fred.stlouisfed.org/series/CPIAUCSL,https://www.bls.gov/cpi/,2026-09-01T00:29:17.085390Z,100 * (CPI_t / CPI_t_minus_12_months - 1)
1991-10-01,us_inflation,us,USA,,United States inflation,2.84857571,percent_yoy,monthly,FRED_BLS,Consumer Price Index for All Urban Consumers: All Items in U.S. City Average,https://fred.stlouisfed.org/series/CPIAUCSL,https://www.bls.gov/cpi/,2026-09-01T00:29:17.085390Z,100 * (CPI_t / CPI_t_minus_12_months - 1)
1991-11-01,us_inflation,us,USA,,United States inflation,3.06656694,percent_yoy,monthly,FRED_BLS,Consumer Price Index for All Urban Consumers: All Items in U.S. City Average,https://fred.stlouisfed.org/series/CPIAUCSL,https://www.bls.gov/cpi/,2026-09-01T00:29:17.085390Z,100 * (CPI_t / CPI_t_minus_12_months - 1)
1991-12-01,us_inflation,us,USA,,United States inflation,2.98062593,percent_yoy,monthly,FRED_BLS,Consumer Price Index for All Urban Consumers: All Items in U.S. City Average,https://fred.stlouisfed.org/series/CPIAUCSL,https://www.bls.gov/cpi/,2026-09-01T00:29:17.085390Z,100 * (CPI_t / CPI_t_minus_12_months - 1)
1992-01-01,us_inflation,us,USA,,United States inflation,2.67260579,percent_yoy,monthly,FRED_BLS,Consumer Price Index for All Urban Consumers: All Items in U.S. City Average,https://fred.stlouisfed.org/series/CPIAUCSL,https://www.bls.gov/cpi/,2026-09-01T00:29:17.085390Z,100 * (CPI_t / CPI_t_minus_12_months - 1)
1992-02-01,us_inflation,us,USA,,United States inflation,2.8189911,percent_yoy,monthly,FRED_BLS,Consumer Price Index for All Urban Consumers: All Items in U.S. City Average,https://fred.stlouisfed.org/series/CPIAUCSL,https://www.bls.gov/cpi/,2026-09-01T00:29:17.085390Z,100 * (CPI_t / CPI_t_minus_12_months - 1)
1992-03-01,us_inflation,us,USA,,United States inflation,3.18991098,percent_yoy,monthly,FRED_BLS,Consumer Price Index for All Urban Consumers: All Items in U.S. City Average,https://fred.stlouisfed.org/series/CPIAUCSL,https://www.bls.gov/cpi/,2026-09-01T00:29:17.085390Z,100 * (CPI_t / CPI_t_minus_12_months - 1)
1992-04-01,us_inflation,us,USA,,United States inflation,3.18282754,percent_yoy,monthly,FRED_BLS,Consumer Price Index for All Urban Consumers: All Items in U.S. City Average,https://fred.stlouisfed.org/series/CPIAUCSL,https://www.bls.gov/cpi/,2026-09-01T00:29:17.085390Z,100 * (CPI_t / CPI_t_minus_12_months - 1)
1992-05-01,us_inflation,us,USA,,United States inflation,3.02359882,percent_yoy,monthly,FRED_BLS,Consumer Price Index for All Urban Consumers: All Items in U.S. City Average,https://fred.stlouisfed.org/series/CPIAUCSL,https://www.bls.gov/cpi/,2026-09-01T00:29:17.085390Z,100 * (CPI_t / CPI_t_minus_12_months - 1)
1992-06-01,us_inflation,us,USA,,United States inflation,3.01470588,percent_yoy,monthly,FRED_BLS,Consumer Price Index for All Urban Consumers: All Items in U.S. City Average,https://fred.stlouisfed.org/series/CPIAUCSL,https://www.bls.gov/cpi/,2026-09-01T00:29:17.085390Z,100 * (CPI_t / CPI_t_minus_12_months - 1)
1992-07-01,us_inflation,us,USA,,United States inflation,3.15712188,percent_yoy,monthly,FRED_BLS,Consumer Price Index for All Urban Consumers: All Items in U.S. City Average,https://fred.stlouisfed.org/series/CPIAUCSL,https://www.bls.gov/cpi/,2026-09-01T00:29:17.085390Z,100 * (CPI_t / CPI_t_minus_12_months - 1)
1992-08-01,us_inflation,us,USA,,United States inflation,3.07467057,percent_yoy,monthly,FRED_BLS,Consumer Price Index for All Urban Consumers: All Items in U.S. City Average,https://fred.stlouisfed.org/series/CPIAUCSL,https://www.bls.gov/cpi/,2026-09-01T00:29:17.085390Z,100 * (CPI_t / CPI_t_minus_12_months - 1)
1992-09-01,us_inflation,us,USA,,United States inflation,2.99270073,percent_yoy,monthly,FRED_BLS,Consumer Price Index for All Urban Consumers: All Items in U.S. City Average,https://fred.stlouisfed.org/series/CPIAUCSL,https://www.bls.gov/cpi/,2026-09-01T00:29:17.085390Z,100 * (CPI_t / CPI_t_minus_12_months - 1)
1992-10-01,us_inflation,us,USA,,United States inflation,3.27988338,percent_yoy,monthly,FRED_BLS,Consumer Price Index for All Urban Consumers: All Items in U.S. City Average,https://fred.stlouisfed.org/series/CPIAUCSL,https://www.bls.gov/cpi/,2026-09-01T00:29:17.085390Z,100 * (CPI_t / CPI_t_minus_12_months - 1)
1992-11-01,us_inflation,us,USA,,United States inflation,3.12046444,percent_yoy,monthly,FRED_BLS,Consumer Price Index for All Urban Consumers: All Items in U.S. City Average,https://fred.stlouisfed.org/series/CPIAUCSL,https://www.bls.gov/cpi/,2026-09-01T00:29:17.085390Z,100 * (CPI_t / CPI_t_minus_12_months - 1)
1992-12-01,us_inflation,us,USA,,United States inflation,2.96671491,percent_yoy,monthly,FRED_BLS,Consumer Price Index for All Urban Consumers: All Items in U.S. City Average,https://fred.stlouisfed.org/series/CPIAUCSL,https://www.bls.gov/cpi/,2026-09-01T00:29:17.085390Z,100 * (CPI_t / CPI_t_minus_12_months - 1)
1993-01-01,us_inflation,us,USA,,United States inflation,3.2537961,percent_yoy,monthly,FRED_BLS,Consumer Price Index for All Urban Consumers: All Items in U.S. City Average,https://fred.stlouisfed.org/series/CPIAUCSL,https://www.bls.gov/cpi/,2026-09-01T00:29:17.085390Z,100 * (CPI_t / CPI_t_minus_12_months - 1)
1993-02-01,us_inflation,us,USA,,United States inflation,3.24675325,percent_yoy,monthly,FRED_BLS,Consumer Price Index for All Urban Consumers: All Items in U.S. City Average,https://fred.stlouisfed.org/series/CPIAUCSL,https://www.bls.gov/cpi/,2026-09-01T00:29:17.085390Z,100 * (CPI_t / CPI_t_minus_12_months - 1)
1993-03-01,us_inflation,us,USA,,United States inflation,3.0194105,percent_yoy,monthly,FRED_BLS,Consumer Price Index for All Urban Consumers: All Items in U.S. City Average,https://fred.stlouisfed.org/series/CPIAUCSL,https://www.bls.gov/cpi/,2026-09-01T00:29:17.085390Z,100 * (CPI_t / CPI_t_minus_12_months - 1)
1993-04-01,us_inflation,us,USA,,United States inflation,3.15638451,percent_yoy,monthly,FRED_BLS,Consumer Price Index for All Urban Consumers: All Items in U.S. City Average,https://fred.stlouisfed.org/series/CPIAUCSL,https://www.bls.gov/cpi/,2026-09-01T00:29:17.085390Z,100 * (CPI_t / CPI_t_minus_12_months - 1)
1993-05-01,us_inflation,us,USA,,United States inflation,3.22118826,percent_yoy,monthly,FRED_BLS,Consumer Price Index for All Urban Consumers: All Items in U.S. City Average,https://fred.stlouisfed.org/series/CPIAUCSL,https://www.bls.gov/cpi/,2026-09-01T00:29:17.085390Z,100 * (CPI_t / CPI_t_minus_12_months - 1)
1993-06-01,us_inflation,us,USA,,United States inflation,2.99785867,percent_yoy,monthly,FRED_BLS,Consumer Price Index for All Urban Consumers: All Items in U.S. City Average,https://fred.stlouisfed.org/series/CPIAUCSL,https://www.bls.gov/cpi/,2026-09-01T00:29:17.085390Z,100 * (CPI_t / CPI_t_minus_12_months - 1)
1993-07-01,us_inflation,us,USA,,United States inflation,2.84697509,percent_yoy,monthly,FRED_BLS,Consumer Price Index for All Urban Consumers: All Items in U.S. City Average,https://fred.stlouisfed.org/series/CPIAUCSL,https://www.bls.gov/cpi/,2026-09-01T00:29:17.085390Z,100 * (CPI_t / CPI_t_minus_12_months - 1)
1993-08-01,us_inflation,us,USA,,United States inflation,2.84090909,percent_yoy,monthly,FRED_BLS,Consumer Price Index for All Urban Consumers: All Items in U.S. City Average,https://fred.stlouisfed.org/series/CPIAUCSL,https://www.bls.gov/cpi/,2026-09-01T00:29:17.085390Z,100 * (CPI_t / CPI_t_minus_12_months - 1)
1993-09-01,us_inflation,us,USA,,United States inflation,2.76399717,percent_yoy,monthly,FRED_BLS,Consumer Price Index for All Urban Consumers: All Items in U.S. City Average,https://fred.stlouisfed.org/series/CPIAUCSL,https://www.bls.gov/cpi/,2026-09-01T00:29:17.085390Z,100 * (CPI_t / CPI_t_minus_12_months - 1)
1993-10-01,us_inflation,us,USA,,United States inflation,2.75229358,percent_yoy,monthly,FRED_BLS,Consumer Price Index for All Urban Consumers: All Items in U.S. City Average,https://fred.stlouisfed.org/series/CPIAUCSL,https://www.bls.gov/cpi/,2026-09-01T00:29:17.085390Z,100 * (CPI_t / CPI_t_minus_12_months - 1)
1993-11-01,us_inflation,us,USA,,United States inflation,2.74454609,percent_yoy,monthly,FRED_BLS,Consumer Price Index for All Urban Consumers: All Items in U.S. City Average,https://fred.stlouisfed.org/series/CPIAUCSL,https://www.bls.gov/cpi/,2026-09-01T00:29:17.085390Z,100 * (CPI_t / CPI_t_minus_12_months - 1)
1993-12-01,us_inflation,us,USA,,United States inflation,2.81096275,percent_yoy,monthly,FRED_BLS,Consumer Price Index for All Urban Consumers: All Items in U.S. City Average,https://fred.stlouisfed.org/series/CPIAUCSL,https://www.bls.gov/cpi/,2026-09-01T00:29:17.085390Z,100 * (CPI_t / CPI_t_minus_12_months - 1)
1994-01-01,us_inflation,us,USA,,United States inflation,2.45098039,percent_yoy,monthly,FRED_BLS,Consumer Price Index for All Urban Consumers: All Items in U.S. City Average,https://fred.stlouisfed.org/series/CPIAUCSL,https://www.bls.gov/cpi/,2026-09-01T00:29:17.085390Z,100 * (CPI_t / CPI_t_minus_12_months - 1)
1994-02-01,us_inflation,us,USA,,United States inflation,2.51572327,percent_yoy,monthly,FRED_BLS,Consumer Price Index for All Urban Consumers: All Items in U.S. City Average,https://fred.stlouisfed.org/series/CPIAUCSL,https://www.bls.gov/cpi/,2026-09-01T00:29:17.085390Z,100 * (CPI_t / CPI_t_minus_12_months - 1)
1994-03-01,us_inflation,us,USA,,United States inflation,2.65177948,percent_yoy,monthly,FRED_BLS,Consumer Price Index for All Urban Consumers: All Items in U.S. City Average,https://fred.stlouisfed.org/series/CPIAUCSL,https://www.bls.gov/cpi/,2026-09-01T00:29:17.085390Z,100 * (CPI_t / CPI_t_minus_12_months - 1)
1994-04-01,us_inflation,us,USA,,United States inflation,2.36439499,percent_yoy,monthly,FRED_BLS,Consumer Price Index for All Urban Consumers: All Items in U.S. City Average,https://fred.stlouisfed.org/series/CPIAUCSL,https://www.bls.gov/cpi/,2026-09-01T00:29:17.085390Z,100 * (CPI_t / CPI_t_minus_12_months - 1)
1994-05-01,us_inflation,us,USA,,United States inflation,2.28848821,percent_yoy,monthly,FRED_BLS,Consumer Price Index for All Urban Consumers: All Items in U.S. City Average,https://fred.stlouisfed.org/series/CPIAUCSL,https://www.bls.gov/cpi/,2026-09-01T00:29:17.085390Z,100 * (CPI_t / CPI_t_minus_12_months - 1)
1994-06-01,us_inflation,us,USA,,United States inflation,2.49480249,percent_yoy,monthly,FRED_BLS,Consumer Price Index for All Urban Consumers: All Items in U.S. City Average,https://fred.stlouisfed.org/series/CPIAUCSL,https://www.bls.gov/cpi/,2026-09-01T00:29:17.085390Z,100 * (CPI_t / CPI_t_minus_12_months - 1)
1994-07-01,us_inflation,us,USA,,United States inflation,2.69896194,percent_yoy,monthly,FRED_BLS,Consumer Price Index for All Urban Consumers: All Items in U.S. City Average,https://fred.stlouisfed.org/series/CPIAUCSL,https://www.bls.gov/cpi/,2026-09-01T00:29:17.085390Z,100 * (CPI_t / CPI_t_minus_12_months - 1)
1994-08-01,us_inflation,us,USA,,United States inflation,2.90055249,percent_yoy,monthly,FRED_BLS,Consumer Price Index for All Urban Consumers: All Items in U.S. City Average,https://fred.stlouisfed.org/series/CPIAUCSL,https://www.bls.gov/cpi/,2026-09-01T00:29:17.085390Z,100 * (CPI_t / CPI_t_minus_12_months - 1)
1994-09-01,us_inflation,us,USA,,United States inflation,2.96551724,percent_yoy,monthly,FRED_BLS,Consumer Price Index for All Urban Consumers: All Items in U.S. City Average,https://fred.stlouisfed.org/series/CPIAUCSL,https://www.bls.gov/cpi/,2026-09-01T00:29:17.085390Z,100 * (CPI_t / CPI_t_minus_12_months - 1)
1994-10-01,us_inflation,us,USA,,United States inflation,2.60989011,percent_yoy,monthly,FRED_BLS,Consumer Price Index for All Urban Consumers: All Items in U.S. City Average,https://fred.stlouisfed.org/series/CPIAUCSL,https://www.bls.gov/cpi/,2026-09-01T00:29:17.085390Z,100 * (CPI_t / CPI_t_minus_12_months - 1)
1994-11-01,us_inflation,us,USA,,United States inflation,2.60273973,percent_yoy,monthly,FRED_BLS,Consumer Price Index for All Urban Consumers: All Items in U.S. City Average,https://fred.stlouisfed.org/series/CPIAUCSL,https://www.bls.gov/cpi/,2026-09-01T00:29:17.085390Z,100 * (CPI_t / CPI_t_minus_12_months - 1)
1994-12-01,us_inflation,us,USA,,United States inflation,2.5974026,percent_yoy,monthly,FRED_BLS,Consumer Price Index for All Urban Consumers: All Items in U.S. City Average,https://fred.stlouisfed.org/series/CPIAUCSL,https://www.bls.gov/cpi/,2026-09-01T00:29:17.085390Z,100 * (CPI_t / CPI_t_minus_12_months - 1)
1995-01-01,us_inflation,us,USA,,United States inflation,2.8708134,percent_yoy,monthly,FRED_BLS,Consumer Price Index for All Urban Consumers: All Items in U.S. City Average,https://fred.stlouisfed.org/series/CPIAUCSL,https://www.bls.gov/cpi/,2026-09-01T00:29:17.085390Z,100 * (CPI_t / CPI_t_minus_12_months - 1)
1995-02-01,us_inflation,us,USA,,United States inflation,2.86298569,percent_yoy,monthly,FRED_BLS,Consumer Price Index for All Urban Consumers: All Items in U.S. City Average,https://fred.stlouisfed.org/series/CPIAUCSL,https://www.bls.gov/cpi/,2026-09-01T00:29:17.085390Z,100 * (CPI_t / CPI_t_minus_12_months - 1)
1995-03-01,us_inflation,us,USA,,United States inflation,2.78721958,percent_yoy,monthly,FRED_BLS,Consumer Price Index for All Urban Consumers: All Items in U.S. City Average,https://fred.stlouisfed.org/series/CPIAUCSL,https://www.bls.gov/cpi/,2026-09-01T00:29:17.085390Z,100 * (CPI_t / CPI_t_minus_12_months - 1)
1995-04-01,us_inflation,us,USA,,United States inflation,3.125,percent_yoy,monthly,FRED_BLS,Consumer Price Index for All Urban Consumers: All Items in U.S. City Average,https://fred.stlouisfed.org/series/CPIAUCSL,https://www.bls.gov/cpi/,2026-09-01T00:29:17.085390Z,100 * (CPI_t / CPI_t_minus_12_months - 1)
1995-05-01,us_inflation,us,USA,,United States inflation,3.11864407,percent_yoy,monthly,FRED_BLS,Consumer Price Index for All Urban Consumers: All Items in U.S. City Average,https://fred.stlouisfed.org/series/CPIAUCSL,https://www.bls.gov/cpi/,2026-09-01T00:29:17.085390Z,100 * (CPI_t / CPI_t_minus_12_months - 1)
1995-06-01,us_inflation,us,USA,,United States inflation,3.04259635,percent_yoy,monthly,FRED_BLS,Consumer Price Index for All Urban Consumers: All Items in U.S. City Average,https://fred.stlouisfed.org/series/CPIAUCSL,https://www.bls.gov/cpi/,2026-09-01T00:29:17.085390Z,100 * (CPI_t / CPI_t_minus_12_months - 1)
1995-07-01,us_inflation,us,USA,,United States inflation,2.83018868,percent_yoy,monthly,FRED_BLS,Consumer Price Index for All Urban Consumers: All Items in U.S. City Average,https://fred.stlouisfed.org/series/CPIAUCSL,https://www.bls.gov/cpi/,2026-09-01T00:29:17.085390Z,100 * (CPI_t / CPI_t_minus_12_months - 1)
1995-08-01,us_inflation,us,USA,,United States inflation,2.61744966,percent_yoy,monthly,FRED_BLS,Consumer Price Index for All Urban Consumers: All Items in U.S. City Average,https://fred.stlouisfed.org/series/CPIAUCSL,https://www.bls.gov/cpi/,2026-09-01T00:29:17.085390Z,100 * (CPI_t / CPI_t_minus_12_months - 1)
1995-09-01,us_inflation,us,USA,,United States inflation,2.54521098,percent_yoy,monthly,FRED_BLS,Consumer Price Index for All Urban Consumers: All Items in U.S. City Average,https://fred.stlouisfed.org/series/CPIAUCSL,https://www.bls.gov/cpi/,2026-09-01T00:29:17.085390Z,100 * (CPI_t / CPI_t_minus_12_months - 1)
1995-10-01,us_inflation,us,USA,,United States inflation,2.74431058,percent_yoy,monthly,FRED_BLS,Consumer Price Index for All Urban Consumers: All Items in U.S. City Average,https://fred.stlouisfed.org/series/CPIAUCSL,https://www.bls.gov/cpi/,2026-09-01T00:29:17.085390Z,100 * (CPI_t / CPI_t_minus_12_months - 1)
1995-11-01,us_inflation,us,USA,,United States inflation,2.6034713,percent_yoy,monthly,FRED_BLS,Consumer Price Index for All Urban Consumers: All Items in U.S. City Average,https://fred.stlouisfed.org/series/CPIAUCSL,https://www.bls.gov/cpi/,2026-09-01T00:29:17.085390Z,100 * (CPI_t / CPI_t_minus_12_months - 1)
1995-12-01,us_inflation,us,USA,,United States inflation,2.53164557,percent_yoy,monthly,FRED_BLS,Consumer Price Index for All Urban Consumers: All Items in U.S. City Average,https://fred.stlouisfed.org/series/CPIAUCSL,https://www.bls.gov/cpi/,2026-09-01T00:29:17.085390Z,100 * (CPI_t / CPI_t_minus_12_months - 1)
1996-01-01,us_inflation,us,USA,,United States inflation,2.79069767,percent_yoy,monthly,FRED_BLS,Consumer Price Index for All Urban Consumers: All Items in U.S. City Average,https://fred.stlouisfed.org/series/CPIAUCSL,https://www.bls.gov/cpi/,2026-09-01T00:29:17.085390Z,100 * (CPI_t / CPI_t_minus_12_months - 1)
1996-02-01,us_inflation,us,USA,,United States inflation,2.71703115,percent_yoy,monthly,FRED_BLS,Consumer Price Index for All Urban Consumers: All Items in U.S. City Average,https://fred.stlouisfed.org/series/CPIAUCSL,https://www.bls.gov/cpi/,2026-09-01T00:29:17.085390Z,100 * (CPI_t / CPI_t_minus_12_months - 1)
1996-03-01,us_inflation,us,USA,,United States inflation,2.84391534,percent_yoy,monthly,FRED_BLS,Consumer Price Index for All Urban Consumers: All Items in U.S. City Average,https://fred.stlouisfed.org/series/CPIAUCSL,https://www.bls.gov/cpi/,2026-09-01T00:29:17.085390Z,100 * (CPI_t / CPI_t_minus_12_months - 1)
1996-04-01,us_inflation,us,USA,,United States inflation,2.83267457,percent_yoy,monthly,FRED_BLS,Consumer Price Index for All Urban Consumers: All Items in U.S. City Average,https://fred.stlouisfed.org/series/CPIAUCSL,https://www.bls.gov/cpi/,2026-09-01T00:29:17.085390Z,100 * (CPI_t / CPI_t_minus_12_months - 1)
1996-05-01,us_inflation,us,USA,,United States inflation,2.82708744,percent_yoy,monthly,FRED_BLS,Consumer Price Index for All Urban Consumers: All Items in U.S. City Average,https://fred.stlouisfed.org/series/CPIAUCSL,https://www.bls.gov/cpi/,2026-09-01T00:29:17.085390Z,100 * (CPI_t / CPI_t_minus_12_months - 1)
1996-06-01,us_inflation,us,USA,,United States inflation,2.82152231,percent_yoy,monthly,FRED_BLS,Consumer Price Index for All Urban Consumers: All Items in U.S. City Average,https://fred.stlouisfed.org/series/CPIAUCSL,https://www.bls.gov/cpi/,2026-09-01T00:29:17.085390Z,100 * (CPI_t / CPI_t_minus_12_months - 1)
1996-07-01,us_inflation,us,USA,,United States inflation,2.88335518,percent_yoy,monthly,FRED_BLS,Consumer Price Index for All Urban Consumers: All Items in U.S. City Average,https://fred.stlouisfed.org/series/CPIAUCSL,https://www.bls.gov/cpi/,2026-09-01T00:29:17.085390Z,100 * (CPI_t / CPI_t_minus_12_months - 1)
1996-08-01,us_inflation,us,USA,,United States inflation,2.81229562,percent_yoy,monthly,FRED_BLS,Consumer Price Index for All Urban Consumers: All Items in U.S. City Average,https://fred.stlouisfed.org/series/CPIAUCSL,https://www.bls.gov/cpi/,2026-09-01T00:29:17.085390Z,100 * (CPI_t / CPI_t_minus_12_months - 1)
1996-09-01,us_inflation,us,USA,,United States inflation,3.00457218,percent_yoy,monthly,FRED_BLS,Consumer Price Index for All Urban Consumers: All Items in U.S. City Average,https://fred.stlouisfed.org/series/CPIAUCSL,https://www.bls.gov/cpi/,2026-09-01T00:29:17.085390Z,100 * (CPI_t / CPI_t_minus_12_months - 1)
1996-10-01,us_inflation,us,USA,,United States inflation,3.06188925,percent_yoy,monthly,FRED_BLS,Consumer Price Index for All Urban Consumers: All Items in U.S. City Average,https://fred.stlouisfed.org/series/CPIAUCSL,https://www.bls.gov/cpi/,2026-09-01T00:29:17.085390Z,100 * (CPI_t / CPI_t_minus_12_months - 1)
1996-11-01,us_inflation,us,USA,,United States inflation,3.25309044,percent_yoy,monthly,FRED_BLS,Consumer Price Index for All Urban Consumers: All Items in U.S. City Average,https://fred.stlouisfed.org/series/CPIAUCSL,https://www.bls.gov/cpi/,2026-09-01T00:29:17.085390Z,100 * (CPI_t / CPI_t_minus_12_months - 1)
1996-12-01,us_inflation,us,USA,,United States inflation,3.37881741,percent_yoy,monthly,FRED_BLS,Consumer Price Index for All Urban Consumers: All Items in U.S. City Average,https://fred.stlouisfed.org/series/CPIAUCSL,https://www.bls.gov/cpi/,2026-09-01T00:29:17.085390Z,100 * (CPI_t / CPI_t_minus_12_months - 1)
1997-01-01,us_inflation,us,USA,,United States inflation,3.03813833,percent_yoy,monthly,FRED_BLS,Consumer Price Index for All Urban Consumers: All Items in U.S. City Average,https://fred.stlouisfed.org/series/CPIAUCSL,https://www.bls.gov/cpi/,2026-09-01T00:29:17.085390Z,100 * (CPI_t / CPI_t_minus_12_months - 1)
1997-02-01,us_inflation,us,USA,,United States inflation,3.03225806,percent_yoy,monthly,FRED_BLS,Consumer Price Index for All Urban Consumers: All Items in U.S. City Average,https://fred.stlouisfed.org/series/CPIAUCSL,https://www.bls.gov/cpi/,2026-09-01T00:29:17.085390Z,100 * (CPI_t / CPI_t_minus_12_months - 1)
1997-03-01,us_inflation,us,USA,,United States inflation,2.76527331,percent_yoy,monthly,FRED_BLS,Consumer Price Index for All Urban Consumers: All Items in U.S. City Average,https://fred.stlouisfed.org/series/CPIAUCSL,https://www.bls.gov/cpi/,2026-09-01T00:29:17.085390Z,100 * (CPI_t / CPI_t_minus_12_months - 1)
1997-04-01,us_inflation,us,USA,,United States inflation,2.43433696,percent_yoy,monthly,FRED_BLS,Consumer Price Index for All Urban Consumers: All Items in U.S. City Average,https://fred.stlouisfed.org/series/CPIAUCSL,https://www.bls.gov/cpi/,2026-09-01T00:29:17.085390Z,100 * (CPI_t / CPI_t_minus_12_months - 1)
1997-05-01,us_inflation,us,USA,,United States inflation,2.23785166,percent_yoy,monthly,FRED_BLS,Consumer Price Index for All Urban Consumers: All Items in U.S. City Average,https://fred.stlouisfed.org/series/CPIAUCSL,https://www.bls.gov/cpi/,2026-09-01T00:29:17.085390Z,100 * (CPI_t / CPI_t_minus_12_months - 1)
1997-06-01,us_inflation,us,USA,,United States inflation,2.23356733,percent_yoy,monthly,FRED_BLS,Consumer Price Index for All Urban Consumers: All Items in U.S. City Average,https://fred.stlouisfed.org/series/CPIAUCSL,https://www.bls.gov/cpi/,2026-09-01T00:29:17.085390Z,100 * (CPI_t / CPI_t_minus_12_months - 1)
1997-07-01,us_inflation,us,USA,,United States inflation,2.1656051,percent_yoy,monthly,FRED_BLS,Consumer Price Index for All Urban Consumers: All Items in U.S. City Average,https://fred.stlouisfed.org/series/CPIAUCSL,https://www.bls.gov/cpi/,2026-09-01T00:29:17.085390Z,100 * (CPI_t / CPI_t_minus_12_months - 1)
1997-08-01,us_inflation,us,USA,,United States inflation,2.29007634,percent_yoy,monthly,FRED_BLS,Consumer Price Index for All Urban Consumers: All Items in U.S. City Average,https://fred.stlouisfed.org/series/CPIAUCSL,https://www.bls.gov/cpi/,2026-09-01T00:29:17.085390Z,100 * (CPI_t / CPI_t_minus_12_months - 1)
1997-09-01,us_inflation,us,USA,,United States inflation,2.21940393,percent_yoy,monthly,FRED_BLS,Consumer Price Index for All Urban Consumers: All Items in U.S. City Average,https://fred.stlouisfed.org/series/CPIAUCSL,https://www.bls.gov/cpi/,2026-09-01T00:29:17.085390Z,100 * (CPI_t / CPI_t_minus_12_months - 1)
1997-10-01,us_inflation,us,USA,,United States inflation,2.08596713,percent_yoy,monthly,FRED_BLS,Consumer Price Index for All Urban Consumers: All Items in U.S. City Average,https://fred.stlouisfed.org/series/CPIAUCSL,https://www.bls.gov/cpi/,2026-09-01T00:29:17.085390Z,100 * (CPI_t / CPI_t_minus_12_months - 1)
1997-11-01,us_inflation,us,USA,,United States inflation,1.89035917,percent_yoy,monthly,FRED_BLS,Consumer Price Index for All Urban Consumers: All Items in U.S. City Average,https://fred.stlouisfed.org/series/CPIAUCSL,https://www.bls.gov/cpi/,2026-09-01T00:29:17.085390Z,100 * (CPI_t / CPI_t_minus_12_months - 1)
1997-12-01,us_inflation,us,USA,,United States inflation,1.69704588,percent_yoy,monthly,FRED_BLS,Consumer Price Index for All Urban Consumers: All Items in U.S. City Average,https://fred.stlouisfed.org/series/CPIAUCSL,https://www.bls.gov/cpi/,2026-09-01T00:29:17.085390Z,100 * (CPI_t / CPI_t_minus_12_months - 1)
1998-01-01,us_inflation,us,USA,,United States inflation,1.63111669,percent_yoy,monthly,FRED_BLS,Consumer Price Index for All Urban Consumers: All Items in U.S. City Average,https://fred.stlouisfed.org/series/CPIAUCSL,https://www.bls.gov/cpi/,2026-09-01T00:29:17.085390Z,100 * (CPI_t / CPI_t_minus_12_months - 1)
1998-02-01,us_inflation,us,USA,,United States inflation,1.44020038,percent_yoy,monthly,FRED_BLS,Consumer Price Index for All Urban Consumers: All Items in U.S. City Average,https://fred.stlouisfed.org/series/CPIAUCSL,https://www.bls.gov/cpi/,2026-09-01T00:29:17.085390Z,100 * (CPI_t / CPI_t_minus_12_months - 1)
1998-03-01,us_inflation,us,USA,,United States inflation,1.3767209,percent_yoy,monthly,FRED_BLS,Consumer Price Index for All Urban Consumers: All Items in U.S. City Average,https://fred.stlouisfed.org/series/CPIAUCSL,https://www.bls.gov/cpi/,2026-09-01T00:29:17.085390Z,100 * (CPI_t / CPI_t_minus_12_months - 1)
1998-04-01,us_inflation,us,USA,,United States inflation,1.438399,percent_yoy,monthly,FRED_BLS,Consumer Price Index for All Urban Consumers: All Items in U.S. City Average,https://fred.stlouisfed.org/series/CPIAUCSL,https://www.bls.gov/cpi/,2026-09-01T00:29:17.085390Z,100 * (CPI_t / CPI_t_minus_12_months - 1)
1998-05-01,us_inflation,us,USA,,United States inflation,1.68855535,percent_yoy,monthly,FRED_BLS,Consumer Price Index for All Urban Consumers: All Items in U.S. City Average,https://fred.stlouisfed.org/series/CPIAUCSL,https://www.bls.gov/cpi/,2026-09-01T00:29:17.085390Z,100 * (CPI_t / CPI_t_minus_12_months - 1)
1998-06-01,us_inflation,us,USA,,United States inflation,1.62297129,percent_yoy,monthly,FRED_BLS,Consumer Price Index for All Urban Consumers: All Items in U.S. City Average,https://fred.stlouisfed.org/series/CPIAUCSL,https://www.bls.gov/cpi/,2026-09-01T00:29:17.085390Z,100 * (CPI_t / CPI_t_minus_12_months - 1)
1998-07-01,us_inflation,us,USA,,United States inflation,1.74563591,percent_yoy,monthly,FRED_BLS,Consumer Price Index for All Urban Consumers: All Items in U.S. City Average,https://fred.stlouisfed.org/series/CPIAUCSL,https://www.bls.gov/cpi/,2026-09-01T00:29:17.085390Z,100 * (CPI_t / CPI_t_minus_12_months - 1)
1998-08-01,us_inflation,us,USA,,United States inflation,1.61691542,percent_yoy,monthly,FRED_BLS,Consumer Price Index for All Urban Consumers: All Items in U.S. City Average,https://fred.stlouisfed.org/series/CPIAUCSL,https://www.bls.gov/cpi/,2026-09-01T00:29:17.085390Z,100 * (CPI_t / CPI_t_minus_12_months - 1)
1998-09-01,us_inflation,us,USA,,United States inflation,1.42679901,percent_yoy,monthly,FRED_BLS,Consumer Price Index for All Urban Consumers: All Items in U.S. City Average,https://fred.stlouisfed.org/series/CPIAUCSL,https://www.bls.gov/cpi/,2026-09-01T00:29:17.085390Z,100 * (CPI_t / CPI_t_minus_12_months - 1)
1998-10-01,us_inflation,us,USA,,United States inflation,1.48606811,percent_yoy,monthly,FRED_BLS,Consumer Price Index for All Urban Consumers: All Items in U.S. City Average,https://fred.stlouisfed.org/series/CPIAUCSL,https://www.bls.gov/cpi/,2026-09-01T00:29:17.085390Z,100 * (CPI_t / CPI_t_minus_12_months - 1)
1998-11-01,us_inflation,us,USA,,United States inflation,1.48423006,percent_yoy,monthly,FRED_BLS,Consumer Price Index for All Urban Consumers: All Items in U.S. City Average,https://fred.stlouisfed.org/series/CPIAUCSL,https://www.bls.gov/cpi/,2026-09-01T00:29:17.085390Z,100 * (CPI_t / CPI_t_minus_12_months - 1)
1998-12-01,us_inflation,us,USA,,United States inflation,1.60692213,percent_yoy,monthly,FRED_BLS,Consumer Price Index for All Urban Consumers: All Items in U.S. City Average,https://fred.stlouisfed.org/series/CPIAUCSL,https://www.bls.gov/cpi/,2026-09-01T00:29:17.085390Z,100 * (CPI_t / CPI_t_minus_12_months - 1)
1999-01-01,us_inflation,us,USA,,United States inflation,1.66666667,percent_yoy,monthly,FRED_BLS,Consumer Price Index for All Urban Consumers: All Items in U.S. City Average,https://fred.stlouisfed.org/series/CPIAUCSL,https://www.bls.gov/cpi/,2026-09-01T00:29:17.085390Z,100 * (CPI_t / CPI_t_minus_12_months - 1)
1999-02-01,us_inflation,us,USA,,United States inflation,1.66666667,percent_yoy,monthly,FRED_BLS,Consumer Price Index for All Urban Consumers: All Items in U.S. City Average,https://fred.stlouisfed.org/series/CPIAUCSL,https://www.bls.gov/cpi/,2026-09-01T00:29:17.085390Z,100 * (CPI_t / CPI_t_minus_12_months - 1)
1999-03-01,us_inflation,us,USA,,United States inflation,1.72839506,percent_yoy,monthly,FRED_BLS,Consumer Price Index for All Urban Consumers: All Items in U.S. City Average,https://fred.stlouisfed.org/series/CPIAUCSL,https://www.bls.gov/cpi/,2026-09-01T00:29:17.085390Z,100 * (CPI_t / CPI_t_minus_12_months - 1)
1999-04-01,us_inflation,us,USA,,United States inflation,2.2811344,percent_yoy,monthly,FRED_BLS,Consumer Price Index for All Urban Consumers: All Items in U.S. City Average,https://fred.stlouisfed.org/series/CPIAUCSL,https://www.bls.gov/cpi/,2026-09-01T00:29:17.085390Z,100 * (CPI_t / CPI_t_minus_12_months - 1)
1999-05-01,us_inflation,us,USA,,United States inflation,2.09102091,percent_yoy,monthly,FRED_BLS,Consumer Price Index for All Urban Consumers: All Items in U.S. City Average,https://fred.stlouisfed.org/series/CPIAUCSL,https://www.bls.gov/cpi/,2026-09-01T00:29:17.085390Z,100 * (CPI_t / CPI_t_minus_12_months - 1)
1999-06-01,us_inflation,us,USA,,United States inflation,1.96560197,percent_yoy,monthly,FRED_BLS,Consumer Price Index for All Urban Consumers: All Items in U.S. City Average,https://fred.stlouisfed.org/series/CPIAUCSL,https://www.bls.gov/cpi/,2026-09-01T00:29:17.085390Z,100 * (CPI_t / CPI_t_minus_12_months - 1)
1999-07-01,us_inflation,us,USA,,United States inflation,2.14460784,percent_yoy,monthly,FRED_BLS,Consumer Price Index for All Urban Consumers: All Items in U.S. City Average,https://fred.stlouisfed.org/series/CPIAUCSL,https://www.bls.gov/cpi/,2026-09-01T00:29:17.085390Z,100 * (CPI_t / CPI_t_minus_12_months - 1)
1999-08-01,us_inflation,us,USA,,United States inflation,2.26438188,percent_yoy,monthly,FRED_BLS,Consumer Price Index for All Urban Consumers: All Items in U.S. City Average,https://fred.stlouisfed.org/series/CPIAUCSL,https://www.bls.gov/cpi/,2026-09-01T00:29:17.085390Z,100 * (CPI_t / CPI_t_minus_12_months - 1)
1999-09-01,us_inflation,us,USA,,United States inflation,2.62996942,percent_yoy,monthly,FRED_BLS,Consumer Price Index for All Urban Consumers: All Items in U.S. City Average,https://fred.stlouisfed.org/series/CPIAUCSL,https://www.bls.gov/cpi/,2026-09-01T00:29:17.085390Z,100 * (CPI_t / CPI_t_minus_12_months - 1)
1999-10-01,us_inflation,us,USA,,United States inflation,2.56253813,percent_yoy,monthly,FRED_BLS,Consumer Price Index for All Urban Consumers: All Items in U.S. City Average,https://fred.stlouisfed.org/series/CPIAUCSL,https://www.bls.gov/cpi/,2026-09-01T00:29:17.085390Z,100 * (CPI_t / CPI_t_minus_12_months - 1)
1999-11-01,us_inflation,us,USA,,United States inflation,2.62035344,percent_yoy,monthly,FRED_BLS,Consumer Price Index for All Urban Consumers: All Items in U.S. City Average,https://fred.stlouisfed.org/series/CPIAUCSL,https://www.bls.gov/cpi/,2026-09-01T00:29:17.085390Z,100 * (CPI_t / CPI_t_minus_12_months - 1)
1999-12-01,us_inflation,us,USA,,United States inflation,2.67639903,percent_yoy,monthly,FRED_BLS,Consumer Price Index for All Urban Consumers: All Items in U.S. City Average,https://fred.stlouisfed.org/series/CPIAUCSL,https://www.bls.gov/cpi/,2026-09-01T00:29:17.085390Z,100 * (CPI_t / CPI_t_minus_12_months - 1)
2000-01-01,us_inflation,us,USA,,United States inflation,2.79295689,percent_yoy,monthly,FRED_BLS,Consumer Price Index for All Urban Consumers: All Items in U.S. City Average,https://fred.stlouisfed.org/series/CPIAUCSL,https://www.bls.gov/cpi/,2026-09-01T00:29:17.085390Z,100 * (CPI_t / CPI_t_minus_12_months - 1)
2000-02-01,us_inflation,us,USA,,United States inflation,3.21797207,percent_yoy,monthly,FRED_BLS,Consumer Price Index for All Urban Consumers: All Items in U.S. City Average,https://fred.stlouisfed.org/series/CPIAUCSL,https://www.bls.gov/cpi/,2026-09-01T00:29:17.085390Z,100 * (CPI_t / CPI_t_minus_12_months - 1)
2000-03-01,us_inflation,us,USA,,United States inflation,3.76213592,percent_yoy,monthly,FRED_BLS,Consumer Price Index for All Urban Consumers: All Items in U.S. City Average,https://fred.stlouisfed.org/series/CPIAUCSL,https://www.bls.gov/cpi/,2026-09-01T00:29:17.085390Z,100 * (CPI_t / CPI_t_minus_12_months - 1)
2000-04-01,us_inflation,us,USA,,United States inflation,3.01386377,percent_yoy,monthly,FRED_BLS,Consumer Price Index for All Urban Consumers: All Items in U.S. City Average,https://fred.stlouisfed.org/series/CPIAUCSL,https://www.bls.gov/cpi/,2026-09-01T00:29:17.085390Z,100 * (CPI_t / CPI_t_minus_12_months - 1)
2000-05-01,us_inflation,us,USA,,United States inflation,3.13253012,percent_yoy,monthly,FRED_BLS,Consumer Price Index for All Urban Consumers: All Items in U.S. City Average,https://fred.stlouisfed.org/series/CPIAUCSL,https://www.bls.gov/cpi/,2026-09-01T00:29:17.085390Z,100 * (CPI_t / CPI_t_minus_12_months - 1)
2000-06-01,us_inflation,us,USA,,United States inflation,3.73493976,percent_yoy,monthly,FRED_BLS,Consumer Price Index for All Urban Consumers: All Items in U.S. City Average,https://fred.stlouisfed.org/series/CPIAUCSL,https://www.bls.gov/cpi/,2026-09-01T00:29:17.085390Z,100 * (CPI_t / CPI_t_minus_12_months - 1)
2000-07-01,us_inflation,us,USA,,United States inflation,3.59928014,percent_yoy,monthly,FRED_BLS,Consumer Price Index for All Urban Consumers: All Items in U.S. City Average,https://fred.stlouisfed.org/series/CPIAUCSL,https://www.bls.gov/cpi/,2026-09-01T00:29:17.085390Z,100 * (CPI_t / CPI_t_minus_12_months - 1)
2000-08-01,us_inflation,us,USA,,United States inflation,3.35128665,percent_yoy,monthly,FRED_BLS,Consumer Price Index for All Urban Consumers: All Items in U.S. City Average,https://fred.stlouisfed.org/series/CPIAUCSL,https://www.bls.gov/cpi/,2026-09-01T00:29:17.085390Z,100 * (CPI_t / CPI_t_minus_12_months - 1)
2000-09-01,us_inflation,us,USA,,United States inflation,3.45649583,percent_yoy,monthly,FRED_BLS,Consumer Price Index for All Urban Consumers: All Items in U.S. City Average,https://fred.stlouisfed.org/series/CPIAUCSL,https://www.bls.gov/cpi/,2026-09-01T00:29:17.085390Z,100 * (CPI_t / CPI_t_minus_12_months - 1)
2000-10-01,us_inflation,us,USA,,United States inflation,3.45032719,percent_yoy,monthly,FRED_BLS,Consumer Price Index for All Urban Consumers: All Items in U.S. City Average,https://fred.stlouisfed.org/series/CPIAUCSL,https://www.bls.gov/cpi/,2026-09-01T00:29:17.085390Z,100 * (CPI_t / CPI_t_minus_12_months - 1)
2000-11-01,us_inflation,us,USA,,United States inflation,3.44418052,percent_yoy,monthly,FRED_BLS,Consumer Price Index for All Urban Consumers: All Items in U.S. City Average,https://fred.stlouisfed.org/series/CPIAUCSL,https://www.bls.gov/cpi/,2026-09-01T00:29:17.085390Z,100 * (CPI_t / CPI_t_minus_12_months - 1)
2000-12-01,us_inflation,us,USA,,United States inflation,3.43601896,percent_yoy,monthly,FRED_BLS,Consumer Price Index for All Urban Consumers: All Items in U.S. City Average,https://fred.stlouisfed.org/series/CPIAUCSL,https://www.bls.gov/cpi/,2026-09-01T00:29:17.085390Z,100 * (CPI_t / CPI_t_minus_12_months - 1)
2001-01-01,us_inflation,us,USA,,United States inflation,3.72120496,percent_yoy,monthly,FRED_BLS,Consumer Price Index for All Urban Consumers: All Items in U.S. City Average,https://fred.stlouisfed.org/series/CPIAUCSL,https://www.bls.gov/cpi/,2026-09-01T00:29:17.085390Z,100 * (CPI_t / CPI_t_minus_12_months - 1)
2001-02-01,us_inflation,us,USA,,United States inflation,3.52941176,percent_yoy,monthly,FRED_BLS,Consumer Price Index for All Urban Consumers: All Items in U.S. City Average,https://fred.stlouisfed.org/series/CPIAUCSL,https://www.bls.gov/cpi/,2026-09-01T00:29:17.085390Z,100 * (CPI_t / CPI_t_minus_12_months - 1)
2001-03-01,us_inflation,us,USA,,United States inflation,2.98245614,percent_yoy,monthly,FRED_BLS,Consumer Price Index for All Urban Consumers: All Items in U.S. City Average,https://fred.stlouisfed.org/series/CPIAUCSL,https://www.bls.gov/cpi/,2026-09-01T00:29:17.085390Z,100 * (CPI_t / CPI_t_minus_12_months - 1)
2001-04-01,us_inflation,us,USA,,United States inflation,3.21825629,percent_yoy,monthly,FRED_BLS,Consumer Price Index for All Urban Consumers: All Items in U.S. City Average,https://fred.stlouisfed.org/series/CPIAUCSL,https://www.bls.gov/cpi/,2026-09-01T00:29:17.085390Z,100 * (CPI_t / CPI_t_minus_12_months - 1)
2001-05-01,us_inflation,us,USA,,United States inflation,3.56308411,percent_yoy,monthly,FRED_BLS,Consumer Price Index for All Urban Consumers: All Items in U.S. City Average,https://fred.stlouisfed.org/series/CPIAUCSL,https://www.bls.gov/cpi/,2026-09-01T00:29:17.085390Z,100 * (CPI_t / CPI_t_minus_12_months - 1)
2001-06-01,us_inflation,us,USA,,United States inflation,3.19396051,percent_yoy,monthly,FRED_BLS,Consumer Price Index for All Urban Consumers: All Items in U.S. City Average,https://fred.stlouisfed.org/series/CPIAUCSL,https://www.bls.gov/cpi/,2026-09-01T00:29:17.085390Z,100 * (CPI_t / CPI_t_minus_12_months - 1)
2001-07-01,us_inflation,us,USA,,United States inflation,2.72148234,percent_yoy,monthly,FRED_BLS,Consumer Price Index for All Urban Consumers: All Items in U.S. City Average,https://fred.stlouisfed.org/series/CPIAUCSL,https://www.bls.gov/cpi/,2026-09-01T00:29:17.085390Z,100 * (CPI_t / CPI_t_minus_12_months - 1)
2001-08-01,us_inflation,us,USA,,United States inflation,2.72148234,percent_yoy,monthly,FRED_BLS,Consumer Price Index for All Urban Consumers: All Items in U.S. City Average,https://fred.stlouisfed.org/series/CPIAUCSL,https://www.bls.gov/cpi/,2026-09-01T00:29:17.085390Z,100 * (CPI_t / CPI_t_minus_12_months - 1)
2001-09-01,us_inflation,us,USA,,United States inflation,2.5921659,percent_yoy,monthly,FRED_BLS,Consumer Price Index for All Urban Consumers: All Items in U.S. City Average,https://fred.stlouisfed.org/series/CPIAUCSL,https://www.bls.gov/cpi/,2026-09-01T00:29:17.085390Z,100 * (CPI_t / CPI_t_minus_12_months - 1)
2001-10-01,us_inflation,us,USA,,United States inflation,2.12765957,percent_yoy,monthly,FRED_BLS,Consumer Price Index for All Urban Consumers: All Items in U.S. City Average,https://fred.stlouisfed.org/series/CPIAUCSL,https://www.bls.gov/cpi/,2026-09-01T00:29:17.085390Z,100 * (CPI_t / CPI_t_minus_12_months - 1)
2001-11-01,us_inflation,us,USA,,United States inflation,1.89437428,percent_yoy,monthly,FRED_BLS,Consumer Price Index for All Urban Consumers: All Items in U.S. City Average,https://fred.stlouisfed.org/series/CPIAUCSL,https://www.bls.gov/cpi/,2026-09-01T00:29:17.085390Z,100 * (CPI_t / CPI_t_minus_12_months - 1)
2001-12-01,us_inflation,us,USA,,United States inflation,1.60366552,percent_yoy,monthly,FRED_BLS,Consumer Price Index for All Urban Consumers: All Items in U.S. City Average,https://fred.stlouisfed.org/series/CPIAUCSL,https://www.bls.gov/cpi/,2026-09-01T00:29:17.085390Z,100 * (CPI_t / CPI_t_minus_12_months - 1)
2002-01-01,us_inflation,us,USA,,United States inflation,1.19589977,percent_yoy,monthly,FRED_BLS,Consumer Price Index for All Urban Consumers: All Items in U.S. City Average,https://fred.stlouisfed.org/series/CPIAUCSL,https://www.bls.gov/cpi/,2026-09-01T00:29:17.085390Z,100 * (CPI_t / CPI_t_minus_12_months - 1)
2002-02-01,us_inflation,us,USA,,United States inflation,1.13636364,percent_yoy,monthly,FRED_BLS,Consumer Price Index for All Urban Consumers: All Items in U.S. City Average,https://fred.stlouisfed.org/series/CPIAUCSL,https://www.bls.gov/cpi/,2026-09-01T00:29:17.085390Z,100 * (CPI_t / CPI_t_minus_12_months - 1)
2002-03-01,us_inflation,us,USA,,United States inflation,1.36286201,percent_yoy,monthly,FRED_BLS,Consumer Price Index for All Urban Consumers: All Items in U.S. City Average,https://fred.stlouisfed.org/series/CPIAUCSL,https://www.bls.gov/cpi/,2026-09-01T00:29:17.085390Z,100 * (CPI_t / CPI_t_minus_12_months - 1)
2002-04-01,us_inflation,us,USA,,United States inflation,1.64399093,percent_yoy,monthly,FRED_BLS,Consumer Price Index for All Urban Consumers: All Items in U.S. City Average,https://fred.stlouisfed.org/series/CPIAUCSL,https://www.bls.gov/cpi/,2026-09-01T00:29:17.085390Z,100 * (CPI_t / CPI_t_minus_12_months - 1)
2002-05-01,us_inflation,us,USA,,United States inflation,1.24083474,percent_yoy,monthly,FRED_BLS,Consumer Price Index for All Urban Consumers: All Items in U.S. City Average,https://fred.stlouisfed.org/series/CPIAUCSL,https://www.bls.gov/cpi/,2026-09-01T00:29:17.085390Z,100 * (CPI_t / CPI_t_minus_12_months - 1)
2002-06-01,us_inflation,us,USA,,United States inflation,1.06921778,percent_yoy,monthly,FRED_BLS,Consumer Price Index for All Urban Consumers: All Items in U.S. City Average,https://fred.stlouisfed.org/series/CPIAUCSL,https://www.bls.gov/cpi/,2026-09-01T00:29:17.085390Z,100 * (CPI_t / CPI_t_minus_12_months - 1)
2002-07-01,us_inflation,us,USA,,United States inflation,1.46561443,percent_yoy,monthly,FRED_BLS,Consumer Price Index for All Urban Consumers: All Items in U.S. City Average,https://fred.stlouisfed.org/series/CPIAUCSL,https://www.bls.gov/cpi/,2026-09-01T00:29:17.085390Z,100 * (CPI_t / CPI_t_minus_12_months - 1)
2002-08-01,us_inflation,us,USA,,United States inflation,1.74746336,percent_yoy,monthly,FRED_BLS,Consumer Price Index for All Urban Consumers: All Items in U.S. City Average,https://fred.stlouisfed.org/series/CPIAUCSL,https://www.bls.gov/cpi/,2026-09-01T00:29:17.085390Z,100 * (CPI_t / CPI_t_minus_12_months - 1)
2002-09-01,us_inflation,us,USA,,United States inflation,1.51600225,percent_yoy,monthly,FRED_BLS,Consumer Price Index for All Urban Consumers: All Items in U.S. City Average,https://fred.stlouisfed.org/series/CPIAUCSL,https://www.bls.gov/cpi/,2026-09-01T00:29:17.085390Z,100 * (CPI_t / CPI_t_minus_12_months - 1)
2002-10-01,us_inflation,us,USA,,United States inflation,2.02702703,percent_yoy,monthly,FRED_BLS,Consumer Price Index for All Urban Consumers: All Items in U.S. City Average,https://fred.stlouisfed.org/series/CPIAUCSL,https://www.bls.gov/cpi/,2026-09-01T00:29:17.085390Z,100 * (CPI_t / CPI_t_minus_12_months - 1)
2002-11-01,us_inflation,us,USA,,United States inflation,2.25352113,percent_yoy,monthly,FRED_BLS,Consumer Price Index for All Urban Consumers: All Items in U.S. City Average,https://fred.stlouisfed.org/series/CPIAUCSL,https://www.bls.gov/cpi/,2026-09-01T00:29:17.085390Z,100 * (CPI_t / CPI_t_minus_12_months - 1)
2002-12-01,us_inflation,us,USA,,United States inflation,2.48027057,percent_yoy,monthly,FRED_BLS,Consumer Price Index for All Urban Consumers: All Items in U.S. City Average,https://fred.stlouisfed.org/series/CPIAUCSL,https://www.bls.gov/cpi/,2026-09-01T00:29:17.085390Z,100 * (CPI_t / CPI_t_minus_12_months - 1)
2003-01-01,us_inflation,us,USA,,United States inflation,2.75745639,percent_yoy,monthly,FRED_BLS,Consumer Price Index for All Urban Consumers: All Items in U.S. City Average,https://fred.stlouisfed.org/series/CPIAUCSL,https://www.bls.gov/cpi/,2026-09-01T00:29:17.085390Z,100 * (CPI_t / CPI_t_minus_12_months - 1)
2003-02-01,us_inflation,us,USA,,United States inflation,3.14606742,percent_yoy,monthly,FRED_BLS,Consumer Price Index for All Urban Consumers: All Items in U.S. City Average,https://fred.stlouisfed.org/series/CPIAUCSL,https://www.bls.gov/cpi/,2026-09-01T00:29:17.085390Z,100 * (CPI_t / CPI_t_minus_12_months - 1)
2003-03-01,us_inflation,us,USA,,United States inflation,3.02521008,percent_yoy,monthly,FRED_BLS,Consumer Price Index for All Urban Consumers: All Items in U.S. City Average,https://fred.stlouisfed.org/series/CPIAUCSL,https://www.bls.gov/cpi/,2026-09-01T00:29:17.085390Z,100 * (CPI_t / CPI_t_minus_12_months - 1)
2003-04-01,us_inflation,us,USA,,United States inflation,2.17512549,percent_yoy,monthly,FRED_BLS,Consumer Price Index for All Urban Consumers: All Items in U.S. City Average,https://fred.stlouisfed.org/series/CPIAUCSL,https://www.bls.gov/cpi/,2026-09-01T00:29:17.085390Z,100 * (CPI_t / CPI_t_minus_12_months - 1)
2003-05-01,us_inflation,us,USA,,United States inflation,1.89415042,percent_yoy,monthly,FRED_BLS,Consumer Price Index for All Urban Consumers: All Items in U.S. City Average,https://fred.stlouisfed.org/series/CPIAUCSL,https://www.bls.gov/cpi/,2026-09-01T00:29:17.085390Z,100 * (CPI_t / CPI_t_minus_12_months - 1)
2003-06-01,us_inflation,us,USA,,United States inflation,1.94877506,percent_yoy,monthly,FRED_BLS,Consumer Price Index for All Urban Consumers: All Items in U.S. City Average,https://fred.stlouisfed.org/series/CPIAUCSL,https://www.bls.gov/cpi/,2026-09-01T00:29:17.085390Z,100 * (CPI_t / CPI_t_minus_12_months - 1)
2003-07-01,us_inflation,us,USA,,United States inflation,2.05555556,percent_yoy,monthly,FRED_BLS,Consumer Price Index for All Urban Consumers: All Items in U.S. City Average,https://fred.stlouisfed.org/series/CPIAUCSL,https://www.bls.gov/cpi/,2026-09-01T00:29:17.085390Z,100 * (CPI_t / CPI_t_minus_12_months - 1)
2003-08-01,us_inflation,us,USA,,United States inflation,2.21606648,percent_yoy,monthly,FRED_BLS,Consumer Price Index for All Urban Consumers: All Items in U.S. City Average,https://fred.stlouisfed.org/series/CPIAUCSL,https://www.bls.gov/cpi/,2026-09-01T00:29:17.085390Z,100 * (CPI_t / CPI_t_minus_12_months - 1)
2003-09-01,us_inflation,us,USA,,United States inflation,2.37831858,percent_yoy,monthly,FRED_BLS,Consumer Price Index for All Urban Consumers: All Items in U.S. City Average,https://fred.stlouisfed.org/series/CPIAUCSL,https://www.bls.gov/cpi/,2026-09-01T00:29:17.085390Z,100 * (CPI_t / CPI_t_minus_12_months - 1)
2003-10-01,us_inflation,us,USA,,United States inflation,2.0419426,percent_yoy,monthly,FRED_BLS,Consumer Price Index for All Urban Consumers: All Items in U.S. City Average,https://fred.stlouisfed.org/series/CPIAUCSL,https://www.bls.gov/cpi/,2026-09-01T00:29:17.085390Z,100 * (CPI_t / CPI_t_minus_12_months - 1)
2003-11-01,us_inflation,us,USA,,United States inflation,1.92837466,percent_yoy,monthly,FRED_BLS,Consumer Price Index for All Urban Consumers: All Items in U.S. City Average,https://fred.stlouisfed.org/series/CPIAUCSL,https://www.bls.gov/cpi/,2026-09-01T00:29:17.085390Z,100 * (CPI_t / CPI_t_minus_12_months - 1)
2003-12-01,us_inflation,us,USA,,United States inflation,2.03520352,percent_yoy,monthly,FRED_BLS,Consumer Price Index for All Urban Consumers: All Items in U.S. City Average,https://fred.stlouisfed.org/series/CPIAUCSL,https://www.bls.gov/cpi/,2026-09-01T00:29:17.085390Z,100 * (CPI_t / CPI_t_minus_12_months - 1)
2004-01-01,us_inflation,us,USA,,United States inflation,2.02628697,percent_yoy,monthly,FRED_BLS,Consumer Price Index for All Urban Consumers: All Items in U.S. City Average,https://fred.stlouisfed.org/series/CPIAUCSL,https://www.bls.gov/cpi/,2026-09-01T00:29:17.085390Z,100 * (CPI_t / CPI_t_minus_12_months - 1)
2004-02-01,us_inflation,us,USA,,United States inflation,1.68845316,percent_yoy,monthly,FRED_BLS,Consumer Price Index for All Urban Consumers: All Items in U.S. City Average,https://fred.stlouisfed.org/series/CPIAUCSL,https://www.bls.gov/cpi/,2026-09-01T00:29:17.085390Z,100 * (CPI_t / CPI_t_minus_12_months - 1)
2004-03-01,us_inflation,us,USA,,United States inflation,1.74007613,percent_yoy,monthly,FRED_BLS,Consumer Price Index for All Urban Consumers: All Items in U.S. City Average,https://fred.stlouisfed.org/series/CPIAUCSL,https://www.bls.gov/cpi/,2026-09-01T00:29:17.085390Z,100 * (CPI_t / CPI_t_minus_12_months - 1)
2004-04-01,us_inflation,us,USA,,United States inflation,2.29257642,percent_yoy,monthly,FRED_BLS,Consumer Price Index for All Urban Consumers: All Items in U.S. City Average,https://fred.stlouisfed.org/series/CPIAUCSL,https://www.bls.gov/cpi/,2026-09-01T00:29:17.085390Z,100 * (CPI_t / CPI_t_minus_12_months - 1)
2004-05-01,us_inflation,us,USA,,United States inflation,2.89775834,percent_yoy,monthly,FRED_BLS,Consumer Price Index for All Urban Consumers: All Items in U.S. City Average,https://fred.stlouisfed.org/series/CPIAUCSL,https://www.bls.gov/cpi/,2026-09-01T00:29:17.085390Z,100 * (CPI_t / CPI_t_minus_12_months - 1)
2004-06-01,us_inflation,us,USA,,United States inflation,3.16766794,percent_yoy,monthly,FRED_BLS,Consumer Price Index for All Urban Consumers: All Items in U.S. City Average,https://fred.stlouisfed.org/series/CPIAUCSL,https://www.bls.gov/cpi/,2026-09-01T00:29:17.085390Z,100 * (CPI_t / CPI_t_minus_12_months - 1)
2004-07-01,us_inflation,us,USA,,United States inflation,2.93957539,percent_yoy,monthly,FRED_BLS,Consumer Price Index for All Urban Consumers: All Items in U.S. City Average,https://fred.stlouisfed.org/series/CPIAUCSL,https://www.bls.gov/cpi/,2026-09-01T00:29:17.085390Z,100 * (CPI_t / CPI_t_minus_12_months - 1)
2004-08-01,us_inflation,us,USA,,United States inflation,2.54742547,percent_yoy,monthly,FRED_BLS,Consumer Price Index for All Urban Consumers: All Items in U.S. City Average,https://fred.stlouisfed.org/series/CPIAUCSL,https://www.bls.gov/cpi/,2026-09-01T00:29:17.085390Z,100 * (CPI_t / CPI_t_minus_12_months - 1)
2004-09-01,us_inflation,us,USA,,United States inflation,2.53916802,percent_yoy,monthly,FRED_BLS,Consumer Price Index for All Urban Consumers: All Items in U.S. City Average,https://fred.stlouisfed.org/series/CPIAUCSL,https://www.bls.gov/cpi/,2026-09-01T00:29:17.085390Z,100 * (CPI_t / CPI_t_minus_12_months - 1)
2004-10-01,us_inflation,us,USA,,United States inflation,3.19091401,percent_yoy,monthly,FRED_BLS,Consumer Price Index for All Urban Consumers: All Items in U.S. City Average,https://fred.stlouisfed.org/series/CPIAUCSL,https://www.bls.gov/cpi/,2026-09-01T00:29:17.085390Z,100 * (CPI_t / CPI_t_minus_12_months - 1)
2004-11-01,us_inflation,us,USA,,United States inflation,3.62162162,percent_yoy,monthly,FRED_BLS,Consumer Price Index for All Urban Consumers: All Items in U.S. City Average,https://fred.stlouisfed.org/series/CPIAUCSL,https://www.bls.gov/cpi/,2026-09-01T00:29:17.085390Z,100 * (CPI_t / CPI_t_minus_12_months - 1)
2004-12-01,us_inflation,us,USA,,United States inflation,3.34231806,percent_yoy,monthly,FRED_BLS,Consumer Price Index for All Urban Consumers: All Items in U.S. City Average,https://fred.stlouisfed.org/series/CPIAUCSL,https://www.bls.gov/cpi/,2026-09-01T00:29:17.085390Z,100 * (CPI_t / CPI_t_minus_12_months - 1)
2005-01-01,us_inflation,us,USA,,United States inflation,2.84487386,percent_yoy,monthly,FRED_BLS,Consumer Price Index for All Urban Consumers: All Items in U.S. City Average,https://fred.stlouisfed.org/series/CPIAUCSL,https://www.bls.gov/cpi/,2026-09-01T00:29:17.085390Z,100 * (CPI_t / CPI_t_minus_12_months - 1)
2005-02-01,us_inflation,us,USA,,United States inflation,3.05302625,percent_yoy,monthly,FRED_BLS,Consumer Price Index for All Urban Consumers: All Items in U.S. City Average,https://fred.stlouisfed.org/series/CPIAUCSL,https://www.bls.gov/cpi/,2026-09-01T00:29:17.085390Z,100 * (CPI_t / CPI_t_minus_12_months - 1)
2005-03-01,us_inflation,us,USA,,United States inflation,3.20684126,percent_yoy,monthly,FRED_BLS,Consumer Price Index for All Urban Consumers: All Items in U.S. City Average,https://fred.stlouisfed.org/series/CPIAUCSL,https://www.bls.gov/cpi/,2026-09-01T00:29:17.085390Z,100 * (CPI_t / CPI_t_minus_12_months - 1)
2005-04-01,us_inflation,us,USA,,United States inflation,3.36179296,percent_yoy,monthly,FRED_BLS,Consumer Price Index for All Urban Consumers: All Items in U.S. City Average,https://fred.stlouisfed.org/series/CPIAUCSL,https://www.bls.gov/cpi/,2026-09-01T00:29:17.085390Z,100 * (CPI_t / CPI_t_minus_12_months - 1)
2005-05-01,us_inflation,us,USA,,United States inflation,2.86928799,percent_yoy,monthly,FRED_BLS,Consumer Price Index for All Urban Consumers: All Items in U.S. City Average,https://fred.stlouisfed.org/series/CPIAUCSL,https://www.bls.gov/cpi/,2026-09-01T00:29:17.085390Z,100 * (CPI_t / CPI_t_minus_12_months - 1)
2005-06-01,us_inflation,us,USA,,United States inflation,2.541027,percent_yoy,monthly,FRED_BLS,Consumer Price Index for All Urban Consumers: All Items in U.S. City Average,https://fred.stlouisfed.org/series/CPIAUCSL,https://www.bls.gov/cpi/,2026-09-01T00:29:17.085390Z,100 * (CPI_t / CPI_t_minus_12_months - 1)
2005-07-01,us_inflation,us,USA,,United States inflation,3.06716023,percent_yoy,monthly,FRED_BLS,Consumer Price Index for All Urban Consumers: All Items in U.S. City Average,https://fred.stlouisfed.org/series/CPIAUCSL,https://www.bls.gov/cpi/,2026-09-01T00:29:17.085390Z,100 * (CPI_t / CPI_t_minus_12_months - 1)
2005-08-01,us_inflation,us,USA,,United States inflation,3.64693446,percent_yoy,monthly,FRED_BLS,Consumer Price Index for All Urban Consumers: All Items in U.S. City Average,https://fred.stlouisfed.org/series/CPIAUCSL,https://www.bls.gov/cpi/,2026-09-01T00:29:17.085390Z,100 * (CPI_t / CPI_t_minus_12_months - 1)
2005-09-01,us_inflation,us,USA,,United States inflation,4.74183351,percent_yoy,monthly,FRED_BLS,Consumer Price Index for All Urban Consumers: All Items in U.S. City Average,https://fred.stlouisfed.org/series/CPIAUCSL,https://www.bls.gov/cpi/,2026-09-01T00:29:17.085390Z,100 * (CPI_t / CPI_t_minus_12_months - 1)
2005-10-01,us_inflation,us,USA,,United States inflation,4.35010482,percent_yoy,monthly,FRED_BLS,Consumer Price Index for All Urban Consumers: All Items in U.S. City Average,https://fred.stlouisfed.org/series/CPIAUCSL,https://www.bls.gov/cpi/,2026-09-01T00:29:17.085390Z,100 * (CPI_t / CPI_t_minus_12_months - 1)
2005-11-01,us_inflation,us,USA,,United States inflation,3.33854982,percent_yoy,monthly,FRED_BLS,Consumer Price Index for All Urban Consumers: All Items in U.S. City Average,https://fred.stlouisfed.org/series/CPIAUCSL,https://www.bls.gov/cpi/,2026-09-01T00:29:17.085390Z,100 * (CPI_t / CPI_t_minus_12_months - 1)
2005-12-01,us_inflation,us,USA,,United States inflation,3.33854982,percent_yoy,monthly,FRED_BLS,Consumer Price Index for All Urban Consumers: All Items in U.S. City Average,https://fred.stlouisfed.org/series/CPIAUCSL,https://www.bls.gov/cpi/,2026-09-01T00:29:17.085390Z,100 * (CPI_t / CPI_t_minus_12_months - 1)
2006-01-01,us_inflation,us,USA,,United States inflation,4.01878914,percent_yoy,monthly,FRED_BLS,Consumer Price Index for All Urban Consumers: All Items in U.S. City Average,https://fred.stlouisfed.org/series/CPIAUCSL,https://www.bls.gov/cpi/,2026-09-01T00:29:17.085390Z,100 * (CPI_t / CPI_t_minus_12_months - 1)
2006-02-01,us_inflation,us,USA,,United States inflation,3.63825364,percent_yoy,monthly,FRED_BLS,Consumer Price Index for All Urban Consumers: All Items in U.S. City Average,https://fred.stlouisfed.org/series/CPIAUCSL,https://www.bls.gov/cpi/,2026-09-01T00:29:17.085390Z,100 * (CPI_t / CPI_t_minus_12_months - 1)
2006-03-01,us_inflation,us,USA,,United States inflation,3.41791818,percent_yoy,monthly,FRED_BLS,Consumer Price Index for All Urban Consumers: All Items in U.S. City Average,https://fred.stlouisfed.org/series/CPIAUCSL,https://www.bls.gov/cpi/,2026-09-01T00:29:17.085390Z,100 * (CPI_t / CPI_t_minus_12_months - 1)
2006-04-01,us_inflation,us,USA,,United States inflation,3.61383583,percent_yoy,monthly,FRED_BLS,Consumer Price Index for All Urban Consumers: All Items in U.S. City Average,https://fred.stlouisfed.org/series/CPIAUCSL,https://www.bls.gov/cpi/,2026-09-01T00:29:17.085390Z,100 * (CPI_t / CPI_t_minus_12_months - 1)
2006-05-01,us_inflation,us,USA,,United States inflation,3.97727273,percent_yoy,monthly,FRED_BLS,Consumer Price Index for All Urban Consumers: All Items in U.S. City Average,https://fred.stlouisfed.org/series/CPIAUCSL,https://www.bls.gov/cpi/,2026-09-01T00:29:17.085390Z,100 * (CPI_t / CPI_t_minus_12_months - 1)
2006-06-01,us_inflation,us,USA,,United States inflation,4.18172432,percent_yoy,monthly,FRED_BLS,Consumer Price Index for All Urban Consumers: All Items in U.S. City Average,https://fred.stlouisfed.org/series/CPIAUCSL,https://www.bls.gov/cpi/,2026-09-01T00:29:17.085390Z,100 * (CPI_t / CPI_t_minus_12_months - 1)
2006-07-01,us_inflation,us,USA,,United States inflation,4.10466906,percent_yoy,monthly,FRED_BLS,Consumer Price Index for All Urban Consumers: All Items in U.S. City Average,https://fred.stlouisfed.org/series/CPIAUCSL,https://www.bls.gov/cpi/,2026-09-01T00:29:17.085390Z,100 * (CPI_t / CPI_t_minus_12_months - 1)
2006-08-01,us_inflation,us,USA,,United States inflation,3.92656808,percent_yoy,monthly,FRED_BLS,Consumer Price Index for All Urban Consumers: All Items in U.S. City Average,https://fred.stlouisfed.org/series/CPIAUCSL,https://www.bls.gov/cpi/,2026-09-01T00:29:17.085390Z,100 * (CPI_t / CPI_t_minus_12_months - 1)
2006-09-01,us_inflation,us,USA,,United States inflation,2.01207243,percent_yoy,monthly,FRED_BLS,Consumer Price Index for All Urban Consumers: All Items in U.S. City Average,https://fred.stlouisfed.org/series/CPIAUCSL,https://www.bls.gov/cpi/,2026-09-01T00:29:17.085390Z,100 * (CPI_t / CPI_t_minus_12_months - 1)
2006-10-01,us_inflation,us,USA,,United States inflation,1.40632848,percent_yoy,monthly,FRED_BLS,Consumer Price Index for All Urban Consumers: All Items in U.S. City Average,https://fred.stlouisfed.org/series/CPIAUCSL,https://www.bls.gov/cpi/,2026-09-01T00:29:17.085390Z,100 * (CPI_t / CPI_t_minus_12_months - 1)
2006-11-01,us_inflation,us,USA,,United States inflation,1.96870268,percent_yoy,monthly,FRED_BLS,Consumer Price Index for All Urban Consumers: All Items in U.S. City Average,https://fred.stlouisfed.org/series/CPIAUCSL,https://www.bls.gov/cpi/,2026-09-01T00:29:17.085390Z,100 * (CPI_t / CPI_t_minus_12_months - 1)
2006-12-01,us_inflation,us,USA,,United States inflation,2.52397779,percent_yoy,monthly,FRED_BLS,Consumer Price Index for All Urban Consumers: All Items in U.S. City Average,https://fred.stlouisfed.org/series/CPIAUCSL,https://www.bls.gov/cpi/,2026-09-01T00:29:17.085390Z,100 * (CPI_t / CPI_t_minus_12_months - 1)
2007-01-01,us_inflation,us,USA,,United States inflation,2.07576518,percent_yoy,monthly,FRED_BLS,Consumer Price Index for All Urban Consumers: All Items in U.S. City Average,https://fred.stlouisfed.org/series/CPIAUCSL,https://www.bls.gov/cpi/,2026-09-01T00:29:17.085390Z,100 * (CPI_t / CPI_t_minus_12_months - 1)
2007-02-01,us_inflation,us,USA,,United States inflation,2.42026078,percent_yoy,monthly,FRED_BLS,Consumer Price Index for All Urban Consumers: All Items in U.S. City Average,https://fred.stlouisfed.org/series/CPIAUCSL,https://www.bls.gov/cpi/,2026-09-01T00:29:17.085390Z,100 * (CPI_t / CPI_t_minus_12_months - 1)
2007-03-01,us_inflation,us,USA,,United States inflation,2.7981973,percent_yoy,monthly,FRED_BLS,Consumer Price Index for All Urban Consumers: All Items in U.S. City Average,https://fred.stlouisfed.org/series/CPIAUCSL,https://www.bls.gov/cpi/,2026-09-01T00:29:17.085390Z,100 * (CPI_t / CPI_t_minus_12_months - 1)
2007-04-01,us_inflation,us,USA,,United States inflation,2.59292476,percent_yoy,monthly,FRED_BLS,Consumer Price Index for All Urban Consumers: All Items in U.S. City Average,https://fred.stlouisfed.org/series/CPIAUCSL,https://www.bls.gov/cpi/,2026-09-01T00:29:17.085390Z,100 * (CPI_t / CPI_t_minus_12_months - 1)
2007-05-01,us_inflation,us,USA,,United States inflation,2.70988574,percent_yoy,monthly,FRED_BLS,Consumer Price Index for All Urban Consumers: All Items in U.S. City Average,https://fred.stlouisfed.org/series/CPIAUCSL,https://www.bls.gov/cpi/,2026-09-01T00:29:17.085390Z,100 * (CPI_t / CPI_t_minus_12_months - 1)
2007-06-01,us_inflation,us,USA,,United States inflation,2.69276511,percent_yoy,monthly,FRED_BLS,Consumer Price Index for All Urban Consumers: All Items in U.S. City Average,https://fred.stlouisfed.org/series/CPIAUCSL,https://www.bls.gov/cpi/,2026-09-01T00:29:17.085390Z,100 * (CPI_t / CPI_t_minus_12_months - 1)
2007-07-01,us_inflation,us,USA,,United States inflation,2.31789059,percent_yoy,monthly,FRED_BLS,Consumer Price Index for All Urban Consumers: All Items in U.S. City Average,https://fred.stlouisfed.org/series/CPIAUCSL,https://www.bls.gov/cpi/,2026-09-01T00:29:17.085390Z,100 * (CPI_t / CPI_t_minus_12_months - 1)
2007-08-01,us_inflation,us,USA,,United States inflation,1.89744848,percent_yoy,monthly,FRED_BLS,Consumer Price Index for All Urban Consumers: All Items in U.S. City Average,https://fred.stlouisfed.org/series/CPIAUCSL,https://www.bls.gov/cpi/,2026-09-01T00:29:17.085390Z,100 * (CPI_t / CPI_t_minus_12_months - 1)
2007-09-01,us_inflation,us,USA,,United States inflation,2.83382643,percent_yoy,monthly,FRED_BLS,Consumer Price Index for All Urban Consumers: All Items in U.S. City Average,https://fred.stlouisfed.org/series/CPIAUCSL,https://www.bls.gov/cpi/,2026-09-01T00:29:17.085390Z,100 * (CPI_t / CPI_t_minus_12_months - 1)
2007-10-01,us_inflation,us,USA,,United States inflation,3.61069837,percent_yoy,monthly,FRED_BLS,Consumer Price Index for All Urban Consumers: All Items in U.S. City Average,https://fred.stlouisfed.org/series/CPIAUCSL,https://www.bls.gov/cpi/,2026-09-01T00:29:17.085390Z,100 * (CPI_t / CPI_t_minus_12_months - 1)
2007-11-01,us_inflation,us,USA,,United States inflation,4.37326733,percent_yoy,monthly,FRED_BLS,Consumer Price Index for All Urban Consumers: All Items in U.S. City Average,https://fred.stlouisfed.org/series/CPIAUCSL,https://www.bls.gov/cpi/,2026-09-01T00:29:17.085390Z,100 * (CPI_t / CPI_t_minus_12_months - 1)
2007-12-01,us_inflation,us,USA,,United States inflation,4.10881339,percent_yoy,monthly,FRED_BLS,Consumer Price Index for All Urban Consumers: All Items in U.S. City Average,https://fred.stlouisfed.org/series/CPIAUCSL,https://www.bls.gov/cpi/,2026-09-01T00:29:17.085390Z,100 * (CPI_t / CPI_t_minus_12_months - 1)
2008-01-01,us_inflation,us,USA,,United States inflation,4.29469566,percent_yoy,monthly,FRED_BLS,Consumer Price Index for All Urban Consumers: All Items in U.S. City Average,https://fred.stlouisfed.org/series/CPIAUCSL,https://www.bls.gov/cpi/,2026-09-01T00:29:17.085390Z,100 * (CPI_t / CPI_t_minus_12_months - 1)
2008-02-01,us_inflation,us,USA,,United States inflation,4.14295927,percent_yoy,monthly,FRED_BLS,Consumer Price Index for All Urban Consumers: All Items in U.S. City Average,https://fred.stlouisfed.org/series/CPIAUCSL,https://www.bls.gov/cpi/,2026-09-01T00:29:17.085390Z,100 * (CPI_t / CPI_t_minus_12_months - 1)
2008-03-01,us_inflation,us,USA,,United States inflation,3.97490355,percent_yoy,monthly,FRED_BLS,Consumer Price Index for All Urban Consumers: All Items in U.S. City Average,https://fred.stlouisfed.org/series/CPIAUCSL,https://www.bls.gov/cpi/,2026-09-01T00:29:17.085390Z,100 * (CPI_t / CPI_t_minus_12_months - 1)
2008-04-01,us_inflation,us,USA,,United States inflation,3.90376098,percent_yoy,monthly,FRED_BLS,Consumer Price Index for All Urban Consumers: All Items in U.S. City Average,https://fred.stlouisfed.org/series/CPIAUCSL,https://www.bls.gov/cpi/,2026-09-01T00:29:17.085390Z,100 * (CPI_t / CPI_t_minus_12_months - 1)
2008-05-01,us_inflation,us,USA,,United States inflation,4.08841382,percent_yoy,monthly,FRED_BLS,Consumer Price Index for All Urban Consumers: All Items in U.S. City Average,https://fred.stlouisfed.org/series/CPIAUCSL,https://www.bls.gov/cpi/,2026-09-01T00:29:17.085390Z,100 * (CPI_t / CPI_t_minus_12_months - 1)
2008-06-01,us_inflation,us,USA,,United States inflation,4.93596611,percent_yoy,monthly,FRED_BLS,Consumer Price Index for All Urban Consumers: All Items in U.S. City Average,https://fred.stlouisfed.org/series/CPIAUCSL,https://www.bls.gov/cpi/,2026-09-01T00:29:17.085390Z,100 * (CPI_t / CPI_t_minus_12_months - 1)
2008-07-01,us_inflation,us,USA,,United States inflation,5.49751208,percent_yoy,monthly,FRED_BLS,Consumer Price Index for All Urban Consumers: All Items in U.S. City Average,https://fred.stlouisfed.org/series/CPIAUCSL,https://www.bls.gov/cpi/,2026-09-01T00:29:17.085390Z,100 * (CPI_t / CPI_t_minus_12_months - 1)
2008-08-01,us_inflation,us,USA,,United States inflation,5.30801716,percent_yoy,monthly,FRED_BLS,Consumer Price Index for All Urban Consumers: All Items in U.S. City Average,https://fred.stlouisfed.org/series/CPIAUCSL,https://www.bls.gov/cpi/,2026-09-01T00:29:17.085390Z,100 * (CPI_t / CPI_t_minus_12_months - 1)
2008-09-01,us_inflation,us,USA,,United States inflation,4.95331988,percent_yoy,monthly,FRED_BLS,Consumer Price Index for All Urban Consumers: All Items in U.S. City Average,https://fred.stlouisfed.org/series/CPIAUCSL,https://www.bls.gov/cpi/,2026-09-01T00:29:17.085390Z,100 * (CPI_t / CPI_t_minus_12_months - 1)
2008-10-01,us_inflation,us,USA,,United States inflation,3.73105789,percent_yoy,monthly,FRED_BLS,Consumer Price Index for All Urban Consumers: All Items in U.S. City Average,https://fred.stlouisfed.org/series/CPIAUCSL,https://www.bls.gov/cpi/,2026-09-01T00:29:17.085390Z,100 * (CPI_t / CPI_t_minus_12_months - 1)
2008-11-01,us_inflation,us,USA,,United States inflation,1.09991747,percent_yoy,monthly,FRED_BLS,Consumer Price Index for All Urban Consumers: All Items in U.S. City Average,https://fred.stlouisfed.org/series/CPIAUCSL,https://www.bls.gov/cpi/,2026-09-01T00:29:17.085390Z,100 * (CPI_t / CPI_t_minus_12_months - 1)
2008-12-01,us_inflation,us,USA,,United States inflation,-0.022228,percent_yoy,monthly,FRED_BLS,Consumer Price Index for All Urban Consumers: All Items in U.S. City Average,https://fred.stlouisfed.org/series/CPIAUCSL,https://www.bls.gov/cpi/,2026-09-01T00:29:17.085390Z,100 * (CPI_t / CPI_t_minus_12_months - 1)
2009-01-01,us_inflation,us,USA,,United States inflation,-0.11358602,percent_yoy,monthly,FRED_BLS,Consumer Price Index for All Urban Consumers: All Items in U.S. City Average,https://fred.stlouisfed.org/series/CPIAUCSL,https://www.bls.gov/cpi/,2026-09-01T00:29:17.085390Z,100 * (CPI_t / CPI_t_minus_12_months - 1)
2009-02-01,us_inflation,us,USA,,United States inflation,0.00846314,percent_yoy,monthly,FRED_BLS,Consumer Price Index for All Urban Consumers: All Items in U.S. City Average,https://fred.stlouisfed.org/series/CPIAUCSL,https://www.bls.gov/cpi/,2026-09-01T00:29:17.085390Z,100 * (CPI_t / CPI_t_minus_12_months - 1)
2009-03-01,us_inflation,us,USA,,United States inflation,-0.44647877,percent_yoy,monthly,FRED_BLS,Consumer Price Index for All Urban Consumers: All Items in U.S. City Average,https://fred.stlouisfed.org/series/CPIAUCSL,https://www.bls.gov/cpi/,2026-09-01T00:29:17.085390Z,100 * (CPI_t / CPI_t_minus_12_months - 1)
2009-04-01,us_inflation,us,USA,,United States inflation,-0.57632442,percent_yoy,monthly,FRED_BLS,Consumer Price Index for All Urban Consumers: All Items in U.S. City Average,https://fred.stlouisfed.org/series/CPIAUCSL,https://www.bls.gov/cpi/,2026-09-01T00:29:17.085390Z,100 * (CPI_t / CPI_t_minus_12_months - 1)
2009-05-01,us_inflation,us,USA,,United States inflation,-1.0157615,percent_yoy,monthly,FRED_BLS,Consumer Price Index for All Urban Consumers: All Items in U.S. City Average,https://fred.stlouisfed.org/series/CPIAUCSL,https://www.bls.gov/cpi/,2026-09-01T00:29:17.085390Z,100 * (CPI_t / CPI_t_minus_12_months - 1)
2009-06-01,us_inflation,us,USA,,United States inflation,-1.22917462,percent_yoy,monthly,FRED_BLS,Consumer Price Index for All Urban Consumers: All Items in U.S. City Average,https://fred.stlouisfed.org/series/CPIAUCSL,https://www.bls.gov/cpi/,2026-09-01T00:29:17.085390Z,100 * (CPI_t / CPI_t_minus_12_months - 1)
2009-07-01,us_inflation,us,USA,,United States inflation,-1.958761,percent_yoy,monthly,FRED_BLS,Consumer Price Index for All Urban Consumers: All Items in U.S. City Average,https://fred.stlouisfed.org/series/CPIAUCSL,https://www.bls.gov/cpi/,2026-09-01T00:29:17.085390Z,100 * (CPI_t / CPI_t_minus_12_months - 1)
2009-08-01,us_inflation,us,USA,,United States inflation,-1.48383557,percent_yoy,monthly,FRED_BLS,Consumer Price Index for All Urban Consumers: All Items in U.S. City Average,https://fred.stlouisfed.org/series/CPIAUCSL,https://www.bls.gov/cpi/,2026-09-01T00:29:17.085390Z,100 * (CPI_t / CPI_t_minus_12_months - 1)
2009-09-01,us_inflation,us,USA,,United States inflation,-1.37794286,percent_yoy,monthly,FRED_BLS,Consumer Price Index for All Urban Consumers: All Items in U.S. City Average,https://fred.stlouisfed.org/series/CPIAUCSL,https://www.bls.gov/cpi/,2026-09-01T00:29:17.085390Z,100 * (CPI_t / CPI_t_minus_12_months - 1)
2009-10-01,us_inflation,us,USA,,United States inflation,-0.22396829,percent_yoy,monthly,FRED_BLS,Consumer Price Index for All Urban Consumers: All Items in U.S. City Average,https://fred.stlouisfed.org/series/CPIAUCSL,https://www.bls.gov/cpi/,2026-09-01T00:29:17.085390Z,100 * (CPI_t / CPI_t_minus_12_months - 1)
2009-11-01,us_inflation,us,USA,,United States inflation,1.91458717,percent_yoy,monthly,FRED_BLS,Consumer Price Index for All Urban Consumers: All Items in U.S. City Average,https://fred.stlouisfed.org/series/CPIAUCSL,https://www.bls.gov/cpi/,2026-09-01T00:29:17.085390Z,100 * (CPI_t / CPI_t_minus_12_months - 1)
2009-12-01,us_inflation,us,USA,,United States inflation,2.81412312,percent_yoy,monthly,FRED_BLS,Consumer Price Index for All Urban Consumers: All Items in U.S. City Average,https://fred.stlouisfed.org/series/CPIAUCSL,https://www.bls.gov/cpi/,2026-09-01T00:29:17.085390Z,100 * (CPI_t / CPI_t_minus_12_months - 1)
2010-01-01,us_inflation,us,USA,,United States inflation,2.62111139,percent_yoy,monthly,FRED_BLS,Consumer Price Index for All Urban Consumers: All Items in U.S. City Average,https://fred.stlouisfed.org/series/CPIAUCSL,https://www.bls.gov/cpi/,2026-09-01T00:29:17.085390Z,100 * (CPI_t / CPI_t_minus_12_months - 1)
2010-02-01,us_inflation,us,USA,,United States inflation,2.15133636,percent_yoy,monthly,FRED_BLS,Consumer Price Index for All Urban Consumers: All Items in U.S. City Average,https://fred.stlouisfed.org/series/CPIAUCSL,https://www.bls.gov/cpi/,2026-09-01T00:29:17.085390Z,100 * (CPI_t / CPI_t_minus_12_months - 1)
2010-03-01,us_inflation,us,USA,,United States inflation,2.28617144,percent_yoy,monthly,FRED_BLS,Consumer Price Index for All Urban Consumers: All Items in U.S. City Average,https://fred.stlouisfed.org/series/CPIAUCSL,https://www.bls.gov/cpi/,2026-09-01T00:29:17.085390Z,100 * (CPI_t / CPI_t_minus_12_months - 1)
2010-04-01,us_inflation,us,USA,,United States inflation,2.20677075,percent_yoy,monthly,FRED_BLS,Consumer Price Index for All Urban Consumers: All Items in U.S. City Average,https://fred.stlouisfed.org/series/CPIAUCSL,https://www.bls.gov/cpi/,2026-09-01T00:29:17.085390Z,100 * (CPI_t / CPI_t_minus_12_months - 1)
2010-05-01,us_inflation,us,USA,,United States inflation,2.00354893,percent_yoy,monthly,FRED_BLS,Consumer Price Index for All Urban Consumers: All Items in U.S. City Average,https://fred.stlouisfed.org/series/CPIAUCSL,https://www.bls.gov/cpi/,2026-09-01T00:29:17.085390Z,100 * (CPI_t / CPI_t_minus_12_months - 1)
2010-06-01,us_inflation,us,USA,,United States inflation,1.12156059,percent_yoy,monthly,FRED_BLS,Consumer Price Index for All Urban Consumers: All Items in U.S. City Average,https://fred.stlouisfed.org/series/CPIAUCSL,https://www.bls.gov/cpi/,2026-09-01T00:29:17.085390Z,100 * (CPI_t / CPI_t_minus_12_months - 1)
2010-07-01,us_inflation,us,USA,,United States inflation,1.34077848,percent_yoy,monthly,FRED_BLS,Consumer Price Index for All Urban Consumers: All Items in U.S. City Average,https://fred.stlouisfed.org/series/CPIAUCSL,https://www.bls.gov/cpi/,2026-09-01T00:29:17.085390Z,100 * (CPI_t / CPI_t_minus_12_months - 1)
2010-08-01,us_inflation,us,USA,,United States inflation,1.15017754,percent_yoy,monthly,FRED_BLS,Consumer Price Index for All Urban Consumers: All Items in U.S. City Average,https://fred.stlouisfed.org/series/CPIAUCSL,https://www.bls.gov/cpi/,2026-09-01T00:29:17.085390Z,100 * (CPI_t / CPI_t_minus_12_months - 1)
2010-09-01,us_inflation,us,USA,,United States inflation,1.11831225,percent_yoy,monthly,FRED_BLS,Consumer Price Index for All Urban Consumers: All Items in U.S. City Average,https://fred.stlouisfed.org/series/CPIAUCSL,https://www.bls.gov/cpi/,2026-09-01T00:29:17.085390Z,100 * (CPI_t / CPI_t_minus_12_months - 1)
2010-10-01,us_inflation,us,USA,,United States inflation,1.16669515,percent_yoy,monthly,FRED_BLS,Consumer Price Index for All Urban Consumers: All Items in U.S. City Average,https://fred.stlouisfed.org/series/CPIAUCSL,https://www.bls.gov/cpi/,2026-09-01T00:29:17.085390Z,100 * (CPI_t / CPI_t_minus_12_months - 1)
2010-11-01,us_inflation,us,USA,,United States inflation,1.08454478,percent_yoy,monthly,FRED_BLS,Consumer Price Index for All Urban Consumers: All Items in U.S. City Average,https://fred.stlouisfed.org/series/CPIAUCSL,https://www.bls.gov/cpi/,2026-09-01T00:29:17.085390Z,100 * (CPI_t / CPI_t_minus_12_months - 1)
2010-12-01,us_inflation,us,USA,,United States inflation,1.43779302,percent_yoy,monthly,FRED_BLS,Consumer Price Index for All Urban Consumers: All Items in U.S. City Average,https://fred.stlouisfed.org/series/CPIAUCSL,https://www.bls.gov/cpi/,2026-09-01T00:29:17.085390Z,100 * (CPI_t / CPI_t_minus_12_months - 1)
2011-01-01,us_inflation,us,USA,,United States inflation,1.70078349,percent_yoy,monthly,FRED_BLS,Consumer Price Index for All Urban Consumers: All Items in U.S. City Average,https://fred.stlouisfed.org/series/CPIAUCSL,https://www.bls.gov/cpi/,2026-09-01T00:29:17.085390Z,100 * (CPI_t / CPI_t_minus_12_months - 1)
2011-02-01,us_inflation,us,USA,,United States inflation,2.12489817,percent_yoy,monthly,FRED_BLS,Consumer Price Index for All Urban Consumers: All Items in U.S. City Average,https://fred.stlouisfed.org/series/CPIAUCSL,https://www.bls.gov/cpi/,2026-09-01T00:29:17.085390Z,100 * (CPI_t / CPI_t_minus_12_months - 1)
2011-03-01,us_inflation,us,USA,,United States inflation,2.61924151,percent_yoy,monthly,FRED_BLS,Consumer Price Index for All Urban Consumers: All Items in U.S. City Average,https://fred.stlouisfed.org/series/CPIAUCSL,https://www.bls.gov/cpi/,2026-09-01T00:29:17.085390Z,100 * (CPI_t / CPI_t_minus_12_months - 1)
2011-04-01,us_inflation,us,USA,,United States inflation,3.07723444,percent_yoy,monthly,FRED_BLS,Consumer Price Index for All Urban Consumers: All Items in U.S. City Average,https://fred.stlouisfed.org/series/CPIAUCSL,https://www.bls.gov/cpi/,2026-09-01T00:29:17.085390Z,100 * (CPI_t / CPI_t_minus_12_months - 1)
2011-05-01,us_inflation,us,USA,,United States inflation,3.45897188,percent_yoy,monthly,FRED_BLS,Consumer Price Index for All Urban Consumers: All Items in U.S. City Average,https://fred.stlouisfed.org/series/CPIAUCSL,https://www.bls.gov/cpi/,2026-09-01T00:29:17.085390Z,100 * (CPI_t / CPI_t_minus_12_months - 1)
2011-06-01,us_inflation,us,USA,,United States inflation,3.50231815,percent_yoy,monthly,FRED_BLS,Consumer Price Index for All Urban Consumers: All Items in U.S. City Average,https://fred.stlouisfed.org/series/CPIAUCSL,https://www.bls.gov/cpi/,2026-09-01T00:29:17.085390Z,100 * (CPI_t / CPI_t_minus_12_months - 1)
2011-07-01,us_inflation,us,USA,,United States inflation,3.57988098,percent_yoy,monthly,FRED_BLS,Consumer Price Index for All Urban Consumers: All Items in U.S. City Average,https://fred.stlouisfed.org/series/CPIAUCSL,https://www.bls.gov/cpi/,2026-09-01T00:29:17.085390Z,100 * (CPI_t / CPI_t_minus_12_months - 1)
2011-08-01,us_inflation,us,USA,,United States inflation,3.75499603,percent_yoy,monthly,FRED_BLS,Consumer Price Index for All Urban Consumers: All Items in U.S. City Average,https://fred.stlouisfed.org/series/CPIAUCSL,https://www.bls.gov/cpi/,2026-09-01T00:29:17.085390Z,100 * (CPI_t / CPI_t_minus_12_months - 1)
2011-09-01,us_inflation,us,USA,,United States inflation,3.81262169,percent_yoy,monthly,FRED_BLS,Consumer Price Index for All Urban Consumers: All Items in U.S. City Average,https://fred.stlouisfed.org/series/CPIAUCSL,https://www.bls.gov/cpi/,2026-09-01T00:29:17.085390Z,100 * (CPI_t / CPI_t_minus_12_months - 1)
2011-10-01,us_inflation,us,USA,,United States inflation,3.52226813,percent_yoy,monthly,FRED_BLS,Consumer Price Index for All Urban Consumers: All Items in U.S. City Average,https://fred.stlouisfed.org/series/CPIAUCSL,https://www.bls.gov/cpi/,2026-09-01T00:29:17.085390Z,100 * (CPI_t / CPI_t_minus_12_months - 1)
2011-11-01,us_inflation,us,USA,,United States inflation,3.45143221,percent_yoy,monthly,FRED_BLS,Consumer Price Index for All Urban Consumers: All Items in U.S. City Average,https://fred.stlouisfed.org/series/CPIAUCSL,https://www.bls.gov/cpi/,2026-09-01T00:29:17.085390Z,100 * (CPI_t / CPI_t_minus_12_months - 1)
2011-12-01,us_inflation,us,USA,,United States inflation,3.06206684,percent_yoy,monthly,FRED_BLS,Consumer Price Index for All Urban Consumers: All Items in U.S. City Average,https://fred.stlouisfed.org/series/CPIAUCSL,https://www.bls.gov/cpi/,2026-09-01T00:29:17.085390Z,100 * (CPI_t / CPI_t_minus_12_months - 1)
2012-01-01,us_inflation,us,USA,,United States inflation,3.00876634,percent_yoy,monthly,FRED_BLS,Consumer Price Index for All Urban Consumers: All Items in U.S. City Average,https://fred.stlouisfed.org/series/CPIAUCSL,https://www.bls.gov/cpi/,2026-09-01T00:29:17.085390Z,100 * (CPI_t / CPI_t_minus_12_months - 1)
2012-02-01,us_inflation,us,USA,,United States inflation,2.89817844,percent_yoy,monthly,FRED_BLS,Consumer Price Index for All Urban Consumers: All Items in U.S. City Average,https://fred.stlouisfed.org/series/CPIAUCSL,https://www.bls.gov/cpi/,2026-09-01T00:29:17.085390Z,100 * (CPI_t / CPI_t_minus_12_months - 1)
2012-03-01,us_inflation,us,USA,,United States inflation,2.58287528,percent_yoy,monthly,FRED_BLS,Consumer Price Index for All Urban Consumers: All Items in U.S. City Average,https://fred.stlouisfed.org/series/CPIAUCSL,https://www.bls.gov/cpi/,2026-09-01T00:29:17.085390Z,100 * (CPI_t / CPI_t_minus_12_months - 1)
2012-04-01,us_inflation,us,USA,,United States inflation,2.27316337,percent_yoy,monthly,FRED_BLS,Consumer Price Index for All Urban Consumers: All Items in U.S. City Average,https://fred.stlouisfed.org/series/CPIAUCSL,https://www.bls.gov/cpi/,2026-09-01T00:29:17.085390Z,100 * (CPI_t / CPI_t_minus_12_months - 1)
2012-05-01,us_inflation,us,USA,,United States inflation,1.73794294,percent_yoy,monthly,FRED_BLS,Consumer Price Index for All Urban Consumers: All Items in U.S. City Average,https://fred.stlouisfed.org/series/CPIAUCSL,https://www.bls.gov/cpi/,2026-09-01T00:29:17.085390Z,100 * (CPI_t / CPI_t_minus_12_months - 1)
2012-06-01,us_inflation,us,USA,,United States inflation,1.65387045,percent_yoy,monthly,FRED_BLS,Consumer Price Index for All Urban Consumers: All Items in U.S. City Average,https://fred.stlouisfed.org/series/CPIAUCSL,https://www.bls.gov/cpi/,2026-09-01T00:29:17.085390Z,100 * (CPI_t / CPI_t_minus_12_months - 1)
2012-07-01,us_inflation,us,USA,,United States inflation,1.41751148,percent_yoy,monthly,FRED_BLS,Consumer Price Index for All Urban Consumers: All Items in U.S. City Average,https://fred.stlouisfed.org/series/CPIAUCSL,https://www.bls.gov/cpi/,2026-09-01T00:29:17.085390Z,100 * (CPI_t / CPI_t_minus_12_months - 1)
2012-08-01,us_inflation,us,USA,,United States inflation,1.68593492,percent_yoy,monthly,FRED_BLS,Consumer Price Index for All Urban Consumers: All Items in U.S. City Average,https://fred.stlouisfed.org/series/CPIAUCSL,https://www.bls.gov/cpi/,2026-09-01T00:29:17.085390Z,100 * (CPI_t / CPI_t_minus_12_months - 1)
2012-09-01,us_inflation,us,USA,,United States inflation,1.9497169,percent_yoy,monthly,FRED_BLS,Consumer Price Index for All Urban Consumers: All Items in U.S. City Average,https://fred.stlouisfed.org/series/CPIAUCSL,https://www.bls.gov/cpi/,2026-09-01T00:29:17.085390Z,100 * (CPI_t / CPI_t_minus_12_months - 1)
2012-10-01,us_inflation,us,USA,,United States inflation,2.15567806,percent_yoy,monthly,FRED_BLS,Consumer Price Index for All Urban Consumers: All Items in U.S. City Average,https://fred.stlouisfed.org/series/CPIAUCSL,https://www.bls.gov/cpi/,2026-09-01T00:29:17.085390Z,100 * (CPI_t / CPI_t_minus_12_months - 1)
2012-11-01,us_inflation,us,USA,,United States inflation,1.7960197,percent_yoy,monthly,FRED_BLS,Consumer Price Index for All Urban Consumers: All Items in U.S. City Average,https://fred.stlouisfed.org/series/CPIAUCSL,https://www.bls.gov/cpi/,2026-09-01T00:29:17.085390Z,100 * (CPI_t / CPI_t_minus_12_months - 1)
2012-12-01,us_inflation,us,USA,,United States inflation,1.75950498,percent_yoy,monthly,FRED_BLS,Consumer Price Index for All Urban Consumers: All Items in U.S. City Average,https://fred.stlouisfed.org/series/CPIAUCSL,https://www.bls.gov/cpi/,2026-09-01T00:29:17.085390Z,100 * (CPI_t / CPI_t_minus_12_months - 1)
2013-01-01,us_inflation,us,USA,,United States inflation,1.68406176,percent_yoy,monthly,FRED_BLS,Consumer Price Index for All Urban Consumers: All Items in U.S. City Average,https://fred.stlouisfed.org/series/CPIAUCSL,https://www.bls.gov/cpi/,2026-09-01T00:29:17.085390Z,100 * (CPI_t / CPI_t_minus_12_months - 1)
2013-02-01,us_inflation,us,USA,,United States inflation,2.01814049,percent_yoy,monthly,FRED_BLS,Consumer Price Index for All Urban Consumers: All Items in U.S. City Average,https://fred.stlouisfed.org/series/CPIAUCSL,https://www.bls.gov/cpi/,2026-09-01T00:29:17.085390Z,100 * (CPI_t / CPI_t_minus_12_months - 1)
2013-03-01,us_inflation,us,USA,,United States inflation,1.51874724,percent_yoy,monthly,FRED_BLS,Consumer Price Index for All Urban Consumers: All Items in U.S. City Average,https://fred.stlouisfed.org/series/CPIAUCSL,https://www.bls.gov/cpi/,2026-09-01T00:29:17.085390Z,100 * (CPI_t / CPI_t_minus_12_months - 1)
2013-04-01,us_inflation,us,USA,,United States inflation,1.13880805,percent_yoy,monthly,FRED_BLS,Consumer Price Index for All Urban Consumers: All Items in U.S. City Average,https://fred.stlouisfed.org/series/CPIAUCSL,https://www.bls.gov/cpi/,2026-09-01T00:29:17.085390Z,100 * (CPI_t / CPI_t_minus_12_months - 1)
2013-05-01,us_inflation,us,USA,,United States inflation,1.39038883,percent_yoy,monthly,FRED_BLS,Consumer Price Index for All Urban Consumers: All Items in U.S. City Average,https://fred.stlouisfed.org/series/CPIAUCSL,https://www.bls.gov/cpi/,2026-09-01T00:29:17.085390Z,100 * (CPI_t / CPI_t_minus_12_months - 1)
2013-06-01,us_inflation,us,USA,,United States inflation,1.71579353,percent_yoy,monthly,FRED_BLS,Consumer Price Index for All Urban Consumers: All Items in U.S. City Average,https://fred.stlouisfed.org/series/CPIAUCSL,https://www.bls.gov/cpi/,2026-09-01T00:29:17.085390Z,100 * (CPI_t / CPI_t_minus_12_months - 1)
2013-07-01,us_inflation,us,USA,,United States inflation,1.88547181,percent_yoy,monthly,FRED_BLS,Consumer Price Index for All Urban Consumers: All Items in U.S. City Average,https://fred.stlouisfed.org/series/CPIAUCSL,https://www.bls.gov/cpi/,2026-09-01T00:29:17.085390Z,100 * (CPI_t / CPI_t_minus_12_months - 1)
2013-08-01,us_inflation,us,USA,,United States inflation,1.53880949,percent_yoy,monthly,FRED_BLS,Consumer Price Index for All Urban Consumers: All Items in U.S. City Average,https://fred.stlouisfed.org/series/CPIAUCSL,https://www.bls.gov/cpi/,2026-09-01T00:29:17.085390Z,100 * (CPI_t / CPI_t_minus_12_months - 1)
2013-09-01,us_inflation,us,USA,,United States inflation,1.09473411,percent_yoy,monthly,FRED_BLS,Consumer Price Index for All Urban Consumers: All Items in U.S. City Average,https://fred.stlouisfed.org/series/CPIAUCSL,https://www.bls.gov/cpi/,2026-09-01T00:29:17.085390Z,100 * (CPI_t / CPI_t_minus_12_months - 1)
2013-10-01,us_inflation,us,USA,,United States inflation,0.87679914,percent_yoy,monthly,FRED_BLS,Consumer Price Index for All Urban Consumers: All Items in U.S. City Average,https://fred.stlouisfed.org/series/CPIAUCSL,https://www.bls.gov/cpi/,2026-09-01T00:29:17.085390Z,100 * (CPI_t / CPI_t_minus_12_months - 1)
2013-11-01,us_inflation,us,USA,,United States inflation,1.2328702,percent_yoy,monthly,FRED_BLS,Consumer Price Index for All Urban Consumers: All Items in U.S. City Average,https://fred.stlouisfed.org/series/CPIAUCSL,https://www.bls.gov/cpi/,2026-09-01T00:29:17.085390Z,100 * (CPI_t / CPI_t_minus_12_months - 1)
2013-12-01,us_inflation,us,USA,,United States inflation,1.51283837,percent_yoy,monthly,FRED_BLS,Consumer Price Index for All Urban Consumers: All Items in U.S. City Average,https://fred.stlouisfed.org/series/CPIAUCSL,https://www.bls.gov/cpi/,2026-09-01T00:29:17.085390Z,100 * (CPI_t / CPI_t_minus_12_months - 1)
2014-01-01,us_inflation,us,USA,,United States inflation,1.5577588,percent_yoy,monthly,FRED_BLS,Consumer Price Index for All Urban Consumers: All Items in U.S. City Average,https://fred.stlouisfed.org/series/CPIAUCSL,https://www.bls.gov/cpi/,2026-09-01T00:29:17.085390Z,100 * (CPI_t / CPI_t_minus_12_months - 1)
2014-02-01,us_inflation,us,USA,,United States inflation,1.12047463,percent_yoy,monthly,FRED_BLS,Consumer Price Index for All Urban Consumers: All Items in U.S. City Average,https://fred.stlouisfed.org/series/CPIAUCSL,https://www.bls.gov/cpi/,2026-09-01T00:29:17.085390Z,100 * (CPI_t / CPI_t_minus_12_months - 1)
2014-03-01,us_inflation,us,USA,,United States inflation,1.61269491,percent_yoy,monthly,FRED_BLS,Consumer Price Index for All Urban Consumers: All Items in U.S. City Average,https://fred.stlouisfed.org/series/CPIAUCSL,https://www.bls.gov/cpi/,2026-09-01T00:29:17.085390Z,100 * (CPI_t / CPI_t_minus_12_months - 1)
2014-04-01,us_inflation,us,USA,,United States inflation,2.0151253,percent_yoy,monthly,FRED_BLS,Consumer Price Index for All Urban Consumers: All Items in U.S. City Average,https://fred.stlouisfed.org/series/CPIAUCSL,https://www.bls.gov/cpi/,2026-09-01T00:29:17.085390Z,100 * (CPI_t / CPI_t_minus_12_months - 1)
2014-05-01,us_inflation,us,USA,,United States inflation,2.16694769,percent_yoy,monthly,FRED_BLS,Consumer Price Index for All Urban Consumers: All Items in U.S. City Average,https://fred.stlouisfed.org/series/CPIAUCSL,https://www.bls.gov/cpi/,2026-09-01T00:29:17.085390Z,100 * (CPI_t / CPI_t_minus_12_months - 1)
2014-06-01,us_inflation,us,USA,,United States inflation,2.05898169,percent_yoy,monthly,FRED_BLS,Consumer Price Index for All Urban Consumers: All Items in U.S. City Average,https://fred.stlouisfed.org/series/CPIAUCSL,https://www.bls.gov/cpi/,2026-09-01T00:29:17.085390Z,100 * (CPI_t / CPI_t_minus_12_months - 1)
2014-07-01,us_inflation,us,USA,,United States inflation,1.97423787,percent_yoy,monthly,FRED_BLS,Consumer Price Index for All Urban Consumers: All Items in U.S. City Average,https://fred.stlouisfed.org/series/CPIAUCSL,https://www.bls.gov/cpi/,2026-09-01T00:29:17.085390Z,100 * (CPI_t / CPI_t_minus_12_months - 1)
2014-08-01,us_inflation,us,USA,,United States inflation,1.71509835,percent_yoy,monthly,FRED_BLS,Consumer Price Index for All Urban Consumers: All Items in U.S. City Average,https://fred.stlouisfed.org/series/CPIAUCSL,https://www.bls.gov/cpi/,2026-09-01T00:29:17.085390Z,100 * (CPI_t / CPI_t_minus_12_months - 1)
2014-09-01,us_inflation,us,USA,,United States inflation,1.68405097,percent_yoy,monthly,FRED_BLS,Consumer Price Index for All Urban Consumers: All Items in U.S. City Average,https://fred.stlouisfed.org/series/CPIAUCSL,https://www.bls.gov/cpi/,2026-09-01T00:29:17.085390Z,100 * (CPI_t / CPI_t_minus_12_months - 1)
2014-10-01,us_inflation,us,USA,,United States inflation,1.6095417,percent_yoy,monthly,FRED_BLS,Consumer Price Index for All Urban Consumers: All Items in U.S. City Average,https://fred.stlouisfed.org/series/CPIAUCSL,https://www.bls.gov/cpi/,2026-09-01T00:29:17.085390Z,100 * (CPI_t / CPI_t_minus_12_months - 1)
2014-11-01,us_inflation,us,USA,,United States inflation,1.23152499,percent_yoy,monthly,FRED_BLS,Consumer Price Index for All Urban Consumers: All Items in U.S. City Average,https://fred.stlouisfed.org/series/CPIAUCSL,https://www.bls.gov/cpi/,2026-09-01T00:29:17.085390Z,100 * (CPI_t / CPI_t_minus_12_months - 1)
2014-12-01,us_inflation,us,USA,,United States inflation,0.65312139,percent_yoy,monthly,FRED_BLS,Consumer Price Index for All Urban Consumers: All Items in U.S. City Average,https://fred.stlouisfed.org/series/CPIAUCSL,https://www.bls.gov/cpi/,2026-09-01T00:29:17.085390Z,100 * (CPI_t / CPI_t_minus_12_months - 1)
2015-01-01,us_inflation,us,USA,,United States inflation,-0.22993098,percent_yoy,monthly,FRED_BLS,Consumer Price Index for All Urban Consumers: All Items in U.S. City Average,https://fred.stlouisfed.org/series/CPIAUCSL,https://www.bls.gov/cpi/,2026-09-01T00:29:17.085390Z,100 * (CPI_t / CPI_t_minus_12_months - 1)
2015-02-01,us_inflation,us,USA,,United States inflation,-0.08703146,percent_yoy,monthly,FRED_BLS,Consumer Price Index for All Urban Consumers: All Items in U.S. City Average,https://fred.stlouisfed.org/series/CPIAUCSL,https://www.bls.gov/cpi/,2026-09-01T00:29:17.085390Z,100 * (CPI_t / CPI_t_minus_12_months - 1)
2015-03-01,us_inflation,us,USA,,United States inflation,-0.02203128,percent_yoy,monthly,FRED_BLS,Consumer Price Index for All Urban Consumers: All Items in U.S. City Average,https://fred.stlouisfed.org/series/CPIAUCSL,https://www.bls.gov/cpi/,2026-09-01T00:29:17.085390Z,100 * (CPI_t / CPI_t_minus_12_months - 1)
2015-04-01,us_inflation,us,USA,,United States inflation,-0.10403099,percent_yoy,monthly,FRED_BLS,Consumer Price Index for All Urban Consumers: All Items in U.S. City Average,https://fred.stlouisfed.org/series/CPIAUCSL,https://www.bls.gov/cpi/,2026-09-01T00:29:17.085390Z,100 * (CPI_t / CPI_t_minus_12_months - 1)
2015-05-01,us_inflation,us,USA,,United States inflation,0.03503322,percent_yoy,monthly,FRED_BLS,Consumer Price Index for All Urban Consumers: All Items in U.S. City Average,https://fred.stlouisfed.org/series/CPIAUCSL,https://www.bls.gov/cpi/,2026-09-01T00:29:17.085390Z,100 * (CPI_t / CPI_t_minus_12_months - 1)
2015-06-01,us_inflation,us,USA,,United States inflation,0.17957181,percent_yoy,monthly,FRED_BLS,Consumer Price Index for All Urban Consumers: All Items in U.S. City Average,https://fred.stlouisfed.org/series/CPIAUCSL,https://www.bls.gov/cpi/,2026-09-01T00:29:17.085390Z,100 * (CPI_t / CPI_t_minus_12_months - 1)
2015-07-01,us_inflation,us,USA,,United States inflation,0.22568611,percent_yoy,monthly,FRED_BLS,Consumer Price Index for All Urban Consumers: All Items in U.S. City Average,https://fred.stlouisfed.org/series/CPIAUCSL,https://www.bls.gov/cpi/,2026-09-01T00:29:17.085390Z,100 * (CPI_t / CPI_t_minus_12_months - 1)
2015-08-01,us_inflation,us,USA,,United States inflation,0.2413038,percent_yoy,monthly,FRED_BLS,Consumer Price Index for All Urban Consumers: All Items in U.S. City Average,https://fred.stlouisfed.org/series/CPIAUCSL,https://www.bls.gov/cpi/,2026-09-01T00:29:17.085390Z,100 * (CPI_t / CPI_t_minus_12_months - 1)
2015-09-01,us_inflation,us,USA,,United States inflation,0.00884296,percent_yoy,monthly,FRED_BLS,Consumer Price Index for All Urban Consumers: All Items in U.S. City Average,https://fred.stlouisfed.org/series/CPIAUCSL,https://www.bls.gov/cpi/,2026-09-01T00:29:17.085390Z,100 * (CPI_t / CPI_t_minus_12_months - 1)
2015-10-01,us_inflation,us,USA,,United States inflation,0.12761656,percent_yoy,monthly,FRED_BLS,Consumer Price Index for All Urban Consumers: All Items in U.S. City Average,https://fred.stlouisfed.org/series/CPIAUCSL,https://www.bls.gov/cpi/,2026-09-01T00:29:17.085390Z,100 * (CPI_t / CPI_t_minus_12_months - 1)
2015-11-01,us_inflation,us,USA,,United States inflation,0.43631822,percent_yoy,monthly,FRED_BLS,Consumer Price Index for All Urban Consumers: All Items in U.S. City Average,https://fred.stlouisfed.org/series/CPIAUCSL,https://www.bls.gov/cpi/,2026-09-01T00:29:17.085390Z,100 * (CPI_t / CPI_t_minus_12_months - 1)
2015-12-01,us_inflation,us,USA,,United States inflation,0.63872475,percent_yoy,monthly,FRED_BLS,Consumer Price Index for All Urban Consumers: All Items in U.S. City Average,https://fred.stlouisfed.org/series/CPIAUCSL,https://www.bls.gov/cpi/,2026-09-01T00:29:17.085390Z,100 * (CPI_t / CPI_t_minus_12_months - 1)
2016-01-01,us_inflation,us,USA,,United States inflation,1.2375025,percent_yoy,monthly,FRED_BLS,Consumer Price Index for All Urban Consumers: All Items in U.S. City Average,https://fred.stlouisfed.org/series/CPIAUCSL,https://www.bls.gov/cpi/,2026-09-01T00:29:17.085390Z,100 * (CPI_t / CPI_t_minus_12_months - 1)
2016-02-01,us_inflation,us,USA,,United States inflation,0.84727758,percent_yoy,monthly,FRED_BLS,Consumer Price Index for All Urban Consumers: All Items in U.S. City Average,https://fred.stlouisfed.org/series/CPIAUCSL,https://www.bls.gov/cpi/,2026-09-01T00:29:17.085390Z,100 * (CPI_t / CPI_t_minus_12_months - 1)
2016-03-01,us_inflation,us,USA,,United States inflation,0.8916161,percent_yoy,monthly,FRED_BLS,Consumer Price Index for All Urban Consumers: All Items in U.S. City Average,https://fred.stlouisfed.org/series/CPIAUCSL,https://www.bls.gov/cpi/,2026-09-01T00:29:17.085390Z,100 * (CPI_t / CPI_t_minus_12_months - 1)
2016-04-01,us_inflation,us,USA,,United States inflation,1.17262575,percent_yoy,monthly,FRED_BLS,Consumer Price Index for All Urban Consumers: All Items in U.S. City Average,https://fred.stlouisfed.org/series/CPIAUCSL,https://www.bls.gov/cpi/,2026-09-01T00:29:17.085390Z,100 * (CPI_t / CPI_t_minus_12_months - 1)
2016-05-01,us_inflation,us,USA,,United States inflation,1.07847646,percent_yoy,monthly,FRED_BLS,Consumer Price Index for All Urban Consumers: All Items in U.S. City Average,https://fred.stlouisfed.org/series/CPIAUCSL,https://www.bls.gov/cpi/,2026-09-01T00:29:17.085390Z,100 * (CPI_t / CPI_t_minus_12_months - 1)
2016-06-01,us_inflation,us,USA,,United States inflation,1.07928653,percent_yoy,monthly,FRED_BLS,Consumer Price Index for All Urban Consumers: All Items in U.S. City Average,https://fred.stlouisfed.org/series/CPIAUCSL,https://www.bls.gov/cpi/,2026-09-01T00:29:17.085390Z,100 * (CPI_t / CPI_t_minus_12_months - 1)
2016-07-01,us_inflation,us,USA,,United States inflation,0.86836334,percent_yoy,monthly,FRED_BLS,Consumer Price Index for All Urban Consumers: All Items in U.S. City Average,https://fred.stlouisfed.org/series/CPIAUCSL,https://www.bls.gov/cpi/,2026-09-01T00:29:17.085390Z,100 * (CPI_t / CPI_t_minus_12_months - 1)
2016-08-01,us_inflation,us,USA,,United States inflation,1.05531586,percent_yoy,monthly,FRED_BLS,Consumer Price Index for All Urban Consumers: All Items in U.S. City Average,https://fred.stlouisfed.org/series/CPIAUCSL,https://www.bls.gov/cpi/,2026-09-01T00:29:17.085390Z,100 * (CPI_t / CPI_t_minus_12_months - 1)
2016-09-01,us_inflation,us,USA,,United States inflation,1.54864462,percent_yoy,monthly,FRED_BLS,Consumer Price Index for All Urban Consumers: All Items in U.S. City Average,https://fred.stlouisfed.org/series/CPIAUCSL,https://www.bls.gov/cpi/,2026-09-01T00:29:17.085390Z,100 * (CPI_t / CPI_t_minus_12_months - 1)
2016-10-01,us_inflation,us,USA,,United States inflation,1.68592497,percent_yoy,monthly,FRED_BLS,Consumer Price Index for All Urban Consumers: All Items in U.S. City Average,https://fred.stlouisfed.org/series/CPIAUCSL,https://www.bls.gov/cpi/,2026-09-01T00:29:17.085390Z,100 * (CPI_t / CPI_t_minus_12_months - 1)
2016-11-01,us_inflation,us,USA,,United States inflation,1.68433347,percent_yoy,monthly,FRED_BLS,Consumer Price Index for All Urban Consumers: All Items in U.S. City Average,https://fred.stlouisfed.org/series/CPIAUCSL,https://www.bls.gov/cpi/,2026-09-01T00:29:17.085390Z,100 * (CPI_t / CPI_t_minus_12_months - 1)
2016-12-01,us_inflation,us,USA,,United States inflation,2.05079891,percent_yoy,monthly,FRED_BLS,Consumer Price Index for All Urban Consumers: All Items in U.S. City Average,https://fred.stlouisfed.org/series/CPIAUCSL,https://www.bls.gov/cpi/,2026-09-01T00:29:17.085390Z,100 * (CPI_t / CPI_t_minus_12_months - 1)
2017-01-01,us_inflation,us,USA,,United States inflation,2.51039335,percent_yoy,monthly,FRED_BLS,Consumer Price Index for All Urban Consumers: All Items in U.S. City Average,https://fred.stlouisfed.org/series/CPIAUCSL,https://www.bls.gov/cpi/,2026-09-01T00:29:17.085390Z,100 * (CPI_t / CPI_t_minus_12_months - 1)
2017-02-01,us_inflation,us,USA,,United States inflation,2.81036168,percent_yoy,monthly,FRED_BLS,Consumer Price Index for All Urban Consumers: All Items in U.S. City Average,https://fred.stlouisfed.org/series/CPIAUCSL,https://www.bls.gov/cpi/,2026-09-01T00:29:17.085390Z,100 * (CPI_t / CPI_t_minus_12_months - 1)
2017-03-01,us_inflation,us,USA,,United States inflation,2.44119624,percent_yoy,monthly,FRED_BLS,Consumer Price Index for All Urban Consumers: All Items in U.S. City Average,https://fred.stlouisfed.org/series/CPIAUCSL,https://www.bls.gov/cpi/,2026-09-01T00:29:17.085390Z,100 * (CPI_t / CPI_t_minus_12_months - 1)
2017-04-01,us_inflation,us,USA,,United States inflation,2.17622347,percent_yoy,monthly,FRED_BLS,Consumer Price Index for All Urban Consumers: All Items in U.S. City Average,https://fred.stlouisfed.org/series/CPIAUCSL,https://www.bls.gov/cpi/,2026-09-01T00:29:17.085390Z,100 * (CPI_t / CPI_t_minus_12_months - 1)
2017-05-01,us_inflation,us,USA,,United States inflation,1.85634317,percent_yoy,monthly,FRED_BLS,Consumer Price Index for All Urban Consumers: All Items in U.S. City Average,https://fred.stlouisfed.org/series/CPIAUCSL,https://www.bls.gov/cpi/,2026-09-01T00:29:17.085390Z,100 * (CPI_t / CPI_t_minus_12_months - 1)
2017-06-01,us_inflation,us,USA,,United States inflation,1.64056581,percent_yoy,monthly,FRED_BLS,Consumer Price Index for All Urban Consumers: All Items in U.S. City Average,https://fred.stlouisfed.org/series/CPIAUCSL,https://www.bls.gov/cpi/,2026-09-01T00:29:17.085390Z,100 * (CPI_t / CPI_t_minus_12_months - 1)
2017-07-01,us_inflation,us,USA,,United States inflation,1.72510735,percent_yoy,monthly,FRED_BLS,Consumer Price Index for All Urban Consumers: All Items in U.S. City Average,https://fred.stlouisfed.org/series/CPIAUCSL,https://www.bls.gov/cpi/,2026-09-01T00:29:17.085390Z,100 * (CPI_t / CPI_t_minus_12_months - 1)
2017-08-01,us_inflation,us,USA,,United States inflation,1.92812156,percent_yoy,monthly,FRED_BLS,Consumer Price Index for All Urban Consumers: All Items in U.S. City Average,https://fred.stlouisfed.org/series/CPIAUCSL,https://www.bls.gov/cpi/,2026-09-01T00:29:17.085390Z,100 * (CPI_t / CPI_t_minus_12_months - 1)
2017-09-01,us_inflation,us,USA,,United States inflation,2.18056523,percent_yoy,monthly,FRED_BLS,Consumer Price Index for All Urban Consumers: All Items in U.S. City Average,https://fred.stlouisfed.org/series/CPIAUCSL,https://www.bls.gov/cpi/,2026-09-01T00:29:17.085390Z,100 * (CPI_t / CPI_t_minus_12_months - 1)
2017-10-01,us_inflation,us,USA,,United States inflation,2.02075775,percent_yoy,monthly,FRED_BLS,Consumer Price Index for All Urban Consumers: All Items in U.S. City Average,https://fred.stlouisfed.org/series/CPIAUCSL,https://www.bls.gov/cpi/,2026-09-01T00:29:17.085390Z,100 * (CPI_t / CPI_t_minus_12_months - 1)
2017-11-01,us_inflation,us,USA,,United States inflation,2.17249386,percent_yoy,monthly,FRED_BLS,Consumer Price Index for All Urban Consumers: All Items in U.S. City Average,https://fred.stlouisfed.org/series/CPIAUCSL,https://www.bls.gov/cpi/,2026-09-01T00:29:17.085390Z,100 * (CPI_t / CPI_t_minus_12_months - 1)
2017-12-01,us_inflation,us,USA,,United States inflation,2.12993072,percent_yoy,monthly,FRED_BLS,Consumer Price Index for All Urban Consumers: All Items in U.S. City Average,https://fred.stlouisfed.org/series/CPIAUCSL,https://www.bls.gov/cpi/,2026-09-01T00:29:17.085390Z,100 * (CPI_t / CPI_t_minus_12_months - 1)
2018-01-01,us_inflation,us,USA,,United States inflation,2.15131887,percent_yoy,monthly,FRED_BLS,Consumer Price Index for All Urban Consumers: All Items in U.S. City Average,https://fred.stlouisfed.org/series/CPIAUCSL,https://www.bls.gov/cpi/,2026-09-01T00:29:17.085390Z,100 * (CPI_t / CPI_t_minus_12_months - 1)
2018-02-01,us_inflation,us,USA,,United States inflation,2.26346893,percent_yoy,monthly,FRED_BLS,Consumer Price Index for All Urban Consumers: All Items in U.S. City Average,https://fred.stlouisfed.org/series/CPIAUCSL,https://www.bls.gov/cpi/,2026-09-01T00:29:17.085390Z,100 * (CPI_t / CPI_t_minus_12_months - 1)
2018-03-01,us_inflation,us,USA,,United States inflation,2.33094976,percent_yoy,monthly,FRED_BLS,Consumer Price Index for All Urban Consumers: All Items in U.S. City Average,https://fred.stlouisfed.org/series/CPIAUCSL,https://www.bls.gov/cpi/,2026-09-01T00:29:17.085390Z,100 * (CPI_t / CPI_t_minus_12_months - 1)
2018-04-01,us_inflation,us,USA,,United States inflation,2.4709963,percent_yoy,monthly,FRED_BLS,Consumer Price Index for All Urban Consumers: All Items in U.S. City Average,https://fred.stlouisfed.org/series/CPIAUCSL,https://www.bls.gov/cpi/,2026-09-01T00:29:17.085390Z,100 * (CPI_t / CPI_t_minus_12_months - 1)
2018-05-01,us_inflation,us,USA,,United States inflation,2.78192161,percent_yoy,monthly,FRED_BLS,Consumer Price Index for All Urban Consumers: All Items in U.S. City Average,https://fred.stlouisfed.org/series/CPIAUCSL,https://www.bls.gov/cpi/,2026-09-01T00:29:17.085390Z,100 * (CPI_t / CPI_t_minus_12_months - 1)
2018-06-01,us_inflation,us,USA,,United States inflation,2.80755069,percent_yoy,monthly,FRED_BLS,Consumer Price Index for All Urban Consumers: All Items in U.S. City Average,https://fred.stlouisfed.org/series/CPIAUCSL,https://www.bls.gov/cpi/,2026-09-01T00:29:17.085390Z,100 * (CPI_t / CPI_t_minus_12_months - 1)
2018-07-01,us_inflation,us,USA,,United States inflation,2.85412479,percent_yoy,monthly,FRED_BLS,Consumer Price Index for All Urban Consumers: All Items in U.S. City Average,https://fred.stlouisfed.org/series/CPIAUCSL,https://www.bls.gov/cpi/,2026-09-01T00:29:17.085390Z,100 * (CPI_t / CPI_t_minus_12_months - 1)
2018-08-01,us_inflation,us,USA,,United States inflation,2.64292386,percent_yoy,monthly,FRED_BLS,Consumer Price Index for All Urban Consumers: All Items in U.S. City Average,https://fred.stlouisfed.org/series/CPIAUCSL,https://www.bls.gov/cpi/,2026-09-01T00:29:17.085390Z,100 * (CPI_t / CPI_t_minus_12_months - 1)
2018-09-01,us_inflation,us,USA,,United States inflation,2.33205511,percent_yoy,monthly,FRED_BLS,Consumer Price Index for All Urban Consumers: All Items in U.S. City Average,https://fred.stlouisfed.org/series/CPIAUCSL,https://www.bls.gov/cpi/,2026-09-01T00:29:17.085390Z,100 * (CPI_t / CPI_t_minus_12_months - 1)
2018-10-01,us_inflation,us,USA,,United States inflation,2.49203247,percent_yoy,monthly,FRED_BLS,Consumer Price Index for All Urban Consumers: All Items in U.S. City Average,https://fred.stlouisfed.org/series/CPIAUCSL,https://www.bls.gov/cpi/,2026-09-01T00:29:17.085390Z,100 * (CPI_t / CPI_t_minus_12_months - 1)
2018-11-01,us_inflation,us,USA,,United States inflation,2.14732858,percent_yoy,monthly,FRED_BLS,Consumer Price Index for All Urban Consumers: All Items in U.S. City Average,https://fred.stlouisfed.org/series/CPIAUCSL,https://www.bls.gov/cpi/,2026-09-01T00:29:17.085390Z,100 * (CPI_t / CPI_t_minus_12_months - 1)
2018-12-01,us_inflation,us,USA,,United States inflation,2.0023809,percent_yoy,monthly,FRED_BLS,Consumer Price Index for All Urban Consumers: All Items in U.S. City Average,https://fred.stlouisfed.org/series/CPIAUCSL,https://www.bls.gov/cpi/,2026-09-01T00:29:17.085390Z,100 * (CPI_t / CPI_t_minus_12_months - 1)
2019-01-01,us_inflation,us,USA,,United States inflation,1.48758936,percent_yoy,monthly,FRED_BLS,Consumer Price Index for All Urban Consumers: All Items in U.S. City Average,https://fred.stlouisfed.org/series/CPIAUCSL,https://www.bls.gov/cpi/,2026-09-01T00:29:17.085390Z,100 * (CPI_t / CPI_t_minus_12_months - 1)
2019-02-01,us_inflation,us,USA,,United States inflation,1.51886154,percent_yoy,monthly,FRED_BLS,Consumer Price Index for All Urban Consumers: All Items in U.S. City Average,https://fred.stlouisfed.org/series/CPIAUCSL,https://www.bls.gov/cpi/,2026-09-01T00:29:17.085390Z,100 * (CPI_t / CPI_t_minus_12_months - 1)
2019-03-01,us_inflation,us,USA,,United States inflation,1.88318635,percent_yoy,monthly,FRED_BLS,Consumer Price Index for All Urban Consumers: All Items in U.S. City Average,https://fred.stlouisfed.org/series/CPIAUCSL,https://www.bls.gov/cpi/,2026-09-01T00:29:17.085390Z,100 * (CPI_t / CPI_t_minus_12_months - 1)
2019-04-01,us_inflation,us,USA,,United States inflation,2.00058347,percent_yoy,monthly,FRED_BLS,Consumer Price Index for All Urban Consumers: All Items in U.S. City Average,https://fred.stlouisfed.org/series/CPIAUCSL,https://www.bls.gov/cpi/,2026-09-01T00:29:17.085390Z,100 * (CPI_t / CPI_t_minus_12_months - 1)
2019-05-01,us_inflation,us,USA,,United States inflation,1.79591056,percent_yoy,monthly,FRED_BLS,Consumer Price Index for All Urban Consumers: All Items in U.S. City Average,https://fred.stlouisfed.org/series/CPIAUCSL,https://www.bls.gov/cpi/,2026-09-01T00:29:17.085390Z,100 * (CPI_t / CPI_t_minus_12_months - 1)
2019-06-01,us_inflation,us,USA,,United States inflation,1.67119489,percent_yoy,monthly,FRED_BLS,Consumer Price Index for All Urban Consumers: All Items in U.S. City Average,https://fred.stlouisfed.org/series/CPIAUCSL,https://www.bls.gov/cpi/,2026-09-01T00:29:17.085390Z,100 * (CPI_t / CPI_t_minus_12_months - 1)
2019-07-01,us_inflation,us,USA,,United States inflation,1.82633134,percent_yoy,monthly,FRED_BLS,Consumer Price Index for All Urban Consumers: All Items in U.S. City Average,https://fred.stlouisfed.org/series/CPIAUCSL,https://www.bls.gov/cpi/,2026-09-01T00:29:17.085390Z,100 * (CPI_t / CPI_t_minus_12_months - 1)
2019-08-01,us_inflation,us,USA,,United States inflation,1.73764121,percent_yoy,monthly,FRED_BLS,Consumer Price Index for All Urban Consumers: All Items in U.S. City Average,https://fred.stlouisfed.org/series/CPIAUCSL,https://www.bls.gov/cpi/,2026-09-01T00:29:17.085390Z,100 * (CPI_t / CPI_t_minus_12_months - 1)
2019-09-01,us_inflation,us,USA,,United States inflation,1.6844977,percent_yoy,monthly,FRED_BLS,Consumer Price Index for All Urban Consumers: All Items in U.S. City Average,https://fred.stlouisfed.org/series/CPIAUCSL,https://www.bls.gov/cpi/,2026-09-01T00:29:17.085390Z,100 * (CPI_t / CPI_t_minus_12_months - 1)
2019-10-01,us_inflation,us,USA,,United States inflation,1.7339737,percent_yoy,monthly,FRED_BLS,Consumer Price Index for All Urban Consumers: All Items in U.S. City Average,https://fred.stlouisfed.org/series/CPIAUCSL,https://www.bls.gov/cpi/,2026-09-01T00:29:17.085390Z,100 * (CPI_t / CPI_t_minus_12_months - 1)
2019-11-01,us_inflation,us,USA,,United States inflation,2.09229039,percent_yoy,monthly,FRED_BLS,Consumer Price Index for All Urban Consumers: All Items in U.S. City Average,https://fred.stlouisfed.org/series/CPIAUCSL,https://www.bls.gov/cpi/,2026-09-01T00:29:17.085390Z,100 * (CPI_t / CPI_t_minus_12_months - 1)
2019-12-01,us_inflation,us,USA,,United States inflation,2.31952747,percent_yoy,monthly,FRED_BLS,Consumer Price Index for All Urban Consumers: All Items in U.S. City Average,https://fred.stlouisfed.org/series/CPIAUCSL,https://www.bls.gov/cpi/,2026-09-01T00:29:17.085390Z,100 * (CPI_t / CPI_t_minus_12_months - 1)
2020-01-01,us_inflation,us,USA,,United States inflation,2.59976798,percent_yoy,monthly,FRED_BLS,Consumer Price Index for All Urban Consumers: All Items in U.S. City Average,https://fred.stlouisfed.org/series/CPIAUCSL,https://www.bls.gov/cpi/,2026-09-01T00:29:17.085390Z,100 * (CPI_t / CPI_t_minus_12_months - 1)
2020-02-01,us_inflation,us,USA,,United States inflation,2.34131668,percent_yoy,monthly,FRED_BLS,Consumer Price Index for All Urban Consumers: All Items in U.S. City Average,https://fred.stlouisfed.org/series/CPIAUCSL,https://www.bls.gov/cpi/,2026-09-01T00:29:17.085390Z,100 * (CPI_t / CPI_t_minus_12_months - 1)
2020-03-01,us_inflation,us,USA,,United States inflation,1.49403996,percent_yoy,monthly,FRED_BLS,Consumer Price Index for All Urban Consumers: All Items in U.S. City Average,https://fred.stlouisfed.org/series/CPIAUCSL,https://www.bls.gov/cpi/,2026-09-01T00:29:17.085390Z,100 * (CPI_t / CPI_t_minus_12_months - 1)
2020-04-01,us_inflation,us,USA,,United States inflation,0.31304729,percent_yoy,monthly,FRED_BLS,Consumer Price Index for All Urban Consumers: All Items in U.S. City Average,https://fred.stlouisfed.org/series/CPIAUCSL,https://www.bls.gov/cpi/,2026-09-01T00:29:17.085390Z,100 * (CPI_t / CPI_t_minus_12_months - 1)
2020-05-01,us_inflation,us,USA,,United States inflation,0.1982013,percent_yoy,monthly,FRED_BLS,Consumer Price Index for All Urban Consumers: All Items in U.S. City Average,https://fred.stlouisfed.org/series/CPIAUCSL,https://www.bls.gov/cpi/,2026-09-01T00:29:17.085390Z,100 * (CPI_t / CPI_t_minus_12_months - 1)
2020-06-01,us_inflation,us,USA,,United States inflation,0.71665628,percent_yoy,monthly,FRED_BLS,Consumer Price Index for All Urban Consumers: All Items in U.S. City Average,https://fred.stlouisfed.org/series/CPIAUCSL,https://www.bls.gov/cpi/,2026-09-01T00:29:17.085390Z,100 * (CPI_t / CPI_t_minus_12_months - 1)
2020-07-01,us_inflation,us,USA,,United States inflation,0.99686476,percent_yoy,monthly,FRED_BLS,Consumer Price Index for All Urban Consumers: All Items in U.S. City Average,https://fred.stlouisfed.org/series/CPIAUCSL,https://www.bls.gov/cpi/,2026-09-01T00:29:17.085390Z,100 * (CPI_t / CPI_t_minus_12_months - 1)
2020-08-01,us_inflation,us,USA,,United States inflation,1.28106985,percent_yoy,monthly,FRED_BLS,Consumer Price Index for All Urban Consumers: All Items in U.S. City Average,https://fred.stlouisfed.org/series/CPIAUCSL,https://www.bls.gov/cpi/,2026-09-01T00:29:17.085390Z,100 * (CPI_t / CPI_t_minus_12_months - 1)
2020-09-01,us_inflation,us,USA,,United States inflation,1.39102289,percent_yoy,monthly,FRED_BLS,Consumer Price Index for All Urban Consumers: All Items in U.S. City Average,https://fred.stlouisfed.org/series/CPIAUCSL,https://www.bls.gov/cpi/,2026-09-01T00:29:17.085390Z,100 * (CPI_t / CPI_t_minus_12_months - 1)
2020-10-01,us_inflation,us,USA,,United States inflation,1.23038634,percent_yoy,monthly,FRED_BLS,Consumer Price Index for All Urban Consumers: All Items in U.S. City Average,https://fred.stlouisfed.org/series/CPIAUCSL,https://www.bls.gov/cpi/,2026-09-01T00:29:17.085390Z,100 * (CPI_t / CPI_t_minus_12_months - 1)
2020-11-01,us_inflation,us,USA,,United States inflation,1.17574521,percent_yoy,monthly,FRED_BLS,Consumer Price Index for All Urban Consumers: All Items in U.S. City Average,https://fred.stlouisfed.org/series/CPIAUCSL,https://www.bls.gov/cpi/,2026-09-01T00:29:17.085390Z,100 * (CPI_t / CPI_t_minus_12_months - 1)
2020-12-01,us_inflation,us,USA,,United States inflation,1.32041913,percent_yoy,monthly,FRED_BLS,Consumer Price Index for All Urban Consumers: All Items in U.S. City Average,https://fred.stlouisfed.org/series/CPIAUCSL,https://www.bls.gov/cpi/,2026-09-01T00:29:17.085390Z,100 * (CPI_t / CPI_t_minus_12_months - 1)
2021-01-01,us_inflation,us,USA,,United States inflation,1.37384371,percent_yoy,monthly,FRED_BLS,Consumer Price Index for All Urban Consumers: All Items in U.S. City Average,https://fred.stlouisfed.org/series/CPIAUCSL,https://www.bls.gov/cpi/,2026-09-01T00:29:17.085390Z,100 * (CPI_t / CPI_t_minus_12_months - 1)
2021-02-01,us_inflation,us,USA,,United States inflation,1.66981678,percent_yoy,monthly,FRED_BLS,Consumer Price Index for All Urban Consumers: All Items in U.S. City Average,https://fred.stlouisfed.org/series/CPIAUCSL,https://www.bls.gov/cpi/,2026-09-01T00:29:17.085390Z,100 * (CPI_t / CPI_t_minus_12_months - 1)
2021-03-01,us_inflation,us,USA,,United States inflation,2.66781878,percent_yoy,monthly,FRED_BLS,Consumer Price Index for All Urban Consumers: All Items in U.S. City Average,https://fred.stlouisfed.org/series/CPIAUCSL,https://www.bls.gov/cpi/,2026-09-01T00:29:17.085390Z,100 * (CPI_t / CPI_t_minus_12_months - 1)
2021-04-01,us_inflation,us,USA,,United States inflation,4.13307712,percent_yoy,monthly,FRED_BLS,Consumer Price Index for All Urban Consumers: All Items in U.S. City Average,https://fred.stlouisfed.org/series/CPIAUCSL,https://www.bls.gov/cpi/,2026-09-01T00:29:17.085390Z,100 * (CPI_t / CPI_t_minus_12_months - 1)
2021-05-01,us_inflation,us,USA,,United States inflation,4.91825709,percent_yoy,monthly,FRED_BLS,Consumer Price Index for All Urban Consumers: All Items in U.S. City Average,https://fred.stlouisfed.org/series/CPIAUCSL,https://www.bls.gov/cpi/,2026-09-01T00:29:17.085390Z,100 * (CPI_t / CPI_t_minus_12_months - 1)
2021-06-01,us_inflation,us,USA,,United States inflation,5.29563262,percent_yoy,monthly,FRED_BLS,Consumer Price Index for All Urban Consumers: All Items in U.S. City Average,https://fred.stlouisfed.org/series/CPIAUCSL,https://www.bls.gov/cpi/,2026-09-01T00:29:17.085390Z,100 * (CPI_t / CPI_t_minus_12_months - 1)
2021-07-01,us_inflation,us,USA,,United States inflation,5.24516938,percent_yoy,monthly,FRED_BLS,Consumer Price Index for All Urban Consumers: All Items in U.S. City Average,https://fred.stlouisfed.org/series/CPIAUCSL,https://www.bls.gov/cpi/,2026-09-01T00:29:17.085390Z,100 * (CPI_t / CPI_t_minus_12_months - 1)
2021-08-01,us_inflation,us,USA,,United States inflation,5.1520153,percent_yoy,monthly,FRED_BLS,Consumer Price Index for All Urban Consumers: All Items in U.S. City Average,https://fred.stlouisfed.org/series/CPIAUCSL,https://www.bls.gov/cpi/,2026-09-01T00:29:17.085390Z,100 * (CPI_t / CPI_t_minus_12_months - 1)
2021-09-01,us_inflation,us,USA,,United States inflation,5.35121559,percent_yoy,monthly,FRED_BLS,Consumer Price Index for All Urban Consumers: All Items in U.S. City Average,https://fred.stlouisfed.org/series/CPIAUCSL,https://www.bls.gov/cpi/,2026-09-01T00:29:17.085390Z,100 * (CPI_t / CPI_t_minus_12_months - 1)
2021-10-01,us_inflation,us,USA,,United States inflation,6.23504239,percent_yoy,monthly,FRED_BLS,Consumer Price Index for All Urban Consumers: All Items in U.S. City Average,https://fred.stlouisfed.org/series/CPIAUCSL,https://www.bls.gov/cpi/,2026-09-01T00:29:17.085390Z,100 * (CPI_t / CPI_t_minus_12_months - 1)
2021-11-01,us_inflation,us,USA,,United States inflation,6.9019704,percent_yoy,monthly,FRED_BLS,Consumer Price Index for All Urban Consumers: All Items in U.S. City Average,https://fred.stlouisfed.org/series/CPIAUCSL,https://www.bls.gov/cpi/,2026-09-01T00:29:17.085390Z,100 * (CPI_t / CPI_t_minus_12_months - 1)
2021-12-01,us_inflation,us,USA,,United States inflation,7.17434029,percent_yoy,monthly,FRED_BLS,Consumer Price Index for All Urban Consumers: All Items in U.S. City Average,https://fred.stlouisfed.org/series/CPIAUCSL,https://www.bls.gov/cpi/,2026-09-01T00:29:17.085390Z,100 * (CPI_t / CPI_t_minus_12_months - 1)
2022-01-01,us_inflation,us,USA,,United States inflation,7.55880573,percent_yoy,monthly,FRED_BLS,Consumer Price Index for All Urban Consumers: All Items in U.S. City Average,https://fred.stlouisfed.org/series/CPIAUCSL,https://www.bls.gov/cpi/,2026-09-01T00:29:17.085390Z,100 * (CPI_t / CPI_t_minus_12_months - 1)
2022-02-01,us_inflation,us,USA,,United States inflation,7.93727877,percent_yoy,monthly,FRED_BLS,Consumer Price Index for All Urban Consumers: All Items in U.S. City Average,https://fred.stlouisfed.org/series/CPIAUCSL,https://www.bls.gov/cpi/,2026-09-01T00:29:17.085390Z,100 * (CPI_t / CPI_t_minus_12_months - 1)
2022-03-01,us_inflation,us,USA,,United States inflation,8.57220497,percent_yoy,monthly,FRED_BLS,Consumer Price Index for All Urban Consumers: All Items in U.S. City Average,https://fred.stlouisfed.org/series/CPIAUCSL,https://www.bls.gov/cpi/,2026-09-01T00:29:17.085390Z,100 * (CPI_t / CPI_t_minus_12_months - 1)
2022-04-01,us_inflation,us,USA,,United States inflation,8.23175077,percent_yoy,monthly,FRED_BLS,Consumer Price Index for All Urban Consumers: All Items in U.S. City Average,https://fred.stlouisfed.org/series/CPIAUCSL,https://www.bls.gov/cpi/,2026-09-01T00:29:17.085390Z,100 * (CPI_t / CPI_t_minus_12_months - 1)
2022-05-01,us_inflation,us,USA,,United States inflation,8.5381712,percent_yoy,monthly,FRED_BLS,Consumer Price Index for All Urban Consumers: All Items in U.S. City Average,https://fred.stlouisfed.org/series/CPIAUCSL,https://www.bls.gov/cpi/,2026-09-01T00:29:17.085390Z,100 * (CPI_t / CPI_t_minus_12_months - 1)
2022-06-01,us_inflation,us,USA,,United States inflation,8.9793611,percent_yoy,monthly,FRED_BLS,Consumer Price Index for All Urban Consumers: All Items in U.S. City Average,https://fred.stlouisfed.org/series/CPIAUCSL,https://www.bls.gov/cpi/,2026-09-01T00:29:17.085390Z,100 * (CPI_t / CPI_t_minus_12_months - 1)
2022-07-01,us_inflation,us,USA,,United States inflation,8.46257673,percent_yoy,monthly,FRED_BLS,Consumer Price Index for All Urban Consumers: All Items in U.S. City Average,https://fred.stlouisfed.org/series/CPIAUCSL,https://www.bls.gov/cpi/,2026-09-01T00:29:17.085390Z,100 * (CPI_t / CPI_t_minus_12_months - 1)
2022-08-01,us_inflation,us,USA,,United States inflation,8.22257918,percent_yoy,monthly,FRED_BLS,Consumer Price Index for All Urban Consumers: All Items in U.S. City Average,https://fred.stlouisfed.org/series/CPIAUCSL,https://www.bls.gov/cpi/,2026-09-01T00:29:17.085390Z,100 * (CPI_t / CPI_t_minus_12_months - 1)
2022-09-01,us_inflation,us,USA,,United States inflation,8.1921069,percent_yoy,monthly,FRED_BLS,Consumer Price Index for All Urban Consumers: All Items in U.S. City Average,https://fred.stlouisfed.org/series/CPIAUCSL,https://www.bls.gov/cpi/,2026-09-01T00:29:17.085390Z,100 * (CPI_t / CPI_t_minus_12_months - 1)
2022-10-01,us_inflation,us,USA,,United States inflation,7.75881396,percent_yoy,monthly,FRED_BLS,Consumer Price Index for All Urban Consumers: All Items in U.S. City Average,https://fred.stlouisfed.org/series/CPIAUCSL,https://www.bls.gov/cpi/,2026-09-01T00:29:17.085390Z,100 * (CPI_t / CPI_t_minus_12_months - 1)
2022-11-01,us_inflation,us,USA,,United States inflation,7.12285646,percent_yoy,monthly,FRED_BLS,Consumer Price Index for All Urban Consumers: All Items in U.S. City Average,https://fred.stlouisfed.org/series/CPIAUCSL,https://www.bls.gov/cpi/,2026-09-01T00:29:17.085390Z,100 * (CPI_t / CPI_t_minus_12_months - 1)
2022-12-01,us_inflation,us,USA,,United States inflation,6.4046004,percent_yoy,monthly,FRED_BLS,Consumer Price Index for All Urban Consumers: All Items in U.S. City Average,https://fred.stlouisfed.org/series/CPIAUCSL,https://www.bls.gov/cpi/,2026-09-01T00:29:17.085390Z,100 * (CPI_t / CPI_t_minus_12_months - 1)
2023-01-01,us_inflation,us,USA,,United States inflation,6.32717852,percent_yoy,monthly,FRED_BLS,Consumer Price Index for All Urban Consumers: All Items in U.S. City Average,https://fred.stlouisfed.org/series/CPIAUCSL,https://www.bls.gov/cpi/,2026-09-01T00:29:17.085390Z,100 * (CPI_t / CPI_t_minus_12_months - 1)
2023-02-01,us_inflation,us,USA,,United States inflation,5.95782074,percent_yoy,monthly,FRED_BLS,Consumer Price Index for All Urban Consumers: All Items in U.S. City Average,https://fred.stlouisfed.org/series/CPIAUCSL,https://www.bls.gov/cpi/,2026-09-01T00:29:17.085390Z,100 * (CPI_t / CPI_t_minus_12_months - 1)
2023-03-01,us_inflation,us,USA,,United States inflation,4.91771936,percent_yoy,monthly,FRED_BLS,Consumer Price Index for All Urban Consumers: All Items in U.S. City Average,https://fred.stlouisfed.org/series/CPIAUCSL,https://www.bls.gov/cpi/,2026-09-01T00:29:17.085390Z,100 * (CPI_t / CPI_t_minus_12_months - 1)
2023-04-01,us_inflation,us,USA,,United States inflation,4.95007988,percent_yoy,monthly,FRED_BLS,Consumer Price Index for All Urban Consumers: All Items in U.S. City Average,https://fred.stlouisfed.org/series/CPIAUCSL,https://www.bls.gov/cpi/,2026-09-01T00:29:17.085390Z,100 * (CPI_t / CPI_t_minus_12_months - 1)
2023-05-01,us_inflation,us,USA,,United States inflation,4.13185123,percent_yoy,monthly,FRED_BLS,Consumer Price Index for All Urban Consumers: All Items in U.S. City Average,https://fred.stlouisfed.org/series/CPIAUCSL,https://www.bls.gov/cpi/,2026-09-01T00:29:17.085390Z,100 * (CPI_t / CPI_t_minus_12_months - 1)
2023-06-01,us_inflation,us,USA,,United States inflation,3.07061707,percent_yoy,monthly,FRED_BLS,Consumer Price Index for All Urban Consumers: All Items in U.S. City Average,https://fred.stlouisfed.org/series/CPIAUCSL,https://www.bls.gov/cpi/,2026-09-01T00:29:17.085390Z,100 * (CPI_t / CPI_t_minus_12_months - 1)
2023-07-01,us_inflation,us,USA,,United States inflation,3.28774927,percent_yoy,monthly,FRED_BLS,Consumer Price Index for All Urban Consumers: All Items in U.S. City Average,https://fred.stlouisfed.org/series/CPIAUCSL,https://www.bls.gov/cpi/,2026-09-01T00:29:17.085390Z,100 * (CPI_t / CPI_t_minus_12_months - 1)
2023-08-01,us_inflation,us,USA,,United States inflation,3.7225048,percent_yoy,monthly,FRED_BLS,Consumer Price Index for All Urban Consumers: All Items in U.S. City Average,https://fred.stlouisfed.org/series/CPIAUCSL,https://www.bls.gov/cpi/,2026-09-01T00:29:17.085390Z,100 * (CPI_t / CPI_t_minus_12_months - 1)
2023-09-01,us_inflation,us,USA,,United States inflation,3.68720664,percent_yoy,monthly,FRED_BLS,Consumer Price Index for All Urban Consumers: All Items in U.S. City Average,https://fred.stlouisfed.org/series/CPIAUCSL,https://www.bls.gov/cpi/,2026-09-01T00:29:17.085390Z,100 * (CPI_t / CPI_t_minus_12_months - 1)
2023-10-01,us_inflation,us,USA,,United States inflation,3.25126591,percent_yoy,monthly,FRED_BLS,Consumer Price Index for All Urban Consumers: All Items in U.S. City Average,https://fred.stlouisfed.org/series/CPIAUCSL,https://www.bls.gov/cpi/,2026-09-01T00:29:17.085390Z,100 * (CPI_t / CPI_t_minus_12_months - 1)
2023-11-01,us_inflation,us,USA,,United States inflation,3.13334627,percent_yoy,monthly,FRED_BLS,Consumer Price Index for All Urban Consumers: All Items in U.S. City Average,https://fred.stlouisfed.org/series/CPIAUCSL,https://www.bls.gov/cpi/,2026-09-01T00:29:17.085390Z,100 * (CPI_t / CPI_t_minus_12_months - 1)
2023-12-01,us_inflation,us,USA,,United States inflation,3.31590994,percent_yoy,monthly,FRED_BLS,Consumer Price Index for All Urban Consumers: All Items in U.S. City Average,https://fred.stlouisfed.org/series/CPIAUCSL,https://www.bls.gov/cpi/,2026-09-01T00:29:17.085390Z,100 * (CPI_t / CPI_t_minus_12_months - 1)
2024-01-01,us_inflation,us,USA,,United States inflation,3.08834299,percent_yoy,monthly,FRED_BLS,Consumer Price Index for All Urban Consumers: All Items in U.S. City Average,https://fred.stlouisfed.org/series/CPIAUCSL,https://www.bls.gov/cpi/,2026-09-01T00:29:17.085390Z,100 * (CPI_t / CPI_t_minus_12_months - 1)
2024-02-01,us_inflation,us,USA,,United States inflation,3.15707414,percent_yoy,monthly,FRED_BLS,Consumer Price Index for All Urban Consumers: All Items in U.S. City Average,https://fred.stlouisfed.org/series/CPIAUCSL,https://www.bls.gov/cpi/,2026-09-01T00:29:17.085390Z,100 * (CPI_t / CPI_t_minus_12_months - 1)
2024-03-01,us_inflation,us,USA,,United States inflation,3.48683491,percent_yoy,monthly,FRED_BLS,Consumer Price Index for All Urban Consumers: All Items in U.S. City Average,https://fred.stlouisfed.org/series/CPIAUCSL,https://www.bls.gov/cpi/,2026-09-01T00:29:17.085390Z,100 * (CPI_t / CPI_t_minus_12_months - 1)
2024-04-01,us_inflation,us,USA,,United States inflation,3.36079513,percent_yoy,monthly,FRED_BLS,Consumer Price Index for All Urban Consumers: All Items in U.S. City Average,https://fred.stlouisfed.org/series/CPIAUCSL,https://www.bls.gov/cpi/,2026-09-01T00:29:17.085390Z,100 * (CPI_t / CPI_t_minus_12_months - 1)
2024-05-01,us_inflation,us,USA,,United States inflation,3.24427858,percent_yoy,monthly,FRED_BLS,Consumer Price Index for All Urban Consumers: All Items in U.S. City Average,https://fred.stlouisfed.org/series/CPIAUCSL,https://www.bls.gov/cpi/,2026-09-01T00:29:17.085390Z,100 * (CPI_t / CPI_t_minus_12_months - 1)
2024-06-01,us_inflation,us,USA,,United States inflation,2.97025795,percent_yoy,monthly,FRED_BLS,Consumer Price Index for All Urban Consumers: All Items in U.S. City Average,https://fred.stlouisfed.org/series/CPIAUCSL,https://www.bls.gov/cpi/,2026-09-01T00:29:17.085390Z,100 * (CPI_t / CPI_t_minus_12_months - 1)
2024-07-01,us_inflation,us,USA,,United States inflation,2.94147579,percent_yoy,monthly,FRED_BLS,Consumer Price Index for All Urban Consumers: All Items in U.S. City Average,https://fred.stlouisfed.org/series/CPIAUCSL,https://www.bls.gov/cpi/,2026-09-01T00:29:17.085390Z,100 * (CPI_t / CPI_t_minus_12_months - 1)
2024-08-01,us_inflation,us,USA,,United States inflation,2.60714449,percent_yoy,monthly,FRED_BLS,Consumer Price Index for All Urban Consumers: All Items in U.S. City Average,https://fred.stlouisfed.org/series/CPIAUCSL,https://www.bls.gov/cpi/,2026-09-01T00:29:17.085390Z,100 * (CPI_t / CPI_t_minus_12_months - 1)
2024-09-01,us_inflation,us,USA,,United States inflation,2.42648303,percent_yoy,monthly,FRED_BLS,Consumer Price Index for All Urban Consumers: All Items in U.S. City Average,https://fred.stlouisfed.org/series/CPIAUCSL,https://www.bls.gov/cpi/,2026-09-01T00:29:17.085390Z,100 * (CPI_t / CPI_t_minus_12_months - 1)
2024-10-01,us_inflation,us,USA,,United States inflation,2.57884405,percent_yoy,monthly,FRED_BLS,Consumer Price Index for All Urban Consumers: All Items in U.S. City Average,https://fred.stlouisfed.org/series/CPIAUCSL,https://www.bls.gov/cpi/,2026-09-01T00:29:17.085390Z,100 * (CPI_t / CPI_t_minus_12_months - 1)
2024-11-01,us_inflation,us,USA,,United States inflation,2.71947246,percent_yoy,monthly,FRED_BLS,Consumer Price Index for All Urban Consumers: All Items in U.S. City Average,https://fred.stlouisfed.org/series/CPIAUCSL,https://www.bls.gov/cpi/,2026-09-01T00:29:17.085390Z,100 * (CPI_t / CPI_t_minus_12_months - 1)
2024-12-01,us_inflation,us,USA,,United States inflation,2.87069097,percent_yoy,monthly,FRED_BLS,Consumer Price Index for All Urban Consumers: All Items in U.S. City Average,https://fred.stlouisfed.org/series/CPIAUCSL,https://www.bls.gov/cpi/,2026-09-01T00:29:17.085390Z,100 * (CPI_t / CPI_t_minus_12_months - 1)
2025-01-01,us_inflation,us,USA,,United States inflation,2.99097831,percent_yoy,monthly,FRED_BLS,Consumer Price Index for All Urban Consumers: All Items in U.S. City Average,https://fred.stlouisfed.org/series/CPIAUCSL,https://www.bls.gov/cpi/,2026-09-01T00:29:17.085390Z,100 * (CPI_t / CPI_t_minus_12_months - 1)
2025-02-01,us_inflation,us,USA,,United States inflation,2.80158345,percent_yoy,monthly,FRED_BLS,Consumer Price Index for All Urban Consumers: All Items in U.S. City Average,https://fred.stlouisfed.org/series/CPIAUCSL,https://www.bls.gov/cpi/,2026-09-01T00:29:17.085390Z,100 * (CPI_t / CPI_t_minus_12_months - 1)
2025-03-01,us_inflation,us,USA,,United States inflation,2.38198146,percent_yoy,monthly,FRED_BLS,Consumer Price Index for All Urban Consumers: All Items in U.S. City Average,https://fred.stlouisfed.org/series/CPIAUCSL,https://www.bls.gov/cpi/,2026-09-01T00:29:17.085390Z,100 * (CPI_t / CPI_t_minus_12_months - 1)
2025-04-01,us_inflation,us,USA,,United States inflation,2.32538823,percent_yoy,monthly,FRED_BLS,Consumer Price Index for All Urban Consumers: All Items in U.S. City Average,https://fred.stlouisfed.org/series/CPIAUCSL,https://www.bls.gov/cpi/,2026-09-01T00:29:17.085390Z,100 * (CPI_t / CPI_t_minus_12_months - 1)
2025-05-01,us_inflation,us,USA,,United States inflation,2.37726511,percent_yoy,monthly,FRED_BLS,Consumer Price Index for All Urban Consumers: All Items in U.S. City Average,https://fred.stlouisfed.org/series/CPIAUCSL,https://www.bls.gov/cpi/,2026-09-01T00:29:17.085390Z,100 * (CPI_t / CPI_t_minus_12_months - 1)
2025-06-01,us_inflation,us,USA,,United States inflation,2.68045387,percent_yoy,monthly,FRED_BLS,Consumer Price Index for All Urban Consumers: All Items in U.S. City Average,https://fred.stlouisfed.org/series/CPIAUCSL,https://www.bls.gov/cpi/,2026-09-01T00:29:17.085390Z,100 * (CPI_t / CPI_t_minus_12_months - 1)
2025-07-01,us_inflation,us,USA,,United States inflation,2.74261805,percent_yoy,monthly,FRED_BLS,Consumer Price Index for All Urban Consumers: All Items in U.S. City Average,https://fred.stlouisfed.org/series/CPIAUCSL,https://www.bls.gov/cpi/,2026-09-01T00:29:17.085390Z,100 * (CPI_t / CPI_t_minus_12_months - 1)
2025-08-01,us_inflation,us,USA,,United States inflation,2.93859174,percent_yoy,monthly,FRED_BLS,Consumer Price Index for All Urban Consumers: All Items in U.S. City Average,https://fred.stlouisfed.org/series/CPIAUCSL,https://www.bls.gov/cpi/,2026-09-01T00:29:17.085390Z,100 * (CPI_t / CPI_t_minus_12_months - 1)
2025-09-01,us_inflation,us,USA,,United States inflation,3.02257158,percent_yoy,monthly,FRED_BLS,Consumer Price Index for All Urban Consumers: All Items in U.S. City Average,https://fred.stlouisfed.org/series/CPIAUCSL,https://www.bls.gov/cpi/,2026-09-01T00:29:17.085390Z,100 * (CPI_t / CPI_t_minus_12_months - 1)
2025-11-01,us_inflation,us,USA,,United States inflation,2.69644392,percent_yoy,monthly,FRED_BLS,Consumer Price Index for All Urban Consumers: All Items in U.S. City Average,https://fred.stlouisfed.org/series/CPIAUCSL,https://www.bls.gov/cpi/,2026-09-01T00:29:17.085390Z,100 * (CPI_t / CPI_t_minus_12_months - 1)
2025-12-01,us_inflation,us,USA,,United States inflation,2.65330411,percent_yoy,monthly,FRED_BLS,Consumer Price Index for All Urban Consumers: All Items in U.S. City Average,https://fred.stlouisfed.org/series/CPIAUCSL,https://www.bls.gov/cpi/,2026-09-01T00:29:17.085390Z,100 * (CPI_t / CPI_t_minus_12_months - 1)
2026-01-01,us_inflation,us,USA,,United States inflation,2.39120143,percent_yoy,monthly,FRED_BLS,Consumer Price Index for All Urban Consumers: All Items in U.S. City Average,https://fred.stlouisfed.org/series/CPIAUCSL,https://www.bls.gov/cpi/,2026-09-01T00:29:17.085390Z,100 * (CPI_t / CPI_t_minus_12_months - 1)
2026-02-01,us_inflation,us,USA,,United States inflation,2.43400411,percent_yoy,monthly,FRED_BLS,Consumer Price Index for All Urban Consumers: All Items in U.S. City Average,https://fred.stlouisfed.org/series/CPIAUCSL,https://www.bls.gov/cpi/,2026-09-01T00:29:17.085390Z,100 * (CPI_t / CPI_t_minus_12_months - 1)
2026-03-01,us_inflation,us,USA,,United States inflation,3.28595775,percent_yoy,monthly,FRED_BLS,Consumer Price Index for All Urban Consumers: All Items in U.S. City Average,https://fred.stlouisfed.org/series/CPIAUCSL,https://www.bls.gov/cpi/,2026-09-01T00:29:17.085390Z,100 * (CPI_t / CPI_t_minus_12_months - 1)
2026-04-01,us_inflation,us,USA,,United States inflation,3.77924584,percent_yoy,monthly,FRED_BLS,Consumer Price Index for All Urban Consumers: All Items in U.S. City Average,https://fred.stlouisfed.org/series/CPIAUCSL,https://www.bls.gov/cpi/,2026-09-01T00:29:17.085390Z,100 * (CPI_t / CPI_t_minus_12_months - 1)
2026-05-01,us_inflation,us,USA,,United States inflation,4.16661468,percent_yoy,monthly,FRED_BLS,Consumer Price Index for All Urban Consumers: All Items in U.S. City Average,https://fred.stlouisfed.org/series/CPIAUCSL,https://www.bls.gov/cpi/,2026-09-01T00:29:17.085390Z,100 * (CPI_t / CPI_t_minus_12_months - 1)
2026-06-01,us_inflation,us,USA,,United States inflation,3.46353073,percent_yoy,monthly,FRED_BLS,Consumer Price Index for All Urban Consumers: All Items in U.S. City Average,https://fred.stlouisfed.org/series/CPIAUCSL,https://www.bls.gov/cpi/,2026-09-01T00:29:17.085390Z,100 * (CPI_t / CPI_t_minus_12_months - 1)
2026-07-01,us_inflation,us,USA,,United States inflation,3.30385605,percent_yoy,monthly,FRED_BLS,Consumer Price Index for All Urban Consumers: All Items in U.S. City Average,https://fred.stlouisfed.org/series/CPIAUCSL,https://www.bls.gov/cpi/,2026-09-01T00:29:17.085390Z,100 * (CPI_t / CPI_t_minus_12_months - 1)
